Date,Close,High,Low,Open,Volume,20d_std,10d_ema,10d_roc,20d_sma,bb_upper,bb_lower,vol_pct_change,vol_spike,macd_line,signal_line,macd_hist
2011-03-22,30.427892684936523,30.51716903980472,27.595313549480508,28.99131275509204,491400,,30.427892684936523,,,,,,0,0.0,0.0,0.0
2011-03-23,30.23309326171875,30.67948730810601,29.989605881517512,30.087000214376005,601200,,30.392474607987836,,,,,22.344322344322354,0,-0.01553955512848404,-0.003107911025696808,-0.012431644102787232
2011-03-24,30.23309326171875,30.43599992790478,30.151931833688344,30.43599992790478,230400,,30.363496181393455,,,,,-61.67664670658682,0,-0.02753733131030245,-0.007993795082617937,-0.01954353622768451
2011-03-25,31.856351852416992,31.856351852416992,30.233098254841604,30.43600495453853,497400,,30.634924485215915,,,,,115.88541666666666,0,0.09286723112499828,0.01217841015890531,0.08068882096609298
2011-03-28,30.63891220092773,31.653445717514742,30.63891220092773,31.653445717514742,53100,,30.635649524436246,,,,,-89.32448733413752,0,0.0890252809925407,0.027547784325632388,0.06147749666690831
2011-03-29,30.43599510192871,30.80122766237376,30.41164729660222,30.64701663901389,269300,,30.599348720343965,,,,,407.15630885122414,0,0.06881355397724676,0.03580093825595526,0.033012615721291494
2011-03-30,31.004150390625,31.239522951327977,29.689315586602284,30.80124365128336,8573500,,30.672949024031425,,,,,3083.6242109171926,0,0.09751688428602634,0.04814412746196948,0.04937275682405686
2011-03-31,33.682498931884766,34.688917129727976,30.841806250882435,31.207038786233166,2653000,,31.220139916368396,,,,,-69.05581151221789,0,0.3325513784542409,0.10502557766042377,0.22752580079381712
2011-04-01,32.49753189086914,34.44543399810642,32.33520594123854,33.268577829532006,2222900,,31.452393002641255,,,,,-16.211835657745944,0,0.41837816829471564,0.16769609578728217,0.25068207250743346
2011-04-04,32.5867919921875,33.29290589378924,31.767047825956443,32.35141965961754,1122700,,31.658647364376932,,,,,-49.49390435917045,0,0.4879740012572924,0.23175167688128423,0.25622232437600817
2011-04-05,32.66796875,32.732900360356204,31.4342960182184,32.08359664123251,1373400,,31.842160343581128,7.361916542358649,,,,22.330097087378633,0,0.5434153325348703,0.2940844080120015,0.2493309245228688
2011-04-06,32.20534896850586,32.71667467649826,31.75083688405592,32.35144202793226,2080100,,31.908194639021985,6.523499562925594,,,,51.45623998835007,0,0.5437553635586845,0.3440185991213381,0.1997367644373464
2011-04-07,31.491107940673828,31.85634048906976,30.44410900064196,31.0447139797941,2134600,,31.832360693867777,4.161051825113704,,,,2.620066342964278,0,0.48084863506300835,0.3713846063096722,0.10946402875333616
2011-04-08,31.247634887695312,31.556053969082303,31.00414744285752,31.10965980419454,1307200,,31.726046910927327,-1.9108181864066598,,,,-38.761360442237425,0,0.4066606283394698,0.3784398107156317,0.0282208176238381
2011-04-11,31.101543426513672,31.31256816021299,31.06907760654285,31.24763652027136,1563100,,31.612500822852116,1.509946640899118,,,,19.576193390452868,0,0.33224779279697003,0.36920140713189936,-0.03695361433492933
2011-04-12,30.882387161254883,31.182688094049297,30.56585332721356,30.76875994863588,1637500,,31.479752884379888,1.4666583360630314,,,,4.759772247456984,0,0.2526782874618654,0.3458967831978926,-0.0932184957360272
2011-04-13,30.8418025970459,31.14210349226452,30.257430609715428,30.60643020258124,1649100,,31.363761923046432,-0.5236324541510129,,,,0.7083969465648821,0,0.1842204671916292,0.3135615199966399,-0.12934105280501068
2011-04-14,31.46676445007324,31.945624280039343,30.72006634919447,30.760650157109616,1232400,,31.382489655233123,-6.578296005567608,,,,-25.268328179006726,0,0.1783405510710736,0.28651732621152665,-0.10817677514045304
2011-04-15,32.57868194580078,33.07377452610891,31.49922048535471,31.5641489848772,1502100,,31.59997916260906,0.2497114402538303,,,,21.884128529698145,0,0.2604013793985196,0.28129413684892524,-0.02089275745040564
2011-04-18,32.505645751953125,32.64362388834973,31.320671621064047,32.01867101479895,793700,0.9895020608849235,31.76464581521707,-0.2490157369704593,31.529259872436523,33.50826399420637,29.550255750666675,-47.160641768191205,0,0.31590026499600654,0.2882153624783415,0.027684902517665033
2011-04-19,32.2865104675293,32.56246368076076,32.05114106786063,32.53000096446492,802400,0.9676577260361852,31.859530297455652,-1.1676828926521554,31.622190761566163,33.55750621363853,29.686875309493793,1.0961320398135355,0,0.3383014174617003,0.29823257347501325,0.04006884398668703
2011-04-20,32.513755798339844,32.75724310735372,32.059243884367255,32.578684302559296,358200,0.9289522476767625,31.978480388525504,0.9576261078107828,31.736223888397216,33.59412838375074,29.87831939304369,-55.35892323030907,0,0.3701247237890932,0.3126110035378292,0.057513720251264
2011-04-21,31.905038833618164,32.619267924509366,31.799526521694247,32.48940780833739,799400,0.8591740218284292,31.96512737854235,1.3144373761766026,31.819821166992188,33.538169210649045,30.10147312333533,123.17141261864882,0,0.34228094980809587,0.3185449927918826,0.023735957016213283
2011-04-25,31.710250854492188,31.98620402094578,31.3369033634402,31.758949564846265,298000,0.8594681306126094,31.91878619235141,1.4804831420346831,31.812516117095946,33.53145237832116,30.093579855870725,-62.722041531148356,0,0.30102674735928403,0.31504134370536285,-0.014014596346078823
2011-04-26,31.92938995361328,32.229690922925606,31.40994943498341,31.62908898430096,696700,0.8139594773097228,31.920714148944473,2.6617538420742104,31.877040004730226,33.50495895934967,30.24912105011078,133.79194630872485,0,0.28275575622689075,0.3085842262096684,-0.025828469982777658
2011-04-27,32.47317886352539,32.627389898844804,30.9229721832882,31.6290895536134,772000,0.7490111314784432,32.021162278868275,5.151129328066717,31.978899192810058,33.47692145576694,30.48087692985317,10.808095306444665,0,0.3085977616149904,0.30858693329073283,1.082832425758351e-05
2011-04-28,32.456939697265625,32.65984628850705,32.12417301147405,32.465054598627376,692000,0.719363515622196,32.1003945367587,5.23684403704221,32.05153865814209,33.49026568938648,30.612811626897702,-10.362694300518138,0,0.32403213135856035,0.3116759729042984,0.012356158454261967
2011-04-29,32.46506118774414,32.60303621165949,32.4163624813631,32.46506118774414,556000,0.61853201506202,32.166697564210594,3.172543332997746,31.990666770935057,33.227730801059096,30.75360274081102,-19.653179190751445,0,0.333079780610543,0.3159567344455473,0.017123046164995714
2011-05-02,33.26045227050781,33.43089308563653,31.694012940360825,31.98619896407249,542100,0.6725988798100522,32.36556205626463,2.0926884821222957,32.02881278991699,33.3740105495371,30.683615030296885,-2.500000000000002,0,0.39982261462546376,0.3327299104815306,0.06709270414393315
2011-05-03,32.870880126953125,33.3497399859803,32.77348579348778,33.18741403279803,539000,0.6878301930837124,32.45743806911708,1.1236028897473993,32.04301719665527,33.418677582822696,30.667356810487846,-0.5718502121379809,0,0.41648064561141496,0.3494800575075075,0.06700058810390747
2011-05-04,32.42447662353516,33.00884555004842,32.13229061222396,32.78970913767416,591800,0.6782748839355928,32.45144507901128,0.42731826390658423,32.03084259033203,33.387392358203215,30.674292822460842,9.795918367346946,0,0.38917505542049824,0.3574190570901057,0.031755998330392554
2011-05-05,32.33522033691406,33.43903357048903,32.05926702852032,32.31087251726829,635800,0.6806509868985484,32.43031330772087,-0.5491074686453046,32.03733615875244,33.398638132549536,30.67603418495534,7.434944237918217,0,0.35622658376928484,0.35718056242594154,-0.0009539786566566955
2011-05-06,32.059261322021484,32.58682002525856,31.929401146840007,32.47318966287782,413800,0.6683997026155905,32.36284931032098,0.48337972320791067,32.06574382781982,33.402543233051006,30.728944422588643,-34.916640452972636,0,0.30433886736999227,0.34661222341475173,-0.04227335604475946
2011-05-09,32.14041519165039,32.3433218610323,31.53981318410158,31.92127871329479,368900,0.6400997384365292,32.32240674328996,1.3565466231474588,32.110382843017575,33.39058231989063,30.830183366144517,-10.850652489125178,0,0.2666916618723363,0.33062811110626866,-0.06393644923393238
2011-05-10,32.6030387878418,32.74101691876922,32.27839000797741,32.29462291138709,709100,0.6024971859929028,32.37343075139029,2.109808033310956,32.18545761108398,33.39045198306979,30.980463239098178,92.22011385199241,0,0.2710612132513006,0.3187147315352751,-0.04765351828397446
2011-05-11,31.47488212585449,32.05925433486551,31.2476276428436,32.04302142949186,1297900,0.5470700297852517,32.21005827402014,-3.0742193176295785,32.21508235931397,33.309222418884474,31.120942299743465,83.03483288675785,1,0.18140023103067904,0.29125183143435585,-0.10985160040367681
2011-05-12,31.158344268798828,31.57227556317589,31.060949944990583,31.491111046577576,382000,0.5084659532817792,32.01883754579808,-4.000979268468119,32.23090944290161,33.24784134946517,31.213977536338053,-70.56784035750057,0,0.08383490045418185,0.24976844523832106,-0.16593354478413921
2011-05-13,31.21515846252441,31.33690369162976,30.817463160185223,31.093416329528857,435000,0.5309813205512318,31.872714076111954,-3.84999343753456,32.21832914352417,33.280291784626634,31.156366502421708,13.874345549738209,0,0.010971629553790052,0.20200908210141488,-0.19103745254762483
2011-05-16,31.40183448791504,31.564160439794133,31.00413915672677,31.00413915672677,303700,0.5536692427169911,31.7870996055307,-5.58807128501021,32.15948677062988,33.26682525606387,31.0521482851959,-30.183908045977013,0,-0.031348476727931285,0.15533757033554568,-0.18668604706347697
2011-05-17,31.47488212585449,31.55604665272276,31.17458111671722,31.17458111671722,369700,0.5675513782881233,31.730332791044113,-4.246913972814381,32.10794858932495,33.24305134590119,30.972845832748703,21.731972341126117,0,-0.05832084555487427,0.1126058871574617,-0.17092673271233597
2011-05-18,31.247634887695312,31.36938015816963,30.9148679906578,31.36126215554556,559900,0.5971189148201234,31.642569535889784,-3.6294856799188757,32.05600481033325,33.25024263997349,30.861766980693,51.44711928590748,0,-0.09691640314361294,0.07070142909724678,-0.16761783224085972
2011-05-19,31.150236129760746,31.3937235402118,30.84181709193053,31.20704975566231,519700,0.6195240368149447,31.553054371139048,-3.66468573526475,31.9878288269043,33.22687690053419,30.74878075327441,-7.179853545275938,0,-0.13382032891710338,0.029797077494376746,-0.16361740641148012
2011-05-20,30.890512466430664,31.142114754995564,30.72006851107791,31.10965204093272,349000,0.6664191993556646,31.43259220664661,-3.6455888482621046,31.93710250854492,33.26994090725625,30.604264109833593,-32.84587261881855,0,-0.18192733987233467,-0.012547805978965536,-0.16937953389336913
2011-05-23,30.679487228393555,30.96355841798193,30.28179189752385,30.622673609697884,283600,0.7223932182393678,31.29566402878242,-4.545454545454541,31.88556432723999,33.33035076371873,30.440777890761254,-18.739255014326652,0,-0.23437869405534784,-0.056913983594242004,-0.17746471046110585
2011-05-24,30.16816520690918,30.72818965326241,30.038305049050965,30.606444400722047,368900,0.8178157911223443,31.09066424298728,-7.468241217565952,31.797503089904787,33.43313467214948,30.1618715076601,30.077574047954858,0,-0.3135912986868874,-0.10824944661277108,-0.20534185207411632
2011-05-25,29.762351989746094,30.111351746423964,29.713656365351305,30.04642321519411,327400,0.9183940167032812,30.849152924216156,-5.440942174972174,31.66196174621582,33.49874977962238,29.825173712809256,-11.249661154784496,0,-0.4044513304803097,-0.16748982338627882,-0.23696150709403085
2011-05-26,29.559438705444336,29.73799754469332,29.45392947871513,29.567556705106405,481700,1.0103241122179472,30.614659429894004,-5.1315485494381585,31.517086696624755,33.53773492106065,29.49643847218886,47.12889431887599,0,-0.4872156478071439,-0.23143498827045184,-0.25578065953669205
2011-05-27,29.68930435180664,29.949024632193723,29.583792020365024,29.770465778386367,241300,1.0625498820848913,30.44641305205994,-4.888183132402313,31.378298854827882,33.503398618997664,29.2531990906581,-49.9065808594561,0,-0.5361475183926352,-0.2923774942948885,-0.24377002409774667
2011-05-31,29.68120002746582,30.33861903167148,29.57568764740806,29.83540804746456,835400,1.029775739642417,30.307283411224645,-5.479407456629337,31.19933624267578,33.25888772196061,29.139784763390946,246.2080397845006,1,-0.5690210096148043,-0.3477061973588717,-0.22131481225593258
2011-06-01,29.299718856811523,29.68118434742177,29.18609162882798,29.68118434742177,669000,1.034284675764656,30.124089855876804,-6.910790834244985,31.0207781791687,33.089347530698014,28.95220882763939,-19.918601867368924,0,-0.6187235703725165,-0.40190967196160066,-0.2168138984109158
2011-06-02,29.259153366088867,29.413364480948523,29.10494534734058,29.23480554631581,317500,1.050241579052562,29.96682867591536,-6.363622490960008,30.862512016296385,32.96299517440151,28.76202885819126,-52.54110612855008,0,-0.6538493358058943,-0.45229760473045943,-0.2015517310754349
2011-06-03,29.05623435974121,29.251026124123246,28.60172540303323,28.95072202502969,421500,1.0640865080600854,29.801266072974602,-6.722266121183395,30.698562717437746,32.82673573355792,28.570389701317573,32.75590551181102,0,-0.6901055190785144,-0.4998591876000704,-0.19024633147844394
2011-06-06,29.202327728271484,29.32407296935506,28.820862195912355,28.966955246768613,355200,1.0635698776540734,29.69236819211949,-5.46505902093325,30.555716037750244,32.682855793058394,28.428576282442098,-15.72953736654804,0,-0.6989927384654351,-0.5396858977731434,-0.15930684069229173
2011-06-07,29.57566261291504,29.64870910710726,29.129268746677607,29.218548139146847,252100,1.015997625516852,29.671148995900495,-3.5979239394097084,30.427478408813478,32.459473659847184,28.395483157779775,-29.025900900900904,0,-0.6682082302247565,-0.565390364263466,-0.1028178659612905
2011-06-08,30.005840301513672,30.119467544937944,29.44581589305095,29.44581589305095,254000,0.8801978263861137,29.732001960557437,-0.5380668803760424,30.29761848449707,32.058014137269296,28.537222831724844,0.7536691788972538,0,-0.6021582360143647,-0.5727439386136458,-0.02941429740071888
2011-06-09,30.02208137512207,30.362963198136928,29.875988280655413,29.98149755190609,986800,0.8368064472881116,29.78474367229646,0.8726776212627962,30.22497844696045,31.898591341536672,28.551365552384226,288.503937007874,1,-0.5422518787125128,-0.5666455266334193,0.02439364792090648
2011-06-10,29.48639488220215,29.916555975122165,29.34030185137843,29.916555975122165,462200,0.8220391449708596,29.730498437733857,-0.24710828906482352,30.141380977630615,31.785459267572335,28.497302687688894,-53.1617349006891,0,-0.531870015546982,-0.5596904244161318,0.027820408869149826
2011-06-13,29.632488250732425,29.819165108724604,29.48639829908945,29.48639829908945,385600,0.7887348374348537,29.712678403733594,-0.19136891993482008,30.062247467041015,31.639717141910722,28.484777792171307,-16.572912159238427,0,-0.5060207085624882,-0.5489564812454031,0.04293577268291493
2011-06-14,29.68930435180664,29.827279396214166,29.510745497999284,29.786698682924303,231300,0.7261254581767996,29.70842857611051,0.027304571019093338,29.976620960235596,31.428871876589195,28.524370043881998,-40.0155601659751,0,-0.4754694462118785,-0.5342590742386982,0.05878962802681975
2011-06-15,29.348419189453125,29.502627136510814,29.12116472092392,29.421465710924647,289200,0.6465155248127794,29.642972323990982,0.16621433427264076,29.870297813415526,31.163328863041084,28.577266763789968,25.03242542153048,0,-0.47330793514245784,-0.5220688464194502,0.048760911276992336
2011-06-16,29.21855735778809,29.57567194422821,29.194209550745047,29.30783677842556,290100,0.5741590911407563,29.565805966499546,-0.1387463532961597,29.768843936920167,30.91716211920168,28.620525754638653,0.3112033195020736,0,-0.47657996933607905,-0.512971071002776,0.0363911016666969
2011-06-17,29.1779727935791,29.56755313536146,29.10492628598808,29.36464651384298,494300,0.4871997191837562,29.495290844150375,0.4189752613179776,29.670230770111083,30.644630208478596,28.69583133174357,70.38952085487762,0,-0.476949933221416,-0.505766843446504,0.028816910225088033
2011-06-20,29.21044158935547,29.559438165709217,29.06434855920289,29.080581462120925,1960200,0.4033474749778633,29.4435000705513,0.02778498056552614,29.586227226257325,30.39292217621305,28.779532276301598,296.56079304066355,1,-0.4692143607252426,-0.4984563469022517,0.029241986177009127
2011-06-21,29.50262451171875,29.58378902619379,29.24290425761792,29.275370063407934,198100,0.31065433614614574,29.454249968945376,-0.2469533891842346,29.527384090423585,30.148692762715875,28.906075418131294,-89.89388837873686,0,-0.4344985154103682,-0.4856647806038751,0.051166265193506866
2011-06-22,29.34030532836914,29.7785813766688,29.218560089552,29.36465313768856,129800,0.2737408147754001,29.43353276156788,-2.2180181139968225,29.485991096496583,30.033472726047382,28.938509466945785,-34.47753659767794,0,-0.4152964801128114,-0.4715911205056624,0.05629464039285098
2011-06-23,29.13740539550781,29.315961198635897,28.991312313605263,29.218566842737783,169000,0.2761917121300976,29.37969142228423,-2.946750988248781,29.454743766784667,30.007127191044862,28.90236034252447,30.20030816640986,0,-0.41170517667360684,-0.4596139317392513,0.04790875506564446
2011-06-24,28.885787963867188,29.20232181121541,28.60983482328756,29.20232181121541,538600,0.3025692425796172,29.289890793481128,-2.03689505188539,29.42106122970581,30.026199714865044,28.815922744546576,218.698224852071,0,-0.4242717263415834,-0.4525454906597178,0.028273764318134387
2011-06-27,28.56926345825196,29.177983547151737,28.54491254934084,28.81275087458977,162300,0.3502101080093447,29.158867641621278,-3.5880375062805836,29.365059185028077,30.065479401046765,28.66463896900939,-69.86632008911995,0,-0.4545321263716531,-0.4529428178021049,-0.0015893085695481979
2011-06-28,28.617958068847656,28.99130872984169,28.44751719306733,28.65042388217068,160300,0.3791948636462907,29.060520446571527,-3.60852605458164,29.31189708709717,30.07028681438975,28.553507359804588,-1.2322858903265566,0,-0.4691760933406073,-0.4561894729098054,-0.012986620430801898
2011-06-29,28.26083374023437,28.690994783184145,28.17967233080928,28.617948276257835,328600,0.4461890019199478,28.915122863601134,-3.705771824363191,29.25995283126831,30.152330835108206,28.367574827428417,104.9906425452277,0,-0.5037911011590452,-0.46570979855965333,-0.03808130259939191
2011-06-30,28.00111961364746,28.447513654932887,27.78198004513789,28.29330570499356,600700,0.5275632098710273,28.748940454518646,-4.166659322816035,29.19705114364624,30.252177563388297,28.141924723904186,82.8058429701765,0,-0.5458878484236287,-0.48174540853244846,-0.06414243989118024
2011-07-01,28.09039878845215,28.471864303846026,27.96053864858976,28.009234265969432,284600,0.582478552524418,28.629205606142918,-3.727380283822479,29.148759365081787,30.313716470130622,27.983802260032952,-52.62194106875312,0,-0.565526700872443,-0.4985016670004474,-0.06702503387199554
2011-07-05,28.1147518157959,28.35823923622021,28.01735746684828,28.049823281867663,333900,0.626330373266351,28.53566855335255,-3.751020915612757,29.094380569458007,30.347041315990708,27.841719822925306,17.322557976106822,0,-0.5725258258134929,-0.5133064987630566,-0.05921932705043631
2011-07-06,28.60984230041504,29.21856234936004,27.74951684997308,28.04170296884432,690300,0.6245001992353322,28.549154689182092,-3.026111154785871,29.046089553833006,30.29508995230367,27.797089155362343,106.73854447439352,1,-0.5319905622414112,-0.5170433114587275,-0.014947250782683663
2011-07-07,27.99300575256348,28.82898024809364,27.919959227004814,28.73158591271879,313400,0.6238799786229398,28.44803670070598,-4.591975307438112,28.945447826385497,30.193207783631376,27.697687869139617,-54.59944951470375,0,-0.5433759286475563,-0.5223098348964933,-0.021066093751063053
2011-07-08,28.40692710876465,28.63418153487977,27.74139363561948,27.749508538219587,811200,0.5801872169095484,28.44056222944392,-2.507012126947239,28.864690113067628,30.025064546886725,27.70431567924853,158.83854499042758,1,-0.5130844017913319,-0.520464748275461,0.007380346484129108
2011-07-11,28.27706527709961,28.4231582839039,27.94429856073632,28.25271747466861,518500,0.5749777638644454,28.410835510835863,-2.1073431942691734,28.8042236328125,29.954179160541393,27.65426810508361,-36.08234714003945,0,-0.49386395675998074,-0.5151445899723649,0.02128063321238416
2011-07-12,27.91996192932129,28.130983525742835,27.71705523825387,28.130983525742835,799500,0.5726507299953236,28.321585768742302,-2.272727576192124,28.718597316741942,29.86389877673259,27.573295856751294,54.19479267116682,1,-0.5016640009968221,-0.5124484721772564,0.010784471180434352
2011-07-13,27.627779006958008,28.02547443380892,26.9541272282564,27.91184716899437,1422700,0.5742622916395204,28.19543908478152,-3.459992007492374,28.615521049499513,29.764045632778554,27.466996466220472,77.94871794871794,1,-0.5253662174849012,-0.5150320212387854,-0.010334196246115757
2011-07-14,27.23007583618164,27.6683550080385,26.799914665346336,27.6683550080385,482700,0.6250775210796606,28.019918494126994,-3.647301822469806,28.509603881835936,29.759758923995257,27.259448839676615,-66.07155408729881,0,-0.5696748597812551,-0.5259605889472794,-0.04371427083397572
2011-07-15,27.20572280883789,27.31935003247057,26.791791527193546,27.17325700319723,607400,0.6656469712047948,27.87188291498352,-2.840589289943618,28.408962154388426,29.740256096798017,27.077668211978835,25.83385125336648,0,-0.5998402784650096,-0.5407365268508254,-0.05910375161418424
2011-07-18,26.946001052856445,27.246301998007382,26.80802293463501,27.10832697589541,619000,0.7151895164384616,27.703540758233142,-4.073981805007909,28.297363567352296,29.72774260022922,26.86698453447537,1.9097793875535007,0,-0.6373569114896611,-0.5600606037785926,-0.07729630771106855
2011-07-19,27.0352840423584,27.05151694642101,26.71063215332593,27.0352840423584,389800,0.7341659277344211,27.582039537165002,-3.8395066778822318,28.18860569000244,29.656937545471283,26.720273834533597,-37.027463651050084,0,-0.6523646685545224,-0.5785214167337785,-0.0738432518207438
2011-07-20,26.970355987548828,27.35993644816604,26.897309457676208,26.97847398870705,314100,0.713695359573387,27.470824346325696,-5.730497552733549,28.061992263793947,29.48938298294072,26.634601544647172,-19.420215495125703,0,-0.6618679735496364,-0.5951907280969502,-0.06667724545268627
2011-07-21,27.12455940246582,27.311236244468432,26.91353784940296,27.04339798115928,233500,0.6757872538665515,27.40786708380572,-3.102369062379562,27.95120496749878,29.30277947523188,26.599630459765677,-25.660617637695005,0,-0.6494698007911808,-0.6060465426357963,-0.0434232581553845
2011-07-22,27.52225685119629,27.62776917215463,26.75932899037441,27.06774485762239,328500,0.6208470286777749,27.428665223331276,-3.1142765079134604,27.8704475402832,29.11214159763875,26.628753482927653,40.685224839400426,0,-0.6006296148191197,-0.604963157072461,0.00433354225334126
2011-07-25,27.82255744934082,28.01734918577208,27.07586250125849,27.23818843226628,386900,0.5730079431817469,27.500281991696646,-1.6073373361233378,27.817286014556885,28.963301900920378,26.67127012819339,17.777777777777782,0,-0.5315641266435129,-0.5902833509866714,0.05871922434315846
2011-07-26,28.536794662475582,29.040002349817257,28.52056175693422,29.040002349817257,686500,0.5708070862018555,27.68873884092918,2.2092893060376984,27.815662574768066,28.957276747171775,26.674048402364356,77.43602998190747,0,-0.4144190903966738,-0.5551104988686719,0.14069140847199813
2011-07-27,27.757631301879883,28.58549083412392,27.62777116522061,28.35823327288779,426900,0.5386765128789612,27.701264742920216,0.4700062748046907,27.77264623641968,28.8499992621776,26.695293210661756,-37.815003641660596,0,-0.3800715484229187,-0.5201027087795214,0.14003116035660268
2011-07-28,27.595304489135746,28.066049404788988,27.570956681812223,27.676465910954,314400,0.5273694361873544,27.68199924223213,1.3412693198188386,27.739369773864745,28.794108646239454,26.684630901490035,-26.352775825720308,0,-0.36177892882280815,-0.48843795278817875,0.1266590239653706
2011-07-29,27.173263549804688,27.676471274029662,27.059636298796825,27.351822427737257,341700,0.5381228541708163,27.589501843608957,-0.11931040855366337,27.697976970672606,28.774222679014237,26.621731262330975,8.683206106870234,0,-0.3769913510334888,-0.4661486324372408,0.08915728140375201
2011-08-01,26.653818130493164,27.31935170635651,26.61323741901073,27.27877099487408,539400,0.5774277133411007,27.419377532133357,-1.0843275846020517,27.626147937774657,28.781003364456858,26.471292511092457,57.8577699736611,0,-0.4260509591375481,-0.45812909777730226,0.03207813863975417
2011-08-02,26.337282180786133,27.059629315294337,26.337282180786133,26.540188818394487,370800,0.6324348850736121,27.222632922797498,-2.5818181176815003,27.53727445602417,28.802144226171396,26.272404685876946,-31.256952169076758,0,-0.4848834234790367,-0.46347996291764915,-0.021403460561387533
2011-08-03,26.04509735107422,26.52395716217525,25.679864766995514,26.394097031848347,515200,0.662801021672036,27.008535546120537,-3.4306504404382543,27.40903720855713,28.734639251901203,26.083435165213057,38.94282632146711,0,-0.5487596890970643,-0.4805359081535322,-0.0682237809435321
2011-08-04,25.647403717041016,26.101914230046383,25.614937906370244,25.801613221617053,504800,0.7551242332382809,26.76105703174244,-5.445823703556718,27.291757106781006,28.802005573257567,25.781508640304445,-2.018633540372672,0,-0.6242763729759808,-0.509284001118022,-0.11499237185795885
2011-08-05,25.265932083129883,25.834071248287888,24.470538490352425,25.834071248287888,559100,0.8335437964190192,26.489216131994702,-8.198182221267702,27.134707355499266,28.801794948337303,25.46761976266123,10.756735340729007,0,-0.7067583909939579,-0.5487788790932091,-0.15797951190074877
2011-08-08,24.259519577026367,24.88447245627956,24.06472937077633,24.65721644162705,903800,1.0093197140505838,26.083816758364094,-12.806291724986153,26.933830070495606,28.952469498596773,24.91519064239444,61.65265605437309,1,-0.8436104467257692,-0.6077451926197212,-0.23586525410604808
2011-08-09,24.121543884277344,24.55170657327418,22.449593390759365,24.55170657327418,1206000,1.1601020369416932,25.7270398721665,-15.472132839095853,26.74390916824341,29.064113242126794,24.423705094360024,33.43660101792432,1,-0.9522235320144254,-0.676640860498662,-0.27558267151576343
2011-08-10,22.73366355895996,23.821243437180627,22.563221150673566,23.821243437180627,1012200,1.4450300240967502,25.182789633401672,-18.099410890941815,26.499203395843505,29.389263444037006,23.609143347650004,-16.069651741293534,1,-1.137181803909609,-0.7687490491808515,-0.3684327547287576
2011-08-11,22.587566375732425,23.033960350140056,21.49998669649971,22.64437998541469,649000,1.6758848187531696,24.71093085927999,-18.147065981369636,26.267077922821045,29.618847560327385,22.915308285314705,-35.882236712112224,0,-1.2807872702512277,-0.8711566933949269,-0.4096305768563009
2011-08-12,22.741783142089844,23.58587420296045,22.58757361775622,22.70931732725949,794000,1.8340854567475735,24.35290400160905,-16.30823768956783,26.043880939483643,29.71205185297879,22.375710025988496,22.342064714946062,0,-1.3664006169889227,-0.9702054781137261,-0.39619513887519653
2011-08-15,23.20440101623535,23.301795326207817,22.822937130743007,22.83105203319517,494600,1.925758453240017,24.14408527699565,-12.941549677310672,25.856800937652586,29.70831784413262,22.005284031172554,-37.70780856423174,0,-1.3810010939371793,-1.052364601278417,-0.3286364926587624
2011-08-16,23.9267520904541,24.048495772338985,23.00961470232941,23.00961470232941,802500,1.95091725206884,24.104570152169913,-9.15253925513464,25.701374340057374,29.603208844195052,21.799539835919695,62.25232511120098,0,-1.3190788623328942,-1.1057074534893125,-0.21337140884358163
2011-08-17,23.93486976623535,24.13777642910414,23.602102962974943,24.016032740993865,204800,1.9650230951053607,24.073715536545446,-8.102206555015357,25.549600028991698,29.47964621920242,21.619553838780977,-74.4797507788162,0,-1.254884491784786,-1.1355428611484073,-0.11934163063637859
2011-08-18,23.24498748779297,23.83747613734952,22.90410422220696,23.610220110940496,493900,1.9926600516388828,23.92303770949954,-9.367093276781846,25.355621433258058,29.340941536535823,21.370301329980293,141.162109375,0,-1.2453224232050708,-1.1574987735597402,-0.08782364964533063
2011-08-19,23.23686981201172,23.86993914278903,23.1475919350961,23.1475919350961,495900,1.9777680115279466,23.7982799099563,-8.030822945467243,25.141352081298827,29.09688810435472,21.185816058242935,0.40494027130997257,0,-1.2242866293863592,-1.1708563447250642,-0.05343028466129507
2011-08-22,23.050189971923828,23.918629991884472,22.952795668630703,23.52093323265271,325100,1.9244285825330611,23.66226355758676,-4.984969307668264,24.902733707427977,28.7515908724941,21.053876542361856,-34.44242790885259,0,-1.208745449058064,-1.1784341655916641,-0.030311283466399885
2011-08-23,23.74008178710937,23.89429129884005,22.806711359791315,23.11512883519753,486500,1.737512131854921,23.67641232659087,-1.5814165917323986,24.662898063659668,28.13792232736951,21.187873799949827,49.646262688403574,0,-1.1277603287967892,-1.1682993982326892,0.04053906943590002
2011-08-24,24.83577346801757,25.05491301447785,23.748193735275645,23.748193735275645,302300,1.5792348111821235,23.887205261395724,9.24668346395543,24.516805171966553,27.6752747943308,21.358335549602305,-37.86228160328879,0,-0.9640528745162555,-1.1274500934894025,0.16339721897314696
2011-08-25,24.080957412719727,25.022443993524,24.02414380754174,25.022443993524,243600,1.4045216950019672,23.922432925272815,6.611562361989409,24.341087818145752,27.150131208149688,21.532044428141816,-19.41779689050612,0,-0.8850189375451087,-1.0789638623005438,0.193944924755435
2011-08-26,24.55170440673828,24.69779744097956,23.41542748760765,23.886170849021266,220200,1.2388546067841406,24.0368459219029,7.958572348263604,24.210009860992432,26.687719074560714,21.73230064742415,-9.605911330049267,0,-0.7754596091981973,-1.0182630116800744,0.24280340248187704
2011-08-29,24.99810028076172,25.15230977821052,24.186473628164844,24.67344992933397,205300,1.1162029519762973,24.211619441695408,7.7299959747781255,24.12722396850586,26.359629872458456,21.894818064553263,-6.766575840145328,0,-0.645175454768431,-0.9436455002977457,0.2984700455293148
2011-08-30,24.852012634277344,25.07926714146051,24.50301287189722,24.66533729873445,250100,1.0053261214018632,24.328054567619393,3.8670545016947333,24.05296049118042,26.063612733984147,22.042308248376695,21.82172430589382,0,-0.5474022633561866,-0.8643968529094339,0.31699458955324733
2011-08-31,24.300111770629883,25.355226206127977,24.113436392118658,24.97376208979833,375600,0.892753203053204,24.322974059075843,1.5259828357611305,23.965711212158205,25.75121761826461,22.180204806051798,50.17992802878848,0,-0.5085874129013064,-0.7932349649078084,0.28464755200650205
2011-09-01,23.95110511779785,24.7951961165812,23.90240794718952,24.30010486127703,249300,0.8003752264701921,24.255361524298028,3.0377199831821633,23.880896282196044,25.48164673513643,22.28014582925566,-33.626198083067095,0,-0.5002220361280827,-0.7346323791518634,0.23441034302378072
2011-09-02,22.417125701904297,23.81312279253027,22.36031054377387,23.715726926647168,322600,0.7943857213619288,23.921136829317348,-3.5277733909051534,23.738455963134765,25.327227405858622,22.149684520410908,29.402326514239864,0,-0.61033615831575,-0.7097731349846408,0.09943697666889073
2011-09-06,22.39277648925781,22.620032479044514,21.556800591023848,21.99507966817217,458700,0.8383892539198025,23.643253131124702,-2.852095724446435,23.64511880874634,25.321897316585943,21.968340300906736,42.18846869187849,0,-0.6915948959865403,-0.7061374871850207,0.014542591198480337
2011-09-07,23.28556632995605,23.7076109626425,22.611916350257623,22.66061351017245,371800,0.8342153101321557,23.578219167275854,-1.9145488260285504,23.603319931030274,25.271750551294584,21.934889310765964,-18.944844124700243,0,-0.6761580234394451,-0.7001415944359055,0.023983570996460424
2011-09-08,22.02754783630371,23.24498786937379,21.978850668436323,23.033964744541706,349600,0.8862758869462886,23.29627892528092,-11.30718008573468,23.56801414489746,25.340565918790038,21.795462371004884,-5.970952124798279,0,-0.7567128547159641,-0.7114558464919173,-0.04525700822404677
2011-09-09,21.69478416442871,22.11683047530729,21.418830926396968,21.865226598768448,342100,0.9578504920061317,23.005098059671425,-9.908963366342826,23.523375034332275,25.43907601834454,21.60767405032001,-2.145308924485123,0,-0.8377473561253019,-0.7367141484185942,-0.10103320770670776
2011-09-12,22.076250076293945,22.076250076293945,21.426947692841004,21.43506414679039,192300,0.997185823910846,22.836216608148245,-10.082617033157748,23.49009838104248,25.48447002886417,21.49572673322079,-43.78836597486115,0,-0.8612586180365298,-0.7616230423421814,-0.09963557569434844
2011-09-13,22.70120429992676,22.87976321233368,22.06813629573637,22.1492992970072,291400,1.011025594994945,22.811668915744335,-9.188282129592961,23.46493854522705,25.486989735216937,21.44288735523716,51.53406136245451,0,-0.820010311175345,-0.7733004961088141,-0.046709815066530824
2011-09-14,23.050189971923828,23.39918957950903,22.344075854857778,22.79858621568629,242300,1.0089496594839422,22.85503638050424,-7.2502082180190826,23.421110439300538,25.439009758268423,21.403211120332653,-16.849691146190803,0,-0.7505091019233596,-0.7687422172717232,0.018233115348363582
2011-09-15,22.912220001220703,23.277452613632185,22.530756032300367,23.204406091149888,286300,1.0074548206389573,22.865433402452688,-5.711462492475627,23.369977951049805,25.38488759232772,21.35506830977189,18.159306644655395,0,-0.6985099287829009,-0.7546957595739588,0.05618583079105799
2011-09-16,23.29369163513184,23.382969537567416,22.84729593073239,23.058319101312154,352100,1.0071956240848456,22.94329853566708,-2.744814819327457,23.372413158416748,25.38680440658644,21.358021910247057,22.98288508557458,0,-0.6193788231468034,-0.7276323722885278,0.10825354914172447
2011-09-19,22.95280265808105,23.115127062351167,22.514523515636224,22.96091911050281,157100,1.0112026124263012,22.945026557924166,2.3895880466568986,23.358209800720214,25.380615025572816,21.335804575867613,-55.38199375177506,0,-0.5775164927049445,-0.6976091963718113,0.12009270366686675
2011-09-20,22.165525436401367,23.082664502980425,22.14929407841586,22.91222208566404,150900,1.0441962901555097,22.803299081283654,-1.0148408928453256,23.313976573944093,25.402369154255112,21.225583993633073,-3.94653087205602,0,-0.6009397273622099,-0.6782753025698911,0.0773355752076812
2011-09-21,22.254802703857425,22.7336625490272,22.11682611206181,22.189872634074487,217800,1.064908023993435,22.703572467206158,-4.426620385747649,23.239712619781493,25.369528667768364,21.10989657179462,44.333996023856855,0,-0.6053211152041733,-0.6636844650967475,0.05836334989257419
2011-09-22,21.99508285522461,22.31161675810492,21.71912966623229,21.71912966623229,511200,1.02968492251436,22.574756174118605,-0.14738354591424807,23.097678089141844,25.157047934170564,21.038308244113125,134.7107438016529,1,-0.6225739726327859,-0.6554623666039553,0.03288839397116938
2011-09-23,21.986963272094727,22.271032873026748,21.65419651182015,22.003196174560507,380700,1.030900943656317,22.467884737386992,1.3467712121565167,22.992978382110596,25.05478026942323,20.931176494797963,-25.52816901408451,0,-0.6296440245700339,-0.6502986981971711,0.020654673627137243
2011-09-26,21.897687911987305,22.189874018264383,21.43506094241864,22.11682749169512,178900,0.9896895465742581,22.364212587314324,-0.8088428228958389,22.860277557373045,24.83965665052156,20.88089846422453,-53.007617546624644,0,-0.635129489719521,-0.6472648565016411,0.012135366782120127
2011-09-27,21.881446838378903,21.95449333768061,21.508099440218626,21.90579618749764,400900,0.8739616310734434,22.27643699659879,-3.611074772585976,22.704444885253906,24.452368147400794,20.95652162310702,124.09167132476244,0,-0.6334848601419303,-0.644508857229699,0.011023997087768689
2011-09-28,19.94978141784668,21.23215136154022,19.69006115806898,21.23215136154022,1972300,0.9258537953307112,21.853408709552948,-13.450685473107104,22.45933332443237,24.311040915093795,20.60762573377095,391.96807183836364,1,-0.77907010002939,-0.6714211057896373,-0.10764899423975272
2011-09-29,19.83616065979004,20.41241498058179,19.11381171016322,20.20950826795562,585900,0.994276418221079,21.48663633686878,-13.42540941587842,22.23613576889038,24.22468860533254,20.247582932448225,-70.29356588754247,0,-0.8933180823499569,-0.7158005011017012,-0.17751758124825567
2011-09-30,19.74687767028809,20.461108489527945,19.243668432055053,19.59266816288609,485500,1.055178605810043,21.170316579308654,-15.226500034431645,22.025924396514892,24.13628160813498,19.915567184894805,-17.136030039255846,0,-0.979770636523206,-0.7685945281860023,-0.21117610833720368
2011-10-03,19.040760040283203,19.69006227460124,18.82162202620375,19.60078284971945,412700,1.242722212075999,20.783124481304025,-17.043855933735074,21.857106113433836,24.342550537585836,19.371661689281837,-14.994850669412973,0,-1.0926671137075061,-0.8334090452903031,-0.259258068417203
2011-10-04,18.89466667175293,18.975828088439908,18.35899327173395,18.878433769193617,398600,1.3996254670198318,20.439768515931096,-14.756513550889549,21.682200622558593,24.481451556598255,18.88294968851893,-3.416525321056463,0,-1.1803208945898405,-0.9027914151502106,-0.2775294794396299
2011-10-05,18.545669555664062,19.04887721971837,18.50508729368871,18.9352499822974,331200,1.510729903427099,20.095386886791633,-16.666663809832194,21.445205783843996,24.46666559069819,18.4237459769898,-16.90918213748118,0,-1.263384784660417,-0.974910089052252,-0.28847469560816497
2011-10-06,19.219322204589844,19.373531724692736,18.521322685439586,18.54567204589432,447200,1.5825515849822633,19.93610239911858,-12.619914500460382,21.3047945022583,24.469897672222828,18.139691332293772,35.02415458937198,0,-1.2603271107596825,-1.0319934933937382,-0.22833361736594426
2011-10-07,19.357297897338867,19.79557552829875,19.056995324896523,19.2112048376672,410700,1.637590975385213,19.830865216976814,-11.960111736273104,21.18792018890381,24.463102139674234,17.912738238133386,-8.161896243291588,0,-1.232562187219191,-1.072107232158829,-0.160454955060362
2011-10-10,19.81180953979492,19.990366873769137,19.438461964742867,19.69006583262817,183100,1.651164594320149,19.827400548398288,-9.525564436647793,21.074698162078857,24.377027350719153,17.77236897343856,-55.41757974190406,0,-1.1605054102639727,-1.089786867779858,-0.0707185424841148
2011-10-11,20.485456466674805,20.64778241594784,19.72252698197952,19.72252698197952,184600,1.6101120011599985,19.947047078994018,-6.379790066055435,20.96391077041626,24.184134772736257,17.74368676809626,0.8192244675040872,0,-1.0370873212144645,-1.0792469584667792,0.04215963725231475
2011-10-12,20.60720443725586,20.86692477162462,20.282554019294903,20.664018066892112,372500,1.53439551023322,20.067075689587078,3.2953895866801863,20.84176149368286,23.910552514149302,17.772970473216418,101.78764897074757,0,-0.9188614894488154,-1.0471698646631864,0.128308375214371
2011-10-13,20.793869018554688,20.85068261878239,20.339357120624065,20.50168301960707,204000,1.455012149851665,20.199219931217552,4.828093375478759,20.73584394454956,23.645868244252892,17.82581964484623,-45.23489932885906,0,-0.8008724354040453,-0.9979103788113582,0.19703794340731295
2011-10-14,21.52433967590332,21.564920390211423,21.004897554040504,21.029246911458376,169900,1.3405960410533024,20.440150793887693,9.001230651718007,20.647376346588135,23.32856842869474,17.96618426448153,-16.7156862745098,0,-0.6410329538949533,-0.9265348938280773,0.285501939933124
2011-10-17,21.50810432434082,21.77594103325004,21.37012774411153,21.50810432434082,614300,1.2453759033162537,20.634324163060988,12.958223720259209,20.575141429901123,23.06589323653363,18.084389623268617,261.56562683931725,0,-0.5097924998014243,-0.8431864150227467,0.33339391522132245
2011-10-18,21.483760833740234,21.824644151583747,21.12664615642247,21.43506365920695,448400,1.2083326802029792,20.788767194093577,13.702777651314356,20.541053199768065,22.957718560174023,18.124387839362107,-27.006348689565364,0,-0.40310111194356324,-0.7551693544069101,0.3520682424633469
2011-10-19,21.394474029541016,21.686658503127106,21.32954397451581,21.418821832641324,280700,1.158394327311801,20.898895709629475,15.361022503535837,20.498036766052245,22.814825420675845,18.181248111428644,-37.39964317573595,0,-0.3220398424532256,-0.6685434520161733,0.3465036095629477
2011-10-20,21.74347686767578,21.824638287405133,20.915617382775626,21.451290802874585,327500,1.142538257067461,21.05245592018335,13.133421856485317,20.485456466674805,22.770532980809726,18.200379952539883,16.672604203776274,0,-0.2270196488708045,-0.5802386913870995,0.353219042516295
2011-10-21,22.35220527648925,22.55511199883333,21.719135745475803,21.922042467819875,476000,1.170380910880702,21.28877398496624,15.471722319064508,20.50371856689453,22.844480388655935,18.162956745133126,45.34351145038167,0,-0.1014269785647457,-0.48447634882262874,0.38304937025788305
2011-10-24,23.31802558898925,23.35049138734329,22.335958409596927,22.425236258961565,365600,1.295789610486344,21.657728822061333,17.69760627948489,20.57473545074463,23.166314671717316,17.983156229771943,-23.193277310924366,0,0.0751731952199357,-0.37254644001411585,0.44771963523405156
2011-10-25,23.48847389221192,23.63456692575336,23.009614081406006,23.22875363171817,434300,1.4245145772538639,21.990591562088714,14.65926536917712,20.65508680343628,23.50411595794401,17.80605764892855,18.79102844638949,0,0.22627549579014428,-0.25278205285326383,0.4790575486434081
2011-10-26,23.30991744995117,24.06473050219232,23.025849353348608,23.59398709460876,493600,1.5311113645492782,22.230468996245524,13.115379239937376,20.823093605041503,23.88531633414006,17.760870875942945,13.654156113285755,0,0.32783803222988084,-0.1366580358366349,0.4644960680665158
2011-10-27,23.748193740844727,24.202704188826274,23.391077614831808,24.19458773731975,481200,1.6441076963552579,22.506418949809017,14.207672077061995,21.018695259094237,24.306910651804753,17.73047986638372,-2.5121555915721183,0,0.43863598532682246,-0.021599231603943433,0.4602352169307659
2011-10-28,23.878053665161133,24.291983400134097,23.65079766908142,23.74007708683681,191100,1.7330197555164466,22.755807079873037,10.935127510056986,21.22525405883789,24.691293569870783,17.759214547804998,-60.286783042394006,0,0.5308039939912419,0.08888141351509364,0.44192258047614824
2011-10-31,23.94298553466797,24.42996182125525,23.26933549510629,23.66703235720368,335900,1.7543367543397934,22.97165770801757,11.320761577167836,21.47036533355713,24.979038842236715,17.961691824877544,75.77184720041863,0,0.6021460987004765,0.19153435055217022,0.4106117481483063
2011-11-01,23.090776443481445,23.731960626231604,22.514520776094898,23.46412392112372,582100,1.6794014161199589,22.993315659920093,7.480141033861232,21.680170822143555,25.038973654383472,18.32136798990364,73.29562369752902,1,0.5831963546748788,0.26986675137671196,0.3133296032981669
2011-11-02,23.50470733642578,23.53717314590032,22.701197128590955,23.27745286232401,281500,1.5536311580444704,23.086295964739307,9.863450272117014,21.92812271118164,25.035385027270582,18.820860395092698,-51.64061157876654,0,0.5947237050358538,0.33483814210854035,0.25988556292731346
2011-11-03,24.170238494873047,24.227052103988523,23.6020993076088,23.70761007481543,100500,1.4925345826370278,23.28337642476362,11.160872025968072,22.1756685256958,25.160737690969857,19.190599360421746,-64.29840142095915,0,0.6500684314337128,0.3978841999735748,0.252184231460138
2011-11-04,24.154008865356445,24.235171838541326,23.42354520280242,23.999799371110665,127600,1.3982268060539917,23.441673232144133,8.060965647816353,22.41550407409668,25.211957686204663,19.6190504619887,26.965174129353244,0,0.684726825756254,0.4552527251301107,0.22947410062614326
2011-11-07,24.02414321899414,24.243282731930403,23.54528348986139,24.19458403035261,237800,1.2991299262743219,23.54757686611686,3.0282050566850627,22.62612075805664,25.224380610605284,20.027860905507996,86.36363636363636,0,0.6937180309913806,0.5029457863023648,0.19077224468901588
2011-11-08,24.429962158203125,24.559822296676828,23.967335221383696,24.10531181201888,264900,1.2557337270643039,23.708010555587087,4.008299007894989,22.823346042633055,25.33481349676166,20.31187858850445,11.39613120269134,0,0.7252298247621631,0.5474025939943244,0.17782723076783868
2011-11-09,23.675148010253903,24.202704991229684,23.261218258026943,23.894287564030808,500600,1.154035157748065,23.70203554734469,1.5668462193695998,22.97674322128296,25.28481353677909,20.668672905786828,88.9769724424311,0,0.6814407303044376,0.5742102212563471,0.1072305090480905
2011-11-10,25.1604232788086,26.459024532174222,24.243285950112263,24.243285950112263,744400,1.1321689655460154,23.967196953065397,5.946681896631856,23.195070934295654,25.459408865387683,20.930733003203624,48.701558130243704,1,0.7578508260948631,0.6109383422240503,0.1469124838708128
2011-11-11,24.78707504272461,25.509422161187818,24.494888995681176,25.28216617481462,766300,1.11367544181076,24.116265696639797,3.8069324674052885,23.35820770263672,25.585558586258237,21.1308568190152,2.941966684578179,1,0.7792970438374134,0.6446100825467229,0.13468696129069047
2011-11-14,24.624759674072266,25.02245665968372,24.52736376728426,24.567946040135688,373800,1.0578225192314556,24.208719147082064,2.8474900860510077,23.51404047012329,25.629685508586203,21.39839543166038,-51.22014876680152,0,0.774270523557032,0.6705421707487847,0.10372835280824722
2011-11-15,25.696104049682617,25.84219711958355,24.519244584863102,24.519244584863102,318200,1.0516392081075754,24.47915276573671,11.282979645912516,23.72465763092041,25.827936047135562,21.62137921470526,-14.874264312466556,0,0.8469721399267129,0.7058281645843705,0.14114397534234246
2011-11-16,25.17665672302246,25.598702913471623,25.08737730441268,25.50942349486185,154700,0.9452444937836485,24.60597166706139,7.113253369488337,23.91376676559448,25.80425575316178,22.023277778027182,-51.38277812696417,0,0.8528425980334688,0.7352310512741902,0.11761154675927865
2011-11-17,24.55982208251953,25.16854205682769,24.04038153315416,25.071146179794205,165900,0.8041633481810845,24.597580833508324,1.6118317894509904,24.05458402633667,25.66291072269884,22.4462573299745,7.239819004524883,0,0.7985167736834455,0.7478881957560413,0.05062857792740427
2011-11-18,24.99810028076172,25.18477558738079,24.616636311340983,24.67344992933397,217700,0.7228957345051498,24.670402551190758,3.4946224459490693,24.186878776550294,25.632670245560593,22.741087307539996,31.22362869198312,0,0.7818162630275793,0.7546738092103489,0.02714245381723046
2011-11-21,24.300111770629883,24.925063357288145,23.67515863591604,24.746505982250863,227400,0.6935294097795358,24.603076954725143,1.1487133968530294,24.235983085632324,25.623041905191396,22.84892426607325,4.455672944418931,0,0.7041422352037472,0.7445674944090286,-0.040425259205281394
2011-11-22,24.02414321899414,24.243282731930403,23.67514359795964,24.243282731930403,430800,0.6731871115436197,24.497816275501325,-1.6611525494022006,24.262766551971435,25.609140775058673,22.916392328884196,89.44591029023748,0,0.6132475171462843,0.7183034989564797,-0.10505598181019538
2011-11-23,23.780668258666992,24.016040809740048,23.48036716363886,23.85371480568584,321900,0.6457901684966342,24.36742572698599,0.4457004803830156,24.286304092407228,25.577884429400495,22.99472375541396,-25.278551532033422,0,0.5156226270507034,0.6777673245753245,-0.16214469752462113
2011-11-25,23.902400970458984,24.12153894826116,23.69949434608516,23.69949434608516,88300,0.6399212022178545,24.282875771253803,-5.000004548449654,24.29401445388794,25.573856858323648,23.01417204945223,-72.56912084498292,0,0.44297072005836924,0.6308080036719335,-0.18783728361356422
2011-11-28,24.860126495361328,25.07114963463404,24.227058625598367,24.519243200852365,367100,0.6439892067362564,24.387830448364262,0.2947159054095927,24.343118095397948,25.63109650887046,23.055139681925436,315.7417893544734,0,0.4574013679049216,0.5961266765185311,-0.13872530861360954
2011-11-29,25.1604232788086,25.306516306825927,24.77895935413929,24.98186599348452,299100,0.6614773669634789,24.528301872081414,2.175304903788944,24.40398998260498,25.72694471653194,23.08103524867802,-18.52356306183601,0,0.4874501787958181,0.5743913769739886,-0.08694119817817048
2011-11-30,25.769142150878903,25.90711872195541,25.36332888866034,25.639282030813344,436500,0.6526836234135042,24.753909195499137,0.2842380348984763,24.537908267974853,25.84327551480186,23.232541021147846,45.93781344032097,0,0.5539964770800978,0.5703123969952104,-0.01631591991511261
2011-12-01,25.72856712341309,25.931473799313647,25.46073037314655,25.65552059624448,326100,0.6568188511238812,24.931119727847125,2.192151271165166,24.64910125732422,25.962738959571983,23.335463555076455,-25.29209621993127,0,0.5965837857718732,0.575566674750543,0.021017111021330193
2011-12-02,25.3227481842041,25.97204878459713,25.29028238015708,25.97204878459713,375200,0.6631220324413787,25.002324901730212,3.1063991388910805,24.70672674179077,26.03297080667353,23.380482676908013,15.056731064090778,0,0.5907782144023557,0.5786089826809055,0.012169231721450124
2011-12-05,25.444494247436523,25.769144578180576,25.3146341151389,25.590587283285068,424800,0.6692659759083727,25.082719328222268,1.7857115607234464,24.771251010894776,26.10978296271152,23.432719059078032,13.219616204690832,0,0.5892091112293727,0.580729008390599,0.008480102838773651
2011-12-06,25.403913497924805,25.785379013761748,25.347099880175893,25.509425829219907,304600,0.6592390131335472,25.14111826816818,4.542373046320813,24.84023952484131,26.158717551108403,23.521761498574214,-28.29566854990584,0,0.5780279123580989,0.5801887891840991,-0.002160876826000191
2011-12-07,25.58247184753418,25.67174972450022,24.567938556131857,25.20100633921174,379600,0.671741367303276,25.221364373507452,6.4865107335356775,24.89786500930786,26.241347743914414,23.554382274701307,24.62245567957977,0,0.5769244720447944,0.5795359257562382,-0.0026114537114438896
2011-12-08,24.77084350585937,25.61493434109692,24.600401119671364,25.36333053563873,274200,0.6084736294935216,25.139451488480525,4.163782263904658,24.952649784088134,26.16959704307518,23.73570252510109,-27.76606954689147,0,0.5047400346053834,0.5645767475260672,-0.05983671292068382
2011-12-09,25.022445678710938,25.24158521177411,24.754608987651977,24.81142259665619,161000,0.6067737265277363,25.11817770488605,4.685908790653359,24.94575090408325,26.159298357138724,23.73220345102778,-41.2837345003647,0,0.46250408134494236,0.5441622142898423,-0.08165813294489999
2011-12-12,24.446197509765625,24.868242228027373,24.1540113949224,24.754614982501725,237700,0.6161800163765923,24.995999487591426,-1.6650316951240751,24.9287070274353,26.161067060188486,23.696346994682116,47.639751552795026,0,0.3781740180900428,0.5109645750498825,-0.13279055695983966
2011-12-13,24.673450469970703,25.006217280982504,24.567939683965385,24.567939683965385,285100,0.6150109890283655,24.937354211660384,-1.9354714483203916,24.931141567230224,26.161163545286954,23.701119589173494,19.941102229701315,0,0.32592222156094053,0.4739561043520941,-0.1480338827911536
2011-12-14,25.127954483032227,25.217233889096747,24.365026724487738,24.49488683436997,242300,0.5904485290482587,24.97200880645526,-2.4881995065745954,24.902734088897706,26.08363114699422,23.72183703080119,-15.012276394247637,0,0.31752672137283255,0.4426702277562418,-0.12514350638340926
2011-12-15,25.201005935668945,25.460727754475183,24.74649546185415,25.35521542694813,376600,0.5910678420644797,25.013644648130473,-2.0504880245121093,24.903951549530028,26.086087233658986,23.72181586540107,55.42715641766405,0,0.31315797845718407,0.4167677778964303,-0.10360979943924625
2011-12-16,25.663633346557617,25.744794766764624,25.36333082840516,25.39579663493185,1272500,0.608519950019881,25.13182441148086,1.3461617983712815,24.959142112731932,26.176182012771694,23.74210221269217,237.8916622411046,1,0.34307117301345613,0.4020284569198355,-0.05895728390637939
2011-12-19,25.84219551086425,26.16684744512521,25.704218903219896,25.736683167812902,413000,0.6398303553572252,25.260982793186926,1.5630150065482074,25.00134687423706,26.28100758495151,23.721686163522612,-67.54420432220039,0,0.3768420687727314,0.3969911792904147,-0.02014911051768331
2011-12-20,26.118144989013672,26.377865260815994,25.85030826521066,26.11002698895805,184900,0.6636628784562103,25.416830465155424,2.8115018229266653,25.09224853515625,26.41957429206867,23.764922778243832,-55.230024213075055,0,0.42101931506018175,0.40179680644436816,0.019222508615813594
2011-12-21,26.37786293029785,26.38597783352665,25.86653888387003,25.99639746024309,182400,0.6729149274137011,25.591563640635865,3.109125214733055,25.209934520721436,26.55576437554884,23.864104665894033,-1.3520822065981597,0,0.47155141712503834,0.41574772858050224,0.0558036885445361
2011-12-22,26.280467987060547,26.459023718841127,26.17495567093372,26.450908815805,185300,0.6238364078653614,25.71681897634944,6.094360415478328,25.334924507141114,26.582597322871838,24.08725169141039,1.5899122807017552,0,0.49799889287629284,0.4321979614396604,0.06580093143663246
2011-12-23,26.24800491333008,26.402212855935307,26.0613311629838,26.402212855935307,101300,0.5572849910605706,25.813398237618646,4.897839525182168,25.452204704284668,26.566774686405807,24.33763472216353,-45.331894225580136,0,0.510455001695771,0.4478493694908825,0.06260563220488846
2011-12-27,26.321048736572266,26.564536077469544,26.069443396516352,26.07756139567499,121300,0.5711660889048761,25.905698328337483,7.669295914252872,25.525250816345213,26.667582994154966,24.38291863853546,19.74333662388943,0,0.5202237679902311,0.4623242491907522,0.057899518799478855
2011-12-28,25.574352264404297,26.32916364043097,25.55000291109192,26.2236544202416,104500,0.5647136340419125,25.845453589440538,3.651300394851753,25.545947265625,26.675374533708826,24.416519997541172,-13.849958779884586,0,0.46238335328456515,0.4623360700095148,4.7283275050324924e-05
2011-12-29,25.923358917236328,26.045102620542234,25.60682343097476,25.60682343097476,79400,0.568958547116472,25.859618194494317,3.1654165671989087,25.553658103942873,26.691575198175816,24.41574100970993,-24.019138755980862,0,0.43963844964383014,0.4577965459363779,-0.018158096292547776
2011-12-30,25.38768196105957,26.08567982165692,25.37956550885955,25.94770323036646,87400,0.5685488230028029,25.773811606597086,0.7407483092823908,25.536613845825194,26.6737114918308,24.399516199819587,10.075566750629728,0,0.37407617878135824,0.441052472505374,-0.06697629372401576
2012-01-03,26.280467987060547,26.76744266807597,25.850305367571845,25.850305367571845,331400,0.589532670394762,25.865930948499532,2.4035358991195466,25.584499835968018,26.76356517675754,24.405434495178493,279.1762013729977,0,0.38966614894011187,0.4307752077923216,-0.04110905885220972
2012-01-04,25.809720993041992,26.248000027637225,25.73667448727612,26.13437281780348,361000,0.5906232255125103,25.85571095659816,-0.12566470139352415,25.60276117324829,26.78400762427331,24.421514722223268,8.931804465902227,0,0.35988740639133,0.41659764751212325,-0.05671024112079326
2012-01-05,25.89089584350586,26.085686099016588,25.420152339007764,25.67175622553554,300900,0.5920305689013184,25.862108208763193,-0.8700814916350441,25.627110290527344,26.81117142832998,24.443049152724708,-16.64819944598338,0,0.3389306884041723,0.4010642556905331,-0.062133567286360825
2012-01-06,26.215538024902344,26.24800383130505,25.696097506897868,25.94770131429943,291900,0.60627072572283,25.926368175333945,-0.6153830802155702,25.65876359939575,26.87130505084141,24.446222147950092,-2.991026919242268,0,0.3445465313643332,0.3897607108252932,-0.04521417946095996
2012-01-09,25.85842514038086,26.50772583051238,25.83407578398032,26.27235336280536,208800,0.5701357461792844,25.914014896251565,-1.6059183074193517,25.713142681121827,26.853414173480395,24.57287118876326,-28.46865364850977,0,0.31653231461785225,0.375115031583805,-0.05858271696595274
2012-01-10,26.491493225097656,26.661934077659325,26.08567990217371,26.11002771079396,132500,0.5710978715019771,26.01901095604176,0.9276450251040513,25.78659505844116,26.928790801445114,24.64439931543721,-36.54214559386973,0,0.3414778060945345,0.36838758648595094,-0.02690978039141645
2012-01-11,27.554723739624023,28.025465558508007,26.288585126708533,26.36974964452286,406200,0.6088543805026475,26.298231462147623,4.687028299664986,25.942021369934082,27.159730130939376,24.724312608928788,206.56603773584905,0,0.4419466190245842,0.38309939299367757,0.05884722603090664
2012-01-12,27.408634185791016,27.75763391645676,27.319354752907664,27.61154086194039,284500,0.6160566020614113,26.500122866446418,7.172349478972984,26.078780555725096,27.310893759847918,24.846667351602274,-29.960610536681443,0,0.5039712047007718,0.40727375533509647,0.09669744936567537
2012-01-13,27.254419326782227,27.36804654128236,26.79990737267231,27.213835524938418,118200,0.6267271993140496,26.637267677416563,5.134598544098701,26.185103797912596,27.438558196540697,24.931649399284495,-58.45342706502636,0,0.5345206639312678,0.43272313705433074,0.1017975268769371
2012-01-17,27.757631301879883,27.7982120140653,27.35993289179907,27.36805089190208,514700,0.674362472809617,26.84097015459171,9.335036355250615,26.312935066223144,27.66166001184238,24.96421012060391,335.4483925549915,1,0.5925062876788303,0.4646797671792307,0.12782652049959958
2012-01-18,27.87124824523925,28.195900015090963,27.676456564106488,27.765735955621142,294700,0.7399715219852738,27.02829344380035,6.053089537682288,26.423315811157227,27.903258855127774,24.94337276718668,-42.743345638235866,0,0.6402478711373085,0.4997933879708463,0.1404544831664622
2012-01-19,27.635889053344727,28.15532965607113,27.489795996814145,27.88749444983855,183800,0.7737592938537029,27.138765372808418,7.075504848715908,26.51300048828125,28.060519075988655,24.965481900573845,-37.63148965049202,0,0.651580881375164,0.5301508866517098,0.12142999472345417
2012-01-20,27.38427925109864,27.587185874459703,27.28688184268657,27.53848717025368,129500,0.7913488308753599,27.183404259770274,5.76798661822806,26.576307201385497,28.159004863136218,24.993609539634775,-29.542981501632205,0,0.6329631600846213,0.5507133413382922,0.08224981874632908
2012-01-23,27.595304489135746,27.7170497179729,27.29500351307648,27.5060250674698,115600,0.8215291780282543,27.258295210563997,5.263162872807525,26.63717927932739,28.280237635383898,24.994120923270884,-10.733590733590736,0,0.6279972930470166,0.5661701316800372,0.06182716136697941
2012-01-24,27.72516822814941,27.7332831329429,27.18137981979062,27.4411001187247,126900,0.8514820727501183,27.343181213761344,7.219090403357242,26.709414291381837,28.412378436882072,25.0064501458816,9.775086505190323,0,0.6273094927189611,0.5783980038878219,0.04891148883113916
2012-01-25,28.48809242248535,28.528676229374494,27.55472369012077,27.660236015034947,377800,0.9311936415036616,27.5513468880748,7.536755970766285,26.821418666839598,28.68380594984692,24.959031383832276,197.71473601260837,1,0.680481841380832,0.598814771386424,0.08166706999440798
2012-01-26,29.60815048217773,29.84352303850032,28.58550189721672,28.64231553548616,540100,1.1109636075986664,27.925311177911695,7.4521768461821125,26.985773754119872,29.207700969317205,24.76384653892254,42.95923769190048,1,0.8037356709759216,0.6397989513043236,0.16393671967159795
2012-01-27,30.2574462890625,30.387306453972663,29.340310228932854,29.55944674162893,496100,1.2786860995577496,28.349335743575477,10.39384919350832,27.219928455352782,29.77730065446828,24.662556256237284,-8.146639511201625,1,0.942938357720994,0.7004268325876577,0.2425115251333363
2012-01-30,30.08700561523437,30.298030319770085,29.90844672618272,30.298030319770085,300000,1.390531247687238,28.66527572024073,10.393126540284193,27.428110790252685,30.20917328562716,24.64704829487821,-39.52832090304375,0,1.0276581484811764,0.7658730957663614,0.261785052714815
2012-01-31,30.58208656311035,30.60643436719247,30.070761004620227,30.233086922756225,257100,1.4720749279302936,29.01378678258066,10.175418898366818,27.687831020355226,30.631980876215813,24.74368116449464,-14.3,0,1.1218164858192168,0.8370617737769326,0.2847547120422842
2012-02-01,31.51546669006348,31.52358159488906,30.436001677759386,30.58209473350145,471500,1.6618466395912734,29.468637674850264,13.075189215634463,27.949580955505372,31.273274234687918,24.625887676322826,83.39167639050953,1,1.2572607034242615,0.9211015597063984,0.33615914371786315
2012-02-02,31.296327590942383,31.864463820834267,31.19893015486642,31.507349176886475,568800,1.7409846065062788,29.800944932321556,13.245235318943504,28.22391128540039,31.70588049841295,24.741942072387832,20.63626723223755,1,1.3315690289293869,1.0031950535509961,0.32837397537839075
2012-02-03,31.207040786743164,31.645319857259683,31.198922787598686,31.466761029395283,241900,1.771596831266741,30.056598724034576,13.959693810422834,28.489718532562257,32.03291219509574,24.946524870028775,-57.471870604782005,0,1.3674906325778622,1.0760541693563694,0.29143646322149275
2012-02-06,31.16646194458008,31.30443697719855,30.711949944682768,31.02848381585192,182500,1.782960684514616,30.25839203686103,12.941177934276094,28.737264728546144,32.30318609757538,25.17134335951691,-24.555601488218272,0,1.3768133416731665,1.136206003819729,0.24060733785343746
2012-02-07,30.74441337585449,31.158341537841974,30.728180473957607,31.158341537841974,323800,1.7005774795347843,30.346759553041657,10.889907404203347,28.981564140319826,32.38271909938939,25.580409181250257,77.42465753424656,0,1.334759585861768,1.1759167202281369,0.15884286563363115
2012-02-08,30.83369445800781,30.96355458410592,30.70383433190971,30.70383433190971,178500,1.6421184886991855,30.43529317212641,8.23362266850518,29.198674201965332,32.482911179363704,25.91443722456696,-44.8733786287832,0,1.2937226887355955,1.1994779139296285,0.09424477480596694
2012-02-09,30.24932861328125,31.052837342548592,30.127583365278188,30.89051447335821,246000,1.6103737108894765,30.40148143415456,2.165546042767752,29.333404445648192,32.554151867427144,26.11265702386924,37.81512605042017,0,1.2002119163225338,1.1996247144082095,0.0005872019143242646
2012-02-10,29.697418212890625,30.2249767554581,29.66495240495512,29.94090558018721,185200,1.5464493310931589,30.273469939379297,-1.8508768744780468,29.447843647003175,32.54074230918949,26.354944984816857,-24.715447154471548,0,1.0692438214797448,1.1735485358225166,-0.10430471434277178
2012-02-13,29.66495513916016,29.98960705621852,29.608141518091465,29.91656052968589,220900,1.457902208573085,30.162830884793998,-1.4027666344453626,29.56837043762207,32.48417485476824,26.652566020475902,19.276457883369336,0,0.9518587290804881,1.129210574474111,-0.17735184539362292
2012-02-14,29.77857780456543,29.875975222379807,29.567556258186936,29.567556258186936,148500,1.394449482517185,30.092966688388803,-2.6273837034852754,29.669417762756346,32.45831672779072,26.880518797721976,-32.77501131733816,0,0.8581068752492307,1.0749898346291349,-0.2168829593799042
2012-02-15,29.705535888671875,29.924675468519883,29.43770068848663,29.827281131735266,190600,1.328730263979905,30.022524724803908,-5.742992224075993,29.761132144927977,32.41859267288779,27.103671616968168,28.350168350168346,0,0.7690488668457789,1.0138016410724637,-0.24475277422668484
2012-02-16,29.56754493713379,29.70551991537739,29.40521906570542,29.70551991537739,210000,1.2328659648822657,29.939801127045705,-5.523915382036481,29.857714939117432,32.323446868881966,27.391983009352902,10.178384050367262,0,0.6795021590925074,0.9469417446764725,-0.2674395855839651
2012-02-17,29.543212890625,29.664955037020107,29.51074707980892,29.58379360609004,150300,1.0912857933524212,29.867694174969213,-5.3315785610308914,29.96566162109375,32.1482332077986,27.78309003438891,-28.428571428571423,0,0.5996598497740848,0.8774853656959951,-0.2778255159219103
2012-02-21,29.453933715820312,29.61625967520632,29.03188745986075,29.46204862054004,168600,0.9486205041943467,29.792465000578503,-5.494779073110612,30.05859308242798,31.955834090816673,28.161352074039286,12.17564870259482,0,0.5231496179900539,0.806618216154807,-0.2834685981647531
2012-02-22,29.14550971984864,29.51885719533144,28.853323662128307,29.299717652041195,133500,0.8073907792318277,29.674836767718524,-5.200631530870481,30.12961015701294,31.744391715476596,28.514828598549286,-20.818505338078296,0,0.43264026158043833,0.7318226252399334,-0.299182363659495
2012-02-23,29.51885986328125,29.58379148024753,29.121164545747448,29.18609306660382,173800,0.725876200480551,29.64647733054811,-4.2642784714534425,30.181148529052734,31.632900930013836,28.729396128091633,30.18726591760299,0,0.38658091672900596,0.6627742835377479,-0.27619336680874196
2012-02-24,29.51885986328125,29.713651618070188,29.31595320442648,29.51074495921542,187200,0.7298496523045793,29.623274154681404,-2.414826323382535,30.17668399810791,31.63638330271707,28.716984693498752,7.7100115074798525,0,0.34608905490262387,0.5994372378107232,-0.25334818290809935
2012-02-27,29.15362930297852,29.36465397681045,29.11304858758318,29.21856092449915,89500,0.7643410491555803,29.537884181644515,-1.8310982658959363,30.12149314880371,31.650175247114873,28.59281105049255,-52.19017094017093,0,0.2812854255284343,0.5358068753542654,-0.25452144982583114
2012-02-28,28.820863723754883,29.299723616699985,28.804633913786123,29.23479508849417,86800,0.8179055181544965,29.40751682566458,-2.845416119611821,30.058186054229736,31.69399709053873,28.422375017920743,-3.016759776536315,0,0.20076241698632913,0.4687979836806782,-0.2680355666943491
2012-02-29,29.12116241455078,29.46204409034703,28.690998223904973,28.820858352223976,160000,0.8337374913649684,29.355452387280252,-2.207678937285773,29.985139846801758,31.652614829531693,28.317664864071823,84.33179723502305,0,0.1593421501067276,0.40690681696588815,-0.24756466685916056
2012-03-01,29.526975631713867,29.575671244648102,29.153625054596592,29.153625054596592,124000,0.7566392191779544,29.386638431722726,-0.6011009450467508,29.885715293884278,31.398993732240186,28.37243685552837,-22.499999999999996,0,0.15744707343507613,0.3570148682597258,-0.19956779482464965
2012-03-02,29.275362014770508,29.58378089276316,29.14550192342236,29.494501499440908,81600,0.6903867806746551,29.36640635591323,-0.9881879709137786,29.784667015075684,31.165440576424995,28.403893453726372,-34.193548387096776,0,0.13409631658932497,0.31243115792564563,-0.17833484133632066
2012-03-05,29.526975631713867,29.66495066317376,29.275370279151524,29.275370279151524,295600,0.6051607436806431,29.395600769695164,-0.05496104628581744,29.700663757324218,30.910985244685506,28.49034226996293,262.2549019607843,1,0.13434514244537965,0.2768139548295924,-0.14246881238421277
2012-03-06,29.307830810546875,29.39711021300461,29.21043650609713,29.283483008461715,140900,0.5021636817361506,29.379642595304563,-0.4960386842826403,29.607732200622557,30.612059564094857,28.603404837150258,-52.334235453315294,0,0.11552745454782354,0.24455665477323865,-0.1290292002254151
2012-03-07,29.332178115844727,29.616249218499863,29.291597414353724,29.462038218281368,77100,0.4276843671306914,29.371012689948227,0.6404705142931899,29.53712043762207,30.392489171883454,28.68175170336069,-45.28034066713982,0,0.10140993477095961,0.21592731077278285,-0.11451737600182324
2012-03-08,29.462053298950195,29.632494190121,29.21045096325348,29.535099837467776,253800,0.2996335789786607,29.38756552794858,-0.1924415935918855,29.46853837966919,30.067805537626512,28.86927122171187,229.1828793774319,1,0.09955394459782951,0.1926526375377922,-0.09309869293996267
2012-03-09,30.40352439880371,30.40352439880371,29.40522429183973,29.47015589039464,290300,0.32193510309075696,29.572285322649513,2.9969468320248493,29.47624816894531,30.120118375126825,28.832377962763797,14.381402679275013,1,0.1720684110362818,0.18853579223749012,-0.01646738120120833
2012-03-12,30.711950302124023,30.7687639157587,30.192509779687125,30.387298427546096,171500,0.4227592202012706,29.779497137099423,5.345204135480652,29.526974773406984,30.372493213809523,28.681456333004444,-40.923182914226665,0,0.2515246216328606,0.20113355811656425,0.05039106351629635
2012-03-13,30.43599510192871,30.79310966319192,30.21685556566168,30.752528955611247,157800,0.46866754304436725,29.898860403432018,5.604035304613708,29.56552677154541,30.502861857634144,28.628191685456677,-7.98833819241983,0,0.28889674078402194,0.2186861946500558,0.07021054613396616
2012-03-14,30.15193748474121,30.38730690858615,29.94091277853604,30.22498402210291,181700,0.4847600036427417,29.944874418215505,3.539608259852245,29.5841947555542,30.553714762839682,28.61467474826872,15.145754119138143,0,0.29222475366773537,0.23339390645359173,0.05883084721414364
2012-03-15,30.43599510192871,30.5009267109454,30.078880540665512,30.21685556566168,128700,0.5205773408280464,30.034169087981542,3.0786067681056295,29.62071771621704,30.661872397873132,28.579563034560948,-29.168959823885523,0,0.3141618414443741,0.2495474934517482,0.06461434799262589
2012-03-16,30.63891220092773,30.841818904245137,30.46847131320765,30.50093712880498,292100,0.5677988831050641,30.144122381244486,4.657671476339931,29.674286079406738,30.809883845616866,28.53868831319661,126.96192696192696,1,0.3439559455605341,0.2684291838735054,0.07552676168702871
2012-03-19,30.98789978027344,31.09341209137568,30.5820865333826,30.59831943479136,190800,0.637823627876904,30.297536453795203,4.947760877312635,29.74652042388916,31.022167679642966,28.470873168135352,-34.67990414241699,0,0.3912186437695979,0.29298707585272393,0.09823156791687399
2012-03-20,30.427892684936523,30.906752661551355,30.33861323395753,30.79312229914396,102100,0.6513464595902058,30.32123758672999,3.8217153689401595,29.79521837234497,31.09791129152538,28.492525453164557,-46.48846960167715,0,0.37911656047324627,0.3102129727768284,0.06890358769641786
2012-03-21,30.51716995239257,30.75254249453745,30.070775780259428,30.354847050606622,188300,0.6515492532628739,30.356861653214093,4.039903998495542,29.863801383972167,31.166899890497916,28.560702877446417,84.42703232125368,0,0.37243628793871153,0.32265763580920503,0.049778652129506495
2012-03-22,30.1762752532959,30.40352969561157,29.79480978560067,30.28178757127513,228200,0.6498120244664671,30.324027762319872,2.424209701538871,29.8966721534729,31.196296202405833,28.597048104539965,21.189591078066904,0,0.3357642888690293,0.3252789664211699,0.010485322447859435
2012-03-23,30.36295890808105,30.638912147960085,30.070772760431424,30.22498383619683,130700,0.6513917782521123,30.33110615245827,-0.1334236458594762,29.93887710571289,31.241660662217114,28.636093549208667,-42.72567922874671,0,0.31809843540563065,0.3238428602180621,-0.005744424812431426
2012-03-26,30.92298126220703,30.99602780140733,30.4684722148369,30.51716784356332,177000,0.65923521431489,30.438719808776224,0.6871297915209684,30.027344703674316,31.345815132304097,28.708874275044536,35.424636572302994,0,0.3453067615351735,0.32813564048148436,0.01717112105368912
2012-03-27,30.76065254211425,31.296326029362792,30.72006873105248,30.89862759217202,140300,0.6134988219472121,30.4972530330195,1.0666890932866657,30.124334144592286,31.35133178848671,28.89733650069786,-20.734463276836156,0,0.3497394067684638,0.3324563937388803,0.017283013029583516
2012-03-28,32.838417053222656,33.723090320862305,31.247629390932563,31.247629390932563,1040600,0.821430994590681,30.922919218510984,8.909807437220163,30.31019687652588,31.95305886570724,28.667334887344516,641.696364932288,1,0.5149742390280565,0.36895996279671556,0.14601427623134094
2012-03-29,32.46506118774414,33.46336144773413,32.30273526258352,32.73289942867559,686100,0.929590063678896,31.203308667462466,6.666665831099605,30.457101154327393,32.316281281685185,28.5979210269696,-34.066884489717474,1,0.6087797025091888,0.4169239107392102,0.19185579176997858
2012-03-30,32.65985107421875,32.83840679532128,32.37577994718994,32.47317425834672,296300,1.0079023957878988,31.46813455959997,6.595987677492765,30.626325607299805,32.6421303988756,28.61052081572401,-56.813875528348646,0,0.6908751454395663,0.4717141576792815,0.2191609877602848
2012-04-02,32.18098831176758,32.757242318312,32.12417471090315,32.54621771843636,246900,1.030015179750503,31.59774433272135,3.8501755199739085,30.75902624130249,32.81905660080349,28.698995881801483,-16.67229159635505,0,0.7091218373924519,0.5191956936219156,0.1899261437705363
2012-04-03,32.46506118774414,32.70854852743032,32.270269458329494,32.270269458329494,311800,1.037808318609138,31.75543830636186,6.695069303357082,30.916887760162354,32.99250439738063,28.84127112294408,26.28594572701499,0,0.7379976022494859,0.5629560753474298,0.1750415269020561
2012-04-04,32.73291015625,33.11437264486844,32.116072057704855,32.262165128617625,273700,1.043078938908092,31.933160460886974,7.260634610987937,31.086924362182618,33.1730822399988,29.000766484366434,-12.2193713919179,0,0.773577704941367,0.6050804012662172,0.1684973036751498
2012-04-05,32.392032623291016,32.56247354589454,32.23782461180848,32.56247354589454,385400,1.008023664146547,32.01659176314225,7.3427132785485405,31.23342332839966,33.24947065669275,29.217376000106565,40.811107051516245,0,0.7654456436811117,0.6371534497491962,0.1282921939319155
2012-04-09,32.197227478027344,32.27027399982421,31.791414156069187,31.978091008746688,183000,1.0100922342143723,32.04943462039408,6.041139058611655,31.32310848236084,33.34329295078958,29.302924013932095,-52.516865594187855,0,0.7348113317475544,0.6566850261488679,0.0781263055986865
2012-04-10,30.76065254211425,32.05925399722886,30.752534541457862,32.03490618747986,233900,1.008598920828262,31.815110606161383,-0.5249452461143278,31.32554359436035,33.34274143601687,29.308345752703826,27.814207650273225,0,0.5878376015074274,0.6429155412205798,-0.055077939713152446
2012-04-11,31.66967391967773,31.89692840287125,31.052835899423727,31.052835899423727,259500,0.9888641774642875,31.788667572255264,2.955143348532485,31.387227535247803,33.364955890176375,29.409499180319226,10.944848225737491,0,0.5385027648969221,0.6220329859558483,-0.08353022105892627
2012-04-12,32.0349006652832,32.09171427564402,31.531689979073747,31.73459661496511,168800,0.9540897101562805,31.833437225533068,-2.4468791739783335,31.481375694274902,33.389555114587466,29.573196273962342,-34.95183044315993,0,0.5228482285706484,0.6021960344788084,-0.07934780590816004
2012-04-13,31.434297561645508,32.04301750612999,31.36936904421089,31.84822885771641,87300,0.9220977714788742,31.760866377553512,-3.1749936343497653,31.531290817260743,33.37548636021849,29.687095274302994,-48.28199052132701,0,0.4567135353915468,0.5730995346613561,-0.1163859992698093
2012-04-16,31.2232723236084,31.775178589138072,31.174573619199528,31.49110745758373,93200,0.9013581466774491,31.663122004108946,-4.39860778099006,31.560508823394777,33.363225116749675,29.75779253003988,6.7583046964490245,0,0.3828599700614639,0.5350516217413777,-0.15219165167991378
2012-04-17,31.49921607971192,32.075469977852535,31.40993669626029,31.40993669626029,178800,0.891459097544865,31.63332092694585,-2.1185559170858514,31.5860746383667,33.36899283345643,29.80315644327697,91.84549356223175,0,0.34264702084460197,0.49657070156202254,-0.15392368071742057
2012-04-18,31.37748908996582,31.51546724330445,31.19081531459848,31.353141278951465,211100,0.8508918836770709,31.58680604749493,-3.3499770460586387,31.633554458618164,33.33533822597231,29.93177069126402,18.064876957494413,0,0.2975259244602526,0.4567617461416686,-0.15923582168141598
2012-04-19,30.914857864379883,31.43429840218537,30.78499772992852,31.42618349833021,136600,0.8277625390967123,31.46463365056492,-5.554203042722672,31.65343885421753,33.308963932410954,29.997913776024106,-35.29133112269067,0,0.22187897426098147,0.4097851917655312,-0.18790621750454972
2012-04-20,31.81575965881348,32.09171279473594,31.109645465406647,31.109645465406647,152400,0.7514395267689843,31.528474742973746,-1.7790577429314336,31.735413074493408,33.238292128031375,30.23253402095544,11.566617862371897,0,0.23194969517920683,0.37421809244826637,-0.14226839726905954
2012-04-23,31.53980827331543,31.702134202768622,30.996016874063653,31.61285478676389,153500,0.6810961738776137,31.530535384854048,-2.04185035857688,31.794255542755128,33.15644789051036,30.432063194999902,0.7217847769028785,0,0.2151833438340489,0.3424111427254229,-0.12722779889137398
2012-04-24,31.34501838684082,31.767064589859,31.17457754411514,31.426182904407643,150500,0.6588561598041156,31.496805021578915,1.899718622439872,31.815357398986816,33.133069718595046,30.497645079378586,-1.9543973941368087,0,0.18405628737665936,0.3107401716556702,-0.12668388427901084
2012-04-25,31.40183448791504,31.629092058989777,31.271974345633765,31.466766107110683,220500,0.6192431924031132,31.479537651821843,-0.8457284165350076,31.847416496276857,33.085902881083086,30.60893011147063,46.51162790697674,0,0.16210382343018992,0.28101290201057416,-0.11890907858038424
2012-04-26,31.612871170043945,31.78331209105101,31.328799872254315,31.336917875794377,189800,0.5750794803657159,31.503780109680406,-1.3174053500238259,31.78613920211792,32.936298162849354,30.635980241386488,-13.922902494331069,0,0.1598920975629845,0.25678874112105626,-0.09689664355807176
2012-04-27,32.010555267333984,32.075486888115776,31.62909283162625,31.710254261493404,292000,0.5554851124156128,31.595921047435603,1.8332132428230175,31.763413906097412,32.87438413092864,30.652443681266185,53.846153846153854,0,0.1880612192734894,0.2430432367515429,-0.05498201747805351
2012-04-30,32.0186767578125,32.06737238259626,31.36125795823789,31.96186313149116,192000,0.5182823247119517,31.672785722049582,2.547473006545453,31.7313551902771,32.767919839701,30.694790540853198,-34.24657534246576,0,0.20863576436378395,0.23616174227399114,-0.027525977910207194
2012-05-01,31.978099822998047,32.2297021704519,31.81577383025024,32.17288853740679,334500,0.5109521337638725,31.728297376767483,1.520303686524338,31.721210765838624,32.743115033366365,30.69930649831088,74.21875,1,0.2191409001688278,0.2327575738529585,-0.013616673684130692
2012-05-02,32.1890983581543,32.40011983009042,31.77517031484905,32.06735317688939,220000,0.4932260692126034,31.812079373383263,2.5865972444812924,31.70741262435913,32.69386476278434,30.720960485933922,-34.23019431988041,0,0.24170587945682342,0.2345472349737315,0.007158644483091919
2012-05-03,32.20534896850586,32.278395498219055,31.4911165775446,32.24592968587758,228000,0.44748105083283046,31.883582936132825,4.1743394382960375,31.681034564971924,32.575996666637586,30.78607246330626,3.6363636363636376,0,0.25792685631213885,0.239223159241413,0.01870369707072586
2012-05-04,31.44243812561035,32.124205076537685,31.190832586729467,32.124205076537685,295400,0.4174401982179022,31.8033747887651,-1.1733855711966723,31.63355484008789,32.468435236523696,30.798674443652086,29.56140350877192,0,0.2068372768502833,0.2327459827631871,-0.025908705912903784
2012-05-07,31.73459815979004,31.856343385695176,31.271971255126044,31.29632215797289,178000,0.3968727542375571,31.79086994713327,0.617600096952442,31.610423374176026,32.40416888265114,30.81667786570091,-39.74272173324306,0,0.187758922142649,0.2237485706390795,-0.03598964849643049
2012-05-08,31.92938995361328,32.026784276828955,31.31255511176774,31.482995951422595,337100,0.3482273556312775,31.816055402856907,1.864320382781437,31.668860244750977,32.365314956013535,30.972405533488423,89.38202247191012,1,0.18621073694003343,0.21624100389927028,-0.030030266959236857
2012-05-09,30.11134147644043,31.5316878309161,29.705528232304527,31.5316878309161,701300,0.4924924570290369,31.50610741623573,-4.109610258506569,31.590943622589112,32.57592853664718,30.605958708531038,108.03915752002374,1,0.0378462034946736,0.18056204381835095,-0.14271584032367735
2012-05-10,29.746118545532227,30.60644082992941,29.591907497491206,30.27367402073408,354300,0.6304878275871225,31.186109439744182,-5.90503979999335,31.476504516601562,32.73748017177581,30.215528861427316,-49.47953800085555,1,-0.10795970413176548,0.12285769422832765,-0.23081739836009313
2012-05-11,29.770463943481445,30.09511582201033,29.559439293604736,29.656836714829264,155000,0.7371052559493052,30.92871934951459,-6.997977089571139,31.393312835693358,32.86752334759197,29.919102323794746,-56.25176404177251,0,-0.2190227087989065,0.05448161362288082,-0.27350432242178735
2012-05-14,29.56754493713379,29.75421860563844,29.22666029752337,29.4457997595354,304200,0.8426337780204115,30.68123309271808,-7.655318922824128,31.31052646636963,32.99579402241045,29.625258910328807,96.25806451612904,0,-0.3197291692718487,-0.020360542956065077,-0.2993686263157836
2012-05-15,29.697418212890625,29.78669763665834,29.49451155745849,29.721766020787328,168000,0.9146409327959991,30.502357660022177,-7.132011041091313,31.220436573028564,33.049718438620566,29.391154707436566,-44.77317554240631,0,-0.3846263437213686,-0.0932137031091258,-0.2914126406122428
2012-05-16,29.37277030944824,29.95714254710363,29.21856234500486,29.80293458266025,222100,1.002183220511501,30.296978141736005,-8.749322573033835,31.120200634002686,33.12456707502569,29.115834192979683,32.20238095238095,0,-0.45698634057355747,-0.16596823060201216,-0.2910181099715453
2012-05-17,29.13740539550781,29.421473556923463,29.0237750348308,29.315961198635897,373900,1.095790927591089,30.086146733330878,-9.526192608557803,31.031328010559083,33.22290986574126,28.839746155376904,68.34759117514633,0,-0.5272463729450365,-0.23822385907061705,-0.28902251387441946
2012-05-18,29.08870315551757,29.28349493989324,28.910144277849085,29.13740187563909,196500,1.1607849848692748,29.904793355546637,-7.4858538663247876,30.894975185394287,33.216545155132835,28.573405215655736,-47.44584113399305,0,-0.5801699801533111,-0.30661308328715586,-0.27355689686615525
2012-05-21,29.1779727935791,29.1779727935791,28.64229943661469,29.03999468096968,130900,1.2107933023960453,29.77264416246163,-8.056271433902573,30.77688341140747,33.198470016199565,28.35529680661538,-33.38422391857506,0,-0.6079014963810607,-0.36687076590593687,-0.24103073047512386
2012-05-22,29.397123336791992,29.60003003437645,29.1617508245275,29.1617508245275,122800,1.2406626785779333,29.704367648703514,-7.9308330679043415,30.67948865890503,33.1608140160609,28.19816330174916,-6.187929717341478,0,-0.6052187207888835,-0.4145403568825262,-0.19067836390635728
2012-05-23,29.275362014770508,29.421455004550776,29.104921225396463,29.177967720286595,218000,1.2663525665933861,29.626366624352055,-2.776294315296468,30.573165035247804,33.10587016843458,28.04045990206103,77.5244299674267,0,-0.6059329055341749,-0.452818866612856,-0.15311403892131892
2012-05-24,29.41334724426269,29.689300392386087,29.10492829139313,29.28348712138754,195000,1.2668157516093161,29.58763582797217,-1.1187049522449866,30.46318883895874,32.99682034217737,27.929557335740107,-10.550458715596333,0,-0.588579864955932,-0.47997106628147124,-0.10860879867446072
2012-05-25,29.559438705444336,29.72176464147889,29.34841715587621,29.41334876873392,108500,1.2271842748029682,29.582509078421655,-0.7088409452997935,30.34063301086426,32.7950015604702,27.88626446125832,-44.35897435897436,0,-0.5566226953493079,-0.4953013920950386,-0.061321303254269266
2012-05-29,30.11134147644043,30.41164550629973,29.737994034901643,29.737994034901643,149000,1.1623137324333102,29.678660423515975,1.8391670342020383,30.245266246795655,32.569893711662274,27.920638781929036,37.32718894009217,0,-0.48121531640027726,-0.4924841769560863,0.011268860555809057
2012-05-30,29.7136459350586,30.06264556922816,29.60813362572355,29.87597185031805,160000,1.0928478350757365,29.685021425614636,0.054643545279398076,30.13204355239868,32.31773922255015,27.94634788224721,7.38255033557047,0,-0.4483765263208035,-0.4836626468290298,0.035286120508226326
2012-05-31,29.851625442504883,30.11134570755789,29.5594393702928,29.7948118280314,432700,0.9804934923659911,29.715313065049223,1.6302688783244035,30.01516990661621,31.976156891348193,28.05418292188423,170.43750000000003,1,-0.40653151325631853,-0.4682364201144876,0.06170490685816904
2012-06-01,29.624366760253903,29.973366397173045,29.34029872839384,29.7055281704684,202300,0.8363061514770973,29.698777373268257,1.6712585013529457,29.886120796203613,31.55873309915781,28.213508493249417,-53.24705338571758,0,-0.38724301883258505,-0.4520377398581071,0.06479472102552203
2012-06-04,29.58379554748535,29.794817139417614,29.299724328368065,29.62437626561344,235900,0.7534237961504757,29.677871586762272,1.7020091590912667,29.793188667297365,31.300036259598315,28.286341074996415,16.608996539792397,0,-0.37095437471766246,-0.4358210668300182,0.06486669211235574
2012-06-05,29.32406997680664,29.55943933817976,29.186091844585373,29.45393010919207,183400,0.6046212445424533,29.613544021315793,0.5007105334599915,29.672662258148193,30.8819047472331,28.463419769063286,-22.25519287833828,0,-0.37468406516931196,-0.423593666497877,0.04890960132856503
2012-06-06,29.867855072021484,29.908435778467048,29.315948795255405,29.51885542359265,236300,0.2972287952152283,29.659782394171373,1.601285029955113,29.569585514068603,30.164043104499058,28.975127923638148,28.844056706652133,0,-0.3299574154471223,-0.4048664162877261,0.07490900084060381
2012-06-07,29.48639488220215,30.249322746196263,29.445811076665816,30.103229715372542,153200,0.2687639762416508,29.62825739199515,0.7208548516843827,29.53833818435669,30.07586613683999,29.000810231873388,-35.16716038933559,0,-0.32158484273929133,-0.3882101015780392,0.06662525883874787
2012-06-08,29.405237197875977,29.6081438882528,29.315957758732512,29.42147010463937,248400,0.26568487596677465,29.58770826579166,-0.027572674131115527,29.521294116973877,30.052663868907427,28.989924365040327,62.14099216710183,0,-0.3178344675128564,-0.3741349747650027,0.056300507252146303
2012-06-11,29.445810317993164,29.843508690790937,29.380881803805323,29.608136247627144,243600,0.25950588834935157,29.561908638919206,-0.38440644487015563,29.505061435699464,30.024073212398168,28.98604965900076,-1.9323671497584516,0,-0.3080374919555844,-0.36091547820311903,0.05287798624753465
2012-06-12,29.794822692871094,29.90844996325285,28.926382159398067,29.35654342473212,419900,0.2672469245517772,29.604256648728636,-1.0511613500082229,29.516425323486327,30.050919172589882,28.981931474382773,72.37274220032842,1,-0.269009957076225,-0.3425343739777402,0.07352441690151523
2012-06-13,30.095129013061523,30.419777937778107,29.69743044235313,29.80294281353881,182000,0.29479951217999434,29.693506169516432,1.2838649246769807,29.536310863494872,30.12590988785486,28.946711839134885,-56.656346749226,0,-0.21141112834272136,-0.3163097248507365,0.10489859650801514
2012-06-14,30.630788803100582,30.84992525735337,29.949022345120472,30.06264957209887,200100,0.3799746678673277,29.863921193804458,2.6101203838845954,29.59921178817749,30.35916112391215,28.839262452442835,9.945054945054954,0,-0.12114390174392042,-0.27727656022937325,0.15613265848545282
2012-06-15,31.16646194458008,31.28820407404761,30.50904329946053,30.67136923486026,423700,0.5015968501046688,30.100746784854568,5.20549585686052,29.700664615631105,30.703858315840442,28.697470915421768,111.74412793603197,1,-0.006309397803551775,-0.22308312774420896,0.2167737299406572
2012-06-18,31.45054054260254,31.69402797919409,30.76877386247976,30.955447667070302,147700,0.61511846268751,30.346163831717835,6.310025338435188,29.81875648498535,31.04899341036037,28.58851955961033,-65.14042954920934,0,0.106394097693439,-0.1571876826566794,0.26358178035011837
2012-06-19,31.710250854492188,31.880691696566824,31.231391039061243,31.36936917034292,129900,0.7267653404481166,30.594179654040442,8.137277259169196,29.945370388031005,31.398901068927238,28.491839707134773,-12.051455653351384,0,0.21419972049631752,-0.08291020202608002,0.29710992252239754
2012-06-20,32.46506118774414,32.67608272317629,31.921272898981982,31.921272898981982,246100,0.9065035229576566,30.93433993289566,8.695656616318503,30.098767280578613,31.911774326493926,28.2857602346633,89.45342571208622,0,0.3564345829460649,0.004958754968348966,0.3514758279777159
2012-06-21,31.88880920410156,32.67608488462643,31.64532184830924,32.50564404518277,138400,0.9678509196640486,31.107879800387643,8.147534927538725,30.229439640045165,32.16514147937326,28.293737800717068,-43.76269809020723,0,0.41784140146430815,0.0875352842675408,0.33030611719676733
2012-06-22,31.856351852416992,32.16477090286726,31.77519041098244,31.969979108869584,268900,1.012563074675607,31.24396562802934,8.335639797927108,30.35158987045288,32.37671601980409,28.326463721101668,94.29190751445087,0,0.45860124089306,0.16174847559264466,0.2968527653004153
2012-06-25,31.60472869873047,31.71024099028738,31.393707211725435,31.65342739393569,143300,1.0314549897217145,31.30955891361136,7.331835522346197,30.453854370117188,32.51676434956062,28.39094439067376,-46.7088136853849,0,0.46523686076802306,0.22244615262772036,0.2427907081403027
2012-06-26,31.588512420654297,31.94563018117284,31.45865226122313,31.57228260982202,243500,1.0581791866470447,31.360277733073712,6.020138955927989,30.527712917327882,32.64407129062197,28.41135454403379,69.9232379623168,0,0.46384025745295077,0.2707249735927664,0.19311528386018434
2012-06-27,31.9375114440918,32.197231756972506,31.491117349834965,31.491117349834965,188800,1.0846456752113351,31.46522931689518,6.121862545366286,30.63890619277954,32.80819754320221,28.46961484235687,-22.46406570841889,0,0.4853005016546419,0.31364007920514153,0.17166042244950036
2012-06-28,31.92129135131836,32.14042791643276,31.55605858260886,31.74273242081343,191000,1.1041356095373724,31.5481496867903,4.213089504528678,30.742389488220216,32.95066070729496,28.53411826914547,1.165254237288127,0,0.495289682712162,0.34996999990654565,0.14531968280561636
2012-06-29,32.65985107421875,32.9682669089001,32.4001277509518,32.4001277509518,175200,1.150038198524301,31.75027721177729,4.79165435041744,30.89416370391846,33.19424010096706,28.594087306869856,-8.272251308900525,0,0.556388082430626,0.39125361641136175,0.16513446601926424
2012-07-02,32.530006408691406,33.03321420076207,32.35144750668438,32.73291312602273,213500,1.1619873636115616,31.892046156670766,3.432264906946947,31.04147424697876,33.36544897420188,28.717499519755634,21.860730593607315,0,0.5875586150747587,0.4305146161440412,0.15704399893071752
2012-07-03,32.95203399658203,32.95203399658203,32.31896633011238,32.56245365597692,161000,1.1629529794048454,32.08477121847281,3.9160306482215246,31.22287244796753,33.54877840677722,28.896966489157837,-24.590163934426236,0,0.6389501662934869,0.4722017261739304,0.16674844011955647
2012-07-05,33.382205963134766,33.39843886814535,32.74913505216226,32.74913505216226,256600,1.211911257936274,32.32066844477498,2.8250209358510414,31.398589992523192,33.82241250839574,28.974767476650644,59.378881987577635,0,0.7062484312036119,0.5190110671798668,0.18723736402374513
2012-07-06,33.64191055297852,33.70683904661363,32.96014434121244,33.236097405406056,142700,1.2229909522767184,32.560894282630166,5.497544099738527,31.606365776062013,34.05234768061545,29.160383871508575,-44.38815276695246,0,0.7716437521184112,0.5695376041675757,0.20210614795083548
2012-07-09,33.30914306640625,33.62567681825361,33.1468171921975,33.62567681825361,472200,1.1632732843813303,32.696939516044,4.560444399659125,31.801561069488525,34.12810763825119,29.475014500725862,230.90399439383322,1,0.7875401869305811,0.6131381207201768,0.17440206621040433
2012-07-10,32.78160095214844,33.50394819849646,32.53811356854158,33.37408805416546,203400,1.0403802837029428,32.71233250442662,3.7237220563935525,31.96835060119629,34.049111168602174,29.887590033790403,-56.92503176620076,0,0.748936710082738,0.6402978385926891,0.10863887149004892
2012-07-11,32.92768859863281,33.03320091612327,32.69231615811931,32.74912976843505,147700,0.9253959307840367,32.75148815791865,4.239440465398081,32.124993896484376,33.97578575805245,30.274202034916303,-27.384464110127826,0,0.7218106449205557,0.6566003998582625,0.06521024506229323
2012-07-12,32.18098831176758,32.65984801627427,32.107941811212015,32.65984801627427,133600,0.7925986050033281,32.64776091316391,0.7623539113308597,32.22928686141968,33.814484071426335,30.644089651413026,-9.546377792823291,0,0.6327664325800768,0.6518336064026253,-0.019067173822548522
2012-07-13,32.33522033691406,32.42449980376371,32.03491920887454,32.29463960546732,261400,0.6976203891771843,32.59093535384575,1.2967175451647606,32.31450843811035,33.70974921646472,30.919267659755985,95.65868263473054,0,0.5680948444893339,0.6350858540199671,-0.0669910095306332
2012-07-16,32.21345901489258,32.32708934094931,31.896925132580503,32.180996303557606,97500,0.6441722567876174,32.5223032922179,-1.3667914722322427,32.366858291625974,33.655202805201206,31.078513778050738,-62.7008416220352,0,0.5012390521260492,0.6083164936411836,-0.10707744151513432
2012-07-17,32.22968673706055,32.34331394873966,31.986199412589688,32.318966145125366,121200,0.6084070837017901,32.46910028218929,-0.9232081539050085,32.40581560134888,33.62262976875246,31.189001433945297,24.307692307692296,0,0.4444415510214803,0.575541505117243,-0.1310999540957627
2012-07-18,32.15664291381836,32.45694696530069,32.026782790188825,32.18910871875313,141600,0.589439422720379,32.41228985157639,-2.4137844809403064,32.42813520431518,33.60701404975594,31.249256358874426,16.831683168316825,0,0.3890503656692772,0.5382432772276499,-0.14919291155837267
2012-07-19,32.09172058105469,32.302742161555216,32.03490695953108,32.21346272884378,170200,0.5941017074959679,32.35400452966335,-3.8657882091591267,32.40946817398071,33.59767158897265,31.221264758988777,20.197740112994357,0,0.3360401014188028,0.4978026420658805,-0.16176254064707768
2012-07-20,31.491107940673828,32.10794582154461,31.491107940673828,31.97808570390488,78800,0.6185965175340615,32.197114240756164,-6.393223740719655,32.389583110809326,33.62677614587745,31.152390075741202,-53.7015276145711,0,0.24276620681703776,0.44679535501611195,-0.2040291481990742
2012-07-23,31.31255531311035,31.393716733627,30.81746259807348,31.117763569316768,124700,0.6541945206805893,32.03628534482056,-5.994113235862697,32.36239328384399,33.670782325205174,31.054004242482815,58.24873096446701,0,0.1526782882571176,0.3879719416643131,-0.2352936534071955
2012-07-24,31.231395721435547,31.48300111848898,30.86616307929677,31.312560250860955,153600,0.6816994990819637,31.88994177693238,-4.728888113108742,32.34372663497925,33.70712563314318,30.98032763681532,23.17562149157979,0,0.07388239274742858,0.3251540318809362,-0.25127163913350764
2012-07-25,31.73459815979004,31.807644676111178,30.84181015685138,31.35313577109937,309000,0.6739198715266855,31.861697482906497,-3.6233652880582445,32.35103092193604,33.69887066498941,31.003191178882666,101.171875,1,0.05144725724250776,0.27041267695325055,-0.2189654197107428
2012-07-26,31.44243812561035,32.04304050136064,31.15836675665865,31.95376101672188,138600,0.6985503599740288,31.785468508852652,-2.2949891376927156,32.32627725601196,33.72337797596002,30.929176536063906,-55.14563106796116,0,0.009977364792778332,0.21832561452115612,-0.2083482497283778
2012-07-27,31.60472869873047,31.864448880940724,31.40182211287191,31.47486860762534,102200,0.7116728863016268,31.752606725194074,-2.259120644833401,32.31044912338257,33.733794895985824,30.887103350779313,-26.262626262626267,0,-0.009680737302616649,0.17272434415640156,-0.1824050814590182
2012-07-30,31.6534423828125,31.75083672323336,31.409954983705227,31.604743664546945,89200,0.7211839992985325,31.734576844761058,-1.7384554444189848,32.26012868881226,33.70249668740932,30.817760690215195,-12.720156555772999,0,-0.02108607055825118,0.13396226121347102,-0.1550483317717222
2012-07-31,31.64533042907715,31.69402605577382,31.304445561647725,31.547932983462715,121100,0.7308261796754432,31.71835022372762,-1.813099558648379,32.215894889831546,33.67754724918243,30.75424253048066,35.76233183856503,0,-0.030428683286611857,0.10108407231345445,-0.1315127556000663
2012-08-01,31.369369506835938,31.978089460297618,31.22327647031635,31.74271700189276,140000,0.7326050953274191,31.654899184292766,-2.448245014544459,32.13676166534424,33.601971855999075,30.6715514746894,15.606936416184979,0,-0.05941560519518063,0.06898413681172744,-0.12839974200690807
2012-08-02,30.979782104492188,31.22327253205268,30.57396885337056,31.22327253205268,288800,0.7143779949532759,31.53215062432902,-3.4648764741487037,32.01664047241211,33.445396462318655,30.587884482505554,106.28571428571428,1,-0.11252725297210375,0.0326818588549612,-0.14520911182706495
2012-08-03,31.79140853881836,32.26215339524629,31.060946546025587,31.304433876956512,149400,0.6041257788913776,31.579288426963444,0.9536044229065288,31.9241153717041,33.13236692948686,30.715863813921345,-48.26869806094183,0,-0.0881114523043891,0.008523196623091141,-0.09663464892748025
2012-08-06,31.588512420654297,32.07549034060401,31.353143010261213,31.75083839397087,114900,0.5119976517425285,31.580965516725417,0.8812985870508161,31.838083839416505,32.862079142901564,30.814088535931447,-23.092369477911646,0,-0.08416358995611262,-0.010014160692749612,-0.074149429263363
2012-08-07,31.361251831054688,31.85634456036404,31.21515879302538,31.694018618541488,135600,0.47111094644233686,31.541017573876193,0.4157870841808631,31.767066383361815,32.70928827624649,30.82484449047714,18.01566579634464,0,-0.09824045606206155,-0.027659419766612,-0.07058103629544955
2012-08-08,32.651729583740234,33.43900817968068,31.84822118443374,31.84822118443374,711500,0.4382226264262374,31.74296521203329,2.890004843711136,31.753268432617187,32.62971368546966,30.876823179764713,424.7050147492625,1,-0.005205696175146102,-0.023168675048318824,0.017962978873172723
2012-08-09,33.43901062011719,34.015264661046984,32.76535917522886,32.97638378769645,369600,0.5725471139983043,32.05133710441218,6.349928992563059,31.81616954803467,32.961263776031274,30.67107532003806,-48.05340829234013,1,0.1305471550275783,0.007574490966860598,0.1229726640607177
2012-08-10,32.846534729003906,33.585114928900694,32.66797585778372,33.34974243431231,511600,0.6073046717192081,32.19591849070158,3.9291779471067656,31.84173526763916,33.05634461107758,30.627125924200744,38.41991341991342,1,0.18815547556737044,0.04369068788696257,0.14446478768040788
2012-08-13,32.74102783203125,33.26858653230802,32.513773300766566,32.870888006484044,287300,0.635120894037028,32.29502928003424,3.435915234954967,31.868113708496093,33.13835549657015,30.597871920422037,-43.842845973416736,0,0.22272947309141244,0.07949844492785255,0.1432310281635599
2012-08-14,32.67608642578125,33.033204120822376,32.6598566179247,32.887111081234615,351400,0.6559971788126474,32.36431239744279,3.2572135690420723,31.890433692932127,33.20242805055742,30.578439335306832,22.311172989906012,1,0.24209862423599304,0.11201848078948065,0.1300801434465124
2012-08-15,32.49753189086914,32.84653159893644,32.45695117748898,32.667972744731784,229600,0.667603896172632,32.38853412352031,3.5963820815313463,31.90747814178467,33.24268593412993,30.572270349439403,-34.66135458167331,0,0.24027125982082254,0.13766903659574903,0.10260222322507351
2012-08-16,32.78160095214844,32.91146109647943,32.48941485337619,32.48941485337619,172700,0.6948893492515571,32.46000081963451,5.816112074574531,31.941972160339354,33.33175085884247,30.55219346183624,-24.782229965156798,0,0.2587622098560516,0.16188767124780956,0.09687453860824202
2012-08-17,32.635501861572266,32.81406068801545,32.55434044743054,32.708548372743614,202300,0.7028803887152681,32.491910099986825,2.6550988507578754,31.99919185638428,33.404952633814815,30.593431078953742,17.13954834973943,0,0.2586459360216651,0.18123932420258065,0.07740661181908443
2012-08-20,32.6030387878418,32.89522485699658,32.465063753024126,32.465063753024126,191800,0.6957264272578253,32.51211531596045,3.2116940287575835,32.06371603012085,33.4551688846365,30.6722631756052,-5.190311418685123,0,0.2530176593464617,0.19559499123135687,0.057422668115104825
2012-08-21,32.61114883422852,32.82217033486989,32.42447513470873,32.465055835281035,173700,0.6770061655734166,32.53012141019101,3.9854818612060416,32.1327036857605,33.48671601690733,30.778691354613663,-9.436913451511996,0,0.24637160400675384,0.2057503137864363,0.040621290220317546
2012-08-22,32.76536560058594,32.8952257352206,32.51376333129306,32.51376333129306,186200,0.6842998199879843,32.5728930811719,0.3480244945501809,32.18424205780029,33.55284169777626,30.81564241782432,7.196315486470928,0,0.25065911917359784,0.2147320748638686,0.035927044309729234
2012-08-23,32.440711975097656,32.895220830496136,32.29461895840261,32.69231420687628,106200,0.6634334472556884,32.54886015279476,-2.985431167090058,32.23415575027466,33.561022644786036,30.907288855763284,-42.96455424274973,0,0.22526347438873984,0.21683835476884286,0.008425119619896976
2012-08-24,32.513755798339844,32.635497904792224,32.25403558924383,32.44882419801128,89000,0.6490242108891351,32.54247754289386,-1.0131325371446676,32.279607105255124,33.57765552703339,30.981558683476855,-16.19585687382298,0,0.208626354267345,0.2151959546685433,-0.006569600401198306
2012-08-27,32.489410400390625,32.81406226477648,32.42448188517924,32.741015750095144,147600,0.6333041647532509,32.53282897152964,-0.7685080411387157,32.321405506134035,33.58801383564054,31.05479717662753,65.84269662921349,0,0.19127198220742514,0.2104111601763197,-0.019139177968894555
2012-08-28,32.42447662353516,32.55433672899468,32.41635862538255,32.42447662353516,265400,0.6131713009811067,32.51312854462155,-0.7700120478551842,32.36036281585693,33.58670541781915,31.13402021389472,79.81029810298104,0,0.1703156118448632,0.2023920505100284,-0.032076438665165186
2012-08-29,32.46506118774414,32.61115421077775,32.20534094593095,32.42448048048136,160100,0.5671938701399014,32.50438902518929,-0.0999174436816963,32.415147399902345,33.54953514018215,31.280759659622543,-39.67596081386586,0,0.15519339959633527,0.1929523203272898,-0.03775892073095452
2012-08-30,32.21345901489258,32.44071657089622,31.986204554998743,32.31085643722692,160200,0.4597926064272747,32.451492659680795,-1.733112235992318,32.47683124542236,33.39641645827691,31.55724603256781,0.06246096189881367,0,0.12150609815310531,0.17866307589245292,-0.05715697773934761
2012-08-31,32.521881103515625,32.67608905946076,32.189114285658164,32.278393716614325,253600,0.43056396750600134,32.46429055855985,-0.3481507915477411,32.51335487365723,33.37448280866923,31.652226938645224,58.302122347066174,0,0.11833169983955827,0.166596800681874,-0.04826510084231572
2012-09-04,32.78972244262695,33.163070010301155,32.54623193699471,32.586815752007006,410500,0.37495413520456783,32.523459992026595,0.5725958736545023,32.57341537475586,33.323323645165,31.823507104346724,61.86908517350158,1,0.13586238690375296,0.1604499179262498,-0.024587531022496834
2012-09-05,32.92768859863281,33.13059523436316,32.741014865294034,32.78971357246876,309300,0.2518044688130397,32.596956102318636,0.970648921365358,32.651737213134766,33.15534615076084,32.14812827550869,-24.652862362971984,0,0.15905481357954443,0.16017089705690873,-0.0011160834773643047
2012-09-06,33.11436462402344,33.34162217712584,33.049436106072584,33.057551009775274,374400,0.2722254176222541,32.69103037899224,1.065146129275174,32.674868965148924,33.219319800393436,32.13041812990441,21.04752667313288,1,0.19030446256091693,0.1661976101577104,0.024106852403206536
2012-09-07,33.073787689208984,33.36597379362011,33.049439879211434,33.14683421531176,442100,0.2267134955328324,32.760622617213464,1.9514852651732584,32.65660781860352,33.11003480966918,32.20318082753786,18.082264957264947,1,0.20938218747496506,0.17483452562116134,0.03454766185380373
2012-09-10,32.92768859863281,33.43901418758398,32.92768859863281,33.20364174707047,737500,0.230977833586377,32.7909982501988,1.2731005389235994,32.66066551208496,33.12262117925771,32.19870984491221,66.8174621126442,1,0.21028837284627144,0.18192529506618338,0.028363077780088064
2012-09-11,32.91146469116211,33.1387222906456,32.70044309461715,32.8140703463037,200200,0.23716018594678656,32.81290123946485,1.2990518620381364,32.6691873550415,33.14350772693508,32.194866983147925,-72.8542372881356,0,0.20730768360566287,0.1870017727740793,0.020305910831583562
2012-09-12,33.25235366821289,33.35786293152154,32.960167501273425,33.098142582266625,180100,0.27067997000476623,32.8928016810554,2.5532472097847814,32.69800071716308,33.23936065717262,32.15664077715355,-10.03996003996004,0,0.2298033277134479,0.19556208376195305,0.03424124395149486
2012-09-13,33.56888198852539,33.68250923514583,33.09813699982898,33.20364934145236,204000,0.32870897094225654,33.015725373322674,3.40002686087022,32.7515682220459,33.40898616393041,32.09415028016139,13.270405330372025,0,0.27005940118220906,0.21046154724600427,0.05959785393620479
2012-09-14,34.03150177001953,34.25064131186104,33.65003629761658,33.67438719967204,195300,0.4360201277105449,33.200411990903916,5.643736533498167,32.814063262939456,33.68610351836055,31.942023007518365,-4.264705882352937,0,0.335425601982827,0.23545435819336885,0.09997124378945815
2012-09-17,33.71498107910156,34.15326033399914,33.70686307654189,33.90976979498217,210000,0.47758506830951636,33.29397000693985,3.66860690434343,32.86803722381592,33.82320736043495,31.912867087196886,7.526881720430101,0,0.35756640957979613,0.25987676847065433,0.0976896411091418
2012-09-18,32.92768859863281,33.6581537257059,32.73289996215303,33.633802824063764,245500,0.47360469261313115,33.22737338724766,0.42076036552995966,32.88426971435547,33.83147909958173,31.937060329129206,16.904761904761912,0,0.30803440672430327,0.2695082961213841,0.03852611060291916
2012-09-19,33.633811950683594,33.69062557641585,32.88711681471087,33.000744066175386,302900,0.49718434835999864,33.301271307872376,2.1444668062127414,32.93540287017822,33.92977156689822,31.941034173458224,23.38085539714867,0,0.32204584673930015,0.28001580624496736,0.04203004049433279
2012-09-20,33.836708068847656,33.97468618544931,33.414661912344684,33.55264002894634,239500,0.5342334844730482,33.39862344623152,2.181359820807738,32.98896999359131,34.05743696253741,31.920503024645214,-20.93100033014196,0,0.34553887786681514,0.29312042056933696,0.05241845729747818
2012-09-21,33.763671875,34.69704388460907,33.763671875,33.97469656578083,767400,0.5445794083554266,33.464995887825786,2.0858940991996144,33.055117988586424,34.14427680529728,31.96595917187557,220.41753653444678,1,0.3541810847638729,0.30533255340824417,0.04884853135562872
2012-09-24,33.463375091552734,34.01528160445864,33.44714218280718,33.568887450343475,221500,0.5362285406861687,33.46470119759432,1.6268572612235133,33.10259895324707,34.1750560346194,32.03014187187473,-71.13630440448266,0,0.33296049394083127,0.3108581415147616,0.02210235242606967
2012-09-25,33.804256439208984,33.90976569082818,33.3984430514447,33.55265102419537,671900,0.537693021892424,33.52643851425153,2.7127074301455334,33.16834125518799,34.243727298972836,32.092955211403144,203.34085778781036,1,0.3397330673946044,0.3166331266907302,0.023099940703874222
2012-09-26,33.67438888549805,34.05585128088837,33.39031771876679,33.861062631350705,493700,0.5189968821948994,33.5533385817509,1.2691890068780243,33.23083686828613,34.26883063267593,32.19284310389634,-26.521803839857117,0,0.3308078079253818,0.3194680629376605,0.011339744987721279
2012-09-27,34.30746078491211,34.348041500458685,33.58511352140856,33.763669289035526,341900,0.5390431269726099,33.69045170959839,2.2001888434627803,33.32295684814453,34.40104310208975,32.244870594199305,-30.74741745999595,0,0.370546655782519,0.32968378150663225,0.04086287427588675
2012-09-28,34.1288948059082,34.37238214453504,33.804246053108926,34.177593512077365,191000,0.500309809191428,33.770168636200175,0.2861849487185264,33.41872863769531,34.419348256078166,32.41810901931245,-44.135712196548695,0,0.38321374730809055,0.3403897746669239,0.04282397264116666
2012-10-01,34.11266326904297,34.51847654836486,33.7717816005452,34.13701417115682,403400,0.47608980667636,33.832440387626136,1.1795414893111422,33.49826774597168,34.4504473593244,32.54608813261896,111.20418848167542,0,0.3874761750803728,0.3498070547496137,0.03766912033075909
2012-10-02,34.672691345214844,34.680806249395204,34.080204264529975,34.15325078659304,303400,0.5133237577716484,33.9852132890059,5.299499663801144,33.59241619110107,34.61906370664437,32.56576867555778,-24.78929102627665,0,0.43107460547886234,0.36606056489546346,0.06501404058339888
2012-10-03,33.57699966430664,34.25876629639913,32.92769884710201,34.23441848328849,814200,0.48902798217606896,33.91099262996967,-0.16891420591949036,33.624881744384766,34.6029377087369,32.64682578003263,168.35860250494397,1,0.3729147846020453,0.3674314088367798,0.005483375765265475
2012-10-04,34.242523193359375,34.242523193359375,33.52017605578874,33.57698966687118,298300,0.49209729039692424,33.97127091422234,1.1993339413692627,33.68128967285156,34.66548425364541,32.697095092057715,-63.362810120363555,0,0.3761884282884935,0.3691828127271226,0.007005615561370915
2012-10-05,34.52659606933594,34.8106641389361,34.2506429033916,34.33180432438886,195500,0.5047660612623226,34.07223912424299,2.259600783825988,33.75393009185791,34.76346221438256,32.744397969333264,-34.46195105598391,0,0.39712728534821906,0.3747717072513419,0.02235557809687716
2012-10-08,34.137020111083984,34.486019839716405,34.0883213944922,34.486019839716405,130300,0.4719470073840662,34.084017485486804,2.0130815187894724,33.814396667480466,34.7582906822486,32.87050265271233,-33.350383631713555,0,0.37792942129972573,0.3754032500610187,0.00252617123870702
2012-10-09,33.69874572753906,34.39674528375888,33.67439791384647,34.10455913500541,111700,0.422962234990559,34.01396807495085,-0.3121225632034319,33.853760719299316,34.69968518928044,33.007836249318196,-14.274750575594785,0,0.32361941264505134,0.3650464825778253,-0.04142706993277395
2012-10-10,33.82048034667969,33.91787777194163,33.60134388011507,33.69873820926711,502900,0.3988353266767681,33.97878848799246,0.43383552312825646,33.88216705322266,34.679837706576194,33.084496399869124,350.2238137869293,0,0.287091889298388,0.3494555639219379,-0.06236367462354986
2012-10-11,34.63209915161133,34.89993736636937,33.80424289679913,34.015264411610055,204900,0.4248870947204182,34.09757224501407,0.9462617147171448,33.93532791137695,34.78510210081779,33.085553721936115,-59.256313382382174,0,0.31994627693530475,0.34355370652461126,-0.023607429589306506
2012-10-12,33.503944396972656,34.851244402576626,33.398435170251,34.851244402576626,234700,0.434861036984652,33.98963990900654,-1.831147514414555,33.90895004272461,34.77867211669392,33.039227968755306,14.54367984382625,0,0.25204553152940434,0.3252520715255699,-0.07320653999616555
2012-10-15,33.04132080078125,33.528298657619665,32.74101980153574,33.406553419382554,328100,0.4749207104103535,33.817218252965574,-3.140600485550349,33.875267028808594,34.8251084496293,32.92542560798789,39.795483596080096,0,0.15907018165447795,0.2920156935513515,-0.13294551189687354
2012-10-16,33.26857376098633,33.430896594655856,32.83029467941559,33.09812983185798,301600,0.44425014572444727,33.717464708969345,-4.0496354039799565,33.89231128692627,34.780811578375165,33.00381099547738,-8.076805851874425,0,0.10254192223430181,0.25412093928794155,-0.15157901705363974
2012-10-17,34.20195388793945,34.315581147988055,33.03321237529731,33.942233551796754,204500,0.4450146667026264,33.805553650600274,1.8612569016914104,33.920718383789065,34.81074771719432,33.03068905038381,-32.19496021220159,0,0.13154250492718944,0.22960525241579113,-0.09806274748860169
2012-10-18,34.08018493652344,34.29120638274503,33.98278756493667,34.15323141715941,189800,0.44592487077854165,33.855486611677215,-0.47408380486231305,33.93289222717285,34.82474196872993,33.04104248561577,-7.188264058679705,0,0.14305093678242287,0.21229438928911748,-0.06924345250669461
2012-10-19,34.11266326904297,34.24252339458159,33.57698986418246,34.05584965762667,155800,0.4457827632052998,33.902246003925534,-1.1988810002054984,33.950341796875,34.841907323285604,33.0587762704644,-17.913593256059013,0,0.153028168473611,0.20044114512601618,-0.04741297665240518
2012-10-22,33.49583053588867,34.169479011601304,33.23611026861274,34.08020268531442,216900,0.4439721668567278,33.82835228246429,-1.87828220831473,33.9519645690918,34.839908902805256,33.064020235378344,39.216944801026955,0,0.10989514714272985,0.18233194552935894,-0.07243679838662909
2012-10-23,33.942230224609375,34.088323286382696,33.14683638612702,33.2361158234452,225400,0.44262611295252985,33.8490573628543,0.7225328178055435,33.958863258361816,34.84411548426688,33.07361103245675,3.91885661595206,0,0.11045933469149816,0.16795742336178682,-0.05749808867028866
2012-10-24,33.57699966430664,34.25065139073243,33.50395312886421,34.0071639712945,99800,0.44643969028126074,33.79959232675473,-0.7199208286731262,33.953993797302246,34.846873177864765,33.06111441673973,-55.7231588287489,0,0.08050736474468323,0.1504674116383661,-0.06996004689368288
2012-10-25,34.477909088134766,34.5590736328532,33.73121385339002,33.73121385339002,177300,0.4550856040666067,33.92292264700564,-0.4452229788369233,33.96251621246338,34.87268742059659,33.052345004330164,77.65531062124249,0,0.12799067720290225,0.14597206475127333,-0.017981387548371086
2012-10-26,33.99091720581055,34.461658945321844,33.71496408399039,34.08831151465612,86500,0.4534736180282321,33.935285294061075,1.4534790383722518,33.955617332458495,34.86256456851496,33.04867009640203,-51.21263395375071,0,0.12488576413202424,0.14175480462742351,-0.01686904049539928
2012-10-31,34.3967399597168,34.69704096784934,33.7961348473416,33.95846080442491,126300,0.4630004484752324,34.019186142362116,4.102194240683921,33.96982116699219,34.89582206394265,33.04382027004173,46.01156069364163,0,0.15340326543787342,0.14408449678951352,0.009318768648359899
2012-11-01,35.297645568847656,35.508667142721684,33.02508839482542,33.13871873041458,434400,0.5292786379952162,34.25163331081403,6.099064608056026,34.001068878173825,35.059626154164256,32.942511602183394,243.94299287410925,1,0.24586496587383522,0.16444059060637786,0.08142437526745736
2012-11-02,35.02168655395508,35.484313435578976,34.77008121113296,35.484313435578976,227300,0.5656878155063464,34.391642991385126,2.396742211574887,34.07330322265625,35.204678853668945,32.941927591643555,-47.67495395948435,0,0.2934907645615894,0.1902506253974202,0.10324013916416921
2012-11-05,35.719688415527344,35.79273493973538,35.10285350807843,35.265179461441846,354600,0.6748449856224628,34.63310579577462,4.810723539375128,34.14716148376465,35.496851455009576,32.79747151251972,56.00527936647601,1,0.3831408605869697,0.22882867243533012,0.1543121881516396
2012-11-06,36.4907455444336,36.52321136426847,35.78463099163548,35.92260608176722,530600,0.8525016074824647,34.970858477348976,6.97125948987023,34.24536895751953,35.950372172484464,32.5403657425546,49.63338973491258,1,0.5105220929915504,0.2851673565465742,0.22535473644497617
2012-11-07,35.273284912109375,39.712882601755496,34.518472062963816,34.84312388267925,564100,0.8822440787923047,35.02584510185086,5.306494413733898,34.3021821975708,36.06667035515541,32.53769403998619,6.313607237090091,1,0.5073849215790602,0.32961086955307145,0.17777405202598878
2012-11-08,33.51205825805664,35.27328624171174,33.09001211496152,34.46165975793866,596400,0.8899188411423724,34.75061113025191,-1.2673650602983755,34.29284782409668,36.072685506381426,32.51301014181194,5.7259351178869045,1,0.3586481462564777,0.33541832489375273,0.023229821362724945
2012-11-09,32.62740707397461,33.7312203250356,32.11608118053372,33.146847875388865,538900,0.9604424966848718,34.364574029110585,-2.828104356630401,34.23319416046142,36.15407915383117,32.312309167091676,-9.641180415828298,1,0.16745886148999034,0.30182643221300026,-0.13436757072300992
2012-11-12,32.35955810546875,32.70044295518529,32.27839666778454,32.651744234908534,134700,1.041752337817368,34.00002567935752,-6.1440819315665145,34.1195671081543,36.203071783789035,32.036062432519564,-75.0046390796066,0,-0.005608545561024414,0.24033943665819535,-0.24594798221921976
2012-11-13,32.78972244262695,32.94393041289837,31.78330389486346,32.08360493007007,354800,1.0756564848724874,33.779970545406506,-3.533869815605495,34.08385601043701,36.23516898018198,31.932543040692035,163.40014847809948,0,-0.10682364902642405,0.17090681952127149,-0.27773046854769556
2012-11-14,32.42447662353516,32.8789854445889,32.34331212255475,32.854637642349346,248600,1.1152374315262743,33.53351710506626,-5.733867042316854,34.05301380157471,36.28348866462726,31.822538938522158,-29.932356257046223,0,-0.21404228660890112,0.09391699829523695,-0.30795928490413804
2012-11-15,32.62740707397461,32.96828893886094,32.278407205003525,32.42450031741521,438700,1.1477160311116472,33.368769826685956,-7.564919562877859,34.02095546722412,36.31638752944741,31.725523405000825,76.46822204344328,0,-0.2794180802739774,0.019249982581394084,-0.2986680628553715
2012-11-16,32.708553314208984,33.07378592524348,32.48129884339195,32.781599836415886,630400,1.183347535208555,33.24873046078105,-6.604859637991556,33.9462854385376,36.31298050895471,31.579590368120492,43.697287440164125,1,-0.3209809754598396,-0.048796209026852666,-0.27218476643298695
2012-11-19,32.94391632080078,33.07377642340414,32.603031616398795,33.02507772388698,191000,1.2036824167370475,33.193309708057356,-7.770986304348426,33.889472007751465,36.29683684122556,31.48210717427737,-69.7017766497462,0,-0.33111119793762356,-0.10525920680900686,-0.2258519911286167
2012-11-20,32.968265533447266,33.187405046489395,32.67607951605776,32.830290523074,149800,1.2196095269690135,33.152392585400975,-9.65307767334358,33.83225212097168,36.271471174909706,31.393033067033656,-21.570680628272253,0,-0.3333322476115228,-0.15087381496951005,-0.18245843264201275
2012-11-21,33.17930221557617,33.260463651664,32.83841737256457,32.97639552924627,202200,1.2262406210675454,33.15728524543283,-5.936455030346021,33.81642570495605,36.268906947091146,31.363944462820964,34.979973297730304,0,-0.3144388931108537,-0.1835868305977788,-0.1308520625130749
2012-11-23,33.27668380737305,33.47959041595459,33.02507849813264,33.203637304439326,191400,1.2316655837039006,33.178994074876506,-0.7023574883736283,33.78314838409424,36.24647955150204,31.319817216686438,-5.341246290801182,0,-0.2882847260725683,-0.20452640969273672,-0.08375831637983155
2012-11-26,33.503944396972656,33.72308394618718,33.0737832982051,33.0737832982051,294200,1.2324172398750393,33.23807595162126,2.6865062277572793,33.77949562072754,36.24433010047762,31.31466114097746,53.70950888192267,0,-0.24637922365488407,-0.2128969724851662,-0.03348225116971787
2012-11-27,33.365970611572266,33.54452945748583,33.07378453502636,33.503945649880144,420500,1.2243063344871314,33.26132952615781,3.1100934778631295,33.72389869689941,36.172511365873675,31.275286027925148,42.929979605710415,0,-0.22174599269114736,-0.21466677652636243,-0.007079216164784935
2012-11-28,33.284610748291016,33.447332517262666,33.007984672137084,33.1788411329105,495000,1.226383763877311,33.26556247563657,1.5092787275951425,33.68858337402344,36.14135090177806,31.235815846268814,17.717003567181933,0,-0.20640967840648017,-0.213015356902386,0.00660567849590582
2012-11-29,33.35784149169922,33.642602311749656,33.25207185696898,33.35784149169922,522700,1.216774522451527,33.28234047855705,2.8785811379498982,33.636638450622556,36.07018749552561,31.203089405719503,5.595959595959599,0,-0.1862000318043755,-0.2076522918827839,0.02145226007840839
2012-11-30,33.23579025268555,33.39037731574448,32.674403459820205,33.34969765312977,658800,1.154383790851005,33.273876801125866,1.8646384535908167,33.533545684814456,35.84231326651646,31.224778103112445,26.03788023722977,1,-0.17798060658952153,-0.2017179548241314,0.02373734823460988
2012-12-03,32.63372039794922,33.24392458458654,32.4709986607808,33.23578679071567,474500,1.1151926899201425,33.15748472782102,-0.22878699507402622,33.41414737701416,35.644532756854446,31.183761997173875,-27.975106253794777,0,-0.217540981439015,-0.20488256014710815,-0.012658421291906863
2012-12-04,32.763893127441406,33.056791597500855,32.479129346590895,32.633716374488166,448000,0.9814037957768909,33.08592261866109,-0.5464535291018424,33.266357612609866,35.22916520416365,31.303550021056083,-5.584826132771337,0,-0.23567232825404716,-0.21104051376849597,-0.024631814485551184
2012-12-05,32.73948669433594,33.105606686506576,32.544220008674074,32.73948669433594,434000,0.6273265362485664,33.022934268783786,-0.6939365338441195,33.07879467010498,34.33344774260212,31.824141597607852,-3.125,0,-0.24913902679555378,-0.21866021637390753,-0.03047881042164624
2012-12-06,32.6255989074707,32.983587528864106,32.46288019264884,32.65814389189929,516200,0.36392017608044164,32.95069147581777,-1.6688214372559407,32.94641036987305,33.67425072203393,32.21857001771217,18.940092165898626,0,-0.2659357334165193,-0.2281153197824299,-0.03782041363408942
2012-12-07,33.12189483642578,33.17884700008805,32.66627752712764,32.69881940374883,436800,0.341786782290838,32.981819359564675,-0.4651574412981918,32.9269021987915,33.61047576337318,32.243328634209824,-15.381635025184037,0,-0.23647438121241038,-0.22978713206842602,-0.0066872491439843584
2012-12-10,33.34969711303711,33.5612332174034,32.861531858588414,33.05679858109975,612300,0.34660146620413024,33.04870622383239,-0.4603854462863932,32.96301670074463,33.656219633152894,32.26981376833637,40.178571428571416,1,-0.19252499908677834,-0.2223347054720965,0.029809706385318158
2012-12-11,33.390377044677734,33.62632343105064,33.09747851037471,33.42292201596902,438600,0.32830218382691595,33.11082819125882,0.07314767908177533,33.014557647705075,33.67116201535891,32.35795328005124,-28.368446839784422,0,-0.15265258265705484,-0.20839828090908818,0.05574569825203335
2012-12-12,34.11448669433594,34.293480938595174,33.44733027948165,33.5612345790432,553100,0.4051904799795054,33.29331155545466,2.4932721981359762,33.08079586029053,33.89117682024954,32.27041490033152,26.105791153670776,0,-0.061910146647846886,-0.17910065405683995,0.11719050740899306
2012-12-13,33.732086181640625,34.06566434113809,33.45546016374086,33.96803254177903,495100,0.3991661822890578,33.373088760215744,1.121909191979742,33.1461763381958,33.944508702773916,32.347843973617685,-10.48634966552161,0,-0.02061500096791491,-0.14740352343905494,0.12678852247114003
2012-12-14,33.74837112426758,33.95991038857431,33.36597537209316,33.650739288866056,435300,0.4011843106649313,33.441321917316074,1.5422557059271869,33.202224540710446,34.00459316204031,32.399855919380585,-12.078368006463336,0,0.013272758175695287,-0.1152682671161049,0.12854102529180017
2012-12-17,33.87040710449219,34.09008102205687,33.49614611327485,33.70768533922285,443800,0.40996082088266406,33.519337405893545,3.7895976660408115,33.26031723022461,34.080238871989934,32.44039558845928,1.9526763151849202,0,0.0494068042670861,-0.0823332528394667,0.1317400571065528
2012-12-18,34.50502395629883,34.553841424590885,33.65073843497783,33.854139897371404,574900,0.4877781022947278,33.698553142330866,5.314175644771391,33.33837261199951,34.31392881658896,32.36281640741006,29.54033348355114,0,0.12777861996124074,-0.04031087827932521,0.16808949824056596
2012-12-19,34.39925003051758,34.61892395490555,33.87040815654028,34.35857036385158,492200,0.5334454976585316,33.82595257654663,5.06960708235169,33.40992183685303,34.47681283217009,32.34303084153597,-14.385110453992,0,0.17928706701016495,0.0036087107785728184,0.17567835623159211
2012-12-20,35.14777374267578,35.220998394159565,34.05754176706168,34.36671286262211,461000,0.6561417413331734,34.066283697661014,7.730662178365533,33.508345413208005,34.82062889587435,32.19606193054166,-6.338886631450635,0,0.2773108237362223,0.05834913337010272,0.21896169036611957
2012-12-21,34.944366455078125,35.20472003838003,34.25279972770908,34.382976519360035,702700,0.7272641152066078,34.22593510810049,5.502316904430482,33.59172954559326,35.04625777600648,32.13720131518004,52.4295010845987,0,0.33472360365640697,0.11362402742736358,0.2210995762290434
2012-12-24,34.81418228149414,35.220985057103114,34.67586772388448,35.16403291681057,195900,0.7763001679887952,34.3328891396266,4.391299757515732,33.65724143981934,35.209841775796924,32.10464110384175,-72.1218158531379,0,0.3655055501039115,0.16400033196267316,0.20150521814123834
2012-12-26,34.75724029541016,35.42439679402365,34.407389557886034,34.96064174263768,467800,0.8104116655595245,34.41004389522361,4.093584354868196,33.72680492401123,35.34762825513028,32.105981592892185,138.795303726391,0,0.38091477364321946,0.20738322029878242,0.17353155334443704
2012-12-27,34.537567138671875,35.139633697990455,34.26907573252127,34.86300759937764,616800,0.8227642426183325,34.43322993948693,1.2401782507434955,33.789452743530276,35.434981228766944,32.14392425829361,31.851218469431373,0,0.3711228334439767,0.24013114292782128,0.1309916905161554
2012-12-28,34.28535842895508,35.06641949158763,34.26908593552597,34.44808025958539,504700,0.8232956485140012,34.406344210299316,1.6401957600107764,33.835828590393064,35.48241988742107,32.18923729336506,-18.174448767833983,0,0.33910255207463535,0.2599254247571841,0.07917712731745125
2012-12-31,35.26167678833008,35.367446415230816,33.87854625691253,34.179579544919314,395400,0.8689462776821566,34.561859224486724,4.484085049587239,33.937122917175294,35.675015472539606,32.19923036181098,-21.65642956211611,0,0.38803396654082434,0.28554713311391217,0.10248683342691217
2013-01-02,35.84746551513672,35.85560020590384,35.30234812396341,35.570839474166505,260900,0.9113445205329912,34.79560582278672,5.837126210338095,34.09781017303467,35.92049921410065,32.27512113196868,-34.0161861406171,0,0.4686780903659695,0.3221733245643237,0.14650476580164584
2013-01-03,35.676612854003906,35.96137674432781,35.54643605100606,35.88815209866278,245100,0.9196542335842924,34.95578891937166,3.3954154015047644,34.24344615936279,36.082754626531376,32.404137692194205,-6.055960137983907,0,0.5128904754905506,0.3603167547495691,0.15257372074098147
2013-01-04,35.83119583129883,35.863740804230154,35.383713316301126,35.65220158383597,237400,0.9133695844033807,35.11495381244933,4.162723895174714,34.398031616210936,36.2247707850177,32.571292447404176,-3.1415748674010646,0,0.5540163084579532,0.39905666549124597,0.15495964296670728
2013-01-07,35.53830337524414,35.920699113600016,35.416261257657375,35.644073003575336,256700,0.8455812565815288,35.191926460230206,1.1111077345254072,34.54366683959961,36.23482935276267,32.85250432643655,8.12973883740522,0,0.5565591861293839,0.4305571696188736,0.12600201651051035
2013-01-08,35.22913360595703,35.570849685800454,35.06641181096779,35.43253507377856,270700,0.7884545798532172,35.1986913958169,0.814915764018731,34.64902877807617,36.225937937782604,33.07211961836974,5.453837164004671,0,0.5275457988789185,0.44995489547088263,0.07759090340803587
2013-01-09,35.14777374267578,35.5708491619532,35.09082158081729,35.408127369360336,252600,0.7330678740376816,35.18943364070033,0.9582056487334567,34.738932609558105,36.20506835763347,33.27279686148274,-6.686368673808641,0,0.4923123491317085,0.4584263862030478,0.033885962928660696
2013-01-10,35.35929870605469,35.432523334356226,35.13962482115007,35.351164015647434,180000,0.6721059208369268,35.22031819803748,1.7321812823097638,34.837378692626956,36.18159053430081,33.4931668509531,-28.74109263657957,0,0.47597118359781376,0.461935345682001,0.014035837915812754
2013-01-11,35.21283721923828,35.42437634026333,35.10707076238374,35.42437634026333,152900,0.6545741314574134,35.21895802007399,1.955175585631519,34.89229621887207,36.20144448178689,33.583147955957244,-15.055555555555555,0,0.4460605656859258,0.458760389682786,-0.012699823996860204
2013-01-14,35.28607177734375,35.49761095805021,35.00944576664528,35.18030529064938,162000,0.5995220410445282,35.231160521395765,2.9187775605797217,34.96999549865723,36.169039580746286,33.77095141656817,5.951602354480046,0,0.4233850826045611,0.45168532826714103,-0.028300245662579937
2013-01-15,35.60338592529297,35.89628448917113,35.14776869584659,35.14776869584659,237900,0.5412398145931371,35.29883786755889,0.9690666130658387,35.0627462387085,36.14522586789477,33.980266609522225,46.851851851851855,0,0.4261072990284518,0.4465697224194032,-0.02046242339095139
2013-01-16,35.12335586547852,35.61965582897839,35.074541510812544,35.45693717521265,178600,0.4627934111746144,35.26693204899882,-2.0199744647287243,35.12539367675781,36.05098049910704,34.19980685440858,-24.92643968053804,0,0.38509116981378355,0.43427401189827924,-0.04918284208449569
2013-01-17,36.010196685791016,36.13223881536426,35.334905385490494,35.35117787634428,191800,0.47871085738336144,35.402071073870125,0.9350210266658499,35.200652313232425,36.15807402799915,34.2432305984657,7.3908174692049355,0,0.41931265914558224,0.4312817413477399,-0.011969082202157644
2013-01-18,36.3030891418457,36.408858762582966,35.84747189004166,36.09968769624468,119800,0.49978989210776453,35.565892540774776,1.3169901243839321,35.29584426879883,36.29542405301436,34.296264484583304,-37.53910323253389,0,0.4647105158384406,0.43796749624588005,0.026743019592560535
2013-01-22,36.61225891113281,36.74243570755935,36.20545603434245,36.36817780579052,112600,0.5781001360273565,35.75614097174896,3.021966255813968,35.36906852722168,36.52526879927639,34.21286825516697,-6.010016694490816,0,0.5196459063433352,0.45430317826537114,0.06534272807796404
2013-01-23,37.10854721069336,37.23872396605276,36.490205294992194,36.65292701510612,137100,0.6867553728735327,36.0020330151934,5.334827775663853,35.47727756500244,36.85078831074951,34.10376681925537,21.75843694493784,0,0.5963545136116224,0.4827134453346214,0.11364106827700099
2013-01-24,37.07600784301758,37.385178847541326,36.9295585831726,37.18991213319498,104000,0.7546862821393137,36.19730116570688,5.486077480920426,35.590368843078615,37.09974140735724,34.08099627879999,-24.142961342086068,0,0.6470620539233423,0.5155831670523656,0.13147888687097664
2013-01-25,36.9946517944336,37.17364293611757,36.79938506281723,37.10855609468505,261400,0.7897062486594512,36.342274007293554,4.62495905807907,35.702239418029784,37.28165191534869,34.12282692071088,151.34615384615384,0,0.6729263160591685,0.5470517968537262,0.12587451920544235
2013-01-28,36.522762298583984,36.9214304890914,36.38445080827427,36.888885513609225,541000,0.7598070915950723,36.375090060255445,3.7200213978498597,35.80149917602539,37.32111335921553,34.281884992835245,106.96250956388678,1,0.6478780566270572,0.5672170488083924,0.08066100781866481
2013-01-29,36.40885543823242,36.59598437866018,36.311223622283045,36.48208007610933,711000,0.6810814310700335,36.38122921988762,3.181945748944437,35.90767402648926,37.26983688862933,34.54551116434919,31.42329020332717,1,0.6117835390766757,0.5761303468620491,0.035653192214626594
2013-01-30,36.10782241821289,36.37631068964642,35.91255568144893,36.327496333200045,592300,0.6649303574483508,36.33151889231039,1.4168216865058536,35.9499813079834,37.2798420228801,34.620120593086696,-16.694796061884666,1,0.5525184363894695,0.5714079647675332,-0.01888952837806368
2013-01-31,36.04273223876953,36.36817576338909,35.806785838603325,36.01018726557568,754300,0.6647794259270565,36.27901222803023,2.617564155350638,35.95974464416504,37.28930349601916,34.630185792310925,27.35100455850077,1,0.4945967782443077,0.5560457274628882,-0.06144894921858046
2013-02-01,36.22987365722656,36.41700266205187,36.107834621206855,36.41700266205187,628800,0.6638881966297141,36.270077942429566,0.6100410207485085,35.98740768432617,37.3151840775856,34.659631291066745,-16.63794246321092,1,0.45850879138932754,0.536538340248176,-0.0780295488588485
2013-02-04,35.96949768066406,36.50647717562782,35.8962730630027,36.124084708870605,385900,0.662894985332037,36.21542698574493,-0.9189065423006015,35.994322776794434,37.32011274745851,34.66853280613036,-38.6291348600509,0,0.40423882302912517,0.5100784368043658,-0.10583961377524065
2013-02-05,35.93696212768555,36.27867813414733,35.76610567628437,36.026459250893616,347200,0.654400311229974,36.16479701155231,-1.8444553915298756,36.01425571441651,37.323056336876455,34.70545509195656,-10.02850479398808,0,0.35451747808733103,0.4789662450609589,-0.12444876697362789
2013-02-06,36.11594772338867,36.311214409403846,35.79050738490829,35.79050738490829,316400,0.6279104090876996,36.15591532279528,-2.674854075178279,36.05859642028808,37.314417238463484,34.80277560211268,-8.870967741935488,0,0.3257999764017043,0.44833299132910803,-0.1225330149274037
2013-02-07,36.51464080810547,36.61227266619028,36.107837778481134,36.11597247346286,272700,0.5971916914257925,36.22113813830622,-1.514097842704576,36.12693977355957,37.321323156411154,34.93255639070799,-13.811630847029077,0,0.3313922655838013,0.42494484618004674,-0.09355258059624544
2013-02-08,36.9295654296875,36.93770322544266,36.29495392181227,36.45767569665866,388000,0.5941720761760267,36.34994310037555,-0.17593452455713088,36.205453109741214,37.393797262093265,35.01710895738916,42.280894756142274,0,0.36509653870926684,0.4129751846858908,-0.047878645976623946
2013-02-11,36.79937744140625,36.93769199425096,36.6122485435118,36.79937744140625,176600,0.5595756370433164,36.4316584351084,0.7573773871780487,36.28478012084961,37.403931394936244,35.16562884676298,-54.484536082474236,0,0.3769570096004031,0.4057715496687933,-0.028814540068390182
2013-02-12,36.81567001342773,36.93771214996406,36.734310658177165,36.831942505209945,176400,0.5189470697245383,36.501478722075554,1.1173506288476132,36.36126003265381,37.39915417210289,35.32336589320473,-0.11325028312570984,0,0.38325328730201136,0.40126789719543693,-0.01801460989342557
2013-02-13,37.05974960327149,37.2794235774776,36.71803660139109,36.88075840861713,242300,0.5090899993778835,36.60298251865663,2.636346146918145,36.434078216552734,37.452258215308504,35.415898217796965,37.35827664399094,0,0.4032894460893601,0.4016722069742216,0.0016172391151385024
2013-02-14,36.77498626708984,37.00279491951552,36.64480945089516,36.92957026642725,251500,0.4094997583704707,36.63425592746267,2.0316274123432176,36.5166597366333,37.335659253374246,35.697660219892356,3.7969459347915846,0,0.3916752365995535,0.399672812899288,-0.007997576299734521
2013-02-15,36.89702606201172,37.092292842238166,36.63667242414991,36.69362458845342,121700,0.39966837519511667,36.682032315562495,1.8414428134559069,36.561001205444335,37.36033795583457,35.7616644550541,-51.610337972166995,0,0.3878476175161296,0.39730777382265636,-0.009460156306526746
2013-02-19,37.05160903930664,37.059743731731984,36.799390122883416,36.89702195028667,295500,0.40917919795504715,36.74922808351597,3.0084138740260613,36.59842720031738,37.41678559622748,35.780068804407286,142.810188989318,0,0.39276026038294276,0.39639827113471365,-0.0036380107517708926
2013-02-20,36.97024154663086,37.38518218781863,36.92142719142717,36.97837934160441,480000,0.4175600630150865,36.78941234953686,2.8752553298023065,36.616326332092285,37.45144645812246,35.78120620606211,62.43654822335025,0,0.38564244258214586,0.3942471054242001,-0.008604662842054245
2013-02-21,36.31121826171875,36.97023680166159,36.28680798359045,36.89701217459472,225800,0.40599420445116297,36.702467969933565,0.5406767664679624,36.576459884643555,37.38844829354588,35.76447147574123,-52.95833333333333,0,0.32309936097791336,0.3800175565349428,-0.05691819555702943
2013-02-22,36.571571350097656,36.766834950759375,36.44952927193985,36.49020893010613,263900,0.38862426131673755,36.678668584508856,0.15591154871650303,36.55123805999756,37.32848658263104,35.77398953736408,16.873339238263952,0,0.2911852344523709,0.36225109211842843,-0.07106585766605755
2013-02-25,36.03459548950195,37.09228222862584,36.01832300383429,36.69361408891628,290100,0.39026077068150233,36.56156438541669,-2.423451047344538,36.503235244750975,37.28375678611398,35.72271370338797,9.928003031451315,0,0.2200272577315303,0.33380632524104886,-0.11377906750951855
2013-02-26,37.07836532592773,37.29853632531999,36.16506271126005,36.16506271126005,81400,0.4109504056240447,36.65552819278233,0.7581320770051025,36.531015396118164,37.352916207366256,35.70911458487007,-71.94071009996551,0,0.245032963688125,0.3160516529304641,-0.07101868924233912
2013-02-27,38.42384719848633,38.440156505583765,36.507548719430034,37.07836202511135,365400,0.588199933285302,36.97704073927396,4.368186656584139,36.63176498413086,37.808164850701466,35.455365117560255,348.8943488943489,0,0.3691638175768759,0.32667408585974644,0.04248973171712944
2013-02-28,39.174072265625,39.56548642875328,38.13029805326634,38.13845426475751,385800,0.8043408600456152,37.37650101679233,5.705172552398641,36.78507747650146,38.3937591965927,35.17639575641023,5.582922824302128,0,0.5220573544115794,0.36575073957011306,0.15630661484146635
2013-03-01,39.068058013916016,39.606252804356295,38.562481843667946,38.96204905363272,415500,0.9317672524939257,37.684056834451184,6.2354115652743625,36.93634376525879,38.799878270246644,35.07280926027094,7.698289269051317,0,0.6274393890669785,0.4180884694694862,0.2093509195974923
2013-03-04,38.52986145019531,38.97020347047568,38.47278042282741,38.92127554243918,314900,0.9806366205538325,37.83783949185921,4.4253848140479946,37.05134315490723,39.01261639601489,35.09006991379957,-24.211793020457286,0,0.6599202955905881,0.4664548346937066,0.1934654608968815
2013-03-05,39.19852828979492,39.22299069891481,38.53801524741312,38.709261443300605,187200,1.0560601530280915,38.08523745512024,5.794402203182858,37.21279468536377,39.32491499141995,35.100674379307584,-40.552556367100664,0,0.7311887845376575,0.5194016246624968,0.2117871598751606
2013-03-06,40.09551239013672,40.10366859904644,39.426846350923846,39.44315565806102,224800,1.1922476236387693,38.4507419887596,8.453476939186167,37.42072219848633,39.80521744576387,35.03622695120879,20.08547008547008,0,0.8502475712381212,0.5855708139776218,0.26467675726049944
2013-03-07,39.99766159057617,40.11997984467395,39.80195611683863,40.08736122882355,319600,1.2812910552636827,38.7320000981808,10.152353749981092,37.6148078918457,40.177390002373066,35.052225781318334,42.17081850533808,0,0.9260320546283722,0.6536630621077719,0.2723689925206003
2013-03-08,41.229000091552734,41.39208699767263,40.2423068897007,40.2423068897007,293700,1.4856008366151663,39.1860000969757,12.735106995731105,37.850525856018066,40.8217275292484,34.879324182787734,-8.103879849812268,0,1.0730807234065693,0.7375465943675314,0.3355341290390379
2013-03-11,41.50624084472656,41.57147496721168,40.78049062380821,40.97619921262852,217200,1.6764934135578102,39.60786205111222,15.184422860577618,38.07935962677002,41.43234645388564,34.7263727996544,-26.046986721144027,0,1.1981770257121198,0.8296726806364492,0.36850434507567065
2013-03-12,41.865047454833984,41.93843780636955,41.31054326782824,41.343161893107,227500,1.8469320286528013,40.01825939724345,12.909636352169706,38.33264312744141,42.02650718474701,34.638779070135804,4.7421731123388655,0,1.3111552596556706,0.9259691964402934,0.3851860632153772
2013-03-13,43.09635162353516,43.30836948180143,41.89764723519096,41.89764723519096,320300,2.0929878364062486,40.57791252929648,12.160428394668665,38.64667720794678,42.83265288075928,34.460701535134284,40.79120879120879,0,1.4829527240986593,1.0373659019719665,0.44558682212669276
2013-03-14,44.09938049316406,44.13199601292013,42.884362950090896,43.12899645702238,283400,2.383795926054293,41.21817943181786,12.572877780339908,38.99865875244141,43.766250604549995,34.23106690033282,-11.520449578520143,0,1.6806658300104331,1.1660258875796599,0.5146399424307733
2013-03-15,44.05044937133789,44.213539401094216,43.71611621014504,44.20538318873043,529800,2.574126610086825,41.73313760263968,12.753107297135546,39.36243190765381,44.51068512782746,34.21417868748016,86.94424841213832,1,1.8125130362627502,1.295323317316278,0.5171897189464723
2013-03-18,43.74057388305664,43.95259183195573,43.42255007039127,43.65087422088266,190700,2.6817573001818675,42.098126017260945,13.523828627302038,39.70460929870605,45.06812389906979,34.34109469834232,-64.00528501321253,0,1.8704372980931296,1.4103461134716482,0.46009118462148146
2013-03-19,42.81095504760742,43.48777735386864,42.62340266544266,43.14528809593286,364100,2.691087554929904,42.22773129550576,9.21572037374927,39.992576599121094,45.3747517089809,34.610401489261285,90.92815941269008,0,1.8203464018492568,1.49234617114717,0.32800023070208684
2013-03-20,43.07191467285156,43.202386081697085,42.79466254021936,42.88436221705386,199400,2.6762442791652123,42.38121918229591,7.423280325623227,40.29766025543213,45.650148813762556,34.9451716971017,-45.23482559736336,0,1.7811740013716957,1.5501117371920752,0.2310622641796205
2013-03-21,42.44401168823242,43.186068263179465,42.26461548057129,42.9251254968695,221100,2.543494615647759,42.39263600155709,6.1162328005511135,40.60429992675781,45.69128915805333,35.51731069546229,10.882647943831492,0,1.6800959680208365,1.5761085833578274,0.10398738466300905
2013-03-22,42.73755645751953,43.26759799521466,42.55815720894298,42.76201886025927,185100,2.3985176054841624,42.45534881173208,3.6589690815127973,40.91259918212891,45.70963439309723,36.11556397116058,-16.282225237449122,0,1.6051740606033675,1.5819216788069355,0.023252381796432076
2013-03-25,42.696807861328125,43.37362729250839,42.49294609966073,42.91697893721094,181200,2.1333698851916973,42.49925045711318,2.868404828698967,41.24570980072021,45.51244957110361,36.97897003033682,-2.1069692058346856,0,1.5249313783367668,1.570523618712902,-0.045592240376135074
2013-03-26,43.38177108764648,43.495933143793856,42.72941425917386,42.72941425917386,190400,1.9423727474933425,42.659708753573774,3.622887647383677,41.56088008880615,45.44562558379283,37.67613459381947,5.077262693156737,0,1.4993259857448962,1.5562840921193009,-0.05695810637440468
2013-03-27,43.186073303222656,43.28392918502155,42.91697740498447,43.12899226084839,121500,1.8259786657757744,42.755411398964476,0.20818857352764564,41.79899139404297,45.45094872559452,38.14703406249142,-36.18697478991597,0,1.4465672254326094,1.5343407187819627,-0.08777349334935325
2013-03-28,43.487789154052734,43.60195123411443,43.169762217287946,43.28392740803302,122600,1.7529102634626508,42.8885709907987,-1.3868479154851898,42.01467723846436,45.52049776538966,38.50885671153905,0.9053497942386857,0,1.4128154186965247,1.510035658764875,-0.0972202400683504
2013-04-01,43.854740142822266,44.16461088425865,43.3736262721777,43.64272528437645,218500,1.6533672784360545,43.06423810934843,-0.4442842951857928,42.25401134490967,45.56074590178178,38.94727678803756,78.22185970636215,0,1.3995436784068858,1.4879372626932774,-0.08839358428639166
2013-04-02,42.79464721679688,44.0015080941498,42.63971344635842,43.98519878504849,228400,1.4039871534983148,43.01522158342996,-2.162584031907666,42.46725063323974,45.27522494023637,39.659276326243116,4.530892448512591,0,1.288630558116317,1.4480759217778854,-0.15944536366156825
2013-04-03,42.36246109008789,43.47146921506205,42.313533163156926,42.85988412649682,440100,1.1760399690701018,42.89653785736776,-1.0476149317874106,42.625447273254395,44.9775272113946,40.27336733511419,92.68826619964973,1,1.1525711795971603,1.3889749733417405,-0.2364037937445802
2013-04-04,42.32984924316406,42.94958753000904,42.23199648433236,42.55817338399909,163400,1.0186555843777485,42.79350356387618,-1.7228522003811197,42.73716411590576,44.77447528466126,40.69985294715027,-62.872074528516244,0,1.0302357222609189,1.3172271231255763,-0.28699140086465746
2013-04-05,42.06074523925781,42.223832102189625,41.48993188694894,41.74271839090275,134300,0.8096580660806924,42.660274777581925,-0.9029929870669307,42.840318298339845,44.45963443050123,41.22100216617846,-17.809057527539785,0,0.9011812898794744,1.234017956476356,-0.3328366665968816
2013-04-08,41.83242416381836,42.33800035651704,41.51440037952915,42.33800035651704,188300,0.755912682500979,42.50975648417037,-2.117884990923291,42.870489501953124,44.382314866955085,41.35866413695116,40.208488458674616,0,0.7715867480654524,1.1415317147941753,-0.3699449667287229
2013-04-09,41.65302658081055,41.94658483376422,41.10667557389078,41.79980415194595,214000,0.7425645444477622,42.35398741083222,-2.44463540203661,42.87782878875733,44.36295787765285,41.3926996998618,13.648433351035582,0,0.6469486332069465,1.0426150984767295,-0.395666465269783
2013-04-10,42.2890739440918,42.2890739440918,41.55517053819612,41.571479848403015,240700,0.7177654016511503,42.34218496233396,-2.5187932999486073,42.89903011322021,44.33456091652251,41.463499309917914,12.476635514018696,0,0.5926638755230584,0.9526248538859954,-0.35996097836293695
2013-04-11,42.50924682617188,42.647871302972696,42.24014786200607,42.28907579476794,109900,0.7212677761967465,42.372559846668125,-1.567233196448703,42.869674873352054,44.31221042574555,41.42713932095856,-54.34150394682177,0,0.5609427268993628,0.874288428488669,-0.3133457015893062
2013-04-12,43.74872589111328,43.77318830183463,42.54186178414428,42.54186178414428,543400,0.6935311529658638,42.62277185474906,0.6000229998728956,42.85214214324951,44.23920444918124,41.46507983731778,394.44949954504096,1,0.6285732882647324,0.8251454004438816,-0.19657211217914927
2013-04-15,42.29722213745117,43.69163844690313,41.99550771032923,43.44700193286007,321300,0.643061323744042,42.56358099705854,-3.5515385572886915,42.76448078155518,44.050603429043264,41.47835813406709,-40.872285609127715,0,0.5586074937344776,0.7718378191020009,-0.2132303253675233
2013-04-16,41.99551773071289,42.9169736509412,41.310542171454514,42.74572742811418,177100,0.6216834038502433,42.460296766813876,-1.8673585087303435,42.67722797393799,43.92059478163848,41.4338611662375,-44.880174291939,0,0.47335750268197074,0.7121417558179949,-0.23878425313602414
2013-04-17,41.28609085083008,41.8405951720982,40.79682068523135,41.685658219850765,138000,0.6937477875530308,42.24680478208955,-2.54085860821166,42.600984764099124,43.98848033920518,41.213489188993066,-22.077922077922075,0,0.3445793540013824,0.6386292754546724,-0.29404992145329
2013-04-18,40.86205291748047,41.481791318067735,40.641881836688185,41.481791318067735,214800,0.784801966348138,41.99503171579699,-3.467520796617607,42.490491676330564,44.06009560902684,40.92088774363429,55.65217391304347,0,0.20593157497871317,0.5520897353594806,-0.3461581603807674
2013-04-19,40.99250411987305,41.27790920763334,40.690789725571854,40.95988550679125,149900,0.85343982059761,41.812753971083545,-2.53975794605682,42.4179162979126,44.12479593910782,40.711036656717376,-30.214152700186215,0,0.10536396283011129,0.4627445808536067,-0.3573806180234954
2013-04-22,40.87018585205078,41.02512270875683,40.55216215139627,40.95988548263173,126400,0.916451310124737,41.64137794944123,-2.300221254210355,42.32454776763916,44.15745038788864,40.49164514738968,-15.677118078719143,0,0.015613362570256584,0.3733183371969367,-0.3577049746266801
2013-04-23,41.57147979736328,41.59594220730215,41.00066638355445,41.00066638355445,142500,0.9268791069946948,41.62866919451796,-0.19577637002933246,42.26828136444092,44.122039578430304,40.41452315045153,12.73734177215189,0,0.001061687205613282,0.298867007198672,-0.2978053199930587
2013-04-24,41.81610870361328,41.90580834459264,41.49808496609194,41.58778460707129,140100,0.8933976693723539,41.66274910526256,-1.1184100202898728,42.18999824523926,43.97679358398397,40.40320290649455,-1.684210526315788,0,0.00916325957284414,0.24092625767350642,-0.23176299810066228
2013-04-25,42.79464721679688,42.81910962510751,41.88134768190218,42.00366283413802,201100,0.8745164876352339,41.86854876190516,0.6713842562114936,42.17042694091797,43.91945991618844,40.4213939656475,43.54032833690222,0,0.09346627305386335,0.21143426074957783,-0.11796798769571448
2013-04-26,42.30539321899414,43.01483127134048,42.16676560492441,42.82727882580909,194200,0.8189747230863123,41.94797502683043,-3.2991421869324133,42.11130714416504,43.749256590337666,40.47335769799241,-3.431128791645943,0,0.11942169093588717,0.1930317467868397,-0.07361005585095254
2013-04-29,43.14529800415039,43.21053525328452,42.46847865314172,42.46847865314172,190700,0.7521227998262794,42.16567011361587,2.0050391582295157,42.07583503723144,43.580080636884,40.571589437578886,-1.8022657054582947,0,0.20539715286803784,0.19550482800307936,0.009892324864958474
2013-04-30,43.13714218139648,43.30838528354325,42.92512424577216,43.145295281682166,195700,0.7729608888817765,42.34230139866688,2.718443568201745,42.092959785461424,43.63888156322498,40.54703800769787,2.621919244887261,0,0.26976553002690906,0.21035696840784532,0.05940856161906374
2013-05-01,42.34616088867188,43.26761682461589,42.305389162801774,42.99851783464332,132300,0.7726703096105817,42.34300312412233,2.567620271126958,42.09214477539062,43.63748539461179,40.54680415616946,-32.39652529381707,0,0.2540241209166254,0.21909039890960133,0.034933722007024076
2013-05-02,43.17793655395508,43.2350176179469,41.9384562445754,42.44403271593925,169700,0.8088278233209166,42.494809202273736,5.667565555630438,42.134549140930176,43.75220478757201,40.51689349428834,28.26908541194255,0,0.30514872102755675,0.23630206333319242,0.06884665769436432
2013-05-03,43.49592208862305,43.75686475368943,43.316522839884186,43.43068486701548,116500,0.8637357406894646,42.676829727064515,6.107014007803313,42.20630798339844,43.933779464777366,40.47883650201951,-31.349440188568057,0,0.3670924962899491,0.2624601499245438,0.1046323463654053
2013-05-06,43.57747268676758,43.83026229613515,43.08820588680463,43.4062296178488,137500,0.9108351569906187,42.84058299246507,6.624111875872352,42.2935604095459,44.115230723527134,40.47189009556466,18.025751072961384,0,0.41794601469462833,0.29355732287856073,0.1243886918160676
2013-05-07,44.03412628173828,44.11566971576475,43.52855014727242,43.68348391619576,250200,0.9759906481807912,43.05759086324201,5.923884587171213,42.41261539459229,44.36459669095387,40.460634098230706,81.96363636363637,0,0.4894538043290737,0.3327366191686634,0.15671718516041033
2013-05-08,43.642723083496094,44.40108902966951,42.8517385113041,44.03413726366893,179300,1.0131992399811394,43.16397853965184,4.368207460023599,42.4802978515625,44.50669633152478,40.453899371600215,-28.337330135891293,0,0.5086775575523674,0.3679248068454042,0.14075275070696325
2013-05-09,43.75688171386719,43.968896544904894,43.10452479834755,43.822118960760726,189700,1.0527127856359055,43.2717791167819,2.2484926495494717,42.54267959594726,44.64810516721907,40.437254024675454,5.800334634690474,0,0.5270486787961985,0.3997495812355631,0.12729909756063545
2013-05-10,43.87920379638672,44.07490933264913,43.61826100758123,43.78950412948169,145100,1.060952353210456,43.382219967619136,3.72011806921575,42.54920349121094,44.67110819763185,40.427298784790025,-23.510806536636796,0,0.545193641580866,0.4288383933046237,0.11635524827624233
2013-05-13,43.634559631347656,43.871039964718015,43.53670688021205,43.740568592976246,203700,1.0860807808846702,43.42809990647886,1.1339859725854717,42.61607036590576,44.788231927675106,40.44390880413642,40.38594073053068,0,0.5336809737129613,0.44980690938629125,0.08387406432667005
2013-05-14,44.15644454956055,44.22983488446755,43.62640289626743,43.67533082309964,227800,1.1277841480283954,43.56052620522098,2.3629343916149903,42.72411670684814,44.97968500290494,40.46854841079135,11.831124202258225,0,0.5602110881045093,0.4718877451299349,0.08832334297457434
2013-05-15,44.507083892822266,44.60493662915921,43.91180504417629,44.03412329760928,157000,1.141521570471768,43.73262760296667,5.102996254681624,42.88516635894776,45.16820949989129,40.60212321800422,-31.079894644424932,0,0.6025838479808243,0.49802696570011284,0.10455688228071147
2013-05-16,44.98820877075195,45.16760810327511,44.43370768153049,44.58048527733271,209500,1.1294362754028517,43.96091508801854,4.192586217117533,43.09147415161133,45.350346702417035,40.832601600805624,33.439490445859875,0,0.6672951589668514,0.5318806043534606,0.1354145546133908
2013-05-17,45.51824188232422,45.66502256083868,45.10236536698845,45.28991776493852,224400,1.1400902783665285,44.244065414255935,4.6494468828151,43.31776103973389,45.597941596466946,41.03758048300083,7.112171837708825,0,0.7526722444634686,0.5760389323754622,0.17663331208800637
2013-05-20,45.06159591674805,45.51824731672159,44.97189936755399,45.51824731672159,331000,1.0480119243018413,44.392707323799954,3.4057120307280364,43.52733154296875,45.62335539157244,41.43130769436507,47.50445632798574,1,0.7745580635449016,0.6157427586093501,0.15881530493555152
2013-05-21,45.665016174316406,45.75471581093942,44.947422192014656,45.06974044389738,194200,1.0456611709681238,44.62403620571203,3.703695361509829,43.732008361816405,45.82333070375265,41.64068601988016,-41.329305135951664,0,0.8310142892005459,0.6587970647275894,0.1722172244729565
2013-05-22,45.31437301635742,46.10535731332796,45.13497374636024,45.787333597010985,204100,0.9998961036681708,44.749551989465736,3.830306210873169,43.906921577453616,45.90671378478996,41.907129370117275,5.09783728115345,0,0.8378045925499578,0.6945985702920631,0.1432060222578947
2013-05-23,45.665016174316406,45.697634789576114,44.71909810656143,44.99635011490422,188700,1.0371480025585902,44.91600002307494,4.360764263154748,44.05044002532959,46.124736030446776,41.97614402021241,-7.545320921117105,0,0.8615485340705931,0.727988563047769,0.13355997102282402
2013-05-24,45.12682723999024,45.66502201791695,44.931118634070174,45.534550650864496,126800,0.9774628863019177,44.95433224433227,2.84331376975957,44.191511726379396,46.14643749898323,42.23658595377556,-32.80339162692104,0,0.8274006697422749,0.7478709843866702,0.07952968535560467
2013-05-28,45.444854736328125,46.25214852488356,45.26545542538624,45.60794473621319,119300,0.9831514226586203,45.04351815196788,4.1487644662281165,44.30648956298828,46.27279240830552,42.340186717671045,-5.914826498422709,0,0.8165872923297428,0.7616142459752848,0.05497304635445799
2013-05-29,44.79132461547852,45.3304868701633,44.52174192999881,45.183442335587934,162600,0.9485729844756569,44.99766478169708,1.4377970699280374,44.38919868469238,46.286344653643695,42.49205271574107,36.29505448449288,0,0.7466759779663477,0.7586265923734975,-0.01195061440714984
2013-05-30,45.16709899902344,45.59189393059222,44.685120434000616,44.685120434000616,178700,0.8312724647573173,45.02847100302914,1.4829439461604865,44.53024559020996,46.192790519724596,42.86770066069532,9.90159901599017,0,0.7133693323180808,0.7495751403624141,-0.036205808044333376
2013-05-31,45.10992050170898,45.92683320552103,44.7668155456451,45.11808825758625,183800,0.776290757973158,45.04328000278911,0.2705414024755548,44.626844787597655,46.17942630354397,43.07426327165134,2.8539451594851606,0,0.6745835693341746,0.7345768261567662,-0.0599932568225916
2013-06-03,44.48906326293945,45.38766906975761,44.25215784071949,45.199779529599375,298400,0.7305585680347707,44.942513322816446,-2.261024540546719,44.67650184631348,46.13761898238302,43.21538471024394,62.35038084874864,1,0.586981228070762,0.7050577065395655,-0.11807647846880343
2013-06-04,44.82399368286133,45.044560459766,44.0070810793363,44.46455325916906,268200,0.6835202466443481,44.92096429737006,-0.5272832198968125,44.73882789611817,46.105868389406865,43.37178740282947,-10.12064343163539,0,0.5383757665268689,0.6717213185370262,-0.1333455520101573
2013-06-05,44.47271728515625,44.971034430128185,44.09693826694837,44.65243904007046,187700,0.6665461255577619,44.83946484060391,-2.6109678459519503,44.76075744628906,46.093849697404586,43.42766519517354,-30.014914243102165,0,0.46613717927210274,0.6306044906840416,-0.16446731141193882
2013-06-06,45.09358978271485,45.10175754002467,44.13780013115449,44.50541153560079,142100,0.615455194455586,44.88566937553317,-0.4872256172735123,44.83330078125,46.06421117016117,43.60239039233883,-24.2940863079382,0,0.4537561813219497,0.5952348288116233,-0.14147864748967354
2013-06-07,45.763450622558594,45.8614792757038,42.81439522574925,45.08541157397375,135100,0.5939210301334008,45.04526596590142,0.215557677383571,44.93362922668457,46.121471286951376,43.74578716641777,-4.926108374384242,0,0.4923211509915859,0.5746520932476158,-0.08233094225602988
2013-06-10,46.28628158569336,46.29444934296686,45.4857073730573,45.91867018288211,171400,0.6125982564688265,45.270905169499954,2.569323873661644,45.0539831161499,46.27917962908755,43.82878660321225,26.86898593634346,0,0.5586326866695259,0.5714482119319979,-0.012815525262471983
2013-06-11,45.7716178894043,46.13106147422003,45.207949244499616,45.779788761572654,114900,0.5332196936093258,45.3619438458462,0.719032231419936,45.16083602905273,46.22727541627138,44.09439664183408,-32.96382730455076,0,0.5631641911386467,0.5697914077733277,-0.006627216634681021
2013-06-12,45.1507568359375,46.39246428103597,44.987373703321424,46.13922026966736,101000,0.4781547916797063,45.32354620768098,0.8024594573717181,45.21055164337158,46.166861226730994,44.25424206001217,-12.097476066144475,0,0.510769312128339,0.5579869886443299,-0.04721767651599096
2013-06-13,45.73895263671875,45.81247491914615,44.94654616125399,45.00372981244472,187000,0.46183124024833155,45.399074649324206,1.266084495946207,45.2721450805664,46.19580756106306,44.348482600069744,85.14851485148516,0,0.5108200626853971,0.5485536034525434,-0.0377335407671463
2013-06-14,45.82062911987305,46.22908543111589,45.35498917435815,45.69809097999045,95500,0.4722868511925709,45.47572091669672,1.575504036051556,45.31376609802246,46.258339800407605,44.36919239563732,-48.93048128342245,0,0.5115540161918659,0.5411536860004079,-0.029599669808542006
2013-06-17,46.00035095214844,46.3189463767165,45.43667924750554,46.1473954736836,224800,0.4950284140790898,45.57110819586976,3.3969869859407087,45.33787155151367,46.32792837967185,44.34781472335549,135.39267015706807,0,0.5206361599332396,0.5370501807869743,-0.016414020853734668
2013-06-18,47.08684158325195,47.13585746092108,45.82062768140485,45.943165817440544,134000,0.6254891319362266,45.846696084484705,5.048296045195633,45.43913383483887,46.690112098711325,44.188155570966416,-40.39145907473309,0,0.6084902413008777,0.5513381928897549,0.05715204841112276
2013-06-19,46.278099060058594,47.08684077188085,46.2127445576259,47.08684077188085,109800,0.6516191459432743,45.925132989134504,4.059526570698058,45.469787979125975,46.773026271012526,44.166549687239424,-18.059701492537318,0,0.605872351732458,0.5622450246582956,0.04362732707416239
2013-06-20,45.6899299621582,46.26993726174246,45.51837903404592,45.74711360486229,210100,0.6523156826544168,45.882368802411534,1.322450003020026,45.488565826416014,46.79319719172485,44.18393446110718,91.34790528233152,0,0.5499972982297336,0.5597954793725832,-0.009798181142849582
2013-06-21,44.97104644775391,45.853313717166,44.80766327383224,45.70626917226399,449500,0.6608372333180015,45.716673828837415,-1.731521911099232,45.45386734008789,46.77554180672389,44.132192873451885,113.94574012375061,1,0.4426059383736316,0.5363575711727929,-0.09375163279916132
2013-06-24,44.96287536621094,45.338654457048136,44.374697230100814,44.65244767034453,214500,0.6661035564480607,45.57961956290532,-2.8591759245821025,45.44566974639893,46.77787685929505,44.113462633502806,-52.28031145717465,0,0.35277164208552847,0.49964038535534006,-0.14686874326981159
2013-06-25,44.668792724609375,45.33866097987489,44.619776834123456,45.248800072121576,277500,0.6883851676123077,45.41401468321514,-2.4094083094454377,45.40686664581299,46.7836369810376,44.03009631058838,29.370629370629374,0,0.25490887281939933,0.45069408284815193,-0.1957852100287526
2013-06-26,45.19978332519531,45.395840637356905,44.758649698419546,44.938368381855206,159500,0.6750929068800933,45.37506352721154,0.10858398107469469,45.42728958129883,46.777475395059014,44.077103767538645,-42.52252252252252,0,0.217689043124075,0.40409307490333657,-0.18640403177926157
2013-06-27,46.22908782958984,46.41697736855678,45.50203605646032,45.50203605646032,173600,0.6950217150534832,45.5303406730985,1.0715925149488603,45.48038902282715,46.87043245293411,44.09034559272018,8.84012539184953,0,0.268157182110798,0.3769058963448289,-0.10874871423403093
2013-06-28,46.13923263549805,46.52318263260761,45.77162126765644,46.1228940062301,812300,0.7041942880417277,45.64104830262569,0.6953276760812033,45.5318546295166,46.940243205600055,44.12346605343315,367.91474654377885,1,0.2974738888296926,0.3610194948418017,-0.06354560601210907
2013-07-01,46.4986686706543,46.98881815285545,46.04936731584252,46.41697864842474,244700,0.6908153905311226,45.796979278630886,1.0832911232008469,45.63233489990235,47.01396568096459,44.250704118840105,-69.87566170134187,0,0.34572576283753165,0.3579607484409477,-0.012234985603416071
2013-07-02,46.23725128173828,46.84176796863928,45.86147223877848,46.51500168659428,251900,0.6758984518053953,45.87702873374131,-1.804305136949036,45.70299777984619,47.05479468345698,44.3512008762354,2.942378422558245,0,0.35873623409439404,0.358115845571637,0.0006203885227570316
2013-07-03,46.8091049194336,46.84178218080748,46.15557527333171,46.15557527333171,354500,0.6536087343863833,46.04649713113991,1.1474236629423373,45.81981716156006,47.12703463033283,44.51259969278729,40.7304485907106,1,0.41045941504803807,0.36858455946691726,0.04187485558112081
2013-07-05,47.42178726196289,47.48714178156158,46.85811855366168,46.85811855366168,182800,0.7212839428239901,46.29654988219863,3.7904573310553635,45.936227035522464,47.378794921170446,44.49365914987448,-48.434414668547255,0,0.4951806193012587,0.3939037714337856,0.1012768478674731
2013-07-08,47.201202392578125,48.067130748655686,47.10317376692132,47.63416812875381,315000,0.7729544977010872,46.46103215681308,4.959092840801782,46.008114624023435,47.55402361942561,44.46220562862126,72.31947483588621,0,0.5383180334028452,0.4227866238275976,0.11553140957524766
2013-07-09,47.60150909423828,48.04264275288659,47.25023634193778,47.51164818789048,137600,0.8499768530593051,46.66839159998129,5.8684719483270475,46.073875999450685,47.7738297055693,44.37392229333207,-56.31746031746032,0,0.597913772407999,0.45781205354367793,0.1401017188643211
2013-07-10,48.32856750488281,48.45927344549085,47.59334464129048,47.59334464129048,122100,0.9838732967412568,46.970241764508835,8.193135648049775,46.20172348022461,48.169470073707124,44.23397688674209,-11.264534883720934,0,0.6957907200855828,0.505407786852059,0.19038293323352384
2013-07-11,49.496726989746094,49.63560061469827,48.80235263243763,48.89221038702645,228600,1.1964920442745788,47.42960271455197,9.506558103688011,46.41902198791504,48.81200607646419,44.02603789936588,87.22358722358723,0,0.857732210989191,0.5758726716794854,0.28185953930970553
2013-07-12,49.16997528076172,49.72547617724399,48.418417077447295,49.53758662641538,155100,1.3321317483845136,47.746034090226466,6.361551977864277,46.590573120117185,49.25483661688621,43.92630962334816,-32.1522309711286,0,0.9487690580062065,0.6504519489448296,0.2983171090613769
2013-07-15,49.72547912597656,49.79900139946719,49.10462679582512,49.33336137278488,140900,1.4901316460666836,48.10593318763557,7.772661757966404,46.78581562042236,49.76607891255573,43.805552328289,-9.155383623468726,0,1.0535957371049847,0.7310807065768606,0.322515030528124
2013-07-16,49.03110885620117,50.019572641176175,48.99026383760162,49.68463850261956,162100,1.5585834733645545,48.27414694555659,5.446263856464184,46.937353515625,50.054520462354105,43.82018656889589,15.046132008516677,0,1.0683267520623474,0.798529915673958,0.26979683638838936
2013-07-17,49.4232177734375,49.5620914350056,49.06377731148954,49.16180596178906,143600,1.6549560046030305,48.483068914262205,6.890475543812302,47.054172325134275,50.36408433434033,43.744260315928216,-11.41270820481185,0,1.098972825531412,0.8586184976454488,0.24035432788596311
2013-07-18,50.64042282104492,50.69760646433032,49.56209512242428,49.56209512242428,241700,1.825926118917132,48.87531507913179,8.184984327740663,47.2722885131836,50.92414075101786,43.620436275349334,68.31476323119776,0,1.2075583532661014,0.9284064687695794,0.27915188449652195
2013-07-19,51.29395294189453,51.38381384408728,50.4525306801328,50.4525306801328,267500,1.9926944223762244,49.31506741781592,8.165372718960162,47.55248966217041,51.53787850692286,43.56710081741796,10.67438973934629,0,1.3310045928608645,1.0089260935878366,0.3220784992730279
2013-07-22,51.4083251953125,51.62072116224077,51.04888466809728,51.4083251953125,256300,2.0720887105592243,49.695659740997115,8.913168710710417,47.87435359954834,52.01853102066679,43.73017617842989,-4.186915887850462,0,1.421677301159491,1.0914763351021675,0.3302009660573235
2013-07-23,51.67789459228516,51.79226498477213,51.351131391146026,51.522682305464656,177300,2.119000823178817,50.056066077594934,8.563563583618183,48.21010456085206,52.44810620720969,43.97210291449443,-30.82325399921967,0,1.4980198330475858,1.1727850346912512,0.3252347983563346
2013-07-24,51.74325180053711,52.11086314772873,51.65339090274864,51.75959042888727,172700,2.0869641337920117,50.36282711812987,7.065560747914357,48.56382751464844,52.73775578223246,44.38989924706441,-2.5944726452340694,0,1.5459745873726263,1.2474229452275263,0.2985516421451
2013-07-25,51.53902053833008,51.718742323158935,50.98351967274501,51.718742323158935,144800,2.0297608157807754,50.57668046725718,4.1261183774981225,48.88078937530518,52.94031100686673,44.821267743743626,-16.155182397220614,0,1.5496360795324549,1.3078655720885122,0.24177050744394268
2013-07-26,51.06521224975586,51.612545387192206,50.901832200395454,51.25310491581476,96300,1.984803154137509,50.66550442771148,3.854459877541716,49.12259559631348,53.0922019045885,45.15298928803846,-33.49447513812155,0,1.4970484269562263,1.345702143062055,0.15134628389417126
2013-07-29,50.722110748291016,51.1387348630064,50.67309486338786,50.869155286725785,103700,1.8842460900347626,50.675796485998674,2.0042675100013563,49.35173950195313,53.120231682022656,45.58324732188361,7.684319833852538,0,1.4114169733741733,1.3588451091244786,0.05257186424969462
2013-07-30,50.59139251708984,51.39196641122081,50.43618026044241,51.01618740063822,148100,1.7772908157877307,50.66045030983343,3.1822320508081425,49.556375694274905,53.110957325850364,46.001794062699446,42.81581485053039,0,1.3178146141086557,1.3506390101213142,-0.03282439601265841
2013-07-31,50.79562759399414,51.06520714149139,50.52604493022251,50.77112121229649,304300,1.6140291021415856,50.68502799786265,2.776852423587517,49.784294509887694,53.012352714170866,46.55623630560452,105.46927751519242,1,1.2457538588347745,1.3296619798640064,-0.08390812102923184
2013-08-01,51.62887191772461,52.27423355681123,51.23675428184607,51.43281154164836,450200,1.5023825626598786,50.856635983292094,1.9518974005661605,50.025282859802246,53.030047985122,47.02051773448249,47.946105816628325,1,1.2415690096290675,1.3120433858170186,-0.07047437618795116
2013-08-02,51.75142288208008,51.87396104444306,51.41648877006617,51.44916602886629,180600,1.417001963849175,51.01932451034445,0.8918593985216328,50.24176464080811,53.075768568506454,47.40776071310976,-59.88449577965349,0,1.2339174923409502,1.2964182071218049,-0.06250071478085473
2013-08-05,51.914794921875,51.98014942545392,51.12239182176327,51.56352225582396,109700,1.2689222645281422,51.18213731244091,0.9851900925352153,50.47744426727295,53.01528879632924,47.939599738216664,-39.25802879291251,0,1.226893503425444,1.2825132663825327,-0.0556197629570887
2013-08-06,51.62071990966797,51.97199267113261,51.277618021507216,51.72691944869277,120500,1.0959610983045618,51.26187960284582,-0.11063663306772886,50.678404808044434,52.87032700465356,48.48648261143531,9.845031905195988,0,1.1839497105272656,1.2628005552114794,-0.07885084468421377
2013-08-07,51.73508071899414,51.95564439685667,50.754784894921,51.351130768132485,281800,0.9688869323664174,51.34791616941824,-0.015791588774638488,50.84873046875,52.78650433348283,48.910956604017166,133.85892116182575,0,1.1459347839518372,1.239427400959551,-0.09349261700771372
2013-08-08,51.898468017578125,52.27425026548119,51.620717547184526,52.0373448109124,416800,0.9409321632922879,51.44801650544731,0.6974278430082359,50.9688175201416,52.850681846726175,49.08695319355702,47.906316536550754,1,1.1161256683287704,1.2147670544333948,-0.09864138610462447
2013-08-09,52.37227630615234,52.39678269116601,51.3838126377873,51.677898606775614,297400,0.8897912218585121,51.616063741939136,2.559597813877157,51.128932571411134,52.90851501512816,49.34935012769411,-28.646833013435703,0,1.1178482398684224,1.1953832915204003,-0.07753505165197794
2013-08-12,52.60918045043945,52.83791501498776,52.094524563931046,52.25790773129758,297200,0.8840250500994414,51.79663041621192,3.720408465477787,51.27311763763428,53.04116773783316,49.505067537435394,-0.06724949562878502,0,1.1253571579709032,1.181378064810501,-0.05602090683959782
2013-08-13,52.93594741821289,53.2300364997346,52.086354314492056,52.73171923563113,330300,0.7888871838579228,52.003778962030275,4.634296042219166,51.468359565734865,53.04613393345071,49.89058519801902,11.137281292059221,0,1.1444825110875811,1.173998954065917,-0.02951644297833589
2013-08-14,52.21705627441406,53.009462560062445,52.15170488139718,52.97678530541675,140500,0.6412234162237417,52.042556655190964,2.798328808497663,51.608051490783694,52.89049832323118,50.32560465833621,-57.46291250378444,0,1.0890767846954716,1.157014520191828,-0.0679377354963564
2013-08-15,51.66155242919922,51.98831558826482,51.43281478995172,51.85760970138375,315800,0.5994121569828462,51.973283159556104,0.06329890671772365,51.6591079711914,52.8579322851571,50.46028365722571,124.76868327402136,0,0.98894291129767,1.1234001984129964,-0.13445728711532645
2013-08-16,51.84944152832031,52.2007141807793,51.66155201221245,51.66155201221245,123900,0.594450831657334,51.95076649933141,0.1894028043703866,51.686882400512694,52.87578406382736,50.49798073719803,-60.766307789740345,0,0.9142087459010995,1.0815619079106171,-0.16735316200951766
2013-08-19,51.87395095825195,52.045501859184434,51.66972280487301,51.75958369096364,127700,0.592080373059084,51.93680003731696,-0.07867499753106966,51.71016368865967,52.894324434777836,50.5260029425415,3.0669895076674836,0,0.8471931720276658,1.0346881607340268,-0.18749498870636105
2013-08-20,52.24972915649414,52.658185456559806,51.83310510158783,51.87395010833955,130800,0.6041245974714732,51.993696240803715,1.218520872872153,51.73875541687012,52.947004611813064,50.530506221927176,2.4275646045418986,0,0.815010078145832,0.9907525442163879,-0.17574246607055588
2013-08-21,52.2252311706543,52.73171930786874,52.037341616374654,52.037341616374654,176000,0.6138483994236351,52.03579350077655,0.9474237690329845,51.762854385375974,52.99055118422324,50.535157586528705,34.5565749235474,0,0.7785532840330021,0.9483126921797108,-0.16975940814670876
2013-08-22,53.27088928222656,53.671174856768296,52.3069318141612,52.38862185737675,113400,0.6971176176437167,52.26035637013109,2.6444350229829494,51.8494478225708,53.243683057858235,50.45521258728337,-35.56818181818182,0,0.8245321888958586,0.9235565915229403,-0.09902440262708179
2013-08-23,53.38524627685547,53.662999849195856,53.18918896450022,53.56496807674344,109800,0.7507193058704511,52.46488180771733,1.9341721272178702,51.965449523925784,53.466888135666686,50.46401091218488,-3.1746031746031744,0,0.8602816644836508,0.9109016061150825,-0.050619941631431686
2013-08-26,53.60580825805664,54.25116997443746,53.10749106227587,53.31988385560475,168000,0.7758564010914417,52.672322980506294,1.894399036601735,52.10963439941406,53.661347201596946,50.55792159723118,53.00546448087431,0,0.8960814211854711,0.9079375691291603,-0.011856147943689277
2013-08-27,52.21705627441406,53.59764067858698,52.21705627441406,53.19735521613797,194800,0.6886849352424478,52.58954721576225,-1.3580396287598884,52.190917587280275,53.56828745776517,50.81354771679538,15.952380952380963,0,0.8031342755053217,0.8869769104043926,-0.08384263489907096
2013-08-28,52.544342041015625,52.97798322151,52.16797098504543,52.32342961288892,96000,0.6085628639776395,52.58132809308104,0.6267794279355643,52.27835330963135,53.49547903758663,51.06122758167607,-50.71868583162218,0,0.7472681766471467,0.8590351636529435,-0.11176698700579679
2013-08-29,52.86344146728516,53.190719861502295,52.40525546077086,52.40525546077086,122200,0.6017920782742516,52.63262143384542,2.326467133818899,52.340081787109376,53.54366594365788,51.136497630560875,27.29166666666667,0,0.7204377893051515,0.8313156887833852,-0.11087789947823379
2013-08-30,51.80796432495117,52.94525174026518,51.72614629897543,52.83888893072824,220300,0.5990075232075012,52.48268377768283,-0.07999546792897272,52.34290885925293,53.54092390566793,51.14489381283793,80.27823240589198,0,0.6070091065085137,0.786454372328411,-0.17944526581989728
2013-09-03,52.02887344360352,52.8961588213149,51.78341626007234,52.58524160306737,355300,0.595247681653939,52.400172807850225,0.29865179437797984,52.348612785339355,53.53910814864723,51.15811742203148,61.28007262823423,1,0.5288453775260464,0.7349325733679382,-0.20608719584189172
2013-09-04,52.560691833496094,52.60978763516395,51.84886513245481,51.91432203980244,324700,0.5713809850339083,52.42935808524038,0.5951469644380092,52.39561138153076,53.53837335159858,51.25284941146295,-8.61244019138756,0,0.5040035197958872,0.688746762653528,-0.18474324285764077
2013-09-05,52.470699310302734,52.64251904036231,52.28251847170597,52.43797085091301,128800,0.5498961182475307,52.43687467161536,0.4700182922050322,52.432392311096194,53.53218454759126,51.33260007460113,-60.332614721281175,0,0.471618005253454,0.6453210111735133,-0.17370300592005927
2013-09-06,52.99433898925781,53.16616495130052,51.922508538535546,52.593426309893104,181500,0.5484903364772672,52.538231820277616,-0.5191396214611732,52.487185859680174,53.58416653263471,51.39020518672564,40.91614906832297,0,0.48264200095305654,0.6127852091294219,-0.13014320817636538
2013-09-09,53.93526458740234,53.943448262751474,52.87979519071575,52.87979519071575,131900,0.635675045783002,52.792237777936656,1.0302814895607693,52.565335273742676,53.83668536530868,51.29398518217667,-27.32782369146005,0,0.5608384327525542,0.6023958538540484,-0.041557421101494185
2013-09-10,54.67981719970703,54.720723087493134,53.86162453620933,54.11526226435293,211500,0.7924747082510027,53.13543403644036,2.003530916799434,52.668867111206055,54.25381652770806,51.08391769470405,60.34874905231236,0,0.6751066326339838,0.6169380096100354,0.05816862302394843
2013-09-11,55.27709579467773,55.27709579467773,54.458903109772194,54.557088479194185,136500,0.9838106174728811,53.52482708339261,5.860229853215726,52.7859245300293,54.75354576497506,50.81830329508354,-35.46099290780141,0,0.804585632907596,0.6544675342695476,0.15011809863804837
2013-09-12,55.63710403442383,55.86619699344224,54.99891472221112,55.36709894316,854700,1.1610013924011422,53.90887743812556,5.886003846035459,52.95692691802979,55.27892970283207,50.6349241332275,526.1538461538462,1,0.9255788330685775,0.7086897940293536,0.21688903903922385
2013-09-13,55.51437759399414,55.7843827033217,54.63891158928102,55.63710775662625,302800,1.250913481718231,54.200786557374386,5.014686999425733,53.14956817626953,55.651395139706,50.64774121283307,-64.57236457236458,0,1.0000360250342908,0.7669590402303411,0.23307698480394967
2013-09-16,56.2098274230957,56.3407412314472,55.67800724303109,56.29982910575888,165000,1.3851679612320964,54.56606671477826,8.496498859779656,53.3675874710083,56.13792339347249,50.59725154854411,-45.508586525759576,0,1.1024524891518865,0.8340577300146502,0.2683947591372363
2013-09-17,56.71712493896485,56.78258186145836,55.89893213474301,56.2343941807855,256800,1.5264466795088276,54.957168210084916,9.010864900703908,53.60974617004395,56.6626395290616,50.556852811026296,55.63636363636364,0,1.2105979253913972,0.9093657690899997,0.30123215630139755
2013-09-18,56.856204986572266,57.11802638251236,56.04619601824423,56.578022484398495,406100,1.6527428149323862,55.3024476239917,8.172482140615035,53.840069961547854,57.145555591412624,50.534584331683085,58.138629283489095,1,1.2926259726771718,0.9860178098074341,0.3066081628697377
2013-09-19,56.52893829345703,57.05258743522168,56.275300519687775,56.88076145174136,158100,1.7105836380070056,55.52544592753085,7.734295590677309,54.05525531768799,57.476422593702,50.63408804167398,-61.06870229007634,0,1.3160554362260513,1.0520253350911575,0.2640301011348938
2013-09-20,55.46527099609375,56.9134689920222,55.440726219566514,56.651647638542514,416600,1.727912946305383,55.51450503090592,4.662633884983092,54.16497440338135,57.62080029599212,50.70914851077058,163.50411132194816,1,1.2345631182911845,1.088532891731163,0.14603022656002151
2013-09-23,55.32619094848633,55.79256052369339,55.178916017246486,55.56346757339024,384100,1.73630073269215,55.48026610682963,2.578881130415134,54.26202163696289,57.73462310234719,50.78942017157859,-7.801248199711952,0,1.145552060632319,1.0999367255113943,0.04561533512092475
2013-09-24,55.203460693359375,55.7352871797278,54.92527193829747,55.30982349370717,367900,1.7412658928983455,55.429937849835035,0.9576540677519896,54.34190425872803,57.82443604452472,50.85937247293134,-4.217651653215304,0,1.0529688804549124,1.090543156500098,-0.037574276045185595
2013-09-25,55.12981414794922,55.45709243051819,54.89253754914457,55.236183179114704,407600,1.6747308723500964,55.37536990403761,-0.2664424471133131,54.487542152404785,57.83700389710498,51.13808040770459,10.790975808643655,0,0.9625576173720276,1.064946048674484,-0.10238843130245634
2013-09-26,55.15435791015625,55.47345247702842,54.9170813425797,55.22799223682834,245600,1.6160014630216206,55.335185905150084,-0.8676693955330439,54.618042945861816,57.85004587190506,51.38604001981857,-39.74484789008832,0,0.8827111715729288,1.028499073254173,-0.14578790168124423
2013-09-27,55.16253662109375,55.227993518975154,54.467074247465625,54.76162404561856,274200,1.5656058005013043,55.30379512623075,-0.6337835136576486,54.73299770355224,57.864209304554855,51.60178610254963,11.64495114006514,0,0.8107464611034345,0.9849485508240254,-0.17420208972059092
2013-09-30,55.14619064331055,55.48983008797149,54.401632270896776,54.84345708931016,295500,1.407293582519478,55.275139765699805,-1.8922612442466291,54.899909019470215,57.71449618450917,52.08532185443126,7.768052516411372,0,0.7438206246320433,0.9367229655856291,-0.19290234095358572
2013-10-01,56.2262077331543,56.39802746449293,55.02346337146847,55.02346337146847,422400,1.2620862336816432,55.44806121432789,-0.8655537570686933,55.10977573394776,57.63394820131104,52.58560326658447,42.94416243654822,0,0.7690644735991867,0.9031912671883406,-0.13412679358915391
2013-10-02,55.69438552856445,56.0871208324563,55.57165535595351,55.939845873786346,289800,1.1149064071037764,55.49284745327999,-2.0434347636853367,55.26646041870117,57.49627323290873,53.036647604493616,-31.39204545454546,0,0.7376535871121561,0.8700837311731038,-0.13243014406094766
2013-10-03,55.3343620300293,55.669823984696926,54.95799419168216,55.6043670800329,415600,0.900164075113973,55.46403192177986,-2.113211922053737,55.4096435546875,57.209971704915446,53.60931540445955,43.40924775707384,0,0.6759177862820493,0.8312505421948929,-0.15533275591284357
2013-10-04,55.5307502746582,55.710747455837016,55.15438231749455,55.43256488666579,246100,0.697926005118449,55.47616253139411,0.11805455447799762,55.53646411895752,56.93231612919442,54.14061210872062,-40.78440808469682,0,0.6355128132797816,0.7921029964118707,-0.15659018313208906
2013-10-07,55.2852783203125,55.54709972434792,54.63072168906661,55.16254817166456,212000,0.592187780292502,55.441456311197456,-0.07394802980729143,55.60396480560303,56.78834036618803,54.419589245018024,-13.856156034132471,0,0.5770323758141913,0.7490888722923349,-0.17205649647814358
2013-10-08,55.072547912597656,55.67801499707328,54.67163524273718,55.21164541392115,351600,0.565856789650287,55.37438205690658,-0.23714596715033176,55.62360134124756,56.75531492054813,54.491887761946984,65.84905660377358,0,0.5076685546680011,0.7008048087674681,-0.193136254099467
2013-10-09,55.15435791015625,55.65344957855351,54.57343575783695,55.25253701238571,489400,0.570459385328457,55.33437766658834,0.04451994367542511,55.61746444702148,56.7583832176784,54.476545676364566,39.19226393629125,0,0.4540644375676308,0.6514567345275006,-0.19739229695986982
2013-10-10,57.55986785888672,57.59259632316431,55.751662343185096,55.841664059369386,503200,0.7171122117535876,55.73901224700622,4.36141411100992,55.71360263824463,57.147827061751805,54.279378214737456,2.8197793216182987,1,0.5987849179424956,0.6409223712104997,-0.04213745326800411
2013-10-11,57.895301818847656,58.05893781844864,57.04438088783338,57.24074533581721,740600,0.8647308449161613,56.13106489643194,4.954023808812513,55.832648849487306,57.562110539319626,54.103187159654986,47.17806041335453,1,0.7321044145528219,0.6591587798789642,0.07294563467385773
2013-10-14,58.337135314941406,58.41895332709289,57.54348748821215,57.57621594153559,463000,1.028830354916562,56.5321686088882,5.786337432208355,55.93901424407959,57.99667495391271,53.881353534246465,-37.4831217931407,0,0.8634599182572487,0.7000190075546212,0.16344091070262745
2013-10-15,58.24713897705078,58.54168884169265,58.0016786757443,58.28804486572535,317000,1.1405511702307192,56.843981403099576,3.5942869444222314,56.01551494598389,58.296617286445326,53.73441260552245,-31.533477321814253,0,0.9493545803220655,0.7498861221081101,0.19946845821395542
2013-10-16,58.52532958984375,58.89352009274573,58.27987549689139,58.53351326563685,257700,1.2601042860248395,57.149681073416694,5.082997207729978,56.09897117614746,58.61917974819714,53.578762604097776,-18.706624605678236,0,1.0280239561190427,0.8055136889102967,0.222510267208746
2013-10-17,58.86896896362305,59.0817008376666,58.27169172038719,58.27169172038719,316100,1.4026970687195048,57.46227887163603,6.387725102307251,56.21597270965576,59.02136684709477,53.41057857221675,22.662010089251062,0,1.105356961775783,0.865482343483394,0.23987461829238899
2013-10-18,59.75261306762695,59.7771578503435,58.648054149177234,59.17169698818029,340800,1.5961933190243318,57.8787032709071,7.602747616567718,56.43033981323242,59.62272645128108,53.23795317518376,7.81398291679849,0,1.223838966392897,0.9371536680652948,0.28668529832760226
2013-10-21,59.13080596923828,59.9162767505254,59.03262680331534,59.75263440345839,186800,1.6820796509970186,58.10635830696731,6.955789616623642,56.62057056427002,59.984729866264054,53.25641126227598,-45.18779342723005,0,1.253117019524666,1.000346338357169,0.252770681167497
2013-10-22,59.08987808227539,59.55624767386772,59.048965950148975,59.26169780103941,305000,1.7334558473552015,58.285180084296044,7.294614689070489,56.81489143371582,60.281803128426226,53.34797973900542,63.27623126338329,0,1.258510226641988,1.0519791160141327,0.20653111062785534
2013-10-23,58.96715927124024,59.318982451333895,58.73806626881946,58.86079644649234,341100,1.749421330274102,58.40917630010408,6.91296482373136,57.00675868988037,60.50560135042858,53.507916029332165,11.836065573770483,0,1.2386041421454408,1.0893041212403944,0.14930002090504635
2013-10-24,59.253509521484375,59.327150105126215,58.8280520950813,59.163507831652375,348100,1.7610608836048718,58.56269143126413,2.942400192352368,57.21171627044678,60.733838037656525,53.68959450323703,2.052184110231603,0,1.231735815084761,1.1177904600092678,0.1139453550754932
2013-10-25,58.86080551147461,59.310807909157234,58.55807185890051,59.310807909157234,394300,1.7284290361903711,58.6168939913024,1.667671922063696,57.39662971496582,60.85348778734656,53.93977164258508,13.272048261993685,0,1.1809909561608407,1.1304305592395825,0.050560396921258244
2013-10-28,58.63166809082031,58.78712039597752,58.47620954335073,58.7216635083785,176000,1.6640990584843145,58.61958019121474,0.5048804235738169,57.570903587341306,60.899101704309935,54.24270547037268,-55.36393608927212,0,1.1094962330638438,1.1262436940044347,-0.016747460940590875
2013-10-29,58.90987396240234,58.92623506966225,58.47623283339393,58.62350776799253,244300,1.6581508304837063,58.67236087688521,1.137798348538066,57.705086898803714,61.021388559771125,54.3887852378363,38.806818181818194,0,1.0630310781361203,1.1136011708307718,-0.050570092694651514
2013-10-30,58.59897232055664,59.400797792632126,58.35351197635305,58.90988334654079,196400,1.5989157392198121,58.659017503007284,0.12583052710508635,57.85031623840332,61.04814771684295,54.6524847599637,-19.607040523945972,0,0.9897111696194543,1.0888231705885083,-0.09911200096905404
2013-10-31,58.54170227050781,59.1798917095205,58.51715124089361,58.803523738880095,311400,1.4904562490659758,58.63768746073465,-0.555923942404124,58.01068325042725,60.9915957485592,55.0297707522953,58.55397148676171,0,0.916419486081196,1.054342433687046,-0.1379229476058499
2013-11-01,58.77076721191406,59.16349610578575,58.14075550795478,58.656220764342045,169000,1.3786055379055684,58.661883779130896,-1.6431848003059746,58.17268409729004,60.92989517310117,55.4154730214789,-45.728965960179835,0,0.866826686770743,1.0168392843037855,-0.1500125975330424
2013-11-04,59.5562629699707,59.59716887028822,58.75443116748559,58.88534503006134,233200,1.2306528912448833,58.8244981774654,0.7195183521661486,58.38623332977295,60.847539112262716,55.92492754728318,37.988165680473365,0,0.880754192947748,0.989622266032578,-0.10886807308482993
2013-11-05,59.11444091796875,59.63808390906783,58.99989440381063,59.35990130106006,284900,0.9599494101259172,58.8772150393751,0.041568601071007016,58.588327980041505,60.50822680029334,56.66842915978967,22.169811320754707,0,0.846383907964352,0.9609745944189328,-0.11459068645458081
2013-11-06,59.44170379638672,59.71170889868297,59.05715220990088,59.245339286678174,171200,0.5392776667702991,58.97984935883176,0.804760702416818,58.80269527435303,59.88125060789363,57.72413994081243,-39.90873990873991,0,0.8359166617917424,0.9359630078934948,-0.10004634610175245
2013-11-07,59.6953353881836,61.94536519050635,59.41715288166196,61.36444915425713,421600,0.48934773694538813,59.10993772780481,0.7456534984464191,58.90946865081787,59.888164124708645,57.9307731769271,146.26168224299064,0,0.838422431665478,0.9164548926478916,-0.07803246098241357
2013-11-08,62.24808883666992,62.25626626745895,59.71169325614479,60.36624353114061,538600,0.8497763045154284,59.68051065668937,5.754734913600501,59.12710800170898,60.82666061073984,57.42755539267812,27.75142314990513,1,1.0344694218256691,0.9400577984834471,0.09441162334222208
2013-11-11,62.77992248535156,62.935374838393024,62.10900478657859,62.45264418885672,408100,1.157409869188281,60.2440400800825,7.0751089464240025,59.34924736022949,61.664067098606054,57.03442762185293,-24.22948384701077,0,1.218704141967656,0.9957870671802889,0.22291707478736722
2013-11-12,63.20540237426758,63.47540753305148,62.63266983349856,62.7963059187707,480800,1.411949460643232,60.78246958811614,7.291695131798703,59.597160530090335,62.4210594513768,56.77326160880387,17.814261210487636,1,1.383100633024135,1.0732497803490582,0.30985085267507695
2013-11-13,64.17903900146484,64.31813026581136,63.082657509855984,63.082657509855984,510900,1.7187050138070796,61.40002766327045,9.522465087584319,59.879846000671385,63.31725602828554,56.44243597305723,6.260399334442601,1,1.5738084907733096,1.1733615224339085,0.4004469683394012
2013-11-14,64.61270141601562,64.98906944231977,64.21996603421466,64.30996776249577,350500,1.9980716551019435,61.98415016376957,10.37038369238925,60.167032623291014,64.1631759334949,56.17088931308713,-31.395576433744377,0,1.7398824922700342,1.2866657164011337,0.4532167758689005
2013-11-15,64.93177795410156,65.17723827910753,64.375406627428,64.63722806102054,280500,2.2599881636021455,62.520082489284476,10.483121174804966,60.42599086761474,64.94596719481903,55.90601454041045,-19.971469329529246,0,1.8756231290475966,1.4044571989304264,0.47116593011717023
2013-11-18,64.72721099853516,65.74176797927977,64.58811976777048,65.38994494467212,361200,2.431161588557485,62.92137858187551,8.682458856042953,60.70581111907959,65.56813429619456,55.843487941964625,28.770053475935818,0,1.9442792767449788,1.512421614493337,0.4318576622516419
2013-11-19,64.76814270019531,64.98905200158117,64.39176853257942,64.63722886062187,320900,2.560628526520789,63.25715387611547,9.563994337816762,60.98972434997559,66.11098140301716,55.868467296934014,-11.15725359911407,0,1.979177884027834,1.6057728684002364,0.37340501562759765
2013-11-20,65.0053939819336,65.52903670150974,64.49811860864561,64.96448810084041,231500,2.6635094551920098,63.57501571353694,9.359910349482735,61.291636085510255,66.61865499589427,55.964617175126236,-27.859146151449053,0,2.0028913921627236,1.6851965731527339,0.31769481900998975
2013-11-21,65.8727035522461,66.44543601076734,65.17724092623725,65.17724092623725,401500,2.8044410504450137,63.99277713875678,10.348158903694294,61.62259578704834,67.23147788793837,56.01371368615831,73.43412526997841,0,2.0678324666276637,1.76172375184772,0.3061087147799437
2013-11-22,65.83998107910156,65.95452758122299,65.65179397286424,65.79089150456842,519400,2.87600152897063,64.32863240063764,5.7702851759132034,61.971554565429685,67.72355762337095,56.219551507488426,29.364881693648815,1,2.0925368437310894,1.8278863702243942,0.26465047350669524
2013-11-25,66.26543426513672,66.47816614464801,65.6108837592558,65.86452153408203,435800,2.9157029757238853,64.68077819418292,5.551952984010811,62.35324287414551,68.18464882559329,56.52183692269774,-16.095494801694265,0,2.121984836715413,1.8867060635225978,0.23527877319281498
2013-11-26,67.1430435180664,67.25787353323354,66.11777105566955,66.41305002546116,311100,2.9843565797759424,65.12846279852538,6.229912311106389,62.764901351928714,68.7336145114806,56.79618819237683,-28.614043139054612,0,2.1908831780426468,1.9475414864266076,0.24334169161603914
2013-11-27,67.8648452758789,68.14372268981097,67.15945719435193,67.20867453667384,176600,3.0225724749622276,65.62598688531692,5.743006333157985,63.22819499969482,69.27333994961927,57.183050049770365,-43.2336869173899,0,2.2774756577337243,2.0135283206880312,0.26394733704569306
2013-11-29,67.446533203125,68.09449995769415,67.25788029765307,67.92225491762002,149000,2.9509080258407647,65.95699530673656,4.385874177993965,63.67343654632568,69.57525259800721,57.771620494644154,-15.62853907134768,0,2.2859950060157885,2.068021657753583,0.2179733482622055
2013-12-02,67.61055755615234,68.46358487020535,67.27426523427134,67.71718362374688,455200,2.8377805072514652,66.25764298844851,4.125529419422858,64.1154260635376,69.79098707804053,58.439865049034665,205.503355704698,0,2.279703047720268,2.1103579357469204,0.16934511197334778
2013-12-03,68.078125,68.2913835292839,67.06105596904295,67.56958735563668,676700,2.7557869643404507,66.58863971782151,5.176978815819333,64.54151916503906,70.05309309371997,59.02994523635816,48.65992970123023,1,2.286092756283189,2.145504899854174,0.14058785642901483
2013-12-04,67.88943481445312,68.21752323559858,67.32348870218752,67.85663160432811,561900,2.5360372015508474,66.82514791720907,4.819178046691763,64.98026885986329,70.05234326296498,59.90819445676159,-16.964681542781147,0,2.2499943905691,2.1664027979971596,0.08359159257194015
2013-12-05,67.06925201416016,68.16014392621047,66.6509451594574,67.64340861628794,441500,2.212136168493646,66.86953048029108,3.174902736225471,65.36164627075195,69.78591860773923,60.937373933764654,-21.427300231357894,0,2.130643545720517,2.1592509475418313,-0.028607401821314493
2013-12-06,67.51216125488281,67.85665767119384,67.29070508375365,67.47115409759073,326700,1.8128180951903416,66.98637243930774,2.4888271077813107,65.75248756408692,69.37812375446761,62.12685137370624,-26.002265005662515,0,2.0481860021991167,2.1370379584732886,-0.08885195627417186
2013-12-09,66.83137512207031,67.61878376576149,66.58530718314347,67.5121514052683,344500,1.6266326493402499,66.95819110890093,1.505762952418932,65.98165187835693,69.23491717703743,62.728386579676425,5.448423630241805,0,1.9059336369685553,2.0908170941723423,-0.18488345720378696
2013-12-10,65.95376586914062,66.78218196414406,65.87173902128137,66.53612019387597,470800,1.4421983251880381,66.77556833803543,-0.47033328831599386,66.14034404754639,69.02474069792247,63.25594739717032,36.66182873730044,0,1.7027535968879022,2.0132043947154545,-0.31045079782755236
2013-12-11,65.22374725341797,66.15059780652494,64.9940871630875,66.14239387250797,563200,1.2884377612815245,66.49341904992316,-2.8585184169258038,66.2412612915039,68.81813681406695,63.66438576894085,19.626168224299057,0,1.4659272531558116,1.903748966403526,-0.43782171324771446
2013-12-12,65.8143081665039,66.16700225112461,65.18274289104136,65.24836185045181,777000,1.1994996405197633,66.36994434384692,-3.0215011926120416,66.32302474975586,68.72202403079538,63.92402546871633,37.96164772727273,1,1.3107840965388817,1.7851559924305973,-0.4743718958917156
2013-12-13,66.74114227294922,67.09383627044762,65.86350924537413,66.17518983893002,419600,1.1323076506275902,66.43743487641098,-1.04585202037204,66.42944679260253,68.69406209385771,64.16483149134736,-45.997425997426,0,1.2482309641304852,1.677770986770575,-0.42954002264008984
2013-12-16,67.89765167236328,68.12731173355841,66.87237907219406,66.87237907219406,385800,1.11998789869469,66.7029288393114,0.42462912093648164,66.57774047851562,68.817716275905,64.33776468112625,-8.055290753098188,0,1.2772544054830917,1.5976676705130783,-0.3204132650299867
2013-12-17,69.19359588623047,70.12864397190111,68.94752796567833,70.12864397190111,550700,1.1754930752839776,67.15577739329667,1.638515876032831,66.80105972290039,69.15204587346835,64.45007357233243,42.74235355106273,0,1.3888181283842727,1.5558977620873173,-0.16707963370304468
2013-12-18,69.46428680419922,69.66934137026875,68.31597998265612,69.57911686057666,555200,1.2163628662155084,67.57550637709713,2.3197305943852387,67.03586692810059,69.46859266053161,64.60314119566956,0.8171418195024538,0,1.4819921938754845,1.5411166484449508,-0.059124454569466245
2013-12-19,69.18539428710938,69.49708116469095,68.8983192086269,69.43146221596142,333000,1.2082013856686253,67.86821326982663,3.15516009109873,67.24486694335937,69.66126971469662,64.82846417202212,-40.021613832853035,0,1.5158551817845023,1.5360643551128612,-0.02020917332835892
2013-12-20,71.39177703857422,71.93311767642246,69.38223913978815,69.49707541945514,882600,1.4783754159070635,68.50886122778073,5.746543602780618,67.52082061767578,70.47757144948991,64.56406978586165,165.04504504504504,1,1.7011190506986225,1.5690752942300137,0.13204375646860878
2013-12-23,71.86752319335938,72.35965287725807,71.08831212423203,72.17920386634924,277900,1.7133887945864226,69.11952703970411,7.5356044404149,67.82219772338867,71.24897531256151,64.39542013421583,-68.51348289145706,0,1.864834093668918,1.6282270541177946,0.2366070395511235
2013-12-24,72.06436920166016,72.38425378860308,71.69527352680849,71.79369570262598,63300,1.9148924132631417,69.65495288733247,9.264980175117854,68.11214447021484,71.94192929674112,64.28235964368857,-77.22202231018352,0,1.9875520101207087,1.7000920453183774,0.28745996480233127
2013-12-26,72.36785888671875,73.24549216312944,71.99055298521708,72.58111112593616,129800,2.12102829940476,70.14820852358451,10.953237025072028,68.37338523864746,72.61544183745698,64.13132863983793,105.05529225908373,0,2.0852583638682773,1.7771253090283576,0.3081330548399197
2013-12-27,72.81895446777344,76.31308496851776,72.49906994211729,74.35276441066931,230700,2.3368193956923995,70.63379869525522,10.643044797414646,68.62109069824218,73.29472948962699,63.94745190685739,77.73497688751927,0,2.174030130519668,1.85650627332662,0.3175238571930481
2013-12-30,72.85179901123047,73.01584019031469,72.44989374203521,72.81078558757449,162800,2.500655024410061,71.037071479978,9.155756899231182,68.89135398864747,73.89266403746758,63.89004393982734,-29.432162982228004,0,2.221425465345476,1.9294901117303913,0.2919353536150846
2013-12-31,73.8278579711914,73.86066745725053,72.81078267666739,72.91741507080195,267200,2.7106818555356758,71.54448720565316,8.734037411844575,69.20221900939941,74.62358272047076,63.78085529832806,64.12776412776412,0,2.3111054257289965,2.0058131745301124,0.30529225119888403
2014-01-02,72.10539245605469,73.88526463308386,71.70348099071089,73.51616265008052,479100,2.7716801941853095,71.64646997845342,4.208187958047227,69.40358238220215,74.94694277057276,63.86022199383153,79.30389221556887,0,2.2176254627054277,2.0481756321651754,0.1694498305402523
2014-01-03,72.5237045288086,72.6221329829591,71.76910515362937,72.06438425831156,394400,2.8315023670863577,71.80596716942709,4.404303082003902,69.63529586791992,75.29830060209264,63.972291133747206,-17.678981423502403,0,2.152483714428513,2.069037248617843,0.08344646581066995
2014-01-06,73.8524398803711,74.31176002262653,72.55649375584457,73.08143284921296,404700,2.913036470785626,72.17805311687145,6.745709323985571,69.97445526123047,75.80052820280173,64.14838231965922,2.6115618661257667,0,2.182912985681739,2.0918123960306225,0.09110058965111634
2014-01-07,74.79570007324219,76.44433415874695,74.51682262966372,75.46007481642266,437100,3.0414579346801105,72.65398892712066,4.767948321035309,70.33863220214843,76.42154807150865,64.25571633278821,8.00593031875463,0,2.2571229089076894,2.1248744986060357,0.13224841030165368
2014-01-08,74.43479919433594,75.14839125759053,74.12311854141511,74.79569719291547,518000,3.055159483485847,72.97777261206889,3.5722338643413565,70.71880340576172,76.82912237273341,64.60848443879003,18.50835049187829,0,2.260752574554772,2.152050113795783,0.10870246075898882
2014-01-09,74.53321075439453,75.19758532158342,74.14770729914338,74.9351158159734,274000,2.9514471641273987,73.26057954703718,3.4258838037223738,71.14777565002441,77.05066997827922,65.24488132176961,-47.1042471042471,0,2.245683262407681,2.1707767435181626,0.07490651888951838
2014-01-10,75.95220184326172,75.99321525516744,74.44300340320572,74.58243899125627,207500,2.7885402576128797,73.749965419078,4.9529487422776075,71.6841983795166,77.26127889474236,66.10711786429084,-24.27007299270073,0,2.321480859553546,2.200917566725239,0.12056329282830669
2014-01-13,76.29668426513672,77.08409914133146,75.99320757566727,76.07522813342206,443300,2.6063544119869206,74.21300520927049,4.775857910597137,72.20831718444825,77.42102600842209,66.9956083604744,113.63855421686746,0,2.3818908982697735,2.237112233034146,0.14477866523562755
2014-01-14,77.21534729003906,77.81410937941635,76.32131238117172,76.37052347479194,696500,2.5001419278150627,74.75888558759205,5.98962323241452,72.73202743530274,77.73231129093287,67.73174357967261,57.117076471915176,1,2.47536030496822,2.284761847420961,0.1905984575472588
2014-01-15,78.16680908203125,78.32264630890973,77.46142082004692,77.71568649898224,623000,2.5095225626889324,75.37850804112644,5.877119057866964,73.24548530578613,78.26453043116399,68.22644018040828,-10.552763819095478,1,2.596282173338537,2.347065912604476,0.24921626073406067
2014-01-16,78.1011962890625,78.49489761287943,77.51884198166309,77.93714885599735,555800,2.5427836010978297,75.8735422680239,8.31533347060278,73.69086532592773,78.7764325281234,68.60529812373207,-10.786516853932582,0,2.656200198709925,2.408892769825566,0.24730742888435886
2014-01-17,78.11759948730469,78.42108255130098,77.95355830868336,78.08479000002646,390200,2.5218752287034585,76.28155267152948,7.713195285376018,74.123530960083,79.16728141748992,69.07978050267609,-29.794890248290752,0,2.674182950086191,2.4619508058776916,0.21223214420849956
2014-01-21,78.86398315429688,79.35611283505361,78.37185347354014,78.86398315429688,507000,2.4520687055227057,76.75108548657809,6.7858872124518355,74.60746040344239,79.5115978144878,69.70332299239698,29.933367503844188,0,2.717337558359432,2.5130281563740398,0.20430940198539238
2014-01-22,80.32396697998047,80.34036859023648,79.15925866099185,79.15925866099185,414700,2.6416582199994014,77.40070030356034,7.391156044164093,75.0540699005127,80.3373863405115,69.7707534605139,-18.205128205128208,0,2.8366472853134184,2.5777519821619155,0.2588953031515029
2014-01-23,79.7251968383789,80.28294539683992,79.5611557214417,79.84823080496555,448900,2.725773671645943,77.82333603716371,7.107425157728553,75.44695358276367,80.89850092605556,69.99540623947178,8.24692548830479,0,2.8500319628241044,2.6322079782943533,0.21782398452975116
2014-01-24,76.6493911743164,79.18386876183102,76.20647883646772,79.15926321614704,565300,2.6169473760726065,77.60989151664602,2.8392449466523306,75.67620468139648,80.9100994335417,70.44230992925127,25.930051236355546,0,2.582676121998986,2.62230160703528,-0.03962548503629382
2014-01-27,76.27208709716797,77.43680167311763,74.9433376454675,76.68219618873343,574700,2.500185591783067,77.36665434946818,0.42116653124339987,75.87141609191895,80.87178727548508,70.87104490835281,1.6628338935078757,0,2.3136787576825952,2.560577037164743,-0.24689827948214793
2014-01-28,77.00205993652344,77.01026386830917,76.08341982504702,76.27206645175389,454300,2.4045302292280675,77.3003644562055,0.9245168098465317,76.08057136535645,80.88963182381258,71.27151090690032,-20.95006090133983,0,2.1347905790051414,2.475419745532823,-0.3406291665276817
2014-01-29,76.4689712524414,77.15795176838533,75.96043354464682,76.32133167648622,279500,2.281795618511995,77.14920205552112,-0.9666161764371628,76.261429977417,80.82502121444098,71.69783874039301,-38.476777459828305,0,1.9277823322626375,2.365892262878786,-0.43810993061614845
2014-01-30,77.02669525146484,77.18253245637905,76.47714429381473,77.0184913171741,326900,2.213320485765147,77.12692809114725,-1.4585651428727586,76.42137184143067,80.84801281296096,71.99473086990038,16.95885509838999,0,1.7881181578735124,2.2503374418777313,-0.46221928400421897
2014-01-31,77.93712615966797,78.56049370824317,76.14085265953383,76.1736621365923,632200,1.9874122434146897,77.2742368308783,-0.2100737724775481,76.71295852661133,80.68778301344071,72.73813403978195,93.39247476292445,0,1.7309442115521136,2.146458795812608,-0.41551458426049415
2014-02-03,73.58179473876953,78.43748635137396,73.42595123429847,77.9781660322214,661300,1.8812747769836458,76.60288372322215,-5.806380096552111,76.76586303710937,80.52841259107666,73.00331348314208,4.602973742486549,0,1.3189901036610792,1.9809650573823023,-0.6619749537212232
2014-02-04,74.39379119873047,74.87772321003673,72.95021161485042,73.75402197850228,721000,1.8406054238168972,76.20123053695093,-5.668230004082475,76.79293060302734,80.47414145066114,73.11171975539355,9.027672765764393,0,1.0459774563511957,1.793967537176081,-0.7479900808248854
2014-02-05,74.2789535522461,74.81209660051539,73.33570768734795,74.39378359245575,408300,1.873450765887717,75.85172563064096,-7.525790439659186,76.76709327697753,80.51399480875297,73.0201917452021,-43.37031900138696,0,0.8109978496925407,1.597373599679373,-0.7863757499868322
2014-02-06,74.49222564697266,75.4600834898709,73.8852658580338,74.5824501604625,333200,1.8697283763909058,75.60454381542853,-6.563760766893645,76.76996459960938,80.50942135239119,73.03050784682758,-18.39333823169238,0,0.6346680360812655,1.4048324869597515,-0.770164450878486
2014-02-07,76.19007873535156,76.47715389388053,74.63986662152601,74.63986662152601,280200,1.8008439411084425,75.71100470995998,-0.5992382091075887,76.85280799865723,80.4544958808741,73.25112011644035,-15.906362545018006,0,0.6247264850475887,1.2488112865773189,-0.6240848015297302
2014-02-10,74.9925537109375,76.21467713273512,74.88592759285063,76.21467713273512,202700,1.8384940554312148,75.58037725559225,-1.6775906297154086,76.80482559204101,80.48181370290344,73.12783748117859,-27.65881513204854,0,0.514289068642924,1.10190684299044,-0.5876177743475159
2014-02-11,76.12445831298828,76.41973740119272,74.73829364322916,75.18121227553583,216000,1.8414004450650607,75.67930108420971,-1.1397118781739213,76.7962142944336,80.47901518456372,73.11341340430347,6.5614208189442635,0,0.5121975674223052,0.983964987876813,-0.4717674204545078
2014-02-12,76.67400360107422,77.19073883794404,76.07524153423299,76.27209215907361,368400,1.8388922111268555,75.86015608727598,0.2681248946791115,76.76914710998535,80.44693153223906,73.09136268773165,70.55555555555554,0,0.5485602881090585,0.8968840479232622,-0.3483237598142036
2014-02-13,78.1832046508789,78.8721912464734,76.16546847297224,76.34591749224147,427300,1.8395516189784442,76.2825285533856,1.5014397224734521,76.76996688842773,80.44907012638463,73.09086365047084,15.98805646036916,0,0.6911903064308547,0.8557452996247807,-0.16455499319392608
2014-02-14,78.7491226196289,79.05259923877031,77.57621076802194,78.0355307912193,326600,1.8696882414424927,76.73100020179346,1.0418609204263074,76.80236320495605,80.54173968784104,73.06298672207106,-23.566580856541076,0,0.8402051125213745,0.8526372622040995,-0.012432149682724991
2014-02-18,79.70059967041016,80.1353143079581,78.69173480549102,79.05262655222371,330300,1.9596398962413344,77.27092737790558,8.315650567322574,76.88151321411132,80.80079300659399,72.96223342162865,1.1328842620943025,0,1.0232809206315778,0.8867659938895952,0.13651492674198262
2014-02-19,78.740966796875,79.88106987799983,78.65074227179866,79.38073615085645,251400,1.9532726363637154,77.53820727226365,5.843465601224418,76.87536239624023,80.78190766896766,72.9688171235128,-23.88737511353315,0,1.078503151653777,0.9251134254424316,0.1533897262113455
2014-02-20,80.38959503173828,80.65206462990687,78.59331500372177,78.92960750081497,373800,1.9594165073565364,78.05664141034994,8.226612233025211,76.87864379882812,80.7974768135412,72.95981078411505,48.687350835322185,0,1.240992301228303,0.9882892005996059,0.25270310062869716
2014-02-21,80.46337890625,81.18517470060745,79.6677665007967,80.611018386208,336200,2.021817367485648,78.49423004596812,8.015807297227685,76.91555290222168,80.95918763719297,72.87191816725039,-10.058855002675227,0,1.3600421457138197,1.0626397896224486,0.297402356091371
2014-02-24,80.45519256591797,81.66911813963421,80.42238934788057,80.60283207815687,394400,2.169175984145279,78.850768685959,5.597991105090472,77.10584297180176,81.44419494009232,72.76749100351121,17.3111243307555,0,1.4371627187091605,1.1375443754397911,0.2996183432693693
2014-02-25,79.5611801147461,80.80790925590914,79.38893501182174,80.61105860367695,306100,2.226559648955524,78.97993440028392,6.092106719579915,77.27029762268066,81.7234169205917,72.81717832476961,-22.388438133874246,0,1.4098896647663537,1.1920134333051038,0.2178762314612499
2014-02-26,79.47913360595703,80.159916117668,79.07722849689704,79.82362369943704,456000,2.279127254285746,79.07069789222447,4.40682977233926,77.39415130615234,81.95240581472383,72.83589679758084,48.97092453446585,0,1.3659097481297806,1.2267926962700393,0.13911705185974133
2014-02-27,82.5795669555664,83.05529500380588,80.38958590773834,82.57136302155727,958300,2.542891103452972,79.70867408555937,7.70217163201512,77.69968109130859,82.78546329821454,72.61389888440264,110.15350877192982,1,1.5632146419231958,1.2940770854006707,0.26913755652252513
2014-02-28,83.11271667480469,84.13798948607653,82.30069610268399,83.19473724815272,574700,2.808405331047672,80.3275909199676,6.30507798438058,78.00398216247558,83.62079282457093,72.38717150038023,-40.02921840759679,0,1.7425142982313702,1.3837645279668107,0.35874977026455945
2014-03-03,84.69570922851562,85.23704983400043,81.2589939360258,82.16123245034483,531900,3.181744710987311,81.12179424879452,7.551305222293969,78.34191131591797,84.70540073789259,71.97842189394335,-7.4473638420045285,0,1.9894121324072387,1.5048940488548963,0.4845180835523424
2014-03-04,85.75379943847656,86.77086806602304,85.13863590235482,86.77086806602304,502600,3.381186178538195,81.96397701055488,7.594923743483117,78.95051155090331,85.7128839079797,72.18813919382693,-5.508554239518704,0,2.2445852997794304,1.6528322990398032,0.5917530007396272
2014-03-05,85.37577819824219,86.8960887220806,85.30182009421347,86.14004328867875,490300,3.4921425236442483,82.5843044992253,8.426123873336167,79.4996109008789,86.4838959481674,72.51532585359041,-2.4472741742936677,0,2.3887724368212275,1.8000203265960883,0.5887521102251392
2014-03-06,86.25509643554688,87.14263133361044,85.14568094784816,85.5730090822335,862500,3.575619566796171,83.25172121492012,7.296344012546463,80.09841804504394,87.24965717863628,72.9471789114516,75.91270650622069,1,2.5446621336409976,1.9489486880050704,0.5957134456359272
2014-03-07,86.1318359375,87.59462161060947,86.0825305277698,87.10976836223007,578300,3.5623378065956,83.77537843720738,7.04476633755895,80.6803985595703,87.80507417276151,73.5557229463791,-32.95072463768116,0,2.6279661910357532,2.084752188611207,0.5432140024245462
2014-03-10,86.5920181274414,86.90429608320348,85.97567560202862,86.24686154819234,439800,3.630927233709232,84.28749474452265,7.627631437828519,81.2004955291748,88.46234999659326,73.93864106175634,-23.94950717620612,0,2.6999942603741403,2.2078006029637938,0.4921936574103465
2014-03-11,85.162109375,86.71529222751248,85.02240655688772,86.61668142402671,399600,3.4218636694822484,84.44651558642762,7.039776499262618,81.70897331237794,88.55270065134243,74.86524597341344,-9.140518417462484,0,2.6115905480043438,2.288558591971904,0.3230319560324397
2014-03-12,85.35115051269531,85.55659811044977,83.92123698785791,84.6444102748389,416700,3.2468277879754814,84.61099466393082,7.388123951942749,82.17030792236328,88.66396349831425,75.67665234641231,4.279279279279269,0,2.5276468692629095,2.3363762474301053,0.1912706218328042
2014-03-13,84.06916809082031,85.85245191662368,83.73223098662213,85.52373447270841,392000,2.9996298795038867,84.5124807415471,1.8038374263398715,82.54006614685059,88.53932590585836,76.54080638784282,-5.927525797936162,0,2.3308075332417104,2.3352625045924262,-0.0044549713507158195
2014-03-14,84.1102294921875,85.01419749881893,83.7075540316426,84.06914374219994,382000,2.834788570308871,84.43934415075444,1.2001927710843407,82.83641738891602,88.50599452953377,77.16684024829827,-2.5510204081632626,0,2.1533023244083154,2.298870468555604,-0.1455681441472887
2014-03-17,83.73221588134766,84.59509823224099,83.41171815553302,83.54320761728397,347800,2.6708899957049046,84.31077537449866,-1.1375940480861768,83.08557205200195,88.42735204341176,77.74379206059214,-8.95287958115183,0,1.9595373020996902,2.2310038352644215,-0.27146653316473124
2014-03-18,84.07736206054688,84.14310678809649,83.45280595811244,83.61716150722417,321900,2.5557697466496134,84.26833659014378,-1.9549423919489883,83.30441017150879,88.41594966480802,78.19287067820956,-7.446808510638303,0,1.8129292185506927,2.147388911921676,-0.33445969337098314
2014-03-19,83.05833435058594,84.2252749170211,82.28584956475008,84.12666410675207,277100,2.3216461458737854,84.04833618295143,-2.7144043621777025,83.52027854919433,88.1635708409419,78.87698625744676,-13.917365641503576,0,1.5961152136245431,2.0371341722622494,-0.44101895863770624
2014-03-20,82.74605560302734,83.32952588108262,82.4584240229233,83.14873103750688,298700,2.21158876291826,83.8115578956925,-4.06821275209126,83.63810157775879,88.06127910359531,79.21492405192227,7.7950198484301625,0,1.3831462189213113,1.9063365815940618,-0.5231903626727505
2014-03-21,81.76810455322266,83.51030160081702,81.67770715213578,83.30485410193958,605600,2.1307804555972454,83.44002092433435,-5.066339683556498,83.70333786010742,87.96489877130192,79.44177694891293,102.74522932708403,0,1.1225146297087605,1.7495721912170017,-0.6270575615082412
2014-03-24,82.0804214477539,82.60636679290009,80.42040762771683,82.54884171670483,442900,2.028943503046697,83.19282101950154,-5.210176153935553,83.78459930419922,87.84248631029261,79.72671229810582,-26.865918097754292,0,0.9304380698642802,1.5857453669464574,-0.6553072970821772
2014-03-25,82.4748764038086,82.82824648957276,82.09685361178965,82.38447896769944,305900,1.8015964580465966,83.06228563483009,-3.155432610714859,83.93028411865234,87.53347703474553,80.32709120255915,-30.932490404154432,0,0.8008139460262385,1.4287590827624137,-0.6279451367361752
2014-03-26,81.68595886230469,83.42815032379858,81.65308649721352,82.77894148997636,312900,1.5669278900427819,82.81204440346183,-4.294249847101305,84.04062538146972,87.17448116155529,80.90676960138416,2.2883295194507935,0,0.6271969061354099,1.268446647437013,-0.6412497413016032
2014-03-27,82.1461410522461,82.72139790797266,81.42296799135228,81.7598986860574,435700,1.5910106600650502,82.69097106687715,-2.2874343617826254,84.01895408630371,87.20097540643381,80.8369327661736,39.24576542026206,0,0.5207343070580492,1.1189041793612204,-0.5981698723031712
2014-03-28,82.09687042236328,83.53500376615426,81.99003364703283,82.35162346551041,322400,1.6370147038713334,82.58295276787462,-2.393714869142316,83.96816177368164,87.24219118142432,80.69413236593897,-26.00413128299288,0,0.42745872412008623,0.9806150883129936,-0.5531563641929074
2014-03-31,84.03626251220703,84.3896325275718,82.30228479376146,82.64743515209133,273200,1.628206869471634,82.84719090320779,0.3631178605021379,83.93518943786621,87.19160317680948,80.67877569892295,-15.2605459057072,0,0.5042175797075572,0.8853355865919064,-0.38111800688434916
2014-04-01,84.90736389160156,85.27716697665154,83.9623039000984,84.1020067304718,381700,1.5889760483690953,83.22176781018847,0.9871882403458043,83.89286766052246,87.07081975726065,80.71491556378426,39.71449487554906,0,0.6280997836698674,0.8338884260074987,-0.20578864233763128
2014-04-02,85.59767150878906,85.78667974652086,84.82518670302842,85.17855674505066,314100,1.600607178042853,83.65375030084311,3.057293621474133,83.90396232604981,87.10517668213551,80.70274796996411,-17.71024364684307,0,0.7730679324909744,0.8217243273041939,-0.04865639481321948
2014-04-03,85.86885833740234,86.18114263366859,85.20321026548632,85.9674754209225,262400,1.572836009968339,84.05649721658115,3.7739596306035184,83.88465042114258,87.03032244107926,80.7389784012059,-16.459726201846546,0,0.8994702128243546,0.8372735044082261,0.062196708416128454
2014-04-04,82.84465789794922,86.56736604433966,82.79535249831837,85.76201525815164,240700,1.4955005129597594,83.8361627950117,1.3165932494201726,83.72029151916504,86.71129254508456,80.72929049324553,-8.269817073170726,0,0.7470062069431265,0.8192200449152063,-0.07221383797207981
2014-04-07,82.03112030029297,82.87756343826102,81.29150766088672,82.86934377844445,362200,1.377646928748119,83.50797325051738,-0.06006444239851083,83.49224662780762,86.24754048530386,80.73695277031138,50.47777316161197,0,0.5541438730984254,0.7662048105518502,-0.2120609374534248
2014-04-08,80.7244644165039,82.26120827416136,79.82870972380341,82.03932765051327,457900,1.4500063934769718,83.0018807352422,-2.122357818075926,83.2703643798828,86.17037716683674,80.37035159292887,26.42186637217008,0,0.29249121769736064,0.6714620919809523,-0.37897087428359166
2014-04-09,82.40090942382812,82.68032138204069,81.02030148911781,81.34080546963769,290900,1.3753265095077107,82.89261322407599,0.875242907693119,83.12285232543945,85.87350534445487,80.37219930642404,-36.470845162699284,0,0.2178929701161536,0.5807482676079926,-0.362855297491839
2014-04-10,81.69416809082031,82.88576139186777,81.54624560167716,82.46664662766855,525000,1.3917526060365144,82.67471410893859,-0.550205956891292,83.00410232543945,85.78760753751247,80.22059711336642,80.47438982468202,0,0.10058571288107032,0.48471575666260813,-0.3841300437815378
2014-04-11,80.67516326904297,82.31053070371496,80.57655243221755,81.5298260501885,313200,1.4584235691375098,82.31115941077574,-1.7317434221378547,82.83234901428223,85.74919615255725,79.91550187600721,-40.34285714285715,0,-0.07375609224979485,0.37302138688012754,-0.4467774791299224
2014-04-14,80.9627914428711,81.54626817304325,80.6916053625146,80.95457805269545,287200,1.4993856001649224,82.06600159842944,-3.6573152796859465,82.69387779235839,85.69264899268823,79.69510659202855,-8.301404853128991,0,-0.18656345172217925,0.2611044191596662,-0.44766787088184545
2014-04-15,82.02288055419922,82.25298081460757,79.87800756005274,80.96277040895058,339900,1.4696965358437666,82.05816140856939,-3.397212214814338,82.59115371704101,85.53054678872854,79.65176064535348,18.34958217270195,0,-0.18825369369035627,0.1712327965896617,-0.359486490280018
2014-04-16,83.29666137695312,83.49388928410806,81.62842814987626,82.39269334358403,319700,1.474641679352945,82.2833432210028,-2.688169071981905,82.60307006835937,85.55235342706526,79.65378670965349,-5.942924389526327,0,-0.08582047069711507,0.11982214313230635,-0.20564261382942142
2014-04-17,85.49903869628906,85.56478340590967,83.29664108208361,83.29664108208361,303900,1.6108846409488382,82.8680151256003,-0.43067958311516774,82.74071922302247,85.96248850492015,79.51894994112479,-4.942133249921799,0,0.17109970920979833,0.13007765634780474,0.04102205286199359
2014-04-21,85.42506408691406,85.64695088783624,84.64436613050749,85.19496390059464,237800,1.699769297090385,83.33293311856643,3.114752664128906,82.92356719970704,86.3231057938878,79.52402860552627,-21.7505758473182,0,0.3645394857769304,0.1769700222336299,0.1875694635433005
2014-04-22,85.162109375,86.35370883179606,85.15389598788363,85.46617398185717,279700,1.7579957770557963,83.66551061973617,3.816830811581462,83.07765159606933,86.59364315018092,79.56166004195774,17.61984861227923,0,0.49096412588878025,0.23976884296466,0.25119528292412024
2014-04-23,85.54837036132812,85.66342050361013,84.8169774840657,85.24431195805246,292400,1.835171423514869,84.00784875457106,5.975767048679215,83.23132629394532,86.90166914097506,79.56098344691557,4.540579191991423,0,0.6152325792916145,0.3148615902300509,0.30037098906156356
2014-04-24,85.31825256347656,85.99212023127308,84.30744792690116,85.77845303813919,215500,1.8538246638139373,84.24610399255387,3.540425900693789,83.4129409790039,87.12059030663178,79.70529165137603,-26.29958960328317,0,0.687225730370713,0.3893344182581833,0.29789131211252967
2014-04-25,82.63923645019531,85.12104684410548,82.57349798653051,84.8909465468715,259700,1.8393123899553758,83.95394625757957,1.1568369951749258,83.43759574890137,87.11622052881212,79.75897096899062,20.51044083526683,0,0.5220883014630289,0.4158851948991525,0.10620310656387638
2014-04-28,81.42301177978516,83.63362416591998,80.57656848961591,83.44461584449661,344500,1.8710626193199775,83.49377635252604,0.9269872913032717,83.40390281677246,87.14602805541242,79.6617775781325,32.65306122448979,0,0.2897366293064749,0.390655481780617,-0.10091885247414206
2014-04-29,83.23091125488281,83.39527305832367,81.54624509050572,81.72703366964808,161700,1.865394680216287,83.44598269840908,2.8014347968871034,83.36363525390625,87.09442461433883,79.63284589347367,-53.062409288824384,0,0.24861278013968047,0.36224694145242975,-0.11363416131274928
2014-04-30,84.64439392089844,84.69369932850914,82.86111062167674,83.21448067233116,265900,1.8548377137489842,83.6638756479526,3.196075715686386,83.3504867553711,87.06016218286906,79.64081132787312,64.44032158317872,0,0.32631649810836905,0.35506085278361765,-0.028744354675248607
2014-05-01,84.8251953125,85.81134115928604,84.20063293232889,84.61974773860604,123900,1.8131555218421782,83.8750246778703,1.835048260373373,83.31186294555664,86.938173989241,79.68555190187229,-53.403535163595336,0,0.3978996759254585,0.3636286174119858,0.034271058513472674
2014-05-02,85.7044906616211,86.2879608828385,84.54576360599488,84.54576360599488,238100,1.80128926194058,84.20765485673408,0.24029739803490546,83.30364456176758,86.90622308564875,79.70106603788642,92.17110573042777,0,0.5195921117413747,0.3948213162778636,0.12477079546351105
2014-05-05,85.11282348632812,85.90996110265037,84.27460011572116,85.42510155189491,220300,1.8418161512508644,84.37223097120571,-0.36551403727160814,83.41705284118652,87.10068514368825,79.73342053868478,-7.475850482990342,0,0.561815389502641,0.4282201309228191,0.1335952585798219
2014-05-06,83.83905029296875,85.21965835719581,83.66647506866073,84.6033155833402,351300,1.8143766547922169,84.27528902970808,-1.5535771621218775,83.50744934082032,87.13620265040475,79.87869603123588,59.46436677258284,0,0.48688231375415114,0.4399525674890855,0.04692974626506563
2014-05-07,85.2607421875,85.43331739521888,83.17339410832129,83.92122627819877,244300,1.7297311957294028,84.45446233112479,-0.33621701104682433,83.73426322937011,87.19372562082891,80.27480083791131,-30.458297751209795,0,0.5360368663496615,0.45916942726120075,0.07686743908846078
2014-05-08,82.80359649658203,85.893523663837,82.20368678908764,82.24477881403375,800100,1.7156804777504615,84.15430490666247,-2.947383462903952,83.75439758300782,87.18575853850874,80.3230366275069,227.50716332378224,1,0.37242796365070774,0.44182113453910216,-0.06939317088839442
2014-05-09,82.3680419921875,83.47745760908424,81.29971212716858,82.59814226594241,565400,1.6793225685395556,83.82952983130339,-0.32816670344147925,83.78809127807617,87.14673641515527,80.42944614099706,-29.333833270841147,1,0.2052550684373955,0.39450792131876083,-0.18925285288136534
2014-05-12,83.19804382324219,83.59250590510831,82.18724531868376,82.34338120400066,562800,1.520421520325598,83.71471419347408,2.180012756415528,83.91423530578614,86.95507834643733,80.87339226513494,-0.4598514326140779,1,0.13815103656311578,0.34323654436763185,-0.20508550780451607
2014-05-13,83.57608032226562,83.69113047551471,83.13231902816955,83.37063272435469,258700,1.3569279228520883,83.68950803507254,0.4147125895639592,84.04489974975586,86.75875559546003,81.33104390405168,-54.03340440653874,0,0.11415903958582874,0.29742104341127124,-0.1832620038254425
2014-05-14,81.93247985839844,83.80616676787855,81.74347162478841,83.55962720170017,274700,1.3641492803866881,83.37004836658633,-3.203890933443654,84.04037971496582,86.7686782757392,81.31208115419244,6.184770003865481,0,-0.0370524940762067,0.23052633591377567,-0.2675788299899824
2014-05-15,79.26165008544922,81.10246436441628,78.35768225850256,80.83127213540408,549100,1.729408721956503,82.62306686092504,-6.558835740435864,83.83862915039063,87.29744659430364,80.37981170647762,99.89078995267565,1,-0.36815846394326,0.11078937594236854,-0.47894783988562856
2014-05-16,79.01512908935547,79.68899680346392,78.2508639515455,79.54107431647613,401100,1.9898872596093296,81.96707817518512,-7.805147105624366,83.51443367004394,87.49420818926261,79.53465915082528,-26.95319613913677,0,-0.643041927613595,-0.03997688476882416,-0.6030650428447708
2014-05-19,78.89188385009766,79.93555497150192,78.39059116988574,78.7193086065472,491000,2.1862815206217787,81.40795193426013,-7.3090509530914005,83.18777465820312,87.56033769944668,78.81521161695957,22.413363251059582,0,-0.8609098805996496,-0.20416348393498923,-0.6567463966646603
2014-05-20,78.25089263916016,79.14664127726049,77.96326721728225,78.7110933141648,615500,2.3941075858332783,80.83394115333284,-6.665339879544474,82.84221382141114,87.63042899307769,78.05399864974459,25.35641547861507,1,-1.0729264089615356,-0.3779160689402985,-0.6950103400212371
2014-05-21,79.22880554199219,79.33563602348602,78.30839815225241,78.64532891374058,441200,2.4348334290621407,80.54209831490726,-7.0746940394241005,82.52623558044434,87.39590243856861,77.65656872232006,-28.318440292445167,0,-1.1487989969511858,-0.532092654542476,-0.6167063424087098
2014-05-22,79.87800598144531,80.20672331971598,78.79324315398534,79.10552744673525,337400,2.4102610663369983,80.42135425427782,-3.5331684116613027,82.25422325134278,87.07474538401678,77.43370111866878,-23.526745240253856,0,-1.1433635365656158,-0.654346830947104,-0.48901670561851185
2014-05-23,81.04496002197266,81.36545773098075,79.95197744009259,80.12455264726908,380300,2.4231863133859153,80.53473712113141,-1.6063049918563554,82.17450942993165,87.02088205670347,77.32813680315982,12.714878482513337,0,-1.032984850277714,-0.730074434813226,-0.30291041546448794
2014-05-27,81.58732604980469,81.80921290398447,80.7326635313668,81.08603355081938,368300,2.420781647613135,80.72611692634473,-1.9360043811361027,82.18272514343262,87.02428843865889,77.34116184820635,-3.1554036287141707,0,-0.8914682493957145,-0.7623531977297237,-0.1291150516659908
2014-05-28,82.2955093383789,82.75663884795382,81.61204504210296,81.61204504210296,528600,2.4084693680089715,81.01146100126003,-1.5322218737094273,82.13595504760742,86.95289378362537,77.31901631158948,43.524300841705134,0,-0.7139409835261432,-0.7526707548890077,0.038729771362864485
2014-05-29,81.83435821533203,82.70721841518437,81.51321361241091,82.70721841518437,226200,2.335285954213448,81.16107867654586,-0.11975915197000031,81.99545326232911,86.666025170756,77.32488135390221,-57.20771850170261,0,-0.6035035744010173,-0.7228373187914097,0.11933374439039235
2014-05-30,82.20491027832031,82.38607005270985,81.3567588640574,81.47204121459312,382200,2.2397225716241396,81.35086624050484,3.713347110106935,81.86443901062012,86.3438841538684,77.38499386737183,68.96551724137932,0,-0.48054129642186183,-0.6743781143175002,0.19383681789563834
2014-06-02,83.17658233642578,83.36597208164011,81.2661809746203,81.9661113436269,395000,2.077029687838421,81.68281462158137,5.266653734583238,81.73804359436035,85.89210297003719,77.58398421868351,3.349031920460499,0,-0.3012147743224034,-0.5997454463184809,0.2985306719960775
2014-06-03,83.24246215820312,83.55537682061662,82.64134786473525,82.64134786473525,292300,1.955642544565774,81.96638690096714,5.514608215430616,81.6445255279541,85.55581061708565,77.73324043882255,-26.0,0,-0.1520287695235254,-0.5102021109594899,0.35817334143596447
2014-06-04,83.2754135131836,83.64596941453122,82.88839767487903,83.11896244064981,280700,1.9261932711046126,82.20439173955195,6.421039689851349,81.61634368896485,85.46873023117408,77.76395714675562,-3.9685254875128306,0,-0.030784027821994187,-0.41431849433199075,0.38353446650999656
2014-06-05,83.83538055419922,84.03301293153945,83.32484595212101,83.62951820628503,300000,1.8069324287483288,82.5009351603969,5.814267905080928,81.54507560729981,85.15894046479646,77.93121074980316,6.875667972924826,0,0.10922884177243475,-0.3096090271111057,0.41883786888354047
2014-06-06,84.40354919433594,84.67528895805931,83.9753583431755,83.99182456411967,346200,1.8986712143864652,82.84686498474946,5.665568584601188,81.6250732421875,85.42241567096043,77.82773081341456,15.399999999999991,0,0.2630047554340109,-0.1950862706020824,0.4580910260360933
2014-06-09,85.01289367675781,85.58107563531787,84.22238319838924,84.51882541307981,265700,2.039990427456942,83.24068838329643,4.895965959770199,81.75731582641602,85.8372966813299,77.67733497150213,-23.252455228191792,0,0.4290959313400151,-0.0702498302136629,0.49934576155367805
2014-06-10,84.48587799072266,84.94701376743014,83.58008522018946,84.71644273786731,361000,2.107081873608541,83.46708649373755,3.552698784549646,81.82170753479004,86.03587128200712,77.60754378757295,35.86751975912683,0,0.5122932260403132,0.046258781037132324,0.4660344450031809
2014-06-11,83.18482208251953,84.197667200392,83.03660099898741,84.05768236661662,269000,2.0916964867629426,83.41576569169791,1.0806333799867396,81.80214462280273,85.98553759632861,77.61875164927685,-25.48476454293629,0,0.46785025654952506,0.1305770761396109,0.33727318040991416
2014-06-12,81.6367416381836,83.13541871890436,81.42264311738978,83.12718246899209,227400,2.091771944409189,83.09230677287712,-0.24148362797499212,81.787357711792,85.97090160061038,77.60381382297362,-15.464684014869889,0,0.30420504265332227,0.16530266944235317,0.1389023732109691
2014-06-13,81.38970947265625,81.85908151064028,81.28266334679682,81.67792169578715,316200,2.0090215051045535,82.78274362738242,-0.991669235942283,81.89376068115234,85.91180369136146,77.87571767094323,39.05013192612137,0,0.15281998673640373,0.16280613290116328,-0.00998614616475954
2014-06-16,81.0521011352539,81.57087184480028,80.8050638740879,81.18384973410218,301900,1.9043107462254047,82.46808135608632,-2.5541818880931544,81.99560928344727,85.80423077589808,78.18698779099645,-4.522454142947496,0,0.005540203911991171,0.13135294710332887,-0.1258127431913377
2014-06-17,81.36498260498047,81.75200458748941,80.47566258066361,81.0273718277899,363100,1.7675489498917458,82.26751794679434,-2.255434912117915,82.1192642211914,85.6543621209749,78.5841663214079,20.271613116926133,0,-0.08495386999116761,0.08809158368442958,-0.1730454536755972
2014-06-18,80.59095001220703,81.88376459659385,79.7510285753293,81.57084997867527,422400,1.5637002121194268,81.962687413233,-3.2235967228809725,82.23626708984375,85.36366751408261,79.10886666560489,16.33158909391352,0,-0.2166318399087288,0.02714689896579791,-0.24377873887452672
2014-06-19,80.15453338623047,81.19208102435272,79.66870142668273,80.57449419158773,324900,1.4815345949233378,81.63393213559617,-4.390565347990638,82.28255348205566,85.24562267190234,79.31948429220898,-23.082386363636363,0,-0.3521434635413101,-0.048711173535623695,-0.3034322900056864
2014-06-20,79.99808502197266,80.65684056299402,79.70164282966661,80.0474899598842,495900,1.4714864821662554,81.33650538766462,-5.219524788252528,82.28855743408204,85.23153039841455,79.34558446974953,52.63157894736843,0,-0.46678071950717026,-0.132325082729933,-0.3344556367772372
2014-06-23,79.30636596679688,80.08864623482775,79.29813600067828,79.90748646154866,233800,1.594991714818783,80.96738912932503,-6.712543783839086,82.20162773132324,85.3916111609608,79.01164430168568,-52.85339786247227,0,-0.6064566626909311,-0.22715139872213264,-0.3793052639687985
2014-06-24,77.32183837890625,79.2487054258226,77.25596097155474,79.05107948618344,328900,1.9312013053099508,80.30456172015798,-8.47957052964885,81.98835334777831,85.85075595839821,78.12595073715842,40.675791274593664,0,-0.8672880877214482,-0.3551787365219958,-0.5121093511994523
2014-06-25,77.51949310302734,77.63477546749137,77.2312871918673,77.4289132048888,322400,2.1715514909794003,79.7981856079524,-6.810532063015251,81.74955253601074,86.09265551796955,77.40644955405193,-1.9762845849802368,0,-1.0459922394511096,-0.4933414371078185,-0.5526508023432911
2014-06-26,77.06659698486328,77.57713768012988,76.61370375676908,77.51949649537542,234100,2.410321937601316,79.30153313102711,-5.5981468167548005,81.5111644744873,86.33180834968994,76.69052059928467,-27.388337468982627,0,-1.2102109405236234,-0.6367153377909796,-0.5734956027326439
2014-06-27,77.5936279296875,77.85713144633019,76.58078255740567,76.67959873205395,859200,2.5565807563323166,78.99100491260174,-4.664080468605292,81.28060035705566,86.3937618697203,76.16743884439103,267.02263989747973,1,-1.283038383765117,-0.7659799469858071,-0.5170584367793098
2014-06-30,77.8900375366211,77.96415121313761,76.99248114630467,77.81593014252184,418300,2.622672290126243,78.7908290260598,-3.9012728286416554,81.01627311706542,86.26161769731792,75.77092853681293,-51.315176908752335,0,-1.3018301910648518,-0.873149995801616,-0.42868019526323575
2014-07-01,78.50763702392578,79.04288021480913,77.58537801924633,78.23590358571461,630400,2.6248428307317746,78.73933957112632,-3.5117632789609776,80.77953186035157,86.02921752181511,75.52984619888802,50.70523547693044,1,-1.2524502497504386,-0.9490100465913806,-0.30344020315905806
2014-07-02,77.57711029052734,78.71346736694595,77.4865304204053,78.22763559303297,278000,2.648820428038627,78.52802515647197,-3.7396751387385074,80.49461669921875,85.792257555296,75.1969758431415,-55.901015228426395,0,-1.273719377028769,-1.0139519126788583,-0.2597674643499106
2014-07-03,77.43714904785156,78.21119316154639,77.37127161638442,77.96415593475342,310300,2.6101954002664507,78.3296840458137,-3.3901817197100947,80.17470512390136,85.39509592443426,74.95431432336846,11.618705035971221,0,-1.287032902066784,-1.0685681105564435,-0.21846479151034037
2014-07-07,77.01717376708984,77.40419575103164,76.7536703732766,77.40419575103164,233100,2.500612930373339,78.09104581331846,-3.7262282641691513,79.80538635253906,84.80661221328573,74.80416049179239,-24.879149210441508,0,-1.3162989865070216,-1.1181142857465591,-0.19818470076046246
2014-07-08,75.93025207519531,77.12425721762334,75.55146618662405,76.99250232642342,367600,2.323586720839661,77.69817422456879,-4.257052823495955,79.35125427246093,83.99842771414026,74.7040808307816,57.70055770055771,0,-1.4109337006041187,-1.1766781687180712,-0.23425553188604753
2014-07-09,75.79022979736328,76.6136786135679,75.48555147369785,76.39958016227826,381800,2.116574559405873,77.35127523780415,-1.9808227709712578,78.91647186279297,83.14962098160473,74.68332274398122,3.8628944504896623,0,-1.4801685591613136,-1.2373762468067198,-0.24279231235459386
2014-07-10,76.10318756103516,76.30081992874581,74.637448720491,74.97506597018172,436500,1.9507912974029822,77.12435020566433,-1.8270314798238485,78.56239013671875,82.4639727315247,74.66080754191279,14.326872708224192,0,-1.4925790847561018,-1.2884168143965962,-0.20416227035950563
2014-07-11,75.84788513183594,76.43253314666549,75.34558075752574,76.14432726363924,260300,1.8994113259647514,76.89226564678643,-1.581374941554392,78.27294731140137,82.07176996333087,74.47412465947187,-40.36655211912944,0,-1.5056589885085856,-1.3318652492189942,-0.1737937392895914
2014-07-14,76.38314056396484,76.79486511552201,75.75731748652086,76.46548421779266,353000,1.7940160898153674,76.79969744990977,-1.5600345002808158,78.02261886596679,81.61065104559752,74.43458668633606,35.612754514022285,0,-1.4560498303270748,-1.3567021654406104,-0.0993476648864644
2014-07-15,76.47372436523438,77.15718238101265,75.97964985225175,76.35020573698873,199000,1.6752786970322684,76.74042961633242,-1.818349581255263,77.79370002746582,81.14425742153036,74.44314263340128,-43.62606232294618,0,-1.3933630375727262,-1.3640343398670338,-0.029328697705692353
2014-07-16,75.54322814941406,77.15718783394372,75.54322814941406,77.01720297716741,398100,1.5207432171953583,76.52275662234726,-3.7759496870454656,77.5026123046875,80.54409873907822,74.46112587029678,100.0502512562814,0,-1.4025982908070205,-1.3717471300550312,-0.030851160751989237
2014-07-17,74.49746704101562,76.21847324414388,74.46452831164788,75.51854252173487,317300,1.4792793452492379,76.15452215301423,-3.9697834038654123,77.19793815612793,80.15649684662641,74.23937946562945,-20.296407937704096,0,-1.4772724005259903,-1.3928521841492232,-0.08442021637676711
2014-07-18,75.79846954345703,76.01256172221328,74.57976247495571,74.63740364345412,290700,1.3346667764180398,76.08978531491292,-2.1161413153032327,76.98013496398926,79.64946851682534,74.31080141115318,-8.383233532934131,0,-1.4151590686235807,-1.3973135610440948,-0.017845507579485886
2014-07-21,75.99609375,76.34194075298367,75.46908699809647,75.64201049958831,299100,1.1448946292289264,76.07275048492875,-1.325782247187779,76.78003540039063,79.06982465884849,74.49024614193277,2.8895768833849367,0,-1.3346027144046104,-1.384771391716198,0.05016867731158747
2014-07-22,76.61370849609375,76.95955562601462,76.14434273908164,76.61370849609375,255000,0.9783898917236884,76.17110648695875,0.900110828318601,76.64540252685546,78.60218231030284,74.68862274340809,-14.744232698094283,0,-1.2070112011326586,-1.34921935359949,0.1422081524668315
2014-07-23,76.77839660644531,76.79486910751801,76.16080974700577,76.7042891988734,245300,0.9660839110220651,76.28152287231994,1.3038181988945574,76.61823043823242,78.55039826027655,74.68606261618828,-3.8039215686274552,0,-1.0801537138273432,-1.2954062256450607,0.21525251181771754
2014-07-24,76.91016387939453,77.00074380263605,76.31727939360255,76.77840897925434,328800,0.9455555587104061,76.39582123724259,1.0603712462269321,76.58776397705078,78.47887509447159,74.69665285962998,34.03995108030982,0,-0.9579431511297685,-1.2279136107420023,0.26997045961223387
2014-07-25,76.91016387939453,77.12426245091261,76.58901916332711,76.70430155974006,373400,0.9420265964339843,76.4893380812702,1.4005383877377486,76.57994232177734,78.4639955146453,74.69588912890937,13.564476885644773,0,-0.851277403704259,-1.1525863693344538,0.3013089656301948
2014-07-28,77.09955596923828,77.28895207317085,76.63019011787974,77.04191476933177,326400,0.9202717715072625,76.60028678817349,0.9379234736669462,76.55523872375488,78.3957822667694,74.71469518074036,-12.587038028923402,0,-0.7428980057770218,-1.0706486966229676,0.32775069084594577
2014-07-29,76.56431579589844,77.37952881313116,76.55607954413101,77.05014784904724,313100,0.8651625995927404,76.59374660775984,0.11846085883224777,76.48895263671875,78.21927783590424,74.75862743753326,-4.0747549019607865,0,-0.6922165197383379,-0.9949622612460417,0.30274574150770384
2014-07-30,76.63016510009766,77.19011069456135,76.37489790990985,76.76191996110914,284000,0.7251217471050468,76.60036815182126,1.4388277775656988,76.39507904052735,77.84532253473745,74.94483554631725,-9.29415522197381,0,-0.6393673594615166,-0.9238432808891368,0.28447592142762024
2014-07-31,74.86798095703125,76.58899261974673,74.85975099043932,76.1525656585196,351400,0.7454455046526,76.28538866185943,0.49735102511825335,76.25962257385254,77.75051358315774,74.76873156454734,23.732394366197184,0,-0.7312481785267124,-0.885324260416652,0.1540760818899396
2014-08-01,74.44803619384766,75.58439369089893,73.55870965750245,74.54684606516285,435100,0.7949388536657185,75.95132457676638,-1.7816103118482363,76.11016693115235,77.70004463848379,74.52028922382091,23.81900967558339,0,-0.8284011298029412,-0.87393963429391,0.045538504490968745
2014-08-04,73.5257797241211,74.59625991324636,73.15522381516253,74.2174740356403,283300,0.9529326495653377,75.51031642173996,-3.2505802653559512,75.9355972290039,77.84146252813458,74.02973192987322,-34.88853137209836,0,-0.968647962378725,-0.8928812999108731,-0.07576666246785191
2014-08-05,74.07747650146484,74.50567352976535,72.97405777934,73.36930980901366,301300,1.0395970185518157,75.24980007259903,-3.310415387029886,75.84295845031738,77.92215248742102,73.76376441321375,6.353688669255209,0,-1.0234792368607657,-0.9190008873008517,-0.10447834955991397
2014-08-06,73.61634063720703,74.01159263250695,73.19637989508581,73.66574556601522,238200,1.1528736208969277,74.9528074479823,-4.118418863898022,75.73426399230956,78.04001123410342,73.42851675051571,-20.942582144042486,0,-1.0915603984970659,-0.9535127895400946,-0.13804760895697132
2014-08-07,76.71251678466797,76.89367029907733,73.74809516825735,73.86337753307136,426500,1.171044157343018,75.27275460010696,-0.25698436299850247,75.76473045349121,78.10681876817725,73.42264213880517,79.0512174643157,0,-0.8854724945856276,-0.9399047305492012,0.054432235963573605
2014-08-08,78.11237335205078,78.29353313888294,76.6383988747733,76.72074251903773,346400,1.2835735700348816,75.7890489186422,1.5631347172026189,75.87795486450196,78.44510200457172,73.3108077244322,-18.780773739742084,0,-0.6022472882018519,-0.8723732420797314,0.2701259538778795
2014-08-11,79.07582092285156,80.45921574708494,78.76291250731035,79.14993461325933,290600,1.4674049676859093,76.38664382849844,2.563263729303178,76.0125888824463,78.94739881781811,73.07777894707448,-16.10854503464203,0,-0.2966277642965309,-0.7572241465230913,0.4605963822265604
2014-08-12,78.94408416748047,79.74282468610335,78.45000957709846,79.10053525751,314800,1.605716010803458,76.85163298104061,3.1081951779284633,76.1361068725586,79.34753889416551,72.92467485095169,8.327598072952513,0,-0.06431080993540661,-0.6186414792055545,0.5543306692701478
2014-08-13,81.70262145996094,81.784965114236,79.52048006837198,79.52048006837198,305100,2.022580782504419,77.73363088629884,6.619398970676138,76.44407653808594,80.48923810309478,72.3989149730771,-3.0813214739517147,0,0.3384910415703217,-0.4272149750503792,0.7657060166207009
2014-08-14,82.50959014892578,82.82250480052647,81.21677542538045,81.76849104915416,275500,2.3788242165068954,78.60198711586737,10.2067787780737,76.84468269348145,81.60233112649523,72.08703426046766,-9.701737135365452,0,0.7145926606267494,-0.19885344791495352,0.9134461085417029
2014-08-15,82.10612487792969,83.0530927824588,81.48030168188325,82.66607062546191,250900,2.6369457464214894,79.23910307260597,10.286488503393043,77.16006546020508,82.43395695304805,71.8861739673621,-8.929219600725958,0,0.9689304013963209,0.03470332194730136,0.9342270794490195
2014-08-18,83.53067016601562,83.77770110128415,82.49312264711907,82.50958886317,175700,2.9780553228127893,80.01938799868044,13.607323144935378,77.53679428100585,83.49290492663144,71.58068363538027,-29.972100438421677,0,1.2707948605770838,0.28192162967325785,0.988873230903826
2014-08-19,84.64231872558594,85.21050051415247,83.72828988416019,83.72828988416019,455200,3.3632762673846455,80.8599208581178,14.261881914824915,77.93822479248047,84.66477732724977,71.21167225771117,159.07797381900966,0,1.5814948790966668,0.5418362795579397,1.039658599538727
2014-08-20,84.69998168945312,84.85643904131553,84.10709728494145,84.5352943692748,170900,3.6717950376060093,81.5581137365424,15.055952192554688,78.33430404663086,85.67789412184288,70.99071397141884,-62.45606326889279,0,1.8114979804208389,0.7957686197305196,1.0157293606903193
2014-08-21,85.16932678222656,85.26814291979065,84.46939641779446,84.6670224105056,183900,3.9565945561474343,82.21469792666679,11.024028870408277,78.74726219177246,86.66045130406734,70.83407307947759,7.606787595084841,0,2.0084966229852768,1.038314220381471,0.9701824026038057
2014-08-22,84.74116516113281,85.42462326260757,84.72469265801148,85.27640214661152,146600,4.148074269091066,82.67405560566061,8.486225068602394,79.13881225585938,87.43496079404152,70.84266371767724,-20.282762370853725,0,2.1057960954144903,1.251810595388075,0.8539855000264154
2014-08-25,84.95523834228516,85.50694770684709,84.82348975903083,85.21051182392041,143700,4.313446183829273,83.08881610322871,7.435164568407959,79.53159637451172,88.15848874217026,70.90470400685318,-1.9781718963165051,0,2.175107262390682,1.4364699287885965,0.7386373336020857
2014-08-26,84.41178131103516,84.94702456058083,84.33766761436873,84.81526966980448,169800,4.385639585276429,83.32935523192079,6.926037842119914,79.92396965026856,88.69524882082142,71.1526904797157,18.16283924843425,0,2.1612706384416356,1.5814300707192044,0.5798405677224312
2014-08-27,84.98104095458984,85.36881952726246,84.37874537039022,84.67576698798209,219100,4.452561783325811,83.62966172695151,4.012624608667581,80.34151344299316,89.24663700964479,71.43638987634154,29.034157832744413,0,2.1712111395236207,1.6993862844800878,0.4718248550435329
2014-08-28,84.22200012207031,84.99755107967141,84.08998769840274,84.8737973008566,159200,4.337138017760452,83.73735961697311,2.0754071981859523,80.80921440124511,89.48349043676602,72.13493836572421,-27.33911455956184,0,2.0937058686658077,1.7782502013172317,0.315455667348576
2014-08-29,84.24677276611328,84.52728979724019,83.72698787594848,84.24677276611328,104800,4.129202898240612,83.82998018954405,2.60717198791951,81.2991512298584,89.55755702633962,73.04074543337717,-34.17085427135679,0,2.011098635254527,1.8248198881046909,0.18627874714983594
2014-09-02,86.4166488647461,86.44965196902237,84.01573125460827,84.37050675720509,413200,3.848518286567022,84.30028358503532,3.4549928702770405,81.94369468688964,89.64073126002368,74.2466581137556,294.2748091603053,1,2.096554894606669,1.8791668894050866,0.2173880052015824
2014-09-03,84.44478607177734,86.73020299110458,83.99100740568711,86.37542737485921,286700,3.4059914796328044,84.32655676444294,-0.23337339617195418,82.46206016540528,89.27404312467088,75.65007720613967,-30.61471442400775,0,1.9823158448638907,1.8997966804968476,0.0825191643670431
2014-09-04,83.47119903564453,84.95630742466656,83.19892811520728,84.55203036670471,232300,2.6982496940025653,84.17103717738868,-1.4507472484632244,82.95480308532714,88.35130247333227,77.55830369732202,-18.97453784443669,0,1.7925567591931326,1.8783486962361047,-0.08579193704297206
2014-09-05,84.6592788696289,84.6922819750039,82.95140750834085,83.47119225492462,225900,2.283948852670018,84.25980839415962,-0.5988633841169433,83.35214118957519,87.92003889491522,78.78424348423516,-2.755058114507103,0,1.7182327129120125,1.8463254995712863,-0.12809278665927382
2014-09-08,85.30282592773438,85.45133675847228,84.51077026203181,84.57677647451509,194700,1.9584754867930627,84.44944794571867,0.6627956619826847,83.71166381835937,87.6286147919455,79.79471284477324,-13.811420982735722,0,1.6917577101997665,1.8154119416969823,-0.12365423149721577
2014-09-09,86.3094253540039,86.4991854052605,85.17084616236185,85.31935703907176,266100,1.709385429820101,84.78762565631598,1.5940006033091425,84.07334403991699,87.4921148995572,80.65457318027678,36.67180277349769,0,1.7320344262934384,1.7987364386162736,-0.06670201232283524
2014-09-10,87.66251373291016,87.78627383476726,86.24341132697595,86.42492530373967,311900,1.4196043545871169,85.3103325793331,3.851041135948674,84.50926551818847,87.3484742273627,81.67005680901424,17.211574596016543,0,1.8517906480311979,1.8093472804992587,0.042443367531939113
2014-09-11,87.15096282958984,87.7532585512584,86.7714365193094,87.51399073277086,218600,1.3747219159787545,85.64499262483433,2.553418798622986,84.78168258666992,87.53112641862742,82.03223875471241,-29.913433792882337,0,1.8837062408881735,1.8242190725770417,0.059487168311131766
2014-09-12,86.77144622802734,87.36548966526307,86.58168619900488,86.91170473551354,202500,1.3336915728837182,85.84980237086941,3.0270548102180994,84.994775390625,87.66215853639243,82.32739224485756,-7.365050320219579,0,1.8569697686043014,1.8307692117824939,0.026200556821807552
2014-09-15,86.68067169189453,87.20046274158406,86.35065322220453,86.87869032734713,137000,1.1975314883569688,86.0008695201467,2.8890114669890776,85.22350273132324,87.61856570803718,82.82843975460929,-32.34567901234568,0,1.8076190678515758,1.8261391829963103,-0.018520115144734506
2014-09-16,87.27471923828125,87.7862579626086,86.5074142991398,86.82918672897017,270900,1.211533685219256,86.23247855980752,0.9929456705479955,85.41070518493652,87.83377255537503,82.987637814498,97.73722627737227,0,1.7957427496761653,1.8200598963322814,-0.024317146656116062
2014-09-17,88.29778289794922,88.67731545473029,86.90343791859588,87.27471183082696,271200,1.3565657605704347,86.60798843946964,4.562740940449372,85.59347839355469,88.30660991469556,82.88034687241382,0.11074197120708451,0,1.8475855530202097,1.8255650276698672,0.02202052535034249
2014-09-18,88.76806640625,89.0155865449893,88.28128477334762,88.78457110600522,157300,1.5116625497017744,87.00072988797515,6.345742521733233,85.79688262939453,88.82020772879808,82.77355752999098,-41.998525073746315,0,1.904663521510102,1.8413847264379144,0.06327879507218759
2014-09-19,87.35721588134766,89.2961089285013,87.21695740827228,88.77631790109477,354800,1.542704736895908,87.06554552313379,3.1868178512049816,85.90627708435059,88.9916865581424,82.82086761055878,125.5562619198983,1,1.8151306797762459,1.8361339171055808,-0.021003237329334956
2014-09-22,86.10313415527344,87.1344576227382,85.64110325615287,87.1344576227382,178000,1.5184365077844286,86.89056163806828,0.9381966175622924,85.97437553405761,89.01124854962647,82.93750251848876,-49.83089064261556,0,1.6242579090469178,1.7937587154938484,-0.16950080644693055
2014-09-23,85.44308471679688,86.08662955408556,85.30282623578758,86.0123772857979,220100,1.5050628374340302,86.62738401601894,-1.0037613315737826,85.9987678527832,89.00889352765127,82.98864217791514,23.651685393258436,0,1.4035501373543298,1.7157169998659447,-0.31216686251161496
2014-09-24,86.14441680908203,86.22692145358752,85.02233601864482,85.36060694952762,334600,1.4580386030952301,86.53957179657587,-1.731751531165826,86.08539962768555,89.00147683387601,83.16932242149508,52.02180826896865,0,1.270582789260601,1.6266901577448762,-0.35610736848427527
2014-09-25,85.88859558105469,86.02060797325291,85.17904470973255,85.76483553704318,273400,1.4358125478394281,86.42121248466292,-1.4484834218108644,86.13077735900879,89.00240245468764,83.25915226332994,-18.290496114763897,0,1.131519124680608,1.5276559511320227,-0.3961368264514147
2014-09-26,86.53217315673828,86.75494257959778,85.41834492653997,85.92988369875462,263100,1.365369409273271,86.44138715231298,-0.2757509315452378,86.24628601074218,88.97702482928872,83.51554719219564,-3.7673738112655397,0,1.0610108279880706,1.4343269265032323,-0.3733160985151618
2014-09-29,86.79618072509766,86.89519004431814,85.57509726153964,85.79786036141208,204400,1.285543010113244,86.50589507463746,0.13325811965752,86.3737564086914,88.9448424289179,83.80267038846492,-22.31090839984796,0,1.0147384263118937,1.3504092264649648,-0.33567080015307105
2014-09-30,85.97940063476562,87.00247206794809,85.84739446340379,86.66420113938892,241700,1.2884897973388598,86.41016881284257,-1.4841853572500119,86.35189399719238,88.9288735918701,83.77491440251465,18.248532289628173,0,0.901764902962924,1.2606803617645566,-0.35891545880163256
2014-10-01,85.01407623291016,85.64112280679014,83.6527276861406,85.64112280679014,441700,1.2498506093035087,86.1563337983094,-3.7189004720925234,86.38035850524902,88.88005972385604,83.880657286642,82.74720728175424,1,0.7259704249436254,1.1537383744003702,-0.4277679494567448
2014-10-02,84.8985595703125,85.69886768691082,84.15600532322645,84.98106419894435,318100,1.1076541291145157,85.92764757503723,-4.359120337519318,86.45172653198242,88.66703479021145,84.23641827375339,-27.98279375141499,0,0.5707515368871725,1.0371410068977307,-0.4663894700105582
2014-10-03,85.74837493896484,86.19390751700831,85.13783309262385,85.49260868469364,224700,1.039574408208937,85.89505255029678,-1.8416806512790096,86.50618133544921,88.58533015186708,84.42703251903134,-29.36183590066017,0,0.5104285453179216,0.9317985145817689,-0.4213699692638473
2014-10-06,84.09822845458984,85.83085036082129,83.82595758933546,85.67408720300247,305200,1.1427391869723655,85.56835726016824,-2.3284932893012478,86.44595146179199,88.73142983573672,84.16047308784727,35.825545171339556,0,0.32571447573012335,0.8105817068114398,-0.48486723108131646
2014-10-07,81.19403076171875,83.80121301493865,81.07851675106936,83.80121301493865,539700,1.639429822407978,84.77302516954106,-4.9729641306393795,86.19018173217773,89.46904137699369,82.91132208736178,76.83486238532109,1,-0.05439026056606622,0.6375873133359387,-0.6919775739020049
2014-10-08,82.01084899902344,82.10985203006184,80.22047284781988,81.29304555049835,448300,1.8463173526927357,84.27081132035602,-4.798416383988801,85.9075984954834,89.60023320086887,82.21496379009793,-16.935334445062068,1,-0.2864139950237501,0.45278705166400096,-0.739201046687751
2014-10-09,80.78150939941406,81.6973188680145,80.50923848714686,81.63956500432441,313300,2.145634555554285,83.63639278927566,-5.946174980613083,85.58912582397461,89.88039493508319,81.29785671286604,-30.113763105063573,0,-0.5630019716187036,0.24962924700746006,-0.8126312186261636
2014-10-10,78.62812042236328,80.93002935263365,78.59511730901205,80.43499524176583,408500,2.6279192507255473,82.7257978134734,-9.134235794654266,85.18195953369141,90.4377980351425,79.92612103224032,30.386211299074372,0,-0.9450662936545058,0.010690138875066896,-0.9557564325295727
2014-10-13,76.2107162475586,79.3046880720741,76.14471000457384,78.57038592929857,421600,3.2764655362452895,81.54123752876161,-12.195772197702482,84.65846176147461,91.21139283396519,78.10553068898403,3.206854345165233,0,-1.4264758101210475,-0.276743050924156,-1.1497327591968916
2014-10-14,77.4813003540039,78.28985471828972,76.23545939468057,76.56548428191405,324500,3.582417529852172,80.80306713335112,-9.883879415327678,84.16879081726074,91.33362587696509,77.0039557575564,-23.031309297912717,0,-1.6860352369226064,-0.5586014881238461,-1.1274337487987602
2014-10-15,76.98623657226562,77.61328303873375,74.63482019138421,76.11167623632006,425700,3.783506780972633,80.10909794042648,-9.442953468847836,83.60321350097657,91.17022706292182,76.0361999390313,31.186440677966097,0,-1.9096719529095196,-0.8288155810809809,-1.0808563718285389
2014-10-16,76.34269714355469,77.0522482837848,75.16286269360923,75.49288750448133,442200,3.9088526372110968,79.4242977955407,-10.07774745538751,82.9819450378418,90.79965031226399,75.1642397634196,3.875968992248069,0,-2.114459739486932,-1.0859444127621711,-1.028515326724761
2014-10-17,77.8360366821289,78.07530446647343,76.99447955676067,77.43175967153915,467400,3.9276897256153918,79.13552304764764,-9.227391495719761,82.50588607788086,90.36126552911165,74.65050662665007,5.698778833107188,0,-2.1316828029364103,-1.2950920907970191,-0.8365907121393912
2014-10-20,76.8707275390625,77.60502937373185,76.37569351379202,77.3740139149189,380400,4.024014338053527,78.7237420460867,-8.59411791228153,82.04426574707031,90.09229442317736,73.99623707096326,-18.61360718870346,0,-2.1978886925167984,-1.475651411140975,-0.7222372813758233
2014-10-21,79.898681640625,79.92343868921934,76.95322232773277,76.95322232773277,257900,3.9681341032069715,78.93736742691185,-1.5953748187415795,81.76704559326171,89.70331379967566,73.83077738684777,-32.202944269190326,0,-1.983166043003365,-1.5771543375134531,-0.40601170548991194
2014-10-22,79.3954086303711,81.16927995957626,79.30465166161096,80.03070111699311,183900,3.8618342009198403,79.02064764572262,-3.1891394865129263,81.42959518432617,89.15326358616585,73.7059267824865,-28.693291973633194,0,-1.8324829988407032,-1.6282200697789033,-0.20426292906179988
2014-10-23,80.63300323486328,81.57356980926055,80.36073230682739,80.38548306488529,187100,3.7186041252269626,79.31380320738455,-0.183836828074746,81.1668155670166,88.60402381747052,73.72960731656268,1.7400761283306254,0,-1.5948179901060229,-1.6215396538443274,0.026721663738304535
2014-10-24,80.56698608398438,80.82275227547463,80.06369975610457,80.62473994318212,253800,3.4983144562806854,79.5416546394936,2.465868001430249,80.86855621337891,87.86518512594029,73.87192730081753,35.6493853554249,0,-1.3957049726192565,-1.5763727175993134,0.1806677449800569
2014-10-27,81.60658264160156,81.65608416361546,80.06372016026664,80.4432465166736,331300,3.216628104649825,79.9170960944223,7.080193783398303,80.6090763092041,87.04233251850374,74.17582009990446,30.535855003940114,0,-1.140868495945142,-1.4892718732684793,0.34840337732333726
2014-10-28,84.1724853515625,84.18073770103365,81.82106932815061,81.87882318505201,257100,3.0803407570237304,80.69080323208416,8.635870806229718,80.51873054504395,86.67941205909142,74.35804903099648,-22.39661937820706,0,-0.7235215416771439,-1.336121806950212,0.6126002652730682
2014-10-29,85.23683166503906,85.34409334903665,83.98274492553455,84.14775418517733,298200,3.0978035404919417,81.51735385625777,10.716974176324046,80.5298683166504,86.72547539763428,74.3342612356665,15.985997666277708,0,-0.3033899309427994,-1.1295754317487294,0.82618550080593
2014-10-30,85.74010467529297,85.78136013109878,84.70878122713547,85.42658461314466,235600,3.1652474624228826,82.28512673244599,12.309504226799085,80.57194557189942,86.90244049674519,74.24145064705365,-20.992622401073103,0,0.06937758177178921,-0.8897848290446257,0.959162410816415
2014-10-31,87.30772399902344,87.45623483827262,86.32590198983719,86.63117601904364,251600,3.315122844605282,83.19832623546006,12.168768761409998,80.64991302490235,87.28015871411291,74.01966733569178,6.791171477079794,0,0.4856935268825566,-0.6146891578591893,1.100382684741746
2014-11-03,86.82918548583984,87.72025049170468,86.12788677175512,86.91994245651306,223200,3.5148584799706213,83.85848246280183,12.954811624121643,80.78646087646484,87.81617783640608,73.7567439165236,-11.287758346581878,0,0.7681580067366696,-0.3381197249400175,1.1062777316766872
2014-11-04,87.0354995727539,87.3160229943924,86.41670512776905,86.79623163199545,360300,3.7829854965360874,84.43612193733856,8.93233503429942,81.0785343170166,88.64450531008877,73.51256332394443,61.424731182795696,0,0.9971662527951537,-0.07106252939298327,1.0682287821881369
2014-11-05,86.59817504882812,87.67900011439752,86.30940571390876,87.25822463838618,279500,3.9766003147403843,84.82922250306392,9.072018826667726,81.30790061950684,89.26110124898761,73.35469999002606,-22.42575631418262,0,1.1303386630087715,0.1692177090873677,0.9611209539214038
2014-11-06,87.39022064208984,87.4067253419989,82.50587438898935,83.08341299183282,326000,4.198918577109718,85.29485852834135,8.380212984929415,81.63833618164062,90.03617333586006,73.2404990274212,16.63685152057246,0,1.2849777934020494,0.39236972595030406,0.8926080674517454
2014-11-07,88.14105224609375,88.29780917172307,87.04372229318614,87.4562517827273,546100,4.375088274779183,85.81234829520542,9.400955068883965,82.11398277282714,90.8641593223855,73.36380622326878,67.51533742331289,1,1.4513855842756982,0.6041728976153828,0.8472126866603154
2014-11-10,90.39344024658205,90.4759511624626,88.14927930013108,88.42155021525912,408000,4.515062092129057,86.64527410454662,10.767339251994489,82.82311897277832,91.85324315703643,73.7929947885202,-25.28840871635232,0,1.7448997272011297,0.8323182635325324,0.9125814636685974
2014-11-11,89.33733367919922,91.06995527620128,88.34726599368285,90.62442292930984,346100,4.5549372807219175,87.13473948175617,6.136029257143516,83.41592063903809,92.52579520048192,74.30604607759426,-15.171568627450982,0,1.8707282357736972,1.0400002579807655,0.8307279777929317
2014-11-12,89.40336608886719,89.57662766990896,88.77631968031224,89.23010450782543,188400,4.478022528442129,87.54721704668545,4.888185473859052,84.03677711486816,92.99282217175242,75.0807320579839,-45.564865645767114,0,1.953260527469027,1.2226523118784178,0.7306082155906091
2014-11-13,88.96609497070312,89.84065531444045,88.76807631971785,89.3373689255767,273100,4.218585624934879,87.80519485105229,3.762521993211143,84.66794700622559,93.10511825609535,76.23077575635583,44.95753715498938,0,1.9607811736164393,1.370278084226022,0.5905030893904173
2014-11-14,88.98259735107422,89.60964385112938,88.48756329090418,88.75983422714256,228600,3.9990903374045073,88.01926803287445,1.9183564469845926,85.22527503967285,93.22345571448187,77.22709436486383,-16.294397656536063,0,1.9456447623528135,1.4853514198513804,0.46029334250143306
2014-11-17,89.14762115478516,89.31263042521958,88.67733780987686,88.83409472837951,185000,3.5682221451963017,88.22442314594912,2.670111041549972,85.83911972045898,92.97556401085158,78.70267543006638,-19.07261592300963,0,1.924777452828593,1.573236626446823,0.3515408263817701
2014-11-18,89.6756591796875,89.93142543956935,89.2383789438765,89.52714831708185,299500,3.376098201239418,88.48828424299245,3.033428451486797,86.32796859741211,93.08016499989094,79.57577219493328,61.89189189189188,0,1.9286163268080543,1.6443125665190694,0.28430376028898485
2014-11-19,89.99742126464844,90.04692278156237,88.81758685217008,89.38687318077886,154200,3.0465433718044834,88.76267279238445,3.925309296533852,86.85806922912597,92.95115597273494,80.76498248551701,-48.51419031719533,0,1.9353130886770629,1.7025126709506682,0.2328004177263947
2014-11-20,89.46940612792969,89.9231848323198,89.13112889320699,89.2713874221257,192700,2.7194294754901827,88.89116976248359,2.379196974859732,87.2998893737793,92.73874832475965,81.86103042279893,24.96757457846952,0,1.8763841238085348,1.7372869615222415,0.13909716228629332
2014-11-21,89.07334899902344,90.55020503467962,88.90833975374198,90.41819260269509,217000,2.2326040802243736,88.92429326003628,1.0577327240508527,87.72520751953125,92.19041567998,83.2599993590825,12.610275038920605,0,1.7772371111491339,1.74527699144762,0.0319601197015138
2014-11-24,90.80596160888672,90.847217063175,89.07333953865415,89.07333953865415,154500,1.8140960529135288,89.26641477800908,0.45636205589627554,88.1851764678955,91.81336857372256,84.55698436206845,-28.801843317972352,0,1.817518524682555,1.7597252980946072,0.05779322658794772
2014-11-25,91.1951675415039,91.46014916785929,90.62380466078592,90.88050383447572,134800,1.6704931245749728,89.6170970986445,2.0795716480368265,88.53631057739258,91.87729682654253,85.19532432824263,-12.750809061488678,0,1.85941334159493,1.7796629067946719,0.07975043480025823
2014-11-26,90.62381744384766,91.29455089818272,90.15181865789684,91.0047281906096,109400,1.5396606143660625,89.80013716140871,1.3651067161915664,88.805659866333,91.88498109506513,85.72633863760088,-18.84272997032641,0,1.825469234900197,1.7888241724157772,0.0366450624844199
2014-11-28,90.2345962524414,91.22827560378406,90.11038475410876,90.25115483731145,106700,1.3893343574788428,89.87912972341466,1.425825514940282,89.03038444519044,91.80905316014812,86.25171573023275,-2.468007312614262,0,1.7470227971793264,1.780463897368487,-0.03344110018916058
2014-12-01,88.67784118652344,90.30086079657582,88.6198766517116,89.5969976082972,227500,1.332540428173537,89.66071362579807,-0.34248962563813157,89.09889030456543,91.7639711609125,86.43380944821835,113.21462043111529,0,1.541467231915334,1.7326645642778566,-0.19119733236252268
2014-12-02,89.1829605102539,90.09384076717735,88.25552798343766,88.35489214407639,199900,1.2207872967384743,89.57384942297186,0.03964138920475868,89.21657905578613,91.65815364926307,86.77500446230918,-12.131868131868128,0,1.403147265217882,1.666761104465862,-0.2636138392479799
2014-12-03,90.49129486083984,90.63206494323067,88.92624641678837,89.1663869608041,192100,1.1375591938878193,89.74065768440241,0.909539655033953,89.38936882019043,91.66448720796606,87.11425043241479,-3.9019509754877446,0,1.383155190898023,1.6100399217522943,-0.2268847308542712
2014-12-04,89.04219055175781,90.44162811456754,88.83517345987048,89.82885929152587,150000,0.9352142159399772,89.6136636602852,-1.0613978705919291,89.51156959533691,91.38199802721687,87.64114116345695,-21.915668922436225,0,1.2361313679469106,1.5352582109912176,-0.29912684304430703
2014-12-05,90.54098510742188,91.08751321921385,89.43137661522815,89.43137661522815,287800,0.8169615092236951,89.78226755976459,1.1977043616004046,89.66910781860352,91.30303083705091,88.03518480015613,91.86666666666667,0,1.2264167547709661,1.4734899197471674,-0.24707316497620124
2014-12-08,89.70465850830078,91.2614249512425,89.40655335489434,90.4913210245527,317000,0.7335982994874887,89.7681568231348,0.7087524117727506,89.74728813171387,91.21448473068885,88.2800915327389,10.145934676858936,0,1.138113819107545,1.4064146996192428,-0.26830088051169776
2014-12-09,89.19125366210938,89.52248231184612,87.60136372456621,88.41286728287717,188600,0.7270908862993825,89.663265339312,-1.7781959666173686,89.68717880249024,91.141360575089,88.23299702989148,-40.50473186119874,0,1.015005277007191,1.3281328150968323,-0.31312753808964144
2014-12-10,86.29300689697266,88.83517662316588,86.22675990897127,88.83517662316588,148400,1.0507936103104736,89.05049107706849,-5.37546097746926,89.5349624633789,91.63654968399985,87.43337524275796,-21.314952279957577,0,0.6757865316810978,1.1976635584136854,-0.5218770267325876
2014-12-11,86.73187255859375,87.50197633549922,86.45033236716972,86.55797897253895,173300,1.2239351664615816,88.62892407370944,-4.2946159133777755,89.40138778686523,91.84925811978839,86.95351745394207,16.778975741239897,0,0.43732481496883224,1.0455958097247149,-0.6082709947558826
2014-12-12,85.82929229736328,86.56627267974696,85.32417005986517,85.77960389655878,286900,1.4607268980323462,88.11990011437378,-4.882056481699982,89.24454765319824,92.16600144926294,86.32309385713354,65.55106751298328,0,0.17351137146398798,0.8711789220725695,-0.6976675506085815
2014-12-15,85.89553833007812,86.41721915026089,84.89357000165732,86.40065424429034,234600,1.6417495026194797,87.71547069904729,-3.1375401331580233,89.09019470214844,92.3736937073874,85.80669569690947,-18.22934820494946,0,-0.029872826637642902,0.6909685723305271,-0.72084139896817
2014-12-16,86.624267578125,87.24531910574697,85.00125367739247,85.67198730557209,267300,1.7316043713328857,87.51707013160686,-2.8690378941106376,88.96402702331542,92.4272357659812,85.50081828064965,13.938618925831193,0,-0.13074674181169144,0.5266255095020834,-0.6573722513137749
2014-12-17,88.47080993652344,88.78547991887659,85.93692308055242,86.86436180684991,232400,1.7264944702663718,87.6904773688644,-2.232794798022908,88.90378456115722,92.35677350168997,85.45079562062448,-13.056490834268608,0,-0.060986495858600165,0.40910310842994674,-0.4700896042885469
2014-12-18,91.2779769897461,91.31937661664524,88.54534890799711,88.88485364627469,276900,1.7917007101727729,88.34275002720652,2.510929284347152,88.9678123474121,92.55121376775766,85.38441092706655,19.14802065404475,0,0.2182975244000147,0.37094199162396035,-0.15264446722394565
2014-12-19,92.1971435546875,92.42900804101288,91.02957025744004,91.08753479960608,385400,1.9303475745656955,89.04354885038488,1.8291809452930963,89.10419921875,92.96489436788139,85.24350406961861,39.18382087396173,1,0.5079458984509557,0.39834277298935944,0.10960312546159628
2014-12-22,94.97943878173828,95.5756490143803,92.43726915808878,92.53663963608253,345400,2.3347713375513424,90.12280156517642,5.8801631499989515,89.39950370788574,94.06904638298843,84.72996103278305,-10.37882719252724,1,0.9510393047974617,0.50888207935098,0.4421572254464817
2014-12-23,94.89662170410156,96.29605909063304,94.79725755581448,95.53423780468788,317800,2.6255374809207934,90.99076886316281,6.396779737625735,89.60403671264649,94.85511167448807,84.35296175080491,-7.990735379270408,0,1.2807477132084983,0.6632552061224837,0.6174925070860147
2014-12-24,95.09536743164062,95.55909000925796,94.60681013170873,94.83038580914226,82600,2.882231701142605,91.73705951197695,10.20054909568433,89.79904670715332,95.56351010943854,84.03458330486811,-74.00881057268722,0,1.5403252113033687,0.8386692071586608,0.701656004144708
2014-12-26,95.62535095214844,95.88205015957062,94.5737004435367,95.5342629138384,92500,3.16105195280044,92.44402159200813,10.253990985316829,90.04912338256835,96.37122728816924,83.72701947696747,11.985472154963684,0,1.7684222190101764,1.024619809528964,0.7438024094812123
2014-12-29,95.21131134033205,96.09734431218466,95.16162293827266,95.30239305584251,105900,3.3656792478619812,92.94716518261248,10.93102225573983,90.29795913696289,97.02931763268685,83.56660064123892,14.486486486486495,0,1.8939489401283396,1.1984856356488391,0.6954633044795004
2014-12-30,94.67305755615234,95.45143752217014,94.54884603804156,94.82211011435324,133400,3.4788663627577048,93.26096379598336,10.21883021716925,90.59771995544433,97.55545268095975,83.63998722992892,25.96789423984891,0,1.927774998789161,1.3443435082769035,0.5834314905122575
2014-12-31,93.1245574951172,95.42658628994695,93.10799890937908,94.83037612082222,215500,3.5060419020014195,93.23616265037131,7.504005631135291,90.7947998046875,97.80688360869034,83.78271600068466,61.54422788605698,0,1.8087808803492322,1.4372309826913694,0.37154989765786284
2015-01-02,92.6691436767578,93.89468145022089,91.57608725302886,93.14941857843338,198100,3.529858838535698,93.1330682915325,4.74544512845152,90.9036922454834,97.96340992255479,83.84397456841201,-8.074245939675173,0,1.6586096752026833,1.4815067211936324,0.17710295400905096
2015-01-05,91.2779769897461,92.80161972109356,90.60723733031452,92.45383253037208,210200,3.503104851744594,92.79577896393496,0.0,91.0154815673828,98.021691270872,84.00927186389362,6.108026249369014,0,1.4110763779022761,1.4674206525353612,-0.05634427463308511
2015-01-06,94.63164520263672,95.26097888549668,91.92386461595602,92.52835094274823,438300,3.592228057976093,93.12957282551709,2.640539125276886,91.22001457214355,98.40447068809574,84.03555845619137,108.51569933396763,1,1.4685884795880781,1.467654217945905,0.0009342616421732508
2015-01-07,94.46603393554688,96.20497611591874,93.64624176327716,95.27753733814583,381700,3.643918862831677,93.3725657546134,-0.540543145734107,91.45808334350586,98.74592106916921,84.17024561784251,-12.913529545973079,1,1.4837006122568255,1.470863496808089,0.012837115448736558
2015-01-08,97.49676513671876,97.63754155674042,94.87179000023971,95.29410662498452,341100,3.839975560856916,94.12242018772346,2.739974707134185,91.87335891723633,99.55331003895016,84.1934077955225,-10.6366256222164,0,1.7204000643015291,1.520770810306777,0.19962925399475218
2015-01-09,95.95655059814452,98.0598448003106,95.90686852269216,97.4222350005863,183200,3.706507475418606,94.45589844416365,0.9055994942371415,92.35653610229492,99.76955105313213,84.94352115145772,-46.29141014365289,0,1.7633765371648025,1.5692919556783822,0.19408458148642027
2015-01-12,95.64187622070312,96.50306789890472,94.53226787538078,96.4368209272756,254300,3.5259412113511943,94.67153076717082,0.017281263169377503,92.80203628540039,99.85391870810278,85.750153862698,38.81004366812226,0,1.7518498742599036,1.6058035393946866,0.146046334865217
2015-01-13,95.16162109375,97.34772121216564,94.201065013918,95.8820428918695,300800,3.1523327268872645,94.76063809927612,-0.05218943619463845,93.26865272521972,99.57331817899426,86.96398727144519,18.285489579237122,0,1.6845439615802178,1.621551623831793,0.06299233774842472
2015-01-14,94.01061248779295,95.36036813862488,93.0169328498055,93.69594874321784,432700,2.632807164818375,94.62426980627917,-0.6997186796956267,93.67440643310547,98.94002076274222,88.40879210346873,43.84973404255319,1,1.5207959763949361,1.6014004943444218,-0.08060451794948564
2015-01-15,93.43922424316406,95.16989028097112,92.6028798061613,93.8698232984528,335800,2.0484971236430694,94.40880697662188,0.33789878471461865,94.01515426635743,98.11214851364356,89.9181600190713,-22.39426854633696,0,1.3295915584999562,1.5470387071755287,-0.21744714867557247
2015-01-16,95.76611328125,95.9151658483809,92.97552045350082,92.97552045350082,274000,1.612378101886173,94.6555899410997,3.341964198239311,94.37991943359376,97.6046756373661,91.15516322982141,-18.40381179273377,0,1.35025626479991,1.5076822187004049,-0.15742595390049496
2015-01-20,95.0539779663086,96.4368507591359,93.87812228561693,95.7247113879765,369700,1.442127422234107,94.72802412750133,4.1368149263284915,94.56871948242187,97.45297432689009,91.68446463795365,34.92700729927007,0,1.2942505108253357,1.464995877125391,-0.17074536630005532
2015-01-21,95.98138427734376,96.14699538369388,94.40805349638256,94.89661068247656,285900,1.360536351023788,94.95590779110904,1.4263083684287858,94.75793151855468,97.47900422060226,92.0368588165071,-22.667027319448195,0,1.309603195505332,1.4339173408013792,-0.12431414529604723
2015-01-22,98.87135314941406,99.18601681908204,95.58392109179664,96.78461756167192,312600,1.6429105472653545,95.6678069471645,4.6633896124747665,94.95252723693848,98.23834833146918,91.66670614240778,9.338929695697807,0,1.5372462266248448,1.4545831179660724,0.08266310865877236
2015-01-23,99.04524993896484,99.22742597592018,97.60441286488324,98.87135635396017,258900,1.880238564588148,96.28188749112819,1.5882422356010117,95.15995864868164,98.92043577785793,91.39948151950534,-17.178502879078692,0,1.7119526618350562,1.5060570267398694,0.20589563509518682
2015-01-26,98.97073364257812,99.01213959016712,97.50505533577284,98.72231691002602,272100,2.0639455699788476,96.77076860957362,3.141195703310218,95.35372695922851,99.4816180991862,91.22583581927081,5.098493626882972,0,1.8233771710562365,1.569521055603143,0.2538561154530936
2015-01-27,98.58154296875,99.11150622547645,97.4222459755383,97.4222459755383,309700,2.186629442251661,97.10000031124206,3.073618862582017,95.5015365600586,99.87479544456193,91.12827767555527,13.818449099595732,0,1.8588497992169692,1.6273868043259083,0.23146299489106092
2015-01-28,98.07643127441406,100.02239090875412,97.6375559976346,99.6000742215474,216200,2.259261925784987,97.27753321363696,3.0630102210979393,95.6447925567627,100.16331640833266,91.12626870519273,-30.190506942202134,0,1.8251644604874144,1.6669423355582098,0.15822212492920462
2015-01-29,98.11781311035156,98.47388273936058,96.59417043957988,98.15093660115006,224700,2.3119741990272447,97.43031137667597,4.368869124315,95.81703033447266,100.44097873252716,91.19308193641817,3.9315448658649332,0,1.7812743334608427,1.6898087351387365,0.09146559832210621
2015-01-30,96.55278778076172,98.05159609195306,96.25468260934583,97.30633316341336,283200,2.227384117452571,97.27076163196429,3.3321804229613283,95.98844184875489,100.44321008366003,91.53367361384974,26.034712950600802,0,1.6017427337609291,1.6721955348631752,-0.07045280110224605
2015-02-02,97.7203598022461,97.76175943425496,94.90492580154567,96.65215074090708,223800,2.114730545888997,97.3525067538337,2.0406451238725642,96.24100265502929,100.47046374680728,92.0115415632513,-20.97457627118644,0,1.5359702430174735,1.644950476494035,-0.1089802334765615
2015-02-03,100.3370132446289,100.45294227677934,98.12607286591344,98.12607286591344,317000,1.960289888002537,97.89514429761465,5.557931810274019,96.69395446777344,100.61453424377851,92.77337469176837,41.64432529043789,0,1.6756710420493732,1.6510945896051028,0.024576452444270425
2015-02-04,100.08033752441406,100.96637037290188,99.71598544245876,100.33703668161355,208100,2.0357599221945932,98.29245215703271,4.270571088270758,96.96638908386231,101.0379089282515,92.89486923947312,-34.353312302839115,0,1.7455517127033886,1.6699860142247602,0.07556569847862837
2015-02-05,100.06375885009766,101.19821456519576,99.7905011438948,100.92495054133389,184000,2.0585795836935086,98.61450791940814,1.206017377836055,97.24627532958985,101.36343449697686,93.12911616220283,-11.580970687169634,0,1.7790866833534835,1.6918061480505049,0.08728053530297863
2015-02-06,100.78421020507812,101.4301025846993,99.48414299239782,99.86505372095232,375200,2.2056282245230676,99.0089992440754,1.755723032840928,97.41064758300782,101.82190403205395,92.99939113396168,103.91304347826087,0,1.8425579316008225,1.7219565047605685,0.12060142684025399
2015-02-09,98.72229766845705,100.69309782695623,98.56496267947716,100.16313465294536,212100,2.1963448283319194,98.95687168487206,-0.25101963477230926,97.54893493652344,101.94162459318727,93.1562452798596,-43.470149253731336,0,1.7068052550088737,1.7189262548102298,-0.012120999801356058
2015-02-10,99.77395629882812,99.96441480401644,98.44076571549088,99.368204565796,176000,2.2018511867396855,99.10543252377315,1.209570568860041,97.75553894042969,102.15924131390906,93.35183656695031,-17.020273455917025,0,1.6648885443751595,1.7081187127232158,-0.043230168348056264
2015-02-11,100.99949645996094,101.2893191154844,99.30195383557194,99.30195383557194,256700,2.226699652140658,99.44980778489818,2.9803951342481483,98.04743270874023,102.50083201302155,93.59403340445891,45.85227272727273,0,1.710838615343647,1.7086626932473021,0.0021759220963448733
2015-02-12,102.76329803466795,103.16077368843676,100.88358534782394,101.72821242529852,284900,2.2515331447697706,100.0522605575836,4.734598924551747,98.48506698608398,102.98813327562353,93.98200069654443,10.985586287495131,0,1.8680447667589277,1.7405391079496275,0.1275056588093002
2015-02-13,103.60791778564452,103.7321229882833,101.9434985760212,102.70531996795394,402300,2.199660062830029,100.6987436899583,7.3070184373159375,98.99350166320801,103.39282178886806,94.59418153754795,41.2074412074412,0,2.0373007941079635,1.7998914451812948,0.23740934892666865
2015-02-17,103.93087005615234,105.15640779039258,103.52511197815024,103.84806447697298,420600,2.323336888684973,101.2864030292663,6.355390285580498,99.40173950195313,104.04841327932307,94.75506572458319,4.548844146159592,1,2.1724542639620097,1.874404008937438,0.2980502550245716
2015-02-18,106.33226776123048,106.36538493815164,103.67416260057318,103.67416260057318,528900,2.568321100344957,102.20383298053251,5.975117578978262,99.96565399169921,105.10229619238913,94.8290117910093,25.748930099857347,1,2.445150910389927,1.988553389227936,0.45659752116199104
2015-02-19,110.1331024169922,114.91933698488988,107.12720993930068,109.30503397776668,1074000,3.267207388131245,103.64551833261608,10.044695233092927,100.67323989868164,107.20765467494414,94.13882512241915,103.06296086216675,1,2.934137646821398,2.1776702407466284,0.7564674060747696
2015-02-20,114.01673126220705,114.10781928462514,109.6776486306934,110.13308874278395,821900,4.389887183698756,105.53119341072352,13.944081825880538,101.43050880432129,110.2102831717188,92.65073443692378,-23.472998137802602,1,3.593614597241313,2.4608591120455654,1.1327554851957475
2015-02-23,117.9251937866211,117.93346991979378,114.04155195992188,114.04155195992188,533300,5.688000476776879,107.78464802452308,17.007608182535815,102.3745059967041,113.75050695025786,90.99850504315035,-35.11376079815063,0,4.381132129036473,2.844913715443747,1.5362184135927262
2015-02-24,115.65628814697266,117.81754673229504,114.62947899324348,116.48435637682309,648900,6.347868782201811,109.2158553195139,17.153156762402034,103.20878372192382,115.90452128632745,90.5130461575202,21.67635477217327,1,4.767210290909318,3.2293730305368613,1.537837260372457
2015-02-25,117.64363861083984,118.85261093618192,115.47409164147405,116.03718450825012,488800,7.0127659067994985,110.74817955430044,17.910167116648257,104.16188850402833,118.18742031762733,90.13635669042932,-24.67252273077516,0,5.173901078201851,3.6182786400698594,1.5556224381319916
2015-02-26,118.1156997680664,119.12594442957683,116.68314468654366,116.84047973576106,385800,7.51138179389231,112.08772868407607,16.946820437754173,105.16385192871094,120.18661551649556,90.14108834092632,-21.072013093289687,0,5.471228926050799,3.9888686972660476,1.482360228784751
2015-02-27,117.03089141845705,118.46344600361894,116.90667359538246,118.4137639285168,328100,7.763921314189738,112.98648554487261,13.883938776445092,106.10950584411621,121.63734847249569,90.58166321573674,-14.9559357179886,0,5.555290489199507,4.30215305565274,1.253137433546767
2015-03-02,118.86923217773438,119.10109034003423,116.1862857685644,117.03091915141236,579500,7.920225876383942,114.05607584175655,14.729872695312874,107.22532806396484,123.06577981673271,91.38487631119696,76.62298079853701,0,5.70449080022189,4.58262060456657,1.1218701956553208
2015-03-03,117.74307250976562,119.0514223723806,116.65830469992837,117.9914956089271,302600,7.921000256109331,114.72643887230366,13.289797772452738,108.22646369934083,124.06846421155949,92.38446318712217,-47.78257118205349,0,5.666541089757914,4.799404701604838,0.8671363881530754
2015-03-04,118.68138122558594,118.99693891479988,116.58045935689783,117.54373138747216,417300,8.020824003674822,115.44551930017316,11.613702711659869,109.14368209838867,125.1853301057383,93.10203409103903,37.90482485128883,0,5.647083281513886,4.968940417586648,0.6781428639272384
2015-03-05,116.98736572265624,118.79764107469414,116.75485352461403,118.79764107469414,256900,7.905446204214311,115.7258550133519,6.223617745473131,109.98903350830078,125.79992591672939,94.17814109987216,-38.43757488617302,0,5.432349194689962,5.061622173007311,0.3707270216826508
2015-03-06,113.82357788085938,116.2400459187888,113.05959440929318,115.96601084830812,449100,7.588604811034949,115.37998644380781,-0.16940792742380362,110.67702445983886,125.85423408190876,95.49981483776897,74.81510315297781,0,4.949821188349063,5.039261976075662,-0.08944078772659925
2015-03-09,115.6670379638672,116.57218850454682,113.63254946014852,114.31348723653436,362900,7.291339741774035,115.43217762927316,-1.9149053312898512,111.42116584777833,126.0038453313264,96.83848636423025,-19.193943442440432,0,4.662420606659836,4.963893702192497,-0.30147309553266055
2015-03-10,114.0394287109375,115.3597685609915,113.72387100930274,114.8033991777165,317100,6.66480303963604,115.17895055321213,-1.397986622206393,112.18702239990235,125.51662847917443,98.85741632063026,-12.620556627170021,0,4.254278437220492,4.821970649198096,-0.5676922119776036
2015-03-11,115.3514633178711,115.41789718179002,113.4498303922129,114.38819129749244,327400,6.0165076932376085,115.21031651042284,-1.9484056426979146,112.9658977508545,124.99891313732971,100.93288236437928,3.248186691895305,0,3.99069085502515,4.6557146903635065,-0.6650238353383564
2015-03-12,116.79635620117188,117.19495937623437,115.3763719867733,116.30642071999172,244300,5.364451925866378,115.4986873632863,-1.11699255008878,113.75574073791503,124.48464458964779,103.02683688618228,-25.381795968234577,0,3.8539605194371376,4.4953638561782325,-0.641403336741095
2015-03-13,115.70022583007812,117.61015814186352,114.94455492052111,116.34794013228031,254200,4.709165561819976,115.5353307208848,-1.137020808993905,114.40258712768555,123.82091825132551,104.98425600404559,4.052394596807196,0,3.6154752352346264,4.3193861319895115,-0.703910896754885
2015-03-16,115.78327941894533,117.2115760007337,115.21861050896486,116.39778323654072,368800,3.9690779715329763,115.58041230235035,-2.596090428324549,115.01135520935058,122.94951115241653,107.07319926628463,45.082612116443755,0,3.3940511508803723,4.134319135767684,-0.7402679848873115
2015-03-17,116.55558776855467,116.8296228014417,114.4795763112001,115.45944763700663,244000,2.999617054846804,115.75771693256932,-1.0085389449238868,115.6425910949707,121.6418252046643,109.6433569852771,-33.839479392624725,0,3.2435007405901075,3.956155456732169,-0.7126547161420613
2015-03-18,117.48563385009766,117.6766360223997,114.97782119667596,116.4476281478962,209000,2.070483725601787,116.07188364484719,-1.0075273502382354,116.20025939941407,120.34122685061764,112.05929194821049,-14.344262295081966,0,3.162776878741184,3.797479741133972,-0.6347028623927882
2015-03-19,117.36105346679688,117.86760064941016,116.30643634805148,117.64338791718058,195000,1.510943231025599,116.30627815792894,0.3194257275837442,116.5616569519043,119.5835434139555,113.5397704898531,-6.6985645933014375,0,3.0535506102060026,3.648693914948378,-0.5951433047423755
2015-03-20,118.80601501464844,119.5782853588583,117.4939739742222,117.87595306781922,406000,1.465204744178752,116.76077576824157,4.377333085596935,116.80112113952637,119.73153062788387,113.87071165116888,108.20512820512822,0,3.048443764199874,3.5286438847986776,-0.4802001205988038
2015-03-23,118.10840606689452,119.22945699747495,117.11192339024788,118.8723765413558,260400,1.4731536192684302,117.00579945890574,2.1106861090278484,116.81028175354004,119.7565889920769,113.86397451500318,-35.862068965517246,0,2.9540528575172544,3.4137256793423933,-0.4596728218251389
2015-03-24,118.1167449951172,119.35403963630267,117.31955107050857,118.30773448928592,268500,1.4744473129710856,117.20778955639872,3.57535663784736,116.93330459594726,119.88219922188944,113.98440997000509,3.1105990783410142,0,2.8471006615698116,3.3004006757878774,-0.45330001421806587
2015-03-25,114.5958023071289,118.19145472612202,114.47954620293127,118.11672137434462,213700,1.5526001946926127,116.7328827838042,-0.6550944296734529,116.78091278076172,119.88611317014696,113.67571239137649,-20.409683426443202,0,2.4499876934914795,3.1303180793285983,-0.6803303858371188
2015-03-26,114.8449249267578,115.65871764746836,113.8650411981364,114.42141059593602,286100,1.5766766212657923,116.38961771888667,-1.6707980778551845,116.61737403869628,119.77072728122786,113.4640207961647,33.879270004679455,0,2.1308122415088775,2.930416911764654,-0.7996046702557766
2015-03-27,114.28858947753906,115.6836631274392,113.873387176359,114.9363040537025,460400,1.6560654720250474,116.00761258409618,-1.2200808964817789,116.48025894165039,119.79238988570049,113.1681279976003,60.92275428171967,0,1.812083207778457,2.706750170967415,-0.8946669631889579
2015-03-30,117.84268951416016,118.55683779329732,114.96948476201322,115.43450919103924,388900,1.592826659138993,116.3412629350169,1.7786765978212937,116.42893180847167,119.61458512674966,113.24327849019369,-15.529973935708075,0,1.8252341591129522,2.5304469685965225,-0.7052128094835703
2015-03-31,116.38115692138672,117.9340215698996,115.62549864257376,117.46899719187196,287300,1.5625117179983103,116.34851638708415,-0.14965464162415287,116.36083602905273,119.48585946504936,113.23581259305611,-26.124967858061197,0,1.6981477271553302,2.363987120308284,-0.6658393931529538
2015-04-01,116.77978515625,116.9126402420676,114.31348285642052,116.19849188806032,234200,1.4689272758007779,116.42692889056883,-0.6007957489919669,116.26575622558593,119.20361077718749,113.32790167398437,-18.482422554820744,0,1.6110258778083448,2.2133948718082963,-0.6023689939999515
2015-04-02,115.7916030883789,117.66001317434636,115.21862196799418,116.77147429584444,162100,1.462330656099916,116.31141510835248,-1.3372838195100156,116.20596809387207,119.1306294060719,113.28130678167224,-30.785653287788218,0,1.44557941062304,2.059831779571245,-0.6142523689482049
2015-04-06,117.402587890625,117.5354429757402,115.13557456699112,115.24353120267844,188200,1.3716194459574869,116.50981015967474,-1.1812761532742244,116.38491859436036,119.12815748627533,113.64167970244539,16.10117211597779,0,1.4279938788407947,1.933464199425155,-0.5054703205843603
2015-04-07,117.43580627441406,118.7395474592789,117.3029385095296,117.40259566867668,193200,1.3798940355136708,116.67817308962734,-0.5694766485118019,116.47335700988769,119.23314508091504,113.71356893886035,2.6567481402762994,0,1.4005925055946733,1.8268898606590587,-0.4262973550643854
2015-04-08,116.93756103515624,118.32433494974656,116.58878001479889,117.60187446011072,232100,1.2575992856041536,116.72533453426894,-0.9983207376817793,116.61826362609864,119.13346219730694,114.10306505489034,20.134575569358184,0,1.3234169660953228,1.7261952817463118,-0.402778315650989
2015-04-09,116.53897094726562,116.92926209757196,115.80822356302708,116.38950421104676,208300,1.2221757753110774,116.69145024572288,1.695671744527627,116.67763900756836,119.12199055819052,114.2332874569462,-10.254200775527789,0,1.2160737647060245,1.6241709783382545,-0.40809721363223006
2015-04-10,117.91742706298828,117.93403869917744,116.4476076989102,116.4476076989102,240600,1.2532211033936318,116.91435512158931,2.6753486392106396,116.73369255065919,119.24013475744646,114.22725034387192,15.506481036965925,0,1.2280768866415173,1.5449521599989071,-0.31687527335738985
2015-04-13,116.46421813964844,117.6683019962039,116.2400054017766,117.33614530162504,263700,1.2315176415818478,116.83251203396368,1.9036271880290778,116.77189216613769,119.23492744930138,114.308856882974,9.600997506234421,0,1.1075603656505564,1.457473801129237,-0.3499134354786806
2015-04-14,115.42617797851562,116.95411858842338,115.210277458951,116.42266043406582,270100,1.2490689957753405,116.57681493297312,-2.0506249013895417,116.75403709411621,119.25217508566689,114.25589910256554,2.4270003792188133,0,0.9177101968561487,1.3495210802746194,-0.4318108834184706
2015-04-15,116.03244018554688,116.83793372353144,115.62555000949276,116.43104354747732,228100,1.2588827453006353,116.47783770616834,-0.29963332988294233,116.72787971496582,119.24564520556709,114.21011422436456,-15.549796371714175,0,0.806871748397441,1.2409912138991837,-0.43411946550174263
2015-04-16,116.72161102294922,117.02885651881476,115.2102819847043,116.20676447939888,259000,1.2462066860987513,116.52216012740122,-0.04981524261492565,116.6896785736084,119.18209194580591,114.1972652014109,13.546690048224463,0,0.7658139795300087,1.1459557670253486,-0.3801417874953399
2015-04-17,114.18058776855467,115.76666297422553,113.62421842503446,115.76666297422553,156800,1.3542645178721648,116.09641969852002,-1.3913058260317968,116.5306552886963,119.23918432444063,113.82212625295196,-39.45945945945945,0,0.5222162773086012,1.0212078690819992,-0.498991591773398
2015-04-20,114.72864532470705,115.34313631264148,114.18057552117445,114.56256702177778,189700,1.2995008384070237,115.84773344873584,-2.2775840072699727,116.32678680419922,118.92578848101326,113.72778512738518,20.98214285714286,0,0.3691318851494856,0.8907926722954965,-0.5216607871460109
2015-04-21,115.60061645507812,116.06564094947264,114.69546591673824,115.47604817702928,353000,1.2380811106255645,115.80280308625261,-1.56271743478954,116.2013973236084,118.67755954485953,113.72523510235727,86.08328940432261,0,0.31454629046581317,0.7755433959295599,-0.4609971054637467
2015-04-22,116.05730438232422,116.38116156358028,114.04772742799616,115.55075723513244,169200,1.1531237479664758,115.84907604917471,-0.7527578350700947,116.09842529296876,118.4046727889017,113.7921777970358,-52.067988668555245,0,0.3046261715570324,0.6813599510550544,-0.376733779498022
2015-04-23,115.4345245361328,116.24833006607555,115.01932228774176,115.37640281026091,209600,1.1100476237494192,115.77370304680345,-0.9477056491536962,116.14036140441894,118.36045665191777,113.9202661569201,23.87706855791962,0,0.24370203172938432,0.5938283671899204,-0.35012633546053606
2015-04-24,115.89120483398438,116.18185136411664,115.16875725520585,115.52582496900511,131300,1.0697047566001205,115.79506700810907,-1.718339926058221,116.19267539978027,118.3320849129805,114.05326588658004,-37.35687022900763,0,0.22962254956506456,0.5209872036649492,-0.29136465409988466
2015-04-27,114.69548797607422,116.33969833158582,113.90660608057478,115.87466107678372,193000,1.0348873755806165,115.5951435477391,-1.5186897674042577,116.21302032470703,118.28279507586826,114.1432455735458,46.99162223914699,0,0.12059001447978801,0.440907765827917,-0.320317751348129
2015-04-28,113.94808197021484,115.1770768177367,113.03463214849728,114.1805941664767,203400,1.077633162100472,115.29567780637105,-1.280555272804662,116.01828994750977,118.17355627171071,113.86302362330883,5.388601036269436,0,-0.025830713071300693,0.3475600700480735,-0.3733907831193742
2015-04-29,113.50797271728516,114.34667654989124,113.4166277318754,113.79030715547356,199000,1.2100855165781237,114.97064051744634,-2.1756566217385864,115.87463073730468,118.29480177046094,113.45445970414843,-2.163225172074734,0,-0.17536187063910802,0.24297568191063718,-0.4183375525497452
2015-04-30,109.27291107177734,113.4166335558336,109.04871100868463,112.6360513987881,433200,1.8885746823475176,113.93468970914287,-6.381594535828805,115.49928703308106,119.2764363977761,111.72213766838603,117.68844221105526,1,-0.6283571610174761,0.06870911332501453,-0.6970662743424906
2015-05-01,111.24099731445312,111.72262079530012,109.12346321161948,109.66322109210144,291600,2.112366523860189,113.4449274555629,-2.5745098282907164,115.27175674438476,119.49648979210514,111.04702369666438,-32.686980609418285,0,-0.8191089029407124,-0.10885448992813085,-0.7102544130125815
2015-05-04,112.65267181396484,113.1343079201236,109.68812181682377,110.97525126092452,231900,2.127153195848691,113.30088097527234,-1.80946397899735,115.03426094055176,119.28856733224914,110.77995454885438,-20.473251028806583,0,-0.8466114882136395,-0.2564058895852326,-0.5902055986284069
2015-05-05,111.16625213623048,113.0678856357765,111.0084732456779,112.87688346775616,300800,2.214777407357768,112.91276664090108,-3.8359348373983915,114.72078323364258,119.15033804835811,110.29122841892705,29.71108236308755,0,-0.9770858926973034,-0.40054189020764674,-0.5765440024896566
2015-05-06,111.04997253417967,112.03815575900391,110.38564650588933,111.54822022313874,293900,2.2944682077469705,112.57407680331536,-4.314533992319037,114.42640380859375,119.0153402240877,109.8374673930998,-2.293882978723405,0,-1.0774504126962796,-0.5359235947053733,-0.5415268179909063
2015-05-07,102.57984924316406,106.96438323601258,100.0803303537664,106.96438323601258,1337700,3.4501118516550195,110.75694451965148,-11.135901797685344,113.72844772338867,120.6286714266987,106.82822402007864,355.15481456277644,1,-1.8194842973041716,-0.792635735225133,-1.0268485620790386
2015-05-08,98.61051940917967,101.78266386433356,97.07427258442792,100.8276975671692,1286800,4.693380211801171,108.54850359047478,-14.911127595540574,112.76310234069824,122.14986276430058,103.3763419170959,-3.805038498916047,1,-2.696756708784278,-1.173459929936962,-1.5232967788473162
2015-05-11,100.4374008178711,101.22628872982152,98.41121856809048,98.4444355014288,636100,5.350407041265815,107.07375763181955,-12.431253757059213,111.96176147460938,122.66257555714101,101.26094739207774,-50.56729872552067,1,-3.2076119990365015,-1.5802903437568698,-1.6273216552796317
2015-05-12,100.20489501953124,100.90243799322012,99.1336726090151,99.67343672314097,504100,5.887308423618763,105.82487352049439,-12.060919949732874,111.20069732666016,122.97531417389769,99.42608047942264,-20.75145417387203,0,-3.5898482360072563,-1.9822019222069471,-1.6076463138003092
2015-05-13,101.79928588867188,102.19788284127576,100.4955510607662,101.01040413798712,444400,6.127845302308381,105.09294849652665,-10.315299047562199,110.48903961181641,122.74473021643317,98.23334900719965,-11.842888315810352,0,-3.7212232442323057,-2.330006186612019,-1.3912170576202865
2015-05-14,103.09471893310548,103.56804924005364,102.01519055947745,102.09822974156802,309900,6.155894459932655,104.72963403045006,-5.6539100844615,109.80769500732421,122.11948392718952,97.4959060874589,-30.265526552655263,0,-3.678405891072231,-2.5996861275040617,-1.0787197635681691
2015-05-15,102.05669403076172,103.22756084857104,101.76605378063049,103.01995976483698,257600,6.297919792338891,104.24364493959763,-8.256221631786943,109.20150032043458,121.79733990511235,96.6056607357568,-16.87641174572443,0,-3.685745781620156,-2.8168980583272805,-0.8688477232928755
2015-05-18,102.55493927001952,102.7459350619404,101.30933272018125,101.72453490346068,218100,6.323846125026685,103.93660754512888,-8.963597916808197,108.59281501770019,121.24050726775356,95.94512276764682,-15.333850931677018,0,-3.6097475482155232,-2.975467956304929,-0.6342795919105941
2015-05-19,100.05542755126952,100.88583197757217,99.35789087420716,99.64853115631648,395600,6.372327614528543,103.23093845533626,-9.994782023725168,107.81555557250977,120.56021080156685,95.07090034345268,81.38468592388813,0,-3.708459296779253,-3.122066224399794,-0.586393072379459
2015-05-20,101.41729736328124,101.81589430326558,99.58210421366157,100.611810335503,343100,6.21466609893071,102.90118552950807,-8.674180597328496,107.08355522155762,119.51288741941903,94.6542230236962,-13.270980788675434,0,-3.6348967296327572,-3.224632325446387,-0.41026440418637034
2015-05-21,102.24771118164062,102.70443622378784,101.39239549860494,101.90724860652688,242200,5.977024063536902,102.78237201171399,-0.32378489925064535,106.42421455383301,118.37826268090681,94.4701664267592,-29.40833576216847,0,-3.469595077786934,-3.2736248759144964,-0.19597020187243785
2015-05-22,102.02352142333984,102.4885460255894,100.77791437975566,101.7162694051478,261300,5.614352281951735,102.64439917746414,3.461093232860968,105.73083038330078,116.95953494720425,94.50212581939732,7.88604459124691,0,-3.318429774834428,-3.282585855698483,-0.03584391913594498
2015-05-26,101.58338165283205,101.9155447122358,101.22630747268258,101.46712553236324,377200,5.267267133092977,102.4514869002583,1.1409901347795959,105.07522506713867,115.60975933332463,94.54069080095272,44.35514734022197,0,-3.1972894220223083,-3.2655265689632484,0.06823714694094019
2015-05-27,103.23297882080078,103.50790645718328,101.10849812307654,101.64169997510024,263200,4.845310091702981,102.59357634035693,3.0218920948715366,104.53946990966797,114.23009009307393,94.84884972626202,-30.22269353128314,0,-2.9343507456275972,-3.199291404296118,0.2649406586685208
2015-05-28,102.81639099121094,103.44123736472324,102.0915669096809,102.85804360235215,254300,4.370252492820913,102.63408809505766,0.9991279346019954,104.00489082336426,112.74539580900608,95.26438583772244,-3.381458966565354,0,-2.728136843170205,-3.105060492070936,0.37692364890073105
2015-05-29,103.29964447021484,103.63289728191528,101.51674923732642,102.85808719612594,402700,4.191748596038427,102.75509834508624,0.19877403928161286,103.70622749328614,112.089724685363,95.32273030120928,58.35627211954384,0,-2.496933230746933,-2.983435039806136,0.4865018090592028
2015-06-01,101.416748046875,104.0744239788473,100.92519886387396,104.0744239788473,572000,3.8215974597942,102.51176192722964,-0.627049494366172,103.21501502990722,110.85820994949562,95.57182011031882,42.041221753166134,0,-2.4375382834937085,-2.8742556885436503,0.43671740504994183
2015-06-02,101.5833511352539,102.9080223063476,100.3919772095538,100.3919772095538,329100,3.1200034094654154,102.34295996505223,-0.9473830726060783,102.66154899597169,108.90155581490252,96.42154217704085,-42.46503496503497,0,-2.349935291746661,-2.7693916091842525,0.4194563174375916
2015-06-03,101.45838928222656,102.94969008304405,101.10014376743504,102.1082285052749,252800,2.3991170739920284,102.18212893181119,1.4021845344053485,102.17615585327148,106.97439000125554,97.37792170528742,-23.18444241871771,0,-2.2644890466963403,-2.66841109668667,0.40392204999032977
2015-06-04,99.45889282226562,101.5583805137781,98.41748204250224,100.89187507222276,254200,1.283103380348786,101.68699509371199,-1.9310360184422226,101.59660186767579,104.16280862837336,99.03039510697822,0.5537974683544222,0,-2.3312418310361807,-2.6009772435565726,0.2697354125203919
2015-06-05,99.70049285888672,99.75881160360746,98.07589471576146,99.15063131670064,222800,1.3277335401869244,101.3258128691983,-2.491222828674211,101.45263404846192,104.10810112883577,98.79716696808806,-12.352478363493313,0,-2.3377012251784066,-2.548322039880939,0.21062081470253258
2015-06-08,99.06732940673828,99.96710350511658,98.71741054797592,99.77548747786456,212200,1.2793147747158964,100.91517951238738,-2.8975592837410913,101.47547454833985,104.03410409777165,98.91684499890805,-4.757630161579895,0,-2.3666302996757054,-2.5119836918398923,0.14535339216418697
2015-06-09,97.84263610839844,99.2089666615626,97.74265837660565,99.2089666615626,251400,1.5022712178787447,100.35653525711666,-3.682438489021611,101.34573631286621,104.3502787486237,98.34119387710872,18.473138548539115,0,-2.4600217146089562,-2.5015912963937055,0.04156958178474923
2015-06-10,98.93402099609376,99.95043890248787,98.21752989343122,98.44247817436332,401000,1.5780343085903226,100.09789630056704,-4.164326045622935,101.28219261169434,104.43826122887499,98.12612399451369,59.50676213206045,0,-2.4180951487763025,-2.484892066870225,0.0667969180939223
2015-06-11,98.750732421875,99.61718693284632,98.3924868678798,98.99234047980356,564200,1.6700122064826888,99.85295741353212,-3.9542902937368063,101.1297649383545,104.46978935131987,97.78974052538912,40.69825436408978,1,-2.372311370653904,-2.462375927626961,0.09006455697305693
2015-06-12,98.41748809814452,98.6507694664296,97.7926415918396,97.91761216435404,291100,1.7074365468443737,99.59196299255255,-4.726208301208656,100.89590339660644,104.31077649029518,97.4810303029177,-48.404820985466145,0,-2.3359895945803544,-2.4370986610176395,0.10110906643728512
2015-06-15,97.2260971069336,98.15920335069391,96.2263454113996,97.55934979086702,336200,1.8686437756305112,99.16180555880365,-4.132109361270864,100.65437355041504,104.39166110167606,96.91708599915403,15.492957746478876,0,-2.3759511357636995,-2.4248691559668516,0.04891802020315206
2015-06-16,97.35942840576172,98.40083936649744,96.92619788658554,97.34276227087985,293700,1.9498934982867324,98.83410062188693,-4.158085633410746,100.39459800720215,104.29438500377562,96.49481101062868,-12.641284949434862,0,-2.3695475543254645,-2.413804835638574,0.044257281313109686
2015-06-17,97.9592514038086,98.2925040779477,96.67623273994604,97.4760353441202,285100,2.0240109631097365,98.67503712769087,-3.4488403602430773,100.2897891998291,104.33781112604858,96.24176727360963,-2.9281579843377648,0,-2.2896779843592867,-2.3889794653827168,0.09930148102343006
2015-06-18,98.29251098632812,98.98400286515484,97.85928057261836,98.05090293950278,334300,2.0527955047917814,98.60548692017036,-1.1727275488797595,100.13354988098145,104.23914089056501,96.02795887139789,17.257102770957555,0,-2.174424104049649,-2.346068393116103,0.17164428906645401
2015-06-19,97.84263610839844,98.81739515737516,97.83430304168216,98.04258521571654,326700,2.050337480482212,98.46678677257546,-1.8634378800091222,99.91329612731934,104.01397108828377,95.81262116635492,-2.2734071193538763,0,-2.0952331726555826,-2.295901349023999,0.20066817636841616
2015-06-22,98.3258285522461,98.40914649215584,97.20943934763912,98.33416161749037,262300,2.0164735733326333,98.44115800524284,-0.7484817234224894,99.72841148376465,103.76135863042991,95.69546433709938,-19.7122742577288,0,-1.970766428348682,-2.2308743648889355,0.26010793654025344
2015-06-23,99.3922348022461,99.45055354429202,96.98449389221724,98.21752054012155,429000,1.96935992773037,98.61408105924343,1.5837662960459076,99.61885414123535,103.55757399669609,95.6801342857746,63.55318337781166,0,-1.7657214272153539,-2.1378437773542194,0.3721223501388655
2015-06-24,96.86785888671876,99.35058489511076,96.79288036422103,99.35058489511076,254900,1.8661744161197436,98.2965861187844,-2.088424273644529,99.30059814453125,103.03294697677073,95.56824931229177,-40.582750582750585,0,-1.7863261697060722,-2.06754025582459,0.28121408611851795
2015-06-25,96.8012237548828,97.5427077745816,96.4263120336054,97.22611480688948,239400,1.7508868915199607,98.02470205262047,-1.974171349599374,98.99983978271484,102.50161356575477,95.49806599967492,-6.080816006276968,0,-1.7874281161377752,-2.011517827887227,0.22408971174945203
2015-06-26,95.67649841308594,97.10115410677216,95.5681939685808,96.80122726139273,488200,1.5877351122880337,97.59775593634146,-2.7850636487746883,98.61868247985839,101.79415270443447,95.44321225528232,103.92648287385131,0,-1.857643592988154,-1.9807429809074126,0.12309938791925856
2015-06-29,93.68531036376952,95.06830691788495,93.51868718301034,94.7350542000997,288600,1.7979137915510977,96.88640219587383,-3.641806930982494,98.23211059570312,101.82793817880531,94.63628301260093,-40.8848832445719,0,-2.05032720308148,-1.9946598253422263,-0.055667377739253565
2015-06-30,93.80194091796876,94.62674276359228,92.7938561295842,94.62674276359228,476300,1.8748397686798342,96.32559105443654,-3.6539732679679804,97.84304008483886,101.59271962219853,94.0933605474792,65.03811503811502,0,-2.168620731416979,-2.029452006557177,-0.13916872485980214
2015-07-01,94.80170440673828,95.3515659789295,94.07688023457092,94.61841509725228,346200,1.7881018930330843,96.04852075485503,-3.223326997522924,97.51020584106445,101.08640962713062,93.93400205499827,-27.31471761494856,0,-2.1568340068615726,-2.0549284066180564,-0.10190560024351614
2015-07-02,94.20184326171876,95.36822448275848,93.66864150746052,95.36822448275848,247800,1.8710384496191208,95.71276121064844,-4.161728786416241,97.2473533630371,100.98943026227535,93.50527646379886,-28.42287694974004,0,-2.170872259797065,-2.078117177253858,-0.09275508254320686
2015-07-06,94.36014556884766,94.80170270307418,93.01880803491422,93.20209734110637,318100,1.8835440100893674,95.46683109395738,-3.559277098475333,96.98033599853515,100.74742401871389,93.21324797835642,28.36965294592413,0,-2.1445035017300142,-2.0913944421490895,-0.05310905958092471
2015-07-07,95.2432632446289,95.45987846481148,93.17710147763684,94.51843905955664,283900,1.8544076779789234,95.42618239407948,-3.1350514437610277,96.78913269042968,100.49794804638753,93.08031733447183,-10.751336057843442,0,-2.028957298319085,-2.0789070133830885,0.049949715064003364
2015-07-08,93.25206756591795,94.76836108909283,92.72719893121862,94.2601522266193,407100,1.9958512648016908,95.0308887889592,-6.177713227340953,96.55960426330566,100.55130679290905,92.56790173370227,43.395561817541385,0,-2.0741494461043573,-2.0779554999273424,0.003806053822985156
2015-07-09,93.80194091796876,94.95166239140772,93.6853034288179,94.46011323890076,156200,2.0044025643811136,94.80744372150639,-3.1650518592915455,96.30300025939941,100.31180538816164,92.29419513063718,-61.63104888233849,0,-2.042054827868185,-2.070775365515511,0.028720537647326072
2015-07-10,95.11830139160156,95.7098220011114,94.39348349641855,94.97667103924022,213600,1.934280147218003,94.86396329788732,-1.7385341816986588,96.12137870788574,99.98993900232175,92.25281841344973,36.74775928297056,0,-1.8886293788991395,-2.034346168192237,0.14571678929309728
2015-07-13,96.81785583496094,97.30107185858596,95.91807558881756,95.91807558881756,250600,1.8662145044834708,95.21921648644616,1.1929339396882677,96.04139709472656,99.77382610369351,92.30896808575962,17.322097378277146,0,-1.6113244205055537,-1.9497418186549003,0.33841739814934657
2015-07-14,97.56769561767578,97.76764471168242,95.82645345341103,96.62626254197184,283700,1.879146132286402,95.64621269212427,4.144070440532666,96.05847702026367,99.81676928483647,92.30018475569086,13.208300079808467,0,-1.315883750544657,-1.8229702050328518,0.5070864544881948
2015-07-15,96.42630004882812,97.5343625854952,95.81811974506748,97.34274021537884,192200,1.8565941708526816,95.78804675697951,2.797766341694796,96.01182060241699,99.72500894412235,92.29863226071163,-32.25237927388086,0,-1.1604688123290146,-1.6904699264920846,0.53000111416307
2015-07-16,97.96759033203124,97.99258952962938,96.32633230736492,97.25943228382222,249300,1.8570554142713962,96.18432740698891,3.3394820748264165,96.01223754882812,99.72634837737091,92.29812672028534,29.70863683662852,0,-0.9025283246130584,-1.5328816061162795,0.6303532815032211
2015-07-17,97.15947723388672,98.0092657631839,96.65959489825174,97.77599072989716,188900,1.80024508701068,96.36162737551578,3.1396773882129247,95.95558586120606,99.55607603522742,92.3550956871847,-24.227837946249497,0,-0.7546178383671958,-1.3772288525664629,0.6226110141992671
2015-07-20,96.7845458984375,97.69265935857344,96.53461113746062,97.55935573437246,181900,1.7568962383777593,96.43852165241063,2.569305414880829,95.90268135070801,99.41647382746352,92.3888888739525,-3.705664372683959,0,-0.6600429731862789,-1.2337916766904262,0.5737487035041473
2015-07-21,96.19303894042967,97.04283377394997,95.35157717366444,96.92618990818238,247400,1.6643669422282987,96.39388843205045,0.997210367898993,95.7960418701172,99.12477575457379,92.4673079856606,36.008796041781196,0,-0.6256097395872047,-1.112155289269782,0.48654554968257724
2015-07-22,95.55986785888672,95.93477962104016,94.94335434572956,95.77648311993528,232100,1.4330874250395407,96.24224832783885,2.474797989157107,95.60442352294922,98.4705983730283,92.73824867287014,-6.184316895715436,0,-0.642012053219986,-1.0181266420598227,0.3761145888398367
2015-07-23,95.67649841308594,97.4677264184722,95.1183037005116,95.82646183577566,219900,1.40223525826259,96.13938470697468,1.9984207968111178,95.54485549926758,98.34932601579277,92.7403849827424,-5.2563550193881925,0,-0.6382426301959327,-0.9421498396870448,0.30390720949111205
2015-07-24,93.34374237060548,96.2430267510753,93.077141434973,95.75981692517546,249500,1.451455523659989,95.63108610036208,-1.865633632049657,95.37198143005371,98.27489247737368,92.46907038273373,13.460663938153704,0,-0.8141047593613138,-0.9165408236218986,0.10243606426058482
2015-07-27,93.51869201660156,93.76863315692566,92.06071686266792,93.05214200134832,202900,1.5067721554599895,95.24701444876926,-3.40759851569451,95.26409111022949,98.27763542114947,92.2505467993095,-18.677354709418836,0,-0.928654834561172,-0.9189636258097533,-0.009691208751418712
2015-07-28,95.69314575195312,95.80145017518642,93.53533950240993,94.32681543859076,299000,1.462277483455747,95.32812923116633,-1.9212812743555796,95.36448287963867,98.28903784655017,92.43992791272717,47.36323311976343,0,-0.834358386560794,-0.9020425779599615,0.06768419139916748
2015-07-29,97.8759536743164,98.28418492086404,95.36823473298988,95.59317666501128,412100,1.515931579267853,95.7913700390118,1.5033799126941583,95.56818351745605,98.60004667599175,92.53632035892035,37.82608695652174,1,-0.5768439176932247,-0.8370028459066142,0.2601589282133895
2015-07-30,97.151123046875,98.10922217353634,95.84311144635124,97.4760426806425,249900,1.544176521077771,96.03859785862329,-0.8334054990931872,95.68565444946289,98.77400749161843,92.59730140730734,-39.35937879155544,0,-0.4263350942146076,-0.7548692955682129,0.32853420135360534
2015-07-31,97.81763458251952,98.56744525747835,96.5096165436625,97.45105595474982,302900,1.572712837906543,96.36205908114987,0.6773990220721782,95.86644401550294,99.01186969131602,92.72101833968985,21.208483393357348,0,-0.2503875448370536,-0.653972945421981,0.4035854005849274
2015-08-03,96.41799926757812,97.50106289883628,95.8597981382274,97.50106289883628,278200,1.5358629981601537,96.37223002413681,-0.37872433812317086,95.96933670043946,99.04106269675977,92.89761070411915,-8.154506437768239,0,-0.2213353014187618,-0.5674454166213372,0.3461101152025754
2015-08-04,96.60124969482422,97.3927256053969,95.48486052506422,96.5096050487972,247900,1.5320875480434635,96.41386996426178,0.42436621078927317,96.03723602294922,99.10141111903614,92.97306092686229,-10.891445003594535,0,-0.18143296492704053,-0.49024292628247784,0.3088099613554373
2015-08-05,97.57603454589844,98.97569100056612,96.45130572840652,97.18446304425515,444300,1.4193114691085595,96.62517261546844,2.109846667001447,96.25343437194825,99.09205731016536,93.41481143373113,79.22549415086728,1,-0.07034222354523934,-0.40626278573503016,0.33592056218979083
2015-08-06,101.8582992553711,106.82374469705782,95.56817610153698,97.0261510776725,591000,1.7834605716800924,97.57665018635984,6.46114870926302,96.65625228881837,100.22317343217856,93.08933114545817,33.01823092505065,1,0.35910146488612327,-0.2531899356107995,0.6122914004969228
2015-08-07,96.48462677001952,101.89996298646166,94.59342753426576,101.31677547489014,657600,1.7472492773752772,97.37810047429795,3.364858017952277,96.72456855773926,100.21906711248981,93.23007000298871,11.26903553299492,1,0.2627988405819366,-0.1499921803722523,0.41279102095418885
2015-08-10,100.43366241455078,100.83356061147896,97.05115573575236,97.49271290814973,368900,1.9344480046334527,97.93365719070755,7.394212054122473,96.90535888671874,100.77425489598565,93.03646287745184,-43.902068126520675,0,0.4993759944306504,-0.020118545411671754,0.5194945398423222
2015-08-11,99.12564086914062,100.60027565338952,98.62575863802354,99.60052390368855,349400,1.993004806764496,98.1503814958772,3.586981167998071,96.98325614929199,100.96926576282098,92.997246535763,-5.285985361886691,0,0.5746939718072639,0.09884395803211538,0.4758500137751485
2015-08-12,98.05088806152344,98.30082277957015,95.50984377898892,98.29249607168784,410900,2.002195748981645,98.13229178054014,0.17873071029186338,97.06448554992676,101.06887704789006,93.06009405196346,17.601602747567256,0,0.5414192973857865,0.1873590259028496,0.35406027148293695
2015-08-13,97.6259994506836,98.91735118891006,97.276087000573,97.80928874062708,359800,1.9955322983886743,98.04023862965713,0.48880176462753333,97.04740600585937,101.03847060263672,93.05634140908202,-12.436115843270867,0,0.47528512713233795,0.2449442461487473,0.23034088098359065
2015-08-14,99.30891418457033,99.80879636720262,97.15111443085377,97.40105552216993,288900,2.058764182788367,98.2709069123686,1.5245508730767243,97.15487785339356,101.27240621897029,93.03734948781683,-19.70539188438021,0,0.5523038599545487,0.3064161689099076,0.2458876910446411
2015-08-17,100.08373260498048,100.41698530349836,98.1092219664484,98.80071384725984,329700,2.1573436638987085,98.60051158375256,3.801918070535004,97.3198371887207,101.63452451651811,93.00514986092328,14.122533748701983,0,0.6681609877544759,0.3787651326788213,0.2893958550756546
2015-08-18,100.41700744628906,101.14183174867532,99.60887153996906,99.76716803683074,208400,2.2461569028735715,98.9307835587592,3.9500086836550485,97.53103561401367,102.02334941976082,93.03872180826653,-36.79102214134061,0,0.7779038987248583,0.4585928858880287,0.3193110128368296
2015-08-19,98.56745147705078,100.28370086932168,98.09256838668732,99.81714448919332,367900,2.2075894614464198,98.86472318026675,1.0160455236434052,97.68141479492188,102.09659371781471,93.26623587202904,76.53550863723608,0,0.7074768838623982,0.5083696854829026,0.19910719837949553
2015-08-20,93.96023559570312,98.35915326388482,93.86859094792716,98.05922648139368,403200,2.3201154736135967,97.97299816489154,-7.753971662011128,97.59560165405273,102.23583260127992,92.95537070682553,9.594998640935026,0,0.27670941577022745,0.4620376315403676,-0.18532821577014014
2015-08-21,91.70246124267578,95.0099826752576,91.62748272254969,93.23542111334136,483800,2.500440874410642,96.83290054267049,-4.956401540260391,97.51353759765625,102.51441934647754,92.51265584883497,19.99007936507937,0,-0.2440472032417489,0.3208206645839443,-0.5648678678256932
2015-08-24,89.44469451904297,93.31874410576792,85.61230390832465,86.48708519805781,609700,2.9656760247552314,95.48959035655639,-10.941518641578218,97.30983772277833,103.24118977228879,91.37848567326786,26.023150062009105,1,-0.8293729857974341,0.09078193450766864,-0.9201549203051027
2015-08-25,87.37019348144531,91.91907460974716,87.11191930822689,91.91907460974716,430400,3.6979988143178266,94.01333637926345,-11.859138851081031,96.89369010925293,104.28968773788858,89.49769248061727,-29.407905527308507,0,-1.4439972801346244,-0.21617390842078993,-1.2278233717138345
2015-08-26,91.4848861694336,91.60197025661924,88.14797692343372,89.0930145930335,364800,3.880292586219824,93.55361815929439,-6.69652465357572,96.57413673400879,104.33472190644844,88.81355156156914,-15.241635687732346,0,-1.5808471278796787,-0.48910855231256767,-1.0917385755671112
2015-08-27,94.61271667480467,95.02251736444828,92.10376098740554,92.28775209204484,385400,3.9018809272391626,93.74618152575079,-3.0865576719663723,96.44721641540528,104.2509782698836,88.64345456092695,5.646929824561409,0,-1.4205367730876048,-0.6753941964675751,-0.7451425766200297
2015-08-28,94.9806900024414,95.44902631183513,93.23278743302303,94.08582947950494,393000,3.9010056846134553,93.9706376124218,-4.358344079852394,96.30536918640136,104.10738055562828,88.50335781717445,1.9719771665801744,0,-1.2493950413668102,-0.7901943654474222,-0.45920067591938807
2015-08-31,94.15274047851562,95.65810998560278,93.59240860166548,94.4454506842878,285200,3.9303382513207055,94.00374722443885,-5.926030107084268,96.19210624694824,104.05278274958965,88.33142974430683,-27.430025445292618,0,-1.1671187743617821,-0.8655792472302942,-0.3015395271314879
2015-09-01,89.94606018066406,93.88511967933256,89.46099390339177,92.74772597153736,867100,4.168394442606055,93.26598594375253,-10.427463964434203,95.85934677124024,104.19613565645236,87.52255788602812,204.03225806451616,1,-1.4249324490512834,-0.9774498875944921,-0.4474825614567912
2015-09-02,95.5577621459961,95.62466278272272,90.65693478707722,91.49325336190157,764600,4.149032845770353,93.68267252597863,-3.053431214821889,95.75843315124511,104.05649884278583,87.4603674597044,-11.821012570637757,1,-1.163027536555873,-1.0145654173867684,-0.14846211916910468
2015-09-03,95.33196258544922,97.1635024987642,95.03925232959192,95.67485629988565,506100,3.8927655890132518,93.98254344588237,1.4599016073655102,95.43211631774902,103.21764749577552,87.64658513972252,-33.808527334554014,0,-0.9625900055383738,-1.0041703350170896,0.041580329478715816
2015-09-04,94.17779541015624,95.14792122894228,93.54219177540575,94.0272578750996,221500,3.8941138025030506,94.01804380302306,2.699310502615493,95.31677474975587,103.10500235476196,87.52854714474977,-56.233945860501876,0,-0.886652683191457,-0.9806668046519631,0.09401412146050614
2015-09-08,97.01295471191406,97.0882203209832,94.81343915641152,95.77520041329612,270500,3.7291719756860524,94.56257305918506,8.461385254392928,95.14573936462402,102.60408331599612,87.68739541325192,22.12189616252822,0,-0.5908867720023068,-0.9027107981220319,0.31182402611972515
2015-09-09,96.00101470947266,98.06672271217258,95.80030002817443,97.80745960236584,238600,3.617439224809156,94.82410790469189,9.878450400662398,94.98950805664063,102.22438650625894,87.75462960702232,-11.792975970425134,0,-0.4331521492198078,-0.8087990683415871,0.3756469191217793
2015-09-10,96.36898803710938,97.77400343757176,95.39049049741652,96.05118290876648,238200,3.561644670773828,95.10499520149506,5.338698086840532,94.90541305541993,102.02870239696759,87.78212371387227,-0.16764459346185756,0,-0.27528068757906965,-0.7020953921890837,0.42681470461001403
2015-09-11,96.62825012207033,96.720245676912,95.17305757005435,95.42394931730983,131000,3.528364348161561,95.38195064159964,2.130298672421893,94.85552558898925,101.91225428531237,87.79879689266613,-45.004198152812755,0,-0.12777324290549075,-0.587230962332365,0.4594577194268743
2015-09-14,96.21006774902344,96.50277790757056,95.3653843938421,96.4944129371541,146700,3.387746623476687,95.53251738840396,1.2943449311122457,94.70058326721191,101.47607651416529,87.92509002025854,11.98473282442749,0,-0.0441079044110495,-0.478606350748102,0.4344984463370525
2015-09-15,97.26386260986328,97.38930530424982,96.16828082758256,96.71188923214252,138100,3.2057041050122237,95.84730742866928,3.3043351850789326,94.55958976745606,100.97099797748051,88.14818155743161,-5.862304021813225,0,0.10600792409928772,-0.361683495778624,0.46769141987791174
2015-09-16,97.34748077392578,97.68200947100128,96.19335708804554,97.3725693096007,245500,2.975745214661036,96.1200662187159,8.228732396277682,94.40611343383789,100.35760386315997,88.45462300451581,77.76973207820419,0,0.22908236779642266,-0.24353032306361472,0.4726126908600374
2015-09-17,96.41079711914062,98.00816854102092,96.21008246267009,97.25548060350152,167100,2.853581282088543,96.17292638242948,0.8926904041989259,94.29828071594238,100.00544328011947,88.5911181517653,-31.934826883910382,0,0.24817638549312449,-0.1451889813522669,0.39336536684539136
2015-09-18,93.33314514160156,95.67483953944908,92.99861645896564,95.4406713757851,481600,2.860926851912587,95.65660252046077,-2.0966918016148584,94.26692619323731,99.98877989706249,88.54507248941214,188.21065230400959,0,0.01479716598748837,-0.11319175188431586,0.12798891787180422
2015-09-21,92.68920135498048,94.16948261940658,92.27940060544908,94.16948261940658,280600,2.8226266133368125,95.11707503582798,-1.5806210462803172,94.31626319885254,99.96151642552617,88.67100997217891,-41.7358803986711,0,-0.21958716464894223,-0.13447083443724114,-0.08511633021170109
2015-09-22,91.16706848144533,92.10374098439522,90.3892921320442,91.35941813589986,199500,2.689297661499179,94.39889202594023,-6.025882056503129,94.40238189697266,99.78097721997102,89.02378657397429,-28.90235210263721,0,-0.5221428989093511,-0.21200524733166315,-0.3101376515776879
2015-09-23,89.68679809570312,91.90304349424116,89.52790191252926,91.8695899870982,116200,2.4053759981728366,93.54214767498802,-6.577239451976846,94.51821212768554,99.32896412403122,89.70746013133987,-41.754385964912274,0,-0.871321890723479,-0.34386857601002635,-0.5274533147134526
2015-09-24,89.552978515625,89.92931925478197,87.80506968877272,88.47412698127759,244700,2.5669632401907503,92.81684419146747,-7.072824629910713,94.42161674499512,99.55554322537662,89.28769026461362,110.58519793459554,0,-1.1456406469291096,-0.5042229901938431,-0.6414176567352665
2015-09-25,88.41559600830078,90.57329934694334,87.93052972957884,90.44785029132848,161300,2.895661509114589,92.01661724907352,-8.499226782431135,94.11176071166992,99.9030837298991,88.32043769344074,-34.08255006129956,0,-1.4382383836069295,-0.6910260688764605,-0.747212314730469
2015-09-28,86.96040344238281,88.27342327753006,86.50042569924676,87.72144998576681,304200,3.296592170132004,91.09730564785703,-9.614029511723853,93.71074638366699,100.30393072393099,87.11756204340298,88.59268443893367,0,-1.7671751810362082,-0.90625589130841,-0.8609192897277982
2015-09-29,88.10618591308594,88.36544908463335,86.56736235567115,87.37859262738476,240200,3.5233848630499276,90.55346569608045,-9.41529202218696,93.40841865539551,100.45518838149536,86.36164892929565,-21.038790269559506,0,-1.913348996959897,-1.1076745124387075,-0.8056744845211894
2015-09-30,89.61154174804688,90.03806603242938,88.35706381330223,89.2770130226607,245500,3.5414339192445636,90.38220679643797,-7.946727500678119,93.39169273376464,100.47456057225376,86.30882489527552,2.206494587843455,0,-1.8859827291885836,-1.2633361557886829,-0.6226465733999007
2015-10-01,88.44066619873047,90.0045838223822,87.41199181278358,89.36061511474801,317100,3.667650073699268,90.0291994150366,-8.266844750345737,93.03583793640136,100.3711380837999,85.70053778900282,29.16496945010183,0,-1.93645241815436,-1.3979594082618183,-0.5384930098925418
2015-10-02,89.43592834472656,89.43592834472656,86.62589686010705,87.1695053187315,188700,3.7100892589269345,89.9213319477075,-4.175597844648104,92.74103622436523,100.1612147422191,85.32085770651136,-40.491958372753075,0,-1.8745322321289564,-1.493273973035246,-0.38125825909371036
2015-10-05,90.57329559326172,91.07508541432114,89.88751468233964,90.51475355381486,295600,3.7241437406128863,90.03987079235372,-2.282796410787147,92.56081123352051,100.00909871474629,85.11252375229473,56.650768415474296,0,-1.7139269243099164,-1.53740456329018,-0.1765223610197364
2015-10-06,90.57329559326172,91.49324466197127,90.31403252090809,90.73219176855822,225900,3.5951053114215963,90.13685711979153,-0.6513019427672573,92.23882827758788,99.42903890043108,85.04861765474469,-23.579161028416785,0,-1.5685646241746696,-1.543636575467078,-0.024928048707591577
2015-10-07,92.17903137207033,92.81463525505475,90.37258024588428,91.34271282415548,284200,3.4844769515675567,90.50816152929676,2.7788184317916853,92.04772911071777,99.01668301385288,85.07877520758265,25.807879592740157,0,-1.3087085192158554,-1.4966509642168335,0.18794244500097812
2015-10-08,93.22440338134766,93.81818861797124,91.20051459500772,91.67721577824648,234200,3.3474804027686638,91.00202368421509,4.099723902630514,91.89049987792968,98.585460683467,85.19553907239236,-17.593244194229417,0,-1.00681199727768,-1.3986831708290028,0.39187117355132295
2015-10-09,94.93052673339844,95.08942292969344,92.93172577593278,93.87676350349372,221800,3.240843364590366,91.7162969658848,7.368531140689272,91.8056137084961,98.28730043767683,85.32392697931536,-5.294619982920579,0,-0.6227087340881354,-1.2434882834808294,0.620779549392694
2015-10-12,93.57566833496094,94.955595016345,93.29968172256346,94.955595016345,198600,3.1030131666383585,92.054364487535,7.607215043524018,91.67389373779297,97.87992007106968,85.46786740451626,-10.459873760144278,0,-0.4227566054350689,-1.0793419478716773,0.6565853424366084
2015-10-13,91.59361267089844,93.77640478469353,91.5099820848222,92.839732011672,230400,2.8106585655955567,91.9705914299647,3.958208747400249,91.39038124084473,97.01169837203585,85.76906410965361,16.012084592145026,0,-0.419393918233979,-0.9473523419441376,0.5279584237101587
2015-10-14,90.83255767822266,92.6222788539822,90.5063939561378,91.97831638183116,239900,2.436543615426005,91.76367620237524,1.3625654757830175,91.06463508605957,95.93772231691158,86.19154785520756,4.123263888888884,0,-0.47269085595958416,-0.852420044747227,0.37972918878764284
2015-10-15,90.57329559326172,91.20889305565522,89.19336879989551,90.8074637510492,206900,2.086980894391945,91.54724336435459,2.411367401664677,90.77276000976562,94.9467217985495,86.59879822098173,-13.75573155481451,0,-0.5297428013430903,-0.7878845960663997,0.25814179472330945
2015-10-16,88.8504867553711,90.59839595668772,88.18979429214458,90.472946889892,156200,2.037660512869361,91.05692398090304,-0.6545932939823862,90.5486270904541,94.62394811619282,86.47330606471539,-24.50459159014017,0,-0.7058367079984293,-0.7714750184528057,0.0656383104543764
2015-10-19,87.50399780273438,88.92574300708401,87.28655959808842,88.29013919360295,323900,2.080391403864701,90.41093740305419,-3.3887447402937254,90.2893669128418,94.4501497205712,86.1285841051124,107.36235595390524,0,-0.9431705204544443,-0.8058141188531335,-0.1373564016013108
2015-10-20,87.9974136352539,88.95081599859746,87.31999784566831,87.47052901615191,244500,2.130145703728234,89.97211489981777,-2.8439750824297616,90.13088417053223,94.39117557798869,85.87059276307576,-24.513738808274155,0,-1.079006625961668,-0.8604526202748405,-0.21855400568682748
2015-10-21,88.01416778564453,89.01775393524117,87.88871871936938,88.59122966214748,141800,2.18073243209723,89.61612451542263,-4.518233186476861,90.0472526550293,94.40871751922376,85.68578779083484,-42.00408997955011,0,-1.1717980399209296,-0.9227217042040583,-0.24907633571687127
2015-10-22,89.21009063720703,89.85405943927339,88.14796897618044,88.33196006248512,212300,2.186163902724723,89.54230017392888,-4.306075017417388,90.0301082611084,94.40243606655784,85.65778045565895,49.7179125528914,0,-1.135742788739634,-0.9653259211111735,-0.17041686762846053
2015-10-23,90.9329071044922,91.34270135494654,89.82896701508213,89.91259758325192,233500,2.160634565187235,89.79513779766766,-4.21110022925828,90.15597381591797,94.47724294629245,85.8347046855435,9.985869053226558,0,-0.957118782147603,-0.9636844933184595,0.00656571117085647
2015-10-26,90.02132415771484,90.97472675133292,89.68679547665849,90.91618471069334,297900,2.026618800630575,89.83626259040352,-3.7983636563759915,90.30901985168457,94.36225745294571,86.25578225042342,27.580299785867247,0,-0.878982729635851,-0.9467441405819379,0.0677614109460869
2015-10-27,92.10376739501952,92.22085149146196,89.28537772702055,90.1216963476692,484200,1.9948103721558148,90.24853619124279,0.5569763100775393,90.50889892578125,94.49851967009289,86.51927818146962,62.53776435045317,1,-0.641627299425565,-0.8857207723506634,0.24409347292509842
2015-10-28,94.2614517211914,94.46216636259554,92.12884350233934,92.83971290862335,319500,2.149680752752555,90.97815719668799,3.7749614572295975,90.74139442443848,95.04075592994359,86.44203291893338,-34.01486988847584,0,-0.2762301095727082,-0.7638226397950724,0.48759253022236415
2015-10-29,95.18978881835938,95.32360286551446,93.85168024983324,93.85168024983324,181900,2.2943723937736387,91.74390840062824,5.096969470812884,91.07885055541992,95.66759534296719,86.49010576787265,-43.06729264475744,0,0.08725304247437293,-0.5936075033411834,0.6808605458155563
2015-10-30,100.30802917480467,101.20288959185272,94.98904373384156,95.89226912131144,652200,3.0486162928540983,93.30102126866032,12.895306303700082,91.62245559692383,97.71968818263203,85.52522301121563,258.5486531061023,1,0.779331631145368,-0.31901967644387313,1.098351307589241
2015-11-02,101.26143646240234,101.97230584775674,98.60194361483626,100.60910911159236,343100,3.7182661661890903,94.74836948570433,15.722068711285853,92.15686264038087,99.59339497275904,84.72033030800269,-47.3934375958295,0,1.3887324556828844,0.02253074998147836,1.366201705701406
2015-11-03,101.72142028808594,101.84686934343692,100.09060171033532,100.84328966183716,298100,4.263946816117491,96.01619690431917,15.595920477523961,92.71426887512207,101.24216250735705,84.1863752428871,-13.115709705625179,0,1.8870510996835463,0.395434819921892,1.4916162797616543
2015-11-04,100.66766357421876,102.31520571568348,99.7309845252659,102.1144910554093,504700,4.615823874596877,96.86191811702818,14.376657880116973,93.13870048522949,102.37034823442325,83.90705273603574,69.30560214693055,1,2.171906469236717,0.750729149784857,1.4211773194518598
2015-11-05,108.83010864257812,109.7166040328343,100.9436201348442,101.67121938080696,820100,5.7985788364308,99.03795275803725,21.993047944722232,93.91898574829102,105.51614342115262,82.32182807542942,62.49256984347138,1,3.0214679013285775,1.2048769000936013,1.8165910012349762
2015-11-06,107.88507843017578,109.62462231140248,106.13717595860903,109.53262677283546,439100,6.587405539420552,100.64652106206242,18.64250452941487,94.56671333312988,107.74152441197099,81.39190225428878,-46.45774905499329,0,3.5772590018205364,1.6793533204389883,1.897905681381548
2015-11-09,106.69751739501952,107.85164102627704,105.21723005421632,107.69273846705084,319500,7.115769788356297,101.74670221350917,18.524714442200874,95.22280578613281,109.4543453628454,80.99126620942022,-27.237531314051466,0,3.8772071717454253,2.118924090700276,1.7582830810451493
2015-11-10,107.1825714111328,107.6759962145917,105.35939700641111,106.68914022707074,407200,7.538545103748762,102.73504206762254,16.371538800842433,96.00225372314453,111.07934393064205,80.92516351564701,27.449139280125202,0,4.10671836973269,2.5164829465067586,1.590235423225931
2015-11-11,109.20645904541016,109.61625965860422,107.00693755286424,108.0188884395978,543400,7.981916574248345,103.9116633363112,15.854845274846197,96.9209487915039,112.8847819400006,80.95711564300721,33.44793713163065,1,4.401184351861829,2.893423227577773,1.5077611242840563
2015-11-12,107.04041290283205,108.83849911982496,107.04041290283205,108.0439990237744,310500,8.14041705551897,104.48052689386043,12.449469876528418,97.74430465698242,114.02513876802035,81.46347054594449,-42.85977180714022,0,4.40894536521192,3.1965276551046027,1.2124177101073177
2015-11-13,106.62224578857422,107.11567703079082,105.54339413756225,106.63897573202776,278800,8.088287431218637,104.86993032926293,6.294826710996282,98.63289260864258,114.80946747107986,82.4563177462053,-10.209339774557169,0,4.331423479203963,3.4235068199244747,0.9079166592794881
2015-11-16,109.93405151367188,110.04277698963948,106.52187727895206,107.12402116935928,315300,8.018714969081813,105.7906796355191,8.564578337272177,99.75439529418945,115.79182523235308,83.71696535602582,13.09182209469153,0,4.485515637989522,3.6359085835374847,0.8496070544520373
2015-11-17,110.1849594116211,111.94959190961032,109.33191099142536,110.43585750711482,312800,7.839346428358576,106.58963959481036,8.320311591762586,100.86377258300782,116.54246543972496,85.18507972629067,-0.7928956549318134,0,4.575141570344641,3.823755180898916,0.7513863894457251
2015-11-18,109.91730499267578,110.8958086063757,108.95554407885294,110.39401253582211,416600,7.471061471548732,107.19466966714953,9.188294522836093,101.95892944335938,116.90105238645684,87.01680650026192,33.1841432225064,0,4.571871602782849,3.9733784652757027,0.5984931375071465
2015-11-19,112.1335906982422,112.2506747826877,109.2315643610483,110.72021033237328,376700,7.164366974333485,108.09265530916636,3.0354486427220495,103.10510444641113,117.4338383950781,88.77637049774417,-9.57753240518483,0,4.6940062816012045,4.117504028540804,0.5765022530604007
2015-11-20,112.50154113769533,114.1992662635136,111.66522283882112,113.15386838992085,271700,6.852219250091906,108.89427091435344,4.279055801500253,104.18353614807128,117.8879746482551,90.47909764788747,-27.873639500929126,0,4.765555067508117,4.247114236334267,0.5184408311738506
2015-11-23,111.79071807861328,113.37973125085482,111.13003192656852,112.9615719046666,194500,6.180235505884366,109.42089767149159,4.773495024010277,105.27200584411621,117.63247685588495,92.91153483234747,-28.41369157158631,0,4.710599654972711,4.339811320061956,0.37078833491075525
2015-11-24,112.3615264892578,112.36991646305972,110.1201609994794,111.98375991312687,272600,5.534822139515254,109.95555745653998,4.831900382627952,106.28489379882812,117.35453807785863,95.21524951979761,40.15424164524421,0,4.659395946798682,4.403728245409301,0.2556677013893811
2015-11-25,111.06034088134766,112.9071466664852,110.47272260550176,112.36150386943925,215900,4.845955816848983,110.15642717014137,1.6975935783858809,107.12483825683594,116.81674989053391,97.43292662313797,-20.79970652971387,0,4.462382269999438,4.415459050327328,0.04692321967210944
2015-11-27,111.4549331665039,111.883052484464,110.11179414718612,111.48011590231783,106000,4.034450582778503,110.39251916948001,4.124162214956351,107.93809547424317,116.00699663980018,99.86919430868616,-50.90319592403891,0,4.288650913260355,4.390097422913934,-0.10144650965357904
2015-11-30,109.90191650390624,111.50528547679929,109.33948078857593,111.50528547679929,305400,3.629525024683716,110.30331868483023,3.0759722711481974,108.41778984069825,115.67683989006568,101.15873979133082,188.11320754716982,0,3.979775718647744,4.308033082060696,-0.328257363412952
2015-12-01,112.27758026123048,112.3783111875929,109.48218177258532,110.12856843802624,332700,3.3079839893081773,110.66227533508481,2.1317587365250024,108.96859703063964,115.584565009256,102.35262905202329,8.93909626719056,0,3.881937552870042,4.222813976222565,-0.34087642335252344
2015-12-02,110.14537048339844,111.96699414041116,109.70884841715036,111.96699414041116,207600,2.8398246941216403,110.56829263477819,-0.035929521083510885,109.38979454040528,115.06944392864855,103.710145152162,-37.60144274120829,0,3.5909543062043667,4.096442042218926,-0.5054877360145591
2015-12-03,109.21353912353516,111.15268590989284,108.23136155804558,110.27125205906164,309100,1.9672500109887057,110.32197381455218,-0.6402684901958944,109.8170883178711,113.75158833984851,105.88258829589368,48.89210019267822,0,3.2477192972754665,3.9266974932302343,-0.6789781959547678
2015-12-04,111.71514892578124,112.05092723281707,108.47483830731233,109.39824786534284,259000,1.9966249394658129,110.57527838023019,-0.37316362550720017,109.96134033203126,113.95459021096288,105.96809045309963,-16.208346813329022,0,3.14135055031916,3.7696281046480196,-0.6282775543288595
2015-12-07,111.25342559814452,111.71513030018252,110.03621342667653,111.71513030018252,260400,1.9538766397877008,110.69857787439642,-1.109420837198305,110.12975769042968,114.03751097000509,106.22200441085428,0.540540540540535,0,2.9853817161650795,3.6127788269514314,-0.6273971107863519
2015-12-08,109.61649322509766,110.57347540935042,109.14639851130616,109.86833333866318,335100,1.7857946855194455,110.50183521088755,-1.9449064205730116,110.2757064819336,113.8472958529725,106.7041171108947,28.686635944700466,0,2.6985809677253343,3.4299392551062122,-0.7313582873808779
2015-12-09,108.00475311279295,110.37201984788996,107.836863944416,109.21357561970312,294500,1.7190593513961234,110.04782028396124,-3.877460116992415,110.3168155670166,113.75493426980886,106.87869686422435,-12.115786332438084,0,2.3145546063681763,3.206862325358605,-0.8923077189904287
2015-12-10,107.85360717773438,108.81058920172774,107.23240978074338,107.92076538404666,198300,1.7901944847886913,109.64887244646545,-2.88737966961512,110.24917297363281,113.8295619432102,106.66878400405542,-32.66553480475382,0,1.9752453357689461,2.9605389274406737,-0.9852935916717276
2015-12-11,106.25865936279295,107.12330060035175,105.83053373090728,106.35939028472362,211100,1.8706687564450475,109.03247006761589,-4.662219657830824,110.21008529663087,113.95142280952096,106.46874778374077,6.454866364094802,0,1.5596625164634617,2.6803636452452317,-1.12070112878177
2015-12-14,106.11595916748048,106.80431492740831,104.84837495429316,106.3845856492923,303000,1.9244286978510121,108.50219535850036,-3.4448510607102967,110.18477096557618,114.0336283612782,106.33591356987415,43.533870203694924,0,1.204906018333503,2.385272119862886,-1.180366101529383
2015-12-15,106.57764434814452,107.2743964007308,105.96484326444605,106.96379446770132,351400,2.0869307504552443,108.1522769929811,-5.076646557419762,110.0169506072998,114.1908121082103,105.84308910638931,15.97359735973598,0,0.9500613573634809,2.0982299673630047,-1.1481686099995239
2015-12-16,107.92918395996094,108.65110596294878,106.39296698513242,107.6353683654873,212800,2.1377119551140495,108.11171462334107,-2.012055989018202,109.9041618347168,114.1795857449449,105.6287379244887,-39.44223107569721,0,0.8473849526188957,1.848060964414183,-1.0006760117952873
2015-12-17,106.60287475585938,108.72671097016172,106.53572291709864,107.98798310273044,222800,2.2615258810486667,107.83738010198076,-2.390421909798901,109.73844032287597,114.26149208497331,105.21538856077863,4.699248120300759,0,0.6514812237582674,1.6087450162830002,-0.9572637925247327
2015-12-18,105.3100814819336,106.72876860141268,104.84838308294788,106.60284852730346,491100,2.392104223489476,107.37787126197217,-5.733392029135542,109.39726486206055,114.1814733090395,104.6130564150816,120.42190305206462,1,0.38744230067671026,1.3644844731617423,-0.977042172485032
2015-12-21,106.82112121582033,107.41713613342796,105.68785323432512,106.2838681519328,281600,2.3408018876898993,107.27664398085365,-3.9839711527930755,109.1132438659668,113.79484764134659,104.431640090587,-42.659336184076565,0,0.29669768386386863,1.1509271153021676,-0.854229431438299
2015-12-22,107.2408218383789,107.64375832605172,105.84731767415715,107.19045637855982,223700,2.287376506542888,107.27013086404006,-2.1672572409703883,108.88574905395508,113.46050206704086,104.3109960408693,-20.56107954545454,0,0.255700695466885,0.9718818313351112,-0.7161811358682262
2015-12-23,107.8032684326172,109.0624562924098,107.17367450272089,108.19781498674858,139200,2.145516550013654,107.36706496741772,-0.18655167885559543,108.65783615112305,112.94886925115036,104.36680305109574,-37.773804202056326,0,0.2655341144060088,0.8306122879492908,-0.5650781735432819
2015-12-24,108.66793823242188,109.44864157094692,107.53467654692538,107.8284794391098,67500,2.0698776675374124,107.60358737923666,0.7550336757356169,108.53821601867676,112.67797135375159,104.39846068360194,-51.508620689655174,0,0.3391888384662991,0.7323275980526924,-0.3931387595863933
2015-12-28,107.69415283203124,109.09606015707756,106.30065469652948,108.55040430725528,132800,1.9588061337033664,107.62005382519929,1.350942575265468,108.35017700195313,112.26778926935987,104.43256473454639,96.74074074074075,0,0.3153492445967174,0.6489319273614975,-0.3335826827647801
2015-12-29,108.6930923461914,109.43181998867536,107.86203655751822,108.6259341233182,134200,1.9267936357207123,107.81515173810695,2.428600937059322,108.28973579406738,112.14332306550881,104.43614852262596,1.0542168674698704,0,0.37276525913792113,0.5936985937167822,-0.2209333345788611
2015-12-30,107.14849853515624,108.48323467661687,106.91345114455144,108.44125918348271,135700,1.695540367174208,107.69394206484318,0.5356228226878201,108.03328170776368,111.4243624421121,104.64220097341526,1.1177347242921076,0,0.2902858182641097,0.5330160386262478,-0.2427302203621381
2015-12-31,106.48532104492188,107.862039027101,105.4779732970024,106.66160658057974,260700,1.652553856444867,107.47419278849384,-1.3377872991004014,107.85027923583985,111.15538694872959,104.54517152295011,92.11495946941784,0,0.16945402555781186,0.46030363601256064,-0.2908496104547488
2016-01-04,104.27752685546876,104.90712067589264,102.70773729090378,104.90712067589264,327200,1.8002283760837694,106.89298080067108,-2.1813181921370273,107.60347862243653,111.20393537460407,104.00302187026898,25.508247027234376,0,-0.10326619210930232,0.34758967038818805,-0.4508558624974904
2016-01-05,106.62803649902344,107.1401067955435,103.97535045573908,104.2775560866218,365800,1.527421992593086,106.84480910946242,1.2514993802525298,107.34912300109863,110.4039669862848,104.29427901591247,11.797066014669921,0,-0.1282540128229357,0.2524209337459633,-0.380674946568899
2016-01-06,107.00578308105467,107.09812403451308,104.99947764602317,105.67104064760362,375600,1.2204296290420262,106.87407710429737,0.17287018066516335,107.13674087524414,109.57760013332819,104.6958816171601,2.6790595954073293,0,-0.11623615056674907,0.17868951688342086,-0.2949256674501699
2016-01-07,104.8399887084961,106.70358790818231,103.50525254927068,105.28490076157122,377900,1.1761818275659295,106.50424285051531,-2.238730633285402,106.89791564941406,109.25027930454591,104.5455519942822,0.6123535676251235,0,-0.27826573948107125,0.08729846561052243,-0.3655642050915937
2016-01-08,106.7959213256836,109.36466252509165,105.89770090334046,107.24083334732634,510300,1.1470080093256787,106.55727530054591,-0.9344309514727311,106.8374740600586,109.13149007870996,104.54345804140723,35.035723736438214,1,-0.24601206629664318,0.02063635922908931,-0.2666484255257325
2016-01-11,106.16632843017578,108.1810239135729,105.578703577051,107.3247789735852,324500,1.1302650960763838,106.48619405138771,-2.302067972335675,106.75311012268067,109.01364031483344,104.4925799305279,-36.40995492847344,0,-0.26816247280180505,-0.03712340717708956,-0.2310390656247155
2016-01-12,108.30695343017578,108.8358036441822,106.76234625766904,106.9218454430012,390500,1.1750175049476175,106.81724121116736,0.5690193775889751,106.8555248260498,109.20555983594504,104.50548981615457,20.338983050847446,0,-0.11169868903461122,-0.0520384635485939,-0.05966022548601732
2016-01-13,103.1778793334961,109.06248063367292,102.1789213589807,107.46751411227596,538400,1.428638659183421,106.15553905159075,-5.074115469204942,106.70862083435058,109.56589815271742,103.85134351598374,37.87451984635084,1,-0.3969970919261101,-0.12103018922409714,-0.27596690270201296
2016-01-14,104.89873504638672,106.19989830373856,101.3897982048456,103.40449991754257,431100,1.4849553396635848,105.92702923246273,-2.09966870233963,106.62467536926269,109.59458604858986,103.65476468993552,-19.92942050520059,0,-0.4787210590671691,-0.19256836319271153,-0.2861526958744576
2016-01-15,103.79903411865234,104.78959530284553,102.2628236847278,102.65737016383449,420100,1.5782460915351508,105.54012102995173,-2.522682844836699,106.41816787719726,109.57466006026756,103.26167569412696,-2.551612154952443,0,-0.6250197277397831,-0.2790586361021259,-0.3459610916376572
2016-01-19,102.24605560302734,104.8651622224054,100.44121841046838,104.78121764696184,428200,1.831732920146248,104.94120004323821,-1.9481390801079246,106.20032691955566,109.86379275984817,102.53686107926316,1.9281123542013834,0,-0.856402785892243,-0.3945274660601493,-0.4618753198320936
2016-01-20,102.39714050292967,103.49682897951796,99.22398230748232,101.60804754165044,462800,2.0130768940688686,104.4786437631821,-3.9679020030838785,106.05467987060547,110.0808336587432,102.02852608246774,8.080336291452594,0,-1.01587387606628,-0.5187967480613755,-0.49707712800490444
2016-01-21,101.91867065429688,103.706715148306,100.99526108012424,102.43913088203696,672600,2.204236732361829,104.01319410702115,-4.754053734557894,105.8095573425293,110.21803080725296,101.40108387780565,45.33275713050995,1,-1.1674072380472325,-0.6485188460585469,-0.5188883919886855
2016-01-22,103.13587188720705,103.86620308830784,102.33838887352968,102.87564180150264,434300,2.254493489916126,103.85368097614585,-1.6254454452749756,105.6043098449707,110.11329682480296,101.09532286513844,-35.42967588462682,0,-1.1757274975090155,-0.7539605763486407,-0.42176692116037484
2016-01-25,102.29640197753906,103.49682775559242,102.05295827099012,102.98475761501696,421900,2.3074551225257576,103.57053934003552,-4.213193998694809,105.3289665222168,109.94387676726832,100.71405627716528,-2.855169237854016,0,-1.2358138759496455,-0.8503312362688417,-0.3854826396808039
2016-01-26,104.74764251708984,105.02466539068708,102.70775787393336,102.70775787393336,192100,2.171385724171018,103.78455809949995,-1.3362861220344358,105.1329517364502,109.47572318479223,100.79018028810816,-54.46788338468831,0,-1.0732661934993644,-0.8949182277149462,-0.17834796578441814
2016-01-27,102.54825592041016,104.53776851472624,101.46535366060864,103.48004898580564,446600,2.1567555062095223,103.55977588511998,-5.317015507668388,104.87565689086914,109.18916790328818,100.5621458784501,132.48308172826654,0,-1.109132709907371,-0.9377611241534313,-0.17137158575393963
2016-01-28,102.79168701171876,103.69830369572554,101.91865583959354,103.23660538031162,368800,2.0053754040644027,103.4201233626834,-0.3742975958335615,104.58058662414551,108.59133743227432,100.5698358160167,-17.4205105239588,0,-1.1051745635140122,-0.9712438120255475,-0.13393075148846467
2016-01-29,107.34996032714844,107.43391130834527,102.81688914318774,103.21142929383387,376800,2.019409886377632,104.13463917440431,2.3367538985839875,104.59065971374511,108.62947948650037,100.55183994098985,2.1691973969631295,0,-0.725855927205572,-0.9221662350615525,0.19631030785598047
2016-02-01,106.37618255615234,107.43390206352002,104.99107474488324,106.31742071710748,346300,2.014161235839475,104.54219251654031,2.4828250661312223,104.58520278930663,108.61352526098558,100.55688031762769,-8.094479830148614,0,-0.4980773770467408,-0.8373484634585902,0.33927108641184933
2016-02-02,104.5797348022461,105.95644614214372,104.2523465204753,105.47795508382026,266100,2.0128647185917106,104.54901838666862,2.2824148916602782,104.60031318664551,108.62604262382892,100.5745837494621,-23.159110597747624,0,-0.45724867706812233,-0.7613285061804966,0.3040798291123743
2016-02-03,105.46118927001952,105.99005232533985,103.52204181267524,105.70463305024356,288700,1.967395182899766,104.71486763818696,2.992318683940387,104.5419708251953,108.47676119099484,100.60718045939578,8.493047726418634,0,-0.349734112110724,-0.6790096273665421,0.3292755152558181
2016-02-04,105.72979736328124,107.4506898802182,104.51258507880598,105.40240905491729,359900,1.9029255369327744,104.89940031547683,3.7393803162047767,104.47817153930664,108.2840226131722,100.67232046544109,24.662279182542424,0,-0.2400860539253813,-0.59122491267831,0.3511388587529287
2016-02-05,105.2513198852539,106.0655957745966,104.48741586841145,105.54513552706204,352300,1.9092541036968096,104.96338569179991,2.051127274475739,104.49873809814453,108.31724630553815,100.68022989075091,-2.111697693803838,0,-0.1896125757718039,-0.5109024452970088,0.3212898695252049
2016-02-08,105.07502746582033,106.14953340860464,103.56400588549008,105.99843061011556,386300,1.837715376389394,104.98368419616726,2.716249481473798,104.41269340515137,108.08812415793017,100.73726265237258,9.650865739426617,0,-0.16197021380263266,-0.4411159989981336,0.27914578519550093
2016-02-09,105.31846618652344,106.34260661572613,103.17785078220534,103.42128811938667,623600,1.80461401761697,105.0445536489593,0.5449513284659036,104.37030029296875,107.97952832820269,100.76107225773481,61.42894123738027,1,-0.11904766515185372,-0.37670233222887767,0.25765466707702395
2016-02-10,108.65953826904295,109.62491066897609,105.47798896625406,105.88932194389452,501200,1.8463350894520874,105.70182357988358,5.959421048931235,104.3879295349121,108.08059971381628,100.69525935600792,-19.627966645285444,0,0.18246204952083644,-0.26486945587893485,0.4473315053997713
2016-02-11,107.81165313720705,108.62592893813397,104.63011093632556,105.42759398005548,544900,1.9728976928161517,106.0854289539424,4.88363044855562,104.61961822509765,108.56541361072996,100.67382283946534,8.71907422186753,0,0.3489707094795307,-0.14210142280724175,0.49107213228677243
2016-02-12,110.22091674804688,110.49793962315712,107.87043010608984,108.5168168146804,463500,2.3377287544702123,106.83733582559776,2.674389829441215,104.88572731018067,109.5611848191211,100.21026980124024,-14.938520829510004,0,0.6676413070699709,0.01984712316820078,0.6477941839017701
2016-02-16,112.77285766601562,112.8819913755955,109.32268253966954,111.32059797223184,402500,2.909458138776117,107.91652161476463,6.013258754126372,105.33441848754883,111.15333476510106,99.5155022099966,-13.160733549083059,0,1.1132771897258351,0.23853313647972765,0.8747440532461075
2016-02-17,113.2093734741211,113.51157904555627,111.42132277570286,112.98271609326468,514400,3.30311814694955,108.87885831646581,8.251731263416495,105.88258438110351,112.48882067500261,99.27634808720441,27.801242236024848,0,1.4845569663594915,0.48773790245568044,0.996819063903811
2016-02-18,111.66477966308594,112.26078805917336,107.92078890226944,110.80852835740666,613400,3.4358191150259816,109.38538947039673,5.8823444302177785,106.34596633911133,113.21760456916329,99.47432810905937,19.245723172628317,0,1.6353121914302449,0.7172527602505934,0.9180594311796515
2016-02-19,111.65637969970705,111.74033068029183,109.39824690778204,110.66582473623671,361500,3.4652454985511145,109.79829678481678,5.6054040433487495,106.83285179138184,113.76334278848407,99.90236079427962,-41.066188457776335,0,1.7341191405873104,0.9206260363179368,0.8134931042693736
2016-02-22,112.93236541748048,113.83059227568695,110.84210887397998,110.90926709965989,472300,3.604736961919947,110.36812744530108,7.297813975730216,107.3226764678955,114.5321503917354,100.11320254405561,30.650069156293224,0,1.8935579854690587,1.1152124261481613,0.7783455593208974
2016-02-23,111.54727172851562,113.93133126772211,110.84211671356384,112.35314487542809,399600,3.5183225895167767,110.58251731497646,6.159640800284971,107.78521995544433,114.82186513447789,100.74857477641078,-15.392758839720521,0,1.8864036467499403,1.269450670268517,0.6169529764814232
2016-02-24,111.5304718017578,112.08451756035925,109.22196061670716,110.47275856098211,372900,3.536970001786728,110.75487267620943,5.898306194692049,108.12436141967774,115.1983014232512,101.05042141610429,-6.681681681681684,0,1.8579607530634092,1.3871526868274955,0.47080806623591376
2016-02-25,112.47905731201172,113.32690584818492,111.05196750958952,111.53046503821555,289700,3.40767216454301,111.06836079180985,3.51512541265504,108.62090148925782,115.43624581834383,101.8055571601718,-22.311611692142662,0,1.890173731727387,1.4877568958074738,0.4024168359199132
2016-02-26,112.10965728759766,113.5199410676326,112.06768181123822,113.38563747604616,265600,3.199365143695794,111.25768742740763,3.986585888745009,109.08680000305176,115.48553029044335,102.68806971566018,-8.318950638591648,0,1.8644035708216649,1.563086230810312,0.3013173400113529
2016-02-29,110.01942443847656,112.73087169547588,109.8095598221025,112.26917978674868,404500,3.1787094656802,111.03254870214744,-0.18280768797350744,109.22027320861817,115.57769213997857,102.86285427725777,52.29668674698795,0,1.6562242878935933,1.5817138422269683,0.07451044566662501
2016-03-01,111.48851013183594,112.16007966711923,110.18734655893522,111.18630448141464,332800,3.143321541193115,111.11545078027262,-1.1388800113440123,109.47588958740235,115.76253266978858,103.18924650501611,-17.72558714462299,0,1.5914385313615895,1.5836587800538926,0.007779751307696925
2016-03-02,110.78067016601562,112.04461634161554,109.9043269507188,111.58958851818537,393300,2.9338000920674214,111.05458157768044,-2.1453199797635603,109.78593635559082,115.65353653972566,103.91833617145598,18.17908653846154,0,1.4660785421458655,1.5601427324722872,-0.09406419032642166
2016-03-03,112.52491760253906,112.5502083568624,110.57844240401276,110.66271063168692,228700,2.8082607901396304,111.321915400382,0.7702857983048261,110.1391227722168,115.75564435249605,104.52260119193754,-41.8510043224002,0,1.4902968242534342,1.5461735508285166,-0.05587672657508236
2016-03-04,112.75243377685548,113.62034253757464,110.78910232218664,110.89022676891496,298700,2.663215482106436,111.5820096506499,0.9816313945483435,110.49025459289551,115.81668555710839,105.16382362868264,30.607783121993883,0,1.5104372606164702,1.5390262927861076,-0.028589032169637374
2016-03-07,111.46321868896484,112.29742794059884,110.46048582238708,112.07833566939703,297400,2.3656806665138297,111.56041129397988,-1.3009084889744393,110.80084953308105,115.53221086610871,106.06948820005339,-0.43521928356210493,0,1.4061604757060024,1.5124531293700865,-0.10629265366408402
2016-03-08,109.60942840576172,111.14300994932488,109.14597884183183,111.14300994932488,267500,1.9726933454025657,111.20568713248566,-1.7372395512014305,111.02756958007812,114.97295627088326,107.08218288927299,-10.053799596503021,0,1.1605568127917962,1.4420738660544286,-0.2815170532626323
2016-03-09,110.9576187133789,111.72441583507012,109.70210703728472,110.06443211339824,304900,1.4465911139698526,111.16058378355716,-0.5136292164146128,111.3095272064209,114.2027094343606,108.41634497848119,13.981308411214943,0,1.0624545166684385,1.3661499961772305,-0.30369547950879205
2016-03-10,111.17672729492188,111.7918442755594,110.29196224426217,111.28627343055932,267200,1.306628316416827,111.16351896744163,-1.1578422225545837,111.43538665771484,114.0486432905485,108.82213002488119,-12.364709740898661,0,0.9909647468183351,1.2911129463054514,-0.30014819948711624
2016-03-11,112.96307373046876,114.54722361901376,111.53060405940286,112.0361876409671,249600,1.033995827288683,111.49071074253747,0.7612336559747135,111.69295768737793,113.7609493419553,109.62496603280056,-6.586826347305386,0,1.066161768183747,1.2461227106811106,-0.1799609424973636
2016-03-14,111.7412567138672,112.9883465394098,110.59527845707764,111.25252936902064,236000,0.9742380729917717,111.5362645555065,1.5650257072136409,111.76897468566895,113.7174508316525,109.8204985396854,-5.448717948717952,0,1.0154599372376225,1.199990155992413,-0.1845302187547906
2016-03-15,113.19058227539062,113.54448562274044,111.12613965375468,111.39577478898713,217200,1.00100263007511,111.83704959548544,1.5266794233252945,111.7898609161377,113.79186617628793,109.78785565598747,-7.966101694915251,0,1.079779801806069,1.1759480851551443,-0.09616828334907535
2016-03-16,114.10063934326172,114.34499661715688,112.28055373536633,113.1821748600506,163100,1.0839276130774338,112.2486113678084,2.996884900832253,111.83442420959473,114.0022794357496,109.66656898343986,-24.907918968692442,0,1.1904648201806793,1.1788514321602515,0.011613388020427884
2016-03-17,115.92914581298828,116.3925953197205,113.40125343902218,114.11748189713062,312200,1.417035585140965,112.91779944875017,3.0253105560793525,112.04764251708984,114.88171368737177,109.21357134680791,91.41630901287554,0,1.4094810649801985,1.224977358724241,0.18450370625595758
2016-03-18,116.72126007080078,117.49647911664276,115.50786926599424,115.50786926599424,344100,1.7555741440364285,113.60933774366846,3.5199473403827897,112.30088653564454,115.8120348237174,108.78973824757168,10.217809096732866,0,1.6282011284522895,1.3056221126698508,0.32257901578243864
2016-03-21,116.1482391357422,117.67339899395432,115.64266831476124,116.21565115004503,226100,1.9526639723809904,114.07095617859096,4.203198599396973,112.46168022155761,116.3670081663196,108.55635227679564,-34.29235687300204,0,1.7352969311855446,1.3915570763729896,0.343739854812555
2016-03-22,115.9375457763672,116.70434273865052,115.48253089159164,116.12292554433728,171900,2.0866342622543694,114.41033610545936,5.773333063264885,112.68119392395019,116.85446244845893,108.50792539944145,-23.971693940734184,0,1.7826209880641954,1.469769858711231,0.31285112935296455
2016-03-23,116.61166381835938,118.0272901016336,115.33929607086812,115.33929607086812,262100,2.242652505132203,114.81057750780481,5.095679927653962,112.93525352478028,117.42055853504469,108.44994851451587,52.47236765561374,0,1.853159269731293,1.5464477409152435,0.3067115288160496
2016-03-24,115.71852111816406,116.36735061263582,114.10909276192272,115.97973468076812,230400,2.3234963688033803,114.97565816423376,4.085201942663796,113.09722671508788,117.74421945269465,108.45023397748112,-12.094620373903087,0,1.816057830341137,1.6003697588004222,0.2156880715407148
2016-03-28,115.48255920410156,116.52741321698063,114.80003028084312,116.52741321698063,162100,2.369985192970858,115.06782198966427,2.2303620027588122,113.26587181091308,118.0058421968548,108.52590142497137,-29.64409722222222,0,1.7474707626847135,1.6297899595772805,0.11768080310743301
2016-03-29,116.43470764160156,116.9992815431015,114.69889040183617,115.18761776621592,513100,2.341435384479526,115.31634665365287,4.2002847164613,113.58663597106934,118.26950674002839,108.90376520211029,216.533004318322,1,1.7497751205016527,1.653786991762155,0.09598812873949769
2016-03-30,116.67066955566406,118.55815437272572,116.45157731259368,117.04985085498264,273200,2.383390617024797,115.56258718129126,3.0745378372614596,113.84574394226074,118.61252517631033,109.07896270821115,-46.75501851490937,0,1.7504632444657489,1.6731222423028738,0.0773410021628751
2016-03-31,115.38988494873048,117.909343273481,115.01070359076924,116.7043871803443,371600,2.2925269553772236,115.53118677537111,1.129919703245652,114.07620468139649,118.66125859215094,109.49115077064204,36.01756954612006,0,1.6288832220102734,1.6642744382443537,-0.03539121623408037
2016-04-01,115.82807159423828,116.3841983241771,114.18493073512418,114.59782458476526,298200,2.29386965336707,115.58516583334695,-0.08718620157268653,114.24136238098144,118.82910168771558,109.6536230742473,-19.752421959095802,0,1.5500205069416637,1.641423651983816,-0.09140314504215219
2016-04-04,116.19882202148438,116.6875495959718,114.94330992778656,115.8533530467428,232800,2.3055514468287344,115.69673968573557,-0.4475945933067438,114.41368179321289,119.02478468687036,109.80257889955541,-21.93158953722334,0,1.5001449607629098,1.6131679137396349,-0.11302295297672504
2016-04-05,115.73538208007812,116.59485651013988,115.01914053083031,115.28035410413511,221100,2.2138900286749448,115.70376557561603,-0.35545700798922386,114.62728996276856,119.05507002011845,110.19950990541867,-5.025773195876293,0,1.4070034411003007,1.571935019211768,-0.1649315781114673
2016-04-06,118.5497589111328,118.62559261626237,115.2382123543248,115.51628213066203,351600,2.043413355542684,116.22121890934635,2.2531209516926554,115.07430648803711,119.16113319912247,110.98747977695174,59.02306648575306,0,1.5425037818350518,1.5660487717364249,-0.023544989901373103
2016-04-07,117.07511901855467,118.22109735830146,115.58365898386018,117.732369978076,437300,1.8427691796467063,116.37647347465696,0.39743468622246425,115.3801815032959,119.06571986258932,111.69464314400248,24.37428896473266,1,1.5134515356314608,1.5555293245154322,-0.0420777888839714
2016-04-08,117.47957611083984,118.37276263714593,116.91501505850536,118.11997084389286,354500,1.6103661240477845,116.57703759032657,1.5218436734751428,115.6953239440918,118.91605619218737,112.47459169599622,-18.93436999771324,0,1.5057068767581399,1.5455648349639737,-0.03985795820583382
2016-04-11,117.2015380859375,118.64244269647214,115.39830833129382,115.71009053212777,335500,1.5074824398516025,116.6905831349831,1.4885181742446907,115.90724716186523,118.92221204156843,112.89228228216203,-5.359661495063472,0,1.460300399850837,1.5285119479413465,-0.06821154809050944
2016-04-12,119.07218170166016,119.77998863890512,116.42632093931536,117.72397984845952,267500,1.3209202133820241,117.1236010561971,2.2651957594783667,116.27379341125489,118.91563383801893,113.63195298449084,-20.268256333830102,0,1.5573090565212766,1.5342713696573327,0.023037686863943918
2016-04-13,120.61418151855467,120.9175291442979,118.97947558302334,120.20972230340595,274200,1.4460301503703386,117.75825204935302,3.3800371403621243,116.64497337341308,119.53703367415376,113.7529130726724,2.5046728971962695,0,1.7385744104567067,1.5751319778172077,0.16344243263949898
2016-04-14,121.01863861083984,121.1197630559981,119.1564316318122,120.7658596417602,348400,1.6220752948095911,118.35104960598697,4.878030396347399,116.99087333679199,120.23502392641117,113.74672274717281,27.06053975200584,0,1.8930429952840626,1.6387141813105788,0.25432881397348384
2016-04-15,120.47093200683594,120.95965943606052,119.24068532533596,120.6563118199048,331500,1.7762110605267851,118.7364827697777,4.008406898858019,117.21796264648438,120.77038476753795,113.66554052543081,-4.850746268656714,0,1.9488005563503918,1.7007314563185414,0.24806910003185045
2016-04-18,121.29668426513672,121.29668426513672,119.65355700453694,119.65355700453694,255800,1.9905846822252005,119.20197395075205,4.387189263166347,117.44673385620118,121.42790322065157,113.46556449175078,-22.835595776772244,0,2.036148676863945,1.7678149004276222,0.26833377643632295
2016-04-19,121.73484802246094,122.4173767748719,120.88379571572382,121.54946825544523,394100,2.1815909789133143,119.66249650924456,5.183778577092135,117.7260643005371,122.08924625836373,113.36288234271048,54.0656763096169,0,2.116333074695433,1.8375185352811845,0.2788145394142485
2016-04-20,121.38937377929688,121.692721338587,120.47090942332984,121.66744344677316,219800,2.284528756928588,119.97647419470862,2.3952936676089776,117.9986557006836,122.56771321454077,113.42959818682642,-44.227353463587924,0,2.127478653887124,1.8955105590023724,0.23196809488475156
2016-04-21,121.12816619873048,121.85282913342036,120.31923504889257,121.22085609238351,213700,2.3621189302425987,120.18587274089441,3.4619201877842842,118.22448081970215,122.94871868018735,113.50024295921695,-2.775250227479531,0,2.0911291023381153,1.934634267669521,0.15649483466859437
2016-04-22,121.5073699951172,121.85285174078712,120.31925737173144,120.81641936130416,270900,2.393351533749425,120.4261449689349,3.428505632738421,118.5139232635498,123.30062633104865,113.72722019605095,26.766495086569964,0,2.069069453373743,1.9615213048103655,0.10754814856337735
2016-04-25,120.5046157836914,121.7854180903702,119.79680905797072,120.90065325445704,167800,2.320924676801284,120.44041238979972,2.8182886945834706,118.7650260925293,123.40687544613186,114.12317673892673,-38.05832410483573,0,1.9482153246027423,1.9588601087688409,-0.010644784166098598
2016-04-26,121.65904235839844,122.05507987387318,120.29397168180478,120.95965723229466,256800,2.338773837033359,120.66198147499948,2.172514704752593,119.02624282836913,123.70379050243585,114.34869515430242,53.03933253873658,0,1.9234181661450975,1.9517717202440923,-0.02835355409899476
2016-04-27,123.37802124023438,123.78248049312415,120.8922625276923,121.81072717056765,262300,2.460928576637522,121.15580688686036,2.2914716054799333,119.36161041259766,124.2834675658727,114.43975325932261,2.141744548286595,0,2.0191974181421557,1.965256859823705,0.05394055831845068
2016-04-28,122.31627655029295,123.36113039846812,121.58317909186854,123.0240832585776,283200,2.3577857980575545,121.36680137112083,1.0722628797915412,119.70792999267579,124.4235015887909,114.99235839656068,7.9679756004575,0,1.9865297637497576,1.9695114406089158,0.01701832314084184
2016-04-29,121.98770141601562,122.5775405829302,120.9933900853343,121.89501148567692,321500,2.2227404623288267,121.47969228837442,1.2590335144859743,120.01591148376465,124.46139240842231,115.570430559107,13.524011299435035,0,1.9120858099814342,1.9580263144834196,-0.04594050450198539
2016-05-02,122.99878692626952,123.15888879384892,121.7769751554323,122.12244392189471,238700,2.126107462523134,121.75589131344626,1.4032557208342622,120.35590972900391,124.60812465405019,116.10369480395764,-25.75427682737169,0,1.912627017277444,1.9489464550422246,-0.03631943776478064
2016-05-03,122.98196411132812,123.4201357325047,121.66746210532416,122.01294382312734,252200,1.9030109689286245,121.97881364033387,1.0244528244180984,120.7182388305664,124.52426076842366,116.91221689270915,5.655634687892763,0,1.8899127298669924,1.9371397100071783,-0.04722698014018589
2016-05-04,122.291015625,122.8639984138175,120.78269924953594,122.0719233819013,366900,1.8620734877742056,122.03557763754588,0.7427683475346392,120.90530166625976,124.62944864180817,117.18115469071135,45.47977795400475,0,1.7954607709652066,1.9088039221987843,-0.11334315123357763
2016-05-05,127.3468017578125,129.26799902621937,122.34999423801165,122.68705428533588,461800,2.1450835685285936,123.00125475032162,5.133930244497664,121.41888580322265,125.70905294027983,117.12871866616547,25.865358408285633,1,2.104309431754075,1.9479050241098426,0.15640440764423236
2016-05-06,130.7763214111328,132.14139229891595,127.78497895471506,128.06304871227223,724500,2.8156475868009117,124.41490323410547,7.628303876866149,122.0837230682373,127.71501824183913,116.45242789463548,56.886097877869204,1,2.5958840593406762,2.0775008311560095,0.5183832281846668
2016-05-09,130.0684814453125,130.76786650190255,128.56859975781444,130.20330544941956,320700,3.0973017110510055,125.44282654523401,7.936513966227188,122.72707023620606,128.92167365830807,116.53246681410405,-55.73498964803313,0,2.894972285283629,2.240995121981533,0.6539771633020957
2016-05-10,131.59364318847656,132.25089414739122,130.08533979751212,130.8100027595879,601800,3.551803364978656,126.56115684400538,8.165937062706385,123.35314331054687,130.45675004050418,116.24953658058956,87.65201122544435,1,3.217974854519454,2.4363910684891175,0.7815837860303367
2016-05-11,129.48709106445312,132.62167909441774,128.9478077935736,131.85488187655747,300200,3.7407979227993247,127.09314488408678,4.951505756704866,123.79678878784179,131.27838463344045,116.31519294224314,-50.116317713526094,0,3.2663234233203724,2.6023775394553685,0.6639458838650039
2016-05-12,129.44496154785156,130.44769442876446,128.35797328702608,129.90841113871818,307100,3.8832393158166294,127.5207479138622,5.828075542037525,124.21810493469238,131.98458356632563,116.45162630305911,2.2984676882078725,0,3.263619538027271,2.7346259391697494,0.5289935988575216
2016-05-13,128.28211975097656,129.9083910503703,127.1192851132582,129.3016958356934,317000,3.879335149706261,127.65917915697389,5.159879448416715,124.60866432189941,132.36733462131193,116.8499940224869,3.2237056333441982,0,3.1315465553486206,2.814010062405524,0.3175364929430966
2016-05-16,129.99266052246094,130.91954671223388,128.32424223732292,129.0826176917109,289900,3.9747412091133567,128.08344849615335,5.6861321733065795,125.04346313476563,132.99294555299235,117.09398071653892,-8.548895899053633,0,3.1288368264128223,2.8769754152069837,0.2518614112058386
2016-05-17,129.69775390625,130.5993751917576,128.8045671590359,129.81572172460793,257700,4.0243854125587974,128.37695857071637,5.460792436883244,125.44160842895508,133.49037925407268,117.39283760383748,-11.107278371852358,0,3.0675322451680955,2.9150867811992063,0.15244546396888925
2016-05-18,130.04322814941406,131.25661870084102,128.711869786461,129.32698674245236,308900,4.030983422196077,128.67991667593412,6.33915131442353,125.87430114746094,133.9362679918531,117.81233430306878,19.868063639891353,0,3.0121031568080383,2.934490056320973,0.07761310048706527
2016-05-19,129.79885864257812,130.24546485009924,128.5349122880609,129.3438436122639,156500,3.959299704549726,128.88336066986938,1.9254954587936357,126.30783576965332,134.22643517875278,118.38923636055387,-49.336354807381035,0,2.9148559826836618,2.930563241593511,-0.01570725890984903
2016-05-20,130.2033233642578,131.02067632252098,129.31013671482214,130.2033233642578,271500,3.8810904636645867,129.1233538870309,-0.4381512193431525,126.74263343811035,134.50481436543953,118.98045251078118,73.48242811501598,0,2.8377124367922164,2.911993080633252,-0.0742806438410355
2016-05-23,129.86622619628906,130.54875493685122,129.25953112522876,130.54875493685122,271500,3.64660173847593,129.25842157962327,-0.15549904694510674,127.21071395874023,134.5039174356921,119.91751048178837,0.0,0,2.7180427912923477,2.8732030227650713,-0.15516023147272362
2016-05-24,127.70915985107422,128.13047537597618,125.18126670166252,125.95648572457858,454000,3.4047457220755417,128.976737628978,-2.951877646429124,127.51321983337402,134.32271127752512,120.70372838922295,67.21915285451196,0,2.421236006837532,2.7828096195795635,-0.3615736127420317
2016-05-25,128.35165405273438,129.08716522992958,127.92048165224028,128.12338707012478,238500,3.265608902483855,128.86308606966097,-0.8768727464528281,127.76190147399902,134.29311927896674,121.23068366903131,-47.4669603524229,0,2.212355744427427,2.6687188445491365,-0.45636310012170966
2016-05-26,130.38067626953125,130.43139940662147,128.7236473574311,128.7236473574311,258400,3.0484789309294857,129.13901156054646,0.7228668543686645,128.16512145996094,134.26207932181993,122.06816359810198,8.34381551362684,0,2.185350408045167,2.572045157248343,-0.3866947492031758
2016-05-27,130.76107788085938,131.18378777750664,129.73812715501904,130.12701303588844,318300,2.727068183428308,129.43393270969426,1.932426853169411,128.60379028320312,134.05792665005976,123.14965391634651,23.18111455108358,0,2.169633530494991,2.491562831897673,-0.32192930140268183
2016-05-31,129.69589233398438,131.4543675774185,128.5799316813856,131.1415533883855,247200,2.393359012375425,129.48156173229245,-0.22829611093718727,128.93864555358886,133.7253635783397,124.151927528838,-22.337417530631477,0,2.047622502686508,2.4027747660554404,-0.35515226336893235
2016-06-01,132.40963745117188,132.53645815404096,129.1970527131287,129.1970527131287,320300,2.0641916934471642,130.01393913572508,2.09092560452675,129.41002922058107,133.5384126074754,125.28164583368674,29.571197411003247,0,2.1451761796755875,2.35125504877947,-0.2060788691038824
2016-06-02,132.5111541748047,132.70559719026576,131.80099147035654,132.30824870209275,374300,1.3508461170573718,130.46797823373956,1.897773579224804,129.9210361480713,132.62272838218604,127.21934391395655,16.859194505151432,0,2.2052588711713526,2.3220558132578466,-0.11679694208649405
2016-06-03,133.22970581054688,133.576331031395,132.25747818142736,132.43500911887853,335200,1.4003966288185827,130.97011052043177,2.6432028785523753,130.215181350708,133.01597460834518,127.41438809307084,-10.44616617686348,0,2.284521408144087,2.3145489322350947,-0.030027524091007507
2016-06-06,133.93142700195312,134.37949854368378,132.9422872079392,133.44954433824185,314600,1.6264098766535238,131.5085316988902,2.8632937634514466,130.37293663024903,133.62575638355608,127.12011687694198,-6.14558472553699,0,2.376565013256055,2.326952148439287,0.04961286481676819
2016-06-07,133.6778564453125,134.84454061123168,133.1536999766081,134.23583695075996,337900,1.7835121365098452,131.90295438005788,2.9350435141329623,130.55340538024902,134.1204296532687,126.98638110722933,7.406230133502856,0,2.401367736238484,2.3418352659991264,0.05953247023935759
2016-06-08,137.61744689941406,138.03170728423785,133.6608880569349,133.6608880569349,531100,2.377987568135221,132.94195301994083,7.758477982232614,130.8545955657959,135.61057070206635,126.09862042952547,57.17667949097367,1,2.7077033789452116,2.4150088885883436,0.292694490356868
2016-06-09,138.43746948242188,138.68263550806537,136.797353276144,137.3976069114619,375100,2.8934237340719,133.941137831301,7.857955165535824,131.30211448669434,137.08896195483814,125.51526701855053,-29.372999435134627,0,2.982267824964538,2.5284606758635824,0.45380714910095543
2016-06-10,137.93869018554688,138.83483306094848,137.38915960529073,137.85414305009772,354000,3.2122632278318224,134.66796553207297,5.796881970754031,131.7268009185791,138.15132737424275,125.30227446291546,-5.625166622234068,0,3.1236077994458924,2.6474901005800446,0.47611769886584776
2016-06-13,134.84445190429688,137.37226163418117,134.7260936537384,136.93263974635744,220400,3.1768469556308356,134.7000539633864,3.122774826893049,132.0549175262451,138.40861143750678,125.70122361498343,-37.740112994350284,0,2.9519137536042876,2.7083748311848934,0.24353892241939423
2016-06-14,134.66693115234375,135.0473804301156,133.78770012613,134.73456629283464,186500,3.1890606268082724,134.69403163410593,3.8328421424159487,132.28863105773925,138.6667523113558,125.91050980412271,-15.38112522686026,0,2.7695943841582675,2.7206187417795684,0.048975642378699114
2016-06-15,135.06427001953125,135.6814357954754,134.13431592852254,135.2333643088811,217000,3.1853579359322164,134.76134770418324,2.0048635578647556,132.55695686340331,138.92767273526775,126.18624099153888,16.35388739946382,0,2.626885791984364,2.7018721518205275,-0.07498635983616353
2016-06-16,134.6331329345703,135.21647478963484,133.11137437789878,134.34569323500048,162600,3.1599626259801292,134.73803592788997,1.6013585973044808,132.78645210266114,139.1063773546214,126.46652685070089,-25.069124423963128,0,2.4507483435665165,2.6516473901697255,-0.200899046603209
2016-06-17,135.05580139160156,135.3094298897241,133.79612135431103,135.2079707504263,352600,3.116715302951524,134.7958114667466,1.3706369536321095,133.0492992401123,139.28272984601534,126.81586863420925,116.85116851168513,0,2.318537303987341,2.5850253729332486,-0.2664880689459075
2016-06-20,135.79978942871094,137.1101798259209,135.66451916187552,136.48457741695168,233900,3.098929928085493,134.9783529143765,1.3950142013573696,133.32912254333496,139.52698239950595,127.13126268716397,-33.66420873511061,0,2.2478805516763316,2.5175964086818654,-0.2697158570055338
2016-06-21,136.36618041992188,136.95797154410903,135.6560310708973,136.36618041992188,279900,3.0572051777157183,135.230685188112,2.0110465907337227,133.6541202545166,139.76853060994804,127.53970989908518,19.666524155622067,0,2.212088012250888,2.45649472939567,-0.2444067171447819
2016-06-22,136.95799255371094,137.55824622180296,136.69591450851618,137.00026611908322,220100,2.7992436866448696,135.54474107276636,-0.4791938526407358,134.11656188964844,139.71504926293818,128.5180745163587,-21.364773133261885,0,2.206046528932063,2.4064050893029485,-0.20035856037088529
2016-06-23,137.80345153808594,138.3022462114366,136.6621294481354,138.3022462114366,213000,2.5626025859171873,135.95541570282444,-0.4579814602985399,134.58915176391602,139.7143569357504,129.46394659208164,-3.2258064516129004,0,2.2436170632172434,2.3738474840858075,-0.13023042086856407
2016-06-24,135.87588500976562,137.33845779944406,133.4917947409629,133.7116121672144,732500,2.3753809529137113,135.94095557681374,-1.4954507491744984,134.86391220092773,139.61467410675516,130.1131502951003,243.89671361502346,1,2.0937183905180348,2.317821665372253,-0.22410327485421844
2016-06-27,134.50631713867188,135.58845362604072,132.7055685448089,135.26718992194904,322100,2.174003615374249,135.6801122244243,-0.2507591234565454,135.05117416381836,139.39918139456685,130.70316693306987,-56.027303754266214,0,1.843163094378525,2.222889951173508,-0.37972685679498275
2016-06-28,135.98580932617188,136.0027084377582,133.77926265615156,135.02203106225986,304800,1.7772819178508634,135.73569351565112,0.979363057093896,135.36567001342775,138.92023384912946,131.81110617772603,-5.371002794163305,0,1.7438765486068064,2.1270872706601676,-0.38321072205336115
2016-06-29,139.029296875,139.95080144943276,136.78047689512258,137.38073068677542,480300,1.8138201620107361,136.33453049007818,2.9356593382508844,135.69665298461913,139.32429330864062,132.06901266059765,57.578740157480325,0,1.8890000388789758,2.079469824303929,-0.1904697854249533
2016-06-30,142.05589294433594,142.05589294433594,138.97011572614107,139.28291693508564,439100,2.1551206622858463,137.37477820903413,5.513323390738423,136.17388992309571,140.48413124766742,131.863648598524,-8.577972100770348,0,2.2226115762315146,2.108098174689446,0.11451340154206857
2016-07-01,142.30953979492188,144.38926561957294,141.5232925440773,143.16340928877167,350700,2.439824910813342,138.27200758828644,5.370919522581419,136.62788162231445,141.50753144394113,131.74823180068776,-20.132088362559784,0,2.4788931667825693,2.182257173108071,0.29663599367449844
2016-07-05,143.97496032714844,144.21167678292363,141.27806974162456,142.27565867666587,353600,2.8540574645279184,139.30890808626134,6.020017359989427,137.13005828857422,142.83817321763004,131.4219433595184,0.8269175933846684,0,2.7842881515026647,2.3026633687869897,0.481624782715675
2016-07-06,145.7503204345703,146.41820908100237,142.9097103246121,144.13557895158976,378200,3.3235304529829826,140.48007396777206,6.881574291918424,137.73368148803712,144.38074239400308,131.08662058207116,6.957013574660631,0,3.1334521150349417,2.46882111803658,0.6646309969983615
2016-07-07,144.8457794189453,145.99555089102444,144.08489384031608,145.72501035637868,248200,3.6837282724149154,141.2738385952581,5.75927459081369,138.09509811401367,145.4625546588435,130.72764156918385,-34.37334743521946,0,3.299147650857549,2.634886424600774,0.6642612262567749
2016-07-08,145.85182189941406,146.61269453012238,144.89649343412404,145.26848019583278,301600,4.072553449332383,142.10619919601373,5.840470809327836,138.46581573486327,146.61092263352805,130.3207088361985,21.514907332796128,0,3.471623067384371,2.8022337531574935,0.6693893142268776
2016-07-11,146.98468017578125,147.94000863381748,146.14770996829165,146.27453067250136,208900,4.491687255531254,142.99319573778962,8.175692960687787,138.918115234375,147.90148974543752,129.93474072331247,-30.736074270557033,0,3.657561184232293,2.9732992393724533,0.6842619448598395
2016-07-12,146.37596130371094,149.0136665488948,145.74189655053556,147.8469961751068,214400,4.677526242544647,143.60824402250256,8.824599779058584,139.49469070434571,148.849743189435,130.13963821925643,2.632838678793692,0,3.7129988166490477,3.121239154827772,0.5917596618212757
2016-07-13,146.3844451904297,147.13686835800655,146.29991094356063,146.79870557036344,318400,4.77384447891851,144.11300787121658,7.646853679648236,140.08056640625,149.628255364087,130.532877448413,48.50746268656716,0,3.7147962596009734,3.2399505757824127,0.4748456838185606
2016-07-14,145.3868408203125,147.60183651926397,145.2515705592865,147.4243055892392,254300,4.760958419600781,144.34461386196128,4.572808816711849,140.59669494628906,150.11861178549063,131.0747781070875,-20.13190954773869,0,3.594289676723747,3.31081839597068,0.28347128075306705
2016-07-15,145.08251953125,146.11393291217937,144.98952281985194,145.71658449984994,229000,4.643993532778405,144.47877852910466,2.1305885480583653,141.11916427612306,150.40715134167988,131.83117721056624,-9.948879276445144,0,3.434638779026102,3.335582472581765,0.09905630644433705
2016-07-18,144.00038146972656,145.93638747701422,143.89047274832296,145.93638747701422,195400,4.456241100239965,144.39179724558136,1.1881435898403625,141.5663932800293,150.47887548050923,132.65391107954937,-14.672489082969431,0,3.1840905804345994,3.305284094152332,-0.12119351371773268
2016-07-19,143.23106384277344,145.30234039277283,142.30955908095,143.755220147648,494400,4.255397972974178,144.18075480870718,-0.5166846253575441,141.9379570007324,150.44875294668077,133.42716105478405,153.01944728761515,1,2.8901361345967302,3.2222545022412117,-0.33211836764448144
2016-07-20,143.44241333007812,144.0595663330185,142.88443302052812,143.6706803476369,228400,4.057318710351266,144.04651090350188,-1.5834662302017022,142.29176864624023,150.40640606694276,134.1771312255377,-53.80258899676376,0,2.6437537086729037,3.1065543435275504,-0.46280063485464673
2016-07-21,142.72378540039062,143.75518575026334,142.21652832989054,143.7213746322688,222300,3.85834788712155,143.80601535748164,-1.4650023128510603,142.5800582885742,150.2967540628173,134.8633625143311,-2.6707530647986033,0,2.3632643525618278,2.9578963453344063,-0.5946319927725785
2016-07-22,142.9858856201172,143.24796375040705,141.40494148242217,142.30109749901527,223400,3.691070038595558,143.656900859779,-1.964964332960717,142.83917999267578,150.2213200698669,135.45703991548467,0.49482681061627787,0,2.1374842266688177,2.7938139216012887,-0.6563296949324711
2016-07-25,142.4617156982422,143.48467954657892,142.0728297328207,142.8844256867956,214400,3.3114022037755757,143.4395944667723,-3.0771672749363987,143.1684715270996,149.79127593465074,136.54566711954845,-4.0286481647269445,0,1.8944180462136444,2.6139347465237597,-0.7195167003101153
2016-07-26,144.41461181640625,145.057126199859,143.37473620755358,143.37473620755358,278300,2.615274347577682,143.61687034852392,-1.3399396115562623,143.66388626098632,148.89443495614168,138.43333756583095,29.804104477611947,0,1.838179355326389,2.458783668284286,-0.6206043129578971
2016-07-27,145.00643920898438,145.6743153200364,144.3131886303442,144.64290190796729,325000,1.9020007910781158,143.869519232244,-0.9413609346626162,144.11491775512695,147.91891933728317,140.31091617297074,16.780452748832197,0,1.8203810920126955,2.331103153029968,-0.5107220610172725
2016-07-28,145.8856658935547,146.14774401653025,145.02333392434088,145.13324264691184,214200,1.5158123165902289,144.23609135248228,0.34310194129514304,144.45773620605468,147.48936083923513,141.42611157287422,-34.092307692307685,0,1.8558292412680828,2.236048370677591,-0.3802191294095083
2016-07-29,145.9025421142578,146.48588380621567,145.16703105922312,145.86026854670925,191800,1.4370076762439754,144.53908240007783,0.5652111540778604,144.6500686645508,147.52408401703875,141.77605331206283,-10.457516339869278,0,1.8637992078203638,2.161598538106146,-0.2977993302857822
2016-08-01,146.03782653808594,147.3144058413759,145.43757278085934,145.62356617605164,435200,1.357001737464041,144.81158133426112,1.4148886604079758,144.83648300170898,147.55048647663708,142.1224795267809,126.90302398331595,1,1.8595955264464976,2.1011979357742163,-0.2416024093277187
2016-08-02,145.91949462890625,146.84944887272394,145.37842635429507,145.8856706054451,320800,1.3616795507069301,145.0130201151057,1.8769886322173468,144.93370971679687,147.65706881821072,142.21035061538302,-26.286764705882348,0,1.8256704895786413,2.046092446535101,-0.22042195695645983
2016-08-03,147.1791534423828,147.4327820029932,145.77575325374522,146.37600708385366,517200,1.4418982198118542,145.40686253824697,2.6050454851913374,145.0051513671875,147.8889478068112,142.1213549275638,61.22194513715711,1,1.8787712863887975,2.0126282145058405,-0.13385692811704297
2016-08-04,146.08009338378906,149.72386385263798,145.4967645106672,147.17914179271816,460200,1.4610065640295986,145.52926814652736,2.3516108222485954,145.06686706542968,147.98888019348888,142.14485393737047,-11.020881670533644,1,1.8112896691141884,1.9723605054275102,-0.16107083631332175
2016-08-05,143.70443725585938,146.57887198114616,143.52690634258113,145.79262495067127,411500,1.4790779716263387,145.19748071186044,0.5025332623747492,144.95949783325196,147.91765377650464,142.00134188999928,-10.58235549760973,0,1.5482669482908022,1.8875417940001689,-0.3392748457093666
2016-08-08,141.82766723632812,144.00885257935118,141.81076812287876,143.83977114425124,289200,1.555009248936898,144.58478735267272,-0.445065861243088,144.7016471862793,147.8116656841531,141.5916286884055,-29.720534629404614,0,1.1748371005230922,1.7450008553047538,-0.5701637547816616
2016-08-09,143.11268615722656,143.1887708556713,141.93755295871534,142.11509682183743,318800,1.5412237563436189,144.31713258986431,-0.9015193426789914,144.5384834289551,147.6209309416423,141.45603591626787,10.235131396957131,0,0.9713840328505796,1.590277490813919,-0.6188934579633394
2016-08-10,141.1005401611328,143.42544429314722,140.95682036279976,142.94356178109888,473000,1.6566919979482113,143.7322976028222,-2.693603862806637,144.27428817749023,147.58767217338666,140.9609041815938,48.36888331242157,1,0.6404005068335721,1.4003020940178497,-0.7599015871842776
2016-08-11,141.92062377929688,143.18875353363646,141.19356220413889,141.91217422496447,385700,1.7144765785993306,143.4029023621812,-2.717910693947756,144.10097732543946,147.52993048263812,140.6720241682408,-18.45665961945032,0,0.43920469380387317,1.2080826139750545,-0.7688779201711813
2016-08-12,141.01605224609375,142.0728271986273,140.5679806982263,141.58248207264157,290200,1.8292319162780324,142.96892961380166,-3.349146490084731,143.89765396118165,147.5561177937377,140.23919012862558,-24.760176302826032,0,0.20440791235640177,1.0073476736513238,-0.8029397612949221
2016-08-15,143.11268615722656,143.2817675649096,141.0160483217709,141.70928596329674,231000,1.837359662108364,142.99506716715163,-2.0030018593138355,143.85326919555663,147.52798851977337,140.1785498713399,-20.39972432804962,0,0.18537373276731728,0.8429528854745225,-0.6575791527072052
2016-08-16,139.69723510742188,142.5209354109875,139.6464990605768,142.5209354109875,189400,2.057118610748671,142.39546133810984,-4.264172883348083,143.67657775878905,147.7908149802864,139.5623405372917,-18.008658008658006,0,-0.10410924077282857,0.6535404602250524,-0.757649700997881
2016-08-17,140.23826599121094,140.41579695736888,138.83486577261473,139.15612948291826,251100,2.1963705638119912,142.00324400231003,-4.715944676152162,143.5163703918457,147.9091115194697,139.1236292642217,32.576557550158405,0,-0.28656655135506526,0.4655190579090289,-0.7520856092640942
2016-08-18,141.55711364746094,141.83610376942315,140.21289906898474,140.21289906898474,405400,2.2337043729713977,141.92212939233747,-3.0962327799484046,143.45803680419922,147.92544555014203,138.99062805825642,61.449621664675426,0,-0.32104449958779924,0.3082063464096633,-0.6292508459974626
2016-08-19,141.8361053466797,141.87837892321997,140.44961717671515,141.57402723224803,225800,2.2611234337358823,141.90648865676332,-1.30012123832558,143.40054779052736,147.92279465799913,138.87830092305558,-44.30192402565367,0,-0.3221427622303281,0.18213652468166505,-0.5042792869119932
2016-08-22,142.41946411132812,143.00279309669932,141.6163047617359,142.18273463454742,160300,2.2620662968722125,141.99975692122965,0.4172647597833645,143.39843521118163,147.92256780492605,138.87430261743722,-29.00797165633304,0,-0.2727963399158284,0.09114995176216636,-0.36394629167799475
2016-08-23,141.5148468017578,143.40859215904356,141.10904883236975,142.96897016715698,210900,2.286306988223115,141.91159144496203,-1.1164903673971494,143.25344696044922,147.82606093689546,138.680832984003,31.56581409856518,0,-0.3031890270150086,0.012282156006731375,-0.31547118302174
2016-08-24,141.29434204101562,142.04901931697034,140.743165102747,141.85398090838183,105400,2.287183055250345,141.79936428060813,0.13735020408958132,143.06784210205078,147.64220821255145,138.4934759915501,-50.02370791844476,0,-0.34113593910902296,-0.05840146301641949,-0.2827344760926035
2016-08-25,141.3961181640625,142.02360784414333,140.42945256642716,141.1247670790334,152200,2.2152539155920246,141.72604680487254,-0.3695767403404604,142.84336471557617,147.27387254676023,138.4128568843921,44.4022770398482,0,-0.35885994373612107,-0.11849315916035982,-0.24036678457576124
2016-08-26,140.64141845703125,142.88848766680175,140.05632909406802,141.82007205099706,188400,2.144094437266851,141.52884165071958,-0.26566747763488996,142.58030853271484,146.86849740724853,138.29211965818115,23.78449408672798,0,-0.4288606653725253,-0.18056666040279293,-0.2482940049697324
2016-08-29,141.59963989257812,141.93034096040225,140.4888108783012,140.4888108783012,137900,1.991667951501411,141.54171405833023,-1.0572411889370636,142.35839920043946,146.3417351034423,138.37506329743664,-26.804670912951167,0,-0.4023779177748281,-0.2249289118772,-0.17744900589762813
2016-08-30,140.26834106445312,141.5148326306068,139.55606386628875,141.01454361799605,240400,1.8561171821336413,141.3101916958071,0.40881693656433793,142.0758415222168,145.78807588648408,138.3636071579495,74.32922407541697,0,-0.4832442993333359,-0.2765919893684272,-0.2066523099649087
2016-08-31,140.05636596679688,140.24291662261527,137.82624590598,140.03092841725194,278200,1.468189590075855,141.0822233814416,-0.12970783910395411,141.7197021484375,144.6560813285892,138.7833229682858,15.723793677204668,0,-0.5580037878393966,-0.33287434906262114,-0.2251294387767755
2016-09-01,140.72622680664062,141.1925904109013,140.05633697069035,140.05633697069035,229500,1.0636783234276603,141.01749673147776,-0.5869622652024287,141.45200881958007,143.5793654664354,139.32465217272474,-17.505391804457226,0,-0.5567808267915098,-0.3776556446083989,-0.17912518218311085
2016-09-02,141.36219787597656,141.99816239002612,140.726233361927,140.76014577630127,194500,0.92215844677655,141.08016966684116,-0.33412329642356076,141.33489685058595,143.17921374413905,139.49057995703285,-15.250544662309373,0,-0.49874485090333565,-0.4018734858673863,-0.09687136503594934
2016-09-06,141.6420135498047,142.01511480862032,140.96366173966507,140.96366173966507,226100,0.917861429387097,141.18232310010725,-0.5458878576566684,141.32561416625975,143.16133702503396,139.48989130748555,16.24678663239074,0,-0.4252698889658859,-0.40655276648708627,-0.01871712247879964
2016-09-07,141.15020751953125,141.7098464497956,140.8958191301033,141.05693220803204,263600,0.8160075315126507,141.17648390363888,-0.25766857009523747,141.227490234375,142.85950529740032,139.5954751713497,16.58558160106147,0,-0.4020900449744431,-0.40566022218455766,0.0035701772101145446
2016-09-08,141.26046752929688,141.96426997411564,140.76865330501144,141.37918041524617,188700,0.8154814490436338,141.1917536537585,-0.023974429003614794,141.2354866027832,142.86644950087046,139.60452370469594,-28.414264036418814,0,-0.37055130551294724,-0.3986384388502356,0.02808713333728835
2016-09-09,138.14845275878906,140.8534239503554,138.11454034372596,140.5905606827391,202000,1.0509166718901841,140.6384262183095,-2.296856128331015,141.0468780517578,143.14871139553816,138.94504470797744,7.048224695283523,0,-0.5898705505279054,-0.4368848611857696,-0.1529856893421358
2016-09-12,139.13204956054688,140.0224022848619,135.87591502353104,137.36830678498117,246700,1.1349063441159755,140.36453955326175,-1.0732036927980193,140.95267791748046,143.2224906057124,138.6828652292485,22.128712871287128,0,-0.6765161337979748,-0.48481111570821067,-0.19170501808976415
2016-09-13,136.43553161621094,138.6232502908133,136.3507441421617,138.4536624039884,179700,1.413878414735625,139.65017447379796,-3.646978396473921,140.6188201904297,143.44657701990093,137.79106336095845,-27.158492095662744,0,-0.9517981090272656,-0.5782085143720217,-0.3735895946552439
2016-09-14,135.22303771972656,137.69058353996746,134.94321173548687,136.80023048806544,257900,1.8531086052498968,138.84524051851224,-3.596893858185901,140.3951103210449,144.1013275315447,136.6888931105451,43.51697273233166,0,-1.253351327983097,-0.7132370770942368,-0.5401142508888602
2016-09-15,135.57916259765625,135.9692265497076,134.14612040196852,135.03647336354044,386100,2.1438971973487106,138.2514081692657,-3.1967153640142576,140.1621551513672,144.4499495460646,135.87436075666977,49.70918960837534,1,-1.4469189442762627,-0.859973450530642,-0.5869454937456207
2016-09-16,132.5858917236328,135.5876387478428,132.40781595414353,135.23998795583472,488100,2.7024289838613793,137.2213142700597,-5.7845188261834934,139.71359405517578,145.11845202289854,134.308736087453,26.418026418026418,1,-1.8208648222710337,-1.0521517248787204,-0.7687130973923133
2016-09-19,131.15283203125,133.7221274709638,131.00868163646592,133.0268130409036,541500,3.2592726154497123,136.11795386300338,-7.2221329309577476,139.1794303894043,145.69797562030374,132.66088515850487,10.940381069452986,1,-2.2074099178442452,-1.2832033634718254,-0.9242065543724198
2016-09-20,126.43824768066406,128.201991129223,126.40433526032386,127.53210114421996,535700,4.2358386730791215,134.35800728439622,-10.73393796664337,138.3803695678711,146.85204691402933,129.90869222171287,-1.0710987996306542,1,-2.8611951697749305,-1.5988017247324464,-1.262393445042484
2016-09-21,127.23529815673828,127.35401101059632,126.4297457242209,126.48909568178458,684200,4.840055729218767,133.06296926118569,-9.858228058834085,137.66639213562013,147.34650359405765,127.98628067718259,27.72073921971252,1,-3.277231495335485,-1.9344876788530543,-1.3427438164824308
2016-09-22,130.61013793945312,130.8814889820363,127.84581712146888,128.16803031112406,396100,5.005353668968116,132.6169999299616,-7.539497621749636,137.132181930542,147.14288926847823,127.12147459260578,-42.10757088570594,0,-3.2966205256254852,-2.2069142482075406,-1.0897062774179447
2016-09-23,130.12680053710938,131.000190605161,129.5247485496644,129.85544951777396,266900,5.13277437009955,132.16423640398844,-5.806545105275774,136.56871604919434,146.83426478939344,126.30316730899524,-32.61802575107296,0,-3.3127998660610274,-2.428091371778238,-0.8847084942827892
2016-09-26,131.02565002441406,131.89055243082657,129.71979566858744,129.96570918826365,266600,5.1813308993237515,131.95722069861125,-5.826407044054294,136.0879276275635,146.450589426211,125.72526582891598,-0.11240164855751411,0,-3.216020189454184,-2.5856771353134276,-0.6303430541407566
2016-09-27,130.45755004882812,131.89906729393593,130.2370740288962,131.3987782219472,232600,5.156459817600074,131.6845533077416,-4.3815430603508005,135.53082313537598,145.84374277057614,125.21790350017584,-12.753188297074269,0,-3.1488643703422383,-2.69831458231919,-0.45054978802304824
2016-09-28,131.27154541015625,131.65312150832295,129.75371588590008,130.5083932138228,207700,5.113669674046161,131.60946096272608,-2.9222034767185656,135.08098335266112,145.30832270075345,124.85364400456879,-10.705073086844363,0,-2.995430815201672,-2.7577378288956864,-0.2376929863059858
2016-09-29,129.33822631835938,131.25459479238228,128.20197278788734,131.1782821534845,180400,5.126420899263662,131.19650920920486,-4.603167743274406,134.54507637023926,144.79791816876659,124.29223457171193,-13.143957631198845,0,-2.9953082614861444,-2.8052519154137783,-0.1900563460723661
2016-09-30,130.0929412841797,130.89849400665938,128.88037476464186,130.71194332077118,292200,5.001500730300484,130.99586049556393,-1.8802531755411245,134.0134120941162,144.01641355471716,124.01041063351524,61.97339246119733,0,-2.9008724940767934,-2.8243760311463815,-0.0764964629304119
2016-10-03,130.17771911621094,130.27099444293347,128.60900124098657,129.948768234486,243600,4.755818826201659,130.84710751749975,-0.7434936020342398,133.45418815612794,142.96582580853126,123.94255050372462,-16.632443531827512,0,-2.7870630772370077,-2.816913440364507,0.029850363127499335
2016-10-04,130.4151153564453,131.09348003921707,129.6943504549884,130.27943983214493,325700,4.386772930296503,130.76856348821713,3.1453043273941494,132.89284324645996,141.66638910705296,124.11929738586696,33.702791461412154,0,-2.6471971608084175,-2.7829701844532897,0.1357730236448722
2016-10-05,131.1104278564453,131.7209547681297,130.40662564051112,130.9917150091028,279000,3.9442485722742737,130.8307206460768,3.0456404440011298,132.39085426330567,140.27935140785422,124.50235711875712,-14.338348173165494,0,-2.451981589124358,-2.716772465387504,0.2647908762631457
2016-10-06,132.33151245117188,132.34000025999643,130.8475950449666,130.89847014298206,261100,3.347677979396035,131.10359188336682,1.3179486208924507,131.9444065093994,138.6397624681915,125.24905055060735,-6.415770609318994,0,-2.173683648321088,-2.608154701974221,0.4344710536531329
2016-10-07,131.67013549804688,132.13651221699715,130.53388162913927,132.11107466312126,373300,3.012418282075681,131.20659981330863,1.1860239048122612,131.6204906463623,137.64532721051367,125.59565408221094,42.97204136346227,0,-1.9836320425470433,-2.4832501700887852,0.49961812754174195
2016-10-10,132.52650451660156,133.43381999793414,130.97476266393747,131.6700770591707,265900,2.456294778757917,131.4465824866346,1.1454661678135913,131.29021339416505,136.2028029516809,126.37762383664922,-28.770425930886688,0,-1.7438113807875482,-2.335362412228538,0.5915510314409897
2016-10-11,130.7034454345703,132.15345043070175,129.9318052732446,132.15345043070175,250500,2.138142986645901,131.31146665898655,0.18848689527755091,131.003609085083,135.27989505837482,126.72732311179121,-5.791650996615272,0,-1.6814744200749203,-2.2045848137978146,0.5231103937228943
2016-10-12,132.22972106933594,133.2387866614575,130.38117780523353,131.00866734235618,242200,1.920981500255072,131.4784220063228,0.7299187772840554,130.85394325256348,134.69590625307362,127.01198025205333,-3.3133732534930127,0,-1.4917186375971028,-2.0620115785576725,0.5702929409605697
2016-10-13,131.93296813964844,132.16191900997816,130.7543143090361,131.48355420746236,216800,1.5941519558514121,131.56106675783656,2.006167778195933,130.6716335296631,133.85993744136593,127.48332961796028,-10.487200660611062,0,-1.349722533037152,-1.9195537694535685,0.5698312364164164
2016-10-14,132.78944396972656,133.4423584588914,132.31457942478505,132.31457942478505,179100,1.6076094324635513,131.78440806908927,2.0727509570688696,130.68181114196778,133.89703000689488,127.46659227704069,-17.389298892988926,0,-1.1547677121587583,-1.7665965579946066,0.6118288458358483
2016-10-17,135.0533905029297,135.30777882599276,132.92502156998722,133.08613460588475,273700,1.8810954433250502,132.3787685116057,3.745396232028142,130.87683906555176,134.63902995220187,127.11464817890166,52.819653824678944,0,-0.8082658616747551,-1.5749304187306363,0.7666645570558812
2016-10-18,136.16427612304688,136.96135390688352,135.09586014356,135.61309898335372,197400,1.9297940572279721,133.0670426227768,4.408354622766075,131.3631404876709,135.22272860212684,127.50355237321496,-27.877237851662407,0,-0.4389613896146898,-1.347736612907447,0.9087752232927573
2016-10-19,134.8838348388672,137.09697884391196,134.40897048424657,136.46950216094197,249400,1.8236631397669167,133.39736848024776,2.878037272941736,131.74556732177734,135.3928936013112,128.0982410422435,26.342451874366766,0,-0.2467613342929269,-1.127541557184543,0.8807802228916162
2016-10-20,133.2896728515625,135.20604109244204,133.0098469375824,134.98557807175928,205600,1.834253961885387,133.37778745685043,0.7240606433362995,131.87954406738282,135.54805199115359,128.21103614361206,-17.562149157979146,0,-0.22053476760879676,-0.9461401992693939,0.7256054316605971
2016-10-21,132.00926208496094,132.69611459866033,131.79727392287276,132.69611459866033,152800,1.78727664256874,133.12896466196142,0.2575577108896443,131.9736671447754,135.54822042991287,128.3991138596379,-25.680933852140075,0,-0.2996147008175569,-0.8168350995790266,0.5172203987614696
2016-10-24,132.26364135742188,133.55253291698887,132.09405342717798,133.46773248250207,237400,1.774104898115566,132.97163315204514,-0.19834761366301912,132.0355667114258,135.58377650765692,128.48735691519465,55.366492146596855,0,-0.33786513728546197,-0.7210411071203137,0.3831759698348517
2016-10-25,132.78944396972656,133.25580776520547,131.9754034028484,132.33154210750266,271800,1.7412612408835881,132.93850784616902,1.595978230122852,132.15216140747071,135.6346838892379,128.66963892570354,14.49031171019377,0,-0.3220387450774922,-0.6412406347117493,0.3192018896342571
2016-10-26,135.0703887939453,135.35021475603952,131.47507738972655,132.12800463461303,331900,1.8442917548447864,133.3261225639465,2.1482823238505144,132.34210357666015,136.03068708634973,128.65352006697057,22.111846946284032,0,-0.12401348036061677,-0.5377952038415228,0.413781723480906
2016-10-27,134.93470764160156,135.3078088731164,133.45926539117383,135.273883521853,258500,1.7882528456175064,133.6185925780656,2.275200462992566,132.62192764282227,136.19843333405728,129.04542195158726,-22.115094908104847,0,0.021724210388583742,-0.42589132099550153,0.4476155313840853
2016-10-28,135.7318115234375,136.88501491549474,134.90080845977323,134.90080845977323,180300,1.8128906755332406,134.00281420449684,2.2158143492051474,132.90387115478515,136.52965250585163,129.27808980371867,-30.251450676982593,0,0.19924522692954838,-0.30086401141049157,0.50010923834004
2016-10-31,136.82569885253906,137.3429507086132,135.72335734662445,136.10493361516592,180000,1.894367346857877,134.51606595868634,1.3123020036812205,133.23627014160155,137.0250048353173,129.4475354478858,-0.16638935108153063,0,0.4233197108494551,-0.15602726695850222,0.5793469778079573
2016-11-01,137.00375366210938,137.9958569836228,135.83357454193418,137.08854118725873,271000,1.950012621704476,134.96837281385416,0.6165181962292987,133.56570205688476,137.4657273002937,129.6656768134758,50.55555555555556,0,0.6082562889193639,-0.003170555782928991,0.6114268447022929
2016-11-02,135.64703369140625,138.67421897791058,135.545283478368,137.8347538428747,377200,1.912878316483104,135.0917657006818,0.5658193611197238,133.79253234863282,137.61828898159902,129.9667757156666,39.18819188191882,1,0.6379895499845247,0.12506146537056176,0.512928084613963
2016-11-03,126.1244659423828,132.37387204581316,125.90399000034874,131.4326442052458,817300,2.5573553112492986,133.46134756280927,-5.3756654629644185,133.48218002319337,138.59689064569196,128.36746940069477,116.67550371155886,1,-0.10562073029947783,0.07892502623655384,-0.18454575653603167
2016-11-04,124.43710327148438,126.8198491412721,124.41166571647663,126.24324730944898,511400,3.2458502081013147,131.82057587347745,-5.736081464195397,133.12052841186522,139.61222882806786,126.62882799566259,-37.42811697051266,1,-0.8216221517868121,-0.10118440936811936,-0.7204377424186927
2016-11-07,126.29403686523438,126.80280055947767,125.3188838084953,125.4375966310248,517300,3.587120731406274,130.81575059925143,-4.513413082326667,132.80890502929688,139.98314649210943,125.63466356648433,1.1536957371920176,1,-1.2250972562793265,-0.32596697875036085,-0.8991302775289657
2016-11-08,127.549072265625,128.29527494983117,124.24206116741,125.47159027117024,475700,3.750204519225246,130.2218090840466,-3.946376720499156,132.65118637084962,140.1515954093001,125.15077733239912,-8.041755267736328,1,-1.427132223514036,-0.5462000277030958,-0.8809321958109402
2016-11-09,142.10841369628906,143.34643053874595,130.24556171659654,130.2625114575497,1105600,4.301766663202068,132.38300992263615,5.210634962397642,133.14512100219727,141.74865432860142,124.54158767579314,132.41538784948497,1,-0.4077291666390863,-0.5185058554902939,0.11077668885120762
2016-11-10,146.61105346679688,147.0265550520677,142.85462827319432,143.67714363381666,599700,5.234945559479216,134.96992693066537,8.653330213756938,133.8790252685547,144.34891638751313,123.40913414959627,-45.757959479015916,1,0.7547798672110275,-0.26384871095002965,1.0186285781610571
2016-11-11,148.06101989746094,148.52739646527104,144.0417194840582,147.1197918928737,476600,6.108532332493494,137.35012565190092,9.083506832806453,134.6426040649414,146.8596687299284,122.4255393999544,-20.526930131732534,0,1.772642901109947,0.14344961146196566,1.6291932896479813
2016-11-14,150.0452117919922,151.78351723070435,147.6285546160821,151.78351723070435,505000,7.0142825041139245,139.6583231319175,9.661571656725233,135.39219512939454,149.42076013762238,121.3636301211667,5.958875367184224,0,2.7081959944565313,0.6563988880608789,2.0517971063956524
2016-11-15,145.2119140625,151.28325909297834,144.9151254130106,151.28325909297834,678300,7.350405664254944,140.66806693747796,5.991193803809436,135.84457702636718,150.54538835487708,121.14376569785729,34.316831683168324,1,3.0247543427946937,1.1300699790076418,1.8946843637870519
2016-11-16,147.865966796875,148.2814552571235,144.27911826756602,145.2457836373227,582900,7.819357909121841,141.97677600282287,9.007888173409317,136.4936836242676,152.13239944251126,120.85496780602391,-14.064573197700136,0,3.4500193142599755,1.5940598460581086,1.855959468201867
2016-11-17,150.01132202148438,150.9355874008343,147.0943625318554,148.4850045049655,606500,8.335671568203528,143.4376025516704,18.939113756100067,137.32976608276368,154.00110921917073,120.65842294635662,4.048721907702868,0,3.9150271096587517,2.0582532987782374,1.8567738108805143
2016-11-18,149.3414306640625,150.18090852468828,148.47652819536762,149.47710620615527,463000,8.648507961390449,144.5110258448326,20.013586573326414,138.19637451171874,155.49339043449964,120.89935858893784,-23.6603462489695,0,4.181295136120923,2.482861666246775,1.6984334698741481
2016-11-21,149.4093017578125,150.6897189464449,148.34088573769,150.2063795719648,556800,8.876257036031465,145.40162146537438,18.302736587036115,139.05365753173828,156.8061716038012,121.30114345967536,20.259179265658744,0,4.347673818051447,2.8558240966077095,1.4918497214437378
2016-11-22,152.2340545654297,152.61693440375996,149.91974192017938,150.0303565559182,415500,9.212544910348525,146.64388202902077,19.35332171479651,140.02588806152343,158.45097788222049,121.60079824082638,-25.37715517241379,0,4.653817752159625,3.215422827718093,1.4383949244415324
2016-11-23,151.21310424804688,154.1315143115762,149.51140378429028,151.91931149845917,618700,9.459376191405395,147.47464970520733,6.406862419290782,140.83302383422853,159.75177621703932,121.91427145141773,48.90493381468111,0,4.759195820491215,3.5241774262727175,1.2350183942184971
2016-11-25,153.8336639404297,153.8336639404297,151.45978545787474,152.45527827919358,230400,9.777751712523918,148.63083411161136,4.926375128508664,141.77797164916993,161.33347507421777,122.2224682241221,-62.76062712138355,0,4.9965686321605745,3.818655667450289,1.1779129647102855
2016-11-28,153.17005920410156,153.71460282190236,151.6895751574507,153.62100877901733,520800,9.985524061750436,149.45614776479138,3.450630902163754,142.64988403320314,162.62093215670401,122.67883590970226,126.04166666666666,0,5.072666398722532,4.069457813704738,1.003208585017794
2016-11-29,153.62100219726562,154.58245406977116,152.3106856530148,153.15303200289034,461900,10.174382989173356,150.21339402524123,2.3831419627242445,143.48964920043946,163.83841517878616,123.14088322209275,-11.309523809523814,0,5.110451652335769,4.277656581430945,0.8327950709048242
2016-11-30,152.09800720214844,155.4844010165654,150.65156417225964,154.47188700075938,2473500,10.227641795006024,150.55605096649708,4.742099285795942,144.2443618774414,164.69964546745345,123.78907828742936,435.50552067547085,1,4.96032424000245,4.414190113145246,0.5461341268572042
2016-12-01,152.5489044189453,154.17403118006888,150.14951395567013,152.2255902184543,571900,10.17803669991846,150.9183879578513,3.1670151851124206,145.08945541381837,165.4455288136553,124.73338201398145,-76.87891651505963,0,4.822144145183785,4.495780919552954,0.3263632256308311
2016-12-02,153.87625122070312,155.918286339752,152.44681625101478,152.53190645720127,586500,9.311241270145551,151.45618127836983,2.5764249972180187,146.47704467773437,165.09952721802546,127.85456213744327,2.552893862563388,0,4.764815392458246,4.5495878141340125,0.21522757832423345
2016-12-05,155.96083068847656,157.16903630941314,154.1059706627129,155.22058225047417,467700,7.953089357436218,152.27520844384378,4.432393606369112,148.053231048584,163.95940976345642,132.14705233371157,-20.255754475703323,0,4.83189105208308,4.606048461723827,0.22584259035925314
2016-12-06,156.44583129882812,157.50089028259285,153.81670714247224,155.22060486166765,548300,6.296605803686407,153.0335035083864,4.709565909371305,149.56082077026366,162.15403237763647,136.96760916289085,17.23326918965149,0,4.86806842894444,4.658452455167949,0.20961597377649088
2016-12-07,156.5054168701172,157.84124518055293,156.0970123336526,156.8712762921082,578400,3.8050139802582534,153.6647604832465,2.8057863379390424,151.00863800048828,158.61866596100478,143.39861003997177,5.489695422214114,0,4.845689229278321,4.695899809990024,0.1497894192882967
2016-12-08,154.1739959716797,157.39020748595877,153.96980030914696,156.6244477855833,412200,3.233143175299806,153.75734875387073,1.9580920174589123,151.6119171142578,158.0782034648574,145.1456307636582,-28.734439834024894,0,4.586951844715458,4.674110216935111,-0.08715837221965383
2016-12-09,154.42935180664062,155.15257985952002,152.97439187051108,153.62104650121182,387000,3.0649469182882676,153.87953112710161,0.3872285499496364,152.00283203125,158.13272586782654,145.87293819467345,-6.113537117903933,0,4.352334680172078,4.609755109582505,-0.257420429410427
2016-12-12,151.62149047851562,152.93180694837798,148.10748827212325,152.58295527938088,660900,2.9241083532591308,153.46897828190416,-1.0110126833093647,152.18085556030275,158.029072266821,146.3326388537845,70.7751937984496,0,3.8949296198939294,4.46679001164479,-0.5718603917508602
2016-12-13,150.20904541015625,153.15299196826197,149.2390769803415,152.4723094073706,471600,2.9180337870123907,152.8762632143136,-2.221022346103474,152.18904724121094,158.02511481523572,146.35297966718616,-28.64275987290059,0,3.379503488924911,4.249332707100814,-0.8698292181759033
2016-12-14,149.9453125,152.0979622576088,149.7240961434152,150.3792543688004,344100,2.4816930513134525,152.3433630844384,-1.4153339295809197,152.42571716308595,157.38910326571286,147.46233106045904,-27.035623409669206,0,2.916128214119908,3.9826918085046334,-1.0665635943847254
2016-12-15,152.8892364501953,153.47632501929797,149.11996425150625,149.37522184454312,375700,2.238174449302189,152.4426127873033,0.22309700128382293,152.67688064575196,157.15322954435635,148.20053174714758,9.183376925312414,0,2.754695613486348,3.7370925695009767,-0.9823969560146288
2016-12-16,155.19503784179688,156.08843295585612,152.82117200786777,152.82117200786777,930500,2.2132548054603145,152.94305370630212,0.8570436377490331,152.9360664367676,157.3625760476882,148.50955682584697,147.67101410700025,1,2.780763110171989,3.5458266776351794,-0.7650635674631903
2016-12-19,156.735107421875,158.05391473081184,155.59495838600648,156.20757151535767,484600,2.1986769120988314,153.63251801822446,0.4964558921496165,153.3057502746582,157.70310409885587,148.90839645046054,-47.92047286405159,0,2.892351307864459,3.4151316036810355,-0.5227802958165766
2016-12-20,159.92578125,160.12997695309562,156.14800494743398,156.14800494743398,439700,2.4598042833644724,154.7767476967291,2.2243801079779413,153.8315742492676,158.75118281599654,148.91196568253864,-9.26537350392076,0,3.2013433771564053,3.3723739583761096,-0.17103058121970438
2016-12-21,157.2796630859375,160.40228173066984,156.6415254423369,160.19807301085797,442200,2.5446170671988297,155.2318232220397,0.4947088933431987,154.08385467529297,159.17308880969063,148.9946205408953,0.5685694791903506,0,3.1958622858541332,3.3370716238717146,-0.1412093380175814
2016-12-22,159.87474060058594,160.95532394394243,157.75613200159893,157.99436900885095,351100,2.7584167743944343,156.075990018139,3.69760451039578,154.5169364929199,160.03377004170878,149.00010294413104,-20.60153776571687,0,3.362162631035403,3.3420898253044524,0.020072805730950716
2016-12-23,159.11749267578125,160.58947288289272,157.71359502618617,159.51739331205502,220400,2.93679661168245,156.6289905013467,3.0357835568788794,154.7811279296875,160.6547211530524,148.9075347063226,-37.22586157789804,0,3.3937324387452747,3.352418347992617,0.041314090752657684
2016-12-27,157.7901153564453,160.49582485813002,156.25858290105202,160.10442818171973,443000,2.9847148270963304,156.8401041113646,4.068437039143702,155.0121307373047,160.98156039149734,149.04270108311204,100.99818511796732,0,3.273903955622302,3.336715469518554,-0.06281151389625217
2016-12-28,156.6499786376953,158.0453719813626,156.15648412819917,157.95177797123506,263000,2.9872580421618564,156.80553584342474,4.2879796019950955,155.16357955932617,161.13809564364988,149.18906347500246,-40.63205417607223,0,3.051760716857899,3.279724518986423,-0.22796380212852396
2016-12-29,157.10943603515625,158.41975221159564,156.47129858093882,156.64147895508194,199500,2.926138142930788,156.86079042373956,4.777824271869946,155.41415100097657,161.26642728683814,149.561874715115,-24.14448669201521,0,2.879590841078027,3.199697783404744,-0.3201069423267171
2016-12-30,156.7180633544922,157.67952800766645,156.02887693274238,157.59443781461113,190100,2.859010312172726,156.83484004751276,2.504314229827509,155.62260894775392,161.34062957209937,149.90458832340846,-4.711779448621556,0,2.680663450017107,3.095890916727217,-0.4152274667101099
2017-01-03,160.8531951904297,160.95529303594824,157.24558651446637,157.4072500918312,378600,3.053731445732822,157.56545007349763,3.645836508252698,155.97145614624023,162.07891903770587,149.86399325477458,99.15833771699106,0,2.8241278519100774,3.0415383037637893,-0.21741045185371188
2017-01-04,163.2526092529297,163.32919563118028,161.1084762866502,161.66152367446475,598400,3.460581142567181,158.59947901521252,4.158290977854695,156.3360450744629,163.25720735959726,149.41488278932854,58.05599577390386,0,3.095751193399906,3.052380881691013,0.04337031170889283
2017-01-05,166.4347381591797,167.8556558377619,162.6739834144474,163.4567637113523,850700,4.132792168374312,160.02407158684292,4.069986001196835,156.83549041748046,165.10107475422907,148.56990608073184,42.162433155080215,1,3.52712732875915,3.1473301711046404,0.3797971576545094
2017-01-06,164.6820068359375,166.8516767578178,163.60142378772565,166.76658657149324,480800,4.487617415074577,160.8709689048601,4.706484999243266,157.24431991577148,166.21955474592065,148.26908508562232,-43.48183848595274,0,3.685085878212078,3.2548813125261282,0.4302045656859499
2017-01-09,162.04432678222656,165.2009849599084,161.8996838875961,164.97975572334948,401800,4.548866618010237,161.08430670074492,1.3570537618953216,157.63783645629883,166.7355696923193,148.54010322027835,-16.43094841930116,0,3.556434072180167,3.3151918644569363,0.2412422077232308
2017-01-10,162.7676239013672,164.5033523627449,161.52537706443476,162.72507880051722,446500,4.620865543600834,161.39036437358533,2.293984881362765,158.05475006103515,167.2964811482368,148.8130189738335,11.124937779990042,0,3.4728082499250377,3.3467151415505567,0.12609310837448096
2017-01-11,161.95079040527344,163.28663117437762,160.3767256510947,162.84418552680248,399900,4.437597433935304,161.49226001571043,2.6368413759183973,158.57121505737305,167.44640992524367,149.69602018950243,-10.436730123180293,0,3.3025527741116605,3.3378826680627776,-0.035329893951117075
2017-01-12,162.57192993164062,165.63498240941823,162.12096744794593,164.86922253570927,547400,4.05612559067656,161.68856363678864,3.7803715936928217,159.18935928344726,167.30161046480038,151.07710810209414,36.88422105526381,0,3.1810753946049886,3.30652121337122,-0.1254458187662313
2017-01-13,163.005859375,165.01386607684316,162.91226534717478,163.52487844149587,343900,3.5031964285269526,161.92807195282705,3.7530675996598317,159.84238662719727,166.84877948425117,152.83599377014338,-37.17573986116186,0,3.0842646922440338,3.262069909145783,-0.17780521690174922
2017-01-17,161.32968139648438,163.36321253317868,160.18954542491923,163.36321253317868,339900,3.1075376266703905,161.81927366985565,2.9426206164638646,160.26440887451173,166.47948412785252,154.04933362117094,-1.1631288165164344,0,2.839555332367496,3.177566993790126,-0.33801166142262984
2017-01-18,162.46127319335938,163.00581658057948,160.72553222082513,161.4487597898708,288500,2.901603851240613,161.93600085594724,0.9997177867843599,160.62772064208986,166.43092834457107,154.82451293960864,-15.122094733745218,0,2.705741301076813,3.083201855247464,-0.37746055417065083
2017-01-19,165.76263427734375,166.05192021561808,163.36323059615012,163.7376067435372,439100,2.965653221593091,162.63175238711025,1.537509897024214,161.07909698486327,167.01040342804944,155.1477905416771,52.20103986135183,0,2.833423029117597,3.0332460900214904,-0.19982306090389335
2017-01-20,166.51988220214844,167.01336384529048,165.60096251732995,166.5028615645752,480100,3.1888356216167906,163.33868508075355,0.05115761523735163,161.4088020324707,167.78647327570428,155.03113078923712,9.337280801639714,0,2.9615760917651244,3.0189120903702173,-0.057335998605092975
2017-01-23,164.6735382080078,167.37074470496245,163.85672930524294,166.97934790946934,392900,3.1126230620541246,163.58138564934524,-0.005142412393677187,161.77849578857422,168.00374191268247,155.55324966446597,-18.162882732764007,0,2.88094405764852,2.991318483825878,-0.11037442617735804
2017-01-24,165.71151733398438,166.239053086006,163.4482665286988,164.2650751399923,324000,3.19721096163912,163.96868231927962,2.263078643096339,162.07033462524413,168.46475654852236,155.6759127019659,-17.536268770679563,0,2.8677412938727116,2.966603045835245,-0.09886175196253344
2017-01-25,163.97581481933594,166.47731592377158,163.66100447045827,166.26460342146163,381100,3.145191946450464,163.96997913747165,0.7422796309300983,162.31325073242186,168.6036346253228,156.02286683952093,17.62345679012345,0,2.6862558362544746,2.9105336039190908,-0.22427776766461616
2017-01-26,165.3201446533203,165.3456691126867,162.29962479321514,164.0268491193518,289400,3.0235914996804105,164.21546377671683,2.080480274048213,162.68975219726562,168.73693519662643,156.6425691979048,-24.061926003673573,0,2.6206937597915783,2.8525656350935886,-0.23187187530201037
2017-01-27,162.9633331298828,166.1199929945483,162.8016695192123,165.0053683585947,429200,2.6685602782109075,163.98780365911063,0.24075693657987784,163.005419921875,168.3425404782968,157.66829936545318,48.306841741534214,0,2.3514542477610405,2.752343357627079,-0.4008891098660383
2017-01-30,163.88223266601562,163.93328159299602,161.1424943992386,163.49083592092958,228200,2.2828387348366896,163.96860893309335,0.5376329994368545,163.34405975341798,167.90973722309135,158.7783822837446,-46.83131407269339,0,2.1870169378245237,2.639278073666568,-0.4522611358420443
2017-01-31,165.0309295654297,165.2436421399978,161.43182345601645,163.96736669258905,264500,1.693675780633619,164.16175813897266,2.2942140199540217,163.75970306396485,167.1470546252321,160.3723515026976,15.907099035933392,0,2.124894958336654,2.5364014506005854,-0.41150649226393154
2017-02-01,164.035400390625,165.9072811718491,161.49987049098064,165.89026053303522,409300,1.5496029177008022,164.13878400290943,0.9689245728070395,163.9188133239746,167.0180191593762,160.819607488573,54.74480151228733,0,1.9725931318778578,2.42363978685604,-0.4510466549781822
2017-02-02,165.7030792236328,165.77965262700806,162.3252028344565,163.65252709140302,341400,1.5904923373949547,164.4232013157682,-0.035927912204447576,164.04133682250978,167.22232149729967,160.86035214771988,-16.589298802834108,0,1.9638228541585931,2.3316764003165504,-0.3678535461579573
2017-02-03,169.557373046875,169.68499534322558,165.84766683198924,166.17099395999688,305600,1.9503629199253028,165.35668708506034,1.8241010049713902,164.19746856689454,168.09819440674514,160.29674272704395,-10.486233157586412,0,2.242036840658159,2.313748488384872,-0.07171164772671323
2017-02-06,169.70208740234375,170.82521601469682,169.3192073692034,170.0934842474518,331800,2.3065169185287058,166.14675987002096,3.0536473856437762,164.44847259521484,169.06150643227224,159.83543875815744,8.573298429319376,0,2.4460046494270387,2.3401997205933056,0.10580492883373305
2017-02-07,169.32765197753906,171.10593832515988,168.88521933008653,170.39121446592782,311900,2.4757191265046252,166.72510388956968,2.1821866709883064,164.81263885498046,169.76407710798972,159.8612006019712,-5.99758890898131,0,2.548064298769475,2.3817726362285394,0.16629166254093564
2017-02-08,169.0128173828125,169.80411451175465,168.45977016138676,169.2850955725806,260100,2.595175788565734,167.141051797432,3.071796026155571,165.12489852905273,170.3152501061842,159.93454695192125,-16.60788714331517,0,2.5738727823072054,2.4201926654442727,0.1536801168629327
2017-02-09,169.20855712890625,170.34870614272083,168.9533124823993,169.15750819960485,387800,2.6351006810444435,167.51696185770004,2.3520500080253415,165.48778686523437,170.75798822732327,160.21758550314547,49.0965013456363,0,2.5803757872481867,2.4522292898050555,0.12814649744313122
2017-02-10,170.4678192138672,170.8081540536741,169.23407620794788,169.54038275695086,352500,2.7636037070611152,168.05348137700315,4.605015091341591,165.8825813293457,171.4097887434679,160.35537391522348,-9.102630221763796,0,2.6565186977572353,2.4930871713954916,0.16343152636174363
2017-02-13,171.1825408935547,171.5313925651281,170.17853098221164,170.9102626182946,414500,2.9162317041255665,168.62240128910344,4.454606279630546,166.29141540527343,172.12387881352456,160.4589519970223,17.588652482269506,0,2.742915941717939,2.543052925459981,0.19986301625795821
2017-02-14,172.37371826171875,173.25860963420857,169.57442715140672,170.44229788671038,411200,2.972335656475044,169.30445892048803,4.449340929984813,166.84361724853517,172.78828856148525,160.8989459355851,-0.7961399276236403,0,2.8743704848259597,2.6093164373331765,0.26505404749278316
2017-02-15,175.01986694335938,175.97282790537594,171.871724098539,173.09695034760136,517300,3.305665086719762,170.34362401555555,6.696400000595326,167.47154693603517,174.08287710947468,160.86021676259566,25.802529182879375,0,3.1556943608981385,2.718592022046169,0.4371023388519695
2017-02-16,178.62747192382812,180.20153681776355,173.8031534187633,177.78512565166423,691000,4.109552985809264,171.849778180696,7.799729951157119,168.1147888183594,176.3338947899779,159.89568284674087,33.578194471293244,1,3.6279286285032413,2.9004593433375834,0.7274692851656579
2017-02-17,180.3036499023437,181.78412078446635,177.82767296666253,179.5293731864392,547600,4.906521352830669,173.3868457664501,6.33784108727482,168.80397720336913,178.61701990903046,158.9909344977078,-20.752532561505067,0,4.090281028719289,3.1384236804139247,0.9518573483053645
2017-02-21,180.9418182373047,181.57995592817767,178.77214749174763,180.3036805464317,536100,5.49851126188756,174.76047712478731,6.623213071217471,169.61739120483398,180.6144137286091,158.62036868105886,-2.100073046018991,0,4.456818063828791,3.402102557096898,1.0547155067318932
2017-02-22,183.15399169921875,183.5283678283532,181.29914467407067,181.8947371599924,328700,6.186617996660525,176.28657068377484,8.165435214039185,170.4895149230957,182.86275091641676,158.11627892977464,-38.68681216191009,0,4.869670683012259,3.6956161822799705,1.174054500732289
2017-02-23,182.37973022460932,184.0644098436996,181.5118594583752,183.97081581025333,362800,6.526159216479118,177.39441787301746,7.908816058323476,171.4097106933594,184.46202912631762,158.35739226040116,10.3742013994524,0,5.075871441571621,3.971667234138301,1.1042042074333205
2017-02-24,184.617431640625,185.4427571894344,181.29061796664905,182.3371598443268,415300,6.988585212101174,178.70769310349155,9.10643928012458,172.37457504272462,186.35174546692696,158.39740461852227,14.470782800441008,0,5.3580861495088925,4.248951017212419,1.1091351322964735
2017-02-27,185.59588623046875,186.09788453768172,183.00079153132023,183.75804739602864,404600,7.213241165996739,179.96009185385105,8.874441572823798,173.5062026977539,187.93268502974738,159.07972036576044,-2.576450758487836,0,5.596187085692179,4.518398230908371,1.0777888547838081
2017-02-28,185.91070556640625,187.0168130473709,184.93223336186404,186.2425365124017,563800,7.346944676774808,181.04202161977017,8.603777345500374,174.60762634277344,189.30151569632307,159.91373698922382,39.347503707365306,0,5.744072984592123,4.763533181645122,0.9805398029470007
2017-03-01,187.2502593994141,187.8560191086923,185.9192804688796,186.4311884320975,531800,7.500920800016558,182.17079212515995,8.63039985893208,175.71859283447264,190.72043443450576,160.71675123443953,-5.675771550195108,0,5.901337479131513,4.9910940411424,0.9102434379891129
2017-03-02,186.2690887451172,188.28261158379385,185.87661426484004,186.8492536948326,479500,7.32375937941064,182.91593696515218,6.427397071098406,176.83027725219728,191.47779601101857,162.18275849337599,-9.834524257239563,0,5.879028669335241,5.168680966780968,0.710347702554273
2017-03-03,186.69566345214844,187.07105736595747,185.1428462347569,186.29466177595128,344800,7.147279411666928,183.60315996278786,4.516769700329637,177.87990646362306,192.17446528695692,163.5853476402892,-28.091762252346197,0,5.828581530946508,5.300661079614077,0.5279204513324309
2017-03-06,186.02163696289065,186.7383158359453,184.502954723884,186.1837456881817,425100,7.086154292611819,184.04288305371563,3.171309656595378,178.70311965942383,192.87542824464748,164.5308110742002,23.28886310904872,0,5.668866343254479,5.374302132342158,0.29456421091232077
2017-03-07,185.79986572265625,187.6001036910936,185.68894645326213,185.9363667249564,528100,6.922299474071273,184.36233444806845,2.684867175911898,179.50800857543945,193.35260752358198,165.66340962729691,24.229593036932485,0,5.461439742927155,5.391729654459158,0.06971008846799709
2017-03-08,183.76071166992188,186.38000739828496,183.4108994170273,185.7657073995845,389400,6.547303714672109,184.25294848840542,0.33126221551289525,180.2296615600586,193.3242689894028,167.13505413071437,-26.26396515811399,0,5.074019835410695,5.328187690649465,-0.2541678552387703
2017-03-09,182.32730102539065,183.99956466242568,180.9451328381695,183.6326849841415,376400,6.000856329275419,183.90283076785727,-0.02874727315042014,180.8953857421875,192.89709840073834,168.89367308363666,-3.33846944016436,0,4.598315983685467,5.182213349256665,-0.5838973655711985
2017-03-10,180.6209259033203,182.49794759205056,179.00839191826563,182.21640540462744,514200,5.336944296832009,183.30612079248692,-2.1647499381771573,181.46600418090821,192.13989277457222,170.7921155872442,36.60998937300744,0,4.037089982041181,4.953188675813569,-0.9160986937723878
2017-03-13,181.94337463378903,182.03722636771235,180.13460996402,180.61239587537864,264000,4.66712976989922,183.05834876363275,-1.9679916785138807,182.0397819519043,191.37404149170274,172.70552241210586,-48.65810968494749,0,3.6568707628753145,4.693925093225918,-1.0370543303506032
2017-03-14,180.4418029785156,181.2864557667417,177.64333081372678,181.16700926039192,281100,3.935312882464207,182.58261316633872,-2.941682444391125,182.50274505615235,190.37337082108075,174.63211929122394,6.47727272727272,0,3.1975209774913367,4.394644270079002,-1.1971232925876656
2017-03-15,180.5612030029297,181.5082475661524,178.88041208424892,181.3034765999701,442700,3.179438204244512,182.2150840457189,-3.572254809119546,182.9121192932129,189.2709957017019,176.5532428847239,57.48843827819281,0,2.8107173472720604,4.077858885517614,-1.2671415382455535
2017-03-16,179.30702209472656,181.51678857022625,178.58180292586525,181.11578686772972,266700,2.7324349300265074,181.68634550917483,-3.7376392923236024,183.12647705078126,188.5913469108343,177.66160719072823,-39.75604246668173,0,2.3755864836564626,3.7374044051453836,-1.361817921488921
2017-03-17,182.34445190429688,183.87166200540108,179.80193981131723,179.80193981131723,1303300,2.5291722327813444,181.80600121737882,-2.330644144268945,183.31232604980468,188.37067051536738,178.25398158424198,388.676415448069,1,2.24990187180191,3.4399038984766888,-1.1900020266747786
2017-03-20,180.2881622314453,183.2316746856074,179.80184912203208,182.3443599326084,262700,2.5301440995466824,181.53003049266363,-3.082154756324995,183.31155166625976,188.37183986535314,178.25126346716638,-79.84347425765364,0,1.961756610870168,3.144274440955385,-1.1825178300852168
2017-03-21,176.7133026123047,180.7659687343444,175.75773076635193,180.45029153924,424200,2.889711249088994,180.6542617871438,-4.890511128740583,183.10012588500976,188.87954838318774,177.32070338683178,61.476969927674155,0,1.4284715894010844,2.801113870644525,-1.3726422812434405
2017-03-22,178.1978759765625,178.94868992134815,176.41470587638756,176.704788348258,336300,3.090385680625042,180.20764618521991,-3.0272171035947815,182.85232009887696,189.03309146012705,176.67154873762686,-20.72135785007072,0,1.112804315719103,2.4634519596594404,-1.3506476439403374
2017-03-23,177.4129180908203,178.3940846319692,176.97778141816474,178.1978539274773,225900,3.3212987418732616,179.69951380441998,-2.6953631776109988,182.6039794921875,189.24657697593403,175.96138200844098,-32.82783229259589,0,0.7901873974108184,2.128799047209716,-1.3386116497988976
2017-03-24,174.84481811523438,177.97604757498402,174.23905843503516,177.05459766299563,271600,3.706075227787165,178.81684186093167,-3.197917272984019,182.11534881591797,189.5274992714923,174.70319836034363,20.230190349712252,0,0.32355719387567206,1.7677506765429074,-1.4441934826672354
2017-03-27,172.41322326660156,173.1896319322144,170.90306818423088,172.98486094892482,442300,4.194563195538823,177.65254757105347,-5.237976588248683,181.45621566772462,189.84534205880226,173.06708927664698,62.84977908689249,0,-0.23969691013968486,1.366261159206389,-1.6059580693460738
2017-03-28,172.7374267578125,174.00014850586103,171.43202974567166,171.7733146902047,633000,4.482661824922417,176.75888924137328,-4.269729127911903,180.79755172729492,189.76287537713975,171.83222807745008,43.115532444042515,0,-0.6523988850962326,0.9625291503458646,-1.6149280354420972
2017-03-29,172.4558868408203,173.07871401907988,171.1163677248845,172.73744206299835,345900,4.581387674757748,175.97652516854546,-4.488957775706592,180.05783309936524,189.22060844888074,170.89505774984974,-45.355450236966824,0,-0.9907651678553577,0.5718702867056202,-1.562635454560978
2017-03-30,172.67770385742188,173.47970723551322,171.8330382322361,172.1657829296687,300300,4.619429625731651,175.37673947561387,-3.6971882974011328,179.37826385498047,188.61712310644378,170.13940460351716,-13.183000867302685,0,-1.2268813804550405,0.2121199532734881,-1.4390013337285286
2017-03-31,170.84329223632812,173.3004780906874,170.83475197830288,172.7288406064943,371700,4.657647877602837,174.55247634119826,-6.307381194139705,178.58564529418945,187.90094104939513,169.27034953898377,23.77622377622377,0,-1.5442259910923894,-0.1391492355996874,-1.405076755492702
2017-04-03,172.20848083496094,172.7289291124232,170.63860875886562,170.7068657646123,419500,4.519047883042344,174.1262953400642,-4.48153738796897,177.89498748779297,186.93308325387767,168.85689172170828,12.85983319881625,0,-1.6663558577567699,-0.4445905600311039,-1.2217652977256659
2017-04-04,172.3961639404297,173.52238487390562,171.9695674690266,172.319379700063,300000,4.272193329445706,173.8117259946761,-2.443018498356331,177.22480239868165,185.76918905757304,168.68041573979025,-28.486293206197853,0,-1.7280799687213175,-0.7012884417691467,-1.0267915269521708
2017-04-05,169.50379943847656,173.58205967842028,169.08573031076455,172.7117994417509,419900,4.3134665533463235,173.02846662082163,-4.878888982509211,176.51195678710937,185.138889893802,167.88502368041674,39.96666666666666,0,-1.9874760276815664,-0.9585259589516306,-1.0289500687299358
2017-04-06,171.01400756835938,171.70509181765337,168.50561805707596,169.4270680623653,516300,4.25208040096978,172.66220133855575,-3.606789511903097,175.9462921142578,184.45045291619735,167.44213131231825,22.957847106453922,0,-2.0475848153357674,-1.1763377302284581,-0.8712470851073093
2017-04-07,173.88076782226562,175.86870943828308,171.50889188973025,172.34501753749953,406700,4.127355914033281,172.88375888104844,-0.5513748153138764,175.6092842102051,183.86399603827164,167.35457238213854,-21.22796823552199,0,-1.842656867285001,-1.3096015576397668,-0.5330553096452342
2017-04-10,173.9574432373047,175.01540677566734,173.368738244937,174.40110704612596,242900,3.8599522227282947,173.07897421854958,0.8956505431809703,175.20998764038086,182.92989208583745,167.49008319492427,-40.27538726333907,0,-1.65498528664628,-1.3786783034410695,-0.2763069832052105
2017-04-11,175.43348693847656,175.5529334012648,172.55823157220297,174.1281030884736,262800,3.659948883732944,173.5070674403545,1.5607851936130235,174.9595718383789,182.27946960584478,167.63967407091303,8.19267188143269,0,-1.3713418409054157,-1.3772110109339388,0.005869170028523163
2017-04-12,173.75271606445312,177.25933914561134,173.36878189150374,177.25933914561134,247800,3.4202935026032386,173.55173082655423,0.7519773591897261,174.61914749145507,181.45973449666155,167.77856048624858,-5.707762557077622,0,-1.2675648310202234,-1.3552817749511958,0.0877169439309724
2017-04-13,173.17257690429688,175.21170756703495,172.9507514204374,173.1043199049498,243100,3.2485184680904315,173.48279374978017,0.2865876924583288,174.3124252319336,180.80946216811446,167.8153882957527,-1.8966908797417248,0,-1.2180917809970424,-1.3278437761603652,0.10975199516332279
2017-04-17,171.31260681152344,173.91484791442116,171.06518658408982,173.547981194659,326600,2.7038466779104957,173.08821430646074,0.2747047127528379,173.7608329772949,179.1685263331159,168.35313962147393,34.34800493624024,0,-1.3138231391659758,-1.3250396487614875,0.011216509595511681
2017-04-18,170.03280639648438,171.61121846045464,168.94926079278065,171.21874400034585,364800,2.3501230552929644,172.53268559555596,-1.2633956399404345,173.24806518554686,177.9483112961328,168.54781907496093,11.696264543784451,0,-1.4759463373451354,-1.3552209864782172,-0.12072535086691816
2017-04-19,170.68125915527344,171.21876188280532,169.29907766765433,170.4850284140695,316000,2.267619137301279,172.19606260641368,-0.9947464873689582,172.94646301269532,177.48170128729788,168.41122473809276,-13.377192982456144,0,-1.534417610575332,-1.39106031129764,-0.14335729927769192
2017-04-20,170.68125915527344,172.1146171202808,169.54651092363008,171.00546363667743,332600,1.9524433877088578,171.92064379711545,0.6946509285912672,172.57063217163085,176.47551894704856,168.66574539621314,5.253164556962031,0,-1.5627421966038355,-1.4253966883588793,-0.13734550824495617
2017-04-21,170.3228759765625,171.66238184894547,170.19488925049902,170.80918908327607,402500,1.646685803797692,171.6301405570149,-0.404137416357897,172.21613006591798,175.50950167351337,168.9227584583226,21.016235718580887,0,-1.5957137674737112,-1.4594601041818458,-0.1362536632918654
2017-04-24,173.8124542236328,174.0940094357387,171.18461859600131,172.1231359696876,311000,1.5745487204409072,172.02692486003633,-0.03928761040590256,172.16451187133788,175.31360931221968,169.01541443045608,-22.73291925465839,0,-1.324990508218292,-1.4325661849891351,0.10757567677084312
2017-04-25,174.904541015625,175.40792169211113,173.26641224250196,173.62475169112042,235700,1.689603487194817,172.55012779741605,0.5444422271879024,172.28907775878906,175.6682847331787,168.90987078439943,-24.21221864951768,0,-1.0106677489479523,-1.3481864977808986,0.3375187488329463
2017-04-26,173.2664031982422,175.09223535181525,171.50882803398926,174.93012662951608,277700,1.7010924712763245,172.68035968847533,-1.2352737086018029,172.31552658081054,175.7177115233632,168.9133416382579,17.81926177344082,0,-0.883563558325676,-1.255261909889854,0.3716983515641781
2017-04-27,172.50706481933594,174.16226103511482,171.6026824792563,173.3517174108078,214800,1.70135319603915,172.64885153044997,-0.7169103731622384,172.31808547973634,175.72079187181464,168.91537908765804,-22.650342095786826,0,-0.8344854043511702,-1.1711066087821174,0.3366212044309471
2017-04-28,171.39796447753906,173.10435070879285,170.47651435041877,172.84839017036603,289800,1.7111532259803346,172.4214175208298,-1.024765270853789,172.25409851074218,175.67640496270286,168.8317920587815,34.91620111731844,0,-0.8749992949777265,-1.1118851460212393,0.23688585104351279
2017-05-01,170.24610900878906,172.2255228261172,168.93219764422457,171.36380266627685,341800,1.7419994259250502,172.02590688227693,-0.6225448451133153,172.22423934936523,175.70823820121532,168.74024049751515,17.94340924775708,0,-0.988655351579979,-1.0872391871329872,0.0985838355530082
2017-05-02,171.2017059326172,171.5515181777617,170.08402521545509,170.08402521545509,228300,1.7569609597995068,171.876052164157,0.6874552981306126,172.17390060424805,175.68782252384705,168.65997868464905,-33.20655354008192,0,-0.9902054378822811,-1.067832437282846,0.07762699940056494
2017-05-03,171.53439331054688,171.78181346297592,169.7853456884112,171.13339170385817,351000,1.7617837944312842,171.81393237259152,0.499840556306963,172.1308120727539,175.65437966161647,168.60724448389135,53.74507227332457,0,-0.9535963364565418,-1.0449852171175853,0.09138888066104345
2017-05-04,160.5794677734375,168.3947061249893,156.65477458228276,168.3947061249893,1156000,3.090936969043667,169.7713024454726,-5.918512338045301,171.68459548950196,177.8664694275893,165.50272155141462,229.34472934472936,1,-1.7879439911607165,-1.1935769719262117,-0.5943670192345047
2017-05-05,166.7991943359375,168.7018106567871,161.10839985613055,162.0554443958699,592700,3.2771389907362813,169.23091915282984,-2.068824648727674,171.47385482788087,178.02813280935342,164.91957684640832,-48.72837370242215,1,-1.9250992200182964,-1.3398814215446286,-0.5852177984736677
2017-05-08,166.63710021972656,167.37937386339885,164.86245745739336,166.73947919990474,382600,3.395279914727146,168.75931571044742,-4.128216263878426,171.1116714477539,177.9022312772082,164.32111161829962,-35.44795005905179,0,-2.0235491525244527,-1.4766149677405935,-0.5469341847838591
2017-05-09,167.21722412109375,167.81445634364388,166.02274665730744,166.55173492758274,264800,3.4322569182363765,168.47893542147403,-4.395149977177837,170.77466049194337,177.63917432841612,163.9101466554706,-30.78933612127548,0,-2.0313442111877578,-1.5875608164300263,-0.44378339475773143
2017-05-10,167.62680053710938,168.93218455810867,166.62856646332696,166.696823453674,340200,3.316501837389255,168.324001806135,-3.254873741841502,170.384326171875,177.0173298466535,163.75132249709648,28.474320241691853,0,-1.9816294665701264,-1.6663745464580464,-0.31525492011208
2017-05-11,166.86744689941406,167.9936546089119,165.9715918690272,167.8315589150263,284500,3.305788759176179,168.05917364127663,-3.269209829654318,170.04006271362306,176.65164023197542,163.4284851952707,-16.37272192827748,0,-1.9806717150582926,-1.7292339801780958,-0.25143773488019683
2017-05-12,165.59620666503906,166.7821442740634,165.00750148165818,166.4835345705869,280400,3.3615604867168907,167.61136146377888,-3.384963077120029,169.66124420166017,176.38436517509396,162.93812322822637,-1.4411247803163496,0,-2.0587590598916847,-1.7951389961208137,-0.263620063770871
2017-05-15,168.3349609375,168.7871521307584,164.71741837274232,165.06723058449026,337200,3.3504940664047425,167.74292500445543,-1.1225795892876422,169.512361907959,176.2133500407685,162.8113737751495,20.25677603423681,0,-1.8780008375574937,-1.81171136440815,-0.06628947314934375
2017-05-16,167.45614624023438,168.82978710121705,167.23430779121722,168.21548727402677,336800,3.3788475208955315,167.69078341096068,-2.18780512260609,169.38352890014647,176.14122394193754,162.6258338583554,-0.11862396204033177,0,-1.7850843048831564,-1.8063859525031514,0.02130164761999498
2017-05-17,163.0878143310547,167.4561707434673,162.94277310322926,167.4561707434673,270600,3.6417498593631685,166.85387994188687,-4.924131433047629,169.00385665893555,176.2873563776619,161.7203569402092,-19.65558194774347,0,-2.040414532097003,-1.8531916684219218,-0.18722286367508123
2017-05-18,162.39671325683594,163.75328667457137,161.26196527877337,162.2260773018038,532800,3.9027215773050754,166.04348599915033,1.1316798520981441,168.58962936401366,176.3950725186238,160.78418620940352,96.89578713968959,0,-2.2723375646712043,-1.9370208476717783,-0.335316716999426
2017-05-19,166.79066467285156,168.07898111037056,162.7465261259045,163.21578476827528,425800,3.9000795052268877,166.17933666709598,-0.00511373158599282,168.41301879882812,176.2131778092819,160.61285978837435,-20.082582582582585,0,-2.077633416667709,-1.9651433614709646,-0.11249005519674427
2017-05-22,167.16610717773438,170.20348535581402,166.9784166848971,169.20525105469142,272300,3.6934791188496345,166.35874948721204,0.3174604918774193,168.0807014465332,175.46765968423247,160.69374320883392,-36.04978863316111,0,-1.8714608682223002,-1.9464068628212317,0.07494599459893148
2017-05-23,167.2514190673828,167.75479980181757,165.41705936523297,167.35379805914806,170200,3.3276226779404374,166.5210530472431,0.020449416301926426,167.6980453491211,174.35329070500197,161.0427999932402,-37.495409474843925,0,-1.6817969730498419,-1.8934848848669537,0.21168791181711177
2017-05-24,167.09735107421875,168.8089756690891,166.86627809748666,167.77343704338244,191000,3.0594095174922162,166.62583450669322,-0.31585012730313,167.38959274291992,173.50841177790434,161.2707737079355,12.220916568742645,0,-1.526324450952842,-1.8200527980841315,0.2937283471312895
2017-05-25,168.97158813476562,169.3823743957932,167.2770833816996,167.31131012901034,182900,2.842616979181483,167.05233516634274,1.2609656793154622,167.21281890869142,172.8980528670544,161.52758495032845,-4.240837696335076,0,-1.237609695751189,-1.7035641776175432,0.46595448186635413
2017-05-26,168.01309204101562,169.82741010062273,167.74777923499676,168.39820499875066,249500,2.6762216108731685,167.22701823446505,1.4595052777176987,167.04357528686523,172.39601850861158,161.6911320651189,36.413340623291425,0,-1.0737660893738052,-1.5776045599687958,0.5038384705949905
2017-05-30,166.0960693359375,169.22834580077745,165.702389892818,168.4495533959358,244700,2.5737693423241117,167.02139116200547,-1.33002175489485,166.83607330322266,171.9836119878709,161.68853461857444,-1.923847695390779,0,-1.0860868290630208,-1.479301013787641,0.3932141847246202
2017-05-31,167.57669067382812,168.00459704419535,164.92367901275097,166.2330714613814,469500,2.3697014355105104,167.12235470960957,0.07198567284643076,166.6548225402832,171.3942254113042,161.91541966926218,91.86759297098487,0,-0.9652505288844679,-1.3764909168070065,0.4112403879225386
2017-06-01,166.27577209472656,168.45809615117196,165.07764005442627,168.45809615117196,346500,2.0729463706908406,166.96843059781264,1.9547492108764164,166.3918914794922,170.53778422087387,162.2459987381105,-26.198083067092647,0,-0.9633551885716827,-1.2938637711599419,0.3305085825882592
2017-06-02,165.847900390625,167.4568320864851,165.52270051706157,166.10464675508433,276400,1.5689229344967932,166.76469783286944,2.1251582403215785,166.65531311035156,169.79315897934515,163.51746724135796,-20.23088023088023,0,-0.9850240443396103,-1.2320958257958756,0.2470717814562653
2017-06-05,163.6142120361328,165.7708629889635,163.25477238710457,164.9064971466809,310100,1.7089432351363516,166.1918822334628,-1.904454690524282,166.49606399536134,169.91395046563403,163.07817752508865,12.192474674384957,0,-1.1689616884552834,-1.2194689983277573,0.05050730987247398
2017-06-06,161.60305786132812,163.42594246114945,161.55171120645895,162.76696325345284,368200,2.0280116179108623,165.3575505294383,-3.3278571896703357,166.2443618774414,170.30038511326313,162.18833864161968,18.73589164785554,0,-1.460184828832837,-1.2676121644287732,-0.19257266440406373
2017-06-07,162.50169372558594,162.5701602977011,160.8071754477285,161.74857449098263,257500,2.1775539624649793,164.8383038378288,-2.8398714751013854,166.00858535766602,170.363693282596,161.65347743273605,-30.06518196632265,0,-1.6000247721071048,-1.3340946859644396,-0.2659300861426652
2017-06-08,164.75244140625,164.94072118006667,161.91970443472783,162.32193730982152,401600,2.159913060732505,164.82269248663263,-1.4033194738839572,165.86486740112304,170.18469352258805,161.54504127965802,55.96116504854369,0,-1.5118052571595513,-1.369636800203462,-0.14216845695608926
2017-06-09,165.57400512695312,166.54107719538632,164.2303735607704,164.7952128073947,389000,2.147643136578228,164.95929478487272,-2.010742187676373,165.8001953125,170.09548158565644,161.50490903934354,-3.1374501992031845,0,-1.3599210069632761,-1.3676936415554248,0.0077726345921487194
2017-06-12,166.68658447265625,166.94333080387742,164.50426024526772,165.34295273917337,497900,2.1560157941336495,165.2733474553788,-0.7895263114588436,165.85471420288087,170.16674579114817,161.54268261461357,27.9948586118252,1,-1.1366729314319173,-1.3214894995307236,0.1848165680988063
2017-06-13,168.3126220703125,169.74182720218192,166.86629703412694,166.969003401363,208400,2.15466861850049,165.8259428399122,1.3345004148725081,165.85359725952148,170.16293449652247,161.5442600225205,-58.14420566378791,0,-0.8190975319127176,-1.2210111060071225,0.40191357409440487
2017-06-14,168.39817810058594,169.81881649423138,168.081518691937,168.52654471310683,243400,2.201335688732937,166.2936219782165,0.49021580713559665,165.90069885253905,170.30337023000493,161.49802747507317,16.794625719769684,0,-0.5541254696817077,-1.0876339787420397,0.533508509060332
2017-06-15,167.3626708984375,168.13290989383572,166.67801836652603,167.04602448912607,160200,2.1198686711245323,166.48799450916576,0.653672384147308,166.11444168090821,170.3541790231573,161.87470433865914,-34.18241577649959,0,-0.42281601859309603,-0.954670386712251,0.531854368119155
2017-06-16,159.1639862060547,166.34425170664733,158.6248332749248,165.84787894851092,946500,2.506284951844662,165.1563566358728,-4.030147001455886,165.95280532836915,170.96537523205848,160.94023542467983,490.8239700374532,1,-0.9691459566642777,-0.9575655007026564,-0.011580455961621272
2017-06-19,160.17384338378906,161.9368147444697,157.88882596457734,161.9368147444697,497200,2.8083812308144003,164.25044513549395,-2.102732158489984,165.62196426391603,171.23872672554484,160.00520180228722,-47.469624933967246,0,-1.3055794272236483,-1.027168286006855,-0.27841114121679333
2017-06-20,159.41217041015625,160.49904269459748,158.17979853430273,159.20677074462728,382500,3.103682729413606,163.3707588217962,-1.3557215316135185,165.2342674255371,171.4416328843643,159.0269019667099,-23.06918744971842,0,-1.6150487433394858,-1.1447443774733812,-0.4703043658661046
2017-06-21,159.67745971679688,160.55039191493415,158.7617342921379,159.62611306843456,293700,3.3004389769101747,162.69924989361448,-1.7379720444996138,164.8555694580078,171.45644741182815,158.25469150418746,-23.215686274509807,0,-1.8179426646288164,-1.2793840349044683,-0.5385586297243481
2017-06-22,158.7874298095703,159.69460193918147,158.0942238424731,159.65180870667868,546100,3.5191883467100884,161.9880098783337,-3.620590715236227,164.4400733947754,171.4784500881956,157.4016967013552,85.93803200544774,1,-2.0271873800088827,-1.4289447039253511,-0.5982426760835315
2017-06-23,159.8999786376953,161.5345833837631,158.41087348483924,158.71896645761296,627000,3.4888708427764645,161.60836783458126,-3.42688242934468,163.9864929199219,170.96423460547481,157.00875123436896,14.814136605017403,1,-2.0792733629774887,-1.5590104357357786,-0.5202629272417101
2017-06-26,159.4292755126953,161.31207311281838,159.12974902806482,159.96844146715418,200400,3.4954316810365715,161.212169230602,-4.353865059339224,163.55730209350585,170.548165455579,156.5664387314327,-68.03827751196172,0,-2.133935013588456,-1.6739953513063142,-0.45993966228214167
2017-06-27,160.01124572753906,161.79133708941347,158.97570697607898,158.97570697607898,261800,3.5274915257550292,160.99381950277237,-4.932117532638491,163.25306091308593,170.30804396459598,156.19807786157588,30.63872255489022,0,-2.1060177709902916,-1.7603998352431098,-0.3456179357471818
2017-06-28,160.34500122070312,161.69718629064263,160.2337414372629,160.73011416359464,192000,3.4302746788157616,160.87585254239613,-4.782223282173859,162.8914764404297,169.75202579806123,156.03092708279817,-26.661573720397246,0,-2.0335207151297254,-1.815024011220433,-0.21849670390929243
2017-06-29,158.51356506347656,160.68732269423293,156.9731002163822,160.46481618357603,223300,3.466144233638601,160.4463457280471,-5.287383254256817,162.50336608886718,169.43565455614439,155.57107762158998,16.30208333333334,0,-2.099644473477781,-1.8719481036719026,-0.22769636980587848
2017-06-30,159.3179931640625,159.96840569770524,158.01715503811994,159.2923198442251,275300,3.441982810397837,160.24119071641354,0.09675992771909225,162.17687072753907,169.06083634833473,155.2929051067434,23.28705776981639,0,-2.063352361897728,-1.9102289553170677,-0.15312340658066015
2017-07-03,163.92227172851562,164.93213696853095,159.11261108841975,159.48917056575908,191700,3.449434715340486,160.91047817315936,2.340225011486452,162.1922737121582,169.09114314283917,155.29340428147722,-30.366872502724295,0,-1.6441115073769481,-1.857005465729044,0.2128939583520959
2017-07-05,165.1461181640625,165.99337713241454,163.63989305676407,164.48713896645535,245600,3.508064057239811,161.68059453514175,3.5969322412167104,162.36942672729492,169.38555484177454,155.3532986128153,28.1168492436098,0,-1.1992813614566273,-1.7254606448745609,0.5261792834179335
2017-07-06,163.78536987304688,165.47132122820955,163.42593025714325,164.6326157324411,543400,3.5223255204992436,162.06328096021542,2.5726299526155794,162.43361053466796,169.47826157566644,155.3889594936695,121.2540716612378,0,-0.9456504115265147,-1.5694985982049519,0.6238481866784371
2017-07-07,165.08619689941406,165.5996895322805,164.08489801811854,164.68396405068935,238000,3.5346587161229803,162.6129020400697,3.966792017099663,162.45029830932617,169.51961574157212,155.38098087708022,-56.20169304379831,0,-0.6323903841328615,-1.3820769553905339,0.7496865712576724
2017-07-10,165.41140747070312,166.49829279524957,163.37456992962524,164.93215465131067,352100,3.5272751808922416,163.12172120927576,3.446797729407902,162.44216842651366,169.49671878829815,155.38761806472917,47.941176470588246,0,-0.35380928707905923,-1.176423421728239,0.8226141346491798
2017-07-11,166.78070068359375,167.41399341089172,164.7780900312764,165.90776850482254,389100,3.533293420509831,163.7869902046063,4.6110886142194385,162.44687423706054,169.5134610780802,155.38028739604087,10.508378301618858,0,-0.022284361725638746,-0.9455956097277189,0.9233112480020802
2017-07-12,170.64898681640625,171.5390390225435,167.23430370835698,167.31132369004362,362000,3.768245498641195,165.03462595220628,6.648120912064348,162.56369247436524,170.10018347164763,155.02720147708285,-6.964790542277055,0,0.5462925717154974,-0.6472179734390757,1.193510545154573
2017-07-13,169.78465270996094,171.4192578283826,169.66483947429282,171.16251144947574,267600,3.8919534888760734,165.89826718088892,5.88708810215095,162.63301620483398,170.41692318258612,154.84910922708184,-26.077348066298345,0,0.9165835444476329,-0.3344576698617341,1.251041214309367
2017-07-14,169.5792694091797,170.74317512204053,169.33108948936774,170.01574221316784,288200,4.0615907684848285,166.56754031330541,6.980919482362213,162.74384613037108,170.86702766734075,154.62066459340141,7.698056801195818,0,1.1798683048512828,-0.0315924749191307,1.2114607797704136
2017-07-17,169.69044494628906,170.37509733002383,167.85900732852696,169.65621820349844,201000,4.250903267438505,167.13534115566608,6.510533792341477,163.27016906738282,171.77197560225983,154.76836253250582,-30.256766134628734,0,1.3815684499528516,0.25103971005526576,1.1305287398975858
2017-07-18,168.92025756835938,169.71615684104876,167.1230462849186,169.51932364328596,286600,4.363995468115041,167.4598714125194,3.0489974224620964,163.70748977661134,172.4354807128414,154.97949884038127,42.587064676616926,0,1.4624118104118224,0.4933141301265771,0.9690976802852453
2017-07-19,169.8701934814453,170.9142855650418,168.63782164122256,169.54498061842548,365500,4.447975936101283,167.89811178868774,2.8605427544410977,164.2303909301758,173.12634280237836,155.3344390579732,27.52965806001395,0,1.5848633273661505,0.7116239695744918,0.8732393577916587
2017-07-20,170.46923828125,172.74570192173067,169.98141904743636,170.56337814784607,250800,4.520574125400759,168.36558933278997,4.080870234859146,164.76997985839844,173.81112810919996,155.72883160759693,-31.38166894664842,0,1.7105270545670237,0.9114045865729982,0.7991224679940255
2017-07-21,172.3177947998047,172.9938807041829,169.8701713413355,170.16114436050293,235000,4.590042337301234,169.08417214497445,4.380498210154293,165.44649810791014,174.6265827825126,156.2664134333077,-6.299840510366828,0,1.9369515539445388,1.1165139800473063,0.8204375738972325
2017-07-24,172.58314514160156,173.86686384144926,172.2921720370483,172.36062554275102,263000,4.659037632318624,169.72034905345208,4.33569714481068,166.08065643310547,175.39873169774273,156.76258116846822,11.91489361702127,0,2.113443692643557,1.3158999225665564,0.7975437700770005
2017-07-25,174.26048278808594,174.43165568169454,172.10384536212783,172.94253769444487,344500,4.7244963926261185,170.5458279142946,4.484800743631823,166.822216796875,176.27120958212726,157.37322401162277,30.98859315589353,0,2.361440893421957,1.5250081167376366,0.8364327766843203
2017-07-26,174.14923095703125,175.18475641616007,173.31052559071674,175.1419631940162,256100,4.709442560560355,171.20099210388304,2.05113678429909,167.52911605834962,176.94800117947034,158.1102309372289,-25.66037735849057,0,2.519954897327466,1.7239974728556025,0.7959574244718635
2017-07-27,173.59298706054688,174.98796547525436,172.86555434326164,174.50871261241676,513000,4.575574191654034,171.63590027782192,2.2430380424852903,168.1915153503418,177.34266373364986,159.04036696703375,100.31237797735261,1,2.571056613518749,1.8934093009882318,0.6776473125305174
2017-07-28,175.99781799316406,176.20321767396595,173.23354754801025,173.7470402206844,218700,4.290579574726224,172.42897622606594,3.7849842179099147,169.06572799682618,177.64688714627863,160.48456884737374,-57.36842105263158,0,2.7736321451763217,2.06945386982585,0.704178275350472
2017-07-31,176.3914794921875,177.23873839824483,176.10050643467036,176.3144595167259,267800,3.932626633194921,173.14943136536078,3.948975764675189,169.9194023132324,177.78465557962224,162.05414904684258,22.45084590763604,0,2.9321400215233098,2.241991100165342,0.6901489213579679
2017-08-01,176.80227661132812,177.52972235845564,175.59557802034934,177.34999601268112,314300,3.9534072549766126,173.81358504644575,4.666118295361366,170.56340255737305,178.47021706732627,162.65658804741983,17.363704256908143,0,3.055682543589569,2.4047293888501873,0.6509531547393816
2017-08-02,178.1886749267578,179.07016050257508,175.04783246691343,176.51983058663245,350900,4.086251297848559,174.6090559337752,4.896963543060373,171.2155303955078,179.38803299120494,163.0430277998107,11.644925230671333,0,3.2282484017829916,2.5694331914367483,0.6588152103462432
2017-08-03,183.08395385742188,183.79427976842533,178.33420513688085,178.86480468492556,646600,4.4972621297259225,176.1499464653473,7.399995273844895,172.18045959472656,181.1749838541784,163.1859353352747,84.26902251353663,1,3.7171669985199287,2.7989799528533847,0.918187045666544
2017-08-04,183.1010284423828,184.3162802714496,182.32223616009608,183.1181483438228,200900,4.795752065471874,177.41377955208105,6.257759771766969,173.081201171875,182.67270530281874,163.48969704093125,-68.92978657593567,0,4.059224076831811,3.05102877764907,1.0081952991827405
2017-08-07,182.75015258789065,183.64875811359823,181.75742024560324,183.1609518936571,208000,4.902291631422884,178.38402919495553,5.891077855805227,173.94813842773436,183.75272169058013,164.1435551648886,3.534096565455447,0,4.252968453762463,3.291416712871749,0.9615517408907142
2017-08-08,183.1438751220703,183.9740142923166,182.41642927312049,182.9299219969277,214300,5.007460419482891,179.24945572715822,5.097766396519887,174.76629714965821,184.781217988624,164.75137631069242,3.028846153846154,0,4.387703669710902,3.51067410423958,0.877029565471322
2017-08-09,183.7942352294922,184.8554471270796,182.36503033031724,182.9897826788606,250000,5.293143931947711,180.0757792730371,5.538355937294215,175.4235595703125,186.00984743420793,164.83727170641708,16.658889407372833,0,4.495143705935391,3.7075680245787423,0.7875756813566483
2017-08-10,182.3564910888672,186.98643888369776,182.32225128314712,183.67443631857608,208600,5.334573400060134,180.49045414864258,5.048305335781644,176.05215148925782,186.7212982893781,165.38300468913755,-16.559999999999995,0,4.413401823315752,3.8487347843261444,0.5646670389896076
2017-08-11,182.42498779296875,184.2307526126987,182.3051745704652,183.85419303949823,144600,5.287323519232039,180.84218753852005,3.651846297352579,176.69443740844727,187.26908444691134,166.1197903699832,-30.680728667305846,0,4.304527984857572,3.9398934244324297,0.364634560425142
2017-08-14,184.0082092285156,184.9324881363483,182.9726835947356,183.8456158507987,365500,5.258303904389481,181.41782784579195,4.3180825730675165,177.4103256225586,187.92693343133755,166.89371781377963,152.76625172890732,0,4.296470385654942,4.011208816676932,0.2852615689780098
2017-08-15,183.42626953125,185.1122209696792,183.20376301289,184.11947547177616,228100,5.0206654280170895,181.78299906132975,3.746554086791365,178.13562622070313,188.17695707673732,168.09429536466894,-37.592339261285915,0,4.194772286376377,4.047921510616821,0.14685077575955585
2017-08-16,180.4224090576172,184.2564456464091,180.2426826753108,183.4947729950405,260900,4.646895285872038,181.53561906065474,1.2535780580766653,178.66323699951172,187.9570275712558,169.36944642776766,14.379658044717235,0,3.827666418260037,4.003870492145465,-0.1762040738854278
2017-08-17,178.38551330566406,181.69750264256675,178.2143534618055,180.04579121427605,197100,4.230722378914248,180.96287255974732,-2.5662765374931507,179.0590507507324,187.5204955085609,170.5976059929039,-24.453813721732466,0,3.3339403200841957,3.869884457733211,-0.5359441376490155
2017-08-18,175.6298065185547,178.60802975545926,175.41585343713734,178.33417660174814,215900,4.01213906871986,179.99322418862135,-4.08038228260369,179.22465133666992,187.24892947410964,171.2003731992302,9.538305428716388,0,2.689295794962419,3.633766725179053,-0.9444709302166339
2017-08-21,174.51724243164062,176.17752038095864,173.95240318026575,175.4072945353815,242900,3.8642150130317985,178.99759114189757,-4.50500863592469,179.32135620117188,187.04978622723547,171.5929261751083,12.505789717461791,0,2.0648336239597143,3.319980104935185,-1.2551464809754709
2017-08-22,177.77789306640625,178.23147256021585,174.55148995891687,175.72394868155752,191700,3.6982373160001396,178.77582785544462,-2.9299271144544115,179.4972267150879,186.89370134708818,172.1007520830876,-21.07863318237958,0,1.8121606503183045,3.018416214011809,-1.2062555636935044
2017-08-23,177.5289764404297,177.9066267229531,176.75651947816743,177.4088161774892,105700,3.5136129418870885,178.54912759816915,-3.408844015830781,179.6662139892578,186.693439873032,172.63898810548363,-44.86176317162233,0,1.57368949396502,2.7294708700024515,-1.1557813760374316
2017-08-24,179.70045471191406,179.89787115073457,177.26291043526896,177.99246331711416,200300,3.2103129151169827,178.75845980066822,-1.4565077234672041,179.97158737182616,186.39221320206013,173.5509615415922,89.49858088930938,0,1.5421426723939362,2.4920052304807485,-0.9498625580868123
2017-08-25,179.3314208984375,182.3440192276307,178.73919769179963,180.2669554526828,407600,3.076903739909603,178.86263454571716,-1.6958021661166778,180.13826751708984,186.29207499690904,173.98446003727065,103.4947578632052,1,1.4704136313712297,2.2876869106588447,-0.817273279287615
2017-08-28,176.91102600097656,180.1811142656732,176.79945702028454,179.96654140739662,209300,3.0456402553897277,178.5077966284916,-3.856992716409302,180.16424484252929,186.25552535330874,174.07296433174983,-48.650637880274786,0,1.2043788794178454,2.071025304410645,-0.8666464249927994
2017-08-29,179.21127319335938,179.48591967142104,176.06992306600145,176.6020596210823,285300,2.951874766364231,178.63570145846754,-2.297924037087029,180.28469467163086,186.1884442043593,174.3809451389024,36.31151457238413,0,1.165717480790704,1.8899637396866569,-0.7242462588959528
2017-08-30,180.7132873535156,180.8162781480016,178.97953476622723,179.64042292265466,172800,2.9112254393030415,179.01344434847627,0.16122071388899872,180.41092529296876,186.23337617157483,174.58847441436268,-39.43217665615142,0,1.2419614749181562,1.7603632867329568,-0.5184018118148006
2017-08-31,183.64002990722656,184.0348366090257,180.54159749346888,181.2883068051446,257300,2.9406051246678944,179.8546417227945,2.9455960319820784,180.438729095459,186.3199393447948,174.5575188461232,48.900462962962955,0,1.521015731297922,1.71249377564595,-0.19147804434802795
2017-09-01,184.55841064453125,185.2707941242369,183.9919351406947,184.0091046368229,195200,3.026842645347719,180.70987243583755,5.083763572348565,180.5115982055664,186.56528349626183,174.45791291487097,-24.13525068013992,0,1.7955756122773323,1.7291101429722266,0.06646546930510566
2017-09-05,183.10791015625,185.2708084586589,182.16379733996456,184.93607528894591,381200,3.0417884463357305,181.14587929409436,4.922532355491693,180.52948608398438,186.61306297665584,174.44590919131292,95.28688524590163,1,1.8745147893381784,1.758191072245417,0.11632371709276135
2017-09-06,181.61447143554688,183.751608709893,181.288316501973,183.6142789382316,348400,2.991411139296126,181.23107786526754,2.1580739331338084,180.4530158996582,186.43583817825044,174.47019362106596,-8.604407135362013,0,1.7958650182688984,1.7657258614501135,0.030139156818784985
2017-09-07,180.1811065673828,181.34838339039453,178.12979065376155,181.3312269919368,173700,2.8862626044972957,181.04017399292485,1.4939139402085466,180.27235946655273,186.0448846755473,174.49983425755815,-50.143513203214695,0,1.5994366324406144,1.7324680156482137,-0.13303138320759933
2017-09-08,180.6102600097656,181.459973243406,178.64477839010738,179.571734709582,225300,2.846029835154148,180.9620078141686,0.5062899252592734,180.18504791259767,185.87710758290598,174.49298824228936,29.70639032815199,0,1.4615470135066744,1.678283815219906,-0.21673680171323162
2017-09-11,181.7689666748047,181.94921364616383,180.241208904193,181.00508778949884,259300,2.8225388013871537,181.10872760701153,1.3592407644768878,180.15224685668946,185.79732445946377,174.50716925391515,15.090989791389253,0,1.4292904703734166,1.6284851462506083,-0.19919467587719164
2017-09-12,183.29672241210932,183.32247010823383,181.8462077468185,182.1380367970431,141400,2.7754729369641056,181.50654484430203,3.6095525278890817,180.11667251586914,185.66761838979735,174.56572664194093,-45.468569224836095,0,1.5096022920298253,1.6047085754064518,-0.09510628337662652
2017-09-13,180.6102600097656,183.29671638667384,180.4986910290566,182.95340505197416,154800,2.6680906950303513,181.3435839652954,0.7806354988041386,179.97587203979492,185.31205342985564,174.6396906497342,9.476661951909481,0,1.3410165214365577,1.551970164612473,-0.21095364317591536
2017-09-14,180.36996459960932,181.20250845362435,179.33143915465612,181.0823481600804,244500,2.667654472394094,181.1665622624434,-0.18998202010163112,179.97324981689454,185.30855876168272,174.63794087210636,57.94573643410852,0,1.1744825485497756,1.4764726413999336,-0.301990092850158
2017-09-15,182.3096618652344,182.41265263244293,180.4300017847613,180.4300017847613,348600,2.6889559139116885,181.37439855385992,-0.7244433812520379,180.16945724487306,185.54736907269643,174.7915454170497,42.576687116564415,0,1.1853564821663838,1.4182494095532239,-0.2328929273868401
2017-09-18,185.0218963623047,186.7041402902693,182.82465922313443,183.29672214554384,284300,2.67450303619797,182.03757997357715,0.2511322654734638,180.63906173706056,185.9880678094565,175.2900556646646,-18.445209409064834,0,1.396728196507894,1.4139451669441578,-0.017216970436263912
2017-09-19,186.309310913086,187.3735838126593,184.39531175994247,185.1334428498821,425500,2.5508385976963726,182.8142583262151,1.7483683550886253,181.22866516113282,186.33034235652556,176.12698796574008,49.665845937390074,1,1.649115421806357,1.460979217916598,0.18813620388975916
2017-09-20,187.2105255126953,187.8628353916727,186.2492432866084,186.35223406897825,294500,2.7439394552834306,183.61357963284786,3.0812820327120294,181.70029678344727,187.18817569401412,176.21241787288042,-30.787309048178614,0,1.8999531256779107,1.5487739994688605,0.35117912620905023
2017-09-21,188.1203155517578,188.28339302427972,185.54544117675,187.75125651098776,276400,2.913333913358637,184.43298616355875,4.406238331878565,182.22986373901367,188.05653156573095,176.40319591229638,-6.146010186757211,0,2.1474023483437463,1.6684996692438379,0.47890267909990847
2017-09-22,189.14163208007807,190.12867484159284,188.2060977928431,188.3176798423888,172400,3.2296375500819736,185.28910360292588,4.7236364478137505,182.70192260742186,189.1611977075858,176.2426475072579,-37.62662807525325,0,2.3982735438784744,1.8144544441707653,0.5838190997077091
2017-09-25,189.236068725586,189.6823838840941,187.2362483555916,188.9614223102253,212400,3.4382545808144953,186.0067336252277,4.108018099778499,183.1971549987793,190.0736641604083,176.3206458371503,23.201856148491885,0,2.5750277053336674,1.966569096403346,0.6084586089303214
2017-09-26,190.720947265625,191.27883146484564,188.5065537716389,188.8241174145964,209200,3.4956110279680046,186.8638633780272,4.050386038449538,183.8876510620117,190.87887311794773,176.8964290060757,-1.5065913370998163,0,2.802617114735199,2.133778700069717,0.668838414665482
2017-09-27,191.7937774658203,192.36883105866187,190.26600692053503,191.4418748936904,279300,3.733835242696351,187.76021139398955,6.192072064704424,184.51677627563475,191.98444676102747,177.04910579024204,33.50860420650095,0,3.0345711453105366,2.313937189117881,0.7206339561926556
2017-09-28,191.4504852294922,192.41176744498168,190.08580499218377,191.6993970794594,279200,3.9251845932935034,188.43117027317183,6.143218276102536,185.0536361694336,192.9040053560206,177.20326698284657,-0.03580379520229382,0,3.154334368130435,2.482016624920392,0.6723177432100429
2017-09-29,194.3515472412109,194.8579361296555,190.46348743611992,191.78525070530392,274400,4.4215408435441645,189.50760244917893,6.605182222803974,185.5892120361328,194.43229372322114,176.74613034904448,-1.7191977077363862,0,3.4436428727773887,2.6743418744917915,0.7693009982855972
2017-10-02,197.346923828125,197.51000128007027,194.53172924771644,195.25270393507896,228500,5.132222134882224,190.9329336089873,6.661388575158589,186.2286376953125,196.49308196507695,175.96419342554805,-16.727405247813408,0,3.8700127067386347,2.9134760409411604,0.9565366657974743
2017-10-03,199.1236724853516,199.5442401290448,197.4070891018572,198.6172835303788,436800,5.822696637468983,192.42215885923534,6.8780038471848215,187.02942581176757,198.67481908670553,175.3840325368296,91.15973741794309,1,4.301695373162374,3.1911199073854033,1.110575465776971
2017-10-04,200.9603271484375,201.03757022331496,198.4112009055929,198.44553989208475,373600,6.449019921459016,193.9745530936357,7.344566550458076,187.9967185974121,200.89475844033012,175.09867875449407,-14.468864468864473,0,4.73739988125439,3.5003759021592007,1.2370239790951896
2017-10-05,200.9775238037109,201.71565495521,199.07211578696888,200.2308013561848,248500,6.790086678412262,195.24782049546758,6.834566598638125,189.03653945922852,202.61671281605305,175.456366102404,-33.48501070663812,0,5.0261481620177335,3.8055303541309073,1.2206178078868262
2017-10-06,202.41085815429688,202.51384892924352,200.1621389247143,200.9775131181785,270600,7.108583307414234,196.55019097889107,7.015497290729167,190.12656936645507,204.34373598128354,175.9094027516266,8.893360160965802,0,5.309437467938665,4.1063117768924595,1.2031256910462051
2017-10-09,202.50523376464844,203.36352498982947,201.79285047617,202.69405888190704,194300,7.334092513808938,197.63292603084693,7.011964013215821,191.16338272094725,205.83156774856513,176.49519769332937,-28.196600147819662,0,5.478409907671875,4.380731403048342,1.0976785046235324
2017-10-10,201.59552001953125,203.27776409483027,200.96895776923577,203.27776409483027,237800,7.44167564438717,198.35339766515318,5.7018240050794144,192.07832260131835,206.9616738900927,177.194971312544,22.388059701492537,0,5.475793943092583,4.599743911057191,0.8760500320353923
2017-10-11,200.78009033203125,202.2992696969677,200.1106241230396,201.22640550352125,226100,7.167380020485657,198.79461451367644,4.685403762805795,193.08681411743163,207.42157415840293,178.75205407646033,-4.920100925147186,0,5.34629366593677,4.749053862033106,0.5972398039036637
2017-10-12,202.0761566162109,203.1146820165048,200.3252345895913,200.98612272390776,432500,6.772962770462746,199.39125853231906,5.550088511910389,194.17212371826173,207.7180492591872,180.62619817733625,91.28704113224238,1,5.287296814299822,4.8567024524864495,0.4305943618133723
2017-10-13,201.18348693847656,202.8485742507383,200.71143717378283,202.2048557390796,229200,6.3337758691748425,199.71711824252952,3.51524842186437,195.11581497192384,207.78336671027353,182.44826323357415,-47.00578034682081,0,5.1096099982487715,4.907283961638914,0.2023260366098576
2017-10-16,202.4967193603516,202.6426404489464,200.76297985663948,201.03762634281088,252900,6.067773818819704,200.2225002639517,2.609513962686183,195.98955612182618,208.1251037594656,183.85400848418678,10.340314136125661,0,5.016926788577706,4.929212527026673,0.08771426155103335
2017-10-17,201.89588928222656,203.32923439782755,201.5010825587133,202.6168640362944,195500,5.751751477173371,200.52675281272894,1.3922085517375615,196.7688850402832,208.27238799462995,185.26538208593647,-22.696718070383547,0,4.8392093184884,4.911211885319019,-0.07200256683061834
2017-10-18,201.60406494140625,202.69409867841668,199.2866807977244,202.6511814894344,321000,5.381392331091357,200.72262774521573,0.3203307847390535,197.48856201171876,208.25134667390148,186.72577734953603,64.19437340153453,0,4.621544865236302,4.853278481302476,-0.23173361606617338
2017-10-19,201.5354156494141,201.70707132213536,199.2695267186234,200.8487798620406,224600,4.972783939660126,200.87040736416088,0.277589172731596,198.15931701660156,208.10488489592183,188.2137491372813,-30.03115264797508,0,4.392866562441327,4.761196097530246,-0.3683295350889191
2017-10-20,202.05897521972656,203.174756744082,201.5611645981991,202.3078870787345,177300,4.561791123865087,201.08651061062736,-0.173845878516099,198.805184173584,207.92876642131418,189.6816019258538,-21.059661620658954,0,4.205406928396741,4.650038263703546,-0.44463133530680476
2017-10-23,201.3380126953125,203.2090817958586,200.32522196014065,203.2090817958586,251500,3.9928437588473127,201.13223826238828,-0.5763905690914006,199.4102813720703,207.39596888976493,191.42459385437567,41.84997179921037,0,3.953099299452475,4.5106504708533315,-0.5575511714008563
2017-10-24,202.4967193603516,202.75420944497395,201.38095082113733,201.38095082113733,191600,3.479272127369167,201.38032573474524,0.4470334165823875,199.99906997680665,206.957614231545,193.0405257220683,-23.81709741550696,0,3.802805258038262,4.369081428290318,-0.5662761702520562
2017-10-25,200.8401641845703,203.04597911171408,199.5098100503753,202.1276011344714,151800,2.895460283668148,201.28211454380434,0.029920223882617947,200.45138931274414,206.24230988008043,194.66046874540785,-20.772442588726513,0,3.509569852502807,4.197179113132816,-0.6876092606300093
2017-10-26,198.96910095214844,201.72420876727207,197.6301554860896,201.1920723374384,175100,2.021522878015948,200.86156661804873,-1.5375666857933568,200.82732009887695,204.87036585490884,196.78427434284507,15.349143610013183,0,3.0905733099385486,3.975857952493963,-0.8852846425554142
2017-10-27,200.3767242431641,200.59987530160143,198.21382615923923,199.5870845977961,189600,1.3396151215996497,200.77341345897878,-0.40100840659909043,201.12857894897462,203.80780919217392,198.44934870577532,8.280982295830963,0,2.8393684942790003,3.7485600608509704,-0.9091915665719701
2017-10-30,199.25233459472656,200.34236829227623,198.69445044761525,199.6214066908284,112100,1.1034551649650977,200.49685366547837,-1.6021912729615617,201.22384948730468,203.43075981723487,199.01693915737448,-40.87552742616034,0,2.520503228068918,3.50294869429456,-0.9824454662256419
2017-10-31,199.8359832763672,200.1621381911524,198.0164097443802,199.46691117334908,271500,1.0418786818822674,200.37669541291268,-1.02028130101246,201.25946502685548,203.34322239062,199.17570766309095,142.19446922390722,0,2.288515199481708,3.26006199533199,-0.9715467958502821
2017-11-01,200.54837036132807,200.7543519142349,199.2695114689197,200.13638106253973,178100,1.052125650410159,200.40790903989728,-0.5236474673191771,201.2388671875,203.34311848832033,199.13461588667968,-34.40147329650092,0,2.1375068511041775,3.035550966486428,-0.8980441153822505
2017-11-02,201.3294219970703,202.0761313316594,199.3467578421995,200.63419495507048,300400,1.0504662496928205,200.57545685029237,-0.10221213560901443,201.25646209716797,203.3573945965536,199.15552959778233,68.6692869174621,0,2.0571425280060396,2.8398692787903506,-0.782726750784311
2017-11-03,201.75857543945312,202.0847172816108,199.82741969608068,201.48391589185923,283500,1.0224923473632688,200.79056932104885,-0.14866935752136934,201.22384796142578,203.2688326561523,199.17886326669924,-5.625832223701732,0,2.0049702699510874,2.672889477022498,-0.6679192070714106
2017-11-06,202.737060546875,204.221901318184,201.42386237634724,201.4753708723699,243900,1.038964488961203,201.1444768166536,0.6948751668070186,201.2354393005371,203.3133682784595,199.1575103226147,-13.968253968253963,0,2.0193016971958,2.5421719210571587,-0.5228702238613585
2017-11-07,200.28228759765625,204.41066680989823,199.7673075597669,203.1232298116613,342400,1.0563618810742241,200.98771514047223,-1.0935642659744338,201.16977767944337,203.28250144159182,199.05705391729492,40.38540385403855,0,1.8116956947040137,2.3960766757865297,-0.584380981082516
2017-11-08,216.255126953125,217.5253946758613,201.6984976972831,201.6984976972831,1008600,3.5291580672640404,203.76360819731818,7.675239079364871,201.94352951049805,209.00184564502612,194.88521337596998,194.5677570093458,1,2.902581929715609,2.4973777265723456,0.40520420314326344
2017-11-09,208.17855834960932,215.41394775410845,207.83523397020832,214.81314646076405,409700,3.795012002897246,204.56632640682565,4.628586726979145,202.24864959716797,209.83867360296247,194.65862559137346,-59.379337695815984,0,3.079902345701072,2.613882650398091,0.4660196953029807
2017-11-10,206.556396484375,208.52187788535232,204.2046735042242,208.52187788535232,284800,3.904241349891821,204.9281573300164,3.0840269819520927,202.51729507446288,210.32577777424652,194.70881237467924,-30.485721259458142,0,3.0543267695945815,2.7019714742373893,0.35235529535719223
2017-11-13,205.28616333007807,206.6937740219943,204.350628698832,206.2732064545445,194200,3.9529873315188757,204.9932493300276,3.0282349000447795,202.6567672729492,210.56274193598694,194.75079260991146,-31.81179775280899,0,2.8981526418795625,2.7412077077658243,0.1569449341137381
2017-11-14,203.86997985839844,205.10592171936025,202.65120749453027,205.04583502777697,263600,3.95763197273322,204.78901851700408,2.0186537558915862,202.75547180175778,210.67073574722423,194.84020785629133,35.73635427394439,0,2.6297947134004005,2.7189251088927398,-0.08913039549233925
2017-11-15,202.17909240722656,203.92142266295656,201.2950534339837,203.5180247124688,148600,3.950910011226976,204.3144864970445,0.8131315367760905,202.7842231750488,210.68604319750276,194.88240315259483,-43.626707132018204,0,2.254687995969732,2.6260776863081383,-0.3713896903384062
2017-11-16,202.40231323242188,203.8957321006316,201.4839350165322,203.4150909432082,189400,3.9412318927534447,203.96681863074946,0.5329033504934966,202.8275680541992,210.7100318397061,194.9451042686923,27.45625841184387,0,1.9529133060214292,2.4914448102507967,-0.5385315042293675
2017-11-17,199.870346069336,202.10190930456744,199.79310297414835,202.10190930456744,218800,3.993730546357964,203.22200543776518,-0.9358855582739634,202.7181365966797,210.70559768939563,194.73067550396377,15.522703273495253,0,1.4922444355761968,2.291604735315877,-0.7993602997396803
2017-11-20,201.140625,201.5268535686374,199.535610935634,200.7973005306084,160300,3.997562695737978,202.84357263089876,-0.7874413994997664,202.70826721191406,210.70339260339003,194.7131418204381,-26.73674588665448,0,1.2156486889774953,2.076413526048201,-0.8607648370707057
2017-11-21,203.1060791015625,204.12744797672605,201.88730686876264,201.88730686876264,218100,3.9981876056013186,202.89130108011034,1.409905757407226,202.7387351989746,210.73511041017724,194.74235998777198,36.05739238927013,0,1.1418774347700378,1.8895063077925685,-0.7476288730225307
2017-11-22,201.513412475586,203.9325699043972,201.12599207717105,203.9325699043972,256300,3.984171043535209,202.64077587928773,-6.816816176910523,202.77239761352538,210.7407397005958,194.80405552645496,17.514901421366336,0,0.9440162661846614,1.7004082994709873,-0.7563920332863259
2017-11-24,201.8404998779297,202.31400336415788,201.0742899225619,202.31400336415788,62600,3.890541029108536,202.49527115176807,-3.0445299083278643,202.91596755981445,210.6970496180315,195.13488550159738,-75.57549746390949,0,0.8043312543325385,1.5211928904432976,-0.7168616361107591
2017-11-27,202.35708618164065,202.7530977932532,201.1001506335108,201.27233016623168,135800,3.8474761419027588,202.4701466117449,-2.0330090833338144,203.01498565673828,210.7099379405438,195.32003337293276,116.9329073482428,0,0.7269344259201489,1.3623411975386681,-0.6354067716185192
2017-11-28,207.57418823242188,207.9099428942463,201.4789386407625,203.2007601140068,250900,3.8690710383828413,203.39815417914068,1.114553881873137,203.43107833862305,211.16922041538874,195.69293626185737,84.75699558173785,0,1.0741908131132618,1.3047111206535869,-0.23052030754032504
2017-11-29,206.34312438964844,208.28017397269284,205.9901608937797,207.61728201807867,168100,3.8241797381525258,203.9336033083239,1.2130989236216916,203.7564353942871,211.40479487059216,196.10807591798206,-33.00119569549621,0,1.2358117693183885,1.2909312503865473,-0.05511948106815878
2017-11-30,208.0563201904297,209.3649083395506,206.14509708331127,207.00600791943825,423700,3.8610165364278353,204.6831881959795,2.90694142170016,204.1318328857422,211.85386595859788,196.40979981288652,152.0523497917906,1,1.4850197416859316,1.3297489486464245,0.1552707930395072
2017-12-01,203.16632080078125,208.1251617031366,200.23921653921587,208.05628727076925,176200,3.812386475502679,204.40739412412526,0.37746978093182726,204.22367782592772,211.84845077693308,196.59890487492237,-58.41397215010621,0,1.2732594297890216,1.318451044874944,-0.0451916150859224
2017-12-04,201.72003173828125,206.36034098363177,200.867738350976,204.8537469022004,210300,3.8137076986828142,203.91878278124452,0.9254427709369129,204.22175064086915,211.84916603823478,196.5943352435035,19.353007945516467,0,0.9774667880773222,1.2502541935154197,-0.27278740543809743
2017-12-05,200.41140747070312,203.1663323765443,200.3339286560459,202.2021034049177,223900,3.8959286380078955,203.2810781793279,-0.3625411471684936,204.10546798706054,211.89732526307634,196.31361071104473,6.466951973371371,0,0.6301895142448188,1.1262412576612995,-0.4960517434164806
2017-12-06,201.15182495117188,202.16770663615424,200.35118412595747,200.46310674574525,360900,3.8556618192882115,202.89394122875404,-0.9621839774738628,204.14894485473633,211.86026849331276,196.4376212161599,61.1880303707012,0,0.40998917547614155,0.9829908412242679,-0.5730016657481264
2017-12-07,203.0544586181641,203.5796148268097,200.9194031253816,201.0829783088635,203500,2.5994109264645773,202.92312620864678,0.7647362642746236,203.4889114379883,208.68773329091744,198.29008958505915,-43.61318924909947,0,0.38457234588213396,0.8633071421558411,-0.4787347962737072
2017-12-08,204.0444793701172,204.8795639600248,202.7014605226452,203.5968151785981,387300,2.360231291620498,203.1270086016414,1.0919411582514194,203.28220748901367,208.00267007225466,198.56174490577268,90.31941031941031,1,0.439252298967034,0.7784961735180798,-0.33924387455104577
2017-12-11,201.53916931152344,204.2510323473284,201.13454029347025,204.0874572375044,185300,2.2583457305432155,202.83831054889268,-0.4041948248765692,203.0313461303711,207.54803759145753,198.51465466928468,-52.15595145881746,0,0.277233199997994,0.6782435788140626,-0.4010103788160686
2017-12-12,201.05709838867188,202.8219681202958,200.7988356630563,201.7113989907808,213600,2.2339672918749334,202.5144537924889,-3.1396436615003354,202.8198928833008,207.28782746705068,198.35195829955094,15.272531030760938,0,0.10868000667511524,0.5643308643862732,-0.455650857711158
2017-12-13,202.39149475097656,204.79344297748952,201.0915243138464,201.7802555060401,468900,2.221819237472326,202.492097603123,-1.915076962394835,202.7459686279297,207.18960710287436,198.30233015298504,119.52247191011236,1,0.08183171594586724,0.46783103469819204,-0.3859993187523248
2017-12-14,201.34982299804688,204.0789086697403,200.60082166594444,202.3054345157309,210900,2.240613442066735,202.28441131129097,-3.22340469457717,202.70450515747072,207.18573204160418,198.22327827333726,-55.02239283429302,0,-0.02323214700672338,0.36961839835720894,-0.3928505453639323
2017-12-15,205.61134338378903,206.5927812440464,201.5736693266874,202.15909554561588,540800,2.330914865877801,202.88930805174516,1.2034586113341517,202.86495666503907,207.52678639679468,198.20312693328347,156.4248458985301,1,0.23466795862532308,0.3426283104108318,-0.10796035178550872
2017-12-18,205.413330078125,207.77221735401355,203.6140164528369,206.23119274246133,268100,2.285197204135331,203.34822114745057,1.8309031126048758,203.14210586547853,207.71250027374919,198.57171145720787,-50.42529585798816,0,0.41825623399773804,0.35775389512821304,0.060502338869524996
2017-12-19,204.89675903320312,206.7821556824424,204.12194461076905,205.20668742946788,317300,2.266319226763132,203.62977349031468,2.2380719835799257,203.32991256713868,207.86255102066494,198.79727411361242,18.35136143230138,0,0.5161188024695775,0.38942687659648595,0.12669192587309158
2017-12-20,204.9139862060547,206.8079872824912,200.9882351765248,206.8079872824912,534100,2.292821926918427,203.8632667113583,1.8703092829488677,203.4203079223633,208.00595177620013,198.83466406852645,68.3265048849669,1,0.5882843066282817,0.4291983626028451,0.15908594402543658
2017-12-21,202.6412048339844,205.20671554900576,201.13461081111475,205.20671554900576,200000,2.2570447723073457,203.64107364274486,-0.20351869493139274,203.4766975402832,207.99078708489787,198.96260799566852,-62.55382887099794,0,0.45681563995924535,0.4347218180741252,0.022093821885120157
2017-12-22,204.4146881103516,204.8967961170289,201.5736794864793,203.3471538552388,242200,2.232088144909276,203.78173081867334,0.1814353132107538,203.60540695190429,208.06958324172282,199.14123066208575,21.10000000000001,0,0.49008169649616207,0.4457937937585326,0.04428790273762945
2017-12-26,203.8636932373047,205.5682930532176,203.60541735332828,204.08752533064043,70600,2.2130836555761877,203.7966330766063,1.153385683647512,203.6807373046875,208.10690461583988,199.25456999353514,-70.8505367464905,0,0.466605862639625,0.44995620753475113,0.016649655104873873
2017-12-27,204.54376220703125,205.2324933678792,203.8808704517297,204.2252294639265,117600,2.0285297219728013,203.93247473668356,1.7341659888173488,203.52921600341796,207.58627544736356,199.47215655947235,66.57223796033995,0,0.49714618569160507,0.45939420316612195,0.03775198252548312
2017-12-28,206.1451110839844,206.40338697965504,203.80343239976364,205.64578118874311,134500,2.0145077762202668,204.3347722543746,1.8546314595019542,203.51931533813476,207.5483308905753,199.49029978569422,14.370748299319725,0,0.6431512359799569,0.496145609728889,0.14700562625106794
2017-12-29,202.91665649414065,207.1093006832788,202.649776269594,206.188119896406,1060500,1.7101026059634779,204.07693302524115,0.7781648241672379,203.2623321533203,206.68253736524727,199.84212694139333,688.4758364312268,1,0.49267276124993487,0.4954510400330982,-0.002778278783163335
2018-01-02,196.29624938964844,202.71004479063683,194.36781777581376,202.71004479063683,9026900,2.313823042480369,202.6622632733152,-4.530437786573516,202.91882858276367,207.5464746677244,198.29118249780294,751.1928335690711,1,-0.15896162770036426,0.36456850648640576,-0.52353013418677
2018-01-03,197.48434448242188,198.1989020828455,194.9274381406321,197.16581166331952,1108400,2.6048660497170917,201.72082349315278,-3.860015118146176,202.7070442199707,207.91677631940487,197.49731212053652,-87.7211445789806,0,-0.5729130460845795,0.17707219597220872,-0.7499852420567882
2018-01-04,200.29953002929688,201.0054701253516,197.5015696478442,198.4399593614893,673600,2.610170051609051,201.4624064997244,-2.2436806836760526,202.7014503479004,207.92179045111848,197.4811102446823,-39.227715626127754,0,-0.6661318283034632,0.008431391117074333,-0.6745632194205375
2018-01-05,201.23794555664065,202.68426972615688,200.2823338244748,200.8505382352673,570100,2.6075487867862552,201.4215954191637,-1.7939432624757612,202.70575637817382,207.92085395174632,197.4906588046013,-15.365201900237535,0,-0.656715882523855,-0.12459806361111155,-0.5321178189127435
2018-01-08,203.2093811035156,203.7259328422964,200.04984001821165,201.10876976906647,353000,2.6088689563519045,201.7466473617731,0.28038535893855077,202.7135025024414,207.9312404151452,197.4957645897376,-38.08103841431327,0,-0.4845892616349943,-0.1965963032158881,-0.28799295841910616
2018-01-09,205.9298858642578,206.7305398369264,203.4676801503136,203.76038670528573,513600,2.6922269398985033,202.5072361804067,0.7412372212158624,202.80777282714843,208.19222670694543,197.42331894735142,45.4957507082153,0,-0.12718951493479835,-0.18271494555967016,0.05552543062487181
2018-01-10,204.3199462890625,205.34443216542067,203.18353781350223,204.9484074473285,729900,2.6950667376905053,202.8368198365259,0.22380299528210745,202.9468116760254,208.3369451514064,197.55667820064437,42.114485981308405,0,0.025845756566099,-0.14100280513451635,0.16684856170061535
2018-01-11,205.9901580810547,206.5066967476051,203.416029718944,204.48356398148107,482000,2.7384061521418714,203.41015406280385,0.707132722316639,203.19346466064454,208.6702769649283,197.71665235636078,-33.96355665159611,0,0.27868691557540615,-0.05706486099253185,0.335751776567938
2018-01-12,213.01516723632807,213.50589273076525,207.45369045145085,207.46229483090409,423700,3.4993086664823454,205.15652009435368,3.332631133582775,203.72464828491212,210.72326561787682,196.72603095194742,-12.095435684647304,0,1.0340055121933744,0.1611492136446494,0.872856298548725
2018-01-16,202.4431610107422,213.8244023679635,202.31402965065385,213.1615105375691,701900,3.4686620112180275,204.66318207915157,-0.23334480844461325,203.77931518554686,210.71663920798292,196.8419911631108,65.65966485721029,0,0.7706448788736111,0.28304834669044177,0.48759653218316934
2018-01-17,204.2424774169922,204.4835313835796,202.7617098299809,204.0616803738237,427300,3.4440276990527248,204.58669032239533,4.0480793963467265,203.71087188720702,210.59892728531247,196.82281648910157,-39.12238210571306,0,0.699061134419452,0.36625090423624385,0.3328102301832081
2018-01-18,203.93258666992188,205.0775997908769,203.4418611310304,204.8193238828529,329100,3.421344553688384,204.46776238558195,3.2651915798185938,203.63683471679687,210.47952382417364,196.7941456094201,-22.981511818394573,0,0.6102898660987819,0.41505869660875144,0.19523116949003044
2018-01-19,208.44371032714844,209.390717423726,203.8808937794268,204.87093590511225,469500,3.5784146241350503,205.1906620113213,4.0660007023782585,203.81418228149414,210.97101152976424,196.65735303322404,42.66180492251594,0,0.8936465730781435,0.5107762719026299,0.3828703011755137
2018-01-22,205.6543426513672,208.1337564192204,204.1735752653452,207.90131999928224,292700,3.594185277370825,205.27496758223873,2.194614481135959,203.85120010375977,211.03957065850142,196.6628295490181,-37.657082002129926,0,0.8829520238050179,0.5852114222831075,0.2977406015219104
2018-01-23,202.34848022460932,206.033190744884,201.8061153223809,206.033190744884,382600,3.599963321821804,204.74287897176063,-0.4236521336914767,203.83656387329103,211.03649051693463,196.63663722964742,30.71404168090195,0,0.6007954508860678,0.5883282280036997,0.012467222882368123
2018-01-24,205.017333984375,206.21399968453463,202.3054697348601,202.3054697348601,483300,3.607571086727566,204.79277988314504,-0.44313717557457055,203.8666961669922,211.08183834044732,196.65155399353708,26.319916361735494,0,0.5857859520746445,0.5878197728178887,-0.002033820743244208
2018-01-25,207.6947784423828,208.90866610333515,205.146476106115,205.31005129770625,293700,3.707724213096112,205.32041598482462,1.6517389587337394,204.0582504272461,211.47369885343832,196.64280200105387,-39.230291744258224,0,0.780936062737851,0.6264430308018811,0.15449303193596986
2018-01-26,213.2992706298828,213.63502534090344,205.7576962011736,208.14242296924465,395200,4.245895505800117,206.77111682938065,3.5482824116053635,204.49602584838868,212.98781685998892,196.00423483678844,34.55907388491659,0,1.3720138901778114,0.7755572026770672,0.5964566875007442
2018-01-29,213.24761962890625,214.6939567198173,212.3781043803209,212.79133791924235,1065400,4.6672068423748145,207.94866279293075,0.10912480815052916,204.85115127563478,214.1855649603844,195.51673759088516,169.585020242915,0,1.81535326042831,0.9835164142273158,0.8318368462009942
2018-01-30,210.74234008789065,212.59330611191064,208.3231829434762,212.59330611191064,684400,4.821963696174316,208.45660411928708,4.099510714865828,205.24243545532227,214.8863628476709,195.59850806297362,-35.761216444527875,0,1.9421597750400963,1.175245086389872,0.7669146886502243
2018-01-31,204.5007476806641,211.95623843537413,204.38022069292663,211.95623843537413,576000,4.346356670763346,207.73735749408291,0.12645276679865702,205.65266036987305,214.34537371139973,196.95994702834636,-15.838690824079482,0,1.5214719260821141,1.2444904543283206,0.2769814717537935
2018-02-01,207.88412475585932,209.82117398904,204.5782305506472,204.5782305506472,465800,3.9187524012398303,207.76404245076952,1.9376687906838885,206.17264938354492,214.01015418602458,198.33514458106526,-19.13194444444445,0,1.44443349855419,1.2844790631734946,0.15995443538069543
2018-02-02,209.8642578125,211.25032491364937,207.63448855485407,209.80398774283964,514400,3.7440199914233867,208.14589978926597,0.6815017268316792,206.65088577270507,214.13892575555184,199.1628457898583,10.43366251610134,0,1.52557430773237,1.3326981120852697,0.19287619564710035
2018-02-05,196.8128204345703,208.3920681803054,194.59166897251464,208.0563134904863,676700,4.1854670205668745,206.08533990659402,-4.299214936484641,206.42962951660155,214.8005635577353,198.0586954754678,31.551321928460354,0,0.5306204009261819,1.172282569853452,-0.6416621689272701
2018-02-06,196.00360107421875,197.6823748565051,190.8725789941816,192.0606272127832,713700,4.74940691794732,204.25229648252576,-3.135619868924977,206.06934051513673,215.56815435103138,196.57052667924208,5.467710950199489,0,-0.31950195823404215,0.8739256642359533,-1.1934276224699953
2018-02-07,202.15904235839844,205.27553466487504,195.7796913768786,196.003523413677,364600,4.829408138578127,203.87170482359352,-1.3941707125088243,205.88079833984375,215.539614617,196.2219820626875,-48.91410956984728,0,-0.49087883851638026,0.6009647636854866,-1.091843602201867
2018-02-08,194.0234375,203.3643237169316,193.98040247477496,202.01268763162795,330200,5.5059791361659665,202.0811107647583,-6.582419184975041,205.36597290039063,216.37793117272255,194.3540146280587,-9.43499725726824,0,-1.2685485329857045,0.22706210435124835,-1.4956106373369529
2018-02-09,198.2763519287109,199.9895690434056,191.604293643197,195.96049991874483,499600,5.72574195065597,201.38933643093148,-7.043117708189306,204.98028259277345,216.4317664940854,193.5287986914615,51.30224106602059,0,-1.5241136835361715,-0.12317305322623562,-1.4009406303099359
2018-02-12,202.2537841796875,204.4146788685416,196.3823788831649,199.1545129326866,438800,5.428881589392634,201.5465087488871,-5.155431731594584,204.4422134399414,215.29997661872667,193.58445026115615,-12.16973578863091,0,-1.3896859303734743,-0.37647562865568335,-1.013210301717791
2018-02-13,204.4319000244141,205.1378401035901,200.1187281783367,200.9107645986974,746500,5.408514206566035,202.07112534443743,-2.9943864440552304,204.541650390625,215.35867880375707,193.72462197749292,70.12306289881496,0,-1.0947753335256323,-0.5201355696296731,-0.5746397638959592
2018-02-14,207.8238677978516,208.74504868564617,203.4848830220339,203.75176327581912,492100,5.45715667877391,203.11707851778544,1.6249916711193135,204.72071990966796,215.6350332672158,193.80640655212014,-34.07903549899531,0,-0.5806596266210988,-0.5322403810279582,-0.04841924559314059
2018-02-15,219.8680419921875,219.9455208231745,210.1139195742568,210.1139195742568,1055700,6.415252781534075,206.162708240404,5.764710148214625,205.51749267578126,218.3479982388494,192.6869871127131,114.5295671611461,1,0.78954360798474,-0.2678835832254186,1.0574271912101585
2018-02-16,228.7439727783203,230.0611650366693,222.57123178854604,222.57123178854604,980900,8.247026552514702,210.2683927018433,8.996155497182423,206.53250579833986,223.02655890336925,190.03845269331046,-7.085346215780996,1,2.5621184715072047,0.29811682772110604,2.2640016437860986
2018-02-20,229.09698486328125,232.34263574084605,225.3262172255017,228.4254754184257,782400,9.660451562578116,213.691773094832,16.40348649921599,207.70463790893555,227.0255410340918,188.38373478377932,-20.236517483943317,0,3.9498505283777092,1.0284635678524268,2.9213869605252825
2018-02-21,233.2035522460937,238.20544254726727,228.7784575436216,229.47579328110592,848500,11.114397010485838,217.2393693041523,18.97921822252071,209.24739151000978,231.47618553098147,187.0185974890381,8.448364008179965,0,5.3196818681060165,1.8867072279031447,3.432974640202872
2018-02-22,226.87625122070312,234.83500562496243,225.97853662096213,234.1962420938127,514100,11.734024508418416,218.99152965261607,12.226615527038698,210.34033737182617,233.808386388663,186.87228835498934,-39.41072480848556,0,5.827546432897805,2.674875068902077,3.1526713639957276
2018-02-23,228.76666259765625,228.93931419745303,224.174430352528,227.5927160164321,503200,12.410497585989866,220.76882655171426,17.906715572780342,211.39393157958983,236.21492675156958,186.5729364076101,-2.120210075860729,0,6.309837282301885,3.401867511582039,2.9079697707198457
2018-02-26,229.75938415527344,231.24409844042475,227.96390223963425,230.59669441509024,757800,13.071667474783633,222.40347338872502,15.878359633065099,212.21693725585936,238.36027220542664,186.0736023062921,50.59618441971383,0,6.6949849691116015,4.060491003087952,2.6344939660236495
2018-02-27,226.8157958984375,233.54878559819565,226.5568185451048,230.18229074831652,539500,13.473875146884522,223.20571384503637,12.14415434468632,212.89534606933594,239.843096363105,185.9475957755669,-28.807073106360516,0,6.685626572544123,4.585518116979186,2.1001084555649374
2018-02-28,226.1684417724609,230.0701204639173,226.0821159690304,227.78263155915928,1095900,13.78214390573971,223.74439165002264,10.63265652055816,213.66665115356446,241.2309389650439,186.10236334208503,103.13253012048192,1,6.55046423387293,4.978507340357934,1.5719568935149955
2018-03-01,224.70095825195312,230.30315193789332,223.1817085705047,226.98844691349728,631500,13.815212902797134,223.91831285037364,8.120862455758804,214.6766616821289,242.30708748772315,187.04623587653464,-42.376129208869415,0,6.252854437165581,5.233376759719464,1.0194776774461172
2018-03-02,225.16709899902344,226.53959221138635,220.2813540302644,223.3975123972216,478000,13.908190886011791,224.14536487740088,2.410107880536927,215.54081039428712,243.3571921663107,187.72442862226353,-24.307205067300075,0,5.985611784956973,5.383823764766967,0.6017880201900061
2018-03-05,224.5023803710937,225.52959659124247,218.71028127962376,224.5455564336886,597100,13.978725294544574,224.210276785345,-1.854296904835706,216.2727165222168,244.23016711130595,188.31526593312765,24.916317991631807,0,5.654995551113046,5.438058122036184,0.21693742907686264
2018-03-06,223.2421264648437,225.76269726068628,222.1372248533765,224.7354809567129,435200,13.273737752837055,224.03424945434477,-2.5556243797497213,217.59418182373048,244.14165732940458,191.04670631805638,-27.1143861999665,0,5.230988269385023,5.396644151505951,-0.1656558821209284
2018-03-07,224.0449066162109,224.54558040099843,219.1764428237055,220.9201079025684,516300,12.319845131273903,224.0361871201386,-3.9273182340798574,218.9962471008301,243.6359373633779,194.35655683828227,18.63511029411764,0,4.903215872477716,5.297958495700304,-0.39474262322258813
2018-03-08,225.25343322753903,226.2979042629192,222.8105474802329,225.44333944696592,393800,11.726682277065864,224.2575045942114,-0.7152877325998452,220.1509666442871,243.60433119841883,196.69760209015539,-23.72651559171025,0,4.686943714294728,5.175755539419189,-0.4888118251244613
2018-03-09,227.91207885742188,228.2228464426844,224.934010237101,226.1597732709104,309200,10.086341860118614,224.92197264206786,-0.3735613093842183,221.84539871215821,242.01808243239543,201.672714991921,-21.482986287455564,0,4.676172943010442,5.0758390201374395,-0.3996660771269971
2018-03-12,222.84507751464844,228.1106349739556,222.258104248479,227.90344779423995,513100,8.423869056832025,224.5443553461734,-3.009368547032776,223.07383499145507,239.92157310511914,206.226096877791,65.9443725743855,0,4.2102393490705765,4.902719085924067,-0.6924797368534907
2018-03-13,223.2852783203125,225.03758364716023,222.43068734467744,224.4419700113565,481900,6.854594437055585,224.3154322505623,-1.556557189564467,224.12540969848632,237.83459857259749,210.41622082437516,-6.080686026115767,0,3.8323274596941417,4.688640760678083,-0.856313300983941
2018-03-14,220.5575408935547,224.42469623824792,219.84107904575924,223.8636181650355,671600,5.153524000690394,223.63217927656092,-2.4808504824696653,224.93169174194335,235.23873974332415,214.62464374056256,39.365013488275565,0,3.2749721110715484,4.405907030756776,-1.1309349196852274
2018-03-15,219.1419219970703,221.1963547950116,218.01112517852863,221.17045969011883,510900,3.5470985841056715,222.8157688621081,-2.4739708713878983,225.4975944519043,232.59179162011563,218.40339728369295,-23.927933293627156,0,2.6880492095984607,4.062335466525113,-1.374286256926652
2018-03-16,219.3318023681641,220.8337841322894,217.55360179390948,218.5290278681517,1103600,3.5936128457556213,222.1823204086637,-2.591540530033054,225.4707824707031,232.65800816221434,218.28355677919188,116.01096104912898,1,2.21272344221137,3.6924130616623647,-1.4796896194509945
2018-03-19,219.25408935546875,220.28993281261907,217.6053644987703,219.25408935546875,476700,3.7612820920852355,221.64991476262824,-2.337744039484002,224.99628829956055,232.51885248373102,217.47372411539007,-56.80500181225081,0,1.8089016639898148,3.315710782127855,-1.5068091181380403
2018-03-20,221.42938232421875,222.7414710515713,219.34044054977284,219.34044054977284,734300,3.711753139782021,221.60981795564467,-0.8120080960214326,224.61290817260743,232.03641445217147,217.1894018930434,54.03817914831131,0,1.6454304601667502,2.9816547177356343,-1.336224257568884
2018-03-21,220.6957244873047,224.29528944837605,220.5748762573695,222.01644087573283,316900,3.2076224241957134,221.4436191432192,-1.49487090757362,223.98751678466797,230.4027616330594,217.57227193627654,-56.84325207680785,0,1.4400779749086325,2.6733393691702343,-1.2332613942616018
2018-03-22,215.06753540039065,220.09139517119195,214.71363133615264,218.7189022871349,370200,3.697346014697153,220.28433118997765,-4.521972287480802,223.39708099365234,230.79177302304663,216.00238896425805,16.81918586304827,0,0.8138057818054847,2.3014326516972847,-1.4876268698918
2018-03-23,219.23684692382807,223.53560501252045,215.0330419313593,215.4991669309786,529300,3.581173396868682,220.09387950522316,-3.8063941047288163,222.92059020996095,230.0829370036983,215.7582434162236,42.97676931388439,0,0.6464571961236061,1.9704375605825493,-1.3239803644589432
2018-03-26,226.366928100586,226.8503209155773,221.67973008579528,223.57879210392747,470700,3.3103025731965903,221.23443379528914,1.580403132622954,222.75096740722657,229.37157255361976,216.13036226083338,-11.071226147742298,0,1.0767580026825954,1.7917016490025586,-0.7149436463199632
2018-03-27,219.9273681640625,228.34361688795508,218.48581739910972,227.7048536196729,587000,3.22230156047851,220.99678549870245,-1.5038654502931181,222.40654602050782,228.85114914146484,215.9619428995508,24.70788187805397,0,0.8879204288088829,1.6109454049638234,-0.7230249761549405
2018-03-28,218.5462951660156,221.5243637651792,216.91483779804483,220.8855871492852,479400,3.204652379975128,220.5512418018503,-0.9118916176662273,222.02543869018555,228.4347434501358,215.6161339302353,-18.330494037478708,0,0.619680945971794,1.4126925131654178,-0.7930115671936238
2018-03-29,222.49972534179688,223.85493714749225,219.21954376482185,220.6783491253019,368800,3.1451751874844076,220.90551153638603,1.532250568091409,221.91537704467774,228.20572741964656,215.62502666970892,-23.070504797663748,0,0.7178332632304887,1.273720663178432,-0.5558873999479432
2018-04-02,218.7448272705078,222.9572727530997,215.9307699611024,222.603355469045,512600,3.123483410803749,220.5126598516809,-0.2676196936871933,221.59426345825196,227.84123027985945,215.34729663664447,38.99132321041214,0,0.4870167623675741,1.1163798830162603,-0.6293631206486863
2018-04-03,223.682357788086,223.80319281241165,219.07283221384293,219.07283221384293,476700,3.0884862229139434,221.0889685673909,2.0196970764079447,221.55326232910156,227.73023477492944,215.37628988327367,-7.003511509949279,0,0.6945046532662218,1.0320048370662527,-0.3375001838000309
2018-04-04,224.35568237304688,224.53694810169424,218.64989507541893,219.94470296591123,418400,3.1302891368818564,221.68291653205563,1.3215500211003706,221.60894012451172,227.86951839827543,215.348361850748,-12.229913992028528,0,0.9028643107105268,1.0061767317951076,-0.10331242108458083
2018-04-05,225.28793334960932,227.1093101543929,223.5701633045373,225.45194445715168,284200,3.1929139813834593,222.3383741352472,2.080787415783769,221.67109146118165,228.05691942394856,215.28526349841474,-32.07456978967495,0,1.1301876038674834,1.0309789062095827,0.09920869765790075
2018-04-06,221.24810791015625,224.97716044710583,219.59938292725127,223.01766791465653,595000,3.0800111514349893,222.14014391250336,2.8737821811456676,221.4708251953125,227.63084749818248,215.31080289244252,109.35960591133008,0,0.9731449910412948,1.019412123175925,-0.046267132134630184
2018-04-09,221.964599609375,224.77001653259,221.4725663189997,222.6206176536097,256800,2.687479195790861,222.10822676648002,1.2442035742717295,221.17345123291017,226.54840962449188,215.79849284132845,-56.840336134453786,0,0.8961719684964464,0.9947640922400294,-0.09859212374358295
2018-04-10,219.9446563720703,224.8217729626193,219.651169806884,224.43332014058925,349800,2.6707314627110508,221.71485033113277,-2.8371068964906154,221.02843017578124,226.36989310120333,215.68696725035915,36.21495327102804,0,0.6645176103245092,0.9287147958569254,-0.2641971855324162
2018-04-11,219.7030029296875,222.2667103929053,218.7620992011053,219.1246569953652,290000,2.631240285501569,221.34905989450635,-0.10201787810584229,220.84931640625,226.11179697725316,215.58683583524686,-17.09548313321898,0,0.4561719826170929,0.8342062332089589,-0.378034250591866
2018-04-12,222.0249938964844,224.14849757678212,220.005096964414,220.74745393579016,362700,2.6431091844377566,221.47195698577508,1.591744544480278,220.92268905639648,226.208907425272,215.63647068752095,25.06896551724138,0,0.47296973623622307,0.7619589338144117,-0.28898919757818864
2018-04-13,221.5589141845703,223.2076131127105,219.7807002166417,223.2076131127105,414500,2.612480728599186,221.48776738555603,-0.4228369971159829,221.04353866577148,226.26850012296984,215.81857720857312,14.281775572098155,0,0.44356025295053314,0.698279197641636,-0.2547189446911029
2018-04-16,223.31121826171875,224.1226333388523,222.02502447102185,222.98319603782204,211800,2.6267510214328635,221.8193039084947,2.0875423881745014,221.2425094604492,226.49601150331495,215.98900741758348,-48.902291917973464,0,0.5552487579214755,0.669673109697604,-0.11442435177612842
2018-04-17,225.28793334960932,227.5840625122676,224.30389304728965,224.30389304728965,338900,2.73079778111187,222.44996380687917,0.7177926669766466,221.54420166015626,227.00579722238,216.0826060979325,60.00944287063268,0,0.7941130493637445,0.6945610976308321,0.09955195173291242
2018-04-18,227.71356201171875,228.31781629712785,226.23748823134,226.76405719598569,281700,3.058733413956859,223.40698166230453,1.496676885182957,221.85841064453126,227.97587747244498,215.74094381661754,-16.87813514311006,0,1.1657051590168805,0.7887899099080418,0.3769152491088388
2018-04-19,229.2586669921875,229.9060708952524,226.4101003558749,227.7739529874414,258400,3.4603537052946813,224.47092444955598,1.7625150106979959,222.28655776977538,229.20726518036474,215.36585035918603,-8.271210507632231,0,1.5668104267424212,0.9443940132749178,0.6224164134675034
2018-04-20,227.50634765625,229.66436053532576,225.98709815964284,229.5348850311673,215800,3.202816421128999,225.0228195780458,2.8286071258223355,222.90849838256835,229.31413122482635,216.50286554031035,-16.48606811145511,0,1.7234251432988117,1.1002002392796966,0.6232249040191151
2018-04-23,228.7234649658203,229.1809626322353,226.928009881474,227.80846963299044,190100,3.330367795065241,225.6956641940048,3.045019506867286,223.38282928466796,230.04356487479845,216.72209369453748,-11.909175162187214,0,1.9235807875944886,1.264876348942655,0.6587044386518335
2018-04-24,220.7906188964844,231.10593128839503,218.20100336809824,230.08732915993528,290300,3.3006824740395584,224.80383777627378,0.38462517724595635,223.1040138244629,229.70537877254202,216.50264887638377,52.70910047343504,0,1.4256571097869255,1.2970325011115091,0.12862460867541636
2018-04-25,217.9593505859375,221.75744885231305,214.4374711820321,220.79066307646508,357200,3.4272777183933187,223.55938555984898,-0.7936406514698513,223.00561294555663,229.86016838234326,216.15105750877,23.04512573200137,0,0.7934430000104555,1.1963146008912984,-0.40287160088084284
2018-04-26,217.0961456298828,218.69308079674167,215.25751401862468,218.2614781215332,226100,3.5400680995021387,222.38425102712785,-2.2199519883331686,222.93310546875,230.01324166775427,215.85296926974573,-36.702127659574465,0,0.22021681494459244,1.0010950437019572,-0.7808782287573648
2018-04-27,212.1499481201172,217.75214150249727,211.26947511802948,217.19969069503307,469300,4.2848713699121515,220.52346868039862,-4.246710676969179,222.415616607666,230.98535934749032,213.8458738678417,107.56302521008405,0,-0.6259700751589037,0.675682019929785,-1.3016520950886887
2018-04-30,209.940170288086,213.38435106243205,209.87111228236523,211.8392193452681,386300,5.063430799489677,218.59923260906905,-5.987629317378051,221.97538375854492,232.10224535752428,211.84852215956556,-17.685915192840397,0,-1.4580820232349367,0.24892921129684076,-1.7070112345317776
2018-05-01,202.6115264892578,210.12140912801,198.1832795789033,209.4740052251612,726000,6.6371145807013825,215.69237695092156,-10.065522162326157,220.9218421936035,234.19607135500627,207.64761303220075,87.93683665544914,1,-2.678026422081558,-0.33646191537883896,-2.3415645067027193
2018-05-02,200.0564422607422,205.27883661217805,198.85658750052184,201.7914932279117,591500,8.04927427806989,212.8494797345253,-12.145574249790736,219.70688018798828,235.80542874412805,203.6083316318485,-18.526170798898068,1,-3.8071288790414997,-1.030595308111371,-2.7765335709301286
2018-05-03,178.96832275390625,197.1474208437917,178.05332741551166,197.1474208437917,1436400,12.035544075775295,206.68926937441273,-21.93607111917606,217.39089965820312,241.4619878097537,193.31981150665254,142.8402366863905,1,-6.330610378583458,-2.0905983222057887,-4.240012056377669
2018-05-04,181.8428497314453,182.10181398147577,174.28980260579232,178.60582953473687,1250600,14.369886609611013,202.17173853023684,-20.071307194382026,215.42063674926757,244.1604099684896,186.68086353004554,-12.93511556669451,1,-8.00624632014646,-3.273727921793923,-4.7325183983525365
2018-05-07,186.31417846679688,187.55719587048875,181.54929598126344,181.64423589401096,789700,15.667925701120957,199.28854579142956,-18.541729640796124,213.63811569213868,244.9739670943806,182.30226428989675,-36.85430993123301,1,-8.87114003541538,-4.393210344518215,-4.477929690897165
2018-05-08,191.467529296875,191.571109698428,185.8221734973321,186.25377606575623,909900,16.344014077557375,197.86654279241964,-13.280949048545065,212.2142593383789,244.90228749349365,179.52623118326414,15.220969988603272,1,-9.036574190159257,-5.3218831136464235,-3.7146910765128336
2018-05-09,191.2344970703125,193.85864856799145,190.6734188918348,193.36661522287628,1001500,16.88810774376525,196.66071629749104,-12.26139344046534,210.79083404541015,244.56704953294064,177.01461855787966,10.06704033410264,1,-9.0817964070757,-6.0738657723322795,-3.0079306347434205
2018-05-10,191.9768524169922,194.04855302870988,191.0186940122963,191.19134560854008,488300,17.17030867051096,195.80910468285487,-11.570584608957246,209.28842697143554,243.62904431245747,174.94780963041362,-51.24313529705442,0,-8.95451143361899,-6.649994904589622,-2.3045165290293674
2018-05-11,190.0518951416016,192.86593946793144,189.2404801127024,192.07179223175493,470500,17.42867447463893,194.7623393117179,-10.41624246167805,207.71307601928712,242.57042496856496,172.85572707000927,-3.645300020479214,0,-8.90629887030235,-7.101255697732168,-1.8050431725701825
2018-05-14,188.567138671875,190.43166472257224,184.0871023992817,189.9051091204253,838300,17.523401657098933,193.63593919538283,-10.180534571769806,205.97587203979492,241.02267535399278,170.92906872559706,78.1721572794899,0,-8.885471322607373,-7.45809882270721,-1.4273724999001631
2018-05-15,188.4550018310547,189.2318813918822,187.45368044532293,188.29099070407656,418000,17.321289677445048,192.6939505836868,-6.987028281904628,204.13422546386718,238.77680481875728,169.49164610897708,-50.137182392938094,0,-8.77683989991911,-7.7218470381495905,-1.0549928617695201
2018-05-16,190.4144592285156,191.6574770023049,188.67942126929103,188.67942126929103,416400,16.643633468755986,192.2794976100193,-4.819631361663312,202.26927032470704,235.55653726221902,168.98200338719505,-0.3827751196172291,0,-8.435398851577673,-7.864557400835207,-0.5708414507424662
2018-05-17,190.664779663086,192.26170147126703,189.55123751556772,189.9224226218961,432200,15.55120985289382,191.98591252875866,6.535490040471115,200.33957595825197,231.4419956640396,169.23715625246433,3.794428434197883,0,-8.05178957559994,-7.902003835788155,-0.14978573981178567
2018-05-18,191.34671020507807,192.06317215819936,190.3022392066664,190.7165740473564,333000,14.276267776351158,191.8696939244531,5.226414174474581,198.53159408569337,227.0841296383957,169.97905853299105,-22.952336881073578,0,-7.605083694198072,-7.842619807470139,0.2375361132720668
2018-05-21,192.27896118164065,195.058483021014,191.8559858855738,192.7623539934505,348900,12.425696780222108,191.94410615303264,3.2014647322757384,196.70936889648436,221.5607624569286,171.85797533604014,4.77477477477477,0,-7.094065234066846,-7.692908892789481,0.5988436587226342
2018-05-22,190.54391479492188,193.05583184021543,189.3699552317656,193.05583184021543,307800,11.111691178953048,191.6895259061034,-0.48238701640164194,195.19703369140626,217.42041604931237,172.97365133350016,-11.7798796216681,0,-6.751258856163076,-7.5045788854642,0.7533200293011237
2018-05-23,192.02865600585932,192.66741949536723,188.69668303536048,188.731205451766,315800,9.744686641158262,191.75118592424081,0.41528016530136824,193.90049896240234,213.38987224471887,174.4111256800858,2.599090318388564,0,-6.2873000434723565,-7.261123117065832,0.9738230735934756
2018-05-24,197.0081787109375,197.5450994806302,192.51359475649,192.51359475649,466900,8.129422732477241,192.70700279454928,2.620798409079428,192.89610061645507,209.15494608140955,176.6372551515006,47.84673844205194,0,-5.45492252379708,-6.899882998412083,1.4449604746150024
2018-05-25,194.6179962158203,196.1594895735355,193.29300488266327,196.0728966922532,340000,6.776696055659997,193.05445614387128,2.4025548762966364,192.01950302124024,205.57289513256023,178.46611090992025,-27.17926750910259,0,-4.931280363846611,-6.506162471498989,1.5748821076523782
2018-05-29,190.03680419921875,193.98579870136192,189.2054306762357,192.4789399721825,580800,5.30899018761495,192.50579215393444,0.7793858132943976,191.0243347167969,201.6423150920268,180.40635434156698,70.82352941176471,0,-4.830273700094693,-6.170984717218131,1.3407110171234375
2018-05-30,192.8513641357422,193.8992266358372,189.2487669277308,191.00676247979555,294700,4.587363331101775,192.56862342335404,2.3328445846339196,190.53632659912108,199.71105326132462,181.36159993691754,-49.259641873278234,0,-4.471568271163619,-5.831101428007228,1.359533156843609
2018-05-31,191.4484100341797,193.82126368461155,191.0067374621622,193.17175763327708,333500,4.0152900356695715,192.36494826168598,0.5430001533776707,190.10592498779297,198.1365050591321,182.07534491645384,13.165931455717672,0,-4.251489777725027,-5.515179097950788,1.2636893202257609
2018-06-01,193.3449249267578,194.57465459676573,192.27108355493155,192.27108355493155,499500,3.0987190046253867,192.54312583715358,1.4056845047143884,190.82475509643555,197.0221931056863,184.6273170871848,49.7751124437781,0,-3.879324644395382,-5.188008207239706,1.3086835628443243
2018-06-04,194.22830200195312,195.73516090266097,193.3709491976173,194.271605051225,878700,2.358396713180412,192.84952150348076,1.5059531432689344,191.44402770996095,196.16082113632177,186.72723428360013,75.91591591591592,1,-3.473064620609904,-4.845019489913746,1.371954869303842
2018-06-05,192.86866760253903,195.44936801161472,192.7560823222464,194.67862133982683,406800,2.0422490859533076,192.85300261240042,0.30669315939422237,191.77175216674806,195.85625033865466,187.68725399484146,-53.70433595083646,0,-3.223651509955033,-4.520745893922004,1.2970943839669706
2018-06-06,195.0077362060547,195.3194997123203,192.7994256854309,192.86870793284967,408400,2.1642700623458864,193.2447723567012,2.342673297091191,191.94876251220703,196.2773026368988,187.62022238751524,0.3933136676499416,0,-2.820867657053782,-4.180770246548359,1.3599025894945775
2018-06-07,192.7301177978516,196.3327148989236,190.5131390323413,195.362776778336,466100,2.164130189262305,193.1511988005467,0.3652901637612116,192.02354354858397,196.3518039271086,187.69528317005935,14.12830558276199,0,-2.654839979713671,-3.875584193181422,1.2207442134677509
2018-06-08,196.0209350585937,196.2547477269765,191.30118043038115,192.36637988773003,459700,2.3412205391674896,193.6729690292825,-0.5011181052500091,192.22574768066406,196.90818875899905,187.54330660232907,-1.373095902166921,0,-2.2319913914283234,-3.5468656328308024,1.314874241402479
2018-06-11,195.5532989501953,196.85231117993143,195.1982324359842,195.7178426135729,193900,2.394935984683226,194.01484719672118,0.48058388872620483,192.50081787109374,197.2906898404602,187.71094590172729,-57.82031759843376,0,-1.9125682680407579,-3.2200061598727934,1.3074378918320355
2018-06-12,192.07192993164065,195.2415227366293,191.4743954449408,194.7565603168084,297300,2.21329218678272,193.66158951216107,1.0709113642473511,192.67605743408203,197.10264180764747,188.24947306051658,53.326456936565236,0,-1.918228383470364,-2.9596506045923077,1.0414222211219437
2018-06-13,191.0933532714844,192.96393396585987,190.66034921524383,192.2018425983213,363600,2.018521878734773,193.19463746840168,-0.9115885034758575,192.8079750061035,196.84501876357305,188.77093124863396,22.300706357214928,0,-1.9788658897200264,-2.7634936616178516,0.7846277718978252
2018-06-14,190.478515625,192.63488096628976,189.4999352692736,192.25383521464943,269100,2.0145711179101924,192.70079713323776,-0.5066087563780353,192.81117782592773,196.84032006174812,188.78203559010734,-25.99009900990099,0,-2.0528696069888213,-2.6213688506920456,0.5684992437032244
2018-06-15,190.9721527099609,191.1886547834803,188.0450404474228,190.8249328856763,672700,1.9984428594526642,192.3864981471874,-1.2272223942240812,192.82654647827147,196.8234321971768,188.82966075936613,149.98141954663694,1,-2.048076745000344,-2.5067104295537055,0.4586336845533614
2018-06-18,192.0373077392578,192.634855478519,188.9196731058236,188.928341644456,273000,1.977383166173219,192.3230089821093,-1.1280509792405469,192.86107635498047,196.81584268732692,188.90631002263402,-59.41727367325702,0,-1.936012115806193,-2.3925707668042033,0.4565586509980104
2018-06-19,185.78469848632807,190.46980502105075,184.98797269786945,190.46980502105075,367700,2.5331313344988358,191.13422525560358,-3.6729496834651765,192.53636322021484,197.6026258892125,187.47010055121717,34.6886446886447,0,-2.324933020622211,-2.379043217567805,0.054110196945593714
2018-06-20,185.2477569580078,187.1616270573056,185.00527579804452,186.96244893609983,340100,2.98830878878035,190.06395829240432,-5.004919003692243,192.27155532836915,198.24817290592983,186.29493775080846,-7.506119118846888,0,-2.6459811104651862,-2.4324307961472815,-0.21355031431790472
2018-06-21,183.3252410888672,185.54221952055292,182.3379924680623,184.3298135701729,423000,3.597220167640519,188.8387369826703,-4.879816821805127,191.83638458251954,199.03082491780057,184.6419442472385,24.37518376947956,0,-3.0207239725760076,-2.550089431433027,-0.47063454114298064
2018-06-22,184.4250946044922,185.2564549977146,182.73636820317847,184.91005703624444,351700,3.7425218777639677,188.03625655027426,-5.915613273977771,191.20723037719728,198.6922741327252,183.72218662166935,-16.855791962174937,0,-3.1921641228684905,-2.6785043697201196,-0.5136597531483709
2018-06-25,185.3430633544922,186.3736151416456,182.26873185558728,182.7536942932512,325800,3.870107045918268,187.54658506013206,-5.221203452212553,190.74348373413085,198.4836978259674,183.0032696422943,-7.364230878589706,0,-3.216877113862722,-2.7861789185486403,-0.4306981953140818
2018-06-26,185.4036407470703,187.07504297912652,183.5936872844088,185.4989021511174,504400,4.049158842948551,187.15695882139354,-3.4717666381254286,190.51182556152344,198.61014324742055,182.41350787562632,54.81890730509515,0,-3.1947471910016247,-2.8678925730392373,-0.32685461796238746
2018-06-27,184.165283203125,188.40006222574087,184.156614665133,185.87997551772963,318300,4.246055869190372,186.61301779989014,-3.6254898193747054,190.07752151489257,198.5696332532733,181.58540977651182,-36.89532117367169,0,-3.2397879137357677,-2.9422716411785435,-0.29751627255722424
2018-06-28,186.8845672607422,187.49942566651004,183.59373354492,184.16530211322177,290200,4.290902290925886,186.66239042913594,-1.8867998590105128,189.8493293762207,198.43113395807248,181.26752479436894,-8.828149544454922,0,-3.02123262451542,-2.958063837845919,-0.06316878666950121
2018-06-29,187.74191284179688,189.8982780281558,185.37771414346656,186.92787622951468,522200,4.233185536303458,186.85866723143792,-1.6914716739198976,189.56917877197264,198.03554984457955,181.10280769936574,79.9448656099242,0,-2.7471776065576137,-2.915886591588258,0.16870898503064424
2018-07-02,188.21815490722656,189.09283134841263,184.8234055052272,186.26963712091504,448000,4.096141179699481,187.10584680885404,-1.98875566263238,189.26867141723633,197.4609537766353,181.07638905783736,-14.209115281501338,0,-2.4631644493021554,-2.8253421631310376,0.3621777138288822
2018-07-03,187.73329162597656,189.58654899177856,187.2829635778246,189.36139157482205,137100,4.018823426699278,187.21992768469448,1.048844794821413,189.01190261840821,197.04954947180676,180.97425576500967,-69.39732142857142,0,-2.251255320619947,-2.7105247946288196,0.4592694740088725
2018-07-05,188.40872192382807,188.86770516407944,185.24779761428823,188.86770516407944,293400,3.763427539312558,187.43607209180965,1.7063445289309476,188.68195190429688,196.208806982922,181.15509682567176,114.0043763676149,0,-2.0056938391101653,-2.569558603525089,0.5638647644149235
2018-07-06,188.4779663085937,190.07141773642616,186.65068903849527,188.322091223238,163800,3.6408087117576957,187.62550740395218,2.810701455577913,188.46934432983397,195.75096175334937,181.18772690631857,-44.171779141104295,0,-1.7849216865601534,-2.412631220132102,0.6277095335719487
2018-07-09,193.0245056152344,193.76061763618787,189.5691292420052,189.5691292420052,330400,3.3648986515391894,188.60714344236712,4.662820441645454,188.31952285766602,195.0493201607444,181.58972555458763,101.7094017094017,0,-1.228924167234112,-2.175889809552504,0.9469656423183919
2018-07-10,193.5528106689453,195.2501923620057,191.61294776462407,193.4315700633149,269000,3.1621778209773566,189.5063556653813,4.429487225400464,188.21949844360353,194.54385408555825,181.8951428016488,-18.583535108958838,0,-0.7371647484662844,-1.88814479733526,1.1509800488689756
2018-07-11,192.1585235595703,193.7433198592416,190.98075209603377,191.5523205741252,250200,3.16778453571443,189.98856800977927,3.6433388175559633,188.223828125,194.55939719642888,181.88825905357115,-6.988847583643121,0,-0.4547075972055836,-1.601457357309325,1.1467497601037413
2018-07-12,193.01593017578125,194.20235729390367,192.0113573969576,193.70007090449184,300400,3.2863959689562514,190.5389974945069,4.805817263015011,188.31995697021483,194.89274890812734,181.74716503230232,20.06394884092726,0,-0.1598302973781358,-1.3131319453230872,1.1533016479449514
2018-07-13,194.83448791503903,195.7091645050104,192.7560738751213,192.85999061284693,223100,3.5691557609019267,191.31999575278545,4.25392035887322,188.5377555847168,195.67606710652063,181.39944406291295,-25.732356857523296,0,0.2180904870699294,-1.0068874588444838,1.2249779459144132
2018-07-16,196.54055786132807,197.6403919725957,195.3281516700196,195.3281516700196,229400,3.9643595233998834,192.26918886342952,4.686564063585252,188.81617584228516,196.74489488908492,180.8874567954854,2.8238458090542373,0,0.647793655933242,-0.6759512358889387,1.3237448918221806
2018-07-17,197.1034545898437,197.6230515364453,195.95166219756908,196.07290280653297,257200,4.326337872363629,193.14814626823207,4.720745289951833,189.06948318481446,197.7221589295417,180.4168074400872,12.118570183086309,0,1.02197686166582,-0.33636561637798695,1.358342478043807
2018-07-18,198.00405883789065,199.18183018844377,196.3846281862173,197.3285736883032,418800,4.685913838562329,194.03103946271546,5.470935454738979,189.6804512023926,199.05227887951725,180.30862352526793,62.83048211508553,0,1.37533695589687,0.005974898076984425,1.3693620578198855
2018-07-19,196.92160034179688,198.9567248589675,195.570629689648,197.44121053765548,226700,4.8295663593808245,194.5565959861848,4.518303787130673,190.26414337158204,199.92327609034368,180.6050106528204,-45.869149952244506,0,1.550162711450497,0.31481246075168695,1.23535025069881
2018-07-20,196.8695678710937,197.89145080032,196.09015287064705,196.2720203350206,208700,4.754390445760784,194.97713632889548,4.452298444668323,190.94135971069335,200.4501406022149,181.4325788191718,-7.940008822232025,0,1.66531804692562,0.5849135779864736,1.0804044689391463
2018-07-23,196.393295288086,198.1772696729318,195.6398725485644,197.0428012950483,267700,4.642936576018558,195.23461977602102,1.7452652771284827,191.53976974487304,200.82564289691015,182.25389659283593,28.27024436990897,0,1.6985682256826635,0.8076445075257117,0.8909237181569518
2018-07-24,196.5664978027344,198.9133853646066,195.12026598677912,197.56241495996497,235300,4.531474093656306,195.47677941724163,1.5570360995396326,192.10094146728517,201.16388965459777,183.03799327997257,-12.103100485618235,0,1.7190787574935769,0.9899313575192847,0.7291473999742921
2018-07-25,196.88693237304688,197.42385312709223,192.3144109977192,195.58792031836893,273600,4.362576884876784,195.73317086375164,2.4606812780858744,192.67510604858398,201.40025981833756,183.9499522788304,16.277093072673175,0,1.7411193534672975,1.1401689567088873,0.6009503967584102
2018-07-26,200.2037506103516,200.98316584600343,195.6139181509764,196.7050836238068,440400,4.186514985109987,196.54600354495162,3.7239519183853487,193.4770294189453,201.85005938916527,185.10399944872535,60.96491228070175,1,2.003135299687898,1.3127622253046896,0.6903730743832084
2018-07-27,200.68006896972656,203.03561224264075,199.8140608021621,200.70604815761465,199600,4.1796416037685225,197.2976518040016,3.000280452009396,194.16680450439452,202.52608771193155,185.8075212968575,-54.67756584922798,0,2.2235876018941667,1.4949273006225852,0.7286603012715815
2018-07-30,197.4411773681641,201.91843733953772,196.95620176686012,200.67138365036715,203600,3.9513966414311095,197.32374736112203,0.458235957319042,194.6517677307129,202.5545610135751,186.74897444785069,2.004008016032066,0,2.1125934932201176,1.6184605391420916,0.49413295407802593
2018-07-31,201.8231964111328,203.0529263643689,197.82222988325373,198.6449481743583,403000,3.9566089320342566,198.14182900657852,2.3945505324148186,195.3320198059082,203.24523766997672,187.4188019418397,97.93713163064832,1,2.3511199301001113,1.7649924173336957,0.5861275127664156
2018-08-01,198.7401733398437,203.21743294884,198.60160889354336,202.06564076565493,457200,3.592811528339705,198.25061888535402,0.3717673800594623,195.88236389160156,203.06798694828097,188.69674083492214,13.44913151364764,1,2.2652670652155393,1.8650473469100646,0.40021971830547476
2018-08-02,208.50010681152344,209.01971696073792,197.8915075146472,199.74476433263408,534400,4.1575962417618335,200.11416214465754,5.879754404610638,196.88693313598634,205.20212561951,188.57174065246267,16.88538932633421,1,2.950758606819278,2.0821895988919072,0.8685690079273707
2018-08-03,204.34329223632807,210.154199618065,204.1874038953714,209.80780163808373,795400,3.9784132202498648,200.88309488859764,3.7962822014868447,197.68019943237306,205.63702587287278,189.72337299187333,48.839820359281426,1,3.1226000068428448,2.290271680482095,0.8323283263607499
2018-08-06,202.26483154296875,206.2224945471026,200.62807690964308,204.5337683324906,297600,3.9456961815051246,201.1343197348469,2.9896826397611376,198.14221572875977,206.03360809177002,190.2508233657495,-62.584862962031686,0,3.0558452648629384,2.443386397358264,0.6124588675046745
2018-08-07,202.38607788085932,203.0875422844433,201.65863429301191,202.0310114102788,261600,3.8990433743031736,201.36191212503098,2.96061645457264,198.58387908935546,206.38196583796181,190.7857923407491,-12.096774193548388,0,2.9783921661649515,2.5503875511196012,0.42800461504535026
2018-08-08,203.3560028076172,203.9881849411184,201.45944319288049,202.82773740449068,236100,3.728037719215518,201.72447406731936,3.285677904876483,199.1437530517578,206.59982849018886,191.68767761332677,-9.747706422018354,0,2.9611406765427546,2.632538176204232,0.3286025003385227
2018-08-09,204.94078063964844,206.5255768091019,202.81040843523968,203.5118727760629,226400,3.649168991255809,202.3092570804701,2.3661045384291146,199.73999557495117,207.03833355746278,192.44165759243955,-4.108428631935624,0,3.0403003829376303,2.714090617550912,0.3262097653867184
2018-08-10,205.9800567626953,207.91990668400933,203.46862504065624,204.3433017844684,281100,3.7111171901857483,202.97667520451105,2.6410135396994994,200.297274017334,207.71950839770548,192.8750396369625,24.160777385159005,0,3.150578015906717,2.8013880972220733,0.3491899186846439
2018-08-13,208.30958557128903,209.59994241606844,205.43444550912503,205.98003484856787,251900,4.005484034654031,203.94629527119793,5.504630973132252,200.88572540283204,208.8966934721401,192.87475733352397,-10.3877623621487,0,3.386905205774241,2.918491518932507,0.4684136868417337
2018-08-14,210.69976806640625,212.6656101038826,208.66464379696657,208.9590833721348,277500,4.4579970636900565,205.17419941578126,4.398191988393152,201.56554107666017,210.48153520404028,192.64954694928005,10.162763001190944,0,3.724134454360467,3.0796201060180994,0.6445143483423674
2018-08-15,208.47412109375,210.12819969554903,207.70337443224577,209.49601749805865,291900,4.629222001878773,205.77418517541193,4.8978259354042875,202.08904418945312,211.34748819321067,192.83060018569557,5.189189189189181,0,3.7683606375780982,3.2173682123300993,0.550992425247999
2018-08-16,211.67832946777344,214.70070215018904,209.7384800014865,210.82964532627287,296300,4.9285852246511395,206.84766595584128,1.5243266321791404,202.82688064575194,212.68405109505423,192.96971019644965,1.5073655361425242,0,4.015672866373535,3.3770291431387864,0.6386437232347486
2018-08-17,214.1378173828125,214.8739163076322,210.36202170053613,212.08536928835204,209400,5.326528376319803,208.1731480334724,4.793171842977273,203.6902931213379,214.3433498739775,193.0372363686983,-29.32838339520756,0,4.359871821001292,3.5735976787112875,0.7862741422900044
2018-08-20,215.2982788085937,216.1469630645004,213.55760724802064,214.847950887114,179000,5.632123188379547,209.4686263562217,6.443753551321718,204.63554229736326,215.89978867412236,193.37129592060415,-14.51766953199618,0,4.672430639122382,3.7933642707935067,0.8790663683288753
2018-08-21,219.51573181152344,219.94873586610663,214.475571487577,214.7700110732772,370100,6.209808092695693,211.2953728026402,8.463849939692004,205.78300399780272,218.2026201831941,193.36338781241133,106.75977653631286,0,5.200500828606266,4.074791582356059,1.1257092462502074
2018-08-22,217.2900848388672,218.70166898665383,216.6838818415753,218.53713855571584,192000,6.345868950563901,212.38532044559057,6.852063297306343,206.80316162109375,219.49489952222154,194.11142371996596,-48.122129154282625,0,5.377421579487361,4.335317581782319,1.0421039977050421
2018-08-23,213.947265625,217.1081893410672,213.2371327667044,217.073554837502,279000,6.337743198277377,212.66931047821046,4.394676821880483,207.49033737182617,220.16582376838093,194.8148509752714,45.3125,0,5.188089904803775,4.50587204638661,0.6822178584171645
2018-08-24,214.43228149414065,214.73538963649645,211.955497622566,214.0512357886313,421200,6.305918077162336,212.98985066292505,4.103418973800443,208.17794799804688,220.78978415237154,195.5661118437222,50.96774193548388,0,5.019320315569416,4.608561700223172,0.4107586153462446
2018-08-27,217.0389404296875,218.104139880612,214.4928745643317,215.7572521733481,158800,6.067873904016563,213.72604880233638,4.190568011768736,209.15783615112304,221.29358395915617,197.0220883430899,-62.29819563152896,0,5.037831802445737,4.694415720667685,0.3434160817780523
2018-08-28,215.09909057617188,217.31606914089383,213.85203682995711,216.83110673164023,290900,5.948249969615137,213.97569276121553,2.087957927119821,209.821630859375,221.71813079860527,197.92513092014474,83.18639798488665,0,4.8401780582371146,4.723568188181571,0.11660987005554357
2018-08-29,213.77410888671875,215.2636439045372,212.85612918308647,214.4755733469472,176600,5.398704996851573,213.93904114767065,2.5422761180920794,210.57332763671874,221.3707376304219,199.7759176430156,-39.2918528704022,0,4.524465866798323,4.683747723904921,-0.15928185710659815
2018-08-30,209.3011016845703,213.80015300278097,208.8234012666778,213.48747757042312,212600,5.385470374127703,213.09577942710695,-1.1230378608808156,210.6133773803711,221.38431812862652,199.8424366321157,20.385050962627417,0,3.868731058328194,4.5207443907895755,-0.6520133324613813
2018-08-31,212.3323211669922,212.85345131808512,208.145945177779,209.19688612309,484500,5.188611530766183,212.9569688343588,-0.843146828471053,211.0128288269043,221.39005188843666,200.63560576537193,127.89275634995296,1,3.5526972946393585,4.327134971559532,-0.774437676920174
2018-09-04,211.3508453369141,212.5320620829577,210.4215129997082,211.77643536222232,267800,4.762634825138937,212.66494638027794,-1.8334719132562016,211.46712951660157,220.99239916687944,201.9418598663237,-44.726522187822496,0,3.186311546960809,4.098970286639788,-0.9126587396789789
2018-09-05,212.419174194336,212.98372079689432,209.18819916207804,210.5691767920088,323500,4.257370440285398,212.62026052828847,-3.2328241619058784,211.9687843322754,220.4835252128462,203.4540434517046,20.799103808812536,0,2.9481687583806604,3.8688099809879626,-0.9206412226073022
2018-09-06,215.5111541748047,216.7531618560792,212.52337002164785,212.549425200074,219400,3.8069178825306365,213.14587755492775,-0.8186892951796088,212.57654190063477,220.19037766569605,204.96270613557348,-32.179289026275114,0,2.974645959406473,3.6899771766716647,-0.7153312172651916
2018-09-07,213.40060424804688,214.9639813081384,211.6895767507368,214.9639813081384,147600,3.357283123580388,213.1921914991312,-0.2555122054755721,212.9995330810547,219.71409932821547,206.28496683389392,-32.72561531449407,0,2.7931281488516504,3.510607371107662,-0.7174792222560118
2018-09-10,215.241943359375,216.41446633713505,213.93043731935,214.3560273907256,243500,2.952446606955082,213.56487365553915,0.3775839437946127,213.46262741088867,219.36752062479883,207.55773419697852,64.97289972899729,0,2.7659702702738684,3.3616799509409034,-0.595709680667035
2018-09-11,211.7156524658203,215.37221768734145,211.16848038138264,215.10297196671664,520100,2.7293713855509303,213.22865162104478,-2.452687961583433,213.63293075561523,219.0916735267171,208.17418798451337,113.59342915811088,1,2.4318721428963386,3.1757183893319905,-0.7438462464356519
2018-09-12,213.4961853027344,214.50369662960188,210.49971975995183,213.6612103092082,195900,2.641412635758537,213.27729410862472,-0.7451938867541807,213.77275161743165,219.05557688894874,208.48992634591457,-62.33416650644107,0,2.2844375156404624,2.997462214593685,-0.7130246989532227
2018-09-13,216.21470642089844,216.37103751742887,213.40932130351464,213.7393580360424,181700,2.378145875631597,213.81136907449266,1.1416712467612111,214.15978088378907,218.91607263505227,209.40348913252586,-7.248596222562531,0,2.3597546630782347,2.869920704290595,-0.5101660412123605
2018-09-14,219.65414428710932,220.4532141450721,216.7184829724315,216.7184829724315,261900,2.598640588805547,214.87369184042294,4.946482612471703,214.55857162475587,219.75585280236697,209.36129044714477,44.138690148596595,0,2.6662431449784663,2.8291851924281697,-0.16294204744970342
2018-09-17,223.6407165527344,224.18790187553336,217.76070081816704,219.2632737290124,302000,3.293524691804297,216.46769633357047,5.325800294364291,215.03371658325196,221.62076596686055,208.44666719964337,15.311187476135935,0,3.1940020719874553,2.902148568340027,0.29185350364742835
2018-09-18,224.0836944580078,225.24753682217343,223.51914781576212,223.649423732314,276200,3.866670830863801,217.85242326528635,6.024508253466565,215.47298736572264,223.20632902745024,207.73964570399505,-8.543046357615891,0,3.6064267955976277,3.0430042137915474,0.5634225818060803
2018-09-19,218.89845275878903,225.2214320731264,218.15150674486463,223.38882273678624,463700,3.8350372385785647,218.04261044592317,3.0502324420701,215.44212341308594,223.11219789024307,207.7720489359288,67.88559015206373,1,3.4748151837238197,3.129366407778002,0.3454487759458176
2018-09-20,217.1787567138672,220.3315526499123,214.4688988209693,219.7583254588332,458200,3.8322936370921177,217.88554613100388,0.7737894335203999,215.43655700683593,223.10114428102017,207.77196973265168,-1.1861117101574337,1,3.1949179094844737,3.142476708119297,0.05244120136517694
2018-09-21,222.09469604492188,223.1195816445388,217.5087859040888,217.5087859040888,741200,4.090018732456994,218.6508461153526,4.0740708431965755,215.84392852783202,224.023965992746,207.66389106291803,61.76342208642514,1,3.331370556822833,3.1802554778600043,0.1511150789628286
2018-09-24,220.58349609375,222.337953716312,218.7682474548589,221.35649753465384,258500,4.207860393401474,219.00223702051574,2.4816504864279887,216.1514892578125,224.56721004461545,207.73576847100955,-65.1241230437129,0,3.2797620017173017,3.200156782631464,0.07960521908583784
2018-09-25,222.1815795898437,223.9534115167164,220.93957171470504,221.1914428964351,259200,4.4168801544111576,219.5802993058481,4.943388456228104,216.40862121582032,225.24238152464264,207.574860906998,0.27079303675048294,0,3.329434187556984,3.2260122636165685,0.10342192394041572
2018-09-26,221.68649291992188,223.11090016509297,219.61067967995504,222.928513908168,247100,4.557464330876636,219.96324359931603,3.8362782012117735,216.7379913330078,225.8529199947611,207.62306267125453,-4.668209876543205,0,3.290914779003913,3.2389927666940377,0.05192201230987514
2018-09-27,222.337890625,224.6916433630416,221.24352011269715,222.2770863730328,211700,4.665362266404494,220.39499760398584,2.8319924696434517,217.1661804199219,226.4969049527309,207.8354558871129,-14.326183731282882,0,3.275195802576775,3.2462333738705853,0.02896242870618959
2018-09-28,222.4160919189453,223.54521175343612,218.1602439416369,222.355314159362,192600,4.41676504177656,220.76246929761484,1.257407476102923,217.82192993164062,226.65546001519374,208.9883998480875,-9.022201228153047,0,3.2317944763736364,3.243345594371196,-0.01155111799755959
2018-10-01,223.5452423095703,224.3095631621225,221.86026947711284,223.94476402584576,224500,4.394868271841232,221.26842802706128,-0.04269090380131235,218.38257598876953,227.172312532452,209.59283944508707,16.562824506749752,0,3.251035696676041,3.2448836148321654,0.006152081843875834
2018-10-02,222.3986968994141,224.36160884054985,221.6517508051452,224.1270857113615,294900,4.1521314463728825,221.47393145839814,-0.7519500973371729,218.93496856689453,227.23923145964028,210.63070567414877,31.358574610244982,0,3.137599575058033,3.223426806877339,-0.08582723181930607
2018-10-03,224.76983642578125,225.9510400075227,222.90247771612167,223.76232522064765,284200,4.049216162995698,222.07318690701325,2.682240825823512,219.5525016784668,227.65093400445818,211.45406935247541,-3.6283485927433023,0,3.2021197317335464,3.2191653918485805,-0.017045660115034167
2018-10-04,224.5440216064453,226.2376880483125,222.711411856677,224.7698508669028,173200,4.078377037904402,222.52242957963728,3.3913376262126205,220.00414505004883,228.16089912585764,211.84739097424003,-39.0570021111893,0,3.198164601298828,3.21496523373863,-0.016800632439802232
2018-10-05,226.93246459960932,227.0627404904664,224.6395294031965,225.69912431935128,214100,4.047541972938061,223.32425412872308,2.1782458747726885,220.68073806762695,228.77582201350307,212.58565412175082,23.614318706697457,0,3.349150597121792,3.241802306415263,0.10734829070652907
2018-10-08,226.81092834472656,227.8358009005248,225.84683354640123,226.724068898046,514100,4.056028643017418,223.95819489526914,2.8231632743411783,221.25918731689453,229.37124460292935,213.1471300308597,140.12143858010276,1,3.4195823103015925,3.2773583071925287,0.1422240031090638
2018-10-09,224.77850341796875,227.1409370830499,223.9447110966989,226.7066663836289,188200,3.443916247852899,224.10734189939632,1.1688294920393805,221.91232986450194,228.80016236020774,215.02449736879615,-63.392336121377156,0,3.273663489600807,3.2766193436741844,-0.0029558540733773953
2018-10-10,215.3201141357422,224.57007528076096,215.0334938667814,224.431105468012,347900,3.2266171500979786,222.50966412418646,-2.871793721090332,222.00352630615234,228.4567606063483,215.55029200595638,84.85653560042508,0,2.3675175364570293,3.0947989822307536,-0.7272814457737242
2018-10-11,202.43963623046875,210.5778651136984,201.74480044228943,210.5778651136984,650000,5.3190711383651115,218.86056814351048,-8.949556163637485,221.31477279663085,231.95291507336108,210.6766305199006,86.83529749928141,1,0.6030913580866013,2.596457457401923,-1.9933660993153217
2018-10-12,196.5074615478516,206.25249561832305,194.17108342047803,205.08865350189296,719300,7.689413077254442,214.79636694429976,-11.64872116381559,220.15743865966797,235.53626481417686,204.7786125051591,10.661538461538456,1,-1.2593885723906055,1.8252882514434177,-3.084676823834023
2018-10-15,203.24740600585932,204.6978688230052,198.01010145101145,198.20987555220984,390300,8.511404175389375,212.6965558645833,-9.079967926851296,219.1377731323242,236.16058148310296,202.11496478154547,-45.73891283191992,0,-2.1665851016426245,1.0269135808262093,-3.193498682468834
2018-10-16,204.359115600586,204.5936255070969,201.3539695513637,204.1159250504601,298500,9.034814680257426,211.1806576347656,-8.111370053119959,218.15154418945312,236.22117354996797,200.08191482893827,-23.520368946963877,0,-2.7639777981821965,0.26873530502452814,-3.0327131032067247
2018-10-17,202.474349975586,204.88021316297227,201.71872326177305,204.12458644915932,231800,9.686286122853813,209.59769260582385,-9.919251980039235,217.33033905029296,236.7029112960006,197.95776680458533,-22.345058626465665,0,-3.3508738604490134,-0.4551865280701802,-2.895687332378833
2018-10-18,202.5525360107422,204.23749511350303,198.8525413423464,201.04126927618296,309100,10.23493194662856,208.3167550430817,-9.793841509727319,216.59902801513672,237.06889190839385,196.1291641218796,33.347713546160485,0,-3.766269053318524,-1.117403033119849,-2.648866020198675
2018-10-19,203.6035003662109,206.1135848145717,202.46571310196632,203.8727461154118,360700,10.5429147148046,207.459799647287,-10.280135226380727,215.67446823120116,236.76029766081035,194.58863880159197,16.693626658039463,0,-3.9649630700499188,-1.686915040505863,-2.2780480295440557
2018-10-22,205.14947509765625,205.4968996078123,202.24855001552552,204.51544358934515,415000,10.72791351345129,207.03974063826323,-9.550445124120033,214.90276718139648,236.35859420829905,193.44694015449392,15.05406154699196,0,-3.9521246365469835,-2.139956959714087,-1.8121676768328965
2018-10-23,202.2312164306641,206.6260346642361,201.5103253356037,201.98802585075128,437100,10.940895464005436,206.16546350960883,-10.030891141480136,213.9052490234375,235.78703995144838,192.02345809542663,5.325301204819266,0,-4.129823140581976,-2.537930195887665,-1.5918929446943113
2018-10-24,192.63380432128903,202.67415471772213,192.30376757890176,202.67415471772213,397000,11.75200843961563,203.70516183900523,-10.536084798910728,212.45261459350587,235.95663147273712,188.94859771427463,-9.174102036147335,0,-4.987587628074266,-3.027861682324985,-1.9597259457492808
2018-10-25,190.24530029296875,194.8398916691033,189.17699809374864,193.5891899466554,501100,12.498492021554116,201.2579142851804,-6.023689908046103,210.8479850769043,235.84496912001254,185.85100103379608,26.221662468513852,0,-5.793322660384945,-3.5809538779369774,-2.2123687824479674
2018-10-26,188.35191345214844,191.38312811020364,187.2662365585187,188.708018653953,389500,13.143474433206253,198.9113686791746,-4.150248561282844,209.14477615356446,235.43172501997697,182.85782728715196,-22.27100379165835,0,-6.5096151811452785,-4.166686138578638,-2.3429290425666407
2018-10-29,181.1690673828125,190.74907901885368,179.70123013481583,190.74907901885368,652800,14.081991727015826,195.68549571619963,-10.862789866262956,207.02596740722657,235.18995086125824,178.8619839531949,67.59948652118099,1,-7.569619945891475,-4.847272900041205,-2.7223470458502694
2018-10-30,186.00686645507807,186.22400184832887,179.77942496699168,180.40477595978544,382600,14.33987971695368,193.92574494145023,-8.980391744000727,205.20637588500978,233.88613531891713,176.52661645110243,-41.39093137254902,0,-7.927923240758133,-5.4634029681845915,-2.464520272573542
2018-10-31,189.75889587402344,193.3894053299001,188.37791841420085,188.37791841420085,425700,13.957865558588278,193.1681360200999,-6.280032064849584,203.45582885742186,231.37155997459843,175.5400977402453,11.265028750653428,0,-7.81899130171206,-5.934520634890085,-1.8844706668219748
2018-11-01,194.5359039306641,195.2220590754578,189.8110364759324,189.8110364759324,291000,13.161840854766359,193.41682109474792,-3.957803855713238,201.9554229736328,228.2791046831655,175.6317412641001,-31.642001409443267,0,-7.263468583676541,-6.200310224647377,-1.0631583590291642
2018-11-02,191.5046844482422,196.88963809499603,191.07041377910247,195.30888649794093,479700,11.95178028151675,193.0691598862923,-5.942341804638529,200.18403396606445,224.08759452909794,176.28047340303095,64.84536082474226,0,-6.987262098529385,-6.357700599423779,-0.6295614991056055
2018-11-05,196.5248413085937,197.1936085595061,191.1659431421085,192.1908155024501,372200,10.189240505009156,193.697465599438,-4.204073047204737,198.66972961425782,219.04821062427612,178.2912486042395,-22.40983948301022,0,-6.290765734143548,-6.344313626367734,0.0535478922241861
2018-11-06,198.0274200439453,199.93820828852844,195.6389314249942,196.18611669498745,325200,8.129074810683388,194.48473004389388,-2.0787079566225497,197.33217544555663,213.5903250669234,181.07402582418985,-12.62761955937668,0,-5.553524230632092,-6.186155747220607,0.6326315165885141
2018-11-07,203.3081817626953,204.48939865061337,196.715955417124,199.5647702786516,414600,7.109991766558032,196.08899399276686,5.5412794649493335,196.7315788269043,210.95156236002038,182.51159529378822,27.49077490774907,0,-4.491367995551798,-5.847198196886845,1.3558302013350474
2018-11-08,191.1312255859375,210.23045646469296,186.14580624339985,207.58140244401343,1243500,7.08176199092428,195.1875815551615,0.4656752579982104,196.16615829467773,210.32968227652628,182.00263431282917,199.9276410998553,1,-4.579391745751053,-5.593636906659688,1.0142451609086347
2018-11-09,194.24929809570312,194.94413393527083,186.08501342623376,188.40401760413903,569900,7.09402493217783,195.01698456253268,3.1310457831122296,196.05325012207032,210.241299986426,181.86520025771466,-54.16968234821069,0,-4.347434292897361,-5.344396383907223,0.9969620910098618
2018-11-12,185.9807586669922,193.6847159996876,185.3380333137111,193.25044533601115,709900,7.221936446633266,193.3740343997071,2.6559121563575427,195.18991775512694,209.63379064839347,180.7460448618604,24.56571328303212,1,-4.775756421950206,-5.230668391515819,0.45491196956561364
2018-11-13,185.15560913085932,187.1793117442705,183.4880115949036,184.7821427712504,421300,7.21528123297039,191.87977525991658,-0.45764833333414856,194.22974243164063,208.6603048975814,179.79917996569986,-40.65361318495563,0,-5.122735757601049,-5.209081864732865,0.08634610713181612
2018-11-14,185.39016723632807,188.760112255708,184.72138661845423,186.88405956948267,414900,7.199109788653826,190.699846528355,-2.3022523489995783,193.37553329467772,207.77375287198538,178.97731371737007,-1.519107524329455,0,-5.317495721477002,-5.230764636081693,-0.08673108539530894
2018-11-15,186.805908203125,188.4995614847344,182.98431763517172,183.609668578057,286300,7.000982013298555,189.99185774194956,-3.973557359516622,192.58820190429685,206.59016593089396,178.58623787769974,-30.99542058327308,0,-5.2965505935843,-5.243921827582215,-0.052628766002085214
2018-11-16,187.9697265625,189.1335688476821,184.330536007695,185.6420419921358,295100,6.565596152715649,189.62419752750418,-1.8458858570102432,191.80651321411133,204.93770551954265,178.67532090868002,3.0736989172196916,0,-5.126940831170259,-5.220525628299824,0.09358479712956491
2018-11-19,183.9831085205078,188.41266127945684,182.9929719505885,188.41266127945684,484100,5.981569409623818,188.59854498077755,-6.38175444110508,190.7481948852539,202.71133370450153,178.78505606600626,64.04608607251778,0,-5.253649826005699,-5.227150467841,-0.02649935816469906
2018-11-20,182.14181518554688,183.0885220911448,178.35497431026587,180.977959686167,366500,5.628101788275561,187.42459410891743,-8.021921840355839,189.74372482299802,200.99992839954913,178.4875212464469,-24.292501549266674,0,-5.43993640052031,-5.2697076543768615,-0.17022874614344818
2018-11-21,182.7411346435547,186.18924561624087,180.66532089388016,183.26226486850825,493900,5.793033607122584,186.57305602430603,-10.116192541206637,189.24909133911132,200.83515855335648,177.66302412486615,34.761255115961795,0,-5.476084883612089,-5.310983100223908,-0.16510178338818093
2018-11-23,183.7225799560547,185.51177330145293,182.08103707331745,182.08103707331745,103100,5.916293873921475,186.05478764826032,-3.8762089277514233,188.92295532226564,200.7555430701086,177.0903675744227,-79.12532901397043,0,-5.363708885224042,-5.321528257223935,-0.042180628000107134
2018-11-26,184.88644409179688,187.6397193427836,184.41743746429364,185.56390547201983,333500,5.984255619414177,185.84236154708515,-4.820019477904802,188.74968185424805,200.7181930930764,176.7811706154197,223.47235693501455,0,-5.121696261581889,-5.281561858095526,0.15986559651363752
2018-11-27,177.25192260742188,185.0427396786446,175.06319466610017,184.03522851882627,602100,6.301129981474021,184.28046355805546,-4.6934081364834785,188.5538246154785,201.15608457842654,175.95156465253046,80.53973013493254,0,-5.482739979572159,-5.321797482390853,-0.16094249718130627
2018-11-28,185.8331451416016,185.8852555111306,177.63411126244802,177.93809283566455,378300,6.304944316291495,184.56276930051837,0.36592788839759915,188.54513854980468,201.15502718238767,175.93524991722168,-37.16990533134032,0,-5.018585653566447,-5.261155116625972,0.24256946305952454
2018-11-29,187.3592071533203,188.3707710415169,184.64714184241188,185.6238297233084,309300,6.303463688349415,185.07121254648234,1.062105906880273,188.42515411376954,201.03208149046836,175.81822673707072,-18.239492466296593,0,-4.476002979509616,-5.104124689202701,0.6281217096930849
2018-11-30,187.926010131836,188.81550123736267,186.34760818503835,187.42893726786207,374500,6.137300887647642,185.59026665291026,0.5996073354880505,188.09465942382812,200.3692611991234,175.82005764853284,21.079857743291306,0,-3.9546789604722505,-4.874235543456612,0.9195565829843613
2018-12-03,186.55691528320312,191.3793450300299,185.20525375240925,190.5334587973801,634500,6.092165576914352,185.76602094932713,-0.7516163933063535,187.84727096557617,200.03160211940488,175.66293981174746,69.42590120160214,0,-3.610382193191782,-4.621464873403646,1.0110826802118638
2018-12-04,177.56610107421875,188.6759780869519,177.08648615241466,186.35633124258345,609600,6.145626098152137,184.27512642658013,-3.4878242344588806,186.89933395385742,199.1905861501617,174.60808175755315,-3.924349881796685,0,-4.016706005376051,-4.500513099798127,0.48380709442207603
2018-12-06,176.92950439453125,177.06030603998948,169.70896082503353,174.14767407922125,974600,5.942322697590174,182.93955878438942,-2.8616771968072663,185.8444381713867,197.72908356656706,173.95979277620637,59.8753280839895,1,-4.340059086174961,-4.468422297073493,0.12836321089853264
2018-12-07,173.0924835205078,179.6502624433777,172.84831160882496,176.6765945247319,458500,5.041372870587307,181.14918146368368,-5.279955792037205,184.33365325927736,194.41639900045197,174.25090751810274,-52.955058485532525,0,-4.850026166937482,-4.544743071046291,-0.3052830958911912
2018-12-10,174.0255889892578,177.89747739090302,170.6333288006764,175.28133801750738,649000,5.273131633576022,179.8539828319699,-5.278061612849294,183.47837142944337,194.02463469659543,172.9321081622913,41.54852780806979,0,-5.119866307726511,-4.659767718382335,-0.4600985893441756
2018-12-11,174.94126892089844,177.5748533781211,172.9704483956143,176.72896711179172,417900,4.955282591846566,178.96076212086598,-5.379072121675188,182.51296997070312,192.42353515439626,172.60240478701,-35.60862865947612,0,-5.1998877761029405,-4.767791729926456,-0.43209604617648445
2018-12-12,176.71151733398438,180.5834062539938,176.10980306852687,176.84231899761656,339300,5.046504982583717,178.55180852325114,-0.30487978098516777,182.04950790405275,192.14251786922017,171.95649793888532,-18.808327351040923,0,-5.062108280754558,-4.826655040092076,-0.23545324066248163
2018-12-13,174.13894653320312,176.74635673498028,172.8919132705676,176.74635673498028,401200,5.285221759411047,177.74946997960603,-6.292848673194273,181.49867477416993,192.06911829299202,170.92823125534784,18.24344238137341,0,-5.101692862173508,-4.881662604508362,-0.2200302576651456
2018-12-14,172.92681884765625,175.97025253273964,171.7582797633757,172.1158087056829,427300,5.531270243690093,176.87262431925154,-7.703057952126002,180.87550735473633,191.9380478421165,169.81296686735615,6.5054835493519425,0,-5.171261419543384,-4.939582367515367,-0.2316790520280172
2018-12-17,172.1071319580078,176.24935365578003,170.52000062569553,172.4646742875563,403300,5.676433792379496,176.00617116266176,-8.417609761805057,180.14056854248048,191.49343612723948,168.78770095772148,-5.6166627662064155,0,-5.232223073414332,-4.99811050869516,-0.23411256471917152
2018-12-18,171.87167358398438,175.7261182369357,171.18276257515274,173.10126257210743,395300,5.6491156943428775,175.25444433017495,-7.871721976602042,179.33566589355468,190.63389728224044,168.0374345048689,-1.983635011157947,0,-5.239141583367342,-5.046316723629597,-0.19282485973774488
2018-12-19,164.5987548828125,174.26974608213305,163.66565886542497,170.95596716361527,496500,6.420066483110064,173.31704624883633,-7.302827574045889,178.36644821166993,191.20658117789006,165.5263152454498,25.600809511763224,0,-5.765032601989617,-5.190059899301601,-0.574972702688016
2018-12-20,161.5204620361328,168.30498308780486,159.4537159837161,163.44767744790025,446500,7.367780725124575,171.17221275561752,-8.709142328256425,177.33538055419922,192.07094200444837,162.59981910395007,-10.070493454179253,0,-6.356918925124091,-5.4234317044661,-0.9334872206579918
2018-12-21,156.58470153808594,163.1512120497248,156.48006019331928,160.35194962620423,832800,8.57953567683614,168.51993798879357,-9.53697217040973,176.02755889892578,193.18663025259806,158.8684875452535,86.51735722284435,1,-7.141939885542342,-5.767133340681348,-1.374806544860994
2018-12-24,154.37838745117188,157.0381318792252,151.56168104361373,154.9364966667,341400,9.638135356320637,165.94874698195324,-11.289834818084543,174.56034927368165,193.83661998632292,155.2840785610404,-59.0057636887608,0,-7.851597432569207,-6.18402615905892,-1.667571273510287
2018-12-26,160.24728393554688,160.48274025142769,152.07621127063788,155.1109298171967,430300,9.821728340532474,164.91211733715207,-8.399381733075007,173.32839126586913,192.97184794693408,153.68493458480418,26.039835969537208,0,-7.84994596288152,-6.5172101198234405,-1.3327358430580798
2018-12-27,163.56980895996094,163.56980895996094,156.56726158635465,156.87248325960388,478500,10.008776209562813,164.66806126857185,-7.436814856377261,172.6442855834961,192.66183800262172,152.62673316437048,11.201487334417859,0,-7.494149271430672,-6.712597950144888,-0.7815513212857841
2018-12-28,164.09298706054688,166.62192987514211,162.93316362760083,164.59877562346594,413800,9.676024056683426,164.5635023216582,-5.768933183904834,171.55727767944336,190.90932579281022,152.2052295660765,-13.521421107628006,0,-7.088252764162576,-6.787728912948426,-0.30052385121414993
2018-12-31,165.95919799804688,167.75561199146776,164.70344867664073,164.70344867664073,472200,8.995972463726597,164.8172651719107,-4.029230917471316,170.48727722167968,188.47922214913288,152.49533229422647,14.11309811503141,0,-6.540593343064643,-6.73830179897167,0.19770845590702724
2019-01-02,167.92127990722656,168.2177725378156,162.82853129824454,163.61336786306825,353400,8.013437287103486,165.38163148742268,-2.4321200424178513,169.4870407104492,185.51391528465618,153.46016613624224,-25.158831003811944,0,-5.880459418189332,-6.566733322815203,0.686273904625871
2019-01-03,164.67727661132812,167.17133041747582,163.18608437815814,166.9794791011279,486500,6.988357420406022,165.25356696449637,-4.185911978765211,168.39305877685547,182.3697736176675,154.41634393604343,37.6627051499717,0,-5.555027581356541,-6.364392174523471,0.8093645931669302
2019-01-04,170.50253295898438,171.5489860826925,167.15386433419556,167.35444460690613,323100,6.671684573358723,166.20792441803962,3.586769584238425,168.03988037109374,181.38324951781118,154.6965112243763,-33.58684480986639,0,-4.772061646345691,-6.0459260688879155,1.2738644225422249
2019-01-07,170.9123992919922,172.82216996044022,167.67710090388863,169.98801881940997,421700,6.378961299143986,167.063283486031,5.814704302764051,167.7390251159668,180.49694771425476,154.98110251767883,30.516867842773145,0,-4.071548438261374,-5.651050542762608,1.579502104501234
2019-01-08,169.7612762451172,173.362832244498,168.51425624231678,172.9093643769467,485400,6.274455034034001,167.55382762404668,8.414982164669716,167.57246475219728,180.1213748202653,155.02355468412927,15.105525254920549,0,-3.5681413708433354,-5.2344687083787536,1.6663273375354182
2019-01-09,167.69456481933594,170.0490879917934,165.6888549663628,170.0490879917934,607300,6.088707996056613,167.57941620500836,8.625674609003031,167.25591354370118,179.4333295358144,155.07849755158796,25.113308611454464,0,-3.2979374132893327,-4.847162449360869,1.5492250360715367
2019-01-10,167.89508056640625,168.1392524767922,164.87780768533517,167.43289707129205,649000,5.818465817217237,167.6368097252625,4.772496882964572,166.90360412597656,178.54053576041102,155.2666724915421,6.866458093199412,0,-3.0326602654304224,-4.48426201257478,1.4516017471443572
2019-01-11,169.63050842285156,169.8485200729352,165.14818942938726,167.4329472642236,606800,5.389903602521013,167.99930039755142,3.705267800596479,166.54955368041993,177.32936088546197,155.7697464753779,-6.502311248073955,0,-2.6518231238253236,-4.117774234824889,1.4659511109995655
2019-01-14,170.94732666015625,171.81937342710347,167.5201892531149,168.56664271217605,685600,5.197177156281105,168.53530517257047,4.177106969891575,166.38997268676758,176.78432699932978,155.99561837420538,12.986156888595923,0,-2.218180909918658,-3.737855569843643,1.519674659924985
2019-01-15,172.22047424316406,172.7436941780784,169.8921116015414,170.67694815709993,437400,5.152627342151387,169.20533591267838,3.7727804910161478,166.35465545654296,176.65991014084574,156.04940077224018,-36.20186697782963,0,-1.751592691148801,-3.3406029941046747,1.5890103029558738
2019-01-16,170.54612731933594,172.22045487423034,168.99387242645585,171.6797770373404,354000,5.072098162948982,169.4491161684343,1.563141618238939,166.27660522460937,176.42080155050732,156.13240889871142,-19.067215363511657,0,-1.4996370869917541,-2.972409812682091,1.4727727256903367
2019-01-17,171.89781188964844,173.63318931658029,169.19447556514396,169.19447556514396,320500,5.073618847485633,169.8943335722914,4.384657936360115,166.27791213989258,176.42514983486384,156.1306744449213,-9.463276836158197,0,-1.1773194019207835,-2.6133917305298295,1.436072328609046
2019-01-18,174.66220092773438,175.8481847902817,172.6652201455028,172.6652201455028,316700,5.387625382840097,170.7612185460083,2.439651714588109,166.78108444213868,177.55633520781888,156.00583367645848,-1.1856474258970406,0,-0.6908534928934102,-2.228884083002546,1.5380305901091358
2019-01-22,171.3571319580078,174.03432101738798,170.1275432374513,174.02559203657844,354500,5.330802729430431,170.86956643909912,0.2602108845571882,167.2729179382324,177.93452339709327,156.61131247937155,11.935585727818122,0,-0.5654984849112452,-1.896206963384286,1.3307084784730407
2019-01-23,171.45306396484375,174.37442508058365,168.76715913135456,169.4647989969733,252600,4.768945254603567,170.9756568983254,0.9965686858314005,168.0163360595703,177.55422656877744,158.47844555036318,-28.744710860366716,0,-0.4531887489393114,-1.607603320495291,1.1544145715559797
2019-01-24,173.58087158203125,174.9063860878189,171.08681787161316,172.03734543479578,195400,3.6895840692864925,171.4493322953628,3.5101356856955146,168.9764602661133,176.35562840468629,161.5972921275403,-22.64449722882027,0,-0.19029260743135978,-1.3241411778825047,1.133848570451145
2019-01-25,176.22315979003906,178.35967107162617,174.94125035981205,175.46448358673587,268400,3.4197744277437514,172.3173009307585,4.960287815186382,169.7752540588379,176.6148029143254,162.9357052033504,37.35926305015354,0,0.2286295554422395,-1.0135870312175561,1.2422165866597956
2019-01-28,178.4032745361328,178.49920018337127,174.18257267038717,174.54883060355945,254700,3.606542950540807,173.4238415862811,5.1716912216124955,170.51692733764648,177.7300132387281,163.30384143656485,-5.104321907600595,0,0.7281517476334045,-0.6652392754473639,1.3933910230807685
2019-01-29,180.03399658203125,181.7780895754273,178.43814989630906,178.81313680920346,180500,3.864396855766337,174.62568794914475,5.315479393216438,171.3139778137207,179.0427715252534,163.585184102188,-29.132312524538673,0,1.2413033520413421,-0.2839307499496227,1.5252341019909648
2019-01-30,182.0746154785156,182.99026712872703,177.84519718011214,181.33338380463096,229300,4.3399613154256755,175.98003840903033,5.72181750088443,172.11974868774413,180.79967131859547,163.4398260568928,27.0360110803324,0,1.7919837135956982,0.13125214275944153,1.6607315708362567
2019-01-31,180.03399658203125,182.24027315416737,179.33635672339813,181.10661004718523,401200,4.562676410648477,176.71712171321232,5.563227621656819,172.7253845214844,181.85073734278134,163.60003170018743,74.9672917575229,0,2.0402225610928895,0.5130462264261311,1.5271763346667584
2019-02-01,179.96424865722656,182.4234264026285,178.90035076393028,181.11535653117,371400,4.421757461171424,177.3075084303058,4.692576757612521,173.4897331237793,182.33324804612215,164.64621820143645,-7.427716849451649,0,2.205897350046797,0.8516164511502643,1.354280898896533
2019-02-04,184.28961181640625,184.34193248402264,179.9642547729889,179.9642547729889,251400,4.9720094404520445,178.57698177323314,5.512017389873125,174.1790870666504,184.12310594755448,164.23506818574631,-32.31017770597738,0,2.6556043187623573,1.2124140246726829,1.4431902940896744
2019-02-05,184.70819091796875,184.92620257115675,182.0920510797129,184.2111312680153,218100,5.430766473035648,179.69174707227597,7.791364623932151,174.8688766479492,185.7304095940205,164.00734370187791,-13.245823389021483,0,3.011066466812167,1.5721445131005798,1.4389219537115874
2019-02-06,184.0628662109375,185.32733100948468,183.19953536186787,184.3244695230429,316900,5.6595813200183525,180.48649600657805,7.354667192578934,175.58395614624024,186.90311878627693,164.26479350620355,45.300320953690964,0,3.203769409973347,1.8984694924751333,1.3052999174982138
2019-02-07,183.33905029296875,183.9756404751797,181.14148951492623,183.103594025871,253900,5.592513073504055,181.00514224046728,5.6216901217286175,176.36618041992188,187.55120656692998,165.18115427291377,-19.880088355948246,0,3.2604970054898956,2.1708749950780857,1.08962201041181
2019-02-08,182.4844512939453,183.4262631390662,180.73164256646623,182.5891059254303,311200,5.376748508342821,181.2741075229178,3.5530468931360915,177.09564895629882,187.84914597298445,166.3421519396132,22.56794013391099,0,3.199611902277468,2.3766223765179624,0.8229895257595055
2019-02-11,183.60940551757807,184.5250570650992,182.1182000480297,183.4088385349472,341500,5.262625365795682,181.69870715831055,2.9181812917850047,177.79459381103516,188.31984454262653,167.2693430794438,9.736503856041123,0,3.2051870227024892,2.542335305754868,0.6628517169476211
2019-02-12,186.8534240722656,189.1730578578743,184.8564299562376,185.00467627779489,260500,5.374091994764789,182.63592841539327,3.787855416033681,178.58989868164062,189.33808267117018,167.84171469211105,-23.718887262079058,0,3.431810753635034,2.7202303953309013,0.7115803583041327
2019-02-13,188.3533477783203,189.1817893776065,186.76621659734292,187.08886957762684,262000,5.574747201049735,183.6754592086527,3.448439137604886,179.39654235839845,190.5460367604979,168.24704795629899,0.5758157389635254,0,3.689908037855645,2.91416592383585,0.7757421140197946
2019-02-14,187.0365600585937,190.80380793925968,176.4063093631265,180.2956432414228,658300,5.414024800440224,184.28656845409654,3.8895784182471083,180.22106399536133,191.0491135962418,169.39301439448087,151.2595419847328,1,3.745027880752815,3.0803383152192434,0.6646895655335716
2019-02-15,191.588607788086,195.8965195011741,188.82422206066104,188.82422206066104,480100,5.607700440439542,185.61421196936732,6.459260223957064,181.2056037902832,192.42100467116228,169.9902029094041,-27.069725049369588,1,4.108660877047697,3.2860028275849347,0.8226580494627624
2019-02-19,190.10610961914065,191.16129158696785,188.5974731172132,190.6642187665016,334400,5.721413827703477,186.43092063296245,3.156172366638299,181.97779922485353,193.42062688026047,170.53497156944658,-30.347844199125184,0,4.228474215345216,3.474497105136991,0.7539771102082247
2019-02-20,192.57403564453125,193.08853990056983,190.0625373953782,190.6642516264356,302000,5.614505417292755,187.54785063506586,4.258525129541124,183.03864440917968,194.2676552437652,171.80963357459416,-9.688995215311003,0,4.47102891586195,3.673803467281983,0.7972254485799675
2019-02-21,190.0089263916016,193.3093985923986,188.94088257476216,192.7140950433932,214900,5.109711628991848,187.995318954436,3.2304507166860397,183.96643753051757,194.18586078850126,173.74701427253387,-28.84105960264901,0,4.405488653459116,3.8201405045174095,0.5853481489417067
2019-02-22,190.0702209472656,191.3571421209855,189.34359098562544,190.07897069678071,313600,4.65592528822655,188.3725738622232,3.6714331417887713,184.7909049987793,194.1027555752324,175.4790544223262,45.928338762214985,0,4.308824040308082,3.917877211675544,0.3909468286325377
2019-02-25,186.99737548828125,191.70731889230444,186.50710898969496,191.42717996579412,490600,4.214843652996781,188.12253779423372,2.4730458745038764,185.3296157836914,193.75930308968495,176.89992847769784,56.441326530612244,1,3.9388589758370642,3.9220735645078486,0.016785411329215627
2019-02-26,185.62289428710932,188.354312139056,185.56161932678776,186.7697392606281,465900,3.88681236667107,187.66805715657472,1.096615265353873,185.69059677124022,193.46422150458235,177.9169720378981,-5.034651447207505,0,3.494467801290938,3.8365524118644663,-0.34208461057352846
2019-02-27,184.05587768554688,186.410843148462,183.38177281260903,185.30777337688988,260000,3.6771363393733787,187.0112972527515,-1.497187648879672,185.891690826416,193.24596350516276,178.53741814766926,-44.194033054303496,0,2.98147090941319,3.6655361113742115,-0.6840652019610216
2019-02-28,183.32920837402344,186.5946548761475,181.21935661992143,184.0032997443714,534900,3.6188312554212576,186.3418265475282,-2.6674011710213774,185.9544204711914,193.19208298203392,178.7167579603489,105.73076923076923,1,2.48760546888127,3.4299499828756237,-0.9423445139943536
2019-03-01,183.84573364257807,185.1939298115959,181.3331795574831,184.1871608992928,434900,3.383330091025646,185.88799147390088,-1.7059907512285366,186.14500732421874,192.91166750627002,179.37834714216746,-18.69508319312021,0,2.1135293705842173,3.1666658604173428,-1.0531364898331255
2019-03-04,180.66783142089844,185.93807972629017,180.00248973998268,185.570389848016,451200,3.318722442311983,184.93887146426405,-5.700117816643302,186.18018646240233,192.8176313470263,179.54274157777837,3.747988043228334,0,1.542856132062667,2.841903914746408,-1.2990477826837408
2019-03-05,180.7378387451172,182.1910985108408,180.23883590893183,181.1755666245476,490100,3.5144706565499306,184.17504733351007,-4.927916779103992,186.0025978088379,193.03153912193775,178.97365649573803,8.62145390070923,0,1.0837496931921748,2.4902730704355616,-1.4065233772433867
2019-03-06,179.09202575683594,182.6813870496809,178.61927207460732,181.079301097057,291500,3.833248088488997,183.2508615922966,-7.00094892988663,185.72178955078124,193.38828572775924,178.05529337380324,-40.522342379106306,0,0.5804105674541802,2.1083005698392854,-1.5278900023851052
2019-03-07,176.36935424804688,178.1902907931157,174.6184424206831,178.1902907931157,512600,4.358527880267942,181.99967843879665,-7.178384933055226,185.3371139526367,194.0541697131726,176.62005819210083,75.84905660377359,0,-0.03775098267078647,1.679090259337271,-1.7168412420080574
2019-03-08,175.19625854492188,175.42388566482043,173.91810020653364,174.79355624700742,304400,4.90149267016466,180.7626930035467,-7.8255090819673745,184.9299743652344,194.7329597055637,175.12698902490507,-40.6164650799844,0,-0.6152156608507937,1.220229075299658,-1.8354447361504518
2019-03-11,175.5464630126953,175.8353651321599,171.81701143269794,172.70998040573394,567100,5.312006735784445,179.81428755066463,-6.123568550459968,184.58307495117188,195.20708842274078,173.95906147960298,86.30091984231274,0,-1.0326977085956344,0.7696437185205995,-1.802341427116234
2019-03-12,178.3216094970703,178.44417278535883,174.76726077830648,175.91410583837694,652100,5.4915761987584535,179.5428915409202,-3.9333966955314548,184.31868515014648,195.30183754766338,173.33553275262958,14.988538176688415,1,-1.1266369414530288,0.39038758652587385,-1.5170245279789027
2019-03-13,181.9459991455078,183.44302123607864,179.0657417879119,179.0657417879119,451300,5.481986627469591,179.97982019629976,-1.146325000087045,184.07331390380858,195.03728715874777,173.1093406488694,-30.792823186627814,0,-0.898271787930895,0.13265571163452008,-1.0309274995654152
2019-03-14,181.48199462890625,182.3049252391864,179.7048203783634,182.0685484268218,514900,5.414536191458529,180.25294282041003,-1.0075938043372479,183.7297462463379,194.55881862925494,172.90067386342085,14.092621316197661,0,-0.7461311101375543,-0.0431016527198948,-0.7030294574176594
2019-03-15,178.9519500732422,182.3312105014556,177.30608864816912,181.4557545703992,1144000,5.456290980219331,180.01639868456132,-2.661896728509394,183.3255157470703,194.23809770750898,172.41293378663164,122.17906389590212,1,-0.8202565708921554,-0.19853263635434695,-0.6217239345378085
2019-03-18,181.5782928466797,182.3311853779828,178.3215961632196,179.2495771849289,392100,5.106316477913889,180.3003794413101,0.5039421897195195,182.825,193.03763295582777,172.6123670441722,-65.72552447552448,0,-0.6594755958713279,-0.29072122825774316,-0.3687543676135847
2019-03-19,179.46844482421875,183.40799605206743,178.6717768143499,182.2611510541926,327900,4.855863526800699,180.14911860183895,-0.7023398806315195,182.2931167602539,192.0048438138553,172.5813897066525,-16.373374139250195,0,-0.6942991688476639,-0.37143681637572734,-0.3228623524719365
2019-03-20,179.2495574951172,181.02673152639727,178.47915219188064,179.61724729209988,301300,4.2469659462588085,179.98556203698044,0.0879613358637954,181.62689285278321,190.12082474530084,173.1329609602656,-8.112229338212874,0,-0.7311314512064939,-0.4433757433418807,-0.28775570786461324
2019-03-21,181.928466796875,182.593821751089,178.5929823520549,178.5929823520549,172700,3.7645538245429617,180.33881744787035,3.151971935560738,181.22286987304688,188.7519775221328,173.69376222396096,-42.68171257882509,0,-0.5379545036128661,-0.4622914953960778,-0.07566300821678834
2019-03-22,177.83135986328125,181.2631453616732,176.50066316524462,180.76412909051064,479900,3.2036383719300794,179.88291606885414,1.504085384154319,180.61092681884764,187.0182035627078,174.20365007498748,177.88071800810656,0,-0.7073092487351573,-0.5112950460638936,-0.19601420267126368
2019-03-25,178.04147338867188,179.24960688190387,176.68452734441595,178.07649910759332,258100,2.872809304913922,179.548108308821,1.4212820544245997,180.1631317138672,185.90875032369502,174.41751310403936,-46.21796207543238,0,-0.8151728931874231,-0.5720706154885996,-0.24310227769882353
2019-03-26,177.9364013671875,180.18632931188023,176.03666377724647,179.2058096769716,321100,2.605690581823317,179.25507068306948,-0.21601876013189747,179.7788070678711,184.99018823151772,174.56742590422448,24.409143742735374,0,-0.8987735406323907,-0.6374112005173578,-0.2613623401150329
2019-03-27,177.69129943847656,179.94997744584998,172.4648262248191,173.51537071796074,354700,2.439173792138985,178.97074863859802,-2.338440925886276,179.46057815551757,184.33892573979554,174.5822305712396,10.464029897228277,0,-0.9735824804863569,-0.7046454565111576,-0.26893702397519925
2019-03-28,179.56475830078125,179.77487252360132,177.43739353971813,177.9801852757374,199400,2.263878908031075,179.07875039535858,-1.0564333569538675,179.27235565185546,183.8001134679176,174.74459783579331,-43.783478996334935,0,-0.8716488063933809,-0.7380461264876023,-0.13360267990577868
2019-03-29,181.3944549560547,181.77090792935104,180.7028506912496,180.9479772680208,271900,2.0604660605289156,179.4997875882124,1.3648942533528219,179.1497917175293,183.27072383858712,175.02885959647148,36.35907723169509,0,-0.6358942139466706,-0.717615743979416,0.0817215300327454
2019-04-01,185.9818725585937,186.2357489178697,182.7076623486314,182.74268806891664,362200,2.550808125429797,180.6783484919181,2.425168583136905,179.41549377441407,184.51711002527367,174.31387752355448,33.210739242368525,0,-0.07799169927511684,-0.5896909350385562,0.5116992357634393
2019-04-02,184.56362915039065,186.48086645318165,184.32725230435972,186.2795153257319,267500,2.7876483937748686,181.3847631570949,2.839041889042049,179.60678329467774,185.1820800822275,174.031486507128,-26.145775814467143,0,0.24686397850859976,-0.42237995232912506,0.6692439308377248
2019-04-03,182.6376342773437,185.70173040874107,181.31570046967883,185.5091290118099,274600,2.8648615576574143,181.61255790623102,1.8901451303827033,179.78406372070313,185.51378683601797,174.0543406053883,2.654205607476645,0,0.3449266538110862,-0.26891863110108283,0.613845284912169
2019-04-04,183.39927673339844,185.8505427729593,182.91777327619968,182.91777327619968,240200,2.855094587642542,181.9374158748069,0.8084550826043202,180.13555984497071,185.8457490202558,174.42537066968563,-12.527312454479244,0,0.47858339985805287,-0.1194182249092557,0.5980016247673086
2019-04-05,186.29702758789065,186.34955280719632,183.6181345361196,183.6181345361196,254600,2.922556295711318,182.73007254991302,4.760503283064299,180.69059829711915,186.5357108885418,174.84548570569652,5.995004163197337,0,0.8090058941294558,0.06626659889848661,0.7427392952309692
2019-04-08,187.5489196777344,187.7765467683433,184.01208360701364,184.90505239374704,208000,3.0405753157651976,183.60622657315326,5.340017754350623,181.29072113037108,187.37187176190147,175.2095704988407,-18.303220738413195,0,1.1585305119749023,0.28471938151376974,0.8738111304611326
2019-04-09,186.36708068847656,187.7678022969908,184.8963076373781,186.4283556631397,469500,3.1570655004087103,184.1082000486666,4.738029574899416,181.6929946899414,188.0071256907588,175.378863689124,125.72115384615384,0,1.3248942047395076,0.49275434615891733,0.8321398585805903
2019-04-10,185.7979888916016,186.32326773813656,184.54609345439405,186.15692899145395,204500,3.2880906617228547,184.41543438374566,4.562232072556749,181.8855941772461,188.46177550069183,175.30941285380038,-56.44302449414271,0,1.3947399835965086,0.6731514736464357,0.721588509950073
2019-04-11,190.4378967285156,191.357127978722,185.17641224520537,185.8505035847475,364400,3.800192799863882,185.51042753734018,6.055274169957792,182.33338928222656,189.93377488195432,174.7330036824988,78.19070904645477,0,1.8037030852628106,0.8992617959697107,0.9044412892931
2019-04-12,191.969955444336,192.60903446691145,191.11201246185416,191.78611719871645,329400,4.275657499989827,186.68488715679393,5.830112332178716,182.98428955078126,191.53560455076092,174.4329745508016,-9.604829857299668,0,2.2257762609327756,1.1645646889623238,1.0612115719704518
2019-04-15,191.87364196777344,191.96994263804385,190.0964678005611,191.8036039022681,435900,4.696514626336389,187.62829712242655,3.1679267060414906,183.49905700683593,192.89208625950872,174.10602775416314,32.33151183970857,0,2.523412274954893,1.4363342061608377,1.0870780687940553
2019-04-16,193.51954650878903,194.114850161491,192.0750361307951,192.75789072461112,249400,5.0958210197284375,188.69943337449243,4.8524822575420234,184.20161209106445,194.3932541305213,174.00997005160758,-42.785042440926816,0,2.8591432775323824,1.7208960204351467,1.1382472570972357
2019-04-17,192.5565643310547,195.21795832545857,191.7248837172034,193.91352394228565,276300,5.280595092569445,189.4007299120492,5.4309343706503865,184.86696243286133,195.4281526180002,174.30577224772244,10.785886126704082,0,3.0127784673389897,1.9792725098159154,1.0335059575230743
2019-04-18,193.38818359375,194.88521891047736,192.88043097800403,193.5107468731362,173600,5.55934113910771,190.12572149054026,5.446535579784273,185.43994827270507,196.5586305509205,174.32126599448964,-37.16974303293522,0,3.1651542584584433,2.216448859544421,0.9487053989140222
2019-04-22,191.8036193847656,192.90670230752173,190.8843880686009,192.90670230752173,173800,5.429275878586363,190.43079383494486,2.9558130197633314,186.1385612487793,196.99711300595203,175.28000949160656,0.11520737327188613,0,3.122062884305876,2.397571664496712,0.7244912198091642
2019-04-23,197.5641021728516,198.8072477642507,193.0817729015088,193.0817729015088,354100,5.64748288882239,191.72775898729154,5.340037421877075,187.11469268798828,198.40965846563307,175.8197269103435,103.73993095512084,0,3.512248464468911,2.620507024491152,0.8917414399777588
2019-04-24,197.27523803710932,198.5271469759216,196.4610704260812,197.853042162715,275200,5.648862562014464,192.73639154180387,5.853049427149837,188.08163452148438,199.3793596455133,176.78390939745546,-22.28184128777182,0,3.754880501181674,2.8473817198292566,0.9074987813524173
2019-04-25,195.50685119628903,198.32580738321107,193.2481729877672,197.58167775689907,266200,5.319222350934208,193.24011147898298,5.22549375405339,188.972412109375,199.61085681124342,178.33396740750658,-3.2703488372093026,0,3.7611182691256317,3.0301290296885317,0.7309892394371
2019-04-26,193.9485015869141,195.8832650772152,193.15184683998768,195.4630499695796,255700,4.9391098426364275,193.368909680425,1.8434381594768068,189.69159927368165,199.5698189589545,179.8133795884088,-3.9444027047332852,0,3.5988308732440544,3.1438693983996364,0.45496147484441796
2019-04-29,193.4232177734375,195.69064522052952,192.9767267402475,194.2023729461539,241900,4.596045959467848,193.37878387915453,0.7570259240503363,190.29303741455078,199.48512933348647,181.1009454956151,-5.396949550254204,0,3.3887673286920403,3.1928489844581174,0.19591834423392296
2019-04-30,194.8589630126953,195.1478650437072,192.60903508560145,193.6683425326448,329300,4.586424637622977,193.6479073579801,1.5558786575924133,190.73689193725585,199.9097412125018,181.56404266200988,36.1306324927656,0,3.300101581206718,3.2142995038078377,0.08580207739888035
2019-05-01,195.34922790527344,197.83551944143125,195.2091517560372,195.7519434947285,223100,4.454557339910193,193.95723836657888,0.9454762733237976,191.276171875,200.18528655482038,182.3670571951796,-32.25022775584573,0,3.2321355701209598,3.2178667170704625,0.014268853050497299
2019-05-02,181.7709197998047,189.53620965750585,175.59895279516715,188.7395415517753,881200,4.546290947945267,191.74154408171083,-5.601286338234967,191.23283615112305,200.32541804701359,182.14025425523252,294.9798296727925,1,2.0588825151859567,2.986069876693562,-0.9271873615076052
2019-05-03,185.62289428710932,186.5421255590977,181.280640951112,181.7708940672669,421600,4.368343279233978,190.62906230087418,-4.015389752536902,191.3440170288086,200.08070358727656,182.60733047034063,-52.156150703586015,0,1.4234841262305622,2.673552726600962,-1.2500686003703998
2019-05-06,184.40603637695312,184.80875198204632,181.84095691664209,184.0470962399957,337000,4.501758240253626,189.49760304197943,-3.856852666045174,191.2494674682617,200.25298394876896,182.24595098775447,-20.066413662239093,0,0.8123715480196552,2.301316490884701,-1.4889449428650456
2019-05-07,182.57635498046875,183.9070518663939,181.0618198117137,182.74269376100924,360600,4.84139618896868,188.23919430352294,-7.586270495269353,191.00083923339844,200.68363161133578,181.3180468554611,7.002967359050438,0,0.17836435627708624,1.876726063963178,-1.6983617076860917
2019-05-08,181.14938354492188,183.24172319279904,179.40722101095864,182.0248396881073,407800,5.229277231269202,186.9501378019591,-8.17429224906271,190.7399543762207,201.19850883875912,180.2813999136823,13.089295618413765,0,-0.4342300464284108,1.4145348418848602,-1.848764888313271
2019-05-09,181.55209350585932,182.3925238960296,178.7856489748819,180.09883314812308,305200,5.518647097788023,185.9686752026682,-7.137733335196083,190.52765960693358,201.56495380250962,179.49036541135754,-25.159391858754287,0,-0.8771094243544724,0.9562059886369937,-1.8333154129914662
2019-05-10,182.56759643554688,182.88276114381955,178.92570946688338,181.23691287475012,316700,5.798871564417617,185.35029724500976,-5.8680036495497685,190.13414459228514,201.73188772112036,178.53640146344992,3.768020969855823,0,-1.1330903622490496,0.5383467184597851,-1.6714370807088348
2019-05-13,179.7135772705078,180.4314574853348,177.38486148468846,179.59976373440202,418000,6.226506997962358,184.32543906782757,-7.087898061435527,189.52132568359372,201.97433967951844,177.068311687669,31.986106725607822,0,-1.5484035619444967,0.1209966623789287,-1.6694002243234254
2019-05-14,180.11631774902344,182.0248053693108,179.01323466720768,180.0287668078514,209600,6.539867402595482,183.56014428259044,-7.565802997068893,188.93345947265624,202.0131942778472,175.8537246674653,-49.856459330143544,0,-1.8240183262466019,-0.26800633534617746,-1.5560119909004244
2019-05-15,179.47718811035156,180.4839702918064,176.85082071969686,178.5404573540503,167100,6.771289737724872,182.81778861491063,-8.124956502320224,188.23134155273436,201.7739210281841,174.68876207728462,-20.27671755725191,0,-2.070153986534109,-0.6284358655837637,-1.4417181209503451
2019-05-16,182.73391723632807,184.3097406226056,180.2388757865867,180.69410326386864,281400,6.7972395006985895,182.80253927335013,0.5297863033228767,187.740209197998,201.3346881993952,174.14573019660082,68.40215439856374,0,-1.9796077617636456,-0.8986702448197401,-1.0809375169439055
2019-05-17,181.21942138671875,183.09289699618745,180.71165522137107,181.3332349598624,218700,6.809683322064976,182.51469965759895,-2.372268203931549,187.13177108764646,200.7511377317764,173.51240444351652,-22.281449893390192,0,-2.006921838487699,-1.120320563553332,-0.886601274934367
2019-05-20,183.801986694336,184.5373665369864,180.7641532698647,180.7641532698647,243800,6.755597847627056,182.74875184609658,-0.32756502687490974,186.73168945312497,200.2428851483791,173.22049375787086,11.476909007773205,0,-1.7994342462708346,-1.2561433000968325,-0.5432909461740021
2019-05-21,185.57913208007807,185.9293224440554,183.8457331931792,184.99257824861223,184100,6.257329138739481,183.2633664340932,1.6446692124675977,186.1324409484863,198.64709922596526,173.61778267100735,-24.48728465955702,0,-1.4745997857423276,-1.2998345972259315,-0.1747651885163961
2019-05-22,183.8632659912109,185.0976487527116,183.2854618467821,185.0976487527116,203900,5.693589975533217,183.37243908084187,1.4981461118889428,185.4618423461914,196.84902229725782,174.07466239512496,10.755024443237371,0,-1.340173502836251,-1.3079023783479955,-0.03227112448825542
2019-05-23,179.60862731933594,183.1951619779958,177.6922793424483,182.39523166212848,329000,5.314541207164511,182.68810966965896,-1.070473024570584,184.66693115234372,195.29601356667274,174.0378487380147,61.35360470819029,0,-1.5589825085399127,-1.3581184043863792,-0.2008641041535335
2019-05-24,180.6810607910156,181.6392414760195,179.3185355025339,180.50525237443628,187500,4.907464669428761,182.3231916917238,-1.0333354228045044,184.0035591125488,193.81848845140632,174.18862977369128,-43.00911854103343,0,-1.6270976348285728,-1.411914250474818,-0.21518338435375495
2019-05-28,179.845947265625,181.56010267204329,179.7844203604312,180.645890926394,357500,4.45397299528632,181.87278361425126,0.07365609050113964,183.32469558715817,192.23264157773082,174.41674959658553,90.66666666666667,0,-1.7285405063414316,-1.4752395016481408,-0.25330100469329087
2019-05-29,179.67013549804688,181.1557412935664,178.78229435886496,179.7756178554448,257900,3.5960584690938817,181.47230213857773,-0.24771894992783317,182.56525421142575,189.7573711496135,175.373137273238,-27.860139860139867,0,-1.802344942617367,-1.5406605898419863,-0.2616843527753807
2019-05-30,180.0832977294922,181.9644758319954,179.54707337529015,180.0832977294922,217800,2.0102210812735293,181.21975588238035,0.33770844390985655,181.80195770263668,185.82239986518374,177.78151554008963,-15.548662272198522,0,-1.8066705771613272,-1.5938625873058547,-0.21280798985547245
2019-05-31,180.31185913085932,180.452511229482,178.2285018966366,179.62619691672725,245200,2.0376944481544808,181.05468374574016,-1.3254562382835178,181.72900466918944,185.8043935654984,177.65361577288047,12.580348943985298,0,-1.771237950245876,-1.6293376598938591,-0.1419002903520168
2019-06-03,182.694091796875,184.45220265851447,180.29427422646697,180.311845677492,291800,1.8386479188865923,181.35275793685557,0.8137485479601692,181.58256454467772,185.2598603824509,177.90526870690454,19.004893964110934,0,-1.5332566429775625,-1.6101214565106,0.07686481353303742
2019-06-04,185.56863403320312,186.7905207247533,182.8347707057792,183.7665674530058,357200,1.9477527177031204,182.1192808634642,0.9611687940049629,181.64069442749022,185.53619986289647,177.74518899208397,22.412611377655935,0,-1.1000228290519658,-1.5081017310188733,0.40807890196690755
2019-06-05,189.70895385742188,189.86719081279787,185.9114413015797,186.6938001128211,259300,2.6532871723320994,183.49922140782013,2.2253697013529417,181.99732437133787,187.30389871600207,176.69075002667367,-27.407614781634937,0,-0.41777683126315424,-1.2900367510677297,0.8722599198045755
2019-06-06,188.70681762695312,190.54404015986125,187.0541892131797,190.3594460407265,198400,3.036629703481063,184.4460570840261,2.634322636243036,182.37519607543942,188.44845548240156,176.30193666847728,-23.48630929425376,0,0.04156488458826857,-1.0237164239365302,1.0652813085247987
2019-06-07,191.80987548828125,192.2845728907228,187.26516091940212,189.74410345514724,232200,3.686931775226397,185.78493315752706,6.7932417006072,182.88808517456056,190.26194872501335,175.51422162410776,17.036290322580648,0,0.6485117006508574,-0.6892707990190527,1.3377824996699101
2019-06-10,188.7595367431641,193.47127358610047,188.1793704517966,193.1636122857261,275100,3.9117237863973644,186.32577017309742,4.471124929630799,183.19768218994142,191.02112976273614,175.3742346171467,18.475452196382424,0,0.873317520455231,-0.37675313512419595,1.250070655579427
2019-06-11,183.9599456787109,189.70017694070063,182.57103639845565,189.128782825665,355100,3.826985573006858,185.89562026502713,2.287512438081074,183.41000061035157,191.06397175636528,175.75602946433787,29.080334423845876,0,0.6566217385740174,-0.17007816038455328,0.8266998989585707
2019-06-12,185.427978515625,185.45434910886752,182.9490354442444,183.72260861488624,208400,3.7702698072812795,185.81059449240854,3.2046745006438337,183.67558364868165,191.2161232632442,176.1350440341191,-41.31230639256548,0,0.5964710048473876,-0.016768327338165107,0.6132393321855527
2019-06-13,188.92660522460932,189.18153882941587,184.97085550027504,186.35976479086224,184400,3.8083418292428948,186.3771418982632,4.910676118559798,184.14805450439454,191.76473816288032,176.53137084590875,-11.516314779270632,0,0.8216397001674807,0.15091327816296407,0.6707264220045166
2019-06-14,188.81228637695312,189.57707362679943,186.30698676167097,189.11996110443744,238800,3.9301387979804288,186.81989543984318,4.714291831423423,184.45197296142578,192.31225055738665,176.59169536546491,29.50108459869849,0,0.9795710525264383,0.31664483303565893,0.6629262194907793
2019-06-17,189.87599182128903,191.59014739812227,188.6277345957664,189.1639589980909,178400,4.030786842220909,187.3755493273788,3.9311068868056687,184.8848014831543,192.9463751675961,176.82322779871248,-25.29313232830821,0,1.1769972352329887,0.4887153134751249,0.6882819217578637
2019-06-18,192.65377807617188,193.53283344602485,189.98144224035943,190.72864467006264,209800,4.376759241382967,188.3352272817048,3.818071992544292,185.3273910522461,194.08090953501204,176.57387256948016,17.600896860986538,0,1.5398525812161665,0.6989427670233332,0.8409098141928333
2019-06-19,194.95692443847656,195.765653875278,192.65380335946972,192.65380335946972,244500,4.878695888620237,189.53917221929964,2.7663272999749244,185.79628067016603,195.5536724474065,176.03888889292554,16.539561487130605,0,1.9903195554755087,0.9572181247137683,1.0331014307617403
2019-06-20,197.57647705078125,198.33246519372284,195.5194907362612,196.38976036778288,327300,5.514887368405353,191.0005003704781,4.700232633545975,186.48194122314453,197.51171595995524,175.45216648633382,33.86503067484663,0,2.5295349766833795,1.2716814951076907,1.2578534815756888
2019-06-21,195.9414520263672,197.7435183593365,194.64045373212096,197.55012508965265,609400,5.6511177911901,191.89885521700336,2.153995735395986,187.2985824584961,198.6008180408763,175.9963468761159,86.1900397189123,1,2.7927412451786324,1.5758934451218791,1.2168478000567533
2019-06-24,195.72171020507807,197.99847424302737,195.6338126992564,195.87994717687417,219500,5.7244349056158095,192.59391976028965,3.688382363105225,188.0506149291992,199.49948474043083,176.6017451179676,-63.980964883491964,0,2.9496016094503545,1.8506350779875742,1.0989665314627803
2019-06-25,196.4512939453125,198.6753029992544,194.46463360136607,195.72167636519376,331600,5.67581157808452,193.2952605212029,6.790254378753691,188.8808822631836,200.23250541935263,177.52925910701455,51.07061503416857,0,3.0970846250158672,2.099924987393233,0.9971596376226342
2019-06-26,196.2931060791016,197.1369918916916,194.7635446004629,196.5216556922357,376100,5.469383457543185,193.84032334991173,5.859486605232589,189.71203079223633,200.6507977073227,178.77326387714996,13.41978287092882,0,3.164720609421977,2.312884111798982,0.8518364976229948
2019-06-27,196.855697631836,198.2182363866754,195.7832488116389,196.79415730631047,240300,5.194241539814176,194.3885732193525,4.196916785648064,190.5506507873535,200.93913386698185,180.16216770772516,-36.10741823982983,0,3.2265256713893677,2.495612423717059,0.7309132476723086
2019-06-28,197.55894470214844,199.04453728111704,196.4689110158148,197.25126990122405,795800,4.8233695869860105,194.96500439804265,4.632462480610555,191.41300506591796,201.05974423988997,181.76626589194595,231.1693716188098,1,3.294278398808814,2.65534561873541,0.6389327800734037
2019-07-01,197.29522705078125,200.27522478740264,196.68867658356504,199.02696753332023,238700,4.530332964593305,195.3886812439951,3.907410915054066,192.14306182861327,201.20372775779987,183.08239589942667,-70.00502638853983,0,3.288782080309744,2.782032911050277,0.506749169259467
2019-07-02,201.5586395263672,203.97604226930247,197.54136267030825,197.90177866208884,507500,4.716155924575895,196.51049184079002,4.6222096130782875,192.94256210327148,202.3748739524233,183.51025025411968,112.60997067448679,1,3.5870981299050015,2.943045954821222,0.6440521750837793
2019-07-03,204.58258056640625,204.8726704878956,201.52347121492627,201.76960567922225,179100,5.314196361256806,197.9781443363566,4.937324568313706,193.6862434387207,204.31463616123432,183.0578507162071,-64.70935960591133,0,4.021168985290103,3.1586705609149988,0.8624984243751044
2019-07-05,202.64865112304688,204.17821242961665,200.1697217374439,203.84416706749505,167800,5.536407301611616,198.8273273884821,2.5671953199985387,194.3833351135254,205.45614971674863,183.31052051030215,-6.309324399776662,0,4.161154127386055,3.3591672742092102,0.801986853176845
2019-07-08,201.1542510986328,202.29702581440344,200.2224545100774,201.0223847391279,194800,5.699681669018108,199.25040442669132,2.660386058364095,194.85055389404297,206.24991723207918,183.45119055600676,16.09058402860548,0,4.104197138449422,3.5081732470572526,0.5960238913921692
2019-07-09,203.27281188964844,203.457406045212,199.1412400398668,200.15216197871,224700,5.806272622064745,199.98175123813803,3.8580807804398765,195.5762176513672,207.18876289549667,183.9636724072377,15.34907597535935,0,4.181803239979558,3.642899245641714,0.5389039943378444
2019-07-10,202.52557373046875,204.80232400470257,202.06846116524696,203.9408534656208,219400,5.314651454614278,200.44426441856177,3.092002940355898,196.50449905395507,207.13380196318363,185.87519614472652,-2.3587004895416097,0,4.135341121756852,3.741387620864742,0.39395350089211023
2019-07-11,204.56500244140625,204.7847663068821,201.51467891553563,202.4288906940536,260600,4.923819682142893,201.1934895136244,4.214053426293685,197.46135025024415,207.30898961452993,187.61371088595837,18.778486782133097,0,4.214502252548812,3.836010547201556,0.3784917053472556
2019-07-12,206.2879638671875,206.9560412549606,204.29250401722976,205.1539881119778,183200,4.870061069417641,202.1197575779086,4.7914621465475316,198.32941818237305,208.06954032120834,188.58929604353776,-29.700690713737533,0,4.36593878211994,3.941996194185233,0.4239425879347074
2019-07-15,206.44618225097656,206.49012429376708,203.9672393901101,206.34068647364225,178600,4.647527630993552,202.90638024573911,4.498524509850488,199.21111297607422,208.50616823806132,189.91605771408712,-2.510917030567683,0,4.447452757190234,4.043087506786233,0.40436525040400095
2019-07-16,207.58897399902344,209.0745801050357,206.5077393697524,206.83298564858683,222500,4.458860664009718,203.75776092815443,5.217433336890975,200.09676208496094,209.01448341298038,191.1790407569415,24.58006718924972,0,4.551796634856572,4.144829332400302,0.40696730245627055
2019-07-17,203.36949157714844,206.70989168550045,202.55196300214743,206.70989168550045,248000,4.150578600008984,203.68716650069877,0.898424426279365,200.63254776000977,208.93370496002774,192.3313905599918,11.460674157303362,0,4.2450783214842716,4.164879130217096,0.08019919126717578
2019-07-18,202.0684967041016,203.04424890942977,199.273106469732,202.3673857877682,239400,3.937934790429604,203.39286290131747,-1.228884617323811,200.988126373291,208.86399595415023,193.1122567924318,-3.46774193548387,0,3.852611922884165,4.10242568875051,-0.24981376586634507
2019-07-19,202.2003326416016,204.70563255519792,201.8487024235612,203.2551964690801,155600,3.8620990254874488,203.17603921773275,-0.22122944266382838,201.21931915283204,208.94351720380695,193.49512110185714,-35.00417710944027,0,3.5117364212985365,3.984287835260116,-0.4725514139615794
2019-07-22,201.1630096435547,201.93658259216724,199.1148092052105,201.8838414208199,276500,3.657612285066258,202.81003384060946,0.004354143585860726,201.48039703369142,208.79562160382395,194.1651724635589,77.69922879177378,0,3.121899519399477,3.8118101720879887,-0.6899106526885115
2019-07-23,202.44647216796875,203.307942750474,199.4137335578658,203.307942750474,181100,3.400418944248121,202.74393171831113,-0.40651758294576457,201.81663513183594,208.61747302033217,195.0157972433397,-34.502712477396024,0,2.883279019638138,3.6261039415980187,-0.7428249219598806
2019-07-24,205.40890502929688,206.24400510396936,201.6905038760423,201.6905038760423,175200,3.24280343370579,203.22847232030853,1.4236875105291258,202.26451568603517,208.75012255344674,195.7789088186236,-3.2578685808945296,0,2.899787186601799,3.480840590598775,-0.5810534039969761
2019-07-25,205.14517211914065,207.3516099481824,204.433139329791,205.40889144457583,309400,2.9781856293668336,203.57696319282346,0.28361140508410543,202.7071189880371,208.66349024677078,196.75074772930344,76.59817351598173,0,2.8586364050754014,3.3563997534941,-0.49776334841869874
2019-07-26,205.672592163086,206.1297047249312,204.1869863970797,205.24185019006632,191200,2.706621714685545,203.95798664196207,-0.29830712978372587,203.1479637145996,208.56120714397068,197.73472028522852,-38.20297349709114,0,2.8358921050480603,3.2522982238048925,-0.4164061187568322
2019-07-29,205.567123413086,206.20883013918123,204.0727184096845,205.7868872767248,150800,2.412673498900722,204.2505569639846,-0.42580532529388204,203.5483726501465,208.37371964794792,198.72302565234506,-21.129707112970706,0,2.7773411764791263,3.1573068143397394,-0.3799656378606131
2019-07-30,204.9429473876953,204.96931797302275,202.3848933043849,203.8441282879901,189000,1.9265117417077855,204.376446131932,-1.2746469912898961,203.93075866699218,207.78378215040775,200.0777351835766,25.33156498673741,0,2.6500255104582493,3.0558505535634417,-0.4058250431051924
2019-07-31,200.68836975097656,206.7362623619805,200.68836975097656,204.9342093497997,379800,1.9916373919480297,203.70588678994008,-1.3183500658724867,203.88724517822266,207.87051996211872,199.9039703943266,100.95238095238095,1,2.1806805417240867,2.880816551195571,-0.7001360094714841
2019-08-01,189.00572204589844,190.23640781876333,180.50525679870773,184.61044445707248,1137700,3.8676123729910703,201.0331295637507,-6.46452805423281,203.10840225219727,210.84362699817942,195.37317750621511,199.55239599789363,1,0.8561599596415306,2.475885232884763,-1.6197252732432323
2019-08-02,181.25245666503903,188.9441923313684,179.07240276905546,188.8299108234912,852100,6.2356834489319475,197.43664358216674,-10.35996118448158,202.03859252929686,214.50995942716077,189.56722563143296,-25.103278544431753,1,-0.8098207542482783,1.8187440354581548,-2.628564789706433
2019-08-05,177.35824584960938,180.9272227083669,173.55193364604992,178.91417795437235,512800,8.331349080757699,193.78602581261083,-11.833569121940224,200.8487922668457,217.5114904283611,184.18609410533028,-39.81927003872785,1,-2.4164968685923043,0.9716958546480631,-3.3881927232403672
2019-08-06,181.17330932617188,181.7271050643833,176.9450419112313,178.45701815563436,441800,9.391052655930629,191.4928046332583,-10.508043244214527,199.7438171386719,218.52592245053313,180.96171182681064,-13.84555382215289,0,-3.343414722228971,0.10867373927265622,-3.452088461501627
2019-08-07,182.28973388671875,182.86991373319168,178.03510850589552,178.7031858539622,546100,10.136120719236555,189.81951904297836,-11.255194189015661,198.73202514648438,219.0042665849575,178.45978370801126,23.6079674060661,1,-3.942471312445093,-0.7015552710708937,-3.2409160413741995
2019-08-08,186.4652557373047,187.42343646429944,183.1072705695165,183.1072705695165,351800,10.392679325120834,189.2096529874013,-9.105706066037644,197.8270378112793,218.61239646152097,177.04167916103762,-35.57956418238418,0,-4.033799133650945,-1.3680040435869039,-2.665795090064041
2019-08-09,184.0390625,186.21911641368789,183.1951633067504,186.21911641368789,214900,10.627467392513111,188.2695456260556,-10.518430985657002,196.71459274291993,217.96952752794616,175.4596579578937,-38.914155770324044,0,-4.252925529495769,-1.9449883407686772,-2.307937188727092
2019-08-12,179.2482452392578,182.84357971738729,178.22853744086666,182.84357971738729,228900,11.048460888954457,186.62930919209236,-12.8030580653408,195.35469589233398,217.45161767024288,173.25777411442508,6.514657980456029,0,-4.758312823057395,-2.507653237226421,-2.2506595858309737
2019-08-13,179.09877014160156,182.10513830411332,178.66802812323414,179.75806175829246,179600,11.223317474910553,185.26012027382131,-12.61042527957975,193.9301856994629,216.376820649284,171.48355074964178,-21.537789427697685,0,-5.111969681096099,-3.028516526000357,-2.083453155095742
2019-08-14,176.52316284179688,177.8505454571587,175.18699449873637,176.95390493887766,330700,11.632897834875807,183.67158255890777,-12.0411596043981,192.5878692626953,215.85366493244692,169.3220735929437,84.13140311804008,0,-5.536256751269292,-3.530064571054144,-2.006192180215148
2019-08-15,179.2833709716797,179.4855499859444,175.81110434355895,176.95387920445663,305500,11.770460817025011,182.87372590668448,-5.143945362594771,191.44861297607423,214.98953461012425,167.9076913420242,-7.620199576655584,0,-5.585396607838618,-3.9411309784110387,-1.6442656294275793
2019-08-16,181.80633544921875,183.0545931336692,179.29223520776858,180.47016681534927,290700,11.672977099902202,182.67965491441797,0.3055841528279535,190.42891311645508,213.77486731625947,167.08295891665068,-4.84451718494272,0,-5.358983128505628,-4.224701408429956,-1.1342817200756716
2019-08-19,183.05453491210932,184.5752972774129,175.81111225827215,184.0478585753087,183400,11.497538125306525,182.74781491399818,3.211741881643393,189.52348937988282,212.51856563049586,166.52841312926978,-36.910904712762296,0,-5.0209511504670274,-4.38395135683737,-0.6369997936296574
2019-08-20,182.412826538086,183.08970311995765,181.3403776106149,182.56226438360903,161800,11.180728179755594,182.6869079365596,0.6841610480728066,188.52180709838868,210.88326345789986,166.1603507388775,-11.777535441657584,0,-4.75008287670687,-4.45717766081127,-0.29290521589559937
2019-08-21,184.10060119628903,185.3225013127884,183.25671536233983,184.22368185261865,182600,10.480146052745685,182.9439430746922,0.9934005996715234,187.45639190673828,208.41668401222964,166.4960998012469,12.855377008652669,0,-4.3490948504374956,-4.435561098736516,0.08646624829902017
2019-08-22,183.31822204589844,185.0763329881422,182.1227060686398,184.628019526666,157100,9.644323340893195,183.0119937967297,-1.6877319471461427,186.36504440307618,205.65369108486257,167.0763977212898,-13.964950711938663,0,-4.047780119910726,-4.3580049029713575,0.3102247830606313
2019-08-23,179.56468200683594,184.206094264978,178.78232309928268,182.76444369106,337400,8.60424883093739,182.38520983493083,-2.4312123917519246,185.05964889526368,202.26814655713846,167.8511512333889,114.76766390833863,0,-4.065006472387211,-4.299405216854528,0.23439874446731768
2019-08-26,179.87234497070312,181.65682669014933,178.02633633678812,181.2876249633664,285100,7.181736301918368,181.92832531416215,0.3481762014530654,183.77490997314453,198.13838257698126,169.4114373693078,-15.500889152341434,0,-4.007635127809408,-4.241051199045504,0.2334160712360962
2019-08-27,178.1054229736328,180.8656565146504,177.15604149022707,180.56678088468604,150400,5.271642253433921,181.23325216133864,-0.5546365098896944,182.43303375244142,192.97631825930927,171.88974924557357,-47.24658014731673,0,-4.057966055581062,-4.2044341703526165,0.14646811477155453
2019-08-28,179.16029357910156,180.0217641858204,176.2066666570293,177.2087893584473,222800,3.0974918678394325,180.85635060093188,1.493929009003847,181.35662994384765,187.55161367952653,175.16164620816878,48.13829787234043,0,-3.967005269147279,-4.156948390111549,0.18994312096427013
2019-08-29,182.97390747070312,183.51240408350205,180.56390714595872,181.29661653518747,181700,2.5606588257407896,181.24136094089027,2.058493478241452,181.0550392150879,186.17635686656948,175.93372156360633,-18.447037701974867,0,-3.5463117468945313,-4.034821061468146,0.4885093145736148
2019-08-30,184.5011444091797,185.57813781300896,183.90968302677555,184.44817972869012,159300,2.674356465348672,181.8340488442156,1.4822415034670966,181.21747360229492,186.56618653299225,175.86876067159758,-12.328013208585576,0,-3.0544638839759273,-3.8387496259697027,0.7842857419937754
2019-09-03,183.6536407470703,184.0420663042213,181.18186623821995,182.45305878413123,197400,2.564444530351293,182.1648837356437,0.32728270580602015,181.53224334716796,186.66113240787055,176.40335428646537,23.917137476459516,0,-2.701911418735307,-3.611381984522824,0.9094705657875171
2019-09-04,184.1126708984375,185.684018871628,183.3534792451981,185.1366993553947,226900,2.6262733215379703,182.51902685615167,0.9318666853707303,181.67921142578126,186.9317580688572,176.42666478270533,14.944275582573452,0,-2.3582862966430014,-3.3607628469468596,1.0024765503038582
2019-09-05,189.1268920898437,189.5417999869258,185.3220969623296,185.4192033525012,382600,3.110312157399095,183.72045689864112,2.7301871155736235,182.0210693359375,188.2416936507357,175.80044502113932,68.62053768179814,1,-1.6621944245024736,-3.0210491624579827,1.3588547379555092
2019-09-06,189.7977905273437,191.739904759638,189.0827405415129,190.08910968271192,231500,3.433412472539864,184.8254266493143,3.5346014210321908,182.18769607543945,189.0545210205192,175.3208711303597,-39.4929430214323,0,-1.0443619493268272,-2.6257117198317514,1.5813497705049242
2019-09-09,190.195053100586,191.34267042693665,187.64381803369992,190.25685420031124,367100,3.8578252723093027,185.80172236772734,5.920079034999404,182.49549560546876,190.21114615008736,174.77984506085016,58.57451403887688,1,-0.5167131444225959,-2.2039120047499203,1.6871988603273245
2019-09-10,192.34019470214844,192.38432294529545,188.06752739903024,190.3362794554296,226000,4.356344490800659,186.99053551944024,6.931498965822702,183.15009307861328,191.8627820602146,174.43740409701195,-38.436393353309725,0,0.07369779224438844,-1.7483900453510588,1.8220878375954472
2019-09-11,194.5471649169922,194.98855515341685,191.9694475526914,192.65801524390105,201300,4.931768088095809,188.36446813717697,9.231466211892636,183.92251281738282,193.78604899357444,174.0589766411912,-10.929203539823007,0,0.7114852065750767,-1.2564149949658319,1.9679002015409086
2019-09-12,191.37799072265625,194.9885734324025,190.5746706543794,194.6001478327105,336200,4.877040022211245,188.91238133453683,6.819422372826378,184.66525421142578,194.41933425584827,174.91117416700328,67.01440635866864,0,0.9502564905444046,-0.8150806978637846,1.7653371884081892
2019-09-13,192.7198181152344,194.09695360657489,192.1283567680644,192.1283567680644,247200,5.020008885864163,189.60464256739093,5.3263936805261425,185.33707656860352,195.37709434033184,175.2970587968752,-26.47233789411065,0,1.2335392373295235,-0.40535671082512303,1.6388959481546466
2019-09-16,196.5598907470703,197.2484583942446,194.07044350716305,194.2116916066245,277100,5.531780671741878,190.86923314551444,6.535865333792823,186.0747543334961,197.13831567697986,175.01119299001232,12.095469255663428,0,1.7477575624235158,0.025266143824604737,1.722491418598911
2019-09-17,195.1651153564453,196.7806052944869,193.6379088568301,195.75657667745045,255900,5.838127767863927,191.65030263841095,6.26803507000917,186.6802833557129,198.35653889144075,175.00402781998505,-7.650667629014796,0,2.0194535687302277,0.4241036288057294,1.5953499399244984
2019-09-18,193.9468688964844,195.2004155625345,192.0400598255232,195.08566325976443,281400,5.962741121325341,192.06786013987886,5.341402061062794,187.25698547363282,199.1824677162835,175.33150323098215,9.964830011723325,0,2.112125040469607,0.761707911138505,1.350417129331102
2019-09-19,192.8522186279297,194.9002622206561,192.7021341011172,194.5206731015054,179300,6.039543743137369,192.2104707740699,1.9697497785329698,187.69456634521484,199.77365383148958,175.6154788589401,-36.28287135749822,0,2.0733385648198066,1.0240340418747653,1.0493045229450413
2019-09-20,189.6388702392578,193.52309816561475,189.13567900330463,193.31122604466205,445900,5.963379836473618,191.74290704046768,-0.083731368865958,188.0105987548828,199.93735842783005,176.08383908193557,148.6893474623536,1,1.762987026512718,1.1718246388023559,0.5911623877103622
2019-09-23,187.4496154785156,189.26814122451128,187.30836736014496,188.3853606899377,183700,5.626762489426487,190.9623085746582,-1.443485294340674,188.40484542846679,199.65837040731975,177.15132044961382,-58.80242206772819,0,1.3251016862241443,1.2024800482867137,0.12262163793743053
2019-09-24,187.71446228027344,190.1332859224415,187.42314307200715,188.83559739023835,235100,5.262312833379379,190.37179106658826,-2.4049743887585517,188.7969512939453,199.32157696070408,178.27232562718655,27.98040283070222,0,0.9880556324491181,1.1595951651191947,-0.1715395326700766
2019-09-25,188.6942901611328,189.294574302753,187.47604902999268,188.47359508492096,182600,4.623978389809338,190.06679090196,-3.0084605747694337,189.3263946533203,198.57435143293898,180.07843787370163,-22.330923011484472,0,0.7908912260278669,1.0858543773009293,-0.2949631512730624
2019-09-26,189.1445159912109,190.1950267798732,187.9527705815926,189.17983474906947,226500,3.959941392288404,189.89910455455106,-1.1670488978443028,189.8256057739258,197.7454885585026,181.905722989349,24.041621029572834,0,0.663320133641065,1.0013475285689566,-0.3380273949278916
2019-09-27,188.3765106201172,190.76885145134435,186.972893005012,190.08910676591552,229400,3.6392327261296127,189.6222692937449,-2.2536901173911383,190.0957359313965,197.3742013836557,182.81727047913728,1.2803532008829999,0,0.49454668255398815,0.8999873593659629,-0.4054406768119747
2019-09-30,186.9640655517578,190.0184918351895,186.761029819932,188.9679809446148,170900,3.4780581991910333,189.1389595224745,-4.881883663468367,190.2188819885254,197.17499838690748,183.26276559014332,-25.50130775937227,0,0.24400723043652306,0.768791333580075,-0.524784103143552
2019-10-01,182.2677154541016,188.7826407317572,181.37611187830947,187.71447025606204,321500,3.626390877674923,187.88964241913396,-6.608455552514181,190.14958572387695,197.4023674792268,182.8968039685271,88.12170860152135,0,-0.32970268690939974,0.54909252948218,-0.8787952163915798
2019-10-02,176.69735717773438,181.1377422429213,176.2030022275989,181.1377422429213,265900,4.540068823528992,185.85468146615221,-8.893936683224645,189.7788200378418,198.8589576848998,180.6986823907838,-17.293934681181955,0,-1.2197922830939376,0.19531556696695648,-1.415107850060894
2019-10-03,179.14260864257812,179.30151610889243,175.22307523233235,177.3152603359975,206900,5.126566310190441,184.63430458913874,-7.108868170089111,189.27960586547852,199.5327384858594,179.02647324509763,-22.18879277924032,0,-1.708192365153053,-0.18538601945704541,-1.5228063456960077
2019-10-04,180.9523468017578,181.26132537111187,177.6595792413766,179.6016936868773,237600,5.450806772532411,183.96485771870582,-4.580560634294361,188.83733367919922,199.73894722426405,177.93572013413439,14.838086031899467,0,-1.927008845633452,-0.5337105846923268,-1.3932982609411253
2019-10-07,181.4555206298828,183.18576273463125,179.73410148020335,180.56390377198085,214200,5.681657400126108,183.5086146116471,-3.197709866371956,188.40035705566407,199.7636718559163,177.03704225541185,-9.848484848484851,0,-2.036346821593753,-0.834237832072612,-1.202108989521141
2019-10-08,179.4339599609375,181.738017609626,178.40994481609044,180.30791750704745,251000,5.937786211852548,182.76776831151807,-4.411222352688227,187.75504531860352,199.63061774230863,175.8794728948984,17.18020541549954,0,-2.2600683453350143,-1.1194039347250926,-1.1406644106099217
2019-10-09,181.52618408203125,183.0004261081664,180.62574407361552,181.6497728306245,147800,5.867292585646664,182.54202572433863,-3.798793314297144,187.10399627685547,198.8385814481488,175.36941110556214,-41.11553784860558,0,-2.2426919073204203,-1.3440615292441582,-0.8986303780762621
2019-10-10,184.13917541503903,185.94005512114467,181.12006781732663,181.12006781732663,230700,5.8127828071240515,182.83241657719321,-2.646304890174278,186.7420555114746,198.3676211257227,175.1164898972265,56.08930987821381,0,-1.9950763933389055,-1.4742645020631078,-0.5208118912757977
2019-10-11,186.91993713378903,188.65901569605532,185.8959085800378,185.8959085800378,196800,5.640998887131918,183.57560213293792,-0.7732245817343442,186.45206146240236,197.73405923666618,175.17006368813853,-14.694408322496743,0,-1.5565125755518352,-1.4907141167608533,-0.0657984587909819
2019-10-14,187.5643615722656,188.48244730499133,185.79880068842647,186.37260258761,179700,5.127939577388114,184.30083112190658,0.32107561350691594,186.0022850036621,196.25816415843835,175.74640584888587,-8.689024390243905,0,-1.1437633320446707,-1.4213239598176168,0.2775606277729461
2019-10-15,188.19998168945312,189.8242946175176,187.34368350527703,188.1823223073632,256700,4.690787601786619,185.0097675887332,3.254699396748295,185.6540283203125,195.03560352388575,176.27245311673926,42.84919309961046,0,-0.7566452164495274,-1.288388211143999,0.5317429946944716
2019-10-16,189.80661010742188,190.2391773553064,187.2288929401868,188.3500278266401,185600,4.387073846218043,185.8819207739493,7.419043011775961,185.44701538085937,194.22116307329546,176.67286768842328,-27.697701597195167,0,-0.31656071970428457,-1.094022712856056,0.7774619931517714
2019-10-17,186.92877197265625,190.06264546009083,186.805183240737,189.4447018004945,234800,4.0476512238207825,186.07225735553237,4.3463491958035005,185.1508430480957,193.24614549573727,177.05554060045415,26.50862068965518,0,-0.19772877750963858,-0.9147639257867726,0.717035148277134
2019-10-18,185.47219848632807,187.17595847795465,184.10388594316524,187.1671355217348,205900,3.9093609098008533,185.96315574294977,2.4978132444571033,184.94250946044923,192.76123128005094,177.12378764084752,-12.308347529812602,0,-0.21856740544018294,-0.7755246217174547,0.5569572162772718
2019-10-21,186.27549743652344,187.63498686939252,185.78114254099307,186.4697102126476,180700,3.8784241267909456,186.0199451417813,2.656285567895167,184.8838035583496,192.6406518119315,177.1269553047677,-12.238950947061678,0,-0.16832234120562362,-0.6540841656150885,0.4857618244094649
2019-10-22,189.9390411376953,190.43339602479497,185.4368555427397,186.7786855721248,314800,3.9940525591986735,186.7325080501293,5.854566871870159,184.9950325012207,192.98313761961805,177.00692738282333,74.21140011068069,0,0.16521015355826307,-0.4902253017804182,0.6554354553386812
2019-10-23,191.70460510253903,191.845853206897,187.387809255534,189.4888175596757,272700,4.192583793989265,187.63652569602198,5.607136552767611,185.14554824829102,193.53071583626956,176.76038066031248,-13.373570520965695,0,0.5654847588616008,-0.2790832896520144,0.8445680485136151
2019-10-24,194.8473358154297,195.3858325221869,190.4157734157311,192.35788804873368,244100,4.648057035015596,188.94758208136884,5.815253802595288,185.43068923950196,194.72680330953315,176.13457516947076,-10.487715438210488,0,1.1233481132317138,0.0014029909247312289,1.1219451223069825
2019-10-25,195.26223754882807,197.3544232012263,194.6884220929531,194.9709183426447,171000,5.109820609683004,190.0957012572705,4.463034036368185,185.7749755859375,195.9946168053035,175.55533436657151,-29.946743138058174,0,1.580716428143461,0.3172656783684772,1.2634507497749836
2019-10-28,196.5863800048828,198.05179878054068,195.97725934089488,195.97725934089488,179600,5.651912347027293,191.27582466592727,4.810092043600278,186.25609130859374,197.55991600264832,174.95226661453916,5.029239766081872,0,2.0266691622109363,0.659146375136969,1.3675227870739672
2019-10-29,196.4804534912109,197.50446858771457,195.6418012778973,195.9860851185668,290300,6.006437311445488,192.22212081597885,4.399826040058441,186.96672821044922,198.9796028333402,174.95385358755823,61.6369710467706,0,2.344516406760505,0.9962203814616762,1.3482960252988287
2019-10-30,198.7050628662109,198.81982864359972,194.74138697520925,195.98609726389668,162400,6.041871694789697,193.40083755238464,4.6881680009736915,188.06711349487304,200.15085688445242,175.98337010529366,-44.05787116775749,0,2.7442856065442243,1.345833426478186,1.3984521800660383
2019-10-31,199.208236694336,199.208236694336,196.08318640331183,197.848747277738,178800,6.146999378306498,194.4567283054667,6.569060820383488,189.07039489746094,201.36439365407395,176.77639614084794,10.098522167487678,0,3.0663604062646073,1.6899388224354703,1.376421583829137
2019-11-01,203.24252319335932,204.9462963318929,200.5588767640049,200.59418205234817,350000,6.601556208692153,196.0541455578108,9.581125824817981,190.184903717041,203.38801613442533,176.9817912996567,95.74944071588367,1,3.6055773586027726,2.073066529668931,1.5325108289338418
2019-11-04,201.94488525390625,204.73447518339688,200.98265763252064,204.73447518339688,238900,6.763425933045847,197.12518913891907,8.411942543716687,191.2093719482422,204.7362238143339,177.6825200821505,-31.74285714285714,0,3.8834363049101626,2.435140484717177,1.4482958201929854
2019-11-05,203.16310119628903,203.40145569996025,200.33820632556808,202.19203727034065,282000,6.6696973219441125,198.22299133116815,6.962265355971242,192.39582901000978,205.735223653898,179.05643436612155,18.04102134784429,0,4.154055995513062,2.7789235868763544,1.3751324086367074
2019-11-06,206.5618133544922,206.5618133544922,203.03069136628355,203.0571737035822,289300,6.868690137500722,199.73914078995432,7.750052871190194,193.64761047363282,207.38499074863427,179.91023019863138,2.5886524822694934,0,4.589862637574129,3.1411113970159095,1.4487512405582192
2019-11-07,221.09234619140625,224.3498079888249,207.45339184698733,211.86729380117856,642400,8.858316103878828,203.62154177203647,13.469524880154026,195.49526901245116,213.2119012202088,177.77863680469352,122.05323193916348,1,6.03813128558005,3.720515374728738,2.317615910851312
2019-11-08,221.7633056640625,223.27285284610355,219.5828366498592,221.6485398832638,453700,10.378865002095912,206.92004429785936,13.572039554554149,197.23743743896483,217.99516744315665,176.47970743477302,-29.374221668742216,1,7.157527918895397,4.40791788356207,2.749610035333327
2019-11-11,222.37242126464844,224.21744290214733,219.0796534943542,220.69514356164493,297900,11.526433921802504,209.72956738273007,13.116901211124166,198.97784042358398,222.030708267189,175.92497257997897,-34.33987216222173,0,8.001571221751647,5.1266485511999855,2.874922670551661
2019-11-12,224.19091796875,226.2036427478613,221.17179712468305,221.7279530912469,306400,12.521738078895027,212.35890385291552,14.103420459979056,200.77738723754882,225.82086339533888,175.73391107975877,2.8533064786841145,0,8.716737977060234,5.8446664363720355,2.8720715406881983
2019-11-13,224.66763305664065,225.58571883263377,220.93347538298283,222.5401288585112,304200,13.315416301211773,214.59685461722916,13.065882577894094,202.52043838500975,229.1512709874333,175.88960578258622,-0.7180156657963455,0,9.215746319688606,6.5188824130353495,2.696863906653256
2019-11-14,225.462142944336,226.5656186115853,223.8201706126623,223.8201706126623,352900,13.722219068028187,216.57236158579403,13.179126870282909,204.44710693359374,231.8915450696501,177.00266879753738,16.009204470742922,0,9.565064227949335,7.128118776018146,2.436945451931189
2019-11-15,226.75099182128903,228.7902396110531,226.07126051825009,226.07126051825009,280300,13.821999661885467,218.42302162861128,11.56670772364128,206.51104660034179,234.15504592411273,178.86704727657084,-20.572400113346557,0,9.832556924287218,7.6690064056719605,2.1635505186152573
2019-11-18,227.81033325195312,227.8897802639669,225.63870076927407,226.0182899178921,357100,13.741659386133144,220.12980556012798,12.8081718759681,208.5877883911133,236.07110716337957,181.10446961884702,27.399215126650024,0,10.014584912476238,8.138122107032817,1.8764628054434205
2019-11-19,227.14825439453125,230.23798622743377,227.0864532921956,228.4724251800609,255100,13.60208903767521,221.4058871663831,11.805860934889267,210.44824905395507,237.6524271293055,183.24407097860464,-28.56342761131335,0,9.99025770191858,8.50854922600997,1.4817084759086097
2019-11-20,224.45578002929688,227.3071574625509,223.02567983450515,226.3449298863061,324200,13.192051953397373,221.96041314145833,8.662766067073523,212.08580780029297,238.4699117070877,185.70170389349823,27.087416699333588,0,9.642564551099241,8.735352291027825,0.9072122600714163
2019-11-21,221.3395233154297,223.8466298592453,220.58033164155816,223.7671693868589,339200,12.690545578701634,221.8475240821804,0.11179813696917673,213.41041717529296,238.79150833269622,188.0293260178897,4.626773596545353,0,9.011678332671892,8.790617499356639,0.22106083331525284
2019-11-22,220.5273895263672,223.11394333693187,219.0884530336932,222.5577873241489,327200,12.029191404522384,221.60749961748706,-0.5573131830779676,214.6736747741699,238.73205758321467,190.61529196512515,-3.5377358490566,0,8.34991146802244,8.702476293089799,-0.35256482506735765
2019-11-25,219.95358276367188,221.75444897616097,219.3003203736658,221.26891702887,282100,11.292180245298923,221.30678746224794,-1.0877421252241892,215.84203491210937,238.42639540270721,193.25767442151152,-13.783618581907087,0,7.690503710170162,8.500081776505873,-0.8095780663357104
2019-11-26,220.1654663085937,221.9928285337428,219.81235947260632,221.26894200875745,355900,10.358128238421468,221.09927452521987,-1.795546267720538,217.02628555297852,237.74254202982146,196.31002907613558,26.160935838355194,0,7.103135023582553,8.220692425921209,-1.1175574023386563
2019-11-27,223.8707733154297,223.9416902489812,219.8640544889108,220.8923297363751,235400,9.50910852631531,221.60318339616708,-0.3546838191018198,218.28457107543946,237.3027881280701,199.26635402280883,-33.85782523180668,0,6.857578520122388,7.948069644761445,-1.0904911246390574
2019-11-29,223.09071350097656,225.0408819455833,221.6990074866885,223.3211834038588,143000,8.425255239030756,221.87364341522334,-1.0518082603095391,219.47869491577148,236.329205393833,202.62818443770996,-39.252336448598136,0,6.524814909476447,7.663418697704446,-1.1386037882279991
2019-12-02,221.64581298828125,223.2680024559877,220.2363743367737,222.20427542703908,404200,7.51441655048631,221.83221970123384,-2.2514471897134514,220.39885940551758,235.4276925064902,205.37002630454498,182.65734265734267,0,6.074483094886688,7.345631577140895,-1.2711484822542074
2019-12-03,220.9189453125,222.4347526590167,219.4917739978013,219.92613518958737,376000,6.132670258100275,221.66616981237314,-3.025055027609924,221.34756240844726,233.6129029246478,209.0822218922467,-6.976744186046513,0,5.594450398836528,6.995395341480022,-1.400944942643494
2019-12-04,225.59933471679688,226.53896043003925,221.87628356812883,221.87628356812883,445800,4.45336628945706,222.38129070408655,-0.6818981206186514,222.46937408447266,231.3761066633868,213.56264150555853,18.56382978723403,0,5.527966382629074,6.701909549709834,-1.1739431670807594
2019-12-05,223.40985107421875,226.54786157159225,222.7095682378128,226.21100947189052,390800,2.4111380223468624,222.5683016804742,-0.46598441570165905,223.311775970459,228.13405201515272,218.48949992576527,-12.337371018393895,0,5.238221334253666,6.409171906618601,-1.1709505723649354
2019-12-06,224.6331329345703,226.21985719164425,224.31401346891,225.8830186355752,247700,2.369225965515201,222.94372554485528,1.48803501959609,223.4888153076172,228.22726723864758,218.7503633765868,-36.61719549641761,0,5.049102013597263,6.137157928014334,-1.0880559144170707
2019-12-09,224.47352600097656,225.3156425284812,222.310607070698,223.99485365172808,243700,2.342697598739323,223.22187108233186,1.7894087818681292,223.62432632446288,228.30972152194153,218.93893112698424,-1.614856681469523,0,4.83065980455018,5.875858303321503,-1.045198498771323
2019-12-10,223.188217163086,225.3245442077699,222.77158861823813,224.72175701534263,209200,2.3268010287233505,223.2157521879235,1.4705986412094862,223.66511611938478,228.31871817683148,219.01151406193807,-14.156750102585146,0,4.5019336103419505,5.601073364725592,-1.0991397543836419
2019-12-11,224.92562866210932,224.9699399079339,222.12447080411576,223.4452732594028,244500,2.341293972116539,223.52663881959364,2.162084014957899,223.70185165405275,228.38443959828584,219.01926370981965,16.873804971319316,0,4.33167743975514,5.347194179731503,-1.0155167399763627
2019-12-12,225.6436462402344,227.17718597412536,224.8192487589029,224.88130614531363,225900,2.3724481495540615,223.91154925971014,0.7919179884668504,223.75065231323242,228.49554861234054,219.0057560141243,-7.6073619631901845,0,4.206199763165699,5.118995296418342,-0.912795533252643
2019-12-13,222.70948791503903,226.74278448101657,222.2130694901932,224.41145336502493,176800,2.3476490128404417,223.6929926515881,-0.1708836642973277,223.61301956176757,228.30831758744844,218.9177215360867,-21.735281097830892,0,3.8258932297746924,4.860374883089612,-1.03448165331492
2019-12-16,223.6580352783203,224.93451310304903,222.7450016865257,223.95056257365587,216700,2.2289305833999946,223.6866367655394,0.9078548621829663,223.45837173461913,227.91623290141914,219.00051056781913,22.56787330316743,0,3.5599999436500696,4.6002998952017045,-1.040299951551635
2019-12-17,223.7377777099609,223.9859801907704,222.1156020411069,223.8264272499732,231900,1.9828702293880296,223.69593511907055,1.275957747070322,223.25474395751954,227.2204844162956,219.28900349874348,7.014305491462847,0,3.3174704126730603,4.343733998695976,-1.0262635860229157
2019-12-18,223.12612915039065,223.92392085125772,221.8319189962068,223.870736541336,290800,1.7584675783311037,223.59233403385602,-1.096282296005402,223.0536376953125,226.5705728519747,219.53670253865027,25.39887882708063,0,3.0408559900595833,4.083158396968697,-1.0423024069091138
2019-12-19,225.368881225586,225.43979816537208,222.3017878284446,223.0729875688314,335000,1.8079447192116396,223.91534261417056,0.8768772468839892,223.09929275512695,226.71518219355022,219.4834033167037,15.199449793672626,0,2.968390656516931,3.860204848878344,-0.8918141923614131
2019-12-20,225.2536163330078,230.49247453275004,223.63142700810525,230.49247453275004,576700,1.819238322927973,224.15866510850458,0.27622078289681884,223.29499740600585,226.9334740518618,219.6565207601499,72.1492537313433,1,2.8685930885895914,3.661882496820594,-0.7932894082310025
2019-12-23,226.4769287109375,228.1966137452293,224.3494611361677,225.7500402365682,202800,1.8292666932409336,224.58016758167417,0.8924895267837574,223.59247436523438,227.25100775171626,219.9339409787525,-64.8344026356858,0,2.8552997639390014,3.5005659502442756,-0.6452661863052742
2019-12-24,225.14724731445312,227.496325048868,224.65970185817667,227.06195038434143,92500,1.6448515422916834,224.68327298763398,0.8777480174661845,223.85215759277344,227.14186067735682,220.56245450819006,-54.38856015779092,0,2.706274286912759,3.3417076175779727,-0.6354333306652138
2019-12-26,223.9151153564453,225.85641076727725,222.7450061516472,225.28908878113896,144900,1.3976384779044504,224.54360796378148,-0.4492655246423838,224.039640045166,226.8349170009749,221.2443630893571,56.648648648648646,0,2.4603859730834188,3.165443288679062,-0.7050573155956434
2019-12-27,222.5588531494141,225.0231592075969,222.3815540451237,224.6242497489662,149100,1.436234662610276,224.18274345207828,-1.367108333082001,223.97404403686522,226.84651336208577,221.10157471164467,2.898550724637672,0,2.1315079901994523,2.9586562289831404,-0.8271482387836882
2019-12-30,223.2147979736328,224.46468354462405,222.1156193376024,222.92227070003773,123000,1.432481138236521,224.00675336508817,0.2268920212265657,223.98024826049806,226.8452105369711,221.115285984025,-17.50503018108652,0,1.9018754483881537,2.7473000728641432,-0.8454246244759895
2019-12-31,222.39041137695312,224.739475556304,221.95605024381848,223.2945718199363,143200,1.3772266937725455,223.71287300360908,-0.5667687725995463,224.01747817993163,226.7719315674767,221.26302479238655,16.422764227642283,0,1.6345270851440148,2.5247454753201177,-0.8902183901761029
2020-01-02,226.7959899902344,226.7959899902344,222.50560423511712,223.38318590625872,204800,1.306472816745114,224.27343972845006,1.3668734496138368,224.31133041381835,226.92427604730858,221.69838478032813,43.01675977653632,0,1.7578811960817688,2.371372619472448,-0.6134914233906792
2020-01-03,233.5772705078125,233.852065132482,223.3034196167308,224.44692288332777,408100,2.443540043759846,225.96504532469777,4.6839612183553925,224.71022720336913,229.5973072908888,219.82314711584945,99.267578125,1,2.3754501710554337,2.3721881297890453,0.0032620412663884046
2020-01-06,234.90692138671875,236.91913320099547,233.00992420639068,235.76677044519693,454500,3.317571510883238,227.59084097233793,4.232190402358849,225.28508071899415,231.92022374076063,218.64993769722767,11.369762313158539,1,2.9382988663343497,2.485410277098106,0.45288858923624353
2020-01-07,237.08761596679688,237.85881567825496,233.1784060361222,234.9069776357696,431200,4.2317000991181954,229.31752733496683,5.253633582643147,225.90780487060547,234.37120506884187,217.44440467236907,-5.126512651265125,1,3.5197508434812335,2.6922783903747316,0.8274724531065019
2020-01-08,238.4172515869141,241.80346394643607,236.06818748223503,238.1779221675084,1055000,5.0520769879961245,230.97202265350268,5.272202755458832,226.60499114990233,236.7091451258946,216.50083717391007,144.66604823747682,1,4.0412610648623115,2.9620749252722476,1.079186139590064
2020-01-09,244.66668701171875,245.56197438473848,238.4881896862589,239.2682624068631,962000,6.392555026360908,233.46196162772378,8.669632842547559,227.67891464233398,240.4640246950558,214.89380458961216,-8.815165876777254,1,4.902327898238013,3.3501255198654007,1.5522023783726127
2020-01-10,240.17242431640625,247.9465053072608,239.8355722711757,244.87942577529,384300,6.93319398157582,234.68204575293876,7.26047856755061,228.44125442504884,242.3076423882005,214.5748664618972,-60.05197505197506,0,5.1625692432996,3.712614264552241,1.4499549787473596
2020-01-13,243.61183166503903,244.09936361346985,239.5076036610373,240.49154062853944,185300,7.675975558786874,236.30564319150244,9.45951069467954,229.33966369628905,244.6916148138628,213.9877125787153,-51.7824616185272,0,5.581998014469036,4.0864910145356,1.4955069999334363
2020-01-14,240.5713653564453,242.4151517251561,239.72036206130463,242.4151517251561,308400,7.899803371332661,237.08122903967387,7.775724342820101,230.23275756835938,246.0323643110247,214.43315082569404,66.4328116567728,0,5.604453465674396,4.39008350476336,1.2143699609110366
2020-01-15,242.9736328125,244.66673940912165,240.8373054435287,240.8373054435287,237000,8.227614881729723,238.1525751801877,9.255444651639323,231.19853744506835,247.6537672085278,214.7433076816089,-23.151750972762642,0,5.749812223475828,4.662029248505854,1.0877829749699748
2020-01-16,245.1631317138672,245.59747939144367,243.5763938571003,244.0993910949296,344200,8.591838090692054,239.42722182267488,8.098530192012499,232.26980514526366,249.45348132664776,215.08612896387956,45.23206751054851,0,5.972833245526459,4.924190047909975,1.0486431976164843
2020-01-17,246.2622985839844,246.77644977731137,245.3492649669172,246.67892715014395,201500,8.84959974975701,240.66996305200385,5.430763039825659,233.42661361694337,251.12581311645738,215.72741411742936,-41.458454386984315,0,6.167181167022477,5.172788271732475,0.9943928952900016
2020-01-21,246.9359741210937,247.8490076323188,244.6312211936001,245.5442547048252,298800,9.12576368550303,241.80923779183834,5.1207740765424115,234.50496826171874,252.7564956327248,216.25344089071268,48.287841191066995,0,6.30290728890958,5.398812075167896,0.9040952137416838
2020-01-22,244.4273223876953,245.615150517382,242.62784757937288,244.7996396472293,244300,9.109843556135784,242.28525317290325,3.0957780696256654,235.46365356445312,253.6833406767247,217.24396645218155,-18.239625167336015,0,6.137297049103779,5.546509069955073,0.5907879791487058
2020-01-23,245.63291931152344,246.61685628839768,243.22179760219143,244.0639007076879,167400,9.12227143394079,242.89391974356144,3.0264872514810026,236.42145309448242,254.665995962364,218.17691022660082,-31.477691363078186,0,6.033777703588612,5.643962796681781,0.38981490690683085
2020-01-24,245.074462890625,246.25341808797225,243.2661148013873,246.21797990829472,227100,8.911887545077596,243.29038213393662,0.1666658767021767,237.417813873291,255.2415889634462,219.59403878313583,35.66308243727598,0,5.839362573627966,5.683042752071019,0.1563198215569468
2020-01-27,242.98243713378903,244.1968845653344,240.42063557631005,241.17411617040776,231300,8.396355974978157,243.23439213390978,1.1699981067271992,238.3711799621582,255.16389191211454,221.57846801220188,1.8494055482166427,0,5.453612339368419,5.6371566695304995,-0.18354433016208027
2020-01-28,243.1507873535156,245.49987795308093,240.53580229194003,243.64719221442613,319500,7.577982856801801,243.2191912647472,-0.18925366160267298,239.4007766723633,254.55674238596688,224.2448109587597,38.13229571984436,0,5.102666591144782,5.530258653853356,-0.4275920627085741
2020-01-29,234.3219146728516,244.0550509106104,232.3185484672181,243.851159651403,607200,6.6835666104395965,241.60150461167524,-2.597753342063025,239.9561325073242,253.3232657282034,226.58899928644502,90.0469483568075,1,4.06526151369556,5.237259225821797,-1.1719977121262364
2020-01-30,235.6250457763672,235.7668796823721,231.8842610431469,231.8842610431469,270400,5.381142346654811,240.5148757325283,-3.024438063945656,240.61786422729492,251.38014892060454,229.8555795339853,-55.467720685111985,0,3.3101054696645917,4.851828474590356,-1.541723004925764
2020-01-31,231.3612060546875,235.48315316594253,229.4642084683381,234.9335638247145,383900,4.832873283744497,238.85057215473907,-5.6296905504079175,240.84612503051758,250.51187159800656,231.1803784630286,41.974852071005905,0,2.3406016343534475,4.349583106542974,-2.008981472189527
2020-02-03,231.67140197753903,236.2454415975597,231.13065880427743,232.8060455773245,272600,4.999654196682887,237.54526848615723,-5.92494128835127,240.7508316040039,250.75013999736967,230.75152321063814,-28.991924980463658,0,1.5790903084043464,3.795484546915249,-2.216394238510903
2020-02-04,234.9601593017578,236.75076122136747,234.0205335659973,234.12690220747285,249700,4.99639215630585,237.07524863444823,-4.8497651514570865,240.75349349975585,250.74627781236754,230.76070918714416,-8.400586940572264,0,1.226820306149392,3.281751698762078,-2.0549313926126858
2020-02-05,238.9491577148437,239.7381035989666,235.2970232291724,236.67986974215387,224400,4.941544930305715,237.4159593763383,-2.2412243522278996,240.8465705871582,250.72966044776962,230.96348072654678,-10.132158590308372,0,1.2550551315673033,2.8764123853231234,-1.62135725375582
2020-02-06,237.7258758544922,240.23452045789344,237.55744980470703,240.23452045789344,201100,4.96181049541472,237.47230782691173,-3.2190487656107547,240.8120018005371,250.73562279136655,230.88838080970766,-10.383244206773623,0,1.1652900728032591,2.5341879228191506,-1.3688978500158915
2020-02-07,238.5768585205078,238.993460021012,237.0078398822456,237.2383233097972,187400,4.899273153975779,237.6731352257474,-2.6512776131297766,240.50751037597655,250.30605668392812,230.70896406802498,-6.812531079065143,0,1.1495663212280647,2.257263602500933,-1.1076972812728685
2020-02-10,238.3818206787109,240.3497215655015,236.37845456320937,238.2045215871992,241700,4.922026926616744,237.80198712628618,-1.8933946458628115,240.4179801940918,250.26203404732527,230.57392634085832,28.975453575240117,0,1.108588097471909,2.0275285014951283,-0.9189404040232194
2020-02-11,237.6282958984375,239.87099102330583,235.91747089708747,239.48095473619497,270100,4.899474453545241,237.77040690304094,-2.271220881160041,240.11880340576172,249.9177523128522,230.31985449867125,11.750103434009107,0,1.0037389300346433,1.8227705872030313,-0.819031657168388
2020-02-12,239.4100799560547,239.4100799560547,235.79341096890488,238.66547243081925,363400,4.900709915908569,238.06852927631616,2.1714423468700783,240.06073913574218,249.8621589675593,230.25931930392505,34.54276194002222,0,1.0522901461255287,1.6686744989875308,-0.6163843528620021
2020-02-13,221.92947387695312,234.59671578446705,220.79482994437612,230.53682599429104,635600,6.301366580959637,235.13415556734105,-5.812443178223337,239.00853118896484,251.6112643508841,226.40579802704556,74.90368739680792,1,-0.3161273649125178,1.2717141262075213,-1.5878414911200391
2020-02-14,218.2507476806641,223.6934974512164,217.48840751943257,223.1527676446915,523200,7.647599701880666,232.06444504249066,-5.666662357787178,237.66291198730468,252.958111391066,222.36771258354335,-17.68407803650094,1,-1.6781063950319322,0.6817500219596306,-2.359856416991563
2020-02-18,210.52984619140625,217.27566622514863,210.30823582699423,217.17815712376645,668200,9.485843315588266,228.14906343320257,-9.125664888142948,235.87628936767578,254.84797599885232,216.90460273649924,27.71406727828747,1,-3.341972632644257,-0.12299450896114694,-3.2189781236831103
2020-02-19,208.9342041015625,213.02957195622392,208.37575530057893,212.10766546320096,538300,10.86034760071946,224.65545264563164,-11.076752449239846,233.97620086669923,255.69689606813816,212.2555056652603,-19.440287339120022,1,-4.734774066628404,-1.0453504204945985,-3.6894236461338057
2020-02-20,210.4589233398437,212.3204557590231,208.25167930293367,208.3314693116583,362200,11.758848056487045,222.07426549912475,-11.92313655652203,232.27778091430665,255.79547702728073,208.76008480133257,-32.714099944268995,0,-5.6504126974182896,-1.9663628758793368,-3.6840498215389528
2020-02-21,209.2179107666016,210.5121076839777,207.5513965445317,209.47497283067565,246300,12.384699584035387,219.7367464568478,-11.991948703699308,230.45703048706054,255.2264296551313,205.68763131898976,-31.998895637769188,0,-6.402399377555952,-2.85357017621466,-3.5488292013412917
2020-02-24,208.171875,209.52812912877147,203.40282992685115,205.2466159576616,365300,12.833147186111772,217.63404255560275,-12.744313806904383,228.6119010925293,254.27819546475286,202.94560672030576,48.3150629313845,0,-7.002045363289511,-3.683265213629631,-3.3187801496598803
2020-02-25,197.52574157714844,209.0760721003305,196.4708741320743,208.58852661823465,380200,14.115361389679585,213.97798783224738,-17.13892401074827,226.33906631469728,254.56978909405643,198.10834353533812,4.078839310156046,0,-8.241322287686728,-4.5948766284410505,-3.6464456592456775
2020-02-26,194.80435180664065,201.4792542819412,194.1040690714592,198.9263123182469,424600,15.184064498811162,210.49187219122797,-18.02139931605613,223.9217445373535,254.28987353497584,193.55361553973117,11.678064176749082,0,-9.3354384661275,-5.542988995978341,-3.7924494701491582
2020-02-27,191.7049865722656,195.32979818405832,188.1692419464502,189.68328558006536,669000,16.574403706467546,207.07607480596207,-19.92610060217418,221.79089813232423,254.93970554525933,188.64209071938913,57.56005652378708,1,-10.333508043817488,-6.50109280554617,-3.8324152382713184
2020-02-28,183.0482482910156,189.1489714237869,178.93360800328648,185.6755619534821,1072400,18.340205474761053,202.70737907597177,-17.519631307509375,219.16205825805665,255.84246920757874,182.48164730853455,60.29895366218236,1,-11.688276629471261,-7.538529570331189,-4.149747059140072
2020-03-02,186.70870971679688,187.6616752170547,180.8217382954121,184.87404320609,924100,19.4606322629327,199.79853010157632,-14.452201561306122,216.9294334411621,255.85069796702751,178.0081689152967,-13.828795225662072,1,-12.324502654015532,-8.495724187068058,-3.8287784669474743
2020-03-03,184.89181518554688,192.98750821796685,183.796348146654,187.46569388172952,879200,20.384817381070643,197.08821829866187,-12.177860512257343,214.5904541015625,255.3600888637038,173.8208193394212,-4.858781517151822,1,-12.827457619852026,-9.362070873624852,-3.465386746227175
2020-03-04,195.5257568359375,196.5321568846624,186.6285150526876,189.3003620438793,415000,20.217318007000653,196.80413439634833,-6.417545333605201,212.61873397827148,253.0533699922728,172.18409796427017,-52.79799818016379,0,-12.227037160919508,-9.935064131083784,-2.2919730298357237
2020-03-05,186.7531890869141,192.93406358313973,185.53305005219897,190.60064144828544,378800,20.007331869061712,194.97668979463302,-11.263829481181077,210.008935546875,250.02359928499843,169.99427180875156,-8.722891566265057,0,-12.317088790898254,-10.41146906304668,-1.9056197278515743
2020-03-06,181.94387817382807,185.8625954679715,177.8737714288379,181.81919251749773,552300,19.82742696889552,192.60708768175937,-13.036184374864435,207.2198356628418,246.87468960063285,167.56498172505076,45.8025343189018,0,-12.630925111829782,-10.8553602728033,-1.775564839026483
2020-03-09,173.5364990234375,180.41205428303425,170.16105743476626,174.71210484636825,653600,19.747354533579394,189.13970792570083,-16.637874821736844,203.9678176879883,243.46252675514708,164.4731086208295,18.341481079123657,0,-13.403540222997236,-11.364996262842087,-2.038543960155149
2020-03-10,186.49493408203125,186.54838244281493,174.80115843349665,179.28985586935173,504000,18.346902535147365,188.65883995412455,-5.584491118494972,201.37347335815429,238.06727842844901,164.67966828785956,-22.88861689106487,0,-12.822397240200814,-11.656476458313834,-1.16592078188698
2020-03-11,176.27064514160156,182.74542462394072,172.2094400136017,181.427317287069,562800,17.04957104225361,186.40644089730216,-9.514010592245558,198.3055908203125,232.4047329048197,164.20644873580528,11.66666666666667,0,-13.036574394338174,-11.932496045518704,-1.1040783488194705
2020-03-12,157.33615112304688,171.75521949166108,157.22926801278103,162.49280933534266,622800,16.5038736347203,181.12093366561936,-17.92798198092931,194.2018943786621,227.20964164810272,161.1941471092215,10.660980810234545,0,-14.56625602490783,-12.45924804139653,-2.1070079835113003
2020-03-13,159.08175659179688,165.37841550456696,152.4733903680193,165.37841550456696,435300,16.92443373693495,177.11381056128798,-13.092991559862444,191.05950851440429,224.9083759882742,157.21064104053437,-30.105973025048172,0,-15.459476740526128,-13.05929378122245,-2.4001829593036774
2020-03-16,139.53273010253906,152.0904142097696,139.3546097187607,145.9362577837706,458700,19.260146718219374,170.28088684151544,-25.267155284729448,187.12360763549805,225.6439010719368,148.6033141990593,5.375603032391463,0,-17.54258366796813,-13.955951758571588,-3.5866319093965426
2020-03-17,143.47821044921875,144.85865406391602,132.71956998194696,141.7593148929578,764000,20.749615570270553,165.40767295200695,-22.39883074043477,183.77102584838866,225.27025698892976,142.27179470784756,66.55766296054067,0,-18.659992843659438,-14.896759975589159,-3.763232868070279
2020-03-18,153.5065155029297,154.38822989748886,132.23860922088863,133.76156797699693,577500,20.91276114248042,163.2438261430838,-21.490386746471202,180.99964141845703,222.82516370341787,139.1741191334962,-24.41099476439791,0,-18.52282763122801,-15.62197350671693,-2.9008541245110813
2020-03-19,150.93263244628906,173.84816888351202,148.47453819094332,151.96574984233777,583800,20.73458179908737,161.0054272891211,-19.1806934145335,178.0233268737793,219.49249047195403,136.55416327560457,1.090909090909098,0,-18.409599658699165,-16.179498737113377,-2.2301009215857874
2020-03-20,141.89291381835938,153.43528681662204,139.87121217517443,151.11968033273212,413900,20.868266878687994,157.53042483989168,-22.012812278962336,174.65707702636718,216.39361078374316,132.9205432689912,-29.10243233984241,0,-18.832209432208572,-16.710040876132418,-2.1221685560761543
2020-03-23,137.1280517578125,141.198156995928,131.04514705449756,140.7261319295982,462600,20.909619419670605,153.82090246133183,-20.980282229104862,171.10488586425782,212.92412470359903,129.2856470249166,11.766127083836686,0,-19.32880483870875,-17.233793668647685,-2.0950111700610634
2020-03-24,147.29005432128906,150.4695458542365,141.88400956304682,145.09023207416308,407700,20.583507542574303,152.6334755267786,-21.02195427115334,168.59310150146484,209.76011658661344,127.42608641631624,-11.867704280155644,0,-18.686959954536036,-17.524426925825356,-1.1625330287106799
2020-03-25,158.03082275390625,163.27654771309923,146.24798302731156,149.34732128495546,512300,19.744222792849673,153.61481138625635,-10.347623322671174,166.75442504882812,206.24287063452746,127.26597946312879,25.656119695854795,0,-17.114319786220022,-17.44240549790429,0.3280857116842668
2020-03-26,173.92831420898438,175.1840854640935,157.79926518051175,158.68097951510836,429800,18.94588693248528,157.30817553584325,10.5456774984672,165.86559143066407,203.75736529563463,127.97381756569351,-16.103845403084126,0,-14.418983358373964,-16.837721069998224,2.41873771162426
2020-03-27,165.2893524169922,171.68397974212724,164.41655289992426,167.84542853012243,473900,18.50932259700343,158.75929860514304,3.9021418660368345,164.9776466369629,201.99629183096977,127.95900144295604,10.260586319218245,0,-12.832081589384245,-16.03659317387543,3.2045115844911862
2020-03-30,168.80731201171875,171.22088679860306,164.52345220687332,166.09984597107658,385200,17.823269339932846,160.58621013361133,20.980440852598914,164.08257675170898,199.72911543157468,128.43603807184329,-18.717028909052548,0,-11.161912981173288,-15.061657135335004,3.8997441541617164
2020-03-31,162.2790985107422,169.41292563191976,159.61615257970567,167.0795167627384,519800,17.137786891315255,160.89400802036238,13.103653859815623,162.95194091796876,197.22751470059927,128.67636713533824,34.94288681204569,0,-10.246944202952847,-14.098714548858574,3.8517703459057273
2020-04-01,154.20118713378906,158.37817654510155,151.43137202582105,155.50149191197588,402100,15.407631834821789,159.67713149553086,0.4525355999277503,160.88571243286134,191.7009761025049,130.07044876321777,-22.643324355521354,0,-10.057705820423678,-13.290512803171596,3.2328069827479187
2020-04-02,160.8808135986328,163.9000001672127,152.66933605889082,153.14136127538586,361800,14.156850566479818,159.89598278700393,6.591140027908748,159.59209365844725,187.9057947914069,131.27839252548762,-10.022382491917437,0,-9.261976705059425,-12.484805583549162,3.2228288784897376
2020-04-03,161.23703002929688,164.30966448828823,157.73691750952693,158.61863177902634,345900,13.158100982623164,160.13980955832992,13.632898000600925,158.5567512512207,184.87295321646704,132.24054928597437,-4.394693200663347,0,-8.504576495361448,-11.68875976591162,3.1841832705501716
2020-04-06,172.5211639404297,174.46269953886127,166.7944982310177,166.7944982310177,336300,13.099090448693541,162.39096490052987,25.810264004280036,158.5059844970703,184.7041653944574,132.3078035996832,-2.7753686036426695,0,-6.914094691486497,-10.733826751026596,3.819732059540099
2020-04-07,170.76666259765625,180.1359301629104,170.60634470182325,178.19439442146196,246400,11.7310008625379,163.9138190272801,15.939031582646312,157.71957092285157,181.18157264792737,134.25756919777578,-26.732084448409154,0,-5.72915783327025,-9.732892967475326,4.003735134205076
2020-04-08,174.06190490722656,176.4309455268703,171.73739778293395,173.70565053413273,272400,11.556262467680673,165.75892555090672,10.144275574825512,157.6091339111328,180.72165884649414,134.49660897577147,10.551948051948056,0,-4.472630619565052,-8.680840497893271,4.208209878328219
2020-04-09,171.34555053710938,177.13455247080933,169.99181089518495,176.34190505732218,436900,11.956496363988302,166.7746755483981,-1.48495872200064,158.30960388183593,182.22259660981254,134.3966111538593,60.3891336270191,0,-3.6538910643402573,-7.675450611182669,4.021559546842411
2020-04-13,173.3048858642578,174.60519061614465,170.00070960761593,171.6839725433826,217100,12.418885644450905,167.96198651491804,4.8493949126523495,159.020760345459,183.85853163436082,134.18298905655718,-50.3089951934081,0,-2.814488411621369,-6.703258171270409,3.8887697596490405
2020-04-14,175.46910095214844,178.55062352223771,173.5899013679536,176.7070561746463,233200,12.044957758816238,169.3269164125963,3.946386481153863,160.81757888793945,184.90749440557192,136.72766337030697,7.415937356057123,0,-1.9521188799828337,-5.753030313012895,3.800911433030061
2020-04-15,170.0897979736328,173.7056958685089,167.23092892815302,173.02883276755244,267600,11.485575989068302,169.46562215096657,4.813127220061308,162.14815826416014,185.11931024229676,139.17700628602353,14.751286449399647,0,-1.6833450528544063,-4.939093260981197,3.255748208126791
2020-04-16,171.4257049560547,172.90413026945475,168.75385787436554,170.06306403157058,265900,11.474894049934635,169.82200084280075,11.170159025637826,163.04411773681642,185.99390583668568,140.09432963694715,-0.6352765321375187,0,-1.3470157702915628,-4.220677762843271,2.8736619925517077
2020-04-17,174.52503967285156,177.08110210664915,171.8977127702796,175.46017518492295,533600,11.376531902188505,170.67709881190086,8.48095292970019,164.22373809814454,186.97680190252154,141.47067429376753,100.67694622038358,0,-0.8209189387922606,-3.5407259980330688,2.719807059240808
2020-04-20,171.22975158691406,174.70316060555635,171.01601253880514,174.13316716107312,324100,10.17341761596052,170.77758113463054,6.197535116965058,165.69057998657226,186.0374152184933,145.34374475465123,-39.261619190404794,0,-0.6622515940309484,-2.965031117232645,2.3027795232016968
2020-04-21,164.2740478515625,169.89383022095197,162.02969269141278,168.2461994831925,333500,7.663355672359783,169.59512053770908,-4.780350364268848,167.04787979125976,182.37459113597933,151.7211684465402,2.9003394014193162,0,-1.0852634983168343,-2.5890775934494834,1.503814095132649
2020-04-22,165.85934448242188,169.14571832181983,164.9509263270867,168.02354752361498,311500,6.111307057563969,168.91588852765685,-2.873697969255584,167.9763442993164,180.19895841444432,155.75373018418847,-6.596701649175407,0,-1.277852996952987,-2.326832674150184,1.048979677197197
2020-04-23,166.34027099609375,169.1902380538702,165.19136932001652,166.70541304542448,269500,5.665799500528582,168.447594431009,-4.436142368571905,168.39181671142578,179.72341571248293,157.06021771036862,-13.48314606741573,0,-1.3758152697573394,-2.1366291932716153,0.7608139235142759
2020-04-24,164.31863403320312,167.59609403177532,163.29443118107935,167.5426592519734,248900,5.578365684826156,167.69687435868067,-4.101020704581638,167.9113327026367,179.06806407228902,156.7546013329844,-7.643784786641927,0,-1.5981577167747218,-2.0289348979722366,0.43077718119751474
2020-04-27,167.6673126220703,168.8963666795329,163.9178280048847,165.35171987535185,434100,5.544780101015999,167.69149949747876,-3.2529799803816095,168.0302307128906,179.11979091492262,156.9406705108586,74.40739252711933,0,-1.487013960576462,-1.9205507104930817,0.4335367499166196
2020-04-28,170.3480987548828,172.06698083563947,166.8123527158019,167.04390794629757,352700,5.566805266982325,168.1745175442795,-2.918463803300708,168.10727005004884,179.2408805840135,156.97365951608418,-18.75143976042386,0,-1.169137605831196,-1.7702680895607048,0.6011304837295088
2020-04-29,174.15992736816406,176.15489811956255,169.8048165257156,173.66118468031445,307900,5.546010748046591,169.26277387589485,2.392929760056628,168.70131149291993,179.7933329890131,157.60928999682676,-12.70201304224553,0,-0.602688178052972,-1.5367521072591583,0.9340639292061863
2020-04-30,170.47274780273438,171.86210606662368,167.65839903809282,171.86210606662368,342800,4.377289866733938,169.4827691353202,-0.5559009680401239,169.5148895263672,178.26946925983506,160.76030979289933,11.33484897694057,0,-0.44615450990713157,-1.318632587788753,0.8724780778816215
2020-05-01,165.360595703125,168.62025203861612,162.19000636291787,167.95229034313263,432000,4.011563106751717,168.73328305673925,-5.251076858028725,169.7388786315918,177.76200484509525,161.71575241808836,26.02100350058343,0,-0.7262367948340227,-1.200153429197807,0.4739166343637844
2020-05-04,160.2930145263672,163.7307917715869,156.96212040925275,163.7307917715869,424400,4.120925377707987,167.19868877848978,-6.387171013908488,169.69167785644532,177.9335286118613,161.44982710102934,-1.7592592592592604,0,-1.341649769548468,-1.2284526972679393,-0.11319707228052867
2020-05-05,162.68873596191406,165.30714777398927,161.88718742706894,162.05640655079975,319900,4.345959194501716,166.3786973572942,-0.9650409850988306,169.20005645751954,177.89197484652297,160.5081380685161,-24.62299717247879,0,-1.6174097945426524,-1.306244116722882,-0.31116567781977045
2020-05-06,159.1084442138672,164.4432356351425,158.43158136626016,163.95339442121684,339000,4.874479973175686,165.05683314939836,-4.070256209935863,168.61714553833008,178.36610548468144,158.86818559197872,5.970615817442959,0,-2.100636394658153,-1.4651225723099361,-0.6355138223482169
2020-05-07,154.35260009765625,167.67621654386335,152.91870832068267,161.42409071491534,768700,5.646888115585948,163.11060895817252,-7.206715984440725,167.63168029785157,178.92545652902348,156.33790406667967,126.75516224188792,1,-2.8346774337095724,-1.7390335445898635,-1.095643889119709
2020-05-08,160.82737731933594,164.2473381880737,155.85774031177175,155.85774031177175,544200,5.771224766876716,162.6954759329295,-2.1246870352888414,167.10577163696288,178.6482211707163,155.56332210320946,-29.20515155457265,0,-2.860970350510911,-1.9634209057740732,-0.8975494447368377
2020-05-11,158.62757873535156,162.37707718682432,157.4341568395264,159.5181945244244,343200,5.873729387045025,161.95585826064257,-5.391470612459037,166.37190628051758,178.11936505460764,154.62444750642752,-36.93495038588755,0,-3.024449071507746,-2.175626538920808,-0.8488225325869383
2020-05-12,154.5396270751953,161.07674250201265,154.53071222152593,159.2776951341585,359300,6.0299907383770615,160.60745259056125,-9.28009868923434,165.32543258666993,177.38541406342407,153.2654511099158,4.691142191142195,0,-3.4441684403751935,-2.4293349192116853,-1.0148335211635082
2020-05-13,151.63619995117188,153.87165369826116,150.14887360068198,153.20369203003256,280500,6.643255885335794,158.9763157470359,-12.932784112488937,164.4027526855469,177.68926445621847,151.1162409148753,-21.9315335374339,0,-3.9653710390922754,-2.7365421431878034,-1.228828895904472
2020-05-14,153.38180541992188,153.45305629204526,147.3612494174951,149.48090510688033,319000,6.8609667529525575,157.95913205119697,-10.025615591407956,163.50055770874025,177.22249121464537,149.77862420283512,13.725490196078427,0,-4.189280661217168,-3.027089846793676,-1.162190814423492
2020-05-15,151.8855438232422,154.32583490329193,148.42105047253864,148.42105047253864,295300,6.813788023228575,156.85484328247793,-8.148889294082384,162.36858291625975,175.9961589627169,148.74100686980262,-7.429467084639496,0,-4.436327237133128,-3.3089373248615668,-1.127389912271561
2020-05-18,160.6759796142578,161.7803343705133,156.6414916327702,157.35397331175426,458300,6.492513615371885,157.54959534280152,0.23891564396751885,161.84089431762695,174.82592154837073,148.85586708688317,55.1981036234338,0,-3.8780944658508645,-3.422768753059427,-0.45532571279143763
2020-05-19,154.5217742919922,161.1212377696827,154.4861556549143,161.1212377696827,358500,6.664106003614919,156.99908242447256,-5.01999208588958,161.35328063964843,174.68149264687827,148.0250686324186,-21.776129173030768,0,-3.887471557182522,-3.515709313884046,-0.37176224329847596
2020-05-20,155.95570373535156,159.11739194430476,155.41242765668795,156.6503828405652,340300,6.679587868633868,156.80937720826873,-1.9815041835729574,160.85809860229492,174.21727433956266,147.49892286502717,-5.076708507670846,0,-3.73612907704981,-3.559793266517199,-0.17633581053261116
2020-05-21,161.64674377441406,162.63532770968095,158.02193148186322,158.03084633596364,302200,6.5581900381943505,157.68889840211332,4.7256370622476895,160.62342224121093,173.73980231759964,147.50704216482222,-11.196003526300323,0,-3.120992839333411,-3.472033181080442,0.3510403417470309
2020-05-22,162.77783203125,164.41656162486967,158.73442922405818,163.75750112778235,430800,6.52144423292409,158.61415906195634,1.2127628668850754,160.54638214111327,173.58927060696146,147.50349367526508,42.55459960291197,0,-2.5132523609267423,-3.2802770170497024,0.7670246561229601
2020-05-26,172.26287841796875,173.89270669793947,167.88105102464323,167.88105102464323,421400,6.857835072004022,161.09574439941315,8.595793865936653,160.7761604309082,174.49183057491624,147.06049028690015,-2.181987000928509,0,-1.2518194839077523,-2.8745855104213125,1.6227660265135602
2020-05-27,183.3955535888672,183.5024231068365,175.38001358800912,175.38001358800912,432300,8.287820090811316,165.15025516113207,18.672185936899698,161.42853317260742,178.00417335423003,144.8528929909848,2.5866160417655326,0,0.6388250286307482,-2.1719034026109005,2.8107284312416487
2020-05-28,179.62722778320312,187.93370205213387,179.04542289002617,186.8058763124517,345200,8.803948856743991,167.7824320015086,18.459330846489564,161.70189819335937,179.30979590684734,144.0940004798714,-20.148045338885034,0,1.812211975283077,-1.3750803270321053,3.187292302315182
2020-05-29,178.92010498046875,180.4954634420709,175.73357669561852,177.32684083804364,354100,9.427428470886882,169.8074634522286,16.65014927333086,162.1242660522461,180.97912299401986,143.26940911047234,2.5782155272305873,0,2.6544715876810585,-0.5691699440894724,3.223641531770531
2020-06-01,175.0175018310547,182.37516606507097,174.14031467251235,178.76794301419343,353400,9.840171830283753,170.7547431574697,15.229861529634746,162.60711135864258,182.28745501921009,142.92676769807508,-0.19768426998023614,0,2.9727924391771694,0.13922253256385592,2.8335699066133135
2020-06-02,173.871826171875,177.0225575540402,173.28106147683727,176.93304278520316,382700,10.136100674347848,171.32148552372522,8.212706460105036,163.28605194091796,183.55825328961365,143.01385059222227,8.29088851160158,0,3.096918211107919,0.7307616682726686,2.3661565428352507
2020-06-03,178.72317504882812,180.495454941922,174.52518769468568,175.8320291725634,365400,10.704556389338872,172.6672472555621,15.662129733964703,164.08777389526367,185.49688667394142,142.67866111658591,-4.520512150509537,0,3.5458774219090685,1.2937848189999488,2.2520926029091197
2020-06-04,177.69387817382812,180.47761813797743,176.4675913936226,178.45469908034198,404400,11.050659551993643,173.5811801497923,13.938685099562043,165.0170455932617,187.118364697249,142.91572648927442,10.673234811165845,0,3.7751080794095913,1.7900494710818773,1.985058608327714
2020-06-05,181.3189392089844,185.19467867527047,180.39698114015147,184.1921791974349,339900,11.322745202801045,174.98804543328174,12.169868056249777,166.36536254882813,189.01085295443022,143.71987214322604,-15.949554896142438,0,4.200862231772533,2.2722120232200087,1.928650208552524
2020-06-08,184.40707397460932,185.36481643587533,182.6079282030701,183.16289518150265,326000,11.927236821385506,176.70059607715945,13.287584478460769,167.5443473815918,191.3988210243628,143.68987373882078,-4.08943807002059,0,4.732904158867143,2.764350450349436,1.9685537085177072
2020-06-09,177.01358032226562,183.38665153783813,176.25275949477015,181.70387238849668,304800,11.912346408909515,176.7575023035424,2.757821039521957,168.4636474609375,192.28834027875652,144.63895464311847,-6.503067484662573,0,4.506015529379766,3.1126834661555023,1.393332063224264
2020-06-10,176.3422088623047,179.5197906960688,172.62757960045906,176.1452873745989,477400,11.563558229866356,176.68199440513553,-3.8459736828595936,169.55377655029298,192.6808930100257,146.42666009056026,56.62729658792651,0,4.223346480646256,3.3348160690536535,0.8885304115926029
2020-06-11,161.8328094482422,173.64803375568164,161.37630329877322,170.5420601005017,368600,10.939972431694493,173.9821425947913,-9.906303490046342,170.0636070251465,191.94355188853547,148.18366216175752,-22.790113112693756,0,2.7963078540990978,3.2271144260627427,-0.4308065719636449
2020-06-12,163.16648864746094,167.3913284848567,160.32009960833565,166.97063370364742,326300,10.358006501824768,172.01566005891303,-8.804832936313955,170.55284118652344,191.268854190173,149.8368281828739,-11.4758545849159,0,1.7527812554132538,2.932247791932845,-1.179466536519591
2020-06-15,162.97850036621094,164.07946069746777,158.6909981609053,158.6909981609053,404800,9.573064292215422,170.37254011478535,-6.87874146236247,171.10748901367188,190.25361759810272,151.96136042924104,24.057615691081825,0,0.9002325046005524,2.5258447344663866,-1.6256122298658342
2020-06-16,166.111328125,170.63154962346977,164.09736926847677,169.5842926570416,298000,9.335545324242338,169.59777429846073,-4.463344187346163,171.37925643920897,190.05034708769364,152.7081657907243,-26.383399209486168,0,0.47193433011111097,2.115062653595331,-1.6431283234842202
2020-06-17,164.65234375,168.04475364457312,164.4912335764915,166.37092055759572,287700,8.620175085613502,168.6986051078315,-7.872975228301482,171.8857849121094,189.12613508333638,154.6454347408824,-3.4563758389261734,0,0.014608695338864663,1.694971861944038,-1.6803631666051733
2020-06-18,162.450439453125,166.61261659277298,162.1550571133124,162.33407298827998,304300,8.094800571829385,167.56257498879393,-8.578482768996299,172.21052169799805,188.4001228416568,156.02092055433928,5.769899200556128,0,-0.5195118307472057,1.2520751234057892,-1.771586954152995
2020-06-19,159.9173126220703,165.69065952255625,158.3150885640443,165.69065952255625,654900,8.221826434354105,166.17252728575326,-11.803304541864224,172.12405014038086,188.56770300908906,155.68039727167266,115.21524811041735,1,-1.1341347612891468,0.774833146466802,-1.9089679077559487
2020-06-22,159.2549285888672,159.50555351052188,156.4890947804419,158.57466289552357,382300,8.46669053143648,164.9147820681376,-13.639468835780821,171.94790496826172,188.8812860311347,155.01452390538876,-41.6246755229806,0,-1.655592082609843,0.28874810065147305,-1.9443401832613159
2020-06-23,158.58360290527344,160.98245891064295,157.07985343226272,160.5796561907698,329100,8.977050725912083,163.76365858398046,-10.411617788555617,171.26394119262696,189.21804264445112,153.3098397408028,-13.915772953178129,0,-2.098827165724856,-0.18876695262379278,-1.9100602131010633
2020-06-24,149.67742919921875,156.86502377513133,149.55211674509204,156.50699209420733,390200,9.714658593203492,161.20252596856923,-15.121042111878557,169.57803497314453,189.00735215955152,150.14871778673754,18.565785475539354,0,-3.1326368607768984,-0.777540934254414,-2.3550959265224845
2020-06-25,154.05442810058594,154.14394284713777,148.07520087138266,148.24527069501147,396100,10.00109186167404,159.90287181075408,-4.806430398246253,168.29939498901368,188.30157871236176,148.2972112656656,1.5120451050743222,0,-3.557739850685522,-1.3335807175406356,-2.2241591331448864
2020-06-26,153.02508544921875,154.68099908970174,150.81420493322548,153.9470300270421,914900,10.227394532271266,158.65236519956585,-6.215371356157451,167.00464401245117,187.4594330769937,146.54985494790864,130.97702600353446,1,-3.9323665089772817,-1.8533378758279648,-2.079028633149317
2020-06-29,158.79843139648438,159.2370181673101,155.2628172459069,155.40602172685195,337500,10.201587859495566,158.67892268991466,-2.5647977864159954,166.19369049072264,186.59686620971377,145.79051477173152,-63.110722483331514,0,-3.7205123165866496,-2.226772763979702,-1.4937395526069475
2020-06-30,156.18479919433594,159.40712614421443,155.05697315254724,157.67960302527428,272100,10.26736806721239,158.22544569071852,-5.975829007395738,165.3093391418457,185.84407527627047,144.77460300742092,-19.377777777777784,0,-3.720625562986612,-2.5255433237810845,-1.1950822392055276
2020-07-01,155.50448608398438,159.07591168086188,154.98533056171416,157.67956893863422,278200,9.979470683698471,157.73072576222137,-5.555862405399637,164.1484046936035,184.10734606100044,144.18946332620658,2.2418228592429257,0,-3.7325839891913972,-2.7669514568631475,-0.9656325323282497
2020-07-02,154.94952392578125,158.37773118281078,154.51092351206114,157.4647326508783,233200,9.644963617508717,157.22505270105043,-4.617356254987626,163.01118698120118,182.30111421621862,143.72125974618373,-16.175413371675052,0,-3.7436870424085953,-2.9622985739722374,-0.7813884684363579
2020-07-06,155.10166931152344,158.05547809307055,154.8062870675656,157.6974328012892,176000,8.767465445934675,156.8389829938637,-3.0113333144408228,161.70032348632813,179.23525437819748,144.16539259445878,-24.52830188679245,0,-3.697585961680147,-3.1093560515138194,-0.5882299101663278
2020-07-07,150.6620330810547,156.87396590538935,150.53670697199573,153.62478819019915,207600,7.290265696754531,155.71590119153478,-5.39568576241426,160.0130714416504,174.59360283515946,145.43254004814133,17.954545454545446,0,-3.9734881651162652,-3.282182474234309,-0.6913056908819564
2020-07-08,149.91908264160156,152.47904833385792,149.14034269785964,150.65305156028805,333600,6.431735552479369,154.661934182456,-5.463692402579257,158.6583465576172,171.52181766257593,145.79487545265846,60.69364161849711,0,-4.203635645427255,-3.4664731084728984,-0.7371625369543566
2020-07-09,144.79917907714844,149.39995593578416,144.42324170636888,149.01505889505975,319800,5.692037943075004,152.868705981491,-3.2591755137492573,157.08119506835936,168.46527095450938,145.69711918220935,-4.136690647482011,0,-4.744471298727831,-3.7220727465238848,-1.022398552203946
2020-07-10,149.5163116455078,149.79380191658626,144.93344037914244,144.93344037914244,269700,5.81581980030466,152.25917973858495,-2.945787739457306,156.46537017822266,168.097009778832,144.83373057761332,-15.66604127579737,0,-4.737839411402149,-3.925226079499538,-0.812613331902611
2020-07-13,151.82565307617188,154.48408007741511,150.0712786435741,151.44971569775805,337500,5.679337885418513,152.1803567090553,-0.7838142155097261,155.8983283996582,167.25700417049524,144.53965262882116,25.139043381535032,0,-4.4944300475310115,-4.039066873105833,-0.4553631744251785
2020-07-14,153.7948760986328,154.71682073773874,150.59938773467647,152.16580038570578,305000,5.443109725972649,152.47390568897848,-3.150884586107028,155.43914718627929,166.32536663822458,144.552927734334,-9.629629629629633,0,-4.095417113389715,-4.05033692116261,-0.04508019222710491
2020-07-15,158.4046173095703,159.6487960961388,156.4533073687585,157.70644582692245,239100,4.892799886053255,153.55221689272244,1.4212766714079006,155.0538116455078,164.83941141761431,145.2682118734013,-21.606557377049185,0,-3.3684000784932095,-3.91394955262873,0.5455494741355205
2020-07-16,160.5528106689453,163.1217366044733,157.27678100308668,158.252428995678,270400,4.542878677544963,154.82505212476298,3.246417329873341,154.84883499145508,163.934592346545,145.76307763636515,13.090757005437048,0,-2.5890476597667487,-3.648969174056334,1.0599215142895853
2020-07-17,161.967041015625,162.3429783563452,159.51449546073135,161.1346112593229,236700,4.501403113459186,156.12359555946514,4.528905228005109,154.82466506958008,163.82747129649846,145.8218588426617,-12.463017751479288,0,-1.836123000234295,-3.2863999392919263,1.4502769390576313
2020-07-20,157.74221801757812,161.10777606431623,157.0977500366297,160.73183868510193,273000,4.396951540202568,156.41789055184933,1.7024631119547218,154.71591033935547,163.5098134197606,145.92200725895034,15.335868187579216,0,-1.5623232012968629,-2.9415845916929135,1.3792613903960507
2020-07-21,159.33543395996094,161.35835204249466,158.4313953216265,158.4313953216265,196500,4.40136020749984,156.9483529896878,5.756859045065488,154.71993560791014,163.5226560229098,145.91721519291048,-28.021978021978022,0,-1.2029092870527052,-2.5938495307648717,1.3909402437121665
2020-07-22,160.76766967773438,161.56430197772968,158.70895284890392,159.24601416356805,244000,4.527553753689248,157.64277420569627,7.236294969912249,154.8291389465332,163.8842464539117,145.7740314391547,24.173027989821882,0,-0.7933563991238657,-2.2337509044366706,1.4403945053128049
2020-07-23,161.93125915527344,164.41065664435826,160.087369974093,160.66917489350226,239800,4.621849126233186,158.42249874198302,11.83161409292044,155.44183044433595,164.68552869680232,146.19813219186958,-1.7213114754098369,0,-0.37061857818935096,-1.8611244391872068,1.4905058609978559
2020-07-24,158.48512268066406,163.13960232397545,158.1628887391562,161.93123528684467,192900,4.657893623882728,158.4338849126523,5.998550215992915,155.66336517333986,164.9791524211053,146.3475779255744,-19.557964970809007,0,-0.31009563294523446,-1.5509186779388124,1.240823044993578
2020-07-27,155.03005981445312,157.90331351898027,154.5467157444553,157.90331351898027,201600,4.619541141950897,157.81500762207062,2.110583207354022,155.76361389160155,165.00269617550333,146.52453160769977,4.510108864696738,0,-0.5347610682158574,-1.3476871559942216,0.8129260877783642
2020-07-28,156.6322784423828,158.8789562304976,154.90474240767233,154.90474240767233,190900,4.569768488689534,157.59996595303647,1.8449264473091365,155.6553062438965,164.79484322127556,146.51576926651742,-5.307539682539685,0,-0.5768745407073936,-1.193524632936856,0.6166500922294624
2020-07-29,157.42893981933594,158.18081455924374,154.4840766009803,156.9455820165142,129300,4.585795665018796,157.56887029236364,-0.6159400570550311,155.71751327514647,164.88910460518406,146.5459219451089,-32.268203247773705,0,-0.5397440228089749,-1.0627685109112799,0.523024488102305
2020-07-30,156.45327758789062,158.41353316912748,154.82421565781607,155.45077793861398,177200,4.588382779073329,157.36603525518672,-2.553386056571627,155.76495285034179,164.94171840848844,146.58818729219513,37.04563031709203,0,-0.5823328375302879,-0.9666813762350815,0.3843485387047937
2020-07-31,155.48660278320312,157.1962199423157,153.27572209795798,156.1042054476588,313400,4.584929579683906,157.0243202602806,-4.001084536573529,155.79180679321288,164.9616659525807,146.62194763384508,76.86230248306998,0,-0.6861775304917899,-0.9105806070864233,0.22440307659463343
2020-08-03,156.94561767578125,158.40462376960232,155.25389229759884,155.7730479239771,224300,4.588859440296371,157.01001069946255,-0.5050013571560763,155.88400421142578,165.06172309201852,146.70628533083303,-28.4301212507977,0,-0.6433289933130197,-0.8571302843317427,0.21380129101872292
2020-08-04,155.33444213867188,158.2434945558764,154.71683940592334,157.0082754323433,278100,4.425027231307456,156.70536187022788,-2.5110496277271688,156.11762466430665,164.96767912692155,147.26757020169174,23.98573339277752,0,-0.7309536410100179,-0.8318949556673978,0.10094131465737988
2020-08-05,159.92626953125,159.92626953125,155.79094411614733,157.03512287763695,443000,4.249539399198513,157.29098144495916,-0.5233640247264915,156.61798400878905,165.11706280718607,148.11890521039203,59.29521754764473,1,-0.4249758534329544,-0.7505111352205092,0.32553528178755475
2020-08-06,145.7211151123047,156.12208940183075,143.2148524626026,153.0698195807937,1171000,4.117537718702501,155.1873693844765,-10.010509476385343,156.66408081054686,164.89915624795185,148.42900537314188,164.33408577878103,1,-1.3135813483989125,-0.8631251778561899,-0.4504561705427226
2020-08-07,150.28607177734375,151.9599045575978,144.50378008710427,144.5216857668911,550400,4.050256581162333,154.2962243649978,-5.173388368976939,156.70256881713868,164.80308197946334,148.60205565481402,-52.99743808710504,1,-1.6306565595127154,-1.016631454187495,-0.6140251053252204
2020-08-10,151.3870849609375,153.05195850375912,148.46907301087512,150.2771647130446,512300,4.079134541033427,153.76728992789592,-2.3498506404988184,156.68064041137694,164.8389094934438,148.5223713293101,-6.922238372093026,1,-1.7726642167139062,-1.1678380066927772,-0.604826210021129
2020-08-11,150.85891723632812,156.19367572328736,150.7246587949072,154.1618114755897,231500,4.238180256277604,153.2384948930654,-3.685933233856664,156.53384246826172,165.01020298081693,148.05748195570652,-54.81163380831544,0,-1.9058555134447488,-1.3154415080431716,-0.5904140054015772
2020-08-12,146.94737243652344,152.1836703913093,145.90011557717253,152.1836703913093,416600,4.719045688360402,152.0946544464214,-6.657967331064452,155.9609802246094,165.39907160133018,146.5228888478886,79.95680345572353,0,-2.3005205816548653,-1.5124573227655105,-0.7880632588893548
2020-08-13,146.91159057617188,148.4153399748974,144.8707800161686,145.99859206521273,381300,4.9980040956711935,151.1522791972851,-6.098745362722447,155.2789192199707,165.2749274113131,145.28291102862832,-8.47335573691791,0,-2.5863687398343416,-1.7272396061792767,-0.8591291336550648
2020-08-14,149.38206481933594,151.2707115273299,146.34770020543456,146.4551069909775,217000,4.902972735426098,150.83042203765797,-3.926086141568619,154.64967041015626,164.45561588100847,144.84372493930405,-43.08943089430895,0,-2.583774693485111,-1.8985466236404438,-0.6852280698446673
2020-08-17,145.98068237304688,149.38203776559945,145.58683935333636,149.24777930798555,352500,5.208366286384583,149.94865118954684,-6.986455222589116,154.06159362792968,164.47832620069886,143.6448610551605,62.44239631336406,0,-2.8236329469783072,-2.0835638883080163,-0.7400690586702909
2020-08-18,145.26463317871094,146.26714660007593,144.50381234333898,145.59582686755277,333900,5.405106054054173,149.09701155121303,-6.4826633561224645,153.3580535888672,164.16826569697554,142.54784148075885,-5.276595744680856,0,-3.0364986602664317,-2.2741508426996995,-0.7623478175667322
2020-08-19,145.6942596435547,147.23382036026317,144.9871286793519,144.9871286793519,227900,5.368324251937073,148.4783293861842,-8.89910702563742,152.6043830871582,163.34103159103233,141.86773458328406,-31.746031746031743,0,-3.1343976217978877,-2.446200198519337,-0.6881974232785506
2020-08-20,142.80311584472656,144.98714471500884,142.6867630547102,144.56644995763313,259900,5.322935128424673,147.44647237864643,-2.002454665083553,151.64797592163086,162.2938461784802,141.0021056647815,14.041246160596742,0,-3.406012010120236,-2.638162560839517,-0.7678494492807189
2020-08-21,141.9885711669922,144.5395773790936,141.48732139863677,142.40926586358304,331800,5.4834192322911814,146.4541267038002,-5.521137462854653,150.82314834594726,161.78998681052963,139.8563098813649,27.664486340900353,0,-3.6449782771422576,-2.8395257041000654,-0.8054525730421922
2020-08-24,145.16616821289062,145.273588654456,141.07560052968705,142.45403766445986,309100,5.52853052385029,146.21995243272573,-4.109278377116555,150.32995376586913,161.38701481356972,139.27289271816855,-6.841470765521396,0,-3.537180821408157,-2.9790567275616837,-0.5581240938464731
2020-08-25,142.2660675048828,146.05230664214022,141.5410444422201,145.73007265228637,261300,5.599416838887137,145.501064264027,-5.695950818726992,149.61164321899415,160.81047689676842,138.41280954121987,-15.464251051439659,0,-3.6437614373959377,-3.1119976695285345,-0.5317637678674032
2020-08-26,137.745849609375,141.89013422051303,137.40570992748323,141.50523716078803,459800,5.876051483124859,144.09102523590846,-6.261781122437693,148.6274887084961,160.3795916747458,136.87538574224638,75.96632223497895,0,-4.046327604693005,-3.2988636565614287,-0.7474639481315761
2020-08-27,138.26849365234375,140.84570930631966,137.42143473983884,138.09727786151018,470100,6.006851913325227,143.0323831298058,-5.88319607046034,147.71824951171874,159.73195333836918,135.7045456850683,2.240104393214448,0,-4.273924050233717,-3.4938757352958865,-0.7800483149378303
2020-08-28,137.38539123535156,138.85421422068896,136.4752470618547,138.5388290244795,413600,6.137036327850054,142.0056573308141,-8.030866087232935,146.81318893432618,159.0872615900263,134.53911627862607,-12.018719421399704,0,-4.473981582993105,-3.6898969048353303,-0.7840846781577744
2020-08-31,136.53834533691406,137.63771798268223,134.8892863682618,136.75460634915413,636600,6.05972269398816,141.01160060465045,-6.468209959454329,145.7928253173828,157.91227070535913,133.67337992940648,53.916827852998075,1,-4.647306883087424,-3.881378900485749,-0.7659279826016752
2020-09-01,135.4660186767578,135.86251557171792,133.0329857986713,135.2497438931253,740400,6.04172907769976,140.00331298139724,-6.745354521288361,144.7994041442871,156.88286229968662,132.7159459888876,16.305372290292187,1,-4.815684024050313,-4.068239925198662,-0.7474440988516511
2020-09-02,136.38514709472656,137.7728722508819,134.0872777370727,135.4299439352224,739000,5.1698302817524215,139.3454646383662,-6.389484782450006,143.62234802246093,153.96200858596578,133.28268745895608,-0.1890869800107997,1,-4.819403060988947,-4.218472552356719,-0.6009305086322279
2020-09-03,135.27674865722656,139.1605914190919,133.2221867611583,137.9440821056652,618600,5.465709968019082,138.6056980963408,-5.270450258020709,143.10012969970703,154.0315496357452,132.16870976366886,-16.29228687415426,0,-4.855814112738727,-4.345940864433121,-0.5098732483056061
2020-09-04,132.92478942871094,138.3045005310277,132.3030254508562,136.54731157174191,598700,5.640244505168237,137.5728056113172,-6.383458657120633,142.2320655822754,153.51255459261188,130.95157657193892,-3.2169414807630137,0,-5.0166250562677135,-4.48007770280004,-0.5365473534676735
2020-09-08,127.74333953857422,133.32129957143124,127.37388913054885,132.54633234352107,899400,6.080998321559656,135.78562996172755,-12.001989780955913,141.04987831115722,153.21187495427654,128.8878816680379,50.22548855854352,1,-5.498782053900811,-4.683818573020194,-0.8149634808806168
2020-09-09,127.3739013671875,129.59065902854746,124.90481629918796,128.3380970369486,575700,6.348767279298843,134.25622476272028,-10.467827219012849,139.8756275177002,152.57316207629788,127.17809295910251,-35.99066044029353,0,-5.843347053708015,-4.915724269157759,-0.9276227845502563
2020-09-10,124.20191955566406,129.9961401350108,124.03070379980966,128.75259839523267,794100,7.017338815998092,132.42816927052823,-9.832550376014481,138.73835487365722,152.7730325056534,124.70367724166103,37.93642522146952,1,-6.299750123379823,-5.192529440002172,-1.1072206833776512
2020-09-11,132.82571411132812,133.58266896079124,124.4452692607319,124.4452692607319,837500,6.858934934422247,132.50045015067366,-3.9363844916837754,138.03406105041503,151.75193091925954,124.31619118157055,5.465306636443779,1,-5.897600824541172,-5.333543716909973,-0.5640571076311991
2020-09-14,132.33009338378906,133.46550491816194,129.8159491825908,133.36638070682324,602800,6.41984731482918,132.46947619305828,-3.67964730900856,137.18146247863768,150.02115710829605,124.34176784897932,-28.023880597014927,0,-5.554854157567661,-5.377805805041511,-0.1770483525261497
2020-09-15,130.9062957763672,132.5913933650737,129.76186437250897,132.25798186358082,448000,6.2140076956760035,132.18526157184172,-4.124884878785928,136.4277431488037,148.8557585401557,123.9997277574517,-25.680159256801595,0,-5.336596559162615,-5.369563955865732,0.03296739670311677
2020-09-16,133.3123016357422,135.25873299295054,129.7348378565439,130.81618402719434,360500,5.88546997699232,132.39017794709633,-1.5898577828250215,135.83012657165528,147.60106652563994,124.05918661767065,-19.53125,0,-4.9128490097023985,-5.278220966633065,0.3653719569306668
2020-09-17,135.7002716064453,136.24095155327197,131.08652072709026,131.57312167918445,383200,5.40885303222044,132.99201315788704,-0.5021628108855314,135.3304271697998,146.14813323424067,124.51272110535892,6.296809986130381,0,-4.334372852095385,-5.08945134372553,0.7550784916301456
2020-09-18,134.42970275878906,136.538343855705,134.0692585755896,135.16863120943145,670800,5.116138847627571,133.25341126714196,-0.626157789010584,134.91175651550293,145.14403421075806,124.6794788202478,75.05219206680584,0,-3.9331121483463107,-4.858183504649687,0.9250713563033761
2020-09-21,129.6717529296875,132.86173995453967,128.58140046502518,132.19490316825593,477300,4.9583199024689275,132.60220066033204,-2.4472760220305423,134.2959156036377,144.21255540857555,124.37927579869984,-28.846153846153843,0,-3.953463866552738,-4.6772395770302975,0.7237757104775593
2020-09-22,129.4104766845703,131.49207186545817,128.23000591099787,129.6717967126622,365100,4.3553162898943985,132.02188721019354,1.305067764799328,133.50813102722168,142.2187636070105,124.79749844743289,-23.507228158390948,0,-3.945197775110671,-4.530831216646373,0.5856334415357018
2020-09-23,125.64372253417967,131.1495911542533,124.55337010904488,129.9420881999482,431500,4.17851126660538,130.86222090546374,-1.3583464229615982,132.67701377868653,141.0340363118973,124.31999124547576,18.186798137496574,0,-4.194243786403916,-4.463513730597882,0.2692699441939652
2020-09-24,125.69781494140624,127.0855401078578,122.94938348343082,125.51757910804636,410500,4.276604250925316,129.92323800290782,1.204406011673398,132.0746120452881,140.62782054713873,123.52140354343746,-4.866743916570105,0,-4.337252591411556,-4.438261502760616,0.10100891134906043
2020-09-25,127.2567367553711,128.0497303026555,124.93183510542852,124.93183510542852,275500,4.144002310954284,129.43841959426476,-4.192695212080233,131.52402420043944,139.812028822348,123.23601957853087,-32.88672350791717,0,-4.275510711697706,-4.405711344548035,0.1302006328503289
2020-09-28,128.9779052734375,130.87927779886735,127.68929057607698,129.05900314772958,340600,3.9395107562474325,129.3546897177507,-2.533201650987593,131.10364990234376,138.98267141483862,123.2246283898489,23.629764065335745,0,-4.041112482996965,-4.332791572237821,0.29167908924085584
2020-09-29,127.24774169921876,129.32933619455346,126.94134905158786,128.51831624503086,233100,3.8105912152146595,128.9716082598358,-2.7947884824412794,130.63911972045898,138.2603021508883,123.01793729002966,-31.561949500880804,0,-3.9494333298728463,-4.256119923764826,0.30668659389198005
2020-09-30,126.83323669433594,128.79768093617807,126.1934324343396,128.04073987510486,368200,3.722980191476275,128.5828134297449,-4.8600653217355845,130.20748062133788,137.65344100429044,122.76152023838533,57.95795795795795,0,-3.8656630726309515,-4.178028553538052,0.3123654809071006
2020-10-01,126.13938903808594,128.73463169727114,125.52663104914892,126.84226496660408,364200,3.5279938893454044,128.13855444944326,-7.045588380314827,129.69519271850587,136.75118049719669,122.63920493981506,-1.086366105377512,0,-3.811327634861584,-4.1046883698027585,0.29336073494117443
2020-10-02,129.87901306152344,130.05022883015667,123.6432363174588,123.6432363174588,392800,3.2759998274958058,128.45500146982147,-3.3851817000823514,129.4253059387207,135.97730559371232,122.87330628372908,7.852828116419541,0,-3.427005616108687,-3.9691518190639443,0.5421462029552573
2020-10-05,131.85247802734375,132.52832106705455,130.28451722519242,131.6632359261975,337500,3.224075629167959,129.07272448028007,1.6817271675495293,129.37169036865234,135.81984162698825,122.92353911031643,-14.07841140529531,0,-2.929417021623067,-3.761204859575769,0.8317878379527022
2020-10-06,132.58241271972656,136.32207278434953,132.0867916418686,133.2852885210289,412900,3.276591535474672,129.71084961472488,2.4510658769054894,129.61364402770997,136.1668270986593,123.06046095676062,22.34074074074075,0,-2.4479563294385684,-3.4985551535483292,1.0505988241097608
2020-10-07,133.3123016357422,135.74533395722133,132.79865429839725,133.74483735398985,317200,3.3315507748695854,130.36565907309165,6.103431947804938,129.9105640411377,136.57366559087686,123.24746249139852,-23.177524824412686,0,-1.9846218413561303,-3.19576849110989,1.2111466497537595
2020-10-08,134.84422302246094,134.89828827376283,131.69929465444878,134.06925567031777,279100,3.2197974656280715,131.17994342752243,7.276505232265396,130.44267921447755,136.8822741457337,124.00308428322141,-12.011349306431274,0,-1.47678916210765,-2.851972625309442,1.3751834632017919
2020-10-09,135.15060424804688,136.4211926755344,134.2765126702772,135.99766319970524,406400,3.3497074952295463,131.90188175852686,6.203103815124833,130.55892372131348,137.25833871177258,123.85950873085439,45.61089215335006,0,-1.0376443821698729,-2.489106976681528,1.4514625945116553
2020-10-12,134.67298889160156,137.2141653573346,133.4654859433745,135.15058354649827,243300,3.454244513732868,132.4057194190859,4.415549784352835,130.6760684967041,137.58455752416984,123.76757946923836,-40.13287401574803,0,-0.7198604447593482,-2.1352576702970922,1.415397225537744
2020-10-13,133.78091430664062,135.24073121455265,132.9789142615443,133.3663910951002,262000,3.5234417188077747,132.65575485318675,5.134214973232787,130.81979942321777,137.86668286083332,123.77291598560222,7.685984381422117,0,-0.5338435325427042,-1.8149748427462147,1.2811313102035105
2020-10-14,136.54733276367188,137.76385578970468,132.79865323536615,132.79865323536615,237700,3.713042368232519,133.36331447327495,7.658951488202259,130.98155097961427,138.4076357160793,123.55546624314923,-9.274809160305342,0,-0.1613371456862751,-1.484247303334227,1.3229101576479518
2020-10-15,132.96087646484375,135.60116373119368,132.33009228432192,135.60116373119368,379800,3.5778792577139407,133.29014392628744,5.407896358763997,130.84458122253417,138.00033973796207,123.6888227071063,59.78123685317627,0,-0.15374789041254644,-1.218147420749891,1.0643995303373446
2020-10-16,133.36636352539062,135.5560884345952,131.78939638911066,133.17712141900964,376600,3.5293725005850343,133.3040020352153,2.6850761964253955,130.79141426086426,137.85015926203434,123.73266925969419,-0.8425487098472906,0,-0.11370323383923164,-0.9972585833677592,0.8835553495285275
2020-10-19,132.42919921875,135.15058400684862,132.01467609701874,133.75383895000766,215300,3.537181879166109,133.14494697767614,0.4373988263509432,130.92928657531738,138.0036503336496,123.85492281698515,-42.830589484864575,0,-0.15579299763669496,-0.8289654662215464,0.6731724685848515
2020-10-20,133.09600830078125,134.700007875593,131.69926339011425,133.07798197127195,227400,3.5498717520672853,133.13604903642252,0.38737836378073265,131.11356315612792,138.2133066602625,124.01381965199336,5.620065025545751,0,-0.13380114224318618,-0.6899326014258744,0.5561314591826882
2020-10-21,134.73606872558594,135.3037675140648,132.14983341117227,133.09601639205232,295100,3.39116539411325,133.4269617071795,1.0679937802994255,131.56818046569825,138.35051125392474,124.78584967747175,29.771328056288482,0,0.01578477427167968,-0.5487891262863636,0.5645739005580432
2020-10-22,137.17813110351562,137.44847110956243,134.44772591757706,135.11456276581734,231700,3.3159941248538436,134.10899250651332,1.7308179977913785,132.1421962738037,138.7741845235114,125.51020802409602,-21.48424262961708,0,0.32761022876320567,-0.37350925527644974,0.7011194840396554
2020-10-23,137.7097930908203,138.6379498241193,137.06998892269,138.09726985809186,258900,3.329197974842701,134.76368352184184,1.8935829824900052,132.66484909057618,139.32324504026158,126.00645314089078,11.739318083728968,0,0.6105962535912965,-0.1766881535029005,0.7872844070941971
2020-10-26,134.9073028564453,136.7636164096996,134.14134182716035,136.47525008100678,341600,3.2465753645364837,134.7897961281334,0.173987350226823,132.96131896972656,139.45446969879953,126.4681682406536,31.942835071456166,0,0.6017901147048121,-0.020992499861357983,0.6227826145661701
2020-10-27,132.02369689941406,134.47475573630038,131.726324273976,134.09628523576018,284100,2.9678847941150357,134.28686899563897,-1.3135038105651087,133.20011672973632,139.1358863179664,127.26434714150625,-16.832552693208434,0,0.35800146670061395,0.054806293451036395,0.30319517324957757
2020-10-28,127.4730453491211,131.90657510977024,126.995436835718,129.80695390959357,352300,2.898276986594026,133.04799196899936,-6.645525204257208,133.2321071624756,139.02866113566364,127.43555318928753,24.00563181978177,0,-0.20009576257618278,0.003825882245592563,-0.20392164482177533
2020-10-29,128.83370971679688,129.2842717529471,125.07602398531156,126.66199740253792,324100,2.5983442281526505,132.28175883223525,-3.1040459853904023,133.36682319641113,138.56351165271644,128.17013474010582,-8.004541583877378,0,-0.526528106467623,-0.10224491549705056,-0.4242831909705725
2020-10-30,132.89779663085938,133.0600061411218,128.53635868916447,128.53635868916447,301300,2.4695618139102593,132.39376570471237,-0.3513381351528344,133.51776237487792,138.45688600269844,128.5786387470574,-7.0348657821659994,0,-0.452078957038907,-0.17221172380542185,-0.27986723323348517
2020-11-02,134.71804809570312,137.0789887526113,132.753604228518,134.65496281094624,397300,2.450917280104581,132.81636250307432,1.7283566543148332,133.6610408782959,138.56287543850505,128.75920631808674,31.861931629605046,0,-0.2433927093560726,-0.186447920915552,-0.05694478844052059
2020-11-03,141.38636779785156,142.37760982195357,136.61042100007674,137.2231787967487,392600,2.9804156441240974,134.3745452839429,6.228856599767507,134.10123863220215,140.06206992045034,128.14040734395397,-1.1829851497608845,0,0.45482734936288693,-0.05819286685986422,0.5130202162227512
2020-11-04,135.81741333007812,143.0444318170724,135.76334808891357,142.27847090041064,566900,2.9981022559212627,134.63688492869474,0.8025650553115993,134.22649421691895,140.2226987287615,128.23028970507642,44.39633214467651,1,0.552435559199381,0.06393281835198483,0.4885027408473962
2020-11-05,136.7996368408203,143.68422388235953,134.1323174111475,136.96184631630746,794500,3.0507291408684214,135.0301125490812,-0.2759144330444996,134.32426490783692,140.42572318957377,128.22280662610007,40.14817428117834,1,0.7009676781994472,0.1913397903214773,0.5096278878779699
2020-11-06,137.61968994140625,139.51205627542186,136.52031730927362,136.52031730927362,323600,3.1347306420553074,135.5009448022312,-0.065429732622313,134.44771919250488,140.71718047661548,128.17825790839427,-59.269981120201386,0,0.874768102212613,0.32802545269970446,0.5467426495129086
2020-11-09,140.54830932617188,148.40611159135065,139.89049266580164,144.17983789309946,632100,3.4193310502878096,136.41864744294767,4.181394446621733,134.7414852142334,141.580147314809,127.90282311365777,95.33374536464771,1,1.2345897175066796,0.5093383056610995,0.7252514118455801
2020-11-10,145.56759643554688,148.14481218369693,141.60265547688405,141.6567207285832,488700,4.1768810179563465,138.08209271432935,10.258688291732664,135.3308193206787,143.6845813565914,126.977057284766,-22.686283815851926,0,1.9028308126586353,0.7880368070606067,1.1147940055980285
2020-11-11,142.41368103027344,146.07225730790427,142.3055505122381,145.55860984710463,449000,4.46298630648818,138.86965422631917,11.72062347787579,135.6241367340088,144.55010934698515,126.69816412103245,-8.12359320646614,0,2.153102455303923,1.06104993670927,1.092052518594653
2020-11-12,142.85520935058594,143.71127453678764,140.62943161642357,141.62067367417072,314400,4.694606386887628,139.5943006125495,10.883409058554028,136.1188533782959,145.50806615207117,126.72964060452065,-29.977728285077955,0,2.359869078879399,1.3208137651432958,1.039055313736103
2020-11-13,147.79336547851562,148.85669911538267,143.80139213221082,144.30601945137624,378600,5.316599460024686,141.08503967908877,11.208288794306043,136.84020347595214,147.47340239600152,126.20700455590277,20.419847328244266,0,2.888899610930025,1.6344309343006418,1.2544686766293833
2020-11-16,147.11753845214844,150.2444406645237,146.58587845063707,148.9288069743408,488400,5.677460777553323,142.18185763782688,9.20403058960353,137.57462043762206,148.9295419927287,126.21969888251542,29.00158478605388,0,3.2165481611634164,1.950854379673197,1.2656937814902194
2020-11-17,146.7210235595703,148.92877471909534,145.5855984631973,145.9911015333041,311900,5.923878210879278,143.0071605326893,3.773104751757983,138.25587120056153,150.1036276223201,126.40811477880297,-36.13841113841114,0,3.404966228620225,2.2416767494626026,1.1632894791576223
2020-11-18,146.90126037597656,148.75757389454992,146.8832340432542,148.45119498858529,258200,6.163169375309342,143.71517868601427,8.160843866876831,138.86413078308107,151.19046953369974,126.53779203246238,-17.217056748958004,0,3.528162053393771,2.4989738102488364,1.0291882431449348
2020-11-19,146.17137145996094,147.24369777340323,144.80165874228294,146.21641667266096,275300,6.358656474325596,144.1617591903682,6.8507013874938405,139.31379280090331,152.0311057495545,126.59647985225212,6.6227730441518196,0,3.5262512669285684,2.704429301584783,0.8218219653437853
2020-11-20,143.04446411132812,146.81115676349737,142.11630726162844,146.16234622292183,530000,6.3995883445849255,143.9586146305427,3.941859026300354,139.5805263519287,152.37970304109857,126.78134966275886,92.5172539048311,0,3.2351291099275272,2.810569263253332,0.4245598466741951
2020-11-23,148.7845916748047,148.91975478157983,144.1798472531546,144.2699651577125,423800,6.614922253608472,144.83606500222672,5.860107736706244,140.27439079284667,153.5042353000636,127.04454628562974,-20.037735849056602,0,3.428076295575238,2.9340706697177135,0.4940056258575245
2020-11-24,153.97503662109375,155.47991188631607,150.32549582073457,150.32549582073457,391500,6.984672740755085,146.49769620565706,5.77562616366305,141.37195777893066,155.34130326044084,127.40261229742049,-7.621519584709768,0,3.9542319347972352,3.1381029227336183,0.8161290120636169
2020-11-25,150.16494750976562,153.76643986351988,149.80208239218723,153.43078893763902,284600,6.429038534587946,147.16446917004043,5.442782198603857,142.50655288696288,155.36462995613877,129.648475817787,-27.305236270753507,0,4.0174609317478485,3.313974524536465,0.7034864072113836
2020-11-27,149.25775146484375,150.25565117204903,148.2326375694797,150.25565117204903,139500,5.726637485520614,147.54506595091377,4.481840139651538,143.52775497436522,154.98102994540645,132.074480003324,-50.983836964160226,0,3.9488473738464904,3.44094909439847,0.5078982794480202
2020-11-30,145.3206329345703,149.12170539541424,144.2410904828365,148.0512297271072,613000,5.158514753731761,147.14062358430584,-1.6731011814632324,144.14889678955078,154.4659262970143,133.83186728208725,339.42652329749103,0,3.5360170696700663,3.45996268945279,0.0760543802172764
2020-12-01,149.15792846679688,151.09021845270252,147.27100006525004,147.82437817263835,373600,4.764557740704948,147.50740629021328,1.3869114696424045,144.87089080810546,154.40000628951535,135.34177532669557,-39.05383360522022,0,3.478387078146284,3.463647567191489,0.014739510954794977
2020-12-02,148.02401733398438,149.60250974172877,145.4204246898566,147.58857640310984,359300,4.740178686042932,147.60133557089893,0.8880757118525873,145.2027732849121,154.68313065699797,135.72241591282622,-3.827623126338331,0,3.3031411872619856,3.4315462912055885,-0.12840510394360294
2020-12-03,148.5320281982422,150.6729656339698,147.99679729991456,148.81325074338324,314500,4.241601427778582,147.77055241223405,1.1101115253142613,145.8385040283203,154.32170688387745,137.35530117276315,-12.468689117728914,0,3.1687227241765186,3.3789815777997747,-0.21025885362325614
2020-12-04,152.12448120117188,153.87532579685893,148.37783655325563,148.88585335112504,284600,3.892653789825525,148.56217582840458,4.072691992796695,146.6047462463379,154.39005382598896,138.81943866668684,-9.50715421303656,0,3.3138757607486298,3.365960414389546,-0.0520846536409163
2020-12-07,154.2563018798828,154.5647524419328,149.7839279179453,151.86135622655615,461100,3.6409841135856045,149.59747147412787,7.838008858440526,147.43657684326172,154.71854507043292,140.1546086160905,62.01686577652845,0,3.559894453108285,3.404747222133294,0.15514723097499106
2020-12-08,155.66244506835938,156.7057065683384,153.53058815020862,153.53058815020862,420000,3.704004694070807,150.70019394580632,4.6226919845218095,148.1922836303711,155.6002930185127,140.7842742422295,-8.913467794404683,0,3.8242465097004015,3.4886470796467157,0.33559943005368575
2020-12-09,157.34072875976562,158.69241318101496,156.3972572418286,156.79641720384674,458000,4.171003273724272,151.90756391198073,2.185868704778593,148.78094024658202,157.12294679403055,140.43893369913349,9.047619047619037,0,4.121658968057659,3.615249457328905,0.5064095107287541
2020-12-10,158.26602172851562,159.90800901450024,155.61705410948232,155.61705410948232,479700,4.397415768557088,153.0636471513507,5.394783771507772,149.57355728149415,158.3683888186083,140.77872574437998,4.737991266375552,0,4.381516498829768,3.7685028656290775,0.6130136332006906
2020-12-11,161.20526123046875,162.63860176110464,157.82149676241644,157.82149676241644,446800,4.81626717777015,154.54394062028123,8.004615940123628,150.49105987548828,160.12359423102856,140.858525519948,-6.858453199916614,0,4.769646017410139,3.9687314959852897,0.8009145214248492
2020-12-14,158.7377166748047,163.20102273522244,157.903116079027,162.38456954264356,412400,5.106616003704431,155.3064453574673,9.232745185107571,151.03827743530275,161.2515094427116,140.82504542789388,-7.699194270367049,0,4.822539994565034,4.139493195701238,0.6830467988637956
2020-12-15,159.72657775878906,160.81518682274375,157.64913576013447,159.11875730435256,311600,5.368710459209826,156.11010579407125,7.085543088877655,151.66872940063476,162.4061503190544,140.93130848221512,-24.442289039767218,0,4.887906929296918,4.289175942420374,0.5987309868765438
2020-12-16,158.41119384765625,160.69728304971943,157.05042877254544,160.0713289003816,310400,5.437617597340162,156.5284854401776,7.017223759192692,152.25323791503905,163.12847310971938,141.37800272035872,-0.38510911424903815,0,4.778486786340693,4.387038111204438,0.3914486751362549
2020-12-17,154.6464080810547,158.67427471165104,154.5828990697784,158.42026635138075,414700,5.310715343724582,156.1862895567007,4.116539683045173,152.64049530029297,163.26192598774213,142.0190646128438,33.60180412371135,0,4.337978273739054,4.377226143711361,-0.039247869972307114
2020-12-18,153.87527465820312,156.4970142092328,152.8592414001311,154.72802278940568,977100,5.091674641051082,155.76610502970112,1.1508952689317509,153.02569046020508,163.20903974230725,142.8423411781029,135.6161080299011,1,3.8818999549349087,4.278160905956071,-0.3962609510211621
2020-12-21,149.92906188964844,152.4872923850571,148.26892725726805,151.38053596347015,420700,4.5893022466104725,154.70482445878244,-2.805227363484919,153.3699203491211,162.54852484234203,144.19131585590014,-56.94401801248592,0,3.165537860888179,4.055636296942493,-0.8900984360543136
2020-12-22,148.44131469726562,150.4733814660578,147.89700318852962,149.67507545363944,298700,4.607957817846283,153.56600450214302,-4.638967586512333,153.35275650024414,162.5686721359367,144.13684086455157,-28.999286902781073,0,2.449530314753929,3.7344151005047803,-1.2848847857508514
2020-12-23,151.0902557373047,151.66176754553905,148.75880538156807,149.28496943666522,177200,4.632538288455333,153.1158683630815,-3.97257154694155,153.2085174560547,162.47359403296537,143.94344087914402,-40.67626380984265,0,2.0719524021475593,3.401922560833336,-1.3299701586857768
2020-12-24,150.04701232910156,151.13563538271654,148.66811378804564,151.13563538271654,94700,4.636689552395304,152.55789453872148,-5.193161052289974,153.20262069702147,162.4759998018121,143.92924159223085,-46.557562076749434,0,1.6692955616773588,3.055397161002141,-1.3861015993247823
2020-12-28,151.398681640625,153.46704290007858,150.62757609847512,150.9269459968716,178800,4.564980739337205,152.3471285572494,-6.0832875521498515,153.30966720581054,162.43962868448494,144.17970572713614,88.80675818373811,0,1.4426258390182056,2.732842896605354,-1.2902170575871486
2020-12-29,151.11746215820312,152.42379852544383,149.51175588660186,152.3693701505446,252800,4.2005191833941,152.12355284833188,-4.8005317678927355,153.5995086669922,162.00054703378038,145.198470300204,41.38702460850112,0,1.226161956980775,2.4315067086804385,-1.2053447516996636
2020-12-30,152.89553833007812,153.67571076108484,150.9269667658625,151.14469413349798,198800,4.073743396675288,152.263913845013,-4.276708062340651,153.78638916015626,161.93387595350683,145.6389023668057,-21.36075949367089,0,1.1844352259957986,2.182092412143511,-0.9976571861477121
2020-12-31,154.6554718017578,155.1997833300819,151.99745085499026,152.44195855545166,286700,3.8434077952700902,152.69874256442114,-2.370869100014683,154.11796188354492,161.8047774740851,146.43114629300473,44.21529175050303,0,1.2786390587085634,2.0014017414565215,-0.7227626827479581
2021-01-04,148.82229614257812,154.10205576827934,147.1258668052652,153.8934090652095,473600,3.8216908207837235,151.99393412408602,-3.766082905348811,154.13247528076172,161.77585692232918,146.48909363919427,65.19009417509591,0,0.8725495410565429,1.775631301376526,-0.903081760319983
2021-01-05,150.192138671875,151.52568923024302,148.80415973845766,148.940230676081,392100,3.898775845993396,151.66633495095675,-2.3935853206496827,154.03585815429688,161.83340984628367,146.23830646231008,-17.20861486486487,0,0.6537198410616156,1.5512490093135438,-0.8975291682519282
2021-01-06,155.10906982421875,155.5445246110665,148.06938354586367,148.06938354586367,463200,3.9059700327810627,152.2922867460953,3.454972551207547,154.07849655151367,161.89043661707578,146.26655648595155,18.13312930374904,0,0.8670560957703799,1.4144104266049111,-0.5473543308345312
2021-01-07,153.98416137695312,155.71685816620138,152.9499806045699,155.71685816620138,471000,3.888137224514095,152.59990031534218,3.7340323285277366,153.99458236694335,161.77085681597154,146.21830791791515,1.6839378238342029,0,0.9345826175321861,1.3184448647903662,-0.3838622472581801
2021-01-08,153.3944854736328,156.85082604855612,151.52570392285446,155.09091510084784,404100,3.8087115465517116,152.74437034412227,1.525068393778084,153.79727020263672,161.41469329574014,146.1798471095333,-14.203821656050952,0,0.9297978247156493,1.2407154567754228,-0.3109176320597735
2021-01-11,153.49427795410156,155.22698858231067,152.18794143529294,152.18794143529294,262100,3.660622440759784,152.88071718230032,2.297457024628402,153.558683013916,160.87992789543557,146.23743813239645,-35.139816877010645,0,0.9234137225211043,1.1772551099245592,-0.25384138740345485
2021-01-12,156.224853515625,157.23181987062057,153.42166792690975,154.03855507531003,271200,3.260618766706006,153.48874197017753,3.187723844554924,153.30966262817384,159.83090016158584,146.78842509476183,3.4719572682182287,0,1.1257123912648979,1.166946566192627,-0.041234174927729184
2021-01-13,155.3993377685547,156.94153505553066,154.45586645346273,155.66241286382336,223600,3.046540685910135,153.8361230244279,2.8334750658192798,153.14274368286132,159.23582505468158,147.04966231104106,-17.551622418879052,0,1.2055267599871797,1.1746626049515376,0.030864155035642105
2021-01-14,156.05250549316406,159.0734049009436,155.74405496275625,156.5877363062839,377100,2.7221479055093525,154.23910165510722,2.06478697649799,152.95904006958008,158.40333588059877,147.5147442585614,68.64937388193202,0,1.3064257361915566,1.2010152311995415,0.1054105049920151
2021-01-15,155.55357360839844,156.56054019391476,152.51452644386805,155.3539936478517,297100,2.485632599376544,154.4780965557056,0.580711303762893,152.8161590576172,157.7874242563703,147.8448938588641,-21.21453195438876,0,1.3307887639351748,1.226969937746668,0.10381882618850669
2021-01-19,154.7371063232422,157.6219210248338,154.50123156788663,157.08669019792194,310000,2.489227681573733,154.52518924071225,3.9744113173723727,152.82069396972656,157.79914933287404,147.8422386065791,4.341972399865357,0,1.269579628862175,1.2354918759697695,0.03408775289240551
2021-01-20,152.8229522705078,154.9820228286268,152.65058652862805,154.43772525904325,280900,2.4768542242400433,154.21569160976597,1.7516320240837269,152.7680778503418,157.72178629882188,147.8143694018617,-9.387096774193548,0,1.054459560095495,1.1992854127949146,-0.14482585269941972
2021-01-21,151.398681640625,154.37421937676575,151.2535300821756,152.26957714890708,295800,2.409068124684753,153.70350797901307,-2.3921155531385963,152.84155883789063,157.65969508726013,148.02342258852113,5.304378782484864,0,0.7602845322096528,1.1114852366778623,-0.3512007044682095
2021-01-22,152.07911682128906,152.92279843570796,149.21243483706502,151.1084448521362,312000,2.186394105117575,153.40816413215416,-1.2371691598855539,153.0234489440918,157.39623715432694,148.65066073385665,5.476673427991896,0,0.5754210400761792,1.0042723973575256,-0.4288513572813464
2021-01-25,151.05397033691406,153.46706340956956,150.11957954844652,151.58013442479944,280800,2.1880970902736183,152.98012889665594,-1.5258143925395928,153.02163467407226,157.3978288546195,148.64544049352503,-9.999999999999998,0,0.3422493988809947,0.8718677976622196,-0.5296183987812249
2021-01-26,145.94659423828125,153.93881887714124,145.87401844004106,152.99534734243673,466400,2.629135902672599,151.70130441331509,-4.917241096164671,152.81661376953124,158.07488557487645,147.55834196418604,66.0968660968661,0,-0.25176122700477777,0.6471419927288202,-0.898903219733598
2021-01-27,148.0512237548828,150.96326683782567,145.01219033941825,145.14826129741783,758000,2.823518643320658,151.0376533845092,-5.231965066252853,152.64924087524415,158.29627816188545,147.00220358860284,62.52144082332762,1,-0.5463944200125468,0.40843471018054683,-0.9548291301930936
2021-01-28,146.917236328125,149.3393960031756,146.30942971385377,148.73158938890435,379800,3.087328331417092,150.2884866469848,-5.458260995334852,152.43922958374023,158.61388624657442,146.26457292090603,-49.894459102902374,0,-0.8614662101730062,0.15445452610983626,-1.0159207362828424
2021-01-29,142.72608947753906,146.98981653005197,142.51744274515394,146.30943411180792,346200,3.77014809736992,148.9135053434492,-8.539700130741423,151.93075714111328,159.47105333585313,144.39046094637342,-8.846761453396523,0,-1.432836549973075,-0.16300368910674604,-1.269832860866329
2021-02-01,143.125244140625,144.9033023768227,141.84612191895053,143.34295764735072,421800,4.189787072657224,147.86109421566297,-7.989742170155079,151.35424575805663,159.73381990337109,142.97467161274218,21.837088388214898,0,-1.832321355325547,-0.4968672223505063,-1.3354541329750407
2021-02-02,144.80349731445312,146.40920347128954,143.33387592755315,145.066586230882,448800,4.408281665975354,147.3051675063521,-6.419668329610606,151.1533058166504,159.9698691486011,142.3367424846997,6.401137980085347,0,-1.9905491250789566,-0.7956036028961964,-1.1949455221827603
2021-02-03,146.2368927001953,146.65420010547254,144.2138923769712,144.80355174108698,309600,4.540409643016511,147.11093572341449,-4.309601059567736,150.9555435180664,160.03636280409944,141.87472423203337,-31.016042780748666,0,-1.9774874993840683,-1.0319803821937708,-0.9455071171902976
2021-02-04,146.28224182128906,147.3254894818071,145.13012354471107,146.85376756774593,549400,4.544420512794802,146.9602641048462,-3.3794480664506854,150.51420211791992,159.60304314350952,141.42536109233032,77.4547803617571,0,-1.9411009681753626,-1.2138044993900892,-0.7272964687852734
2021-02-05,148.68621826171875,150.3826476776328,146.96258850144537,147.68833244771315,405400,4.485537553900995,147.2740739515503,-2.2310088528179506,150.2493049621582,159.22038006996019,141.2782298543562,-26.21041135784492,0,-1.698701992998366,-1.3107839981117446,-0.3879179948866214
2021-02-08,149.7023162841797,150.8181398489896,148.63184048448682,149.82023985287074,296600,4.424848057454207,147.71557255748291,-0.8948153098654821,150.06469650268554,158.91439261759396,141.2150003877771,-26.837691169215596,0,-1.408373586233182,-1.3303019157360323,-0.0780716704971498
2021-02-09,151.69805908203125,151.7162064883434,149.23053783535437,149.98349600953443,346200,4.369456491381612,148.4396610164917,3.940800999000915,149.97488555908203,158.71379854184525,141.2359725763188,16.72285906945381,0,-1.0056539151642596,-1.2653723156216778,0.25971840045741823
2021-02-10,152.19703674316406,153.4035833986721,151.41686423818962,152.5236209043724,321700,4.153727188675769,149.12282023952304,2.800255805480645,149.77349472045898,158.08094909781053,141.46604034310744,-7.076834199884463,0,-0.6388678760864082,-1.140071427714624,0.5012035516282158
2021-02-11,154.70083618164062,163.06500617313003,153.79365951308358,154.67362198897732,742400,4.106603989794135,150.13700495627168,5.297948728174906,149.7385696411133,157.95177762070156,141.525361661525,130.7740130556419,1,-0.14448606261603913,-0.9409543546949071,0.7964682920788679
2021-02-12,159.78102111816406,160.38882778717883,154.60103657242863,154.88225910739197,429100,4.476310067206318,151.8904624402521,11.949414226267962,149.92499542236328,158.8776155567759,140.97237528795065,-42.200969827586206,0,0.6497535988582399,-0.6228127639842778,1.2725663628425177
2021-02-16,158.9010467529297,162.38460135935284,158.57446264342656,161.14177392377323,616700,4.7519414913533335,153.1651141334662,11.022376036476466,150.09236907958984,159.59625206229651,140.58848609688317,43.719412724306686,0,1.1944191552212828,-0.25936638014316565,1.4537855353644484
2021-02-17,161.85845947265625,162.62956517756226,157.30442872259815,158.66519372484356,431600,5.347747318898623,154.74572237695529,11.778004312400569,150.44843673706055,161.1439313748578,139.7529420992633,-30.01459380574023,0,1.8434587778176024,0.16119865144898798,1.6822601263686143
2021-02-18,161.86752319335938,162.0943173561091,160.1529598766683,160.8787039659508,371600,5.911792962811813,156.0405952526651,10.68856853052047,150.90066528320312,162.72425120882676,139.0770793575795,-13.9017608897127,0,2.3316805592489516,0.5952950330089808,1.7363855262399708
2021-02-19,165.2240753173828,165.3147846701376,162.2122424206345,162.48439816373116,418400,6.725409805032724,157.71031890079558,12.948826364880794,151.59193496704103,165.04275457710648,138.14111535697558,12.594187298170079,0,2.9553777875374863,1.067311583914682,1.8880662036228042
2021-02-22,172.9441680908203,174.63151733145995,165.28759441485147,166.14034274024394,665200,8.250373512616704,160.48010966261825,16.314860995658997,152.63518753051758,169.135934555751,136.13444050528418,58.9866156787763,0,4.026197799746768,1.6590888270810993,2.367108972665669
2021-02-23,169.11585998535156,174.00554130202462,166.05867927519458,173.60638138353434,587500,9.020751872977176,162.0502460849334,12.968098412264496,153.53828201293945,171.5797857588938,135.4967782669851,-11.680697534576067,0,4.51388465218389,2.2300479921016576,2.2838366600822324
2021-02-24,170.63992309570312,172.57219983065434,169.6783042771523,169.6783042771523,341800,9.598381724007105,163.612005541437,12.486556603488896,154.77294845581054,173.96971190382476,135.5761850077963,-41.821276595744685,0,4.966112894068004,2.7772609724949273,2.188851921573077
2021-02-25,167.2355194091797,171.96335512211442,166.20416861451207,170.74032947784838,288500,9.846671717949933,164.2708262446629,9.880930002200628,155.7321632385254,175.42550667442526,136.03881980262554,-15.593914569923928,0,4.992252528595628,3.220259283715068,1.7719932448805604
2021-02-26,160.5544891357422,166.13113632005107,160.43583262326092,165.32794871584687,579400,9.67480474960535,163.59512858849553,3.7838534674942137,156.41402587890624,175.76363537811693,137.06441637969556,100.83188908145581,0,4.422880852596961,3.4607835974914467,0.9620972551055145
2021-03-01,162.83627319335938,164.9172467737941,162.30690076650183,162.5350778163462,473100,9.211262485910916,163.45715488028895,1.912149549310893,157.41953506469727,175.84206003651911,138.99701009287543,-18.346565412495686,0,4.108411391922488,3.5903091563776552,0.5181022355448324
2021-03-02,163.94976806640625,164.64342124093454,161.85053655364354,162.735864565866,283300,8.671592840086195,163.54672091412846,3.1772737918628557,158.46076126098632,175.8039469411587,141.11757558081393,-40.11836820968083,0,3.904038483638004,3.6530550218297253,0.2509834618082789
2021-03-03,166.32278442382812,167.55494586481063,163.3747413152469,164.60690275622937,398500,8.210617289196604,164.05145973407383,2.7581659715018247,159.53672561645507,175.95796019484828,143.11549103806186,40.66360748323332,0,3.8887272423132515,3.7001894659264307,0.1885377763868208
2021-03-04,163.7124481201172,168.49504359762886,162.06958467475266,167.15336157091284,465400,7.630106021505376,163.98982125880897,1.1397746072595139,160.41050338745117,175.6707154304619,145.15029134444043,16.787954830614815,0,3.6241833196994264,3.68498823668103,-0.06080491698160362
2021-03-05,169.40773010253906,170.54861508681702,163.47512818429365,165.16364353175248,354400,7.110980180261275,164.9748955940326,2.532109668109661,161.56677780151367,175.78873816203622,147.3448174409911,-23.8504512247529,0,3.8299428168795373,3.7139791527207318,0.11596366415880555
2021-03-08,174.4185333251953,177.15665777973953,171.05976008567407,171.48873403103167,364000,6.98459186696448,166.69192063606218,0.8525093679948581,162.8533935546875,176.82257728861646,148.88420982075854,2.708803611738153,0,4.347226522553001,3.840628626687186,0.506597895865815
2021-03-09,168.93312072753906,173.66095541927945,168.00216859292,173.1772212924228,442500,6.376053079410532,167.09941156178525,-0.10805565949185691,163.81493377685547,176.56703993567652,151.06282761803442,21.565934065934055,0,4.265381964819682,3.925579294313685,0.33980267050599666
2021-03-10,171.4613494873047,172.86691387665758,167.39066510852496,168.4220297497726,310400,5.914062825710237,167.89249118460697,0.48137995886277096,164.80309829711913,176.6312239485396,152.97497264569867,-29.853107344632768,0,4.354332460653012,4.011329927581551,0.343002533071461
2021-03-11,173.3323974609375,173.9439102126531,170.4482365416776,170.87721045997094,391400,5.409774903930731,168.8815650530307,3.6456836880689236,165.8598663330078,176.67941614086925,155.04031652514635,26.095360824742265,0,4.5236583859329755,4.113795619251836,0.4098627666811394
2021-03-12,178.06024169921875,179.01858810698175,175.7419689690277,176.41736413259963,335100,5.395367113812345,170.5504153523376,10.90330931119352,167.02783660888673,177.8185708365114,156.23710238126205,-14.384261624936123,0,4.981919453112852,4.287420386024039,0.6944990670888123
2021-03-15,180.9718017578125,181.49205217698784,178.10589823470616,178.61701265765657,438400,5.94959136002909,172.44521288060577,11.137278082333758,168.08737564086914,179.98655836092732,156.18819292081096,30.826618919725448,0,5.516443092151718,4.5332249272495755,0.9832181649021425
2021-03-16,178.09671020507812,180.6522813733441,176.8828069367426,180.28720375696847,421700,5.937966934050996,173.47275784869166,8.628827174029174,169.04715881347656,180.92309268157854,157.17122494537458,-3.8093065693430628,0,5.643011937993663,4.755182329398393,0.8878296085952702
2021-03-17,180.66146850585932,181.8388559897483,176.95587533611658,178.5439787363936,287100,6.221637577927407,174.77979614999487,8.620998098187794,169.98730926513673,182.43058442099155,157.5440341092819,-31.91842542091534,0,5.8824638390661335,4.980638631331941,0.9018252077341922
2021-03-18,181.1451873779297,182.79718689870592,179.73048696214846,181.0174087941907,333800,6.388528412126218,175.93714000961936,10.64838957451908,170.95119247436523,183.72824929861767,158.1741356501128,16.266109369557636,0,6.041619240367055,5.192834753138964,0.848784487228091
2021-03-19,180.04078674316406,180.77095597588405,177.2114001157512,180.77095597588405,594900,6.546580933048605,176.68325759753657,6.276606524500994,171.6920280456543,184.7851899117515,158.5988661795571,78.22049131216298,0,6.009362945845282,5.356140391680228,0.6532225541650547
2021-03-22,178.95469665527344,180.01342754263737,176.20743616455434,179.38365668028885,298100,6.7421255991727245,177.09624651712505,2.6007347061109964,171.99255447387696,185.4768056722224,158.50830327553152,-49.89073793914943,0,5.8289684864782885,5.4507060106398395,0.37826247583844896
2021-03-23,174.76535034179688,178.17888379112446,173.51494464948365,176.50862622758513,462800,6.7336002843002545,176.67244721251993,3.452389672990308,172.27502899169923,185.74222956029973,158.80782842309873,55.24991613552499,0,5.287013936480662,5.417967595808005,-0.13095365932734282
2021-03-24,177.17489624023438,181.71105672210712,176.32608437138876,176.34434243334414,285700,6.80822226215824,176.76380158119528,3.3322651256473046,172.60177764892578,186.21822217324225,158.9853331246093,-38.267070008643046,0,4.994369287366624,5.333247934119729,-0.33887864675310553
2021-03-25,182.6694183349609,182.9249755164571,175.76022451258987,177.69516143729552,330600,7.038751073177107,177.83755008187993,5.3867718965392,173.37347259521485,187.45097474156907,159.29597044886063,15.715785789289471,0,5.146482857157224,5.295894918727228,-0.14941206157000408
2021-03-26,185.42578125,185.8638772392264,181.920985482548,183.12575293462564,242500,6.849276047557302,179.21722847608356,4.136543610461452,174.61703720092774,188.31558929604233,160.91848510581315,-26.648517846339992,0,5.426891580475996,5.322094251076982,0.10479732939901343
2021-03-29,189.25914001464844,190.2813685643957,185.5900497888492,185.64481004304,433900,7.00389156785053,181.04303057400443,4.579353344741821,175.93818054199218,189.94596367769324,161.93039740629112,78.9278350515464,0,5.890535107544139,5.435782422370414,0.4547526851737249
2021-03-30,187.7166748046875,189.60598727215057,186.1285576839281,189.03097670782347,267300,6.87789382314313,182.25642043412861,5.40153975249289,177.12652587890625,190.8823135251925,163.37073823262,-38.39594376584466,0,6.063614320178488,5.561348801932029,0.5022655182464586
2021-03-31,187.8809814453125,189.9071946869373,187.1873143263432,187.63454634110911,383500,6.784280350335166,183.2790678907075,3.996155350203545,178.20443572998047,191.7729964306508,164.63587502931014,43.4717545828657,0,6.143223756449828,5.677723792835589,0.4654999636142394
2021-04-01,186.40237426757807,188.3738271367296,184.8507732587688,188.01787152925675,247300,6.095509958890993,183.84694177741122,2.9021951760054954,179.33893203735352,191.52995195513552,167.14791211957152,-35.51499348109518,0,6.017636004233992,5.74570623511527,0.2719297691187226
2021-04-05,189.47817993164065,189.98929416598028,187.65276399367423,188.1821223600843,356400,6.026188547081053,184.87080325999838,5.24180845862412,180.3424545288086,192.39483162297068,168.2900774346465,44.11645774363122,0,6.096027407987464,5.815770469689709,0.28025693829775467
2021-04-06,189.268295288086,191.1302278181624,188.0543917088748,188.3282069546886,308800,6.170967846166792,185.6703472651052,5.763245573084896,181.08494262695314,193.42687831928671,168.74300693461956,-13.355780022446684,0,6.071231842120568,5.866862744175881,0.20436909794468683
2021-04-07,187.132553100586,189.71551886695005,185.97340983682332,189.4599616960637,289300,5.600196843536202,185.93620287155625,7.076461515169918,181.99491424560546,193.19530793267785,170.79452055853307,-6.314766839378239,0,5.812244693311811,5.8559391340030675,-0.043694440691256275
2021-04-08,188.6020050048828,188.8849422932592,185.12458930251668,186.37499496798148,263600,5.200655056139732,186.42089416852468,6.449620689577951,182.85194702148436,193.25325713376384,172.4506369092049,-8.883511925337018,0,5.660319361758127,5.816815179554079,-0.15649581779595234
2021-04-09,188.8119201660156,190.2357425735404,187.5432564642524,189.42343292171816,233400,4.849352220088353,186.85562616806848,3.362632829864931,183.62592315673828,193.32462759691498,173.92721871656158,-11.456752655538693,0,5.493529848616902,5.752158113366644,-0.258628264749742
2021-04-12,191.9151153564453,192.1524144231577,189.3869102930244,189.50556678978995,224100,4.999706008037127,187.7755332932279,3.4996935500010595,184.31866683959962,194.31807885567386,174.31925482352537,-3.984575835475579,0,5.547798309653132,5.711286152623942,-0.16348784297081043
2021-04-13,188.15481567382807,192.0155819168312,187.66195930601063,189.8707117818295,366400,5.004623602892911,187.8444937260643,-0.5834985516339652,184.67781753540038,194.6870647411862,174.66857032961457,63.49843819723338,0,5.227126635673272,5.614454249233808,-0.3873276135605357
2021-04-14,189.71551513671875,191.42227490732708,187.7897003981629,187.7897003981629,428400,4.873108176800202,188.18467943709237,1.0648176748874194,185.2587577819824,195.0049741355828,175.512541428382,16.921397379912673,0,5.040819992008835,5.4997273977888135,-0.45890740577997846
2021-04-15,190.1627655029297,190.4548248949072,188.30996890811284,189.5512387325452,345600,4.864462828355307,188.54433144906278,1.2144837865249114,185.73382263183595,195.46274828854655,176.00489697512535,-19.327731092436974,0,4.873086098214429,5.374399137873937,-0.5013130396595074
2021-04-16,189.8980407714844,191.66869667380985,188.18214512563165,191.4952799104328,274100,4.823470527454837,188.7904604167758,1.8753336794349762,186.17146530151368,195.81840635642334,176.52452424660402,-20.68865740740741,0,4.665019267254877,5.232523163750125,-0.5675038964952481
2021-04-19,191.668701171875,192.344110180136,187.8718321300333,190.8837716480983,359500,4.7457762583152165,189.3137769177029,1.1560810015299072,186.75286102294922,196.24441353957965,177.26130850631878,31.156512221816858,0,4.590090593830496,5.1040366497662,-0.5139460559357039
2021-04-20,189.4508514404297,191.66872572465465,187.9813906528011,191.32189214533167,289100,4.406244224241669,189.3386995581987,0.0964536358642798,187.27766876220704,196.0901572106904,178.4651803137237,-19.582753824756605,0,4.302154582299181,4.943660236272796,-0.6415056539736153
2021-04-21,190.36355590820312,191.21236784910263,189.1587743996493,189.40520951309384,319400,3.3220488406140443,189.5250370763813,1.726585115247392,188.05757904052734,194.70167672175543,181.41348135929925,10.48080249048773,0,4.100344621038062,4.77499711322585,-0.6746524921877883
2021-04-22,186.0920562744141,191.5226667518257,185.8456211848288,189.9163054894332,448900,2.1901558361717526,188.9008587487509,-1.3308176285844575,188.50343704223633,192.88374871457984,184.12312536989282,40.544771446462114,0,3.5547574199638063,4.530949174573442,-0.9761917546096353
2021-04-23,188.1365509033203,189.0948833982525,186.53017551391932,187.11430822093183,298400,1.7128496321336824,188.76189368594532,-0.35769418694616695,188.77679367065429,192.20249293492165,185.35109440638692,-33.52639786143907,0,3.24988659271051,4.2747366582008555,-1.0248500654903454
2021-04-26,188.90321350097656,189.92544220800795,187.57978942273309,189.2591691348051,302100,1.5204793974065574,188.78758819776917,-1.5693927233791483,188.95066528320314,191.99162407801626,185.90970648839001,1.2399463806970434,0,3.0351502077215855,4.026819368105001,-0.9916691603834158
2021-04-27,189.34130859375,190.90204570471988,188.4377364113972,188.70241565501027,376000,1.5214674757093016,188.88826463340203,0.6305939689466911,188.95477371215821,191.99770866357682,185.9118387607396,24.462098642833507,0,2.867268600584339,3.7949092146008687,-0.9276406140165299
2021-04-28,191.8877868652344,192.1798462623301,188.7024300695101,188.7024300695101,249000,1.6251667246217012,189.433632311917,1.1450153283194542,189.16332931518554,192.41366276442895,185.91299586594212,-33.77659574468085,0,2.9061998690643236,3.61716734549356,-0.7109674764292362
2021-04-29,194.37945556640625,195.7120016646504,192.51752314381216,192.51752314381216,288100,1.9686252147615966,190.33287290364228,2.217410991223523,189.48825302124024,193.42550345076344,185.55100259171704,15.70281124497992,0,3.102348082706925,3.514203492936233,-0.41185541022930794
2021-04-30,193.7862091064453,194.62589896795012,192.36237263503617,193.5306380012013,227200,2.050134109469096,190.9607522132428,2.047503133347117,189.8574447631836,193.9577129821218,185.7571765442454,-21.138493578618533,0,3.1733465600345028,3.446032106355887,-0.2726855463213842
2021-05-03,196.3600311279297,197.2362370810429,192.94649762816312,194.5985110806664,243700,2.5092433467764965,191.9424392886404,2.4476244307868766,190.20153732299804,195.22002401655104,185.18305062944503,7.262323943661975,0,3.398127789739675,3.436451243032645,-0.03832345329296993
2021-05-04,195.67550659179688,197.3731443674756,194.77192047791544,195.83980130651244,240800,2.77839903086008,192.6211787983052,3.285630602364664,190.5218978881836,196.07869594990376,184.96509982646342,-1.1899876897825235,0,3.4809073908743073,3.445342472600978,0.035564918273329305
2021-05-05,194.2881622314453,195.57508395143705,191.4313954451248,195.3469069341401,333900,2.7796958772633324,192.92426669523974,2.0616374308193297,190.87967834472656,196.43907009925323,185.32028659019988,38.662790697674424,0,3.3954233984488837,3.4353586577705597,-0.039935259321675964
2021-05-06,199.25331115722656,203.52479248027012,195.9036739657047,195.9949503501317,535400,3.2932537799936217,194.0750020519646,7.072443147924967,191.41224365234376,197.998751212331,184.82573609235652,60.34740940401318,1,3.6858347329533956,3.4854538728071267,0.20038086014626888
2021-05-07,198.04855346679688,198.8061029292321,195.94018586741063,197.437040655949,215400,3.5472602082273945,194.79746594557045,5.2685150843283735,191.87407531738282,198.96859573383762,184.77955490092802,-59.7683974598431,0,3.775255139577041,3.54341412616111,0.23184101341593122
2021-05-10,200.2207794189453,204.25494771048304,199.1529125706107,199.84657966741744,270600,4.008508234210051,195.7835229407295,5.9911981952124105,192.28935852050782,200.30637498892793,184.2723420520877,25.6267409470752,0,3.9755739940595163,3.6298460997407913,0.34572789431872497
2021-05-11,195.9584197998047,199.2989346776943,194.2607822329116,199.2989346776943,234500,3.9644298804514846,195.81532236965228,3.494805890590058,192.67953872680664,200.60839848770962,184.75067896590366,-13.340724316334073,0,3.7471959874227707,3.6533160772771875,0.09387991014558317
2021-05-12,193.62191772460932,198.3132373333131,193.57627952907205,196.99893529204132,231800,3.90651968231031,195.416521525099,0.9037213299003755,192.87485885620117,200.68789822082178,185.06181949158056,-1.1513859275053329,0,3.339176631638537,3.5904881881494575,-0.2513115565109203
2021-05-13,196.49691772460932,197.40050374348496,191.7690965235827,192.6179083587645,185100,3.9317520562738335,195.61295719773722,1.0893446285426434,193.19156646728516,201.05507057983283,185.32806235473748,-20.14667817083693,0,3.2107947815894704,3.51454950683746,-0.30375472524798974
2021-05-14,197.33660888671875,197.7838269073312,195.6845956573009,197.40961327336703,132000,3.9555574547451213,195.92634841391566,1.832122005298742,193.56349487304686,201.4746097825371,185.65237996355663,-28.6871961102107,0,3.140604367484684,3.4397604789669054,-0.2991561114822212
2021-05-17,197.91162109375,199.0890223419609,195.72112722412191,197.56480148593147,185100,4.043510178972411,196.28730708297644,0.7901760642976541,193.87564086914062,201.96266122708545,185.7886205111958,40.227272727272734,0,3.0956914342884545,3.3709466700312154,-0.2752552357427609
2021-05-18,194.7445373535156,198.8973623033639,194.60763669904145,197.45528172667616,130800,3.909668049352435,196.0068034958017,-0.4757719831656737,194.14032516479492,201.95966126349978,186.32098906609005,-29.3354943273906,0,2.772579847129805,3.2512733054509337,-0.47869345832112886
2021-05-19,194.57110595703125,194.74452272421905,191.17584463973185,194.142145962962,207100,3.8076169717607344,195.7457675796616,0.14563096502446804,194.35070266723633,201.9659366107578,186.73546872371486,58.33333333333333,0,2.4739984085009894,3.0958183260609453,-0.6218199175599559
2021-05-20,194.00521850585932,195.09134330036068,193.2476691624104,194.57109303335304,209200,3.2786727522307575,195.42930411169755,-2.6338797688667204,194.7463607788086,201.30370628327012,188.18901527434707,1.014002897151145,0,2.166731348986076,2.910000930645972,-0.743269581659896
2021-05-21,195.01834106445312,197.03543212437305,194.08737488858085,194.7901640359329,159100,2.8860885951565804,195.3545835576531,-1.5300351097246256,195.09045028686523,200.8626274771784,189.31827309655208,-23.948374760994263,0,1.9821218472142164,2.7244251139596214,-0.742303266745405
2021-05-24,197.0993194580078,197.48265520444247,194.5163537583163,195.8306557042759,289700,2.519977953766616,195.67180826680848,-1.559008994968547,195.5002555847168,200.54021149225002,190.46029967718357,82.08673790069139,0,1.980900464431926,2.5757201840540827,-0.5948197196221567
2021-05-25,193.38462829589844,198.1489664708392,192.72747724233264,197.07196349484195,288900,2.132225399595045,195.25595736300664,-1.3134375683043875,195.70242156982422,199.9668723690143,191.43797077063414,-0.2761477390403888,0,1.6610405366201633,2.392784254567299,-0.7317437179471358
2021-05-26,194.2060089111328,194.3337874752347,190.2631175568328,193.1290201461054,523300,1.9708457065540865,195.0650576444841,0.3016658410305961,195.81833267211914,199.76002408522731,191.87664125901097,81.13534094842505,1,1.4570320321525116,2.2056338100843416,-0.7486017779318299
2021-05-27,197.85821533203125,198.840080392584,195.26133598707744,196.6928421503844,559700,1.990584265556304,195.5729044967654,0.6927831862125089,195.99227066040038,199.973439191513,192.01110212928776,6.955857060959292,1,1.571936057588232,2.0788942595851196,-0.5069582019968877
2021-05-28,198.39959716796875,198.6565309050531,196.87633715394125,198.54640644498943,240200,1.988790091212743,196.08684861880238,0.538667552486527,196.22294006347656,200.20052024590206,192.24535988105106,-57.084152224405926,0,1.6872339327184989,2.0005621942117955,-0.3133282614932966
2021-06-01,200.12469482421875,202.5472225928513,198.5922638116592,200.85879711813337,253000,2.1721526568302982,196.8210024743326,1.1182131287886365,196.41117324829102,200.7554785619516,192.06686793463044,5.328892589508749,0,1.8959539164932835,1.9796405386680933,-0.08368662217480982
2021-06-02,200.88633728027344,201.023989345016,198.2344032542158,200.04212449016845,250300,2.381672852909013,197.56015425723092,3.1537726347665274,196.67171478271484,201.43506048853288,191.9083690768968,-1.067193675889333,0,2.0986324596318013,2.003438922860835,0.09519353677096642
2021-06-03,202.43711853027344,202.4462897335707,196.64691083270435,200.73033659390435,306000,2.6359181877435867,198.44687503414775,4.042744442733093,197.07916259765625,202.35099897314342,191.80732622216908,22.253296044746307,0,2.3572191961690407,2.074194977522476,0.2830242186465646
2021-06-04,203.9420166015625,205.0982182691936,201.7488949133672,201.75806611642253,242500,3.0199849628392554,199.44599168276858,5.121923096827974,197.31359786987304,203.35356779555156,191.27362794419452,-20.75163398692811,0,2.653001594343266,2.1899563008866343,0.4630452934566316
2021-06-07,203.0519256591797,204.3916634410013,201.0698535991575,204.0521328925089,355100,3.280102965032037,200.10161604211606,4.119399514362332,197.5637664794922,204.12397240955627,191.0035605494281,46.43298969072165,0,2.7835018984281987,2.3086654203949473,0.47483647803325146
2021-06-08,204.3182830810547,204.9973162782952,201.198351249384,202.70325493228984,163900,3.569953071417449,200.86828277646853,3.662602003344251,197.76864166259764,204.90854780543253,190.62873551976276,-53.84398760912419,0,2.9550448723374814,2.4379413107834544,0.5171035615540269
2021-06-09,202.8225555419922,205.54790160756104,202.4922101400493,204.5018101683819,280100,3.713815303372922,201.2236050974728,4.880391647082072,198.11184844970703,205.53947905645288,190.68421784296117,70.89688834655277,0,2.9364516166165515,2.537643371950074,0.3988082446664776
2021-06-10,202.56561279296875,205.66718815120268,202.3362066629654,205.00649737664588,144600,3.6830558885044895,201.46760649665387,4.3045032070357925,198.559033203125,205.92514498013398,191.19292142611604,-48.37558014994645,0,2.867923557464451,2.6036994090529495,0.2642241484115013
2021-06-11,202.7949981689453,203.9603851106117,201.75807808686,203.2446391783977,157800,3.7657801383668996,201.70895043707048,2.4951113748951537,198.8739372253418,206.4054975020756,191.34237694860798,9.12863070539418,0,2.799849141597406,2.642929355561841,0.1569197860355649
2021-06-14,201.69386291503903,202.81336589751507,200.2715421748273,202.795009487454,185800,3.7980619732559466,201.70620725124655,1.6604195744819528,199.0917999267578,206.68792387326968,191.49567598024592,17.743979721166035,0,2.626767523252113,2.6396969890998956,-0.012929465847782762
2021-06-15,201.9599609375,202.70323449838423,201.11574812749333,201.7030272127953,199000,3.8395058140907516,201.7523442851108,0.9170612926572064,199.29421691894532,206.97322854712684,191.6152052907638,7.104413347685679,0,2.4824547867590354,2.6082485486317237,-0.12579376187268831
2021-06-16,198.9318084716797,202.59313525404383,198.79417039791505,201.71222357827293,221300,3.6895969455812163,201.2395195917597,-0.9729525835631248,199.50358047485352,206.88277436601595,192.1243865836911,11.206030150753765,0,2.0995371493641812,2.506506268778215,-0.4069691194140339
2021-06-17,194.2060394287109,199.41815362299263,192.8296027438537,198.9409849850608,223600,3.716091320786694,199.9607050166599,-4.065993016162994,199.4853271484375,206.91750979001088,192.05314450686413,1.0393131495707086,0,1.3986196790388874,2.28492895083035,-0.8863092717914625
2021-06-18,190.11343383789065,192.8846636995556,190.0492074049789,191.77434591515737,373300,4.10019802781603,198.17029207506545,-6.780644319453055,199.29073791503907,207.49113397067114,191.090341859407,66.94991055456173,0,0.5070534693563786,1.9293538545355557,-1.4223003851791771
2021-06-21,195.49989318847656,196.26152316732248,191.48986479374145,191.48986479374145,233100,4.075126008697056,197.68476500477655,-3.719261684510755,199.31481552124023,207.46506753863434,191.16456350384613,-37.556924725421915,0,0.23244361259364155,1.589971806147173,-1.3575281935535315
2021-06-22,194.1693115234375,194.9584689979416,191.64584464589765,194.407888805744,232100,4.209418818546918,197.0455916445331,-4.967236120318718,199.1683151245117,207.58715276160555,190.74947748741786,-0.4290004290004257,0,-0.09149875686853193,1.2536776935440321,-1.345176450412564
2021-06-23,192.2331695556641,194.3253523826944,192.2331695556641,193.89406772957645,146800,4.2995951270648245,196.17060581019325,-5.221010039061302,199.1107421875,207.70993244162963,190.51155193337036,-36.75140025850926,0,-0.4987071092111819,0.9032007329929894,-1.4019078422041713
2021-06-24,193.6829833984375,194.4170716963856,191.0218643119472,192.67359098600377,215700,4.3324620814236905,195.71831082623765,-4.385062830782493,199.08459091186523,207.7495150747126,190.41966674901786,46.93460490463215,0,-0.6964070546805203,0.5832791754582876,-1.279686230138808
2021-06-25,195.71095275878903,196.1697650100056,193.2975958368016,193.5361871686109,244300,4.390667294624782,195.71697299579245,-3.4932051944667197,198.97722778320312,207.75856237245267,190.19589319395357,13.259156235512283,0,-0.6815885780295048,0.3303056247607291,-1.0118942027902338
2021-06-28,193.7655639648437,195.1786993238821,192.56347828890452,195.1786993238821,135400,4.542404278696177,195.36217135380176,-3.9308578038068642,198.7455261230469,207.83033468043925,189.66071756565452,-44.576340564879246,0,-0.8173989792811653,0.10076470395235021,-0.9181636832335156
2021-06-29,190.7098999023437,195.01356101124088,190.5447202127846,194.0133396733026,236300,4.868116247978173,194.51630381717302,-5.570441281001159,198.2747863769531,208.01101887290946,188.53855388099674,74.51994091580502,0,-1.1582447290734024,-0.1510371826528003,-1.007207546420602
2021-06-30,193.38934326171875,194.0592051565356,188.8929892800934,190.65482645663448,204800,4.944479487365611,194.31140189799953,-2.786113117123734,197.89993667602536,207.7888956507566,188.01097770129414,-13.330512060939482,0,-1.1983449803955182,-0.36049874220134387,-0.8378462381941743
2021-07-01,194.6740264892578,194.89426140360143,193.13242409436745,194.60980005705653,186300,4.873758238995342,194.37733364186465,0.24097451445050933,197.5117820739746,207.25929855196526,187.76426559598391,-9.033203125,0,-1.1136243502556908,-0.5111238638122133,-0.6025004864434775
2021-07-02,194.5088653564453,195.9587137389981,192.93055010464548,195.2888517780557,116100,4.670947405777807,194.40124849906113,2.312004696260783,197.04012451171872,206.38201932327433,187.6982297001631,-37.68115942028986,0,-1.0477321594559044,-0.6184455229409516,-0.4292866365149528
2021-07-06,188.90216064453125,194.55473034190143,187.22290630252823,194.462962300632,241200,4.782705433736006,193.40141434369204,-3.3748010990392707,196.3326362609863,205.89804712845833,186.76722539351428,107.75193798449614,0,-1.4314257515522684,-0.7810415686632151,-0.6503841828890533
2021-07-07,189.84732055664065,190.44377084418363,187.3513809501605,187.3513809501605,223500,4.602227612128387,192.75521547331905,-2.225887774379398,195.6090881347656,204.8135433590224,186.40463291050884,-7.33830845771144,0,-1.6403304731512094,-0.952899349560814,-0.6874311235903954
2021-07-08,186.7824249267578,189.0856568280634,185.7546762122818,186.7365409124073,208600,4.676036686226075,191.66925355576245,-2.8354860097793533,194.80708160400388,204.15915497645602,185.45500823155174,-6.666666666666665,0,-2.0298021374925668,-1.1682799071471646,-0.8615222303454022
2021-07-09,189.2324981689453,190.76492918231185,188.0762965066607,190.0124844819847,297400,4.457008907995941,191.22620712179568,-2.2978194322506917,194.14042587280272,203.0544436887946,185.22640805681084,42.56951102588686,0,-2.116364668440326,-1.357896859405797,-0.7584678090345292
2021-07-12,187.8285369873047,188.48004245748012,185.98410301835395,187.6083020949688,196300,4.174939087937645,190.60844891552458,-4.027580296540334,193.39210281372067,201.74198098959596,185.04222463784538,-33.9946200403497,0,-2.2720631026933233,-1.5407301080633022,-0.7313329946300211
2021-07-13,185.9657745361328,188.71864788818587,185.57118874138283,188.23230804947025,195800,4.006801481138018,189.76432630108968,-4.0253744107627165,192.60569839477537,200.6193013570514,184.59209543249935,-0.25471217524197787,0,-2.5167530332961974,-1.7359346931098814,-0.780818340186316
2021-07-14,185.0481109619141,187.55322126212835,183.4697961202829,185.66291753366744,205000,3.701699969950158,188.90683260305775,-2.968796556093223,191.7601058959961,199.16350583589642,184.3567059560958,4.698672114402447,0,-2.752984653982054,-1.9393446852843161,-0.8136399686977378
2021-07-15,184.7912139892578,185.7638936542135,183.2312412416324,183.36889330857227,159000,3.6090776386990124,188.1585383096396,-4.446020203308132,191.053076171875,198.27123144927302,183.834920894477,-22.4390243902439,0,-2.9271865693867483,-2.136913062104803,-0.7902735072819453
2021-07-16,184.2039337158203,186.681516884482,183.84606074703404,185.7730636551764,133500,3.8350931903230374,187.4395192925815,-5.378268977251177,190.55297088623047,198.22315726687654,182.8827845055844,-16.0377358490566,0,-3.0771598688596953,-2.3249624234557817,-0.7521974454039135
2021-07-19,179.22120666503906,182.12090292467,177.77135853522358,181.59785033273212,254300,4.598252028871252,185.94528063302835,-7.8596205182684065,190.00835952758788,199.2048635853304,180.81185546984537,90.48689138576779,0,-3.5570754680092307,-2.5713850323664715,-0.9856904356427592
2021-07-20,186.17681884765625,186.7457415100166,179.8543871256101,179.8543871256101,311200,4.483374486715147,185.98737849023343,-1.4427266409109185,189.54220581054688,198.50895478397717,180.57545683711658,22.375147463625634,1,-3.337677595589895,-2.7246435450111566,-0.6130340505787384
2021-07-21,187.89279174804688,189.4435794277478,185.7730813463118,187.6909132334208,344600,4.360426182823542,186.3338172643813,-1.029526675890402,189.22837982177734,197.94923218742443,180.50752745613025,10.732647814910035,1,-2.9908617365910004,-2.7778871833271257,-0.2129745532638747
2021-07-22,185.51612854003903,187.55325588608,184.9380206710217,187.388090210268,107400,4.375464664977298,186.18514658722816,-0.6779526431436644,188.89252777099608,197.64345710095068,180.14159844104148,-68.83343006384214,0,-2.874647382326515,-2.7972392231270033,-0.0774081591995115
2021-07-23,186.96597290039065,187.38808628836065,184.28651131254168,186.9843293090425,101000,4.244230552695627,186.32711500780317,-1.19774631233327,188.55667724609376,197.045138351485,180.0682161407025,-5.959031657355684,0,-2.635179635768395,-2.764827305655282,0.1296476698868867
2021-07-26,188.26901245117188,188.74618110019625,186.7365812532942,187.3055039490059,157900,3.8959245632614397,186.68018727023383,0.2345093407701615,188.1845802307129,195.9764293572358,180.39273110419,56.33663366336634,0,-2.3135857432657474,-2.674578993177375,0.3609932499116275
2021-07-27,187.5899658203125,189.70050492574669,186.43376401559004,187.9111399892101,115500,3.6683971982909296,186.8456015520663,0.873381829657105,187.87580032348632,195.21259472006818,180.53900592690445,-26.852438252058263,0,-2.089428028886175,-2.557548800319135,0.46812077143296005
2021-07-28,187.9845123291016,190.4253962973016,186.18596256257644,188.8562526029343,122300,3.6076959631658148,187.0526762388,1.5868313120969146,187.73953094482425,194.95492287115587,180.52413901849263,5.887445887445897,0,-1.8585209467892696,-2.4177432296131625,0.5592222828238929
2021-07-29,190.1593170166016,191.3155328222541,188.02125029858004,189.97579492102065,144900,3.4082505547108246,187.6175200165821,2.9049557668125114,187.5780296325684,194.39453074199002,180.76152852314675,18.479149632052327,0,-1.4829424208240027,-2.230783067855331,0.7478406470313281
2021-07-30,188.23228454589844,191.08609679125985,187.73675956337323,189.23249171181268,218800,2.97982109290122,187.7292953855487,2.186897287596934,187.2559425354004,193.21558472120284,181.29630034959797,51.00069013112491,0,-1.3255095001856319,-2.049728354321391,0.724218854135759
2021-08-02,186.66314697265625,191.1319731573891,186.47962489970448,188.82874103789533,135600,2.4427776839575452,187.53545021956825,4.152377079753755,186.86365661621096,191.74921198412605,181.97810124829587,-38.02559414990859,0,-1.3122324656400508,-1.902229176585123,0.5899967109450721
2021-08-03,187.52574157714844,187.7826753145311,183.148668833716,186.39706737351463,227100,2.4013617277346824,187.53368501185554,0.7245384993907145,186.79483566284182,191.59755911831118,181.99211220737246,67.47787610619469,0,-1.2180650488640197,-1.7653963510409023,0.5473313021768826
2021-08-04,183.90109252929688,186.2134957242862,182.157597927802,185.62621672212188,208800,2.371457787384282,186.8732136513903,-2.124455750331622,186.49752426147464,191.2404398362432,181.75460868670606,-8.058124174372526,0,-1.419551868040628,-1.6962274544408475,0.2766755864002195
2021-08-05,186.4613037109375,186.49801653356425,183.9837202535272,185.8281405380999,176500,2.37051422699142,186.79832093494434,0.5094840962544422,186.48146820068362,191.22249665466646,181.7404397467008,-15.469348659003835,0,-1.3570013116744235,-1.6283822258875629,0.27138091421313937
2021-08-06,188.64523315429688,190.57223606798928,188.0120700534273,189.02146253334075,156200,2.338059082425623,187.1341231566448,0.8981635684055078,186.4521049499512,191.12822311480244,181.77598678509997,-11.501416430594901,0,-1.1183134693340833,-1.526368474576867,0.4080550052427838
2021-08-09,188.23228454589844,189.09485366213133,186.96595848148533,187.7734723778457,236200,2.352268880320555,187.33378886378182,-0.01950820519811547,186.4722923278809,191.176830088522,181.7677545672398,51.21638924455827,0,-0.951504781340418,-1.4113957359295775,0.4598909545891594
2021-08-10,189.89321899414065,191.765166840183,187.19540068514868,187.75515219825127,133100,2.4688069439689264,187.7991397965743,1.2278125664964223,186.66866455078127,191.60627843871913,181.73105066284342,-43.649449618966976,0,-0.6774746591910912,-1.2646115205818802,0.587136861390789
2021-08-11,191.71923828125,191.85689032735365,188.5075532311976,190.29693181769528,136600,2.6799651499320722,188.51188497560622,1.9867200259615414,187.00222091674806,192.3621512166122,181.6422906168839,2.6296018031555235,0,-0.30939282937092116,-1.0735677823396885,0.7641749529687674
2021-08-12,190.3978881835937,192.3524185972545,189.14991846320223,191.87526399963195,150600,2.729298306484435,188.85479464978576,0.12545857375543257,187.28255462646484,192.74115123943372,181.82395801349597,10.248901903367491,0,-0.12289063055709448,-0.8834323519831697,0.7605417214260752
2021-08-13,188.9755706787109,191.40726973157328,188.8012198028761,190.728236638537,97500,2.6535208620981874,188.87675392777214,0.394877071489419,187.52113647460936,192.82817819880574,182.21409475041298,-35.2589641434263,0,-0.08883143665590865,-0.7245121689177175,0.6356807322618089
2021-08-16,188.80123901367188,189.84733037328527,186.2777716635499,188.1130206454568,160900,1.8055945663538304,188.86302394339026,1.1454280481667967,188.00013809204103,191.6113272247487,184.38894895933336,65.02564102564104,0,-0.07504135845545079,-0.5946180068252642,0.5195766483698134
2021-08-17,188.72781372070312,189.70967857587303,187.25962304249668,188.1588910580589,277600,1.7595289895215773,188.83844026653804,0.6410171390044406,188.12768783569337,191.64674581473653,184.6086298566502,72.52952144188937,1,-0.06923928228499676,-0.4895422619172108,0.420302979632214
2021-08-18,184.5985107421875,188.13137051017569,184.55262671886857,187.52573500677687,184800,1.9287329281221448,188.0675439893834,0.3792354919150531,187.96297378540038,191.82043964164467,184.1055079291561,-33.429394812680115,0,-0.3933075310668812,-0.4702953157471449,0.07698778468026368
2021-08-19,183.6717071533203,186.37869639026795,182.76325393742425,183.6808783568532,163400,2.089296363456507,187.26830092828104,-1.496072644617874,187.87075271606446,192.04934544297748,183.69215998915143,-11.58008658008658,0,-0.7166580688988518,-0.5195678663774863,-0.19709020252136544
2021-08-20,186.02999877929688,186.9935072415537,183.9561725857969,183.9561725857969,119400,2.1208733647375078,187.0431550830112,-1.3863241234730483,187.82395401000977,192.06570073948478,183.58220728053476,-26.92778457772338,0,-0.7737025136306386,-0.5703947958281168,-0.20330771780252177
2021-08-23,189.01226806640625,189.84730962234232,186.77326231291647,187.29631493647105,202000,2.135543374596869,187.40117562544665,0.41437287040821946,187.8611167907715,192.13220353996522,183.59003004157776,69.17922948073702,0,-0.5716765085242344,-0.5706511383673404,-0.0010253701568939677
2021-08-24,189.0673217773437,190.97598217485864,188.71863403293327,189.62707321123915,128900,2.1511642279982564,187.70411128942794,-0.4349271770586194,187.93498458862305,192.23731304461955,183.63265613262655,-36.18811881188119,0,-0.40248744486439136,-0.5370183996667506,0.13453095480235921
2021-08-25,189.2324981689453,190.4529402578308,187.7734787851926,188.4066418390044,173300,2.1706882032856623,187.98199981297654,-1.2970738537238846,187.99738388061522,192.33876028718655,183.6560074740439,34.44530643910009,0,-0.2521686948622346,-0.4800484587058474,0.2278797638436128
2021-08-26,188.62355041503903,189.43555338375785,187.0272391966935,189.2325526415781,100500,2.1166763784841374,188.0986453769879,-0.9319104247856647,187.9205955505371,192.15394830750537,183.6872427935688,-42.00807847663012,0,-0.1801009059144576,-0.42005894814756944,0.23995804223311185
2021-08-27,190.99493408203125,191.8253813034984,189.12180266143608,189.59238754297783,125300,2.2254373276521564,188.6252433233594,1.0685843657292526,188.05872802734373,192.50960268264805,183.60785337203941,24.67661691542289,0,0.06758510052449651,-0.32253013841315625,0.39011523893765276
2021-08-30,191.01336669921875,192.62813603690208,190.5796846650101,191.01336669921875,354500,2.2934102084990626,189.05944757351563,1.171670110378198,188.27623901367184,192.86305943066998,183.6894185966737,182.92098962490022,1,0.2623412961081897,-0.20555585150888706,0.46789714761707674
2021-08-31,188.392822265625,191.86226431489183,188.0145015146001,190.93953901756515,415500,2.2866619098693186,188.93824297208096,-0.17749978049016457,188.31959304809567,192.89291686783432,183.74626922835702,17.20733427362482,1,0.20289213502687176,-0.12386625420173529,0.32675838922860706
2021-09-01,187.3040313720703,188.43897965574948,185.44012214805937,188.32825711480675,196200,2.055504166041893,188.64111359026083,1.465624299462176,188.48973999023434,192.60074832231814,184.37873165815054,-52.7797833935018,0,0.06714788187301224,-0.08566342698678579,0.15281130885979805
2021-09-02,189.27862548828125,189.84148842556985,187.82071797727696,188.26362213262345,157200,2.0050957667862517,188.75702484444636,3.052684826564245,188.63060607910154,192.64079761267405,184.62041454552903,-19.877675840978593,0,0.1175478081097765,-0.04502117996747333,0.16256898807724984
2021-09-03,187.47010803222656,188.669653805479,186.6304245829827,188.669653805479,115100,2.0217926836629303,188.5230399694973,0.7741274323386005,188.57184982299802,192.61543519032386,184.52826445567217,-26.78117048346056,0,0.011426154870861183,-0.03373171299980643,0.04515786787066761
2021-09-07,183.8437957763672,186.1506090506556,183.8068788793629,185.95683054056016,152800,2.2819833970633985,187.67226829801908,-2.7344639281420613,188.35242538452147,192.91639217864827,183.78845859039467,32.75412684622068,0,-0.36112627368822814,-0.09921062513749077,-0.26191564855073735
2021-09-08,184.0745086669922,184.9234144079314,182.7181011027542,183.4285895756992,154000,2.4406122319281027,187.01813018328693,-2.6407594201981244,188.06148986816405,192.94271433202024,183.18026540430785,0.7853403141361293,0,-0.6304922332936655,-0.20546694676872573,-0.4250252865249398
2021-09-09,183.9268341064453,185.587742447641,183.60387462244287,183.99141755544343,108400,2.4479352195098656,186.4560763511339,-2.8037805946857786,187.6718696594238,192.56774009844355,182.77599922040406,-29.61038961038961,0,-0.8461291496857939,-0.3335993873521394,-0.5125297623336544
2021-09-10,182.8657073974609,185.19097927635383,182.1275383638699,185.19097927635383,180100,2.5821928794185616,185.8032819959206,-3.052557861894134,187.29526062011718,192.4596463789543,182.13087486128006,66.1439114391144,0,-1.0900812387474446,-0.48489575763120046,-0.605185481116244
2021-09-13,185.44932556152344,187.1748314346952,182.7457472095741,184.5450587161222,238600,2.5818087843510495,185.73892628057564,-2.9035369692716584,187.11894836425782,192.28256593295993,181.9553307955557,32.48195446973903,0,-1.0626886203520485,-0.6004543301753701,-0.4622342901766784
2021-09-14,182.46896362304688,185.9845454481945,181.3340152252475,185.9845454481945,200400,2.7475957534519146,185.1443876155704,-4.473196417518999,186.80233459472657,192.2975261016304,181.30714308782274,-16.01005867560771,0,-1.2668664258711715,-0.7337367493145304,-0.5331296765566411
2021-09-15,183.8069000244141,185.40321105155252,182.47817317282056,182.49663162344612,191000,2.786157086321153,184.90120805354195,-2.4342340573596633,186.5562889099121,192.1286030825544,180.9839747372698,-4.690618762475052,0,-1.3056675984523167,-0.8481229191420876,-0.45754467931022913
2021-09-16,180.00527954101562,185.3755342510368,179.90377917998342,184.64658735247664,175400,3.12476268267291,184.0110392330826,-3.8967403838500836,186.3266273498535,192.57615271519933,180.0771019845077,-8.16753926701571,0,-1.6244511471735734,-1.0033885647483847,-0.6210625824251887
2021-09-17,179.92222595214844,180.98335450160167,178.5934991593107,179.13790375147644,470100,3.393364424149244,183.26761863654912,-4.943188652176733,186.13915328979493,192.9258821380934,179.35242444149645,168.01596351197264,1,-1.8623234314981687,-1.1751755380983415,-0.6871478933998272
2021-09-20,178.6672821044922,179.22090876777585,175.7145502483034,177.5969175106072,183800,3.7828559570743443,182.43119381253874,-4.695589083578677,185.7710174560547,193.3367293702034,178.205305541906,-60.90193575834928,0,-2.1275770275028663,-1.3656558359792466,-0.7619211915236197
2021-09-21,174.6903533935547,179.22092373029352,174.39507455141646,179.1286596518779,198000,4.436152512681,181.02376828181434,-4.9789237347704685,185.0549217224121,193.9272267477741,176.1826166970501,7.725788900979325,0,-2.6283987787778926,-1.618204424538976,-1.0101943542389167
2021-09-22,176.67417907714844,177.81836328960577,175.87141273176644,175.87141273176644,167000,4.703680121293176,180.232933880966,-4.020290285403738,184.43526458740234,193.8426248299887,175.027904344816,-15.656565656565657,0,-2.832573329618043,-1.8610782055547894,-0.9714951240632537
2021-09-23,179.50698852539062,181.35243927814528,176.9971884549424,176.9971884549424,226400,4.684311469944985,180.10094381631592,-2.4030455384757787,183.9489891052246,193.31761204511457,174.58036616533462,35.568862275449106,0,-2.7342800065747213,-2.035718565758776,-0.6985614408159453
2021-09-24,180.2728729248047,183.5208705639688,179.60850945134672,179.60850945134672,266800,4.617405976058934,180.13220365422296,-1.4178899420549396,183.53145523071288,192.76626718283075,174.296643278595,17.84452296819787,0,-2.5650134907718325,-2.1415775507613874,-0.42343594001044504
2021-09-27,181.832260131836,183.97298975992635,181.04795201094475,181.7215375923388,211100,4.2801521045971,180.44130483197077,-1.9504333158049003,183.0733215332031,191.63362574239733,174.5130173240089,-20.877061469265367,0,-2.27877079104033,-2.169016198817176,-0.10975459222315376
2021-09-28,181.3524475097656,183.32707934165512,180.63272280989665,182.43204863924169,293400,3.8615838100460165,180.60696713702438,-0.6118937111890599,182.59027557373048,190.3134431938225,174.86710795363845,38.98626243486498,0,-2.0668133204638366,-2.1485756231465083,0.0817623026826717
2021-09-29,182.08140563964844,183.49317438123003,181.297083414471,182.4781708050795,134700,3.61227776533728,180.8750468647742,-0.9387538686178032,182.27470474243165,189.49926027310622,175.0501492117571,-54.08997955010225,0,-1.8190458408994061,-2.082669666697088,0.26362382579768173
2021-09-30,178.14137268066406,183.01336191815847,177.8737884958865,182.385915371964,335100,3.520728500388769,180.37801519493598,-1.0354734400592203,181.81657180786132,188.85802880863886,174.77511480708378,148.77505567928733,1,-1.9185007771038443,-2.049835888778439,0.13133511167459488
2021-10-01,179.1748046875,180.2451694904396,175.7607236515997,179.06408214915166,199200,3.0924984188873585,180.15924964812945,-0.41541352697982425,181.31138076782227,187.496377605597,175.12638393004755,-40.55505819158461,0,-1.8921190339596876,-2.018292517814689,0.1261734838550015
2021-10-04,179.98681640625,182.3028661987132,179.4793146142956,179.7284544175591,210100,2.740840722904139,180.1278981496059,0.7385427741527284,180.93721618652344,186.41889763233172,175.45553474071517,5.471887550200805,0,-1.7851111034027554,-1.9716562349323026,0.18654513152954721
2021-10-05,179.86683654785156,181.7307456021396,178.80570808131526,180.64193650288817,256000,2.6620001079697855,180.08043240383236,2.9632335465227033,180.73836822509764,186.06236844103722,175.41436800915807,21.846739647786762,0,-1.690500877529189,-1.9154251634516801,0.22492428592249114
2021-10-06,181.5738677978516,181.87836881023432,177.12633955563115,178.7411086918106,227200,2.5535755445422605,180.35196611183585,2.773290780971216,180.61333618164062,185.72048727072513,175.5061850925561,-11.250000000000004,0,-1.460937656374341,-1.8245276620362125,0.3635900056618715
2021-10-07,187.18408203125,188.35594727428025,182.62581613632435,182.69963586057625,338000,2.861350090726308,181.5941690062748,4.276765806682503,180.77619857788085,186.49889875933346,175.05349839642824,48.76760563380282,0,-0.8168931122768299,-1.6230007520843361,0.8061076398075062
2021-10-08,190.44126892089844,191.3455357479808,187.19327201098585,187.19327201098585,289200,3.5669332508243174,183.20273262711544,5.6405580224680785,181.15497665405275,188.2888431557014,174.0211101524041,-14.437869822485204,0,-0.04315791288627224,-1.3070321842447234,1.2638742713584512
2021-10-11,194.52896118164065,195.78385411623216,190.1552380408268,191.43782568866607,342600,4.577043886018441,185.2620469097564,6.982644906134383,181.60895843505858,190.76304620709547,172.4548706630217,18.464730290456433,0,0.8896204198337614,-0.8677016634290265,1.757322083262788
2021-10-12,195.77462768554688,198.2659832110973,193.200230261068,194.49204006552492,336200,5.568292876163256,187.1734252326274,7.952569912244867,182.27424163818358,193.4108273905101,171.13765588585707,-1.8680677174547577,0,1.709660938147266,-0.3522291431137681,2.0618900812610343
2021-10-13,191.899169921875,195.0548885635192,189.17713327083428,194.3443861840691,335000,5.965372828479735,188.03265153976332,5.391964241344116,182.67885513305663,194.6096007900161,170.74810947609717,-0.35693039857227493,0,2.0235061843034146,0.12291792236966848,1.9005882619337462
2021-10-14,192.35134887695312,193.13565704279057,189.5647141426496,193.13565704279057,318900,6.303364365035039,188.8178692374342,7.976797294450999,183.29615859985353,195.9028873299236,170.68942986978345,-4.805970149253735,0,2.2824076905653214,0.5548158760087991,1.7275918145565223
2021-10-15,194.25213623046875,195.765405175892,192.25904618147112,192.9326317155568,302400,6.7015251679297325,189.8059177816223,8.414872598446665,184.01265411376954,197.415704449629,170.60960377791008,-5.174035747883354,0,2.610870167369285,0.9660267342808964,1.6448434330883885
2021-10-18,191.4193725585937,193.7631028507842,190.3213271306441,193.4678239782017,266500,6.772444313490846,190.09927319561712,6.3518853106102835,184.6502586364746,198.1951472634563,171.1053700094929,-11.871693121693117,0,2.612483607936582,1.2953181090120336,1.3171654989245485
2021-10-19,193.23715209960932,193.4493749998736,190.11833573370268,191.6869801816712,169400,6.604583246720935,190.6697966327066,7.433452329718793,185.57759857177734,198.7867650652192,172.36843207833547,-36.43527204502814,0,2.7289838611351627,1.5820512594366596,1.146932601698503
2021-10-20,195.3594207763672,195.85768629211344,193.0341488503164,193.0895101209913,166700,6.600423158170701,191.5224555679176,7.592256058489211,186.5118606567383,199.7127069730797,173.3110143403969,-1.5938606847697767,0,2.95845724328413,1.8573324562061537,1.1011247870779761
2021-10-21,194.8150177001953,196.0791469894084,193.0341503614032,195.1656437771052,158200,6.632866836413684,192.12110322833172,4.076701173591957,187.27726211547852,200.5429957883059,174.01152844265116,-5.098980203959213,0,3.0611013030705294,2.098086225579029,0.9630150774915003
2021-10-22,196.38363647460932,197.703126957088,195.1840907125652,195.20254916173644,162500,6.7152233879393854,192.89610927310946,3.120315038532473,188.08280029296876,201.51324706884753,174.65235351708998,2.718078381795186,0,3.2317680749011686,2.3248225954434574,0.9069454794577112
2021-10-25,196.06065368652344,196.6881141667789,193.8830215721128,196.3190156255493,190000,6.771631270289083,193.47148098463927,0.7873853309958267,188.79421997070312,202.33748251128128,175.25095743012497,16.92307692307693,0,3.302887083127416,2.5204354929802495,0.7824515901471667
2021-10-26,188.5496826171875,190.2382715895768,185.2371022010322,189.88763147344017,406200,6.542712388812512,192.57660855419348,-3.6904399481040406,189.15408172607422,202.23950650369926,176.0686569484492,113.78947368421053,1,2.721801581669638,2.5607087107181274,0.16109287095151048
2021-10-27,186.9810943603516,190.21985578980176,186.7411907995428,189.3617278348647,235000,6.3529247398003905,191.5592423371313,-2.562843582661478,189.39906616210936,202.10491564171014,176.6932166825086,-42.14672575086165,0,2.1103879337522926,2.4706445553249607,-0.36025662157266813
2021-10-28,188.7158050537109,189.37093221109075,186.03067072781573,187.07335494803752,251900,5.7809744874264855,191.04225374014575,-1.8900537191282596,189.92778778076172,201.4897367556147,178.36583880590874,7.19148936170213,0,1.7456916217915648,2.3256539686182816,-0.5799623468267168
2021-10-29,187.0641326904297,189.3986270293585,186.1045043859149,188.42977653872268,241700,5.253747808728916,190.31895900383373,-3.7003472288772765,190.3222541809082,200.82974979836604,179.81475856345037,-4.049225883287022,0,1.3083096319105607,2.1221851012767377,-0.8138754693661769
2021-11-01,186.4643402099609,189.16791872420865,185.8368796512304,187.30402365664725,178100,4.759476780171059,189.61811922312955,-2.5885741251795436,190.64613037109376,200.16508393143587,181.12717681075165,-26.313611915597846,0,0.9028752296369191,1.8783231269487741,-0.975447897311855
2021-11-02,184.4528045654297,187.10103607690684,183.05949425943484,187.10103607690684,242000,4.301238005830173,188.67897110354775,-4.545889565610805,190.87542877197265,199.477904783633,182.2729527603123,35.878719820325664,0,0.41447363536147463,1.5855532286313143,-1.1710795932698397
2021-11-03,184.4989471435547,184.646586591661,180.06064007244564,183.087178360261,410000,4.008051083142289,187.91896674718535,-5.559226982580356,191.0216827392578,199.0377849055424,183.00558057297323,69.42148760330578,1,0.030780356786863194,1.2745986542624244,-1.2438182974755612
2021-11-04,176.526611328125,185.78154687111572,175.3639822788215,185.329420391779,380800,5.103795430579281,185.84762939826527,-9.387575243411007,190.48880920410156,200.69640006526012,180.281218342943,-7.121951219512191,0,-0.9061546171937209,0.8384479999711953,-1.7446026171649163
2021-11-05,179.02716064453125,179.94988591358714,177.09865413165505,177.59693366156057,300100,5.711386882840621,184.60754417031362,-8.838045848245669,189.9181037902832,201.34087755596443,178.49533002460197,-21.192226890756306,0,-1.4304199121125691,0.3846744175544425,-1.8150943296670117
2021-11-08,179.1287078857422,179.93147457450198,176.89571383955794,179.22097198900167,246400,6.083071983648837,183.61139211857335,-8.636075358523144,189.1480911254883,201.31423509278596,176.98194715819062,-17.894035321559475,0,-1.816767358552255,-0.055613937666896984,-1.761153420885358
2021-11-09,179.7007598876953,180.11598347458244,177.06176485324372,178.2705327953763,206000,6.221753644493023,182.9003680765955,-4.693151750065871,188.3443977355957,200.78790502458173,175.90089044660965,-16.3961038961039,0,-2.0531235473899017,-0.4551158596114979,-1.5980076877784037
2021-11-10,178.84262084960938,180.97411399749703,178.77802332165135,179.69152641917626,220300,6.507557690681436,182.1625958535071,-4.352564914962831,187.69157028198242,200.7066856633453,174.67645490061955,6.941747572815538,0,-2.2833610140770872,-0.8207648905046159,-1.4625961235724714
2021-11-11,174.27511596679688,177.12634773082573,173.88757304578726,175.77916265140834,337800,7.058283803930118,180.72850860137794,-7.652082496643054,186.78775863647462,200.90432624433487,172.67119102861437,53.33635950975941,0,-2.8020846494087834,-1.2170288422854494,-1.585055807123334
2021-11-12,177.18173217773438,177.98449875631815,174.02601305401953,174.2843750351654,290200,7.139795484369211,180.08364016071545,-5.282894358508361,185.9342384338379,200.21382940257632,171.65464746509946,-14.091178211959743,0,-2.944692647164686,-1.5625616032612968,-1.3821310439033894
2021-11-15,175.69613647460938,177.82762977068072,174.93027274802736,177.36626709777622,235100,7.366095656977612,179.28591221778706,-5.774939982211302,185.14807662963867,199.88026794359388,170.41588531568345,-18.986905582356993,0,-3.1413738679103176,-1.878324056191101,-1.2630498117192166
2021-11-16,173.7676544189453,176.65577535229792,173.59233433986208,175.6131052224787,231500,7.525590517361634,178.28259261799764,-5.792891125542143,184.17460174560546,199.22578278032873,169.1234207108822,-1.5312632922160785,0,-3.413508733414602,-2.185360991635801,-1.228147741778801
2021-11-17,172.26361083984375,173.83224123724722,171.7099699562084,173.47237888678598,187000,7.4908942823591635,177.18823229469692,-6.63165643660334,183.0198112487793,198.00159981349762,168.03802268406096,-19.22246220302376,0,-3.7078001103230633,-2.4898488153732536,-1.2179512949498097
2021-11-18,170.87950134277344,172.4204509112741,168.3420067561458,172.4204509112741,370800,7.418934623677775,176.0411903034381,-3.1990134194865405,181.8230354309082,196.66090467826373,166.98516618355265,98.28877005347594,0,-4.006529438318751,-2.7931849399623534,-1.2133444983563972
2021-11-19,170.50119018554688,172.05137610533103,169.50464511132955,171.0825116654249,223000,6.990404151287824,175.03391755473058,-4.762389364993158,180.52891311645507,194.5097214190307,166.54810481387943,-39.85976267529665,0,-4.225096845292825,-3.079567321028448,-1.1455295242643766
2021-11-22,175.77915954589844,176.90488547356335,170.6211287945123,170.6211287945123,308000,6.0227965937534025,175.16941609857926,-1.8699115174661274,179.51483840942382,191.5604315969306,167.46924522191702,38.11659192825112,0,-3.9271552710673063,-3.24908491103622,-0.6780703600310862
2021-11-23,174.59811401367188,177.6061939677809,173.66616636056918,175.8991603014241,211900,5.721708214681559,175.06554299223245,-2.8395238157102654,178.81725997924804,190.26067640861115,167.37384354988492,-31.201298701298697,0,-3.7431858149591903,-3.3479050918208144,-0.3952807231383759
2021-11-24,173.1496124267578,175.61946771258124,172.3882368820607,174.34740567374382,146200,5.515191915057261,174.71719198032795,-3.183250388417691,178.12568588256835,189.15606971268286,167.09530205245383,-31.00519112789052,0,-3.6719427971359266,-3.4127126328838373,-0.25923016425208933
2021-11-26,170.1690673828125,171.6454038680711,168.20060456777657,168.82272252201645,247700,5.190515517031606,173.89026023532512,-2.356072788249741,177.19834899902344,187.57938003308664,166.81731796496024,69.42544459644321,0,-3.8120443929778958,-3.492578984902649,-0.3194654080752466
2021-11-29,168.72987365722656,171.58970370525034,168.23776147106918,171.58970370525034,247800,4.9707656371638596,172.95200813021629,-4.770163614852574,176.2816360473633,186.22316732169102,166.34010477303556,0.040371417036744184,0,-3.993175975886828,-3.5926983830994854,-0.40047759278734274
2021-11-30,164.82083129882812,167.67138154912257,162.9545196782167,166.76144005016056,697100,4.993164890729972,171.47361234269115,-6.189837405646593,175.19946060180663,185.18579038326658,165.2131308203467,181.31557707828895,1,-4.401414344637715,-3.7544415754071316,-0.6469727692305831
2021-12-01,163.95729064941406,169.89050492234492,163.95729064941406,167.13281238455778,394900,5.096236604695147,170.10700839845896,-5.645678882146243,174.17468490600587,184.36715811539617,163.98221169661556,-43.35102567780807,0,-4.739987085981113,-3.9515506775219285,-0.7884364084591846
2021-12-02,165.54505920410156,167.4949478564475,163.88302232213118,165.12722996946323,470600,4.830704855913122,169.27756309039395,-3.900157208470767,173.22699050903321,182.88840022085947,163.56558079720696,19.16940997720942,1,-4.8245740831157775,-4.126155358640698,-0.6984187244750792
2021-12-03,168.20989990234375,168.5255918255478,165.94431943130368,166.0093081599518,286000,4.889321311490362,169.08344251074845,-1.562271319527453,172.81115493774413,182.58979756072486,163.0325123147634,-39.226519337016576,0,-4.62328516097557,-4.225581319107673,-0.3977038418678971
2021-12-06,172.5831756591797,174.36592376248424,170.2711810753425,170.54972439771626,339700,4.665330108097868,169.71975762864503,1.2210973256943758,172.48895568847655,181.81961590467228,163.15829547228083,18.776223776223766,0,-4.0640278520756965,-4.1932706257012775,0.129242773625581
2021-12-07,171.48756408691406,173.6510073325894,171.37614673850976,172.3882254345822,362100,4.398192914223817,170.04117698469395,-2.441470007065183,172.10689849853514,180.90328432698277,163.31051267008752,6.594053576685321,0,-3.666948799846807,-4.088006260530383,0.42105746068357597
2021-12-08,173.0196075439453,173.91098882620994,171.3111421016317,171.6175539746594,264900,4.029315825922945,170.58270981364873,-0.9040799086769913,171.77284088134766,179.83147253319356,163.71420922950176,-26.843413421706707,0,-3.191844095119734,-3.9087738274482535,0.7169297323285195
2021-12-09,172.6575469970703,172.87110170956518,169.85342471602016,171.61761361306432,306700,3.6803925252551943,170.9599529379072,-0.28418511759340515,171.4635871887207,178.8243722392311,164.1028021382103,15.779539448848624,0,-2.8121190954960014,-3.6894428810578033,0.8773237855618019
2021-12-10,172.67605590820312,174.5795158170796,171.56183996603926,173.6788545065579,243300,3.6331661582192103,171.27197165977918,1.4732339807392192,171.383634185791,178.64996650222943,164.1173018693526,-20.67166612324748,0,-2.4810903183158928,-3.4477723685094213,0.9666820501935285
2021-12-13,173.95741271972656,174.9787714340588,171.27400305756163,172.70391092483652,245800,3.4280930263629483,171.7602336706787,3.0981704360898865,171.22241821289063,178.07860426561652,164.36623216016474,1.027538018906693,0,-2.091246256434232,-3.1764671460943834,1.0852208896601514
2021-12-14,172.88961791992188,177.29078737256833,172.4160800204952,174.01312813404496,315800,3.2899862950328065,171.96557626145017,4.895489579508694,171.08209228515625,177.66206487522186,164.50211969509064,28.478437754271766,0,-1.8471612203981636,-2.91060596095514,1.0634447405569762
2021-12-15,175.8701629638672,176.56654974214,170.83760954637862,174.26382059433968,417900,3.4116559981873253,172.67550111643504,7.265838723772355,171.18721771240234,178.010529708777,164.3639057160277,32.33058898036732,0,-1.3971119582272706,-2.607907160409566,1.2107952021822954
2021-12-16,175.23878479003906,179.81637509903567,175.1273674266485,176.9658247627273,280200,3.5240715609517577,173.14155269345395,5.855641740407402,171.33597640991212,178.38411953181563,164.2878332880086,-32.95046661880833,0,-1.0789541061967327,-2.3021165495669993,1.2231624433702666
2021-12-17,170.94903564453125,176.54798449489883,170.54976650385123,176.2137182575026,576000,3.523631790351274,172.74291323001344,1.6284034077528986,171.339453125,178.38671670570255,164.29218954429746,105.56745182012848,1,-1.1595915715558647,-2.0736115539647724,0.9140199824089077
2021-12-20,166.7428741455078,168.76703185053944,164.22659001689448,168.76703185053944,291800,3.6679497031485373,171.6519970328306,-3.3840503231933883,171.15153732299805,178.48743672929513,163.81563791670098,-49.34027777777777,0,-1.5450886047757137,-1.9679069641269609,0.4228183593512471
2021-12-21,170.04837036132812,171.71970151026846,168.11705594122216,168.11705594122216,204200,3.5077601051118226,171.36042854710286,-0.8392408704671506,170.86499786376953,177.8805180739932,163.84947765354588,-30.020562028786845,0,-1.5658220397426703,-1.8874899792501028,0.32166793950743244
2021-12-22,167.44851684570312,170.8376076294172,166.84498731184897,169.89979771099672,208800,3.4714139961466355,170.6491718741211,-3.2199187001549445,170.50751800537108,177.45034599766436,163.5646900130778,2.252693437806075,0,-1.7716177801826802,-1.8643155394366184,0.0926977592539382
2021-12-23,169.18484497070312,169.92764616572427,168.06133478599298,168.2006064680533,205200,3.4254958880069877,170.3829306189542,-2.0113236211019014,170.30927963256835,177.16027140858233,163.45828785655436,-1.7241379310344862,0,-1.7741538770495424,-1.8462832069592032,0.07212932990966081
2021-12-27,171.01400756835938,171.19972203489874,168.43273516533782,168.95271583641355,145300,3.42888431516531,170.4976718824824,-0.9625239186186407,170.3515266418457,177.20929527217632,163.4937580115151,-29.191033138401558,0,-1.6100064650717911,-1.799027858581721,0.18902139350992986
2021-12-28,172.96388244628906,173.85526364391137,170.84686804096248,170.84686804096248,131400,3.4541051717609816,170.9460738031745,-0.5711341976775919,170.56322708129883,177.4714374248208,163.65501673777686,-9.566414315209915,0,-1.307507716535639,-1.7007238301725045,0.3932161136368655
2021-12-29,172.2210693359375,173.37243377918912,171.8032401499911,172.49034679374148,126000,3.193094223497739,171.17789117276777,-0.3866909951146025,170.9332389831543,177.31942743014977,164.54705053615882,-4.109589041095896,0,-1.1148626463825053,-1.5835515934145048,0.4686889470319995
2021-12-30,171.98895263671875,173.90169263946584,171.69183499133337,172.6482049927069,121600,2.7428995427614726,171.32535689348612,-2.206861164929852,171.33482208251954,176.8206211680425,165.84902299699658,-3.4920634920634908,0,-0.9697413435349063,-1.4607895434385854,0.4910481999036791
2021-12-31,173.39102172851562,173.9388425747921,170.58690043140206,171.62683345050652,142900,2.4124142366113,171.70093231803693,-1.0544258588287558,171.72712020874025,176.55194868196284,166.90229173551765,17.516447368421062,0,-0.7331451662484483,-1.3152606680005579,0.5821155017521096
2022-01-03,172.7410430908203,175.66587585186366,171.9703875790023,173.4374298194462,416500,2.2734826580015337,171.89004336763392,1.0482699943481055,171.95367736816405,176.50064268416713,167.40671205216097,191.46256123163053,1,-0.5912730079484447,-1.1704631359901354,0.5791901280416907
2022-01-04,175.94442749023438,178.82281737143612,174.00381910369325,174.21738789430384,443700,2.440563591869933,172.62720411719764,5.518408742730951,172.1217399597168,177.00286714345665,167.24061277597693,6.530612244897949,1,-0.21784081778349673,-0.9799386723488077,0.762097854565311
2022-01-05,173.62315368652344,177.1143675746621,173.00104987541502,176.28798917864944,424600,2.4580125611832453,172.80828585707505,2.102215574074262,172.22851943969727,177.14454456206374,167.3124943173308,-4.304710389903088,1,-0.10795606261942226,-0.8055421504029306,0.6975860877835084
2022-01-06,176.97509765625,177.38363266211397,173.87384445810284,175.18305499224076,294600,2.674603547045465,173.56588800237955,5.689259594532703,172.4262939453125,177.77550103940342,167.07708685122157,-30.61705134243994,0,0.24675779228925876,-0.5950821618644928,0.8418399541537516
2022-01-07,179.16639709472656,180.6148793310704,178.0336067985038,178.0614611362777,365800,3.0708633669804954,174.58416238280628,5.899790921433823,172.75173645019532,178.8934631841563,166.61000971623434,24.168363883231493,0,0.6966599666711772,-0.3367337361573588,1.033393702828536
2022-01-10,182.17477416992188,182.82473231441304,180.3177428039328,181.0698382402744,491300,3.723682843402541,175.96427361682728,6.526229494447233,173.22667236328124,180.67403805008632,165.77930667647615,34.30836522689995,1,1.2811927763401627,-0.013148433657854453,1.2943412099980172
2022-01-11,184.6725006103516,184.6910748927669,180.02064171115708,183.20544399611643,393300,4.520030343484832,177.5475876156499,6.769400639291523,173.7624267578125,182.80248744478217,164.72236607084284,-19.94707917769184,0,1.923808422738034,0.37424293762132327,1.5495654851167109
2022-01-12,183.066162109375,184.5610729800196,181.8590888440304,184.01323793945383,211000,4.967273982127284,178.55096479632718,6.297192797173312,174.27125396728516,184.20580193153972,164.3367060030306,-46.351385710653446,0,2.277217514023249,0.7548378529017085,1.5223796611215406
2022-01-13,181.62696838378903,184.2918040812716,180.6984526237713,183.9946864054395,330300,5.224916970493743,179.11023817586567,5.603857456721673,174.55909423828126,185.00892817926874,164.1092602972938,56.54028436018956,0,2.4133463052794752,1.086539543377262,1.3268067619022132
2022-01-14,183.5489501953125,184.4589056505185,180.02060238067872,181.0605352803162,323300,5.598862563298375,179.91727672485598,5.858393569363418,174.97460250854493,186.17232763514167,163.7768773819482,-2.1192854980320974,0,2.64581788105437,1.3983952109126836,1.2474226701416864
2022-01-18,181.58984375,183.01975186337089,178.31216990633823,183.01975186337089,276800,5.700844195567123,180.2213798203367,5.122581466946063,175.50664291381835,186.9083313049526,164.1049545226841,-14.382926074853074,0,2.6415199646587553,1.647020161661898,0.9944998029968573
2022-01-19,179.83489990234375,183.02899592727337,179.7234825608308,181.72907971620856,205500,5.384446288855862,180.15111074433798,2.211193879570472,176.16124420166017,186.93013677937188,165.39235162394846,-25.75867052023122,0,2.468054339012582,1.811226997132035,0.656827341880547
2022-01-20,177.9407501220703,182.05408208530736,177.8107584893735,179.704924304102,228800,5.198875924722169,179.74922699483477,2.486763051973062,176.55586318969728,186.95361503914162,166.15811134025293,11.338199513381998,0,2.152921979307763,1.8795659935671805,0.2733559857405825
2022-01-21,177.4393768310547,180.67988793809528,176.42728383117955,177.91291479332568,318300,4.737220379166977,179.32925423778386,0.2623415276800545,177.05540618896484,186.52984694729878,167.5809654306309,39.117132867132874,0,1.8414930933120388,1.8719514135161521,-0.03045832020411332
2022-01-24,181.66407775878903,182.3047558118418,174.79306774824565,175.7030091006851,381900,4.459711099294413,179.75376760523932,1.3940564216078588,177.67936782836915,186.59879002695797,168.75994562978033,19.981149858623937,0,1.913523606002883,1.8802658520134985,0.033257753989384575
2022-01-25,180.754150390625,182.24906124072905,176.43655803439975,179.6492144360231,243000,4.218849805797921,179.93565538440032,-0.7798136628794694,178.16637496948243,186.60407458107827,169.7286753578866,-36.37077769049489,0,1.8755644329469874,1.8793255682001964,-0.0037611352532089803
2022-01-26,178.20074462890625,182.53691156857613,176.4737047324016,180.69845431359576,317900,4.037581327434814,179.62021706521958,-3.5044502890554163,178.42821807861327,186.50338073348289,170.35305542374365,30.82304526748971,0,1.620759898330789,1.827612434226315,-0.206852535895526
2022-01-27,174.960205078125,180.354893150872,174.18954952147195,177.5507717934205,244100,3.85843213293267,178.7729421584751,-4.427883852400316,178.56517486572267,186.28203913158802,170.8483105998573,-23.214847436300722,0,1.1441519381180854,1.690920335004669,-0.5467683968865837
2022-01-28,174.25453186035156,174.31953475707218,170.53118917175496,174.1245402349349,283500,3.6845393471845975,177.95141301336173,-4.059108946783196,178.6784538269043,186.0475325212735,171.3093751325351,16.14092585006146,0,0.7014093543328386,1.493018138870303,-0.7916087845374644
2022-01-31,173.81813049316406,174.02240507389178,170.47548258384873,172.40678270850665,274600,3.653386730409161,177.19990710059852,-5.301484803805179,178.6998092651367,186.00658272595504,171.39303580431837,-3.1393298059964714,0,0.31172534795243223,1.2567595806867289,-0.9450342327342967
2022-02-01,172.2582244873047,174.52380490247137,171.63612071232436,173.00103982854324,264100,3.6961781248109626,176.3014193527269,-5.138844260223285,178.67566833496093,186.06802458458284,171.28331208533902,-3.823743627093956,0,-0.1215720062084813,0.981093263307687,-1.1026652695161683
2022-02-02,173.6417236328125,173.8088638335745,169.93695489356932,170.59619313561862,384900,3.819539255321731,175.81783831274245,-3.443812226044196,178.56053314208984,186.1996116527333,170.92145463144638,45.74024990533889,0,-0.3492999500694225,0.7150146206322651,-1.0643145707016877
2022-02-03,170.4105224609375,174.10601178602508,170.21554205549856,174.10601178602508,288100,4.0956821331546465,174.83468997605064,-4.231873618587622,178.39990158081054,186.59126584711981,170.20853731450126,-25.14938945180566,0,-0.7814982907360672,0.4157120383585986,-1.1972103290946658
2022-02-04,169.55625915527344,171.34828772549838,167.1328325170551,169.76981380755356,268700,4.543043365950033,173.87497528136385,-4.442710415561823,178.02895965576172,187.11504638766178,168.94287292386167,-6.733772995487675,0,-1.17935562144541,0.0966985063977969,-1.276054127843207
2022-02-07,170.8654327392578,171.89608554995849,167.66205697670907,169.62121115450392,314300,4.80527490296116,173.32778572825364,-5.94429297897271,177.6139114379883,187.2244612439106,168.00336163206597,16.970599181243017,0,-1.3731917556554265,-0.1972795460128478,-1.1759122096425787
2022-02-08,172.7039031982422,172.97316649080358,170.67045174854036,171.91465926372885,255800,4.798818457508031,173.21435254097884,-4.453699776732956,177.1403678894043,186.73800480442037,167.54273097438823,-18.612790327712382,0,-1.3627501517624694,-0.43037366716277214,-0.9323764845996972
2022-02-09,173.808837890625,174.7559277721768,172.86174800907324,173.808837890625,333600,4.507360200691008,173.32244078636904,-2.464583830683298,176.59718475341796,185.61190515479998,167.58246435203594,30.414386239249414,0,-1.2508965532885838,-0.5944782443879345,-0.6564183089006493
2022-02-10,166.80784606933594,175.47089957413013,166.45501972441232,168.90630069726538,782200,4.7394007250173456,172.13796901963573,-4.659550441855497,175.784268951416,185.2630704014507,166.30546750138132,134.47242206235012,1,-1.7074904142647256,-0.8170806783632928,-0.8904097359014328
2022-02-11,170.7261962890625,171.07903682822987,164.53299757867325,166.20432885890446,605900,4.658224679905627,171.88128306862242,-2.0248171072627774,175.23923034667968,184.55567970649093,165.92278098686842,-22.538992585016615,1,-1.7331871207007339,-1.000301966830781,-0.7328851538699528
2022-02-14,168.3027801513672,171.15333065015133,166.47360276863577,170.64264409212495,508300,4.470503907191179,171.230646174576,-3.1730581419489923,174.47692184448243,183.41792965886478,165.5359140301001,-16.108268691203165,0,-1.9268893931866842,-1.1856194521019616,-0.7412699410847226
2022-02-15,167.2535400390625,169.92765566020546,166.90997959074338,167.90349820503386,330400,4.419036599986044,170.507535968119,-2.9053384609865396,173.76010665893554,182.59817985890763,164.92203345896345,-34.999016328939604,0,-2.140391645338866,-1.3765738907493426,-0.7638177545895235
2022-02-16,169.5283966064453,170.62403832145444,167.25353599651658,167.25353599651658,372300,4.27183469444794,170.32951062963284,-2.3688586707796944,173.24478149414062,181.78845088303652,164.70111210524473,12.681598062953992,0,-2.1018035224721245,-1.521619817093899,-0.5801837053782255
2022-02-17,171.70111083984375,172.84318111259907,168.42345175661782,168.49773470814998,406600,4.136531755321783,170.57889248603482,0.7573407793536324,172.93279953002929,181.20586304067285,164.65973601938572,9.213000268600592,0,-1.8742965526334103,-1.5921551642018015,-0.28214138843160885
2022-02-18,172.78749084472656,174.74665962498435,170.64262174987135,170.9861680402778,553900,3.99826855799613,170.9804558239788,1.9056988550886222,172.7002052307129,180.69674234670515,164.70366811472064,36.22725036891295,0,-1.588028053907209,-1.5913297421428831,0.003301688235674227
2022-02-22,173.52101135253906,175.22019671322403,171.28328520802845,174.11526080917005,426400,3.4085350552968308,171.44237501098974,1.5541930106680368,172.29305191040038,179.11012202099403,165.47598179980673,-23.01859541433472,0,-1.287131975320051,-1.5304901887783169,0.24335821345826592
2022-02-23,173.99453735351562,176.24154340065508,173.83669140200848,175.25731913359652,442000,2.807549596891165,171.9064045278126,0.7473103568435002,171.95507125854493,177.57017045232726,166.3399720647626,3.658536585365857,0,-0.998944859821222,-1.4241811229868981,0.4252362631656761
2022-02-24,179.39541625976562,180.0588321094472,171.54644966837827,173.5554177205528,636300,2.9562004055146947,173.26804302453132,3.2142084585227826,172.0148048400879,177.92720565111728,166.1024040290585,43.959276018099544,1,-0.33093390376293996,-1.2055316791421065,0.8745977753791665
2022-02-25,186.7491149902344,189.59903677995632,179.6663639182297,179.6663639182297,692400,4.398079060982564,175.71914701829553,11.95463486328432,172.60425033569337,181.4004084576585,163.80809221372823,8.816595945308814,1,0.7828276716906828,-0.8078598089755487,1.5906874806662314
2022-02-28,190.9913024902344,192.9815785128694,185.8053953031685,185.8053953031685,1249800,6.021335628953998,178.49590255864805,11.869945352065558,173.4410888671875,185.48376012509547,161.3984176092795,80.50259965337956,1,1.9849199012148233,-0.2493038669374743,2.2342237681522974
2022-03-01,190.7576904296875,193.08435078351565,188.2254752618682,191.1594897092244,892000,7.160741901867967,180.72531853520067,13.341972282409674,174.28806686401367,188.6095506677496,159.96658306027774,-28.62858057289166,1,2.8854741628073555,0.3776517390114916,2.5078224237958637
2022-03-02,194.82232666015625,195.924911401344,188.74872894653024,191.3370199643692,876800,8.480090916456527,183.28841092155622,16.483230558022854,175.41627197265626,192.37645380556933,158.4560901397432,-1.704035874439458,1,3.8823982076501977,1.078601032739233,2.8037971749109647
2022-03-03,197.15830993652344,198.20483289596348,194.56068026376624,195.0746028805648,621400,9.755545247700681,185.81021074245933,16.29810337569586,176.59210128784179,196.10319178324315,157.08101079244042,-29.128649635036496,0,4.805566444799638,1.8239941151513142,2.9815723296483236
2022-03-04,203.7364959716797,204.36255629191388,195.9996679131227,197.0368521079629,710600,11.358553046645005,189.0695353295903,18.657645821358336,178.2583999633789,200.9755060566689,155.5412938700889,14.354682973929833,0,5.9988376938630665,2.658962830893665,3.3398748629694017
2022-03-07,204.38124084472656,213.65983720968748,202.33490323593725,205.07270175031348,927200,12.560075453469395,191.85348178688778,18.284743788768452,179.99964904785156,205.11979995479035,154.87949814091277,30.481283422459903,1,6.916806637345417,3.510531592184015,3.4062750451614017
2022-03-08,195.7006683349609,205.25957292628075,195.56049983037173,204.7363113945521,967700,12.834171216075553,192.55297025017381,12.782116015541135,181.2414108276367,206.9097532597878,155.57306839548562,4.367989646246762,1,6.864721744567163,4.181369622660645,2.683352121906518
2022-03-09,194.4953155517578,198.6440530065441,190.27183865873525,194.86908403198743,810000,12.995215185361861,192.9061239413709,11.782426339391039,182.3309814453125,208.3214118160362,156.34055107458877,-16.296372842823192,0,6.649530546783751,4.675001807485266,1.974528739298485
2022-03-10,196.84999084472656,197.06489879200856,194.12154532415204,194.7569303014409,500500,13.21933731770114,193.62319065107192,9.729665868210713,183.48303909301757,209.92171372841983,157.0443644576153,-38.20987654320987,0,6.592992673922083,5.058599980772629,1.5343926931494538
2022-03-11,192.5517425537109,199.47563311832505,192.448958021987,196.2799880290092,360000,12.75540878677119,193.42838190609717,3.1071780788786807,184.77023391723634,210.2810514907787,159.25941634369397,-28.071928071928077,0,6.130682594488775,5.273016503515859,0.8576660909729155
2022-03-14,188.6926727294922,193.5982710252893,187.84236560301352,193.3179482711108,435100,12.340177070693302,192.56734387398717,-1.2035258835201401,185.6685577392578,210.3489118806444,160.9882035978712,20.861111111111107,0,5.390762488220304,5.296565700456748,0.09419678776355589
2022-03-15,189.21592712402344,190.01951138483776,185.1886669563613,190.01951138483776,396200,11.658439556796548,191.95799537399375,-0.8082312708814987,186.71421508789064,210.03109420148374,163.39733597429753,-8.940473454378306,0,4.791360903804815,5.195524741126361,-0.4041638373215459
2022-03-16,181.6099090576172,186.95467597590888,177.31166514168532,184.05803147719732,560900,10.808125221368435,190.07652513465254,-6.78177795586361,187.43203353881836,209.04828398155524,165.81578309608147,41.56991418475518,0,3.660393994434884,4.888498591788066,-1.2281045973531821
2022-03-17,184.3850860595703,187.09483936222972,183.05824025733097,184.88031673724387,540200,9.992637968115226,189.04171803009214,-6.478663709922017,188.17486801147462,208.16014394770508,168.18959207524415,-3.690497414868965,0,2.953976558538045,4.501594185138062,-1.547617626600017
2022-03-18,180.98388671875,184.92705473596223,178.9282101559769,184.07674755634068,1124600,9.384254724287922,187.5766577916663,-11.167664950953316,188.6390068054199,207.40751625399577,169.87049735684406,108.18215475749722,1,2.0955313088265086,4.020381609875752,-1.9248503010492435
2022-03-21,187.5059967041016,188.4964581609293,182.2359826680412,183.05825901309456,400000,8.621887480424798,187.56381032119998,-8.256748061063735,189.37493209838868,206.6187070592383,172.13115713753908,-64.43179797261249,0,1.9193618235953522,3.6001776526196725,-1.6808158290243203
2022-03-22,187.8516845703125,188.96362234750285,185.2447160255316,187.7302223206858,371600,7.790368551005345,187.61615109376586,-4.010708717261046,190.09146575927736,205.67220286128804,174.51072865726667,-7.099999999999995,0,1.7870404689541886,3.237550215886576,-1.4505097469323873
2022-03-23,189.72048950195312,191.52388815343613,188.3656129264345,188.720689338788,277800,6.812404482319765,187.99875807707264,-2.4549825461138375,190.8777633666992,204.50257233133874,177.2529544020597,-25.24219590958019,0,1.8120832144921053,2.952456815607682,-1.1403736011155767
2022-03-24,190.2344207763672,192.67320442618933,189.12248291480515,189.5803438748034,221300,6.259576391597899,188.40524220421707,-3.360716472462366,191.4197135925293,203.9388663757251,178.90056080933348,-20.338372930165583,0,1.852050444829871,2.73237554145212,-0.8803250966222489
2022-03-25,192.45831298828125,193.7290971878251,189.40282188757504,190.18771423669696,217400,6.16483271534166,189.14216416495603,-0.04852179688978886,191.70517349243164,204.03483892311496,179.37550806174832,-1.7623136014459972,0,2.0396623208901303,2.593832897339722,-0.5541705764495917
2022-03-28,187.2069702148437,192.4022298386866,185.5717708742123,191.3183228538801,475800,6.2454457012374105,188.79031071948106,-0.7873662994738462,191.5159568786621,204.00684828113694,179.02506547618728,118.85924563017478,0,1.7444971327897463,2.423965744429727,-0.6794686116399808
2022-03-29,188.9916534423828,189.21591447382863,182.43217867291045,183.86180888608823,323200,6.269170362444674,188.82691848728138,-0.11852790885495956,191.4276550292969,203.96599575418622,178.88931430440755,-32.07229928541404,0,1.635729939377569,2.2663185834192956,-0.6305886440417265
2022-03-30,189.9821319580078,192.9254849707516,187.44990278933577,189.72984007589065,335900,6.224492415849025,189.03695730014073,4.610003354902004,191.18564529418944,203.6346301258875,178.7366604624914,3.9294554455445496,0,1.6108852114335264,2.1352319090221417,-0.5243466975886153
2022-03-31,186.356674194336,191.2716113713068,186.31929022281705,189.74854959039084,413800,6.147118636454948,188.54963309908533,1.0692774436912522,190.64556350708008,202.93980077998998,178.3513262341702,23.1914260196487,0,1.2838519965812338,1.96495592653396,-0.6811039299527262
2022-04-01,189.3373870849609,189.48688017837563,186.001573817658,186.53418840970363,347400,5.3208941621167085,188.69286109651722,4.6156044704644295,189.92560806274415,200.56739638697758,179.28381973851072,-16.046399226679554,0,1.2507762668570308,1.8221199945985742,-0.5713437277415434
2022-04-04,188.62722778320312,189.6363809823914,184.6186600894157,189.6363809823914,384700,4.092595398689872,188.68092776682374,0.5979707843002613,189.13790740966797,197.3230982070477,180.95271661228824,10.736902705814622,0,1.1539574885356103,1.6884874933859817,-0.5345300048503714
2022-04-05,187.92645263671875,191.2062045260811,187.7302366950176,188.7393900257593,355700,3.7948252512876297,188.543750470441,0.03980164808066178,188.74919662475585,196.33884712733112,181.1595461221806,-7.538341564855733,0,1.0090495167575853,1.5525998980603024,-0.5435503813027172
2022-04-06,188.8515167236328,191.486516362922,187.59007147369385,188.33759405670185,417400,3.5467794026276382,188.59970797102133,-0.4580279023111866,188.4670066833496,195.56056548860488,181.37344787809434,17.346078155749222,0,0.9578127763803934,1.4336424737243207,-0.4758296973439273
2022-04-07,194.28038024902344,195.0465948323208,187.3564751807312,188.9543049110324,659600,3.2622560995395284,189.6325574761126,2.126828286986271,188.33852615356446,194.8630383526435,181.8140139544854,58.025874460948735,1,1.3398265199749346,1.4148792829744437,-0.07505276299950903
2022-04-08,192.39288330078125,197.1583272453801,191.65471384661524,194.99986632313724,407900,3.251633920858602,190.13443489877963,-0.03399681026196033,188.33058319091796,194.83385103263515,181.82731534920077,-38.15949060036385,0,1.4732868016211285,1.4265607867037806,0.04672601491734785
2022-04-11,191.7761993408203,197.3078438475379,189.96346164365048,193.48615250079573,455300,3.341565146601588,190.4329375246052,2.4407366460409197,188.48475952148436,195.16788981468753,181.8016292282812,11.620495219416526,0,1.5118659451177336,1.4436218183865714,0.0682441267311622
2022-04-12,196.1958923339844,198.44779887428444,191.24357142115323,191.24357142115323,382400,3.7602215949753166,191.48074748994688,3.811934950766438,188.83375778198243,196.35420097193307,181.3133145920318,-16.011421041071817,0,1.8774306302735226,1.5303835807639619,0.3470470495095608
2022-04-13,198.97105407714844,199.08317746719808,195.94359422555013,196.7191476082752,492300,4.001028686061435,192.84262141489262,4.73145659883818,189.701815032959,197.70387240508185,181.69975766083613,28.73953974895398,0,2.363826911485347,1.697072246908239,0.6667546645771081
2022-04-14,208.06277465820312,209.28683595553915,203.56831448678443,203.8206063921141,616300,5.548740800263612,195.60992200458543,11.647610989897593,190.8856994628906,201.98318106341785,179.78821786236338,25.187893560836883,0,3.443233880023371,2.0463045735312653,1.3969293064921056
2022-04-18,208.25900268554688,209.75403360051817,205.9510343636412,207.39935670143169,321100,6.289385948597391,197.90975485566932,9.99359708713805,192.24945526123048,204.82822715842525,179.6706833640357,-47.898750608469896,0,4.2653374857028155,2.4901111559655753,1.7752263297372401
2022-04-19,209.4082946777344,211.29578585967965,207.18441906987616,208.64208016289683,318800,7.2529884033727,200.00039845968115,11.017002761879002,193.3445701599121,207.8505469666575,178.83859335316671,-0.7162877608221763,0,4.952509330148104,2.982590790802081,1.9699185393460228
2022-04-20,212.37969970703125,213.0337908976337,209.258808157834,210.39877692262232,311100,8.276772073756845,202.2511805046539,13.012136783948748,194.57097091674805,211.12451506426174,178.01742676923436,-2.415307402760347,0,5.671488135624372,3.5203702597665396,2.1511178758578327
2022-04-21,207.4180450439453,213.0431353285792,206.0725071711471,213.0431353285792,303300,8.667708169509371,203.19061042088867,9.831283667942659,195.45584869384766,212.7912650328664,178.12043235482892,-2.507232401157189,0,5.774356763536247,3.971167560520481,1.8031892030157657
2022-04-22,207.5955810546875,210.71647265211044,206.4743042585976,207.34328914177965,347100,8.980954794243567,203.99151417248845,6.853600342246091,196.32390670776368,214.28581629625083,178.36199711927654,14.441147378832841,0,5.8033096237140285,4.337595973159191,1.4657136505548376
2022-04-25,204.1943359375,206.4462423125528,197.0648626892103,206.4462423125528,536800,9.09773702640741,204.028390857036,6.134038034176514,196.91070785522462,215.10618190803945,178.71523380240978,54.65283779890522,0,5.488534509106557,4.567783680348665,0.9207508287578925
2022-04-26,204.31581115722656,207.96931685772992,203.5495966744832,203.6991040259169,346700,8.940284258497375,204.08064909343426,6.538669480106418,197.76614990234376,215.6467184193385,179.885581385349,-35.41356184798807,0,5.189058758675998,4.692038696014132,0.49702006266186594
2022-04-27,205.4277801513672,207.73574855552224,201.6434585073772,204.3812427900035,286300,8.84618992239672,204.3255820130584,4.705443986394653,198.58795623779298,216.28033608258642,180.89557639299954,-17.421401788289593,0,4.983996267031614,4.750430210217628,0.23356605681398612
2022-04-28,203.7738647460937,206.0351100479279,202.63389610316327,205.7454484556401,310500,8.675947658161974,204.22526978270116,2.4138238052872962,199.27754287719728,216.62943819352122,181.92564756087333,8.452672022354179,0,4.634600820826535,4.727264332339409,-0.09266351151287466
2022-04-29,198.78421020507807,205.4464708029206,197.8404573218639,204.2597933725677,351700,8.129678036665087,203.23598622313332,-4.459502411408045,199.89891967773437,216.15827575106454,183.6395636044042,13.268921095008057,0,3.910006866017028,4.563812839074933,-0.6538059730579047
2022-05-02,198.40109252929688,202.73670662199584,195.43904715365068,197.50406253247965,344300,7.7538839580260515,202.35691464243578,-4.733485721687913,200.35210494995118,215.8598728660033,184.84433703389908,-2.1040659653113414,0,3.267184472972673,4.30448716585448,-1.0373026928818074
2022-05-03,200.67169189453125,201.1108609323568,197.65358459318867,199.4009076216803,356400,7.246442131395039,202.05051050645312,-4.1720423714104555,200.95432815551757,215.44721241830766,186.4614438927275,3.514376996805102,0,2.9074462571535378,4.025078984114292,-1.1176327269607542
2022-05-04,207.56753540039065,208.6701343893374,199.13924665779612,201.0080459372659,518400,6.698106215598341,203.0536059417145,-2.265830638841082,201.93638229370117,215.33259472489786,188.54016986250448,45.45454545454546,0,3.1425625642338275,3.8485757001381993,-0.7060131359043718
2022-05-05,205.32498168945312,210.22122667002145,201.02673764938413,204.0822284593557,467900,5.978593643431904,203.46658335039425,-1.009103790390431,202.7600555419922,214.717242828856,190.80286825512837,-9.741512345679016,0,3.112064644814751,3.7012734890735097,-0.5892088442587586
2022-05-06,202.0639190673828,206.48362530497133,199.8213656687172,204.19434907345715,303500,5.641381858536368,203.21155348075578,-2.6646337842073153,203.14923248291015,214.43199619998288,191.86646876583742,-35.135712759136574,0,2.7925633917164987,3.5195314696021076,-0.7269680778856089
2022-05-09,196.20523071289065,201.55935086926348,195.5418149586178,200.85855114534309,416100,5.313696351570868,201.9376766138712,-3.9125008967215713,203.33984985351563,213.96724255665737,192.7124571503739,37.1004942339374,0,2.0430580581134734,3.224236787304381,-1.1811787291909077
2022-05-10,195.8968963623047,198.5225715623497,193.514188473217,196.8499880726248,320400,4.905971365337261,200.83935293176816,-4.120540034194065,203.54588470458984,213.35782743526437,193.7339419739153,-22.999279019466478,0,1.407959594325206,2.8609813487085463,-1.4530217543833404
2022-05-11,192.5143585205078,198.4384488726068,191.11275904717044,196.223926267232,283500,5.2530544661068665,199.32571758426627,-6.2861126286543385,203.361808013916,213.86791694612972,192.85569908170228,-11.51685393258427,0,0.6244981256944584,2.4136847041057288,-1.7891865784112704
2022-05-12,190.4026336669922,194.62611010760835,186.5902811238757,192.83206436810795,293600,5.935121297294183,197.7033386902164,-6.561798833114507,202.9333869934082,214.80362958799657,191.06314439881982,3.5626102292768858,0,-0.164898433492624,1.8979680765860583,-2.062866510078682
2022-05-13,190.41192626953125,193.91592434484812,188.10395839663147,190.81372546289268,354700,6.424404006189717,196.37762734100093,-4.211744950421092,202.05084457397462,214.89965258635405,189.20203656159518,20.81062670299727,0,-0.7807510465165137,1.362224251965544,-2.1429752984820576
2022-05-16,191.3463592529297,193.168435719502,189.6924678796684,190.33720591964183,294600,6.67252525903387,195.46285132498798,-3.5557935626415182,201.20521240234376,214.5502629204115,187.860161884276,-16.94389625035241,0,-1.1798175446941457,0.8538158926336062,-2.033633437327752
2022-05-17,195.26150512695312,196.5509812667169,191.14079905599223,192.48633689612703,298800,6.504896082933374,195.42624292534526,-2.6960388465860907,200.49787292480468,213.50766509067142,187.48808075893794,1.4256619144602745,0,-1.1667119388463334,0.44971032633761837,-1.6164222651839517
2022-05-18,189.5336151123047,195.2708281970893,187.94513861310628,193.9439824503327,278100,6.311642336008388,194.35485605024698,-8.688218151889293,199.35556869506837,211.97885336708515,186.7322840230516,-6.927710843373491,0,-1.600073850660067,0.03975349093808134,-1.6398273415981484
2022-05-19,187.56204223632807,190.18770303435025,184.65605868504292,188.0292420724974,296300,6.534404695062367,193.1197989931708,-8.65113407388044,198.3627685546875,211.43157794481223,185.29395916456278,6.54440848615605,0,-2.0786444229491963,-0.3839260918393742,-1.6947183311098222
2022-05-20,184.7868804931641,188.272201657779,181.609927199886,187.4872950697928,287800,6.822248890643494,191.60472290226048,-8.550283818090898,197.22233352661132,210.8668313078983,183.57783574532434,-2.8687141410732364,0,-2.6512850454458032,-0.8373978825606601,-1.8138871628851432
2022-05-23,187.4405670166016,188.7113510534459,185.49701412155693,186.43141372930108,317600,6.94852585039308,190.8476036503225,-4.4670897225540855,196.3846450805664,210.28169678135257,182.48759337978024,10.354412786657408,0,-2.858030938176654,-1.2415244936838588,-1.6165064444927952
2022-05-24,190.69227600097656,191.1314449626336,185.5624169586585,188.09464620017465,236500,6.796198059724606,190.8193622595323,-2.6568161405183033,195.7034683227539,209.2958644422031,182.1110722033047,-25.535264483627206,0,-2.728045596825581,-1.5388287143122032,-1.1892168825133775
2022-05-25,192.59844970703125,194.4485712643934,190.96325033301767,191.09406571262647,339800,6.425390290642127,191.1428327045321,0.043680475144647346,195.0620018005371,207.91278238182136,182.21122121925285,43.678646934460886,0,-2.443056950021088,-1.7196743614539804,-0.7233825885671075
2022-05-26,198.76339721679688,200.2482507938616,194.07389157163485,194.07389157163485,525300,6.160039730548278,192.52838988858022,4.391096587680288,194.81147842407228,207.13155788516883,182.49139896297572,54.59093584461448,1,-1.7001434573010101,-1.7157681806233864,0.0156247233223763
2022-05-27,201.48878479003903,201.49819176564185,198.03040198505911,199.1111430266399,431700,6.280352766129649,194.1575525979364,5.8173134096801915,194.94670715332032,207.50741268557962,182.386001621061,-17.81838949171902,0,-0.881304037420648,-1.5488753519828389,0.6675713145621909
2022-05-31,197.7860717773437,200.2952822336865,195.87830550614072,200.2858752577328,688200,6.264033033663583,194.81728335782861,3.365474289428061,194.91595611572265,207.4440221830498,182.3878900483955,59.41626129256428,1,-0.5250929483570985,-1.344118871257691,0.8190259229005925
2022-06-01,197.7860717773437,199.6750240966393,194.28068264336363,199.6750240966393,292300,6.15679691360582,195.35706307046772,1.292915697207797,194.77167510986328,207.08526893707491,182.45808128265165,-57.5268817204301,0,-0.24002622104677585,-1.123300341215508,0.8832741201687322
2022-06-02,199.0453643798828,199.5152542795804,194.99491573887377,199.25211708294188,252400,5.482584033143862,196.02766330854317,5.018502528927193,194.3455665588379,205.31073462512563,183.38039849255017,-13.65035921997947,0,0.08650838797208849,-0.8813385953779888,0.9678469833500772
2022-06-03,200.0227203369141,200.4644179705556,197.68267791602736,198.5284739626296,251300,5.033533056392976,196.7540373137015,6.643496707551089,194.08045349121093,204.1475196039969,184.01338737842497,-0.4358161648177483,0,0.41932021339988523,-0.621206833622414,1.0405270470222994
2022-06-06,199.7126007080078,200.4738343937069,197.90822520762472,200.1449057268036,309200,4.8617820554034346,197.29195793084807,8.077261857015806,193.9628875732422,203.68645168404908,184.23932346243532,23.04019100676482,0,0.6505527533704765,-0.3668549162238359,1.0174076695943124
2022-06-07,203.1239776611328,203.3965074563612,198.11495029034435,198.876169530013,260200,5.259605679668552,198.3523251545362,8.367137858232221,194.3088249206543,204.8280362799914,183.7896135613172,-15.847347994825355,0,1.0964367766352154,-0.07419657765202567,1.1706333542872411
2022-06-08,201.34780883789065,202.62590985498505,200.28585314533325,201.5827537723572,244200,5.48272544379606,198.89695855150973,5.58781564747779,194.58137054443358,205.5468214320257,183.61591965684147,-6.149116064565718,0,1.291592424044012,0.1989612226871819,1.09263120135683
2022-06-09,201.11285400390625,202.07143330451743,200.1730743122992,200.8591094720004,348000,5.646779793989349,199.29984863376365,4.42080624731227,195.01129531860352,206.30485490658222,183.7177357306248,42.50614250614251,0,1.4110303100544854,0.4413750401606426,0.9696552698938428
2022-06-10,199.2239227294922,200.80274589262828,196.9966348773445,197.71087669486928,378400,5.612261150665127,199.2860439238961,0.23169533180851243,195.4523597717285,206.67688207305878,184.22783747039824,8.735632183908049,0,1.3378429075732186,0.6206686136431578,0.7171742939300607
2022-06-13,194.84454345703125,196.82747936590667,192.55147850004903,195.2298566083064,423700,5.488903136845726,198.4784983844661,-3.29757377807971,195.67399063110352,206.65179690479496,184.69618435741208,11.97145877378436,0,0.9159040843779565,0.6797157077901176,0.23618837658783887
2022-06-14,192.4762725830078,195.38018833176017,190.061046279515,194.86332098339503,477600,5.447675831953274,197.38718460238277,-2.684617347733842,195.73048629760743,206.62583796151398,184.83513463370087,12.721265046023134,0,0.38596568782847385,0.6209657037977889,-0.23500001596931508
2022-06-15,193.28448486328125,194.6847617473852,187.9559358040252,193.4724379311053,543900,5.474504623842861,196.64123919527339,-2.275987825437009,195.63163528442382,206.58064453210955,184.6826260367381,13.88190954773869,1,0.03084609251570214,0.5029417815413716,-0.47209568902566945
2022-06-16,188.9520721435547,191.2921283620726,186.97854371218213,191.0101916319057,456700,5.510027322384842,195.2432088222336,-5.070850189238685,195.60255813598633,206.62261278075601,184.58250349121664,-16.03235888950175,0,-0.5933386061549868,0.2836857040020999,-0.8770243101570867
2022-06-17,188.5573883056641,191.5082958315541,185.2493599241894,188.1062980890673,808500,5.437601092058009,194.02760509194823,-5.732014849082157,195.65232543945314,206.52752762356914,184.77712325533713,77.03087365885702,1,-1.1070952590631293,0.005529511389054054,-1.1126247704521834
2022-06-21,196.7522735595703,197.11878705964892,191.11359550303683,191.49890861180927,350600,4.800088088638359,194.52299935878858,-1.482293624910369,196.25059509277344,205.85077127005016,186.65041891549672,-56.635745207173784,0,-0.843271644829855,-0.16423071985472776,-0.6790409249751272
2022-06-22,196.83688354492188,197.94583120681412,193.3503083879104,193.3503083879104,448300,4.329146437969036,194.94370557444915,-3.0952003739802447,196.72041091918945,205.3787037951275,188.0621180432514,27.86651454649174,0,-0.6202127841935976,-0.2554271327225017,-0.3647856514710959
2022-06-23,197.353759765625,198.19016322151185,194.3840521294801,196.16023539377463,307900,4.090635136748185,195.38189724557202,-1.9836565867381029,197.05348510742186,205.23475538091824,188.87221483392548,-31.318313629266115,0,-0.3971513255285686,-0.2837719712837151,-0.11337935424485346
2022-06-24,202.3721923828125,202.5695524637225,197.23159538181045,199.1017624727096,640300,4.114145207540883,196.65285999779755,0.6261849274347142,197.54217224121095,205.77046265629272,189.31388182612918,107.95712893796687,1,0.18246867366303832,-0.19052384229436445,0.3729925159574028
2022-06-27,205.2196807861328,205.59560125594228,201.68611440932176,203.40591291646348,289000,4.454248073621517,198.21046377749485,3.009557273290775,197.86498641967773,206.77348256692076,188.9564902724347,-54.86490707480869,0,0.8616575636231687,0.01991243888914218,0.8417451247340265
2022-06-28,204.10137939453125,209.35475961458212,202.7763007143897,206.2440906290184,386000,4.601976647995673,199.28153934422872,4.750882818302471,197.99561614990233,207.19956944589367,188.791662853911,33.564013840830455,0,1.2947569240781434,0.2748813359269424,1.019875588151201
2022-06-29,202.88905334472656,204.94717332905068,200.3610434768545,204.87198922689487,286100,4.729445221704736,199.93745098068285,5.409903580311748,198.2507652282715,207.70965567168096,188.79187478486202,-25.880829015544037,0,1.5226149498168127,0.5244280587049165,0.9981868911118962
2022-06-30,204.70281982421875,205.44523947290088,201.0000855355835,201.0000855355835,366900,4.941800163830931,200.80388167950755,5.907527947219449,198.59660263061522,208.4802029582771,188.71300230295336,28.241873470814394,0,1.82847238202379,0.7852369233686913,1.0432354586550987
2022-07-01,207.6537475585937,208.71568896428283,202.30639828870707,205.13513027858548,268200,5.341651934594364,202.04931183934139,9.897576249299123,199.0270217895508,209.71032565873952,188.34371792036205,-26.901062959934585,0,2.2826686238794025,1.0847232634708335,1.197945360408569
2022-07-05,197.22218322753903,204.8719899864652,193.64162459601303,204.38330049059115,501800,5.3508756718160155,201.17165209174095,4.59530915215518,198.88699493408203,209.58874627771405,188.18524359045,87.09917971662937,0,1.7803594807034813,1.223850506917363,0.5565089737861182
2022-07-06,201.34780883789065,204.1295631715317,196.10383617980764,197.3443523169437,326900,5.37658580544652,201.2036805910409,2.335696149873945,198.96875534057617,209.72192695146921,188.21558372968312,-34.85452371462734,0,1.695633169574279,1.3182070394487464,0.3774261301255326
2022-07-07,204.2235412597656,205.03175244242968,202.03385265627,202.09964412388163,268800,5.426699462458677,201.75274616717263,3.752679671519976,199.02373352050782,209.87713244542516,188.17033459559048,-17.77301927194861,0,1.8393318578183653,1.4224320031226703,0.416899854695695
2022-07-08,202.6916961669922,206.16889282662447,202.34398223698955,205.1915138245987,263300,5.465174896313474,201.923464348958,2.7047553630123122,199.0909278869629,210.02127767958984,188.16057809433596,-2.0461309523809534,0,1.8087567844229113,1.4996969593827185,0.3090598250401928
2022-07-11,202.8326416015625,204.49605558100697,200.20125573925296,201.66730968456704,191600,5.5119914689854275,202.088769303977,0.2275259329498125,199.1769172668457,210.20090020481655,188.15293432887484,-27.231295100645646,0,1.7754328523617176,1.5548441379785185,0.22058871438319905
2022-07-12,199.411865234375,204.1577557871987,198.7822145296492,202.05264400819087,380000,5.51223602563503,201.60205947314026,-2.830048039013544,199.18631439208986,210.21078644335992,188.1618423408198,98.32985386221293,0,1.4562090603174909,1.5351171224463132,-0.07890806212882229
2022-07-13,195.69973754882807,200.16369129851927,195.42719339481832,196.8932474898065,259800,5.480005999941878,200.5289100323562,-4.1164062049099055,199.22907409667968,210.18908609656344,188.26906209679592,-31.63157894736842,0,0.8933858288395697,1.4067708637249647,-0.513385034885395
2022-07-14,191.8560028076172,193.6603922888574,190.71887750297293,192.0533628364681,305500,5.521829715103582,198.95201780967636,-5.437972308128048,199.19806060791015,210.2417200381173,188.154401177703,17.59045419553502,0,0.13562370711397875,1.1525414324027676,-1.0169177252887889
2022-07-15,192.30714416503903,194.7975548874526,191.14181205611445,193.98934368962944,229100,5.580926428671163,197.74385896519684,-6.05544939235525,199.14919357299806,210.31104643034038,187.98734071565573,-25.008183306055642,0,-0.4236216498523788,0.8373088159517384,-1.2609304658041172
2022-07-18,189.6757202148437,194.8820929394114,189.0554622312967,192.90856436435087,284900,5.513272430364158,196.2769246469508,-8.65769462632845,199.18537597656248,210.2119208372908,188.15883111583418,24.356176342208634,0,-1.0668634081766015,0.4564743711260705,-1.523337779302672
2022-07-19,194.6471710205078,194.8539237061029,189.59116587796547,189.6381433920457,425000,5.043569092113543,195.9806058057793,-1.3056402504480813,199.48986511230467,209.57700329653176,189.40272692807758,49.17514917514918,0,-1.1620867909340404,0.1327621387140483,-1.2948489296480887
2022-07-20,196.3199920654297,197.33495595771385,192.97437831303105,195.00430609759928,189100,5.056827270400886,196.04231239844302,-2.497080450728406,199.46825103759764,209.58190557839941,189.35459649679586,-55.505882352941185,0,-1.0900044371925617,-0.1117911764672737,-0.978213260725288
2022-07-21,196.1790313720703,196.6113363854888,193.9799501026975,195.3708201782109,186700,5.07694360740815,196.06717039364796,-3.939070803528444,199.43535842895506,209.58924564377136,189.28147121413875,-1.2691697514542577,0,-1.0323526833076357,-0.2959034778353461,-0.7364492054722896
2022-07-22,196.16021728515625,198.80099600861303,195.5117669828326,197.7014554550688,195100,5.109609320719258,196.08408801028583,-3.2223712196156384,199.37568130493162,209.59489994637013,189.1564626634931,4.499196572040698,0,-0.9769200661623643,-0.43210679550074976,-0.5448132706616144
2022-07-25,197.89881896972656,200.54899037441805,196.59252570736464,196.61132531729885,206500,5.0692858992060055,196.4140390938205,-2.432459880657556,199.15201263427733,209.29058443268934,189.0134408358653,5.843157355202466,0,-0.7836650885339509,-0.5024184541073901,-0.28124663442656084
2022-07-26,197.86122131347656,199.18631419624435,197.0248179135545,197.8988205336421,174700,4.8687928373748335,196.67716313375794,-0.7776086538661686,198.7840896606445,208.52167533539415,189.04650398589484,-15.399515738498792,0,-0.6263230804799775,-0.5271993793819075,-0.09912370109807
2022-07-27,197.70144653320312,199.0077397137524,195.7091182019797,198.29351231989307,253800,4.708605331383958,196.8633964791116,1.0228470459116679,198.4640930175781,207.88130368034604,189.04688235481018,45.277618775042924,0,-0.5086574090010458,-0.5234909853057352,0.0148335763046894
2022-07-28,199.6844024658203,199.78777881460888,195.3332318611221,198.03978786048452,237900,4.603452429014923,197.37630665851316,4.080351692750006,198.3038604736328,207.51076533166264,189.09695561560295,-6.264775413711588,0,-0.2524880203799569,-0.46929039232057956,0.21680237194062268
2022-07-29,203.78184509277344,204.21415010333453,199.9663414609012,200.661783664012,220900,4.540246550528646,198.54095001019684,5.966861490016595,198.25781173706054,207.33830483811784,189.17731863600324,-7.145859604876003,0,0.27795336852886976,-0.3198416401506897,0.5977950086795595
2022-08-01,204.53366088867188,205.03174300087608,200.6993578502673,204.00738653161844,215100,4.244370027163431,199.6305338062832,7.833338213767549,198.10180740356444,206.5905474578913,189.61306734923758,-2.625622453598908,0,0.7503477011812265,-0.10580377188430651,0.8561514730655331
2022-08-02,204.37391662597656,206.0373309064613,202.63531823983072,206.0373309064613,298400,4.462045273891386,200.49296704622745,4.997116348762121,198.4593940734863,207.38348462126908,189.5353035257035,38.72617387261739,0,1.0991631180450554,0.13518960610156588,0.9639735119434896
2022-08-03,205.5204315185547,206.45080427403727,199.57162410482684,204.2517231466594,212100,4.695641223218188,201.40705149574148,4.686450603593473,198.66802520751952,208.0593076539559,189.27674276108314,-28.92091152815014,0,1.451385352112169,0.3984287553036865,1.0529565968084824
2022-08-04,215.031005859375,223.13190284958225,206.676364317299,206.7421557840396,723200,5.848864919565509,203.8841341073112,9.609576699127587,199.20839843749997,210.906128276631,187.51066859836894,240.97123998114097,1,2.4694812338870236,0.812639251020354,1.6568419828666696
2022-08-05,213.87510681152344,216.14937240033865,210.5388853695376,213.87510681152344,389500,6.675567130937029,205.70067459898615,9.030826826937698,199.76756896972654,213.1187032316006,186.4164347078525,-46.14214601769911,0,3.1467839951767473,1.2794681998516326,1.8673157953251147
2022-08-08,209.65542602539065,218.0288656431762,208.2927484831005,214.1663709411602,388700,7.0065693287889435,206.41972031287787,5.940716128004064,200.10870819091795,214.12184684849584,186.09556953334007,-0.20539152759948553,0,3.304960808174627,1.6845667215162317,1.6203940866583955
2022-08-09,211.91094970703125,212.83192988474443,209.796445182549,211.40346059081065,410000,7.482415246461903,207.41812565726937,7.100799388726786,200.73366241455076,215.69849290747456,185.76883192162697,5.479804476459993,0,3.5711529546921668,2.061883968151419,1.5092689865407478
2022-08-10,213.3488311767578,214.7303087398056,210.98997451364343,214.16643507900545,290800,7.887270819224596,208.49643575172178,7.914653594063004,201.61611709594723,217.39065873439642,185.84157545749804,-29.07317073170732,0,3.8537139507772906,2.4202499646765934,1.4334639861006973
2022-08-11,213.6495361328125,215.6606643297328,212.74735555582305,214.28859385309,183800,7.9728724817534,209.43336309373825,6.993602652256525,202.705793762207,218.6515387257138,186.7600487987002,-36.79504814305364,0,4.055164540207045,2.747232879782684,1.307931660424361
2022-08-12,216.58164978027344,216.7789954995116,212.88830786704685,213.9126643637813,158800,8.152210233853255,210.73305158219918,6.2811310211038585,203.91951904296874,220.22393951067525,187.61509857526224,-13.601741022850922,0,4.400684301065326,3.077923164039212,1.3227611370261134
2022-08-15,218.5551605224609,219.41975610899792,214.78664916050624,214.78664916050624,199900,8.053528795300377,212.15525320770132,6.855350641487301,205.3634910583496,221.47054864895037,189.25643346774885,25.881612090680093,0,4.778671474321783,3.4180728260957265,1.3605986482260564
2022-08-16,219.4761505126953,220.4723290660117,217.33345388839325,217.85974257953987,243200,8.226500585135883,213.48632544497295,7.389511409304372,206.60494003295898,223.05794120323074,190.15193886268722,21.66083041520761,0,5.0938267634237775,3.753223613561337,1.3406031498624404
2022-08-17,221.9477996826172,222.53045858569809,217.5496369821316,217.69059822000528,343900,8.530486772803949,215.0247753063628,7.993058423770094,207.88633041381837,224.94730395942628,190.82535686821046,41.40625,0,5.479862587375834,4.098551408324237,1.3813111790515968
2022-08-18,222.52105712890625,225.09605891124085,222.10755172766548,222.78419432244092,183000,8.660357796675529,216.38773563773432,3.4832424466402667,209.20343170166015,226.5241472950112,191.8827161083091,-46.786856644373366,0,5.765593669237376,4.431959860506865,1.3336338087305109
2022-08-19,221.3087310791016,223.3950432014312,220.13400643093848,222.1545270898188,216800,8.49093817134561,217.28246208161926,3.475684654656419,210.46085739135742,227.44273373404863,193.4789810486662,18.469945355191264,0,5.827042510948047,4.710976390595102,1.1160661203529454
2022-08-22,220.8388519287109,221.2053654631147,219.00626991679096,219.1566381206236,327900,8.250710640096615,217.9290784174541,5.3341934026386095,211.60785903930665,228.10928031949987,195.10643775911342,51.24538745387455,0,5.771297910422959,4.923040694560673,0.8482572158622856
2022-08-23,221.9196014404297,222.34249948252943,220.3125716725686,221.797425477638,192400,7.886804419677605,218.6546280579951,4.723046047047341,212.8107780456543,228.5843868850095,197.0371692062991,-41.32357426044526,0,5.748067225357545,5.088046000720048,0.6600212246374966
2022-08-24,224.91748046875,225.4249552042943,222.67140752791977,222.90635245620703,249300,7.480067248430562,219.79332849631413,5.422410438427794,214.17157974243165,229.13171423929276,199.21144524557053,29.573804573804562,0,5.903508551564244,5.251138510888888,0.6523700406753559
2022-08-25,228.1569061279297,228.18523806194787,225.24804081078628,226.00359267682865,382100,7.28463989719854,221.31397897478968,6.790265149978536,215.5952049255371,230.1644847199342,201.02592513114,53.26915363016447,0,6.216432337768282,5.444197276264767,0.7722350615035154
2022-08-26,223.0758514404297,229.9324682095125,222.96252369580165,228.54414569400177,335000,6.905547952268422,221.63431942308785,2.9985004116206193,216.5599052429199,230.37100114745675,202.74880933838307,-12.326616069091855,0,5.9854317127113745,5.552444163554089,0.43298754915728566
2022-08-29,222.6319274902344,224.7191377027323,219.64752023689897,221.20583410521985,370200,6.415059568600636,221.81570270802357,1.8653263359363903,217.46481857299804,230.29493771019932,204.63469943579676,10.50746268656717,0,5.7008255322357115,5.582120437290413,0.11870509494529813
2022-08-30,218.70309448242188,223.13248808901784,218.55198123405185,223.13248808901784,352200,5.627947848131243,221.24977393973234,-0.3522278062867312,218.1812774658203,229.4371731620828,206.92538176955782,-4.862236628849271,0,5.099465629163063,5.485589475664943,-0.3861238465018797
2022-08-31,217.4659118652344,220.26144984193328,216.5970321401543,218.8731272347523,689000,4.784196272217289,220.56179901709635,-2.0193432076334283,218.7785514831543,228.34694402758888,209.21015893871973,95.62748438387281,1,4.471508509097873,5.282773282351529,-0.8112647732536562
2022-09-01,214.84034729003903,217.20143784003363,213.272594117167,216.51200343450208,430700,4.7922397904853975,219.52153506672227,-3.4516777593851633,218.7690185546875,228.3534981356583,209.1845389737167,-37.489114658925985,0,3.7191152037993334,4.97004166664109,-1.2509264628417567
2022-09-02,214.1981658935547,219.96867253700972,213.38595006054783,216.9842502286632,876100,4.775390783249273,218.55364976250996,-3.21296188852368,218.78517150878906,228.33595307528762,209.2343899422905,103.41304852565591,1,3.0360220446145547,4.583237742235783,-1.547215697621228
2022-09-06,216.3514404296875,217.1447633570739,214.81200485484413,215.83199765189195,587300,4.314063595721809,218.15324806563314,-2.0319846167611844,219.1199722290039,227.74809942044752,210.4918450375603,-32.96427348476202,1,2.6380077427839126,4.194191742345409,-1.5561839995614966
2022-09-07,219.7230834960937,220.48808894881645,214.90646736197183,215.18980111361503,436900,3.966663819037542,218.43867268935324,-0.9897809522362633,219.51057891845704,227.4439065565321,211.57725128038197,-25.608717861399622,0,2.565073389179389,3.8683680717122053,-1.3032946825328162
2022-09-08,219.28863525390625,220.79972446993472,217.60754003464007,219.61917926477864,537700,3.694035557818428,218.59321133745377,-2.5026268314551126,219.80756912231445,227.1956402379513,212.4194980066776,23.071641107804997,0,2.444042643939497,3.5835029861576637,-1.1394603422181668
2022-09-09,222.22586059570312,223.1514041193238,219.36421980692225,219.36421980692225,380400,3.4299084814545786,219.2536930207718,-2.5995467912336534,220.23638534545898,227.09620230836813,213.37656838254983,-29.254230983819973,0,2.5556742224397055,3.3779372334140723,-0.8222630109743667
2022-09-12,221.9425048828125,223.293041718672,221.18695304782943,222.53750429464148,498600,3.33749027268209,219.74256790477918,-0.5080543457747777,220.50442810058593,227.1794086459501,213.82944755522175,31.072555205047326,0,2.5914064937698242,3.2206310854852225,-0.6292245917153982
2022-09-13,216.5497589111328,221.2908324283608,215.82255345011305,219.34529626135367,577400,3.428032024127668,219.16205717866166,-2.7319390563909085,220.40415802001954,227.26022206827489,213.5480939717642,15.804251905334944,0,2.159679603267449,3.008440789041668,-0.8487611857742188
2022-09-14,219.93084716796875,221.1775098345663,215.4920000335683,216.27588378708907,395600,3.4230576927273213,219.30183717671747,0.5613787442982687,220.4268928527832,227.27300823823785,213.58077746732855,-31.4859715968133,0,2.066536748253725,2.8200599808840794,-0.7535232326303545
2022-09-15,219.39254760742188,221.75363827385783,217.8625510561228,218.99588610477508,389800,3.4109683933655375,219.31832998230007,0.8859483887210029,220.29913024902345,227.12106703575452,213.47719346229238,-1.4661274014155734,0,1.9270700251280743,2.6414619897328784,-0.714391964604804
2022-09-16,219.2130889892578,219.65697516024625,214.86867666462948,218.7219781256413,512100,3.377594878701345,219.2991952562924,2.0353447359287236,220.13373184204102,226.8889215994437,213.37854208463833,31.37506413545408,0,1.7815245257871481,2.4694744969437323,-0.6879499711565842
2022-09-19,221.5741729736328,221.6213976648675,217.6642077612112,218.01364453663345,258000,3.382972226378213,219.7128275685361,3.4435435286330307,220.1470039367676,226.91294838952402,213.38105948401116,-49.619214997070884,0,1.8355394578116488,2.3426874891173157,-0.5071480313056669
2022-09-20,219.8741912841797,220.51641539933112,217.9664261089056,220.51641539933112,194400,3.379464027856794,219.74216642592586,1.628253940669766,220.09877090454103,226.85769896025462,213.33984284882743,-24.65116279069768,0,1.7213299454777484,2.2184159803894024,-0.49708603491165393
2022-09-21,219.6569976806641,229.0069113415053,219.5720018717911,224.97417869257404,310000,3.353070361609772,219.72668119951462,-0.030076865105876927,219.98564071655272,226.69178143977226,213.2794999933332,59.46502057613168,0,1.5949072771809938,2.0937142397477206,-0.49880696256672685
2022-09-22,222.4147491455078,226.99527097509423,217.210910308858,220.82810307523104,530800,3.202654140771919,220.21542082605882,1.4255704076875375,219.86050415039062,226.26581243193445,213.4551958688468,71.2258064516129,0,1.6976741664268218,2.014506225083541,-0.31683205865671926
2022-09-23,217.475326538086,220.71473576789668,213.06481123917644,220.3464062284874,296000,2.575561836563675,219.7172218646092,-2.137705325961048,219.32642517089843,224.4775488440258,214.17530149777107,-44.23511680482291,0,1.3648148070794832,1.8845679414827294,-0.5197531344032462
2022-09-26,214.2547912597656,218.9108546857545,214.1414635302583,216.65365280370216,285600,2.6537914758409276,218.72405266372854,-3.463831151723773,218.88537216186523,224.1929551135471,213.57778921018337,-3.513513513513511,0,0.8315653175017133,1.6739674166865264,-0.8424020991848131
2022-09-27,212.4036865234375,216.8992118660112,211.5631389178562,215.49199680030563,325500,2.8704877723299247,217.5748951836756,-1.9146049427821166,218.37396011352538,224.11493565818523,212.63298456886554,13.970588235294112,0,0.2566342533390866,1.3905007840170385,-1.1338665306779518
2022-09-28,212.8286895751953,214.302007645502,209.4287137122172,213.13090164582016,366300,3.12435732533072,216.71194870940647,-3.229268510637473,218.08023986816406,224.3289545188255,211.83152521750262,12.53456221198157,0,-0.1628315421278046,1.07983431878807,-1.2426658609158745
2022-09-29,210.9209442138672,212.205378058469,207.3131909110323,212.205378058469,263100,3.5109366760632583,215.6590388011266,-3.8613906834764844,217.75299148559571,224.77486483772222,210.7311181334692,-28.173628173628174,0,-0.641802019911438,0.7355070510481683,-1.3773090709596063
2022-09-30,209.192611694336,212.6586907095734,208.33317132084576,209.80648944057043,265000,3.9563979538540837,214.4833247817101,-4.571112674486722,217.47060470581056,225.38340061351872,209.5578087981024,0.7221588749524832,0,-1.1476224867425628,0.3588811434900221,-1.506503630232585
2022-10-03,214.4626007080078,216.1909208983537,211.07207778679933,211.7898442001584,294200,3.945312652531238,214.47955676830966,-3.2095673291630766,217.48382644653321,225.3744517515957,209.59320114147073,11.018867924528308,0,-1.110444270357334,0.06501606072055083,-1.1754603310778848
2022-10-04,219.28863525390625,219.35473829169985,215.73754605378733,215.73754605378733,304400,3.9555958208892017,215.35393467478175,-0.2663141257523205,217.63068618774415,225.54187782952255,209.71949454596574,3.4670292318150997,0,-0.6836785898088351,-0.08472286938532636,-0.5989557204235088
2022-10-05,220.0630798339844,221.60251549388104,216.98422292514417,217.93809832546827,235100,3.9657790111831703,216.21014288554585,0.18487102965445423,217.64768600463867,225.57924402700502,209.71612798227233,-22.76609724047306,0,-0.27974775005881725,-0.12372784552002454,-0.15601990453879272
2022-10-06,218.9392242431641,221.423081847594,218.69366158859145,220.16697987221164,221300,3.95893335133181,216.70633949602188,-1.562632386429541,217.63021545410157,225.5480821567652,209.71234875143796,-5.869842620161636,0,-0.0497420082111546,-0.10893067805825056,0.05918866984709596
2022-10-07,219.9403076171875,220.1102992165096,217.36198640651315,218.7597623631636,410700,3.8508050849209496,217.29433369987015,1.1334532143671971,217.51593780517578,225.21754797501768,209.81432763533388,85.58517849073655,0,0.2108872838503828,-0.044967085676523896,0.2558543695269067
2022-10-10,221.9991607666016,225.85246201661352,220.82806915488905,221.90472579746944,238200,3.854252113770532,218.14975680291224,3.6145607112452405,217.51877059936524,225.2272748269063,209.81026637182418,-42.00146092037984,0,0.5769197464290698,0.07941028074459486,0.49750946568447496
2022-10-11,221.6591796875,224.4263853274641,220.535298271147,222.07473393330648,339300,3.954668277426981,218.78783369101907,4.357501188210877,217.77424163818358,225.68357819303753,209.86490508332963,42.44332493702772,0,0.8300017350574649,0.22952857160716889,0.600473163450296
2022-10-12,214.10366821289065,220.4597193453137,213.96200855749072,219.9875012793784,344800,4.001795541976716,217.93616724045026,0.5990633312831006,217.48288269042968,225.48647377438311,209.47929160647624,1.6209843796050727,0,0.4161077710788845,0.26684441150151206,0.14926335957737247
2022-10-13,217.8436737060547,219.0997756756756,210.8642902404896,211.76150181566047,222300,3.977809389069107,217.91935023419651,3.282144178706159,217.40543899536132,225.36105777349954,209.4498202172231,-35.527842227378194,0,0.38543792102242946,0.29056311340569557,0.09487480761673389
2022-10-14,210.7698211669922,217.95698109388465,208.2292855297389,217.95698109388465,321400,4.216732147474703,216.61943585834115,0.7539508493544345,216.98327560424804,225.41673989919744,208.54981130929863,44.57939721097617,0,-0.20727954776208435,0.1909945811721396,-0.398274128934224
2022-10-17,215.34088134765625,218.6747398038791,212.5359048296175,213.1309042155505,234300,4.0879424375423525,216.38697140185297,0.40952624688359585,216.6716110229492,224.8474958980339,208.4957261478645,-27.10018668326073,0,-0.30465419353447487,0.09186482623081671,-0.3965190197652916
2022-10-18,225.3141632080078,225.739156638559,217.05978519036609,217.5225641410728,437500,4.4749108623628135,218.0100971847902,2.74776116287323,216.94360961914063,225.89343134386627,207.993787894415,86.72641912078531,0,0.4181164083931037,0.15711514266327412,0.2610012657298296
2022-10-19,229.6302032470703,229.84741952490748,223.77470204229124,223.77470204229124,416200,5.276989068438966,220.12284374156837,4.3474459324587045,217.44226989746093,227.99624803433886,206.888291760583,-4.868571428571434,0,1.3239243029522356,0.39047697472106646,0.9334473282311692
2022-10-20,229.5074462890625,231.77410191948212,228.1380166185119,228.9691251240945,460700,5.837326680802399,221.82913511384004,4.827011734617659,217.79690475463866,229.47155811624347,206.12225139303385,10.691975012013465,0,2.0087228185298613,0.7141261434828254,1.294596675047036
2022-10-21,236.0051727294922,237.22348914494404,228.6007960259757,230.05522150272049,436900,7.1144150289933705,224.40659649850406,7.304193254228797,218.723397064209,232.95222712219572,204.49456700622227,-5.166051660516602,0,3.040691595856771,1.1794392339576145,1.8612523618991563
2022-10-24,238.073486328125,245.0528694837768,237.7807134028968,237.9790369408467,777600,8.23271435649956,226.89148555843514,7.240714562170414,219.91433181762696,236.37976053062607,203.44890310462785,77.98123140306706,1,3.979556063501235,1.7394625998663387,2.2400934636348966
2022-10-25,238.66848754882807,239.77347621567284,236.4112855211464,236.65683375457184,326000,9.027999439312666,229.03275864759746,7.673631150899407,221.2275718688965,239.28357074752182,203.17157299027116,-58.07613168724279,0,4.717247056458206,2.3350194911847124,2.382227565273493
2022-10-26,237.3085174560547,242.6729232314051,236.8457384726867,240.00015231348087,323400,9.4776279293819,230.53744206731693,10.838137168248174,222.45156326293946,241.40681912170325,203.49630740417567,-0.797546012269934,0,5.132964641186646,2.8946085211850994,2.238356120001547
2022-10-27,239.55625915527344,242.5028957680903,239.0557090745309,239.20682233953545,337100,9.801448805400556,232.17722699239994,9.967048884107799,223.88332901000976,243.48622662081087,204.28043139920865,4.2362399505256665,0,5.5794810081772255,3.4315830185835248,2.1478979895937007
2022-10-28,243.06007385253903,245.38340753448617,236.51513824698256,240.8595503035628,408600,10.052178849612615,234.15592642151614,15.320149965854647,225.57670211791992,245.68105981714515,205.4723444186947,21.210323346188066,0,6.145238525023814,3.9743141198715826,2.170924405152231
2022-10-31,242.78619384765625,243.6456341526947,240.349546993355,240.90676083075093,294700,10.393347446922032,235.72506595354162,12.7450544124462,226.99288177490234,247.77957666874642,206.20618688105827,-27.87567302985805,0,6.49661665293263,4.478774626483792,2.0178420264488377
2022-11-01,242.5689849853516,245.57228512015732,242.0778885476924,243.26785853546355,292500,10.781496318575542,236.96941486841615,7.65811679641919,228.15689926147462,249.7198918986257,206.59390662432355,-0.7465218866644086,0,6.680550186888894,4.919129738564813,1.7614204483240812
2022-11-02,239.67901611328125,242.87121505987795,238.432367831142,241.171227028822,477100,10.89805055116176,237.4620696402098,4.376084994097629,229.13769607543946,250.93379717776298,207.34159497311595,63.111111111111114,0,6.517987203049756,5.238901231461802,1.2790859715879543
2022-11-03,230.67855834960932,233.37020747651448,218.71255256903825,231.8591036840496,820400,10.632763271751275,236.22870395100966,0.5102719234093334,229.72466278076172,250.99018932426426,208.45913623725917,71.9555648710962,1,5.598358750768341,5.31079273532311,0.28756601544523086
2022-11-04,230.3952178955078,234.1729628559948,226.05081983751984,231.0657739668137,361400,10.380417347399106,235.1680701227366,-2.3770474049797485,230.24740829467774,251.00824298947595,209.48657359987953,-55.94831789371039,0,4.791450511180528,5.206924290494594,-0.41547377931406526
2022-11-07,230.7635498046875,231.77410350917503,226.9102481764031,229.9702268135284,323100,10.197265657314018,234.36724824672766,-3.070453848591348,230.68562774658204,251.08015906121008,210.291096431954,-10.59767570558937,0,4.134036623789285,4.992346757153532,-0.8583101333642471
2022-11-08,230.9429931640625,232.96408614603536,229.06355985404548,230.33855454546185,288900,9.973597576106668,233.74465641351583,-3.23691429233407,231.14981842041016,251.0970135726235,211.20262326819682,-10.584958217270191,0,3.5861718047999602,4.7111117666828175,-1.1249399618828573
2022-11-09,225.5218963623047,230.5274107161921,224.3319120305608,230.35741913063657,287900,9.246802567384167,232.24960913147743,-4.966792266920073,231.72072982788086,250.2143349626492,213.22712469311253,-0.346140533056416,0,2.6836127652259165,4.305611966391438,-1.6219992011655213
2022-11-10,230.60299682617188,232.3879807575352,226.5608108396884,230.22522809154768,295600,8.660559179752964,231.95022507596732,-3.737436191679011,232.35869598388672,249.67981434339265,215.0375776243808,2.6745397707537366,0,2.3512270844410637,3.9147349900013633,-1.5635079055602996
2022-11-11,214.934799194336,224.77582299268445,212.4414881207712,223.746390959456,790300,8.14909014032925,228.85651127930709,-11.571326467738274,232.56694488525392,248.86512516591242,216.26876460459542,167.35453315290934,1,0.814131630751632,3.294614318151417,-2.480482687399785
2022-11-14,208.833740234375,217.872002118054,208.8148618851489,214.67036378789152,738700,8.962366716074992,225.2160074529558,-13.984507551770331,232.24158782958983,250.16632126173982,214.31685439743984,-6.529166139440723,1,-0.8861174494948614,2.4584679646221614,-3.344585414117023
2022-11-15,210.8076171875,212.8098173831047,207.37930906193444,210.0142798021698,837500,10.070959337674589,222.59630013196386,-13.093746424246945,231.51626052856446,251.65817920391365,211.37434185321527,13.37484770542845,1,-2.050662955427356,1.556641780612258,-3.607304736039614
2022-11-16,211.4970245361328,212.8947859422604,209.40037522146585,210.9681426208928,519100,11.02110942639836,220.57825002363094,-11.758222323404643,230.60960159301757,252.65182044581428,208.56738274022086,-38.017910447761196,0,-2.884691321660995,0.6683751601576076,-3.553066481818602
2022-11-17,211.57261657714844,212.52649201891447,209.5231916069882,210.46762787402724,630800,11.816450070547145,218.94086212427047,-8.282495741760487,229.71286010742188,253.34576024851617,206.07995996632758,21.518011943748803,0,-3.4992282398352472,-0.16514551984096348,-3.3340827199942837
2022-11-18,214.67979431152344,217.32421860292777,212.23370796662948,212.23370796662948,949900,12.175477152611311,218.16612252195281,-6.821071950856139,228.64659118652344,252.99754549174605,204.29563688130082,50.586556753329106,1,-3.6929597582856104,-0.8707083675298929,-2.8222513907557176
2022-11-21,219.7608795166016,221.73474787614563,213.8959238978612,214.29258540473447,529200,12.117678636994603,218.45607833916165,-4.7679411663576365,227.73096084594727,251.96631811993646,203.49560357195807,-44.28887251289609,0,-3.397329965688783,-1.376032687161671,-2.021297278527112
2022-11-22,217.6075592041016,221.8480687315673,216.61589826222271,220.9130860697288,430900,12.031975404879487,218.3018021327871,-5.774340142239076,226.67791442871095,250.74186523846993,202.61396361895197,-18.57520786092215,0,-3.2987700110538185,-1.7605801519401005,-1.538189859113718
2022-11-23,216.0977783203125,219.34522537287583,213.37258470213692,216.8099381429517,338400,11.980323775042116,217.90107053051895,-4.178804007062887,225.61737747192382,249.57802502200803,201.6567299218396,-21.46669760965422,0,-3.3043962138380607,-2.0693433643196926,-1.2350528495183681
2022-11-25,218.73751831054688,218.83247875003704,216.96187110572544,217.78797187136044,115100,11.60400121174623,218.0531519450695,-5.145413840640234,224.5764404296875,247.78444285317994,201.36843800619505,-65.9869976359338,0,-3.060569721484086,-2.2675886357525714,-0.7929810857315145
2022-11-28,217.36070251464844,218.70905686628728,215.72748130248183,216.82895876909288,504100,10.847758252798574,217.92725204862927,1.1286694055154145,223.29147186279297,244.98698836839012,201.59595535719583,337.96698523023457,0,-2.9444907414324746,-2.4029690568885522,-0.5415216845439224
2022-11-29,216.5155792236328,219.9624228833763,216.0692912461326,217.65503203236443,386400,9.913214464239642,217.6705842622663,3.678447256959738,221.9779411315918,241.80437006007108,202.1515122031125,-23.34854195596112,0,-2.8874074641347534,-2.4998567383377925,-0.3875507257969608
2022-11-30,220.2567901611328,220.3517361081388,213.7049112827292,216.297168907739,526800,8.648833724382142,218.14080351660564,4.482367904774698,220.86233139038086,238.15999883914515,203.56466394161657,36.33540372670807,0,-2.5113349930138895,-2.5021523892730118,-0.00918260374087776
2022-12-01,219.2502593994141,221.491189497638,217.1707649405036,221.2348223999884,343500,7.430054962421666,218.34252276802533,3.665883659728131,219.8408935546875,234.70100347953084,204.98078362984418,-34.79498861047836,0,-2.2683651690761053,-2.4553949452336306,0.18702977615752525
2022-12-02,228.5368194580078,229.52435582288453,217.56957018382457,217.56957018382457,808100,7.279543851319882,220.19603125711305,8.018146750420097,219.73380661010742,234.2928943127472,205.17471890746765,135.25473071324598,1,-1.3113456707860394,-2.2265850903441127,0.9152394195580733
2022-12-05,223.94102478027344,226.33388582160865,220.94045460816267,225.7926374061578,386400,6.916020983648188,220.87693917041491,4.313973980854002,219.4110969543457,233.24313892164207,205.57905498704935,-52.18413562677886,0,-0.9132160590015417,-1.9639112840755986,1.0506952250740569
2022-12-06,223.81759643554688,224.4537908079461,221.66212197248183,224.4063105884387,432400,6.476363165702402,221.4116041277116,1.8459686400366992,219.06379928588868,232.0165256172935,206.11107295448386,11.904761904761907,0,-0.6007302646300445,-1.691275080186488,1.0905448155564434
2022-12-07,222.49771118164065,226.97006644659223,222.42174573377608,223.7890803285549,440700,5.9117754103755455,221.60907813751686,2.2472344230249908,218.64153518676758,230.46508600751866,206.8179843660165,1.9195189639222843,0,-0.45434927488273047,-1.4438899191257366,0.9895406442430061
2022-12-08,223.3712921142578,226.75167485536343,222.1653641738316,226.37184761601424,288100,5.7985145888608915,221.9294806787425,3.365843855721695,218.53400497436525,230.13103415208704,206.93697579664345,-34.62673020195144,0,-0.264798176896079,-1.2080715706798053,0.9432733937837263
2022-12-09,221.5861358642578,226.30538236261165,221.38672475648585,223.5706842498953,189500,5.121792484735519,221.86705434883618,1.3022994755141681,218.08316192626953,228.32674689574057,207.83957695679848,-34.22422769871572,0,-0.25567746563135074,-1.0175927496701145,0.7619152840387637
2022-12-12,223.5516967773437,223.61817197847708,220.1048532782993,221.36775169948183,241700,5.204767784925358,222.17335297220117,2.8482583056971933,218.5140068054199,228.9235423752706,208.1044712355692,27.54617414248022,0,-0.08882102395972424,-0.8318384045280365,0.7430173805683122
2022-12-13,220.2472686767578,225.92555168179297,219.39268277404412,225.92555168179297,409700,4.687529651599187,221.82315582757508,1.7235200656256833,219.08468322753907,228.45974253073746,209.7096239243407,69.50765411667356,0,-0.2206819392328896,-0.7096071114690071,0.48892517223611753
2022-12-14,221.6051483154297,224.15943050552573,218.81347952014147,220.6650921428545,283100,4.288904525590416,221.78351809809408,0.6121755217219249,219.62455978393555,228.20236883511637,211.04675073275473,-30.90065901879424,0,-0.21315599638498384,-0.6103168884522024,0.3971608920672186
2022-12-15,216.9808349609375,222.29830040812527,215.4805499634172,221.1208576978248,490100,3.8995828485382487,220.9103029822474,-1.03508403807282,219.89875030517578,227.69791600225227,212.0995846080993,73.11903920876016,0,-0.5737215680574934,-0.6029978243732607,0.029276256315767246
2022-12-16,219.60157775878903,221.4531901535997,214.36007810438693,215.3286193912597,1081400,3.375365705271709,220.67235294161858,-3.9097602392513253,220.30019836425782,227.05092977480123,213.54946695371441,120.64884717404611,1,-0.6406157207579781,-0.6105214036502041,-0.030094317107773993
2022-12-19,217.9873504638672,221.90896681993007,217.1042648729823,219.2882242549385,251100,3.1596311123082637,220.1841706729365,-2.6585902794040828,220.465576171875,226.78483839649152,214.14631394725848,-76.7800998705382,0,-0.8144954739414629,-0.6513162177084559,-0.163179256233007
2022-12-20,217.2562255859375,221.2822931670344,217.24672084874484,218.2152622620344,220300,3.2377036679960733,219.65181702075483,-2.93157059771163,220.3403434753418,226.81575081133394,213.86493613934965,-12.266029470330542,0,-0.9997674021800549,-0.7210064546027758,-0.2787609475772791
2022-12-21,218.7849884033203,219.32622231436133,216.9238710935324,217.9588731869952,163500,3.1958318112019284,219.4942118175849,-1.6686566161075667,220.39921493530272,226.79087855770658,214.00755131289887,-25.78302315024966,0,-1.0115775211833693,-0.7791206679188946,-0.23245685326447474
2022-12-22,217.4745941162109,218.32918001495,213.80934471439144,217.85440685144448,185700,3.112028846099957,219.12700859915324,-2.6398638527956653,220.46805572509766,226.69211341729758,214.24399803289774,13.577981651376136,0,-1.1138353920672444,-0.8460636127485646,-0.2677717793186798
2022-12-23,218.462158203125,219.5256455882188,217.2277449231817,217.5031070179189,146800,3.120684988961514,219.0061267089663,-1.4098254157229984,220.45428771972655,226.69565769764958,214.21291774180352,-20.947765212708667,0,-1.1024786356319112,-0.8973466173252339,-0.20513201830667727
2022-12-27,220.38021850585932,221.4152205951576,218.42415525777568,218.42415525777568,308800,3.035007709975168,219.25596158112864,-1.4186777900608627,220.60526351928712,226.67527893923744,214.5352480993368,110.35422343324251,0,-0.9280093734130901,-0.9034791685428052,-0.0245302048702849
2022-12-28,217.740463256836,220.78851330426747,217.55055689154943,219.7914867753547,162500,2.9595582000790017,218.98041643125725,-1.1381777558389983,220.66650772094727,226.58562412110527,214.74739132078926,-47.376943005181346,0,-0.9913200924126215,-0.9210473533167685,-0.07027273909585308
2022-12-29,219.31671142578125,219.6110684623725,216.8004195107979,218.12028829639937,134200,2.9738385987034763,219.04156097571615,-1.032664135758754,220.6195037841797,226.56718098158666,214.67182658677274,-17.41538461538461,0,-0.9038848178392414,-0.917614846221263,0.013730028382021642
2022-12-30,219.04135131835932,219.74402085343905,216.278182372538,219.6015946924428,145300,2.9792630411817678,219.0415228561967,0.9496305781073966,220.60905838012695,226.5675844624905,214.65053229776342,8.271236959761552,0,-0.8470467643599875,-0.9035012298490079,0.056454465489020444
2023-01-03,216.82891845703125,219.164794403434,215.78441165893068,218.0918023734696,212900,2.441208414530173,218.6392311472575,-1.2625862391586695,220.02366333007814,224.90608015913847,215.1412465010178,46.52443220922229,0,-0.9693529420037237,-0.9166715722799512,-0.052681369723772464
2023-01-04,216.64849853515625,218.31969489392213,214.2936131568479,215.6134964917545,624400,2.3688487282568125,218.2772797632391,-0.6141878993721095,219.65903701782227,224.3967344743359,214.92133956130866,193.2832315641146,1,-1.068522585583537,-0.9470417749406683,-0.12148081064286864
2023-01-05,215.49954223632807,217.27520377155184,213.43902838592243,216.65798994782665,359900,2.330187712942341,217.772236576528,-0.8085767599394167,219.24313430786134,223.90350973374603,214.58275888197664,-42.36066623959,0,-1.2256973377467943,-1.0027728875018935,-0.22292445024490082
2023-01-06,218.5001373291016,220.94046420642812,215.0722740157829,218.27224096181203,348200,2.204379192010275,217.904582167905,-0.1301968093412431,219.0432556152344,223.45201399925494,214.63449723121383,-3.2509030286190566,0,-1.0955081779070213,-1.0213199455829192,-0.0741882323241021
2023-01-09,210.38150024414065,217.92090105643493,209.5364045189473,217.92090105643493,531300,2.716265202457554,216.53674909085694,-3.261573564901077,218.3937660217285,223.8262964266436,212.9612356168134,52.584721424468704,1,-1.6286642654036996,-1.1427888095470753,-0.4858754558566243
2023-01-10,212.66989135742188,214.5120135443144,209.0616124282324,211.37850777715173,452500,2.890823789960996,215.83368404841417,-2.6513822317536184,217.9479537963867,223.7296013763087,212.16630621646473,-14.831545266327872,0,-1.8452691538028887,-1.283284878398238,-0.5619842754046507
2023-01-11,215.57553100585932,215.84140285474484,211.4355078731626,213.1921746144472,411100,2.6139894393051333,215.78674713158603,-2.1801809311992604,217.5491455078125,222.77712438642277,212.32116662920225,-9.149171270718238,0,-1.7621562123165972,-1.3790591451819099,-0.3830970671346874
2023-01-12,216.94287109375,218.65205754247168,215.14822894482435,215.58501218293029,286900,2.5377945548323693,215.9969514883431,-0.3663040627158054,217.3839256286621,222.45951473832685,212.30833651899735,-30.21162734127949,0,-1.5678821205247289,-1.4168237402504738,-0.1510583802742551
2023-01-13,211.8153381347656,214.31263549977524,209.18509035451032,212.5939587063532,368500,2.6234373733453995,215.23665815132898,-3.420338214196772,216.8944351196289,222.1413098663197,211.6475603729381,28.441965841756712,0,-1.806839439974027,-1.4948268801951845,-0.31201255977884257
2023-01-17,210.3720245361328,214.7684148650445,208.2260402286765,212.64144003292705,282300,3.001022681047127,214.3521793122024,-3.9578493878200782,216.56399459838866,222.56603996048293,210.5619492362944,-23.392130257801902,0,-2.0886020777244028,-1.6135819197010282,-0.4750201580233746
2023-01-18,208.2640380859375,210.5429439177464,207.086595195776,210.4290029728349,352500,3.436276916354943,213.24524454379056,-3.950063687095795,215.9971176147461,222.86967144745597,209.1245637820362,24.86716259298618,0,-2.453713011274033,-1.781608138015629,-0.6721048732584038
2023-01-19,206.72576904296875,209.2325711525076,205.7192376107371,207.99815783963652,265400,3.97364805617366,212.05988536182292,-4.580105359270381,215.43403854370118,223.3813346560485,207.48674243135386,-24.70921985815603,0,-2.8345169653600237,-1.9921899034845079,-0.8423270618755159
2023-01-20,207.09608459472656,209.09012342763347,205.5103292878686,207.6088332977801,356600,4.359185014381763,211.15737613144177,-3.899524590351955,214.92603149414063,223.64440152290416,206.2076614653771,34.3632253202713,0,-3.0710246122631304,-2.2079568452402327,-0.8630677670228977
2023-01-23,206.94415283203125,209.84976261150032,206.80171217310053,208.1120908928332,384300,4.604665568752464,210.39133553154895,-5.28877676615136,214.33398971557617,223.5433208530811,205.12465857807123,7.76780706674145,0,-3.2334451074334254,-2.4130544976788713,-0.8203906097545541
2023-01-24,209.0426177978516,209.2230339179548,203.0320023066976,206.53581607767376,373700,4.687251829443328,210.14611412542214,-0.6364069296660224,213.9123908996582,223.28689455854484,204.53788724077154,-2.758261774655213,0,-3.156450340194482,-2.5617336661819934,-0.5947166740124885
2023-01-25,205.9186248779297,208.2355203220828,201.05695213539704,208.2355203220828,475000,4.881593602073143,209.37747971678715,-3.174528578728486,213.28521423339845,223.04840143754473,203.52202702925217,27.107305325127108,0,-3.3093632729760145,-2.7112595875407974,-0.5981036854352171
2023-01-26,206.56431579589844,209.60287584225503,205.4818334882856,206.7162466960019,358900,4.801625808085849,208.86599536753465,-4.18007329863237,212.59441909790038,222.19767071407207,202.9911674817287,-24.4421052631579,0,-3.3399452038019035,-2.8369967107930187,-0.5029484930088848
2023-01-27,207.2100067138672,209.31800078074207,205.6242660399437,207.46638828657564,244100,4.784966579117237,208.56490652141326,-4.486372071510402,212.06789627075196,221.63782942898644,202.49796311251748,-31.98662580105879,0,-3.274335244995058,-2.924464417633427,-0.3498708273616309
2023-01-30,205.7382202148437,209.33700924526264,204.89312448416584,208.30199264024304,292800,4.664100887827378,208.05096355658242,-2.869064144946576,211.38897171020508,220.71717348585983,202.06076993455034,19.950839819746015,0,-3.3030245393562723,-3.000176441977996,-0.3028480973782761
2023-01-31,209.4129638671875,209.65035047533377,205.6717630935024,206.3459329468377,260600,4.3166343238301526,208.2985999766924,-0.455887930469856,210.90755233764648,219.5408209853068,202.27428368998616,-10.997267759562845,0,-2.9947186576647766,-2.9990848851153524,0.004366227450575799
2023-02-01,207.34292602539065,209.2230236005793,206.29841932310447,208.3684377452008,344300,4.149686654202684,208.1248410764557,-0.4422808992912919,210.43325271606446,218.73262602446982,202.1338794076591,32.11818879508825,0,-2.8841718413527815,-2.9761022763628384,0.09193043501005693
2023-02-02,206.72576904296875,208.50141631128773,203.65872350268955,206.12755012843164,521500,3.9561492029170364,207.87046434309445,0.0,209.93711624145507,217.84941464728914,202.024817835621,51.46674411850132,0,-2.8139249286935524,-2.9436668068289813,0.12974187813542892
2023-02-03,206.0230865478516,207.9981448270981,204.38037530898475,207.3334652352672,362400,3.8200309910032697,207.5345774712321,-0.5181160469425405,209.46329345703126,217.10335543903778,201.82323147502473,-30.508149568552255,0,-2.782875097261126,-2.91150846491541,0.12863336765428413
2023-02-06,210.80877685546875,211.008187961172,206.56430357411,206.56430357411,564400,3.1990790268682847,208.1298864501842,1.8674719582796095,209.0787254333496,215.47688348708618,202.68056737961302,55.73951434878588,1,-2.3450701609470457,-2.798220804121738,0.4531506431746921
2023-02-07,213.9422912597656,214.8348671697713,207.84620527587373,210.4479675572808,446500,3.369922023853611,209.18668732465352,2.343863425328929,209.25676498413085,215.99660903183806,202.51692093642365,-20.889440113394752,0,-1.7253691881536781,-2.5836504809281258,0.8582812927744476
2023-02-08,214.3126220703125,215.06277184882128,211.8248151098869,212.22362286384555,377700,3.475844808451161,210.11867546022788,4.07636618463183,209.3389015197754,216.2905911366777,202.38721190287308,-15.408734602463603,0,-1.190644097082128,-2.305049204158926,1.1144051070767982
2023-02-09,209.3275146484375,211.82482647993484,201.24687947289672,209.84976810031915,1109000,3.151450312828644,209.97482803990232,1.3376941907378148,209.0265007019043,215.32940132756158,202.723600076247,193.61927455652634,1,-1.1558037306419635,-2.0752001094555337,0.9193963788135702
2023-02-10,210.16311645507807,211.8912834511015,208.7672820215179,210.07766075235293,492700,2.5652112250341164,210.00906229720698,1.425177185235449,208.6875129699707,213.81793542003894,203.55709051990246,-55.572587917042384,0,-1.048677900785691,-1.8698956677215652,0.8212177669358742
2023-02-13,207.8936920166016,212.41352768377115,206.25098079452923,210.73282649173777,509900,2.461319286613581,209.62444951891507,1.0476768971302564,208.4914306640625,213.41406923728968,203.56879209083533,3.4909681347676136,0,-1.1338333693433356,-1.7226832080459193,0.5888498387025838
2023-02-14,205.28244018554688,208.50140192788348,205.14950426803463,207.96015352084407,450400,2.5190803785563114,208.83499327648445,-1.9724297891415499,208.2369514465332,213.27511220364582,203.19879068942058,-11.668954696999412,0,-1.395934428162434,-1.6573334520692224,0.2613990239067885
2023-02-15,207.39044189453125,208.2640228825839,203.5447759062752,204.23794075210188,541200,2.5261499657450073,208.57234757067476,0.022916561491359566,208.1932716369629,213.2455715684529,203.14097170547288,20.159857904085253,0,-1.4172164954303526,-1.6093100607414486,0.192093565311096
2023-02-16,207.8747100830078,210.9892213246568,206.11805781861773,206.11805781861773,302900,2.5039879105122558,208.44550439109895,0.5557802713024307,208.25071868896484,213.25869450998934,203.24274286794034,-44.03178122690318,0,-1.3791087838622786,-1.5632698053656147,0.18416102150333602
2023-02-17,213.211166381836,214.4835697132513,208.14059151001103,208.14059151001103,1362000,2.7196391384346996,209.31198838941478,3.488968131886949,208.5564727783203,213.99575105518971,203.1171945014509,349.6533509409046,1,-0.9078357576974554,-1.4321829958319827,0.5243472381345273
2023-02-21,210.8182983398437,215.3476242907072,209.8592471913068,214.69244943746665,406400,2.736672325380614,209.5858629258564,0.004516645140184572,208.75018005371095,214.22352470447217,203.27683540294973,-70.16152716593244,0,-0.7191431079814095,-1.2895750182618682,0.5704319102804587
2023-02-22,209.6123504638672,212.46098942826856,208.5678437146825,211.1886008348451,338800,2.7428348870043235,209.59067884185833,-2.0238825948821204,208.7786666870117,214.26433646102035,203.29299691300307,-16.63385826771654,0,-0.6593125935184787,-1.1635225333131902,0.5042099397947115
2023-02-23,207.51153564453125,210.79642910206616,205.78315049374973,209.39270992607567,343200,2.6777704278745804,209.21265280598067,-3.173441844013236,208.8583122253418,214.21385308109095,203.50277136959264,1.298701298701288,0,-0.7725096678490218,-1.0853199602203567,0.31281029237133495
2023-02-24,210.79644775390625,211.09246761421852,206.39431070835496,207.02455500043752,578900,2.654063790599652,209.5006155237853,0.7017391420978791,209.06991882324218,214.37804640444148,203.76179124204288,68.67715617715618,0,-0.5903490345356772,-0.9863257750834208,0.39597674054774357
2023-02-27,207.5784149169922,212.28611591158332,207.5211226277658,211.0829341255028,425800,2.64172553361807,209.1511245043684,-1.229854972501021,209.08833923339844,214.3717903006346,203.8048881661623,-26.44670927621351,0,-0.6976121374823094,-0.9285830475631986,0.2309709100808892
2023-02-28,205.4967193603516,208.98215113396049,205.42988320779105,207.96993384984737,375100,2.6583441803743275,208.48668720545624,-1.1529799836632826,209.07626419067384,214.3929525514225,203.75957582992518,-11.90699859088774,0,-0.9397613692382265,-0.9308187118982043,-0.008942657340022198
2023-03-01,206.0028076171875,206.1555967715765,203.87336159695224,204.5608982209272,242600,2.743608766414156,208.0350727348619,0.3509152711695718,208.90575637817383,214.39297391100214,203.41853884534552,-35.32391362303385,0,-1.0783981842368746,-0.9603346063659384,-0.11806357787093624
2023-03-02,207.7120819091797,207.83621033370235,204.26485531971025,205.1720171441445,203600,2.7337654619952914,207.9763471301924,0.15508912161534827,208.9242141723633,214.39174509635387,203.4566832483727,-16.07584501236603,0,-1.038374968316333,-0.9759426787560174,-0.06243228956031566
2023-03-03,208.6478881835937,208.9343641707695,206.8144622647525,208.53330361703303,263600,2.6857760457281765,208.0984455035381,0.37194428330273865,209.02032012939452,214.39187222085087,203.64876803793817,29.469548133595282,0,-0.9205332021197989,-0.9648607834287737,0.04432758130897474
2023-03-06,207.0532073974609,209.75560536412755,206.0600925004061,208.523762885962,311000,2.6346629895132136,207.90840221152405,-2.8881972219723773,209.071826171875,214.34115215090142,203.80250019284856,17.98179059180576,0,-0.9449276280433878,-0.9608741523516965,0.015946524308308674
2023-03-07,204.350814819336,208.2468507942911,204.350814819336,207.5975041797441,259100,2.801063887436083,207.2615681402171,-3.067799888073275,208.74892807006836,214.35105584494053,203.1468002951962,-16.688102893890676,0,-1.1688471403063545,-1.0024687499426281,-0.16637839036372637
2023-03-08,202.7751922607422,205.78315364346244,200.9704125169553,205.20065782294003,322200,2.824260615167262,206.445863434858,-3.2618107606706026,208.1905731201172,213.83909435045172,202.54205188978267,24.35353145503667,0,-1.4566531487157874,-1.09330562969726,-0.36334751901852735
2023-03-09,200.54071044921875,206.06964934487632,200.48341816151665,204.3508078599368,333500,2.929973508730548,205.37219925565086,-3.3592470768726623,207.5019775390625,213.3619245565236,201.64203052160138,3.5071384233395397,0,-1.8437914120787582,-1.2434027861735597,-0.6003886259051985
2023-03-10,198.58316040039065,201.2187076891024,197.5995893466481,200.03461362391425,266800,3.50601593115241,204.13782855469447,-5.793877213611287,206.96475982666016,213.97679168896497,199.95272796435535,-19.999999999999996,0,-2.282250836989533,-1.4511723963367544,-0.8310784406527787
2023-03-13,199.72903442382807,200.454760979384,194.1714496903545,196.47278692483167,814300,3.771315141762912,203.33622962180965,-3.781404967516966,206.44305572509765,213.98568600862347,198.90042544157183,205.20989505247377,1,-2.5083558678905433,-1.6626090906475124,-0.8457467772430309
2023-03-14,198.95556640625,202.0590248745884,197.4468063869956,201.2568891505213,359900,4.10517764375952,202.53974540079878,-3.1830936155390677,205.99614944458008,214.20650473209912,197.78579415706105,-55.8025297801793,0,-2.7186195844672056,-1.873811189411451,-0.8448083950557546
2023-03-15,196.167221069336,197.66643727354705,193.60806839232689,196.9502545298023,339600,4.657429138213214,201.38110461326008,-4.7744915040812685,205.54038848876954,214.85524676519597,196.2255302123431,-5.640455682133927,0,-3.0748068014310377,-2.1140103118153686,-0.9607964896156691
2023-03-16,196.0048828125,198.65953227921247,193.96137535458232,195.17411551465668,333000,5.094697452354732,200.4036097403946,-5.636262941025527,204.97111053466796,215.16050543937743,194.78171562995848,-1.9434628975265045,0,-3.331780387330582,-2.3575643269184114,-0.9742160604121706
2023-03-17,190.38047790527344,195.51790041521787,189.79798199031404,195.51790041521787,753700,5.992610197937219,198.5812221340089,-8.755137872397912,204.09639892578124,216.0816193216557,192.1111785299068,126.33633633633634,1,-3.943814438542546,-2.6748143492432384,-1.2690000892993076
2023-03-20,194.1619110107422,195.75660944652088,191.99426057266385,191.99426057266385,376100,5.981495678782041,197.77771102068766,-6.226079058979506,203.14393615722656,215.10692751479064,191.18094479966248,-50.09950908849675,0,-4.076731758702067,-2.9551978311350044,-1.1215339275670626
2023-03-21,196.26272583007807,197.26538462583463,194.725319562125,196.0622028133923,374300,5.883292609507462,197.50225916784953,-3.9579431070086546,202.4161575317383,214.18274275075322,190.64957231272336,-0.47859611805370905,0,-3.9668244113164803,-3.1575231471713,-0.8093012641451804
2023-03-22,190.41867065429688,196.80702303467768,190.1990307894549,196.1385741531936,524800,6.204345413027651,196.21433398356723,-6.093704791341759,201.45647354125975,213.86516436731506,189.04778271520445,40.20838899278654,0,-4.301701125691295,-3.386358742875299,-0.9153423828159961
2023-03-23,187.8595123291016,190.48551583707965,186.92370424971207,189.7215846296945,412600,6.728914881589935,194.6952755009371,-6.323503138944108,200.47387237548827,213.93170213866813,187.0160426123084,-21.379573170731703,0,-4.719196068870161,-3.652926208074272,-1.0662698607958894
2023-03-24,191.0107269287109,191.82240660034608,187.1624391666106,187.56349978776012,275500,6.584309243493443,194.02535757871414,-3.8132304151127006,199.4845863342285,212.6532048212154,186.3159678472416,-33.22830828889967,0,-4.741134291974561,-3.8705678248543296,-0.8705664671202311
2023-03-27,195.6420288085937,195.68976266743303,191.87012143069063,192.99692317233263,548100,6.348811565578903,194.31929780232858,-2.0462751582534966,198.88776702880858,211.58539015996638,186.19014389765078,98.94736842105263,0,-4.334843755077372,-3.9634230108989383,-0.37142074417843407
2023-03-28,197.4945526123047,199.0796926154255,195.3460044658912,195.3460044658912,450000,6.159724102954789,194.89661685868788,-0.7343417529530383,198.48765869140624,210.8071068973158,186.16821048549667,-17.898193760262725,0,-3.81934535288093,-3.934607479295337,0.11526212641440692
2023-03-29,199.36618041992188,199.4043849933095,197.294026722296,198.3826239314353,395500,5.907149617597484,195.70926477891226,1.6307308291099165,198.15582733154298,209.97012656673795,186.34152809634801,-12.111111111111105,0,-3.2226358923999783,-3.7922131619162656,0.5695772695162873
2023-03-30,197.63780212402344,200.53117940404832,197.1412446475866,199.48077215981195,504900,5.462145849738606,196.05990793256882,0.8331013432382184,197.65211334228516,208.57640504176237,186.72782164280795,27.661188369152967,0,-2.8562796162840414,-3.605026452789821,0.7487468365057794
2023-03-31,197.685546875,199.31843543152712,196.88341109853457,198.7645856740436,573400,4.811997700291394,196.35547864937445,3.837089311941577,197.10399627685547,206.72799167743827,187.48000087627267,13.567042978807686,0,-2.5328894526818146,-3.39059905276822,0.8577096000864053
2023-04-03,199.5762481689453,202.62241428811103,198.0579443234019,198.0579443234019,562000,4.256766112629045,196.94107310747822,2.788568123386237,196.7301483154297,205.24368054068776,188.2166160901716,-1.988140913847225,0,-2.099831079371853,-3.132445458088947,1.0326143787170938
2023-04-04,198.9364776611328,200.23515633757103,197.85742428835505,199.31843597800108,554600,3.9041723692651567,197.30387393541542,1.3623329747135315,196.45943145751954,204.26777619604985,188.65108671898923,-1.3167259786476815,0,-1.7876464561269074,-2.8634856576965393,1.0758392015696319
2023-04-05,198.29669189453125,200.4738863830462,197.91471900221003,198.0961543047156,321100,3.642530345234436,197.4843862916183,4.137210502081934,196.235506439209,203.52056712967786,188.95044574874012,-42.10241615578796,0,-1.573722365665276,-2.6055329992902867,1.0318106336250108
2023-04-06,196.835678100586,200.25425895405075,196.7210789487163,199.33753859297283,381100,3.503619032876996,197.36643934779426,4.778126835419183,196.05025482177734,203.05749288753134,189.04301675602335,18.685767673621932,0,-1.5047319721919337,-2.3853727938706166,0.880640821678683
2023-04-10,200.2255859375,201.58157139409465,196.9311482964586,196.9311482964586,373500,3.584428908463312,197.8862841822862,4.824262572556082,196.13237609863282,203.30123391555944,188.9635182817062,-1.9942272369456782,0,-1.1631117285237735,-2.1409205808012484,0.9778088522774748
2023-04-11,199.7386016845703,201.6770685830145,199.1179157682161,201.400150984998,224700,3.5849347691971394,198.22306918270147,2.093912489521621,196.13285446166992,203.3027240000642,188.96298492327566,-39.83935742971888,0,-0.9210534526240224,-1.8969471551658033,0.9758937025417809
2023-04-12,201.03726196289065,202.80385182572203,199.9964132449422,200.08235167396003,217400,3.699589067400792,198.7347405972813,1.793826363170914,196.23693923950196,203.63611737430355,188.83776110470038,-3.2487761459724096,0,-0.6173134883052569,-1.6410204217936941,1.0237069334884372
2023-04-13,201.915771484375,202.84203560187697,199.2229321290241,200.51205223705853,255600,3.911146080070973,199.31310984948016,1.278848327777049,196.5243667602539,204.34665892039587,188.70207460011196,17.571297148114073,0,-0.302225138611675,-1.3732613651572902,1.0710362265456153
2023-04-14,200.48341369628903,201.9253375682949,199.1560889679101,201.0181611306324,197000,4.006872626529077,199.52589236708178,1.439811383087486,196.74829330444337,204.7620385575015,188.73454805138522,-22.926447574334897,0,-0.16617904558097507,-1.1318449012420273,0.9656658556610522
2023-04-17,201.84896850585932,202.5555928887844,200.55028975656617,200.9608942416954,240000,3.8657540789466753,199.9482698468595,2.106082966951517,197.32171783447265,205.053225992366,189.5902096765793,21.8274111675127,0,0.05123669924449814,-0.8952285811447223,0.9464652803892204
2023-04-18,202.4696350097656,204.35080951535875,201.35239167819805,201.9157852728665,222700,3.953697773218712,200.40669987647877,1.4497651235386266,197.73710403442382,205.64449958086124,189.8297084879864,-7.208333333333339,0,0.27050463411458736,-0.6620819380928604,0.9325865722074478
2023-04-19,201.5147399902344,202.6892756991757,201.1996178106108,202.6892756991757,187700,4.024401591641911,200.60816171534344,1.296022911139194,197.99970474243165,206.04850792571546,189.95090155914784,-15.716210148181409,0,0.3630391156129633,-0.45705772735169564,0.8200968429646589
2023-04-20,202.154525756836,202.16408418599053,200.42614028988663,201.55294212191825,150000,3.70365609060658,200.88931881379662,1.9454857392964708,198.58649749755858,205.99380967877175,191.1791853163454,-20.085242408098026,0,0.48243748431508493,-0.26915868501833956,0.7515961693334245
2023-04-21,199.29934692382807,203.10942992111143,198.382626570412,203.10942992111143,197900,2.7098334871619514,200.60023301562052,1.2516373286671545,199.15848922729492,204.5781562016188,193.73882225297103,31.933333333333323,0,0.34272179808039027,-0.1467825883985936,0.48950438647898387
2023-04-24,199.872299194336,200.31156440200823,198.2584982409756,199.2802593920956,219300,1.9155578283128827,200.4678814117506,-0.1764443547560779,199.60156784057617,203.43268349720194,195.7704521839504,10.81354219302677,0,0.275057874055733,-0.06241449590772828,0.3374723699634613
2023-04-25,197.0743865966797,199.538056846916,196.71151603067432,199.1847301381518,190800,1.781838012169892,199.85088235446494,-1.3338508758051648,199.67318572998047,203.23686175432024,196.1095097056407,-12.995896032831734,0,-0.0042850414353665656,-0.050788605013255946,0.04650356357788938
2023-04-26,190.84835815429688,196.1767589583725,190.7528613034859,195.7756984123592,352300,2.6282526892364717,198.2140597726162,-5.068166820971998,199.34087600708008,204.59738138555304,194.08437062860713,84.64360587002095,0,-0.7197578561961393,-0.18458245524983263,-0.5351754009463067
2023-04-27,192.2998504638672,193.08286937210207,190.4377636294119,190.7719880793848,260100,3.0635830519317158,197.13874898920727,-4.762342708455503,198.98755950927733,205.11472561314076,192.8603934054139,-26.170877093386313,0,-1.1563225512572615,-0.37893047445131844,-0.777392076805943
2023-04-28,192.5672149658203,193.34068997898584,192.04201138565395,192.2043443884736,234500,3.375131323423955,196.3075609849551,-3.9485554363419384,198.7340301513672,205.4842927982151,191.98376750451928,-9.842368319876972,0,-1.463854730408542,-0.5959153256427632,-0.8679394047657789
2023-05-01,193.044677734375,195.8139118906732,192.8632424385421,192.93007858550527,348600,3.602858864712364,195.71430948484962,-4.361821037113078,198.50198669433593,205.70770442376065,191.2962689649112,48.65671641791045,0,-1.6500284421619256,-0.8067379489465958,-0.8432904932153298
2023-05-02,187.8595123291016,192.35714656663447,187.1719756995325,192.35714656663447,404900,4.303458682107465,194.28616454744088,-7.215957434782416,197.91614990234376,206.52306726655868,189.30923253812884,16.15031554790591,0,-2.1907187222507787,-1.0835341036074324,-1.1071846186433463
2023-05-03,187.9645538330078,189.96987143937645,187.34386792049065,188.7666750472449,333200,4.833269656687631,193.1367807811803,-6.724166260931208,197.3675537109375,207.03409302431277,187.70101439756223,-17.708076068164978,0,-2.5809916283079133,-1.3830256085475288,-1.1979660197603845
2023-05-04,184.03985595703125,192.08975727176087,180.0101333709599,192.08975727176087,601800,5.668243843038517,191.48279444951683,-8.960803490293456,196.6547119140625,207.9911996001395,185.31822422798547,80.61224489795917,1,-3.170429301184896,-1.7405063470750022,-1.429922954109894
2023-05-05,188.60433959960932,189.6261006768395,183.85843395376864,183.963474676,444200,5.9464220820658,190.9594390222609,-5.3663032464960185,196.24314498901367,208.13598915314526,184.35030082488208,-26.188102359587905,1,-3.2319908420516867,-2.0388032460703394,-1.1931875959813474
2023-05-08,185.47222900390625,191.2780855490272,185.3481005693424,188.99585044699955,338300,6.329165963982675,189.96176447346915,-7.204635283866201,195.50547714233397,208.16380907029932,182.84714521436862,-23.840612336785227,0,-3.493245990341819,-2.3296917949246354,-1.1635541954171837
2023-05-09,185.71095275878903,187.23881508104068,184.6605601616692,185.7014089011809,456000,6.6065482347506155,189.18888961625458,-5.766063279012689,194.80409469604493,208.01719116554617,181.5909982265437,34.79160508424475,1,-3.639080510802529,-2.591569538100214,-1.047510972702315
2023-05-10,189.3969116210937,189.6165514882603,185.73005944573225,186.2170584692368,360500,6.540937800174309,189.2267117989526,-0.7605234581215092,194.2220771789551,207.3039527793037,181.14020157860648,-20.942982456140346,0,-3.4178307186058703,-2.756821774201345,-0.6610089444045251
2023-05-11,187.8881683349609,189.35873853623983,186.3221158344828,188.00276749308728,329900,6.423559701279582,188.983340260045,-2.29416825767903,193.52069702148438,206.36781642404355,180.6735776189252,-8.488210818307905,0,-3.325892816278781,-2.8706359826168324,-0.4552568336619487
2023-05-12,186.46534729003903,189.19639146165093,185.4149400814285,189.19639146165093,266500,6.388532046743392,188.52552335640752,-3.1686949810560083,192.81979370117188,205.59685779465866,180.0427296076851,-19.2179448317672,0,-3.3294611776826457,-2.9624010216299954,-0.3670601560526503
2023-05-15,188.51841735839844,188.60435580103115,186.1024951103212,186.77092950431503,237600,6.085116240843255,188.52423135676952,-2.3446698604167593,192.15326614379882,204.3234986254853,179.98303366211232,-10.844277673545966,0,-3.130536655634984,-2.996028148430993,-0.13450850720399066
2023-05-16,187.61122131347656,188.6616284354321,187.0860177524988,187.8404050230235,223400,5.6508417417249435,188.35822953071624,-0.13216845532424415,191.41034545898438,202.71202894243427,180.1086619755345,-5.976430976430979,0,-3.011377393732289,-2.999097997491252,-0.0122793962410368
2023-05-17,191.63137817382807,191.9083103004669,188.65206291558908,188.65206291558908,410400,5.128733607865791,188.95334746582745,1.9508062908913937,190.91617736816406,201.17364458389565,180.65871015243246,83.70635631154879,0,-2.563005032797804,-2.911879404552563,0.3488743717547589
2023-05-18,192.06109619140625,192.509905158085,188.4706244579765,190.8292538545141,391600,4.411055241785825,189.51839268865996,4.3584256207241046,190.41150588989257,199.23361637346423,181.5893954063209,-4.580896686159841,0,-2.1482286114861893,-2.7591492459392883,0.6109206344530991
2023-05-19,191.59323120117188,194.6107517059208,190.80065378291823,193.55080052859088,1175100,3.9009061299969705,189.8956360545712,1.5847416914731127,190.02620010375978,197.82801236375371,182.22438784376584,200.07660878447396,1,-1.8361026554176192,-2.5745399278349548,0.7384372724173356
2023-05-22,194.12371826171875,195.17412547298017,190.76244432723337,191.631401670249,399100,3.3032359149168444,190.66437827405258,4.664573938791827,189.7387710571289,196.34524288696258,183.13229922729522,-66.03693302697643,0,-1.3687730650021024,-2.3333865552683846,0.9646134902662822
2023-05-23,193.2452087402344,194.6966765961666,191.91788389622343,193.54122862640733,314700,2.947494050803586,191.13362017699473,4.056979876265698,189.54731216430665,195.44230026591381,183.65232406269948,-21.147582059634175,0,-1.0571136261909544,-2.078131969452899,1.0210183432619444
2023-05-24,192.93960571289065,194.69663695557188,192.52898675671,193.5698499317132,277300,3.031961076727785,191.46198118352123,1.8705131258341057,189.65187454223633,195.7157966956919,183.58795238878076,-11.884334286622178,0,-0.8252677133357054,-1.8275591182294602,1.0022914048937548
2023-05-25,190.30702209472656,193.23747129370625,186.89615480424703,191.6905716602591,396900,2.972521922663715,191.2519886219222,1.2873901434034885,189.5522331237793,195.49727696910674,183.60718927845187,43.130183916336094,0,-0.8442239652446517,-1.6308920876324986,0.7866681223878469
2023-05-26,193.4008026123047,194.3520066629519,189.70170507017448,190.36466413631504,372900,3.022446492631278,191.642682074719,3.719433891101409,189.59391250610352,195.63880549136607,183.54901952084097,-6.04686318972033,0,-0.6026576373865566,-1.4252451975833103,0.8225875601967536
2023-05-30,194.13101196289065,194.64023838115324,191.9787995074472,192.7282276196355,286400,3.0965767001038076,192.0951056907502,2.9772128809154585,189.6482292175293,195.8413826177369,183.45507581732167,-23.196567444355054,0,-0.34827805753775465,-1.209851769574199,0.8615737120364444
2023-05-31,193.4873046875,194.69791614413697,190.37428494946883,193.9196648748168,479700,3.180055841520658,192.3482327810683,3.132053260399159,189.92961883544922,196.28973051849053,183.5695071524079,67.49301675977655,0,-0.19635870432512093,-1.0071531565243834,0.8107944521992625
2023-06-01,193.32394409179688,195.0533846158393,192.45920916902728,194.419263265373,376300,3.231149039822366,192.5256348375644,0.883240487073822,190.19758834838868,196.65988642803342,183.73529026874394,-21.555138628309358,0,-0.08812747848156732,-0.8233480209158203,0.7352205424342529
2023-06-02,199.34820556640625,199.75174269309085,193.3143395870757,194.4961279338484,375700,3.4978565399872306,193.76610224280836,3.794162128356149,190.96300582885743,197.95871890883188,183.96729274888298,-0.1594472495349497,0,0.4782412346522449,-0.5630301698022073,1.0412714044544522
2023-06-05,199.57879638671875,200.8278482009117,198.0895428644405,200.4531341227288,415600,3.941089967987162,194.82295572351933,4.167978761818603,191.5117286682129,199.39390860418723,183.62954873223856,10.62017567207878,0,0.9349220726634542,-0.263439721309075,1.1983617939725293
2023-06-06,201.6541290283203,201.8655076900029,199.3193609600077,199.5980031325655,302200,4.282225485281719,196.06498723348315,3.8791811912694873,192.3208236694336,200.88527463999702,183.75637269887017,-27.285851780558236,0,1.4476196684676665,0.0787721566462733,1.3688475118213932
2023-06-07,206.12188720703125,206.65993668386653,200.2801799457149,201.5388345420436,380000,4.996632002975387,197.89351450140097,6.663388215801014,193.34137039184571,203.3346343977965,183.34810638589494,25.74454003970881,0,2.189211090622024,0.5008599434414235,1.6883511471806005
2023-06-08,208.02427673339844,209.7921724023823,205.36285243083407,205.7855951113482,394700,5.880567208496591,199.73547127085504,7.81833826433489,194.27273864746093,206.0338730644541,182.51160423046775,3.8684210526315876,0,2.8970393056312957,0.980095815879398,1.9169434897518978
2023-06-09,206.871337890625,209.1292400419318,205.9297512036068,208.5047067405649,359900,6.3119947288137395,201.03290156535866,8.703996107749212,195.22189712524414,207.84588658287163,182.59790766761665,-8.816822903470989,0,3.3266185486722293,1.4494003624379643,1.877218186234265
2023-06-12,205.84329223632807,207.803332020639,204.7479728678821,206.72723289676253,261300,6.383968008951894,201.90751805098944,6.4335253297608475,196.1907943725586,208.9587303904624,183.4228583546548,-27.396499027507637,0,3.5432639598438698,1.8681730819191456,1.6750908779247242
2023-06-13,208.0723114013672,208.38937939420208,203.61416858279856,204.8920433439521,323000,6.639329557518137,203.02838956923992,7.181387093959768,197.16848907470703,210.4471481897433,183.88982995967075,23.61270570225793,0,3.8504348112795412,2.2646254277912248,1.5858093834883165
2023-06-14,206.8809356689453,210.37827197746105,206.27562266876507,209.71531291264435,241400,6.577303077579197,203.72885249645907,6.92222727639793,198.13197479248046,211.28658094763887,184.97736863732206,-25.263157894736842,0,3.9521776158148327,2.6021358653959465,1.3500417504188862
2023-06-15,210.02276611328125,210.53199257162527,207.44781078888087,207.44781078888087,248600,6.898430042719928,204.8732004267904,8.637741227519747,199.05154418945312,212.84840427489297,185.25468410401328,2.9826014913007404,0,4.237481926998157,2.9292050777163885,1.3082768492817687
2023-06-16,212.51126098632807,213.0589279510284,210.0131718676813,210.0131718676813,420000,7.3110066808577665,206.2619387103427,6.6030468558880395,200.0740524291992,214.69606579091476,185.45203906748367,68.94609814963798,0,4.6112329649262165,3.2656106551583544,1.3456223097678621
2023-06-20,209.9074859619141,212.83794995785595,209.36943644018373,212.83794995785595,333200,7.33975134037378,206.92476548335566,5.175243944843566,200.98976516723633,215.6692678479839,186.31026248648877,-20.666666666666668,0,4.643799639817701,3.541248452090224,1.1025511877274767
2023-06-21,211.07003784179688,211.15652159885627,208.80254779232504,209.9074697849574,211400,7.482180426470989,207.6784513667086,4.669335985753209,201.83708114624022,216.8014419991822,186.87272029329824,-36.5546218487395,0,4.709133228628531,3.7748254073978855,0.9343078212306453
2023-06-22,209.4078369140625,211.06042576545173,207.75524806267325,210.35904091387607,237600,7.377462117941868,207.99288510259112,1.5941779650653132,202.64521255493165,217.4001367908154,187.8902883190479,12.393566698202463,0,4.574057952366161,3.934671916391541,0.6393860359746197
2023-06-23,208.4566650390625,209.3309881488997,207.399771617392,209.0235375739816,499400,7.114282217846219,208.0772087274041,0.20785473332913806,203.42106552124022,217.64962995693267,189.19250108554778,110.18518518518516,0,4.340226769227627,4.015782886958759,0.3244438822688682
2023-06-26,210.0131683349609,210.186106535168,203.69105734304264,207.111527469687,259700,6.544215173724714,208.42920138332352,1.518736465076187,204.40637283325196,217.49480318070138,191.31794248580255,-47.99759711653985,0,4.231729931179615,4.0589722958029295,0.17275763537668531
2023-06-27,212.51126098632807,212.6553908163412,208.4278317020356,209.3021694908993,178900,6.240843598857219,209.17139403841523,3.2393422576745934,205.3618957519531,217.84358294966756,192.88020855423866,-31.11282248748556,0,4.297778489727676,4.106733534587879,0.19104495513979725
2023-06-28,211.78103637695312,212.53046451970104,210.09002166063064,212.53046451970104,238400,5.8015918653588745,209.64587446360392,1.782421193193695,206.24439697265626,217.847580703374,194.64121324193852,33.258803801006145,0,4.242296867446498,4.133846201159603,0.10845066628689537
2023-06-29,218.0647430419922,218.1800351799096,211.35830024529776,211.35830024529776,299300,5.554919816064231,211.17657784149267,5.405914922457344,207.47326889038087,218.58310852250932,196.3634292582524,25.54530201342282,0,4.651747445862355,4.237426450100154,0.4143209957622016
2023-06-30,218.67965698242188,219.29457281389872,216.01821775615883,217.1423600733548,305000,5.023731482197083,212.54077404893434,4.121882131802468,208.7410545349121,218.78851749930627,198.69359157051795,1.90444370197127,0,4.96858365558586,4.383657891197295,0.584925764388565
2023-07-03,219.7845764160156,220.9855850303108,216.66195401884812,217.10393163963863,151600,5.090606329397956,213.85782902476728,3.422555301742558,209.76287307739258,219.9440857361885,199.58166041859667,-50.29508196721311,0,5.248336838469754,4.556593680651787,0.6917431578179674
2023-07-05,218.7564849853516,219.5059277765497,216.8540916281133,218.891012011546,239700,4.872865974629541,214.74849374487349,4.215666241194982,210.7217575073242,220.46748945658328,200.97602555806515,58.11345646437995,0,5.3256935845683415,4.710413661435098,0.6152799231332438
2023-07-06,217.0462646484375,218.6796480453488,216.51783260199483,217.92060241299603,266100,4.571555336648026,215.1662702727942,2.831395146249971,211.4913642883301,220.63447496162615,202.34825361503403,11.01376720901126,0,5.18918122389951,4.80616717392798,0.3830140499715302
2023-07-07,215.46095275878903,218.3049477052428,214.78839084397745,216.40253943952533,504100,4.470068214208446,215.21984890661145,2.89058706394576,211.95831756591798,220.8984539943349,203.01818113750107,89.4400601277715,1,4.896627500282165,4.824259239198817,0.07236826108334782
2023-07-10,218.93907165527344,219.0063351779046,215.854889602982,215.854889602982,212200,4.627982963671465,215.89607122454998,5.028578296715369,212.50405731201172,221.76002323935467,203.24809138466878,-57.90517754413806,0,4.889073497734216,4.837222090905897,0.05185140682831957
2023-07-11,221.91754150390625,222.9071713071081,217.8341127191855,219.30414590882515,222500,4.880212702013449,216.99088400261473,5.668393683751516,213.2563674926758,223.0167928967027,203.4959420886489,4.853911404335531,0,5.065037916737339,4.882785256072186,0.1822526606651529
2023-07-12,220.59164428710932,222.92641258915984,219.72692397420136,222.92641258915984,190000,4.814943574052847,217.64556769070464,3.8023318215127944,213.99378509521483,223.62367224332053,204.36389794710914,-14.60674157303371,0,5.039410969411364,4.914110398740021,0.12530057067134237
2023-07-13,219.3329925537109,220.6973365587969,218.10316092488,219.65966337308024,212600,4.743932908585884,217.95237221125123,3.5659265371219995,214.55681915283202,224.0446849700038,205.06895333566024,11.894736842105269,0,4.861498425458535,4.9035880040837245,-0.04208957862518936
2023-07-14,219.40025329589844,219.43867911973527,216.9501928601332,218.5162980794092,233800,4.497344776467017,218.21562331755072,0.6124374968992985,215.1827850341797,224.17747458711372,206.18809548124565,9.971777986829732,0,4.672072093528044,4.857284821972589,-0.18521272844454462
2023-07-17,223.94488525390625,225.6935462761037,219.4771241481631,219.95752762228065,282100,4.728154339241525,219.257307305979,2.40773574649773,215.87889099121094,225.335199669694,206.42258231272788,20.65868263473054,0,4.8329529059759295,4.852418438773257,-0.019465532797327434
2023-07-18,220.60125732421875,226.06823595347072,218.9102278953052,223.9544638280777,272400,4.770748785728404,219.50166185474984,0.37158244746771096,216.28339080810548,225.82488837956228,206.74189323664868,-3.4384969868840876,0,4.6371945862267125,4.809373668263948,-0.17217908203723553
2023-07-19,220.4859619140625,221.32187388109148,218.4298357474821,220.45713888010457,308400,4.610371997626449,219.68062550189757,0.7905945868652564,216.81231460571288,226.03305860096577,207.59157061046,13.215859030836995,0,4.421779806282785,4.731854895867715,-0.31007508958493
2023-07-20,223.7430725097656,224.2330933555749,220.88947517042843,222.01363201625665,213200,4.650333556117213,220.41925223060082,3.0854287550975856,217.44596633911132,226.74663345134576,208.1452992268769,-30.86900129701686,0,4.462443375997822,4.677972591893736,-0.21552921589591456
2023-07-21,222.4940643310547,224.4445011955337,221.4563911036237,223.81996790436924,202000,4.372135108675763,220.79649079431968,3.264216314934476,218.10027770996095,226.84454792731248,209.35600749260942,-5.253283302063794,0,4.343812262504173,4.611140526015824,-0.26732826351165073
2023-07-24,222.1577606201172,223.80073212056743,221.5044043397327,222.6285612536185,148900,3.8201243020255973,221.0439943990101,1.4701299957605052,218.78533248901368,226.42558109306486,211.1450838849625,-26.287128712871286,0,4.174537877412945,4.523819996295249,-0.34928211888230365
2023-07-25,222.5132598876953,222.84954815707383,217.45942102066675,219.92868705722705,163000,3.295991251572768,221.31113357877103,0.2684413227327376,219.41033706665038,226.00231956979593,212.81835456350484,9.469442578912023,0,4.022701330639308,4.42359626316406,-0.4008949325247526
2023-07-26,225.27078247070312,226.37570449356105,221.984810113523,222.8687653247084,246400,3.120517065999725,222.0310697409405,2.1211765290183537,220.04831314086914,226.28934727286858,213.8072790088697,51.165644171779135,0,4.077871634453857,4.354451337422019,-0.2765797029681627
2023-07-27,221.55245971679688,224.53096697330665,219.1888829510632,224.53096697330665,288100,2.451159387880145,221.94404973655074,1.0119166921695344,220.53688430786133,225.4392030836216,215.63456553210105,16.92370129870129,0,3.7780064204989117,4.239162354037398,-0.4611559335384863
2023-07-28,221.4179229736328,223.57013547228303,219.3714144696098,223.57013547228303,220600,2.3870045141462217,221.8483903251111,0.9196296027120798,220.70454330444335,225.4785523327358,215.9305342761509,-23.42936480388754,0,3.4892828070282746,4.0891864446355735,-0.5999036376072988
2023-07-31,220.66851806640625,222.10972841054587,218.48748230726503,222.10972841054587,305400,2.339156114596477,221.63386809625567,-1.4630238970563147,220.8039863586426,225.48229858783554,216.12567412944964,38.44061650045332,0,3.163529353082737,3.9040550263250062,-0.7405256732422694
2023-08-01,220.956771850586,222.5997434981946,219.65967662499983,220.60127797634027,220300,2.3269227466561024,221.5107596879521,0.1611570716683275,220.8625961303711,225.5164416236833,216.20875063705887,-27.86509495743288,0,2.8952523978396414,3.702294500627933,-0.8070421027882917
2023-08-02,218.8910217285156,221.4948000596848,218.69884863156307,220.8991045092289,331400,2.3206999439746987,221.03444369532727,-0.7233749358467323,220.86932296752929,225.5107228554787,216.22792307957988,50.4312301407172,0,2.4872803872949873,3.4592916779613443,-0.9720112906663569
2023-08-03,217.3921356201172,226.24117246804624,209.9458831143301,220.4859346082847,589500,2.2918206043815905,220.3722058634709,-2.8384954306780674,220.8866165161133,225.47025772487646,216.30297530735012,77.88171394085697,1,2.019729858850212,3.171379314139118,-1.151649455288906
2023-08-04,217.9494171142578,219.3906273547324,216.93096422337555,218.54512731629643,360100,2.0349069854209465,219.93169881815942,-2.0425925655413346,221.01103973388672,225.0808537047286,216.94122576304483,-38.91433418150976,0,1.6748539815801848,2.8720742476273315,-1.1972202660471467
2023-08-07,221.50439453125,223.41640535242703,218.6796348375729,218.6796348375729,232300,1.9774702807184399,220.2176434932668,-0.2941000517125425,221.13930587768556,225.09424643912243,217.1843653162487,-35.49014162732574,0,1.669153370469644,2.631490072195794,-0.9623367017261502
2023-08-08,217.1615600585937,221.09125640661955,215.9989773637097,219.3906242419788,217300,2.1567913381169777,219.66199195968986,-2.4051150173264646,220.90150680541993,225.21508948165388,216.58792412918598,-6.457167455876023,0,1.2992284508923149,2.3650377479350984,-1.0658092970427835
2023-08-09,218.73727416992188,219.86141633869184,216.13348135590925,217.5650887301964,187700,2.2100152695481077,219.4938614524593,-2.900291031585933,220.80878829956055,225.22881883865676,216.38875776046433,-13.62172112287161,0,1.120293204253727,2.116088839198824,-0.9957956349450972
2023-08-10,215.8836975097656,218.5643422206705,215.22073842514683,217.8341342788836,186000,2.4525265890541217,218.83746800833316,-2.5586546022903445,220.63632354736328,225.5413767254715,215.73127036925504,-0.9057005860415579,0,0.739699152609802,1.8408109018810197,-1.1011117492712177
2023-08-11,217.9878692626953,218.34336311626325,214.6058249457196,216.53704149343253,190900,2.5096607626581426,218.68299550912627,-1.5491310120120505,220.56570434570312,225.5850258710194,215.54638282038684,2.6344086021505397,0,0.6009374667679879,1.5928362148584134,-0.9918987480904256
2023-08-14,218.7660980224609,219.33297050392216,216.6235030086723,218.24725415138784,212800,2.4077536285242176,218.6981050570053,-0.8621166538005376,220.30676498413087,225.1222722411793,215.49125772708243,11.471974855945511,0,0.547453682722022,1.3837597084311353,-0.8363060257091133
2023-08-15,214.04855346679688,219.1792586373981,213.8948208489157,217.8629579160705,258900,2.782273421454754,217.85273204060377,-3.126502223005212,219.97912979125977,225.5436766341693,214.41458294835024,21.663533834586456,0,0.12298330408350466,1.1316044275616093,-1.0086211234781046
2023-08-16,214.9613037109375,216.64271563011644,213.6642233125914,213.6642233125914,182200,2.9953953240681357,217.32701779884627,-1.7952851544783877,219.70289688110353,225.6936875292398,213.71210623296724,-29.625337968327536,0,-0.13816849222982341,0.8776498436033229,-1.0158183358331463
2023-08-17,211.67535400390625,216.28722979919527,211.38710901781025,215.85486965042577,369900,3.33492210782175,216.2994425634026,-2.6297094878357297,219.09951095581056,225.76935517145407,212.42966674016705,103.01866081229419,0,-0.6033270728968603,0.5814544603032863,-1.1847815332001466
2023-08-18,210.83946228027344,213.87561551355063,210.23414925963763,211.16613309808508,464200,3.707931242594093,215.30671887556093,-3.2622041059449325,218.51678085327148,225.93264333845968,211.10091836808328,25.49337658826709,1,-1.027572855385671,0.25964899716549483,-1.2872218525511658
2023-08-21,211.29103088378903,212.23261746050332,209.78255714223533,211.0027859062137,239600,3.9355115102379656,214.57659378614784,-4.610907909558448,217.97344436645508,225.844467386931,210.10242134597917,-48.38431710469625,0,-1.3122263535749426,-0.05472607298259263,-1.2575002805923499
2023-08-22,211.97317504882807,212.9339817741489,210.9451194763234,211.665724520314,133200,4.0007591621284995,214.10324492481695,-2.3891820487777493,217.44644012451167,225.44795844876867,209.44492180025466,-44.40734557595994,0,-1.465875270858902,-0.3369559125578545,-1.1289193583010475
2023-08-23,211.58889770507807,212.35754616091248,210.28219972838468,212.35754616091248,166300,3.754619436190971,213.6460908848644,-3.2680193588271234,216.76234588623043,224.27158475861236,209.2531070138485,24.84984984984986,0,-1.6002049483365397,-0.5896057197135915,-1.0105992286229482
2023-08-24,210.74826049804688,213.56004449747985,210.3520954513017,210.8062329939085,142600,3.8060455483799323,213.11921263271574,-2.3787979689788408,216.22213592529292,223.83422702205277,208.61004482853306,-14.251352976548404,0,-1.7542724221538606,-0.8225390602016454,-0.9317333619522152
2023-08-25,211.17340087890625,212.22660714934224,209.7433586610772,212.22660714934224,121100,3.7590570099706277,212.76542867747764,-3.1260768807171546,215.7099098205566,223.22802384049785,208.19179580061532,-15.077138849929872,0,-1.8210745160201895,-1.0222461513653542,-0.7988283646548353
2023-08-28,211.569564819336,213.05757952239352,210.7579056920828,211.1927288738769,160500,3.677061154635781,212.54799888508825,-3.2896016650559967,215.2549621582031,222.60908446747467,207.90083984893155,32.53509496284064,0,-1.8210565314536211,-1.1820082273830077,-0.6390483040706134
2023-08-29,211.62754821777344,212.0913429259853,209.2409155256197,210.98982127912723,158900,3.5033110159212777,212.3806442183037,-1.131054244381513,214.7885009765625,221.79512300840506,207.78187894471992,-0.9968847352024968,0,-1.7956642037104018,-1.3047394226484865,-0.4909247810619153
2023-08-30,213.3571014404297,213.9368558197969,211.8401005796527,212.0430042917948,189500,3.3785514478945085,212.55818189505388,-0.7462749075363928,214.5118049621582,221.26890785794723,207.7547020663692,19.257394587791055,0,-1.6173364624607984,-1.367258830610949,-0.25007763184984944
2023-08-31,212.88368225097656,215.0963828086911,212.8643531703635,213.6759976308884,161000,3.3262572542672113,212.6173637779489,0.5708403100381787,214.28638229370117,220.93889680223558,207.63386778516676,-15.03957783641161,0,-1.4969554442591004,-1.3931981533405793,-0.10375729091852115
2023-09-01,213.4054412841797,214.60359359212225,212.83535875001485,214.1977566336724,127800,3.2162548198517795,212.76065059726358,1.2170297610108793,214.05918350219727,220.49169314190084,207.6266738624937,-20.621118012422357,0,-1.343958707187312,-1.383350264109926,0.03939155692261398
2023-09-05,209.7916717529297,213.32814146628493,209.7916717529297,213.32814146628493,182800,2.83272884779169,212.22083626193015,-0.7096179731755914,213.47354736328126,219.13900505886463,207.80808966769789,43.03599374021909,0,-1.4970516113226893,-1.4060905335524787,-0.09096107777021056
2023-09-06,202.1389923095703,209.6080820309656,202.0423763971035,209.0476714048609,326000,3.6710067836985556,210.38777372513744,-4.639352473251601,212.72241897583007,220.06443254322718,205.38040540843295,78.33698030634572,1,-2.2104059321374905,-1.566953613269481,-0.6434523188680095
2023-09-07,202.3129119873047,203.54003573148287,201.1340888244785,202.4578432188952,420600,4.0700503966636585,208.91961704553148,-4.383966180826116,211.9012008666992,220.04130166002653,203.7611000733719,29.01840490797547,1,-2.730238021935122,-1.7996104950026095,-0.9306275269325126
2023-09-08,203.72360229492188,203.86854825403933,201.7138058940369,202.3128893196112,170300,4.342933385965092,207.97488709087517,-3.3331986639055122,211.29319610595704,219.97906287788723,202.60732933402684,-59.510223490252024,0,-2.993866352400431,-2.0384616664821738,-0.9554046859182574
2023-09-11,203.974853515625,204.7671688002962,201.33698722035228,203.48205785372488,141600,4.3363918823034036,207.24760825901149,-3.4088324255426183,210.59254531860353,219.26532908321033,201.91976155399672,-16.852613035819143,0,-3.1462517976672757,-2.2600196927191942,-0.8862321049480815
2023-09-12,204.21641540527344,205.75274539464897,202.95061879313684,202.95061879313684,127900,4.107406674707084,206.69648228560456,-3.475523249452994,209.86506118774415,218.0798745371583,201.65024783833,-9.675141242937856,0,-3.210517488116153,-2.4501192517985864,-0.7603982363175668
2023-09-13,202.4481964111328,205.530528540002,202.0133879503441,204.92178784863705,211500,4.300090963002724,205.9240666720642,-4.337503261718412,209.28504333496093,217.88522526096637,200.6848614089555,65.36356528537921,0,-3.3653355130646503,-2.6331625040517994,-0.7321730090128509
2023-09-14,205.7430877685547,205.8010750074536,202.32257786191167,202.5061672590053,179300,4.151103883828379,205.89116141688066,-3.5686713123073033,208.8241325378418,217.12634030549856,200.52192477018502,-15.224586288416075,0,-3.185439948394446,-2.743617992920329,-0.4418219554741172
2023-09-15,204.5062866210937,206.96056363733533,204.4483141275045,205.4435479175006,344600,4.201166246523532,205.63936599946484,-3.935198574781529,208.46567916870117,216.86801166174823,200.06334667565412,92.19185722253206,1,-3.1068570197649024,-2.816265798289244,-0.2905912214756583
2023-09-18,205.11502075195312,206.6223645122884,203.44341668376256,204.883116041222,178300,4.225858759265972,205.54403049991726,-3.8848215314185364,208.17945709228516,216.6311746108171,199.7277395737532,-48.25885084155542,0,-2.9613234325391034,-2.8452773251392163,-0.11604610739988708
2023-09-19,201.86843872070312,205.54983956994616,201.5495752562486,205.4338945806055,261300,4.383026844574354,204.87574108551468,-3.7767147599441886,207.70832748413085,216.47438117327957,198.94227379498213,46.550757150869316,0,-3.0725407164643173,-2.890730003404237,-0.18181071306008034
2023-09-20,198.6411895751953,203.12457798933391,198.5735451640759,203.12457798933391,539200,4.702432379328838,203.74218626545658,-1.7303948606898212,207.0417282104492,216.4465929691069,197.63686345179153,106.35285112897054,1,-3.382106432383978,-2.9890052892001853,-0.3931011431837925
2023-09-21,195.6651306152344,198.2063664123416,192.8340323455632,197.75222888030112,566500,5.2124165517745675,202.27363069268893,-3.2858908048772673,206.24553985595702,216.67037295950615,195.8207067524079,5.063056379821962,1,-3.823507563515818,-3.155905744063312,-0.6676018194525062
2023-09-22,194.2930603027344,196.5347469655837,193.2881545881241,195.3945819266706,241100,5.736609274930691,200.82261789451536,-4.629086608499722,205.42277984619142,216.8959983960528,193.94956129633005,-57.440423654015895,0,-4.235214827211507,-3.371767560692951,-0.8634472665185564
2023-09-25,194.5346221923828,195.5298559954266,192.83403180180952,193.7809502783063,174400,6.056336049367752,199.67934594867307,-4.6281348708109515,204.59084091186523,216.70351301060074,192.4781688131297,-27.664869348817923,0,-4.49024304743179,-3.5954626580407187,-0.8947803893910709
2023-09-26,193.64566040039065,195.4815247091491,193.28813880814624,193.89687943664995,214400,6.290912376660858,198.58231221262173,-5.176251372302665,203.69464569091798,216.2764704442397,191.11282093759627,22.935779816513758,0,-4.709794952123019,-3.818329116857179,-0.8914658352658402
2023-09-27,196.33184814453125,196.3511772243868,193.70365354735847,194.3993529844788,210600,6.204912804246136,198.17313692751435,-3.0211917789479625,202.92986068725585,215.33968629574812,190.52003507876358,-1.7723880597014907,0,-4.613852892708962,-3.977433872027536,-0.6364190206814264
2023-09-28,198.13873291015625,199.858652479602,197.07586938347248,197.6362800237817,340800,5.77729464037936,198.16688165163106,-3.6960439064435358,202.1689422607422,213.7235315415009,190.6143529799835,61.823361823361836,0,-4.341966136734015,-4.050340324968832,-0.29162581176518376
2023-09-29,197.6749267578125,199.86831283798853,197.21113205922947,198.7667912139992,189400,5.271526014817684,198.0774353073004,-3.340415581423295,201.40850448608398,211.95155651571935,190.86545245644862,-44.42488262910798,0,-4.116467133388113,-4.063565686652688,-0.05290144673542496
2023-10-02,195.19168090820312,198.0614375852612,194.94046182896847,197.443039683956,260400,4.623316726302384,197.55275268928267,-4.837939126725566,200.49781646728516,209.74444991988992,191.2511830146804,37.48680042238648,0,-4.09097650471395,-4.0690478502649405,-0.0219286544490096
2023-10-03,195.39459228515625,195.95501766652043,193.6650008119556,194.64092033112783,230700,4.20168794154869,197.1603598885324,-3.206963147173203,199.7779624938965,208.18133837699386,191.37458661079913,-11.405529953917048,0,-4.0081977370246875,-4.056877827616891,0.04868009059220313
2023-10-04,194.84381103515625,196.641032053842,192.89200161494364,194.85348294659173,251100,4.301406470966208,196.73916918791855,-1.9116773052758829,199.41320343017577,208.0160163721082,190.81039048824334,8.842652795838756,0,-3.9416020758775403,-4.033822677269021,0.0922206013914808
2023-10-05,193.5297088623047,195.79073925932943,193.51039452746,194.8727923223612,167200,4.436035574213558,196.15563094689784,-1.0913655111747578,198.9740432739258,207.8461144223529,190.10197212549866,-33.41298287534846,0,-3.9493361092703765,-4.0169253636692925,0.06758925439891605
2023-10-06,195.68446350097656,196.8922729727122,192.38955572357744,192.86302234425423,238800,4.346332133379793,196.06996413854853,0.7161363334718063,198.57208633422852,207.2647506009881,189.87942206746894,42.82296650717703,0,-3.7384995989089305,-3.96124021071722,0.22274061180828975
2023-10-09,213.96588134765625,214.30405917790327,201.7621688459313,201.7621688459313,665200,5.437247064178152,199.3237672674772,9.988586574608348,199.07163772583007,209.94613185418638,188.19714359747377,178.55946398659967,1,-2.072363591922965,-3.5834648869583696,1.5111012950354046
2023-10-10,211.93673706054688,215.34758978053785,211.18306514044377,214.9417675730798,324400,6.060099583598741,201.61703450258074,9.44564242872097,199.45765380859376,211.57785297579125,187.33745464139628,-51.232711966325915,0,-0.9052387593025628,-3.047819661427208,2.1425809021246454
2023-10-11,212.86431884765625,213.69529225480616,211.20237203335645,212.12996134045585,222700,6.740068226973548,203.66199529259447,8.420676960650052,199.97845993041992,213.458596384367,186.49832347647282,-31.350184956843407,0,0.09348652288230141,-2.4195584245653063,2.5130449474476078
2023-10-12,211.4246368408203,213.51173521352612,209.9945945086041,213.33780297724985,220800,7.105638628803909,205.07338466499914,6.705354241206551,200.2625373840332,214.473814641641,186.0512601264254,-0.8531656937584176,0,0.7600517944432852,-1.7836363807635882,2.5436881752068734
2023-10-13,217.24142456054688,217.7148911375629,212.49714585455965,214.31369585054225,266000,8.01799266580357,207.28575555509872,9.898320502077063,200.89929428100587,216.93527961261302,184.86330894939871,20.471014492753614,0,1.7376452379015177,-1.079380057030567,2.8170252949320846
2023-10-16,217.560287475586,218.3042874242575,215.08669627055,217.7245477789459,254300,8.80654072938965,209.15385226791457,11.459815532764761,201.5215576171875,219.13463907596682,183.9084761584082,-4.398496240601501,0,2.5092001598972615,-0.3616640136450012,2.870864173542263
2023-10-17,215.4345703125,218.43960092331503,214.2267608185031,216.86461262513728,278100,9.340905039525445,210.29580100329372,10.256157958608014,202.19986419677736,220.88167427582823,183.51805411772648,9.359024773889102,0,2.915527004178813,0.29377418991976156,2.621752814259051
2023-10-18,215.4828643798828,217.5892917404632,214.37168557652092,216.0529616490704,259900,9.753243618304417,211.23890343540083,10.59261427657181,203.0419479370117,222.54843517362053,183.5354607004029,-6.544408486156062,0,3.2045013860803238,0.875919629151874,2.3285817569284495
2023-10-19,213.85955810546875,217.1834518203499,213.5406946654493,215.0480383864381,285800,9.876715991757289,211.7153861026859,10.50476919676897,203.95166931152343,223.70510129503802,184.19823732800884,9.96537129665256,0,3.264892764413702,1.3537142562042397,1.9111785082094621
2023-10-20,211.69515991210932,215.5118345644785,211.61785834334097,214.92242300341525,406600,9.746719075535617,211.71170861349015,8.181894527897903,204.8217742919922,224.31521244306344,185.32833614092095,42.26731980405878,0,3.102342646379384,1.7034399342392685,1.3989027121401154
2023-10-23,209.03797912597656,213.0865584812082,208.8254034979859,211.97537976161144,177800,9.476857237155805,211.22557597939675,-2.303125241576587,205.54694213867188,224.5006566129835,186.59322766436026,-56.27151992129858,0,2.727665395505653,1.9082850264925457,0.8193803690131074
2023-10-24,207.09585571289065,211.4632991162135,205.40492236524275,210.78691398213937,176300,9.05573060008332,210.4747177491229,-2.284116201276265,206.21945190429688,224.33091310446352,188.10799070413023,-0.8436445444319429,0,2.2481031130591873,1.9762486438058742,0.27185446925331314
2023-10-25,207.8012084960937,210.574334416766,207.482345015774,208.4389354567332,213500,8.754784591976467,209.98862515766302,-2.378562259270023,206.792919921875,224.30248910582793,189.2833507379221,21.100397050482123,0,1.9030257278872966,1.9616040606221588,-0.058578332734862126
2023-10-26,210.6709442138672,211.1444108032944,207.3180641621236,208.13938044620264,294900,8.548838380165659,210.11268316788195,-0.3564828764589856,207.41953048706054,224.51720724739187,190.32185372672922,38.12646370023418,0,1.839903836901101,1.9372640158779473,-0.09736017897684635
2023-10-27,205.9266815185547,210.7869057133489,205.83006560588325,209.5501099785167,297800,8.247605198591321,209.35159195891336,-5.208372696358687,207.83211822509764,224.32732862228028,191.336907827915,0.9833841980332325,0,1.3910220966231748,1.828015632026993,-0.43699353540381813
2023-10-30,210.013916015625,210.96083450948063,206.40980195065003,206.93158389689447,270800,7.699731683917637,209.4720145146791,-3.4686346242339017,208.57322998046874,223.972693348304,193.17376661263347,-9.06648757555406,0,1.3495292161532007,1.7323183488522345,-0.3827891326990338
2023-10-31,212.4005279541016,213.84989917289712,209.9655801782704,210.3037579497295,291300,7.082012492586937,210.004471503665,-1.4083358831395332,209.42352676391602,223.5875517490899,195.25950177874213,7.570162481536191,0,1.492026296732945,1.6842599384283767,-0.19223364169543178
2023-11-01,213.53106689453125,214.26540977812235,211.14443409314944,214.26540977812235,327500,6.239881141637225,210.64567066564067,-0.9057785132792096,210.35788955688477,222.83765184015923,197.87812727361032,12.427051150017165,0,1.6768516024438611,1.6827782712314736,-0.005926668787612499
2023-11-02,225.95700073242188,226.2758494568393,217.7052382065504,221.1354200377669,505400,5.837061073994143,213.42954885960089,5.656722913916745,211.97925415039063,223.65337629837893,200.30513200240233,54.3206106870229,1,2.793790919029817,1.9049808007911424,0.8888101182386747
2023-11-03,226.06329345703125,228.3049802071374,224.8071686367581,227.3387326136608,342500,5.3016911554957655,215.72659333186093,6.787180940219528,213.49819564819336,224.10157795918488,202.89481333720184,-32.231895528294416,0,3.645526943742283,2.2530900293813705,1.3924369143609123
2023-11-06,226.63336181640625,227.49332153103504,225.0777026985084,226.09226555692305,348400,6.062573972804172,217.70964214723278,8.417313812542094,214.13156967163087,226.25671761723922,202.00642172602252,1.7226277372262677,0,4.316772565062678,2.665826536517632,1.6509460285450457
2023-11-07,224.40133666992188,226.5560645815293,223.18385531901083,226.5560645815293,216600,6.453166387930946,218.92631387863076,8.356266182855364,214.75479965209962,227.66113242796152,201.84846687623772,-37.830080367393805,0,4.6154299767472935,3.0557472245635644,1.559682752183729
2023-11-08,220.806884765625,225.32891602829343,219.8116510113941,225.1743128884329,195100,6.573965282030164,219.26823585808424,6.258710603107875,215.15192794799805,228.29985851205836,202.00399738393773,-9.926131117266856,0,4.510086429698731,3.346615065590598,1.163471364108133
2023-11-09,220.4397125244141,222.23693353317216,218.71979308787613,221.4446034757412,216200,6.613891912232895,219.48123161559874,4.636979412134745,215.60268173217773,228.83046555664353,202.37489790771193,10.814966683751926,0,4.3468652219749515,3.546665096867469,0.8002001251074824
2023-11-10,222.1693115234375,222.86501099977852,219.8986384286252,221.04847547268253,197400,6.768147937482262,219.96997341702394,7.887579154437696,215.84907608032228,229.38537195528681,202.31278020535774,-8.695652173913048,0,4.307422142090928,3.6988165059121614,0.6086056361787668
2023-11-13,225.4835205078125,226.7686314709753,222.43984673553052,222.47849014884184,307400,7.097457281798795,220.97243652444004,7.3659902094471486,216.2452377319336,230.4401522955312,202.050323168336,55.72441742654508,0,4.49181335584035,3.857415875897799,0.6343974799425505
2023-11-14,227.9571228027344,228.8750550368538,225.38690075218585,226.1019292550222,268200,7.559498910138693,222.2423794841299,7.3241789926221434,216.87136535644532,231.99036317672272,201.75236753616792,-12.752114508783341,0,4.782415049901687,4.042415710698577,0.7399993392031092
2023-11-15,226.9715576171875,229.19393006821363,226.2565438220334,227.37739458777088,329100,7.87822080101829,223.10223005377674,6.294395901320948,217.44580001831054,233.2022416203471,201.68935841627396,22.706935123042516,0,4.876973398824646,4.209327248323791,0.6676461505008549
2023-11-16,226.65267944335932,229.63838063100124,225.4738563331468,227.06815878455296,184600,8.088273502631306,223.7477663064281,0.3078810166015966,218.08545608520507,234.2620030904677,201.90890907994245,-43.90762686113643,0,4.870041955779982,4.341470189815029,0.5285717659649531
2023-11-17,228.75909423828125,229.8412867137157,226.5173929748622,228.556175777254,721500,8.276520277973674,224.6589168394923,1.1924982335809409,218.93865280151368,235.49169335746103,202.38561224556634,290.8450704225352,1,4.977145373436429,4.468605226539308,0.5085401468971202
2023-11-20,231.4742584228516,232.34389005548564,228.3532829955655,229.67703740792868,216200,8.383767862747478,225.89806985464853,2.136003529068642,220.06046676635742,236.82800249185237,203.29293104086247,-70.03465003465004,0,5.220932996028267,4.6190707804371005,0.6018622155911668
2023-11-21,231.20372009277344,231.4452819881181,229.51278682536088,231.0684460211312,142400,8.151510052658733,226.8627335343076,3.0313471050564145,221.26585998535157,237.56888009066904,204.9628398800341,-34.13506012950971,0,5.330855477471175,4.761427719843915,0.5694277576272597
2023-11-22,231.3008728027344,232.65129312173747,230.4847946583673,230.4847946583673,188300,7.794357399072029,227.66966794674883,4.7525637836194345,222.4408432006836,238.02955799882764,206.85212840253953,32.23314606741574,0,5.3639766636985655,4.881937508614846,0.48203915508371953
2023-11-24,231.553451538086,233.59366161189465,231.427163266838,231.553451538086,100100,7.528868269494424,228.37581041790105,5.041622893806408,223.48496856689454,238.54270510588339,208.4272320279057,-46.840148698884754,0,5.3489471028654805,4.975339427464974,0.3736076754005069
2023-11-27,229.71728515625,230.9414172195424,227.51191731741275,230.9414172195424,239900,6.404118641420138,228.61971491578268,3.3973970486991467,224.67449874877929,237.48273603161957,211.866261465939,139.66033966033967,0,5.129740332688925,5.006219608509764,0.12352072417916116
2023-11-28,229.9407196044922,231.06769309216955,229.0954969008878,230.5625103488444,194000,5.487730318179644,228.85989758645712,1.9767294242353461,225.67083892822265,236.64629956458194,214.69537829186336,-19.132972071696543,0,4.917362388020763,4.988448164411964,-0.07108577639120117
2023-11-29,227.0941619873047,231.43688361852523,226.5015306400553,230.30991010173835,257600,4.514992848288417,228.5388547502476,-0.3785627774291922,226.4055206298828,235.43550632645963,217.37553493330597,32.78350515463917,0,4.467855272302614,4.884329585990095,-0.41647431368748045
2023-11-30,230.2710418701172,230.38762021859412,227.11358312154,227.3758844056132,332100,3.42204467462622,228.85379786295115,1.453699435985989,227.2425193786621,234.08660872791455,220.39843002940967,28.920807453416142,0,4.3181879184765535,4.771101252487386,-0.4529133340108329
2023-12-01,231.9420928955078,232.6513026339445,228.96921126352183,230.30021179372696,228400,3.5625225538564282,229.4153060506887,2.3337087675905144,227.5417739868164,234.66681909452925,220.41672887910354,-31.225534477566995,0,4.285020268148486,4.673885055619606,-0.3888647874711202
2023-12-04,235.6921539306641,235.74071835893545,230.98024809243128,230.98024809243128,308500,3.97853988582592,230.55655111977512,3.030725276941859,228.02321701049806,235.9802967821499,220.0661372388462,35.070052539404564,0,4.509352245560393,4.640978493607764,-0.1316262480473709
2023-12-05,233.63250732421875,235.18695444805329,233.0398760259913,234.9343630907604,231000,4.153817846335141,231.11581588421942,0.932392619409339,228.37317428588867,236.68080997855895,220.06553859321838,-25.121555915721228,0,4.469419994351142,4.60666679375644,-0.13724679940529771
2023-12-06,236.6539764404297,236.72199036507928,234.03085963027868,234.03085963027868,183600,4.431464546541559,232.1227541671667,2.357339382545076,228.98580627441407,237.8487353674972,220.12287718133095,-20.519480519480517,0,4.628229356727104,4.610979306350573,0.017250050376531156
2023-12-07,238.2084350585937,238.3347381679228,236.52769942169263,237.24661909188288,206900,4.449370798401648,233.22924160197158,2.9863969695222092,229.8558837890625,238.75462538586578,220.9571421922592,12.690631808278873,0,4.823911688735848,4.653565782827628,0.17034590590821974
2023-12-08,239.86001586914065,240.2097657671733,237.92667409608367,238.577609459226,236000,4.405152950460569,234.43483692327504,3.587320454900844,230.82689895629883,239.63720485721998,222.01659305537768,14.064765587240213,0,5.054000740709569,4.733652774404017,0.32034796630555196
2023-12-11,243.25064086914065,243.4352331478268,239.6657082020897,240.20976029233884,415600,4.734400970456897,236.03771036797787,5.891309268993616,231.88096542358397,241.34976736449778,222.41216348267017,76.10169491525424,1,5.447151698914496,4.876352559306113,0.5707991396083827
2023-12-12,247.23390197753903,248.7980592384878,242.6580233809103,243.17293091175284,432900,5.605485579734734,238.07338156971622,7.520713339852048,232.9684844970703,244.17945565653977,221.75751333760084,4.162656400384979,1,6.0108531739739135,5.103252682239674,0.9076004917342395
2023-12-13,250.2553100585937,251.19769120574767,246.0291820137332,247.23386443535213,345000,6.672283745882691,240.28827765860302,10.198918311508077,234.0833938598633,247.42796135162868,220.7388263680979,-20.304920304920305,0,6.625023883988064,5.407606922589352,1.2174169613987118
2023-12-14,248.5454559326172,250.47879767935063,245.07710158899064,250.45934818755345,466400,7.186132140058013,241.78958279933286,7.936045242200951,235.16208877563477,249.53435305575078,220.78982449551876,35.18840579710145,1,6.894314294787506,5.704948397028983,1.189365897758523
2023-12-15,246.3303680419922,249.701548908925,246.3303680419922,247.4087622663414,1256500,7.305834909278359,242.61518011618,6.203391099418254,236.1459732055664,250.75764302412313,221.5343033870097,169.40394511149228,1,6.85002695818693,5.933964109260573,0.9160628489263578
2023-12-18,247.75851440429688,248.0402503644403,246.2235018568108,246.4566585619482,261400,7.526673566630217,243.5503318049285,5.119542705347113,237.0959442138672,252.14929134712764,222.04259708060675,-79.19617986470354,0,6.851192122707204,6.117409711949899,0.7337824107573043
2023-12-19,249.69186401367188,249.80844236994065,247.2047454269129,248.4191527190713,203400,7.903447853179499,244.6669740247,6.873768069940311,238.0068244934082,253.8137201997672,222.1999287870492,-22.18821729150727,0,6.928256056652373,6.279578980890394,0.6486770757619791
2023-12-20,245.24224853515625,249.81815636203564,245.18395935953103,248.73974731574057,206700,7.890835420140677,244.7715693902375,3.6290419556454845,238.70875091552733,254.49042175580868,222.92708007524598,1.6224188790560534,0,6.554724216794455,6.334608028071207,0.22011618872324767
2023-12-21,246.78700256347656,247.39905377339653,245.10625215588323,246.7578579736856,108500,7.885465876609977,245.13801178537184,3.6012862024691783,239.48305740356446,255.25398915678443,223.7121256503445,-47.5084663763909,0,6.310601595611757,6.329806741579317,-0.01920514596755929
2023-12-22,248.7980499267578,249.58498348880784,247.6127872106824,248.1374194682544,133600,7.91551606715497,245.80347326562384,3.7263543176339287,240.34528732299805,256.176319457308,224.5142551886881,23.13364055299538,0,6.207847176706281,6.30541482860471,-0.0975676518984292
2023-12-26,250.4884796142578,250.7605056475845,248.56487753880992,248.87577290507292,79200,7.8096104472522265,246.6552926017391,2.9754654373185474,241.38384704589845,257.0030679404029,225.764626151394,-40.7185628742515,0,6.1914459725586255,6.2826210573954935,-0.09117508483686798
2023-12-27,250.954818725586,251.34342310300968,249.50725481902188,249.7695561028449,108300,7.599823427929124,247.4370246242567,1.505018817518411,242.43455200195314,257.6341988578114,227.2349051460949,36.74242424242424,0,6.145239078217742,6.255144661559944,-0.10990558334220246
2023-12-28,251.1102905273437,251.94578853663003,250.3816461314524,250.46907990112533,117400,6.914862552331508,248.1048911520907,0.34164328762886775,243.63535842895507,257.4650835336181,229.80563332429205,8.402585410895668,0,6.051408189877577,6.214397367223471,-0.16298917734589402
2023-12-29,252.2469787597656,252.596713824495,250.556503667728,251.1102805021647,168200,6.40681838998751,248.85799798984976,1.4892739894435847,244.7341552734375,257.54779205341254,231.92051849346248,43.270868824531505,0,5.999608028780017,6.171439499534781,-0.17183147075476413
2024-01-02,252.7035369873047,253.9762629380361,251.62515768569955,251.70286669673845,173100,5.885850216922805,249.55718689847794,2.587244518802523,245.77222747802733,257.54392791187297,234.00052704418172,2.9131985731272403,0,5.927072854860171,6.122566170599859,-0.19549331573968765
2024-01-03,249.00205993652344,252.5967173895908,248.953495504164,252.5967173895908,276000,5.42017516633039,249.4562547235771,0.5019183842042807,246.4377227783203,257.2780731109811,235.59737244565952,59.445407279029475,0,5.507423790275396,5.9995376945349665,-0.49211390425957013
2024-01-04,249.02151489257807,251.683486254384,248.68147491275377,250.197052878458,223600,4.525070740983217,249.37721111794087,-0.2684705501886486,247.2071731567383,256.2573146387047,238.15703167477187,-18.98550724637681,0,5.11742820864464,5.823115797356901,-0.7056875887122613
2024-01-05,245.310287475586,247.6419436842443,241.56990686554167,247.6419436842443,637100,3.8218944553200305,248.63777045569452,0.027743564102888918,247.6399887084961,255.28377761913617,239.99619979785604,184.9284436493739,1,4.457505515029794,5.54999374089148,-1.0924882258616861
2024-01-08,248.0888519287109,248.1568510323884,242.88147256396715,243.697550753948,265600,3.11107367984958,248.53796708715203,0.5275194202739586,248.13400955200194,254.3561569117011,241.91186219230278,-58.31109715900173,0,4.11132614717593,5.26226022214837,-1.1509340749724402
2024-01-09,246.0292053222656,246.97158655869967,245.32970554214327,246.97158655869967,128000,2.4917241319347188,248.0818285844454,-1.1128883869095163,248.4424690246582,253.42591728852764,243.45902076078877,-51.80722891566265,0,3.6289479827059097,4.935597774259879,-1.3066497915539692
2024-01-10,245.6211700439453,247.72937933833887,245.18397155639315,245.9126159365696,155100,2.279066888436245,247.63443612253627,-1.9431271161883257,248.56099548339844,253.11912926027094,244.00286170652595,21.171874999999996,0,3.1771110170276984,4.583900422813443,-1.4067894057857444
2024-01-11,243.4935302734375,245.0965420076968,241.69620150833995,245.0965420076968,190500,2.5330165001851936,246.88154414997283,-2.9731600652415646,248.37397689819335,253.44000989856374,243.30794389782295,22.823984526112184,0,2.6171750534840044,4.190555348947555,-1.5733802954635507
2024-01-12,247.4282073974609,247.52536591651733,244.5719337234918,246.05836715434108,204800,2.5011862367712947,246.9809374676979,-1.4663210823221307,248.2326217651367,253.2349942386793,243.23024929159413,7.506561679790025,0,2.462530806430408,3.844950440444126,-1.382419634013718
2024-01-16,247.91395568847656,248.8369170920248,245.09653669409897,246.7384177286538,214200,2.5010151881251765,247.1505771442031,-1.7177700571849863,248.2010467529297,253.20307712918006,243.19901637667934,4.58984375,0,2.352056906097033,3.5463717335747074,-1.1943148274776743
2024-01-17,247.55450439453125,251.0228588637416,246.44696549645644,246.44696549645644,205600,2.467580480686008,247.22401846244458,-2.0375783632312627,248.26225357055665,253.19741453192867,243.32709260918463,-4.0149393090569525,0,2.2100250358789992,3.279102394035566,-1.0690773581565667
2024-01-18,252.78128051757807,252.888134115892,247.1269936878257,248.380270173487,308000,2.6615839919058937,248.2344297451961,1.5177467134280143,248.5133918762207,253.8365598600325,243.1902238924089,49.80544747081712,0,2.4905118364255543,3.121384282513564,-0.6308724460880097
2024-01-19,248.9340667724609,253.71395711224457,248.0888292446928,253.71395711224457,287500,2.6492900293242885,248.36163647742606,-0.03511669269014028,248.47550201416016,253.77408207280874,243.17692195551157,-6.655844155844159,0,2.3749843091928255,2.972104287849416,-0.5971199786565906
2024-01-22,249.4586639404297,251.9360724694256,248.6425858427908,249.7889791479064,234700,2.544134501785587,248.56109601615395,1.6910731741148544,248.68632278442382,253.774591787995,243.59805378085264,-18.365217391304345,0,2.299254148159662,2.8375342599114655,-0.5382801117518037
2024-01-23,248.5260162353516,250.7702384949573,247.29217430013048,249.67240958079395,175600,2.5052246391634863,248.55471787418986,0.17621279764972186,248.77327346801758,253.78372274634455,243.7628241896906,-25.181082232637408,0,2.1393198273079292,2.6978913733907586,-0.5585715460828293
2024-01-24,246.4178009033203,250.55649543399684,245.78631506923384,248.7106023618156,280700,2.559926162794384,248.1661875158499,0.15794693176596208,248.6542610168457,253.77411334243448,243.53440869125694,59.851936218678816,0,1.8214587251987382,2.522604843752355,-0.7011461185536167
2024-01-25,247.1561737060547,247.38934525000923,244.59134601978784,246.9230169864084,261100,2.5426458641033896,247.98254864134168,0.6249476223221029,248.48764572143554,253.57293744964232,243.40235399322876,-6.982543640897754,0,1.6105664189188076,2.340197158785646,-0.7296307398668382
2024-01-26,248.3705596923828,249.40037464714905,246.85498184768483,248.1956921676747,387200,2.4754452930933293,248.05309610516733,2.002940042582857,248.3584327697754,253.30932335596205,243.40754218358873,48.29567215626196,1,1.5238574665385727,2.1769292203362314,-0.6530717537976587
2024-01-29,251.22683715820312,251.22683715820312,248.43856303251587,249.0311795016605,374100,2.4823916952541083,248.630139932992,1.535245233636684,248.36426010131837,253.32904349182658,243.39947671081015,-3.3832644628099207,0,1.6664083989381027,2.0748250560566057,-0.40841665711850306
2024-01-30,252.9075927734375,253.1990386417785,250.1290136845958,251.22684253636905,306700,2.5404894792539623,249.40785863125478,2.0142621947575323,248.39729080200195,253.47826976050987,243.31631184349402,-18.016573108794443,0,1.8931805642961592,2.0384961577045164,-0.1453155934083572
2024-01-31,251.54747009277344,255.5112822627136,250.6342334800974,253.7722428004542,443800,2.448852555275883,249.79687889698542,1.6129642674077793,248.3394874572754,253.23719256782715,243.44178234672364,44.70166286273232,1,1.9407765419534257,2.0189522345542983,-0.07817569260087254
2024-02-01,260.184326171875,260.8644061018958,246.95214931389816,256.4828151882071,778000,3.6095614683987316,251.68550567423804,2.9286368196010937,248.89860076904296,256.11772370584043,241.67947783224548,75.30419107706174,1,2.6449296983716124,2.1441477273177614,0.500781971053851
2024-02-02,260.85467529296875,261.66102865537425,255.8610184880553,258.5035698296679,324200,4.492573824339318,253.35262742309817,4.788660979617521,249.4902587890625,258.4754064377411,240.50511114038386,-58.32904884318766,0,3.219950138862032,2.3593082096266156,0.8606419292354164
2024-02-05,258.3578491210937,260.14545303693967,255.5210103856523,258.6881643355704,247600,4.791061999874519,254.26266773182462,3.5673987185264044,250.14263687133788,259.7247608710869,240.56051287158886,-23.627390499691547,0,3.4345931239529364,2.57436519249188,0.8602279314610564
2024-02-06,258.6395874023437,259.9122837681284,257.47374463815925,258.21211369871696,392800,5.122424700482951,255.0584713082826,4.069421511756199,250.67017364501953,260.91502304598544,240.42532424405363,58.64297253634896,0,3.5860948911301307,2.7767111322195306,0.8093837589106001
2024-02-07,266.9169921875,267.9954012564479,258.71731195968346,259.0282073352914,472900,6.152239665799532,257.21456601359483,8.318875993955622,251.71456298828124,264.0190423198803,239.4100836566822,20.39205702647657,1,4.3242314734479805,3.086215200465221,1.2380162729827595
2024-02-08,264.3812866210937,267.5484698084252,262.47710460014,266.7420868951376,260600,6.588947510074508,258.51760612404917,6.969323345944423,252.65256881713867,265.8304638372877,239.47467379698966,-44.89321209558046,0,4.65098611271938,3.3991693829160528,1.2518167298033274
2024-02-09,266.1009216308594,266.50897552902666,263.29322737070225,264.9545282553936,197000,6.868255948383892,259.896390761651,7.13867294112327,253.78293838500977,267.51945028177755,240.046426488242,-24.405218726016887,0,4.991166630161558,3.717568832365154,1.2735977977964041
2024-02-12,267.8885192871094,268.8600451040916,266.17865401027893,266.17865401027893,160300,7.3768465813407715,261.34950503900706,6.632126693699525,254.8059539794922,269.55964714217373,240.05226081681064,-18.629441624365484,0,5.3434108186257845,4.0427372296172805,1.300673589008504
2024-02-13,267.27642822265625,269.2194796744682,265.60543243676574,266.6061027485044,312900,7.68870417007045,262.4271274360342,5.681456729569523,255.77407760620116,271.15148594634206,240.39666926606026,95.19650655021834,0,5.509664262353681,4.336122636164561,1.1735416261891203
2024-02-14,272.3283996582031,272.7170040556609,268.6171639179593,269.04463764974736,264500,8.268533138461526,264.2273587491558,8.261235765068697,257.0127723693848,273.5498386463078,240.47570609246173,-15.468200703100033,0,5.980137881074654,4.66492568514658,1.3152121959280745
2024-02-15,276.8751220703125,277.0014251652698,273.3387836545777,273.34847875130333,300900,9.309265099850133,266.5269520802752,6.41498899799664,258.2174644470215,276.83599464672176,239.5989342473212,13.761814744801516,0,6.643294351624604,5.060599418442185,1.5826949331824194
2024-02-16,276.9722900390625,279.1484983692372,275.27211986895986,276.5351212130621,263200,9.92827124850216,268.4261044364183,6.178771658200821,259.61937561035154,279.4759181073559,239.76283311334723,-12.529079428381518,0,7.094905619771964,5.467460658708141,1.6274449610638229
2024-02-20,276.6905517578125,279.79944635453154,276.4671197861854,277.3803564621485,255800,10.321023606432565,269.9287312221263,7.095856657378419,260.9809700012207,281.62301721408585,240.3389227883556,-2.8115501519756836,0,7.345403637966967,5.843049254559907,1.5023543834070603
2024-02-21,279.9257507324219,280.4600780958739,277.06946233267496,277.739817547837,234900,10.70766748084162,271.7463711330891,8.230048440714954,262.5509567260742,283.96629168775746,241.13562176439098,-8.1704456606724,0,7.716033016145957,6.217646006877118,1.4983870092688392
2024-02-22,280.3746643066406,280.81381450808186,277.6420451047122,280.53081652815007,199900,10.707058963309182,273.31515171009846,5.04189411428968,264.24879989624026,285.6629178228586,242.8346819696219,-14.899957428693057,0,7.9542909278631555,6.564974991074325,1.3893159367888304
2024-02-23,281.2042236328125,282.5314729057215,280.4136936657803,280.9504725376418,181400,10.55199197969221,274.7495284233192,6.3631345571856235,265.9512023925781,287.05518635196256,244.84721843319372,-9.254627313656826,0,8.11648871459704,6.875277735778869,1.241210978818171
2024-02-26,281.3896179199219,282.90232586042725,280.05259984850835,281.7897524158107,218700,10.234870543961916,275.9568174227015,5.745450333415714,267.6021553039551,288.0718963918789,247.13241421603126,20.562293274531427,0,8.165860442609869,7.133394277145069,1.0324661654648004
2024-02-27,282.52166748046875,282.7070963670703,278.91074816783487,280.8626061042819,201800,9.988865919894673,277.1504265241137,5.462402133656319,269.16689682006836,289.1446286598577,249.189164980279,-7.727480566986744,0,8.201789705083911,7.3470733627328375,0.8547163423510735
2024-02-28,284.8248596191406,285.7715118574112,282.87300179037555,283.01938517093555,257800,9.802369852391262,278.54577799593676,6.565648723001316,270.7627601623535,290.367499867136,251.15802045757098,27.75024777006938,0,8.320202150220268,7.541699120230324,0.7785030299899445
2024-02-29,284.60040283203125,285.8105452300829,283.07795601416353,285.264027386899,314800,9.157311728600517,279.64661887522664,4.506325153465673,272.41540679931643,290.73003025651747,254.1007833421154,22.110162916989907,0,8.300252930199008,7.693409882224061,0.6068430479749471
2024-03-01,285.4201965332031,285.84960769018375,280.7650257696063,283.7513662267047,183000,9.121846445306932,280.696360267586,3.0862557816663028,273.6772003173828,291.9208932079967,255.43350742676895,-41.86785260482846,0,8.255430070957289,7.805813919970707,0.44961615098658125
2024-03-04,289.2946472167969,291.01229191141283,285.54708316008254,285.54708316008254,226200,9.233803653642005,282.2596851674425,4.448949451223627,275.09919891357424,293.56680622085827,256.6315916062902,23.606557377049175,0,8.435306460032336,7.931712427983033,0.5035940320493033
2024-03-05,284.3174133300781,292.29076723015544,282.1020649814632,290.3779545217436,395600,8.556337152336454,282.633817560649,2.7564589841656106,276.3971771240234,293.5098514286963,259.2845028193505,74.88947833775418,0,8.083062107688704,7.961982363924167,0.121079743764537
2024-03-06,286.9133605957031,288.6212363660387,283.40977901794497,284.8834413560484,268600,7.767323637764029,283.41191629429517,2.4962368931755075,277.8108657836914,293.34551305921946,262.2762185081633,-32.103134479271986,0,7.922056632224951,7.953997217584324,-0.03194058535937305
2024-03-07,284.8248596191406,287.31346643762134,284.42472519028536,286.1911541426788,273100,7.471982950990671,283.6688150806307,1.5872316150623789,278.7062591552734,293.6502250572548,263.76229325329206,1.6753536857781137,0,7.539028827025049,7.871003539472469,-0.33197471244741994
2024-03-08,286.2594909667969,286.3278131422176,283.94654408659994,284.2588187201161,207700,6.839104806770926,284.1398470599336,1.7977209832329422,279.80016937255857,293.47837898610044,266.1219597590167,-23.947272061515925,0,7.267464485134155,7.750295728604807,-0.48283124347065165
2024-03-11,281.5848083496094,285.3128644783831,280.32585153254354,285.3128644783831,225200,6.035952577313247,283.6752945671474,0.06936660674632389,280.5743637084961,292.6462688631226,268.5024585538696,8.425613866153103,0,6.598971136866965,7.520030810257239,-0.9210596733902747
2024-03-12,283.1755676269531,283.6928088155208,278.9693159391884,280.872359655772,202500,5.263442277637483,283.58443512347566,0.2314513263056428,281.3387161254883,291.8656006807633,270.8118315702133,-10.079928952042627,0,6.126919012777762,7.2414084507613445,-1.1144894379835826
2024-03-13,282.9218139648437,284.4052451207506,281.1846615188396,283.40003943204573,231100,4.096802479380595,283.4639585491789,-0.6681459114354138,282.12098541259763,290.3145903713588,273.92738045383646,14.123456790123456,0,5.667012708747222,6.926529302358521,-1.2595165936112984
2024-03-14,279.9647521972656,283.0194147841802,278.5594120308705,281.65312011768214,243500,3.439177781655254,282.8277392124674,-1.6288278542956003,282.50280303955077,289.38115860286126,275.6244474762403,5.365642578970142,0,5.00621494824702,6.542466431536221,-1.5362514832892007
2024-03-15,282.06298828125,282.6095061374931,277.84699764494457,277.9250588602696,692900,3.1781149543793528,282.6886935886097,-1.1762335996999385,282.76219635009767,289.11842625885635,276.405966441339,184.55852156057495,1,4.598825678791229,6.153738280987223,-1.5549126021959943
2024-03-18,283.5951843261719,285.04930890198983,281.82875534469224,282.45336415601565,228000,2.8735233832035822,282.85351008634825,-1.970123866949336,283.0933410644531,288.84038783086027,277.34629429804596,-67.09481887718285,0,4.3494642470029135,5.792883474190362,-1.4434192271874489
2024-03-19,283.6928405761719,285.94723447901544,282.3070081100159,284.5614020128594,289200,2.4473152031418453,283.00611562995255,-0.21967446404035362,283.4434555053711,288.3380859116548,278.5488250990874,26.84210526315789,0,4.112319301903824,5.456770639733055,-1.3444513378292307
2024-03-20,285.1664733886719,287.2354381590813,283.6928110284505,283.6928110284505,216800,2.3285297758750882,283.39890794971967,-0.6088553016158849,283.7054916381836,288.3625511899338,279.0484320864334,-25.03457814661134,0,3.9972126968899033,5.164859051164425,-1.1676463542745212
2024-03-21,286.85479736328125,287.7136196292224,284.8443860511867,285.73248499514904,229800,2.291208334867698,284.02725147945813,0.7126968295025238,284.0294982910156,288.611914960751,279.44708162128023,5.996309963099633,0,3.9961582926810593,4.9311188994677515,-0.9349606067866922
2024-03-22,285.5080261230469,287.69412740505203,284.0831780769384,287.69412740505203,216800,2.2126527173416246,284.2964832328379,-0.26251176553554467,284.2446884155273,288.6699938502106,279.81938298084407,-5.657093124456047,0,3.842357184263051,4.713366556426812,-0.8710093721637611
2024-03-25,283.80010986328125,287.01092425700364,283.5366197843322,287.01092425700364,193400,2.1123260798840895,284.20623352928214,0.7867262181706192,284.36521301269534,288.58986517246353,280.14056085292714,-10.79335793357934,0,3.541826161968345,4.479058477535119,-0.9372323155667743
2024-03-26,282.892578125,287.15738374793125,282.5998112930116,283.81972273128684,401900,2.09686009039536,283.9673870921399,-0.09993429317529667,284.3837585449219,288.5774787257126,280.19003836413117,107.80765253360909,0,3.1936089982908697,4.221968581686269,-1.0283595833953996
2024-03-27,282.77545166015625,285.8105768109571,281.90686048087736,284.5809264194166,754200,2.1240688333077618,283.75067155905197,-0.05173242127792799,284.28128814697266,288.5294258135882,280.0331504803571,87.65862154764868,1,2.8750514569230745,3.9525851567336305,-1.077533699810556
2024-03-28,284.4540405273437,286.1131318204806,282.6095203326331,282.83399473532535,435000,2.123163452448541,283.8785568260141,1.60351911976222,284.27397003173826,288.52029693663536,280.02764312684116,-42.32299124900557,0,2.7266097434684298,3.7073900740805907,-0.980780330612161
2024-04-01,280.6772155761719,284.94202098487614,280.37467993731593,284.94202098487614,310200,2.249522193401352,283.2964947805882,-0.491299022790026,284.03682098388674,288.53586537068946,279.537776597084,-28.689655172413797,0,2.2779515987199375,3.4215023790084604,-1.143550780288523
2024-04-02,280.5503234863281,282.1118159134172,279.6915011622796,280.81381360634674,285000,2.0109492404198663,282.79719090890455,-1.0736645077660256,283.59960479736327,287.621503278203,279.5777063165235,-8.12379110251451,0,1.890356798958294,3.1152732629984277,-1.2249164640401338
2024-04-03,279.496337890625,281.8873462186976,277.9543532967905,280.35513044602385,251100,2.2004046506090846,282.1970358146719,-1.4792416604606284,283.3585510253906,287.75936032660877,278.9577417241725,-11.894736842105258,0,1.4810645089013974,2.788431512179022,-1.3073670032776246
2024-04-04,279.32061767578125,282.2972188562404,277.3980364444576,281.6433333523334,331200,2.209781833769979,281.6740506985099,-2.0499800146291824,282.97891387939455,287.3984775469345,278.5593502118546,31.899641577060933,0,1.12949811626072,2.456644832995362,-1.3271467167346418
2024-04-05,279.1937561035156,280.9602149994845,278.1007203853173,278.4618093511875,199300,2.3182799508343934,281.22308804487454,-2.6707035511292054,282.6973587036133,287.33391860528207,278.06079880194454,-39.824879227053145,0,0.8310625764754036,2.1315283816913704,-1.3004658052159668
2024-04-08,278.80340576171875,280.638157153538,278.29593337412695,280.0818704433179,358500,2.314808615510554,280.7831458115735,-2.348312393305052,282.3245544433594,286.95417167438046,277.6949372123383,79.87957852483693,0,0.5566357009278704,1.8165498455386704,-1.2599141446108
2024-04-09,268.8684387207031,278.1007186947069,266.9360885844277,276.74419287579326,542700,3.799189406853252,278.6168354314152,-5.2613338133559395,281.68873596191406,289.2871147756206,274.09035714820754,51.380753138075306,1,-0.45724752051864925,1.3617903723272067,-1.819037892845856
2024-04-10,268.5268859863281,270.5763430535214,266.5457511040729,266.5457511040729,417800,4.782299576360257,276.78229916867207,-5.078143878459828,280.9563018798828,290.5209010326033,271.3917027271623,-23.014556845402613,0,-1.2736360458127365,0.8347050886992181,-2.1083411345119547
2024-04-11,269.6589660644531,270.78127856796885,266.467688643223,268.34145582859014,300700,5.377872782215061,275.4871476951777,-4.638480999215844,280.2931594848633,291.0489050492934,269.53741392043315,-28.02776448061274,0,-1.80843393209517,0.3060772845403405,-2.1145112166355102
2024-04-12,269.0831298828125,272.830693457321,268.7220409384726,268.7220409384726,402100,5.934489845030852,274.32278082020224,-5.403653474577252,279.74907836914065,291.6180580592023,267.88009867907897,33.72131692716993,0,-2.2527618411698427,-0.20569054060169614,-2.0470713005681467
2024-04-15,268.3804626464844,273.933500783518,268.2731247572601,272.7819117644429,340100,6.422312641652696,273.2423593340717,-4.3811012249230235,279.06495208740233,291.9095773707077,266.22032680409694,-15.41904998756528,0,-2.6312627250674154,-0.6908049774948399,-1.9404577475725755
2024-04-16,267.4045715332031,269.4442597640046,266.1456146637542,269.4442597640046,245400,6.828772591710025,272.18094337027736,-4.685701941015807,278.2554214477539,291.91296663117396,264.5978762643339,-27.844751543663627,0,-2.975671965362096,-1.1477783750682913,-1.827893590293805
2024-04-17,264.69146728515625,269.5418356562058,264.22301063847704,269.52232779788204,285200,7.3354700042303085,270.81922044570985,-5.296981963056102,277.30535278320315,291.97629279166375,262.63441277474254,16.218418907905452,0,-3.42802744161537,-1.6038281883777072,-1.824199253237663
2024-04-18,262.3687438964844,266.984898702333,262.09548497289643,265.32580752005634,274100,7.805839675786155,269.28277016403246,-6.0689661652451266,276.16546630859375,291.77714566016607,260.55378695702143,-3.8920056100981815,0,-3.9286596384416157,-2.068794478390489,-1.8598651600511267
2024-04-19,265.1208801269531,266.0577636433107,263.30563666958346,263.6472177818671,346600,7.75206069527973,268.52606288456343,-5.040541082639671,275.07877044677736,290.58289183733683,259.5746490562179,26.450200656694633,0,-4.0565781601519575,-2.466351214742783,-1.5902269454091744
2024-04-22,267.8827514648437,268.91723385999285,264.6719663813105,266.29198237145675,308200,7.501842774774345,268.4090971718871,-3.916973061013629,274.1975067138672,289.20119226341586,259.19382116431854,-11.079053664166183,0,-3.890250192541714,-2.7511310103025695,-1.1391191822391447
2024-04-23,267.8632507324219,271.1618957259547,267.3947940609704,269.5906344496012,243500,7.271027195139753,268.30985236471156,-0.3738586771522945,273.4006637573242,287.9427181476037,258.85860936704466,-20.992861778066185,0,-3.7171585362591486,-2.944336515493885,-0.7728220207652634
2024-04-24,269.20025634765625,269.7760508934544,266.22368476041385,268.12672847286734,518200,6.968583233031209,268.4717439979742,0.2507645961985272,272.716047668457,286.65321413451943,258.7788812023946,112.81314168377823,0,-3.4325289156058716,-3.041974995516283,-0.39055392008958867
2024-04-25,269.3369140625,270.3811355269064,266.6335714915169,268.0877260507035,336000,6.5849074399382586,268.6290476460698,-0.11942936912253677,272.0441207885742,285.21393566845074,258.8743059086977,-35.16016981860286,0,-3.1595098917947553,-3.065481974771978,-0.09402791702277735
2024-04-26,270.3031005859375,272.2256822220975,266.5750440475165,268.35124226630273,259200,5.9066051440230165,268.93342090786393,0.45338059790529517,271.3365737915039,283.14978407954993,259.52336350345786,-22.857142857142854,0,-2.8325255790554706,-3.0188906956286767,0.1863651165732061
2024-04-29,271.84503173828125,273.9042575722495,270.9862391705939,271.61081829100215,318200,5.486741287616343,269.4628046952125,1.2909170278763815,270.89496459960935,281.86844717484206,259.92148202437664,22.76234567901234,0,-2.421058739781529,-2.8993243044592476,0.47826556467771875
2024-04-30,270.2640075683594,272.7721522160812,269.1416951884689,271.11306102285926,357000,4.9940175050448605,269.6084779448756,1.0693295252064194,270.3806488037109,280.36868381380066,260.3926137936212,12.19358893777498,0,-2.197215608722729,-2.758902565311944,0.5616869565892149
2024-05-01,270.3908996582031,272.4891411548202,269.7272750534761,271.6010421471748,583100,4.5109391789861,269.7507364382078,2.153236155099325,269.92537689208984,278.947255250062,260.90349853411766,63.33333333333333,1,-1.9866779962108012,-2.6044576514917157,0.6177796552809145
2024-05-02,239.28805541992188,256.8742868601713,236.3602681565268,255.9861878163157,1496800,7.803061102510599,264.2120671621558,-8.797041954688323,267.9237487792969,283.5298709843181,252.3176265742757,156.69696450008576,1,-4.280225241926587,-2.93961116957869,-1.340614072347897
2024-05-03,240.30300903320312,242.4890954954465,237.78511026347056,240.3908539664173,531000,9.506604843808077,259.86496568416436,-9.360964357792556,265.9792114257813,284.9924211133974,246.96600173816512,-64.52431854623197,0,-5.947421510964375,-3.541173237855827,-2.406248273108548
2024-05-06,240.6543426513672,243.7187592954475,239.27827910669689,241.0544771387954,388500,10.566223855523353,256.37212513274665,-10.16430086094957,264.0717582702637,285.2042059813104,242.93931055921698,-26.836158192090398,0,-7.157825917326022,-4.264503773749866,-2.893322143576156
2024-05-07,242.5866851806641,244.3238376559104,241.05446946167424,241.05446946167424,450500,11.528729191391655,253.86568150509527,-9.436369297633684,262.7576705932617,285.815128976045,239.7002122104784,15.958815958815965,0,-7.870430809804162,-4.985689180960726,-2.884741628843436
2024-05-08,240.9763946533203,243.4454939115145,240.6641051068408,242.21582869285305,349000,12.414993048064474,251.52217480477253,-10.48433685660629,261.3801460266113,286.2101321227403,236.55015993048238,-22.530521642619316,0,-8.467504191450587,-5.6820521830586985,-2.7854520083918883
2024-05-09,244.9289093017578,245.11433819968167,241.00567044032752,241.00567044032752,223500,12.773398629615569,250.32339925876985,-9.06225752444697,260.1436431884766,285.6904404477077,234.59684592924543,-35.95988538681948,0,-8.523500638831592,-6.2503418742132775,-2.273158764618315
2024-05-10,245.96340942382807,246.22691444995647,243.27960440382392,245.59255160123965,180400,12.966501520673761,249.53067383423496,-9.004591922677974,258.9876571655273,284.92066020687486,233.0546541241798,-19.2841163310962,0,-8.387714362639258,-6.677816371898474,-1.7098979907407843
2024-05-13,247.8176727294922,249.808576460964,247.0271725299212,247.1638020101989,276000,12.997723308873743,249.21921908791808,-8.838623555173664,257.95951766967767,283.9549642874251,231.96407105193018,52.99334811529934,0,-8.037824174713165,-6.949817932461412,-1.088006242251753
2024-05-14,245.4559326171875,248.54962620371447,243.61142713842227,248.13973775193304,297300,13.084580865787828,248.53498518414887,-9.179200432339119,256.86208572387693,283.03124745545256,230.69292399230127,7.7173913043478315,0,-7.860495470342784,-7.131953440037687,-0.7285420303050962
2024-05-15,245.5730133056641,246.83195513403325,244.5190082232764,245.8462722279689,189000,13.180502044061683,247.99644484260614,-9.178521312629584,255.90616302490236,282.2671671130257,229.545158936779,-36.42785065590313,0,-7.622644658774249,-7.230091683785,-0.3925529749892487
2024-05-16,249.9939727783203,251.0772396575981,245.8072290866212,245.8072290866212,290300,13.151584540345992,248.35963174000872,4.4740709433284565,255.28742446899415,281.5905935496861,228.98425538830216,53.5978835978836,0,-6.996757430709181,-7.183424833169837,0.18666740246065583
2024-05-17,249.447494506836,251.6530741140384,248.3837204251365,250.8040205262708,272700,13.000899813922874,248.55742497034095,3.8053978227003293,254.50375518798828,280.50555481583405,228.50195556014253,-6.062693765070614,0,-6.470248525184502,-7.04078957157277,0.5705410463882679
2024-05-20,249.43771362304688,251.0675283149457,248.13972614072708,250.80400839838552,190000,12.65140056356131,248.7174774526511,3.6497870243729746,253.58150329589844,278.88430442302104,228.27870216877582,-30.326365969930325,0,-5.984786763435409,-6.829589009945297,0.8448022465098886
2024-05-21,247.6517333984375,251.7213554711153,247.1442610490853,250.2184462808453,311000,12.251464741050867,248.52370580643043,2.08793331505448,252.57092742919923,277.07385691130094,228.0679979470975,63.68421052631579,0,-5.678707888091594,-6.5994127855745575,0.9207048974829632
2024-05-22,248.3641967773437,248.68625516052515,246.35377036492395,246.98813320143128,213100,11.633265168882648,248.49470416477828,3.0657783450747544,251.52912445068358,274.79565478844887,228.2625941129183,-31.479099678456592,0,-5.317353196122156,-6.3430008676840774,1.0256476715619218
2024-05-23,246.7929534912109,247.79815926441083,244.7239736904484,247.79815926441083,184900,10.88510993559046,248.1852949514024,0.7610551954716493,250.4019264221191,272.1721462933,228.63170655093816,-13.233223838573437,0,-5.098985272861825,-6.094197748719627,0.9952124758578025
2024-05-24,250.0330352783203,250.2574798993839,245.8267685512608,248.50081951727503,226900,9.826822365038884,248.5212477381147,1.6545655567327566,249.38842315673827,269.042067886816,229.7347784266605,22.714981070849106,0,-4.611323136032468,-5.797622826182195,1.1862996901497276
2024-05-28,246.6660614013672,251.6433053921768,245.8560385225455,251.6433053921768,259700,8.291324810870272,248.1839411314333,-0.4647010503492477,248.12947463989258,264.7121242616331,231.54682501815205,14.455707360070512,0,-4.445291479002492,-5.527156556746254,1.0818650777437622
2024-05-29,242.3231658935547,246.46109519006512,242.24508978908355,246.46109519006512,235400,6.532978755149075,247.1183456336372,-1.2763051559722016,246.73243255615233,259.7983900664505,233.66647504585418,-9.356950327300728,0,-4.6109929109669,-5.343923827590384,0.7329309166234843
2024-05-30,245.17288208007807,246.54894553005448,242.1377423252589,242.75258235428973,189200,3.4168940068698235,246.7646249875355,-0.16293778383864588,245.4715316772461,252.30531969098575,238.63774366350646,-19.626168224299068,0,-4.4609412554788435,-5.167327313168077,0.7063860576892331
2024-05-31,248.29249572753903,248.4592648647128,244.25074292625231,244.91783444390305,347000,3.141375752210446,247.04241966753614,-0.6806072289951004,245.92175369262696,252.20450519704787,239.63900218820606,83.40380549682875,0,-4.043684411005813,-4.942598732735624,0.8989143217298103
2024-06-03,245.62417602539065,250.8431178020887,245.07481530878627,250.3329907214032,196500,2.852506845115877,246.78455718714605,-1.5327147257999663,246.18781204223632,251.89282573246808,240.48279835200455,-43.37175792507204,0,-3.8835493163791455,-4.730788849464328,0.8472395330851823
2024-06-04,245.70263671875,247.1348963230124,244.14282664430607,244.5842910811793,202200,2.543732842150973,246.5878443747104,-1.4973986291188401,246.44022674560546,251.5276924299074,241.3527610613035,2.900763358778624,0,-3.707571402698477,-4.526145360111158,0.8185739574126814
2024-06-05,246.78173828125,247.16432982299008,243.66214801305503,245.6437683220903,188600,2.376727988365457,246.62309781226304,-0.351297810537754,246.64997940063472,251.40343537736564,241.8965234239038,-6.7260138476755715,0,-3.441363267020506,-4.309188941493028,0.8678256744725221
2024-06-06,245.86941528320312,248.59660939818284,245.6732022064198,246.22257786487447,221900,1.9808360355527836,246.48606462516122,-1.0044851578897784,246.89463043212885,250.85630250323442,242.93295836102328,17.656415694591733,0,-3.2663557273219226,-4.1006222986588075,0.8342665713368849
2024-06-07,244.4763946533203,245.7222608984439,243.86816104598995,245.44758054763267,217300,2.0068839795395284,246.1206700848265,-0.9386649031586258,246.872004699707,250.88577265878604,242.85823674062794,-2.073005858494814,0,-3.2031422837615366,-3.9211262956793536,0.7179840119178169
2024-06-10,243.2305145263672,244.33905556999625,242.78906502980155,244.3194312680059,170300,2.159258552330965,245.5951872560157,-2.7206487912211252,246.735359954834,251.05387705949593,242.41684285017206,-21.629084215370455,0,-3.216499484446814,-3.7802009334328455,0.5637014489860315
2024-06-11,239.90489196777344,241.75899171725,239.286853728296,241.62165154947235,255900,2.625170063978901,244.56058811269892,-2.741021361099283,246.33972091674804,251.59006104470583,241.08938078879024,50.264239577216685,0,-3.4556010909747386,-3.715280964941224,0.2596798739664856
2024-06-12,238.6688232421875,242.08273318463213,237.5210485951256,240.44445578400752,222700,3.1346718633203206,243.4893581362423,-1.508045109055911,246.00036544799804,252.26970917463868,239.7310217213574,-12.973817897616257,0,-3.7021551130479224,-3.712655794562564,0.010500681514641563
2024-06-13,235.6963806152344,238.40396542791115,234.59765922397787,237.55048044745783,281200,3.8920246796855826,242.07245313242265,-3.8652323146197154,245.50653381347655,253.2905831728477,237.7224844541054,26.268522676246064,0,-4.090252347157929,-3.7881751050816375,-0.30207724207629116
2024-06-14,233.9305877685547,235.5001876519444,230.1340861480171,233.8128569248069,303000,4.523465529363925,240.59211397535574,-5.784269845490709,244.70336456298827,253.75029562171613,235.6564335042604,7.752489331436707,0,-4.488565537182581,-3.928253191501826,-0.5603123456807544
2024-06-17,237.4327545166016,238.77672723068127,233.56759054030343,233.7736082769144,313100,4.656124264610582,240.01768498285497,-3.3349410637584342,244.10262756347652,253.41487609269768,234.79037903425535,3.3333333333333437,0,-4.470107406592064,-4.036624034519874,-0.4334833720721898
2024-06-18,241.25868225097656,241.56280653849805,237.0894087580992,237.1678909965929,269800,4.520074662579867,240.2433208497862,-1.8086718673924196,243.693675994873,252.73382532003274,234.65352666971324,-13.829447460875121,0,-4.099502300890464,-4.049199687793992,-0.05030261309647166
2024-06-20,242.66151428222656,243.80928888880464,239.0808502950972,240.2874828349938,306400,4.426858510694128,240.68299238295714,-1.6695822096559398,243.44416503906245,252.29788206045072,234.5904480176742,13.56560415122312,0,-3.650517371698186,-3.969463224574831,0.3189458528766451
2024-06-21,244.1820831298828,244.927641922684,239.5615406284691,242.73018420906925,877700,4.278512753623474,241.31919070057995,-0.6862716744889807,243.23505935668945,251.7920848639364,234.6780338494425,186.45561357702348,1,-3.1358482755470334,-3.8027402347692716,0.6668919592222382
2024-06-24,246.42857360839844,248.626031272656,243.99568420904745,244.8295448547184,338400,4.263313760839546,242.2481694110924,0.7985142933109701,243.21684036254882,251.74346788422793,234.69021284086972,-61.44468497208613,0,-2.517674121865582,-3.545727012188534,1.028052890322952
2024-06-25,246.7425079345703,247.213386383994,244.18208297683492,246.19314724875,248800,4.044290845601696,243.06532186990654,1.4438950700909725,243.05231399536132,251.1408956865647,234.96373230415793,-26.4775413711584,0,-1.979615005390741,-3.2325046108289754,1.2528896054382344
2024-06-26,244.8197326660156,247.1937642037998,244.0741738672841,246.20295402758288,209300,3.97798965615835,243.38430565101726,2.048662141871782,242.95999755859376,250.91597687091047,235.00401824627704,-15.87620578778135,0,-1.6888827845000947,-2.9237802455631994,1.2348974610631047
2024-06-27,243.2108917236328,246.05581677151105,242.7596375577685,245.6928345427562,387000,3.9754617265137413,243.35277584603824,1.903084122904608,243.00438385009767,250.95530730312515,235.05346039707018,84.90205446727185,0,-1.5701951904937914,-2.653063234549318,1.0828680440555267
2024-06-28,241.65109252929688,245.73207910178945,240.8270514816656,244.28018014858424,367500,3.9522843866358905,243.04337887935796,2.5264333285555773,242.8282943725586,250.73286314583038,234.9237255992868,-5.038759689922479,0,-1.5837407982650404,-2.4391987472924628,0.8554579490274223
2024-07-01,242.1023406982422,244.3782806427731,241.04286793118783,243.25013030563704,170900,3.738449558371202,242.872281028246,3.4932383180999116,242.51878662109374,249.99568573783614,235.04188750435134,-53.49659863945578,0,-1.5403081208108063,-2.2594206219961315,0.7191125011853252
2024-07-02,242.7792358398437,244.06435064394128,239.8656483206345,241.51374533696423,192500,3.667523207830261,242.85536372126373,2.251787599451993,242.3765396118164,249.71158602747693,235.0414931961559,12.638970157987117,0,-1.434728967682588,-2.094482291133423,0.6597533234508348
2024-07-03,241.445068359375,244.3096026170429,241.445068359375,242.49475142725424,118200,3.586980664277715,242.5989463827385,0.07725571020260613,242.16366119384764,249.33762252240308,234.9896998652922,-38.5974025974026,0,-1.4420893849821255,-1.9640037099031635,0.5219143249210381
2024-07-05,238.45301818847656,241.12133942312224,237.24637062498795,241.12133942312224,309200,3.5051543403295438,241.84514125650904,-1.7343071917268804,241.747225189209,248.75753386986807,234.7369165085499,161.59052453468695,0,-1.6701040915422425,-1.9052237862309795,0.23511969468873706
2024-07-08,238.38433837890625,241.6805174836444,238.37453371265312,239.10046820824297,201300,3.4408633383882967,241.21590436967216,-2.3743530551718184,241.37297134399415,248.25469802077075,234.49124466721756,-34.89650711513583,0,-1.835194298396459,-1.8912178886640754,0.056023590267616274
2024-07-09,237.33465576171875,239.0906640065869,236.43213248912616,238.4530164129044,333600,3.4722797345262495,240.51022280458972,-3.6902854703573906,241.01588439941406,247.96044386846657,234.07132493036156,65.72280178837555,0,-2.0273599478909716,-1.9184463005094547,-0.10891364738151688
2024-07-10,241.9944305419922,242.25930621938028,237.81535248377,237.95269265557192,194100,3.4416518013605595,240.7800787568447,-1.924304584695713,240.9540802001953,247.83738380291643,234.07077659747418,-41.81654676258992,0,-1.7830933381239333,-1.8913757080323506,0.10828236990841722
2024-07-11,246.9190826416016,247.38996109274515,242.7400045786706,242.7400045786706,195100,3.678349815601912,241.89626128134591,0.8575084829660851,241.3047897338867,248.66148936509052,233.9480901026829,0.5151983513652647,0,-1.1785464725185477,-1.7488098609295901,0.5702633884110424
2024-07-12,246.1735076904297,249.29309780683505,246.0754011587752,249.29309780683505,228700,3.776763935841846,242.67394244663384,1.2181263535530285,241.68002395629884,249.23355182798252,234.12649608461516,17.22193746796514,0,-0.7509439787899055,-1.5492366845016532,0.7982927057117477
2024-07-15,250.66653442382807,252.74627630314475,246.40895909466167,247.09567493317508,270400,4.005017104975005,244.12714098794186,3.730768108750926,242.42853164672852,250.43856585667854,234.4184974367785,18.233493659816347,0,-0.048951926864873485,-1.2491797329742973,1.2002278061094238
2024-07-16,262.37969970703125,263.939494723106,251.40224672677772,251.40224672677772,449900,5.5731005096430986,247.4457880277763,8.375531996224229,243.85098724365236,254.99718826293855,232.70478622436616,66.38313609467457,1,1.4359832580825014,-0.7121471347629376,2.148130392845439
2024-07-17,262.0658264160156,263.7236981856969,261.1338592059794,263.05662162373005,266900,6.69004279624986,250.10397682563797,7.944085707928861,245.08264083862304,258.46272643112275,231.70255524612332,-40.67570571238053,0,2.557991208737093,-0.05811946606293139,2.6161106748000242
2024-07-18,262.13446044921875,266.0486925903857,261.565490455392,261.565490455392,240700,7.6251963449458895,252.29133748447083,8.568985165209074,246.12642974853514,261.3768224384269,230.87603705864336,-9.8164106406894,0,3.4133814495483534,0.6361807170593257,2.7772007324890278
2024-07-19,258.41650390625,263.5569635822251,257.78864596278595,263.5569635822251,367500,8.050361434812878,253.40500410661247,8.37208346928704,246.91417922973633,263.0149020993621,230.8134563601106,52.67968425425842,0,3.7480709288126945,1.2585587594099996,2.489512169402695
2024-07-22,261.07501220703125,261.15347947846817,257.8671048934074,259.17185904211533,208700,8.615024679266428,254.79955103396134,9.518525412545653,247.75882568359376,264.9888750421266,230.5287763250609,-43.2108843537415,0,4.179653708027274,1.8427777491334547,2.3368759588938195
2024-07-23,261.6243591308594,266.24488665219894,261.43796569086857,262.1442908482253,282400,9.145295617144948,256.04042523339734,10.234368550679429,248.51861495971679,266.80920619400666,230.22802372542688,35.31384762817442,0,4.513979529449159,2.377018105196596,2.136961424252563
2024-07-24,260.2607421875,263.1449006972643,258.8186629326179,262.31106998857246,329800,9.499800744107691,256.80775558868874,7.548236380728657,249.19452667236328,268.19412816057866,230.1949251841479,16.78470254957507,0,4.615695792580652,2.8247536426734072,1.790942149907245
2024-07-25,268.7464599609375,270.786938161903,262.8604271523424,262.8604271523424,316800,10.385194238732334,258.9784291109158,8.839890820029472,250.39086303710937,271.161251514574,229.6204745596447,-3.941782898726498,0,5.319710854823114,3.3237450851033485,1.9959657697197657
2024-07-26,270.7869567871094,272.3958202356498,268.20690743848235,269.32526811923555,297100,11.181798208001666,261.12543414295095,9.998415072198519,251.7696662902832,274.13326270628653,229.40606987427986,-6.2184343434343425,0,5.973440797359245,3.8536842275545284,2.119756569804717
2024-07-29,272.0916748046875,273.4160382352542,271.0518113555996,271.73852719008966,309200,11.787340789268287,263.1192960814485,8.547267959046234,253.29169540405275,276.8663769825893,229.71701382551618,4.072702793672156,0,6.521629046647547,4.387273191373133,2.134355855274414
2024-07-30,274.44610595703125,275.5251880476462,271.44423154725536,272.71952671138854,307500,12.375459851786228,265.17871605882715,4.5988337754304665,254.90888366699218,279.65980337056465,230.15796396341972,-0.5498059508408759,0,7.064618575517443,4.922742268201995,2.1418763073154476
2024-07-31,274.66192626953125,277.4774072193815,272.0328088188178,274.1419945603733,301900,12.777688536778564,266.90293609713694,4.806464095597107,256.5030181884766,282.0583952620337,230.94764111491943,-1.8211382113821117,0,7.426745683458023,5.423542951253201,2.003202732204822
2024-08-01,261.928466796875,280.38117773685786,255.8167917939664,277.82076776870406,623600,12.319928916158233,265.99848713345295,-0.07858320191505008,257.5271881103516,282.16704594266804,232.8873302780351,106.5584630672408,1,6.610053679798341,5.660845096962229,0.9492085828361123
2024-08-02,258.3478088378906,263.85123541696254,255.7579399033303,260.6727871226499,344800,11.472832089458594,264.607454716078,-0.026583080925934865,258.5219276428223,281.46759182173946,235.5762634639051,-44.70814624759461,0,5.609230492968777,5.650522176163539,-0.041291683194762285
2024-08-05,251.16683959960932,256.02282885066296,247.90008945410045,253.727279549156,392700,10.616017810225916,262.16370651308364,-3.795143979372795,259.1610527038574,280.39308832430925,237.9290170834056,13.89211136890951,0,4.188346057009028,5.358086952332637,-1.169740895323609
2024-08-06,251.6769561767578,255.7187240990576,251.0098796029666,251.7554533842114,316000,9.488585572274095,260.25702463375166,-3.802170022373974,259.8781677246094,278.8553388691576,240.90099658006122,-19.531448943213647,0,3.068080131206159,4.900085588107341,-1.8320054569011823
2024-08-07,248.62603759765625,254.306067854574,248.4494488228881,252.57948858553505,306800,8.9301833931039,258.14229971809795,-4.470403216425833,260.2097480773926,278.0701148636004,242.34938129118478,-2.9113924050632956,0,1.912036910877191,4.302475852661312,-2.3904389417841205
2024-08-08,251.686767578125,254.3060654242874,249.06748470091853,249.06748470091853,200900,8.614792055824871,256.9685666017392,-6.347876130272423,260.44813232421876,277.6777164358685,243.21854821256903,-34.51760104302477,0,1.228676244834901,3.6877159310960295,-2.4590396862611286
2024-08-09,254.50225830078125,256.1895890154535,252.2263182785884,252.2263182785884,185000,8.072690500001531,256.52014691065597,-6.013841537844467,260.8645698547363,277.0099508547394,244.71918885473326,-7.914385266301638,0,0.9038752536479819,3.13094779560642,-2.227072541958438
2024-08-12,258.7206115722656,260.2804068469796,253.2073350822656,254.9240948418325,374700,7.73083888958859,256.92023139458496,-4.914175798292941,261.2672737121582,276.7289514913354,245.80559593298102,102.54054054054053,0,0.9756077835926362,2.6998797932036633,-1.7242720096110271
2024-08-13,257.77880859375,260.7512541089303,255.5715461833316,259.9664616715021,176900,7.764375516743833,257.0763363398877,-6.073067535485732,261.03722915649416,276.5659801899818,245.5084781230065,-52.78889778489459,0,0.9455608639401021,2.349016007350951,-1.403455143410849
2024-08-14,261.56549072265625,263.0468185481397,257.49432404917155,257.59240064489273,298600,7.761692528745525,257.8925462276638,-4.768202031039137,261.0122123718262,276.53559742931725,245.48882731433514,68.79592990390051,0,1.2133157165018815,2.1218759491811374,-0.9085602326792559
2024-08-15,264.5085144042969,265.9211647014345,260.7022083224489,263.4588313474953,278200,7.797828401652869,259.09544953250617,0.9850199327218201,261.13091506958006,276.7265718728858,245.53525826627433,-6.831882116543875,0,1.6440393195628644,2.026308623257483,-0.38226930369461876
2024-08-16,265.4306640625,266.33317235299324,263.08604655841094,264.78319684301823,208500,7.8269988842752385,260.2473067197777,2.7415967863128943,261.48162307739256,277.13562084594304,245.82762530884207,-25.053918044572253,0,2.0363271372073655,2.02831232604746,0.008014811159905655
2024-08-19,265.75439453125,267.78508318210766,263.910099327838,265.06770861668826,185600,7.883936806152288,261.24859541277266,5.807914354814914,261.7155921936035,277.4834658059081,245.94771858129894,-10.9832134292566,0,2.346293788000537,2.0919086184380755,0.2543851695624615
2024-08-20,270.00213623046875,270.25717728539115,263.73349714042484,265.4404370145243,305900,8.098478943770747,262.8401482887174,7.28123080161569,262.134481048584,278.3314389361255,245.93752316104252,64.81681034482759,0,2.901257951516868,2.253778485053834,0.6474794664630341
2024-08-21,266.2841491699219,270.6986741496117,263.7335287496295,270.6986741496117,226500,8.137038901044662,263.46633026711817,7.102277678913582,262.4356513977051,278.7097291997944,246.16157359561578,-25.956194834913372,0,3.006404605265118,2.404303709096091,0.6021008961690271
2024-08-22,266.9413757324219,267.7261980466512,263.7923566547104,266.3822253848018,177000,8.07311643363741,264.0981567153552,6.060949608549349,262.3453971862793,278.4916300535541,246.19916431900447,-21.85430463576159,0,3.106951770819819,2.5448333214408363,0.5621184493789828
2024-08-23,269.2958374023437,270.21798499483,266.95121981734434,267.81450947311123,157100,7.997586770632103,265.0431895675349,5.812749639368153,262.27084121704104,278.26601475830523,246.27566767577684,-11.24293785310735,0,3.3381414864952035,2.7034949544517097,0.6346465320434937
2024-08-26,271.5815734863281,272.7097238838079,268.9819147605059,270.5711389650495,126400,7.9653672786380385,266.23198664367914,4.970984660211419,262.24533615112307,278.17607070839915,246.314601593847,-19.541693189051557,0,3.663569452923525,2.895509854146073,0.7680595987774521
2024-08-27,271.6502380371094,273.4062462740304,269.3841177151334,271.503093198912,184500,7.761907638370681,267.2171232606664,5.381136455332225,262.105542755127,277.6293580318683,246.5817274783856,45.965189873417714,0,3.8822618186727027,3.0928602470513993,0.7894015716213034
2024-08-28,274.7305908203125,275.2505225614912,271.9739676347161,271.9739676347161,214800,7.76776683173471,268.5832082715111,5.033194578261657,262.10897598266604,277.6445096461355,246.57344231919663,16.422764227642283,0,4.255085839288142,3.325305365498748,0.9297804737893944
2024-08-29,277.4872131347656,280.0084045618494,273.4258657601396,276.761278614093,187600,8.493897792413723,270.2021182466483,4.90672247723225,262.88691329956055,279.874708884388,245.8991177147331,-12.662942271880818,0,4.718594919392899,3.6039632762775784,1.1146316431153207
2024-08-30,278.6797180175781,280.3650045036227,275.2007807093856,277.6547832838196,384000,9.115976661751406,271.743500023181,4.991531028215501,263.90350875854494,282.13546208204775,245.67155543504214,104.69083155650321,1,5.123098492241866,3.907790319470436,1.2153081727714294
2024-09-03,271.4656066894531,278.8669535126435,270.48990666348215,278.25592667229864,211000,8.745766392460563,271.6929739625032,2.149056525773285,264.91844711303713,282.40997989795824,247.426914328116,-45.052083333333336,0,4.806149692746203,4.08746219412559,0.7186874986206133
2024-09-04,270.3026428222656,272.9734640227539,268.91303502147105,271.0220941176968,252400,8.238506626002941,271.44018648246,0.11129785711783136,265.8497314453125,282.32674469731836,249.3727181933066,19.62085308056871,0,4.41028500068478,4.152026755437428,0.25825824524735186
2024-09-05,267.010986328125,270.6180479831771,265.562248696802,270.6180479831771,280600,7.172239624013499,270.63487736349,0.2729554727417538,266.76897888183595,281.1134581298629,252.42449963380895,11.17274167987321,0,3.7872926583612525,4.079079936022193,-0.2917872776609407
2024-09-06,265.3158569335937,272.22446659561666,264.3894516693858,267.53331058334135,203900,6.252284908713458,269.66778273987245,-0.6089422422313362,267.4504333496094,279.9550031670363,254.94586353218247,-27.334283677833216,0,3.12080921728068,3.887425792273891,-0.7666165749932108
2024-09-09,263.8671264648437,266.86316123154,263.6109078212912,265.6706723246009,287400,5.541850718627895,268.6131179625945,-2.0158911440540384,267.9186767578125,279.0023781950683,256.8349753205567,40.951446787641,0,2.4475025611801016,3.599441146055133,-1.1519385848750314
2024-09-10,257.09649658203125,264.763957259796,256.1109616359117,264.66539774995607,473300,5.693548387096648,266.5191868024921,-5.333600773553981,267.8374710083008,279.2245677824941,256.45037423410747,64.68336812804453,1,1.3519841070743723,3.1499497382589814,-1.797965631184609
2024-09-11,253.8935089111328,257.61882981768326,249.8528246404976,257.244321724642,374600,6.106148683711267,264.2236090040631,-6.536614602027646,267.6432060241699,279.85550339159244,255.43090865674736,-20.85358123811536,0,0.22275571364832558,2.5645109333368503,-2.3417552196885247
2024-09-12,254.54396057128903,256.07152768265706,252.0209935560456,253.8245092448265,322200,6.651483795956015,262.4636729253769,-7.347791226578959,267.29212951660156,280.5950971085136,253.98916192468954,-13.988254137746924,0,-0.6126180315436613,1.929085140360748,-2.5417031719044094
2024-09-13,257.76666259765625,258.22986524239644,253.28249045851624,255.3028251418341,350600,6.963498348383269,261.6096710476095,-7.106832172310518,266.95503692626954,280.8820336230361,253.028040229503,8.814400993171944,0,-1.0030500858551363,1.3426580951175713,-2.3457081809727076
2024-09-16,261.37371826171875,263.7291612521383,258.3087189733528,260.8513859360814,360700,7.068537929134863,261.5667705410839,-6.2099961486137945,266.75218963623047,280.8892654945002,252.61511377796074,2.880775812892189,0,-1.0097710431157907,0.8721722674708988,-1.8819433105866894
2024-09-17,261.5708312988281,264.3796118851559,258.5945266158097,258.8901750665223,387400,7.160917721764797,261.56750886067374,-3.6449462277349465,266.5430114746094,280.864846918139,252.22117603107978,7.402273357360678,0,-0.9878052711362102,0.5001767597494771,-1.4879820308856873
2024-09-18,265.12860107421875,266.7054630073808,261.1371965624042,264.09380140853045,373200,7.119815030115092,262.21498017222734,-1.9141661709349278,266.29933471679686,280.53896477702705,252.05970465656668,-3.6654620547238004,0,-0.6755278862647742,0.2650358305466268,-0.940563716811401
2024-09-19,264.1529541015625,268.43017254227806,263.92627021620973,268.0655293916854,360200,7.135984329703328,262.56733906847006,-1.070380011648775,266.1927749633789,280.46474362278553,251.92080630397223,-3.483386923901388,0,-0.5009971821327781,0.11182922801074585,-0.6128264101435239
2024-09-20,263.6404724121094,266.16343955757367,262.5859427640839,264.1135099542959,2262400,7.155903789279128,262.762454221859,-0.6314679193500483,266.0277297973633,280.33953737592157,251.71592221880505,528.0955024986118,1,-0.39942896258816063,0.009577589890964563,-0.4090065524791252
2024-09-23,264.2514953613281,266.42951921582136,263.7389979300542,263.9952466456912,272900,7.123476508994264,263.03318897448975,0.14566759476029034,265.7755126953125,280.022465713301,251.52855967732398,-87.93758840169731,0,-0.2665582537470641,-0.045649578836641176,-0.22090867491042293
2024-09-24,253.5978546142578,263.4039090914643,252.61231968733412,263.4039090914643,563500,7.478209541961991,261.31767363626574,-1.3608283326634663,264.876326751709,279.832745835633,249.919907667785,106.48589226823013,0,-1.0092826496777434,-0.23837619300486165,-0.7709064566728817
2024-09-25,253.3021850585937,258.3087195072586,252.88827721726943,255.16486057297368,390100,7.724843962113728,259.86031207668896,-0.23290231210523205,263.9589241027832,279.4086120270107,248.50923617855577,-30.77196095829636,0,-1.6032736064892106,-0.5113556757017315,-1.0919179307874791
2024-09-26,256.5938720703125,257.1753641735086,253.3416186779978,253.54857260176388,398000,7.453572897250016,259.2664138937114,0.8053271012294694,263.0520881652832,277.9592339597832,248.14494237078316,2.0251217636503505,0,-1.7877954935806315,-0.7666436392775116,-1.02115185430312
2024-09-27,259.2646789550781,260.1319544979723,252.84883699328788,256.57415779261856,233400,6.668574485885676,259.2660984503235,0.5811520940394388,262.14096145629884,275.4781104280702,248.8038124845275,-41.356783919597994,0,-1.6989343659520273,-0.9531017846124148,-0.7458325813396125
2024-09-30,260.5557556152344,261.3146067596756,257.71740992131777,259.2647071341482,245900,5.416768973385264,259.50058157121634,-0.31294754955635273,261.23476333618163,272.0683012829522,250.4012253894111,5.355612682090838,0,-1.5069608786413369,-1.0638736034181993,-0.4430872752231376
2024-10-01,260.82183837890625,263.670049038009,255.8350335579645,260.3685006886776,349300,4.8521411292135745,259.74081008170543,-0.2863442059662269,260.7025749206543,270.40685717908144,250.99829266222713,42.0496136640911,0,-1.3181549814681262,-1.1147298790281848,-0.20342510243994139
2024-10-02,257.7370910644531,262.9407144331001,257.3823129165668,261.3047528718818,239000,4.328974191454313,259.3764975331141,-2.7878961303373195,260.07429733276365,268.73224571567226,251.41634894985503,-31.57744059547667,0,-1.401285132910175,-1.1720409298045829,-0.22924420310559213
2024-10-03,253.7259979248047,257.2541999933097,253.13467090924,257.2541999933097,275700,4.226601463949947,258.3491339679669,-3.9473176486789607,259.41004791259763,267.8632508404975,250.95684498469774,15.355648535564859,0,-1.77041977400728,-1.2917166986451223,-0.4787030753621577
2024-10-04,254.5636749267578,255.8645883269268,252.14913225604604,255.0860072664428,247600,4.1182988235194555,257.66086868774704,-3.442869526937875,258.87243881225584,267.10903645929477,250.63584116521693,-10.192237939789628,0,-1.972628865605543,-1.4278991320372065,-0.5447297335683365
2024-10-07,252.67144775390625,255.13528505538963,251.96186140803349,253.45986365992536,184900,4.164293982399668,256.7537012452305,-4.382207030309415,258.31265487670896,266.6412428415083,249.98406691190962,-25.323101777059776,0,-2.259521588018515,-1.5942236232334683,-0.6652979647850468
2024-10-08,254.1793212890625,255.66748868046488,251.6859190811112,254.2680158249809,267900,4.259141580361474,256.2856321622909,0.22928690610932723,258.1667961120605,266.68507927278347,249.64851295133758,44.88912925905895,0,-2.3382593467852075,-1.7430307679438162,-0.5952285788413914
2024-10-09,254.34683227539065,256.03211859938324,252.68130597414964,253.47958683240373,167900,4.236348465724868,255.9331230919454,0.4124114509929333,258.18946228027346,266.6621592117232,249.7167653488237,-37.32736095558044,0,-2.359938944097223,-1.8664124031744975,-0.49352654092272563
2024-10-10,249.1925201416016,250.06964565268493,243.6833682975352,245.5263288948537,351600,4.629480518434513,254.7075589191556,-2.8844616860853045,257.92189025878906,267.1808512956581,248.66292922192002,109.41036331149493,0,-2.7612006911927267,-2.0453700607781435,-0.7158306304145832
2024-10-11,255.637939453125,255.8448933829117,249.37977111637144,249.37977111637144,227800,4.65762233268923,254.87671901624094,-1.3988559940251277,257.8154541015625,267.130698766941,248.50020943618406,-35.21046643913538,0,-2.5299483748503633,-2.1422857235925874,-0.3876626512577759
2024-10-14,257.0669250488281,258.09188978744606,254.22857966566391,255.99269559464176,179700,4.583420342046108,255.27493829489313,-1.3389957777629191,257.600114440918,266.7669551250102,248.43327375682577,-21.115013169446883,0,-2.205943311678709,-2.1550172412098116,-0.05092607046889741
2024-10-15,255.57876586914065,258.7423547198873,252.4447719400483,257.6582602574573,302400,4.50538341077138,255.33017967202903,-2.0102122361965624,257.3005111694336,266.31127799097635,248.28974434789086,68.2804674457429,0,-2.0456677886368766,-2.133147350695225,0.08747956205834839
2024-10-16,256.8895568847656,257.9539214519911,255.3816895367804,255.49994892467865,246700,4.11138927276506,255.61370280161748,-0.328836713484737,256.88855895996096,265.11133750549106,248.66578041443083,-18.419312169312175,0,-1.7922188187550319,-2.0649616443071865,0.2727428255521547
2024-10-17,258.0820617675781,258.1806212889662,254.80024324597136,257.4808998165542,170300,3.755537236667196,256.06249534088306,1.7168378007776708,256.5850143432617,264.09608881659614,249.07393986992733,-30.968788001621405,0,-1.478094947782722,-1.9475883050022937,0.46949335721957164
2024-10-18,257.7469482421875,259.10699125356075,257.1359213996608,259.10699125356075,205200,3.385814519518242,256.36875950475655,1.2504821500340046,256.29033813476565,263.06196717380215,249.51870909572915,20.493247210804455,0,-1.2418748178750434,-1.8064456075768438,0.5645707897018004
2024-10-21,257.46112060546875,259.6490092266364,256.0123831390721,259.01828254749,185700,2.8423147256422507,256.56737061397695,1.895613016088582,255.95081939697266,261.63544884825717,250.26618994568815,-9.50292397660819,0,-1.0654507119833738,-1.65824662845815,0.5927959164747763
2024-10-22,253.390869140625,256.9191010009839,251.80417235411835,256.9191010009839,175700,2.8516944813974128,255.98982489154932,-0.31019523714159725,255.94047012329102,261.64385908608585,250.2370811604962,-5.385029617662895,0,-1.2397772334861656,-1.5745527494637532,0.3347755159775876
2024-10-23,252.2969512939453,253.5485698733446,249.4093410618625,253.2824862599373,196100,2.9089265837249396,255.31839332834858,-0.8059392614042316,255.89020843505858,261.70806160250845,250.0723552676087,11.610700056915203,0,-1.449493427749303,-1.5495408851208634,0.1000474573715604
2024-10-24,251.0157470703125,253.83437760989133,250.3751553723459,251.45923478721784,172400,3.0991058190828156,254.53609400870565,0.731653954811673,255.6113021850586,261.8095138232242,249.413090546893,-12.085670576236618,0,-1.6994868692680711,-1.579530081950305,-0.11995678731776604
2024-10-25,250.1583404541016,254.7312220624588,248.89685690959408,253.5190032354465,274100,3.2013651730279733,253.74013881695944,-2.143499908795099,255.15598526000977,261.55871560606573,248.7532549139538,58.990719257540604,0,-1.9443804139817473,-1.6525001483565938,-0.29188026562515357
2024-10-28,251.4691162109375,252.336391830024,249.5571758896264,250.5229959866549,241000,3.035172527508735,253.32722561586453,-2.177568676649999,254.70165328979493,260.7719983448124,248.63130823477746,-12.075884713608176,0,-2.009527086200876,-1.7239055359254503,-0.2856215502754258
2024-10-29,250.0893402099609,254.38627313698493,249.58672280577483,251.22271441040056,320200,2.83855609826789,252.7385191784275,-2.1478410542096427,254.16502838134767,259.84214057788347,248.4879161848119,32.863070539419084,0,-2.1477349339011482,-1.80867141552059,-0.33906351838055815
2024-10-30,246.8666534423828,254.38627483635565,246.501995287354,252.0407118964152,726900,3.142986661811684,251.6709072264194,-3.9016391183542165,253.62150650024415,259.9074798238675,247.33553317662077,127.01436602123675,1,-2.4886222497819688,-1.944661582372866,-0.5439606674091029
2024-10-31,182.2845458984375,214.1370267766524,181.62422426680308,211.89000835619967,2606200,16.256894754363344,239.0552051667863,-29.369540583336573,250.04943389892577,282.56322340765246,217.53564439019908,258.5362498280369,1,-7.879187873994397,-3.1315668406971726,-4.747621033297224
2024-11-01,186.4927673339844,188.7890654853213,182.3338087990232,182.4422182409513,1492500,21.531904093325547,229.49839828809502,-27.645014381023948,246.6458885192871,289.7096967059382,203.582080332636,-42.73271429667715,1,-11.677075608943511,-4.840668594346441,-6.83640701459707
2024-11-04,188.276596069336,190.3560754798393,185.56637487279733,186.4632153142433,849600,25.102072754260433,222.00352515741153,-26.87183384172034,243.4261459350586,293.6302914435795,193.22200042653773,-43.07537688442211,1,-14.37725686274797,-6.747986248026748,-7.629270614721222
2024-11-05,190.44479370117188,191.1248002366438,185.17217530063013,188.23718983081173,624400,27.587616862260084,216.26557398354976,-24.84149316545411,240.23941955566406,295.4146532801842,185.0641858311439,-26.506591337099817,0,-16.155978468599386,-8.629584692141275,-7.526393776458111
2024-11-06,200.2705535888672,206.5089762705944,197.11682987930763,203.02018934233573,963200,28.757364673049494,213.35738845724381,-20.62109646519802,237.53560562133788,295.05033496743687,180.0208762752389,54.26008968609865,1,-16.581628756004704,-10.219993504913962,-6.361635251090743
2024-11-07,194.95852661132807,201.46304811115425,193.94341180079684,200.3296889595536,795800,30.12482114733216,210.01214084889548,-22.332152908033354,234.82390594482422,295.07354823948856,174.5742636501599,-17.37956810631229,0,-17.149902457952123,-11.605975295521596,-5.543927162430528
2024-11-08,199.728515625,200.33954247890784,196.1510189613542,196.1510189613542,431700,30.680665419594465,208.1423908081872,-20.159161888249866,232.02843475341797,293.3897655926069,170.66710391422905,-45.75270168384016,0,-17.0191787138522,-12.688615979187716,-4.330562734664483
2024-11-11,203.6410980224609,205.22780994406577,201.45320916066865,202.803387273028,505200,30.71169871557078,207.32397393805513,-19.019440203685868,229.3571434020996,290.78054083324116,167.93374597095806,17.025712300208482,0,-16.410694236325696,-13.433031630615313,-2.9776626057103837
2024-11-12,201.64047241210932,205.17853954766832,201.0392954444961,204.40982343013937,477500,30.656100717505055,206.2906100242468,-19.3726241019216,226.66022872924805,287.9724301642582,165.34802729423794,-5.4829770387965215,0,-15.906538990812152,-13.927733102654681,-1.9788058881574706
2024-11-13,201.04913330078125,204.4787907758408,199.2357525703424,201.0589832367476,420900,30.298811854284004,205.33761425634395,-18.559622979737554,223.86820755004882,284.46583125861684,163.2705838414808,-11.853403141361252,0,-15.37744681599085,-14.217675845321917,-1.1597709706689336
2024-11-14,192.50454711914065,201.31523213984445,191.84424049509715,200.81259968176,541100,29.947684955495426,203.00432932230697,5.606619678224045,220.58933181762694,280.4847017286178,160.6939619066361,28.55785222143026,0,-15.46929376113647,-14.467999428484829,-1.001294332651641
2024-11-15,190.76014709472656,193.97300073320943,189.47894862136,192.17931986288212,493400,29.312421541727208,200.77811437183777,2.288228021786942,217.2399917602539,275.8648348437083,158.6151486767995,-8.815376085751247,0,-15.504119788356121,-14.675223500459088,-0.8288962878970327
2024-11-18,193.4605255126953,194.2390915540135,189.93230837155937,191.1937919815881,520300,28.161249109727507,199.4476436701755,2.7533583841988785,214.03996200561522,270.3624602250702,157.7174637861602,5.451965950547222,0,-15.139305208951129,-14.768039842157497,-0.3712653667936312
2024-11-19,188.83834838867188,194.0912513659635,188.6412444104425,193.6576135910172,584100,27.092763761760366,197.5186808917203,-0.8435228295191277,210.81233596801758,264.9978634915383,156.62680844449685,12.262156448202965,0,-15.04967480809782,-14.824366835345563,-0.22530797275225645
2024-11-20,187.4980316162109,189.5577961336332,186.33510754771933,188.9664841632049,521700,25.709897332247152,195.6967446598095,-6.377633528130566,207.57238998413087,258.9921846486252,156.15259531963656,-10.683102208525941,0,-14.914865150439283,-14.842466498364308,-0.07239865207497509
2024-11-21,192.47499084472656,192.7706543559308,187.25165227368845,189.124162781197,564200,23.76223537989711,195.11097123888533,-1.2738790191786364,204.64535217285157,252.1698229326458,157.12088141305736,8.146444316657075,0,-14.242252686461228,-14.722423735983693,0.4801710495224647
2024-11-22,196.0721740722656,197.8658548883546,192.63266674257764,193.1648489955084,659000,21.25538245827598,195.285735390409,-1.8306557485258446,201.94104385375977,244.45180877031174,159.4302789372078,16.802552286423243,0,-13.266017447968636,-14.431142478380682,1.165125030412046
2024-11-25,196.00320434570312,199.4131470023501,195.17534352211865,197.3336675642639,939600,17.788877369326457,195.41618429137156,-3.7506641591155354,199.16774826049806,234.74550299915097,163.58999352184514,42.57966616084978,0,-12.355482952146417,-14.01601057313383,1.6605276209874127
2024-11-26,195.1162109375,196.5748135338736,193.64777344311184,195.15564075798056,573800,13.1484303327123,195.36164368157674,-3.2355912464215764,196.419091796875,222.71595246229958,170.1222311314504,-38.931460195828016,0,-11.57205530904099,-13.527219520315263,1.9551642112742726
2024-11-27,196.4860992431641,198.53601375493577,195.57940888877715,195.57940888877715,595600,5.679516223000638,195.5660901473199,-2.2696114042882187,193.90006408691406,205.25909653291532,182.5410316409128,3.799233182293471,0,-10.717104609186975,-12.965196538089605,2.24809192890263
2024-11-29,196.38687133789065,198.52022610374684,195.3747682170685,196.6647011921412,271700,4.995794833741143,195.71532309106004,2.0167441636312233,194.6051803588867,204.596770026369,184.61359069140443,-54.38213566151779,0,-9.933054809902245,-12.358768192452136,2.4257133825498904
2024-12-02,193.3307342529297,196.4861093323587,193.05290438940665,196.4861093323587,537800,4.632132807653169,195.28176148412723,1.3475493688556606,194.94707870483398,204.2113443201403,185.68281308952766,97.93890320206108,0,-9.449367984648688,-11.776888150891446,2.327520166242758
2024-12-03,190.3837432861328,193.45973630857856,189.19304168217047,193.3902712708895,471300,4.494342178259853,194.39121272085552,-1.5903927782727978,195.05243606567382,204.04112042219353,186.0637517091541,-12.365191521011532,0,-9.197813563528996,-11.261073233418957,2.063259669889961
2024-12-04,191.40576171875,193.31090243556588,189.02435853361845,190.0265294720812,558700,4.447381330905459,193.84840344774543,1.3595826017254842,195.10048446655273,203.99524712836364,186.2057218047418,18.544451517080418,0,-8.814379842231801,-10.771734555181526,1.9573547129497246
2024-12-05,187.4169158935547,192.2293380808296,187.1390860210791,191.7332111456099,685100,4.587463606817379,192.6790420742562,-0.04326217291830137,194.45780258178712,203.63272979542188,185.28287536815236,22.62394845176303,0,-8.731718561262625,-10.363731356397746,1.6320127951351218
2024-12-06,186.49411010742188,189.85785008987736,186.30557945137693,188.5282335501605,608900,4.917417917162281,191.5545089893772,-3.1073547327141293,194.0345817565918,203.86941759091636,184.19974592226723,-11.122463873887023,0,-8.641062821946804,-10.019197649507559,1.3781348275607552
2024-12-09,191.7530517578125,192.57662424976235,186.4246535604244,186.4444877357062,824400,4.751969539106051,191.59060767454727,-2.202822677358196,193.63580856323242,203.13974764144453,184.1318694850203,35.39168993266546,0,-8.052045882315497,-9.625767296069146,1.573721413753649
2024-12-10,189.50064086914065,191.92174274741487,187.0696219027265,191.58438006354848,536100,4.205505437933901,191.21061370992788,-3.3175801886858425,192.9287857055664,201.3397965814342,184.51777482969862,-34.97088791848617,0,-7.678483668511944,-9.236310570557706,1.5578269020457611
2024-12-11,190.0364532470703,190.8500934952363,186.29565215745905,189.7784575674196,696100,3.7118493228815557,190.99712998940834,-2.6034524071692045,192.34858474731445,199.77228339307757,184.92488610155132,29.845178138407015,0,-7.2555597652297195,-8.840160409492109,1.5846006442623892
2024-12-12,189.3716583251953,191.92174291386985,188.52823647420527,189.61972179424032,511100,3.146619382439873,190.70158968682415,-3.620836764215163,191.76471099853515,198.0579497634149,185.4714722336554,-26.576641287171388,0,-6.894556760525916,-8.451039679698871,1.5564829191729554
2024-12-13,190.6516571044922,191.8721251196461,188.8259136257819,188.8259136257819,523700,3.150964168534315,190.69251103549107,-2.920365396284985,191.67206649780275,197.97399483487138,185.37013816073411,2.465270984151835,0,-6.431041036434891,-8.047039951046076,1.6159989146111844
2024-12-16,196.7341766357422,197.62719905157235,190.6020399211069,190.651655642118,752800,3.3375995095705013,191.79099569008218,1.7604248987953763,191.97076797485352,198.6459669939945,185.29556895571253,43.74641970593851,0,-5.509384241147785,-7.539508809066417,2.030124567918632
2024-12-17,191.9911956787109,196.44640560795887,191.70343359428347,194.92825848570587,481100,3.319201968933745,191.8273956880147,0.8443222960282881,191.8973014831543,198.5357054210218,185.25889754528683,-36.09192348565357,0,-5.102860911029069,-7.052179229458948,1.9493183184298788
2024-12-18,192.933837890625,204.52335540337003,192.72545792364056,194.4817514490513,988200,3.2460785611470317,192.02856699758019,0.7983438733262016,192.10207595825196,198.59423308054602,185.6099188359579,105.40428185408439,1,-4.651010935643427,-6.571945570695844,1.9209346350524168
2024-12-19,186.15673828125,193.9757031650642,185.93844123135528,192.9239014062116,716200,3.3581272732002088,190.96096177642923,-0.6723926739998332,192.0350112915039,198.75126583790433,185.31875674510349,-27.524792552114953,0,-4.784617779201483,-6.214480012396972,1.4298622331954896
2024-12-20,188.9747467041016,196.40673364851548,188.9052968062396,189.64948720949064,2470400,3.424543064123363,190.59983176327876,1.3301420593126778,191.85999908447266,198.7090852127194,185.01091295622592,244.93158335660434,1,-4.609971554192384,-5.893578320756054,1.2836067665636701
2024-12-23,188.93505859375,192.1301171915381,187.1192322373232,188.7266786240716,606800,3.3331536089911586,190.29714573245533,-1.4695949494570093,191.50314331054688,198.16945052852918,184.83683609256457,-75.43717616580311,0,-4.423771180960415,-5.599616892796926,1.1758457118365113
2024-12-24,190.9691772460937,190.97909433370083,188.32977844580253,188.5282261820864,142000,3.1610778111717988,190.41933328038957,0.7749506124188343,191.2514419555664,197.57359757791,184.92928633322282,-76.59854976928148,0,-4.065208475466818,-5.292735209330905,1.227526733864087
2024-12-26,190.34405517578125,192.83460685351545,190.1952080160268,190.62188503861248,359500,3.031449918777691,190.40564635227895,0.1618646967227022,191.01283416748046,197.07573400503586,184.94993432992507,153.16901408450704,0,-3.787823404401678,-4.99175284834506,1.203929443943382
2024-12-27,188.94497680664065,190.9195674240472,187.6252773657318,189.07397465247595,332400,2.772800794627514,190.1400700712538,-0.22531434868777733,190.6357780456543,196.18137963490932,185.09017645639926,-7.5382475660639825,0,-3.638940231112258,-4.7211903248985,1.082250093786242
2024-12-30,186.95054626464844,188.8159731546843,184.91642290112665,186.8016991069712,366100,2.535367806457547,189.560156651871,-1.9412948704742972,190.1639617919922,195.23469740490728,185.0932261790771,10.138387484957878,0,-3.639924338225512,-4.5049371275639025,0.8650127893383903
2024-12-31,187.50621032714844,189.3518030847305,185.8789146267443,187.42682820266623,342700,2.4865178510460657,189.1867118655578,-4.690576119714851,189.87273559570312,194.84577129779524,184.899699893611,-6.391696257853042,0,-3.554888265157814,-4.314927355082685,0.760039089924871
