Date,Close,High,Low,Open,Volume,Daily Return,Daily Return(%),Monthly Volatility,Monthly Momentum,Day of week,Month_Number
2010-02-04,15.056187629699709,15.432294471361336,15.044248615601028,15.390505075326852,1843500,-0.02775657957778266,-3.0,0.009704734529290089,0.006596885070137004,3,2
2010-02-05,15.008434295654297,15.097984339411592,14.775606914707978,15.074104024096018,1390500,-0.00317167500962956,-0.0,0.011469975134667819,-0.017912832030575587,4,2
2010-02-08,14.793514251708984,14.996492337403826,14.78157409639143,14.984552182086274,975600,-0.014319951016312338,-1.0,0.011041625128841999,-0.03344851915871272,0,2
2010-02-09,14.948732376098633,15.06813050942295,14.841273259033654,14.906941833825485,926500,0.010492309112536846,1.0,0.0113872218901145,-0.04582183780921656,1,2
2010-02-10,14.918882369995115,15.008431256945634,14.733814518473936,14.948732758095874,1044200,-0.001996825239258704,-0.0,0.011677169450728426,-0.038402476038711164,2,2
2010-02-11,15.056187629699709,15.056187629699709,14.787541024331327,14.924849365209097,1050600,0.00920345480977458,1.0,0.011520385352828762,-0.04654681221254775,3,2
2010-02-12,15.002463340759276,15.050222829925412,14.865154951741143,14.990524322474776,1187300,-0.0035682531502501114,-0.0,0.011786034441091522,-0.03556411308383045,4,2
2010-02-16,15.396475791931152,15.396475791931154,15.10991780680998,15.127828036716206,957800,0.026263183733394424,3.0,0.011525491505708986,-0.04774552363205331,1,2
2010-02-17,15.432297706604004,15.539756826749452,15.39050830180875,15.474087111399262,1177000,0.0023266307924587615,0.0,0.013100644393920512,-0.022736289358254447,2,2
2010-02-18,15.605422019958496,15.677061797414956,15.42035420798646,15.42035420798646,1946700,0.01121831088577352,1.0,0.012611967775293777,-0.0038531126387228998,3,2
2010-02-19,15.921832084655762,15.951681333045771,15.575575565422778,15.605424813812787,1316300,0.02027564934114534,2.0,0.012225840761350894,-0.010223564602359958,4,2
2010-02-22,15.92780303955078,16.017351928330008,15.89198371177427,15.96959244506936,648300,0.0003750168236462681,0.0,0.012975220048591772,0.01483990328195306,0,2
2010-02-23,15.718850135803224,15.915858087211976,15.689000894764996,15.897947859383706,1257100,-0.013118752362061392,-1.0,0.012633010579420362,0.027735073884077588,1,2
2010-02-24,15.677062034606934,15.868099925813691,15.527813539767198,15.772580980210313,1582800,-0.002658470615551467,-0.0,0.01219478770187829,0.034170966769,2,2
2010-02-25,15.41541862487793,15.439534028303498,15.16221263833807,15.16221263833807,1918900,-0.01668956907559782,-2.0,0.01222547998534076,0.02819079202495889,3,2
2010-02-26,15.43350315093994,15.542020152334652,15.30689959935092,15.481732801572528,1619000,0.0011731453100354283,0.0,0.012820048961278493,0.014207670707856002,4,2
2010-03-01,15.740965843200684,15.765080090875324,15.505845316531644,15.505845316531644,1071000,0.01992176949418112,2.0,0.012799991347515884,0.011425029730514069,0,3
2010-03-02,15.813310623168944,15.90374106932113,15.777138674685173,15.813310623168944,1153100,0.004595955590584566,0.0,0.013419767331776113,0.035625998294996464,1,3
2010-03-03,15.771114349365234,15.909774483236358,15.753027794991931,15.813315159683764,1116000,-0.0026684022599218205,-0.0,0.013327449158309487,0.04613847333742327,2,3
2010-03-04,15.831396102905272,15.837424952226224,15.722879114899026,15.7711087595812,922100,0.0038222887872514377,0.0,0.013163781567860076,0.030727527738506177,3,3
2010-03-05,15.982115745544434,15.988144595566748,15.84345564468791,15.97608689552212,970100,0.009520300146586669,1.0,0.01286315948637372,0.020335444574974382,4,3
2010-03-08,16.02431869506836,16.12680685942274,16.00020444163036,16.060490650168223,831000,0.0026406359580828376,0.0,0.012973360631157099,0.032034619931327724,0,3
2010-03-09,15.970057487487791,16.042402535342177,15.897713589518936,16.00622943647222,992900,-0.003386178758243763,-0.0,0.011096125121608008,0.06430120885707646,1,3
2010-03-10,16.11474609375,16.11474609375,15.879626705477229,15.96402830129094,1188800,0.009059992825672047,1.0,0.011102216846460672,0.06407218587164243,2,3
2010-03-11,16.078582763671875,16.156955551808895,15.891692922817352,15.891692922817352,1051300,-0.0022441141714389934,-0.0,0.010428224622852726,0.0893115604284751,3,3
2010-03-12,16.162979125976562,16.253409590411636,16.072548661541486,16.22929533650896,976300,0.005248992622370441,1.0,0.010410261054069557,0.07558168539960941,4,3
2010-03-15,16.27752685546875,16.27752685546875,16.120780162577933,16.132837865850888,673000,0.007087043087749212,1.0,0.010337852963301837,0.0833907477200555,0,3
2010-03-16,16.42823600769043,16.42823600769043,16.162972425414896,16.283547094599758,1094900,0.009258725453802352,1.0,0.01029349986888248,0.08111875700591287,1,3
2010-03-17,16.37398338317871,16.446328440565093,16.289581774465997,16.446328440565093,1301900,-0.0033024010908001555,-0.0,0.010216489996530399,0.09503590407433693,2,3
2010-03-18,16.380016326904297,16.440303698143577,16.313700103552495,16.37398747479177,1166600,0.00036844691877391256,0.0,0.009017129989418313,0.063489048043049,3,3
2010-03-19,16.37398338317871,16.56690200302816,16.307667176398333,16.37398338317871,1317600,-0.00036831121564129266,-0.0,0.009034269116734805,0.06141137491760107,4,3
2010-03-22,16.331783294677734,16.404127205349422,16.241352831395265,16.31972559293721,1170100,-0.002577264646813404,-0.0,0.008851587163178479,0.04924963658382753,0,3
2010-03-23,16.422203063964844,16.440289604797833,16.25942764612289,16.34985920040285,755400,0.005536429651045838,1.0,0.007887134497200812,0.02574774107918465,1,3
2010-03-24,16.24738121032715,16.42824213163862,16.241352359632007,16.398099028048605,666700,-0.010645456821886778,-1.0,0.007939052455710398,0.031040063917566307,2,3
2010-03-25,16.331783294677734,16.39809950436489,16.28355363760137,16.295611339341892,1764000,0.005194811598126181,1.0,0.007727062432754238,0.03362402910885165,3,3
2010-03-26,16.28958511352539,16.410158700703782,16.211211189467818,16.343843630215737,1231400,-0.0025838073155242114,-0.0,0.007700425773076138,0.041763007547301445,4,3
2010-03-29,16.603073120117188,16.609100820116307,16.343838324504638,16.343838324504638,753700,0.01924468943849922,2.0,0.0065145081777482575,0.05670728184031937,0,3
2010-03-30,16.777908325195312,16.88039649275389,16.615132797328318,16.627190499367153,1614200,0.01053029182087295,1.0,0.007437818949917555,0.0757812375932303,1,3
2010-03-31,16.663366317749023,16.808055326093058,16.597051240936775,16.753797954114315,914700,-0.006826953945998304,-1.0,0.006641438070493854,0.0658754038553826,2,3
2010-04-01,16.862306594848633,16.940680492668868,16.729675348387772,16.729675348387772,1008400,0.011938780754505052,1.0,0.006969333816185567,0.0537557071278052,3,4
2010-04-05,16.904508590698242,16.952738239535215,16.844221242180648,16.880393191336992,709900,0.002502741579998524,0.0,0.0071522023580505465,0.06918929260869366,0,4
2010-04-06,17.000972747802734,17.00700044948043,16.838197205244345,16.868340313176258,638500,0.005706415929627839,1.0,0.007152397546347364,0.06778381898966201,1,4
2010-04-07,16.83216667175293,16.99494219804623,16.735707356146325,16.964797943240576,1915400,-0.009929201025960177,-1.0,0.007029989023532493,0.06374982001631047,2,4
2010-04-08,16.699535369873047,16.71159192188762,16.530730992925832,16.71159192188762,1284400,-0.00787963335121078,-1.0,0.007573599358789978,0.05041387356663063,3,4
2010-04-09,16.765850067138672,16.783936619597107,16.54881718706605,16.699535007895847,832800,0.0039710504392391766,0.0,0.0078043793537634545,0.04567784949783604,4,4
2010-04-12,16.75981330871582,16.874359120469542,16.675411736836853,16.789957548590575,1485700,-0.0003600627703741477,-0.0,0.0076569715210825316,0.04040423408478011,0,4
2010-04-13,16.72364616394043,16.753790412454876,16.53072757299001,16.741732713049096,843000,-0.0021579682368289,-0.0,0.007616724972280656,0.042368817890039656,1,4
2010-04-14,16.802026748657227,16.80805445087409,16.63322233943606,16.72968167330931,574200,0.004686811951678305,0.0,0.007630503130105673,0.034688347587034984,2,4
2010-04-15,16.814083099365234,16.862312765717817,16.669394100307485,16.681451804367118,843700,0.0007175533576013748,0.0,0.007562709016143501,0.0322223331496001,3,4
2010-04-16,16.50661277770996,16.868335723910437,16.494556227748866,16.765847574985063,1361700,-0.01828647567864594,-2.0,0.007353533987382771,0.023486824239326687,4,4
2010-04-19,16.554845809936523,16.554845809936523,16.355898321357266,16.506616150580513,1390500,0.002922042994289775,0.0,0.008450454992098781,0.008100007886138627,0,4
2010-04-20,16.62718963623047,16.657332739877035,16.56690227905164,16.65130503905628,877500,0.004369948661830714,0.0,0.00846805721995594,0.010673339973725549,1,4
2010-04-21,16.669387817382812,16.675416667140272,16.54278542213272,16.627187018966115,846300,0.0025379021996834172,0.0,0.008505691697889306,0.01546393734049345,2,4
2010-04-22,16.741735458374023,16.76584971125435,16.54881683578863,16.59704649143498,1020100,0.0043401498473607525,0.0,0.00847837713903044,0.02067162639949416,3,4
2010-04-23,16.735702514648438,16.802018706150417,16.66938632314646,16.74776021308251,1661400,-0.00036035354522157004,-0.0,0.008450409679975719,0.019457340355894637,4,4
2010-04-26,16.669387817382812,16.82010561166274,16.615129319451196,16.723646315314426,1337100,-0.00396246869275918,-0.0,0.008032343499534286,0.030055385418722214,0,4
2010-04-27,16.28958511352539,16.627192767465164,16.277527409841777,16.566905398933013,1515100,-0.022784442237366642,-2.0,0.008066906311039693,0.02067162639949416,1,4
2010-04-28,16.476472854614258,16.518673662328204,16.247382262787497,16.386042388100687,2326300,0.011472836157975008,1.0,0.009579033174363928,0.0,2,4
2010-04-29,16.62116241455078,16.633220117145452,16.43427262387662,16.572932754057906,1352900,0.008781585792859925,1.0,0.008928131737362894,-0.007625110398961854,3,4
2010-04-30,16.753795623779297,16.89848461199811,16.633220891987357,16.669392851570592,1411800,0.007979779387295105,1.0,0.008829420471278979,-0.009342398802426821,4,4
2010-05-03,16.729671478271484,16.880389239336996,16.639241051609233,16.856273845621587,2588300,-0.001439921200517169,-0.0,0.008882370122049201,0.005426832988359109,0,5
2010-05-04,16.50661277770996,16.627187476405304,16.41618232863123,16.566900127057632,1622600,-0.013333118994669602,-1.0,0.008476008097178531,-0.007865775410445197,1,5
2010-05-05,16.331783294677734,16.536759624723725,16.22929512965474,16.36795525001358,1260400,-0.010591481449683693,-1.0,0.008903945088922456,-0.0235378515059127,2,5
2010-05-06,15.674646377563477,16.265459695822265,15.071775363041803,16.265459695822265,2291400,-0.04023669095146565,-4.0,0.008991274976114445,-0.03936183317578035,3,5
2010-05-07,15.391297340393066,15.722875936825156,15.174263408249764,15.644503211265183,2970700,-0.018076901407867996,-2.0,0.012206699406981842,-0.06876834793538245,4,5
2010-05-10,15.8735990524292,15.927857553795594,15.66862274724183,15.897714452985635,1331100,0.03133600120701807,3.0,0.012594043068787364,-0.07833978613800952,0,5
2010-05-11,15.982115745544434,16.132833546445585,15.69273784378676,15.765081744283394,1441500,0.006836300498507697,1.0,0.01468113644443115,-0.053218358218429906,1,5
2010-05-12,16.235326766967773,16.235326766967773,15.885661405680183,15.988149588293062,1294100,0.01584339804909307,2.0,0.014816880467287543,-0.04640251945807483,2,5
2010-05-13,16.054460525512695,16.29560994007328,16.03637512434059,16.2172360353754,1078600,-0.011140289570461093,-1.0,0.015328567945551246,-0.029199338002353303,3,5
2010-05-14,16.036375045776367,16.144892051819866,15.87359953671112,15.976087692431577,1619000,-0.0011265080945939143,-0.0,0.015408504016380832,-0.04449262189183667,4,5
2010-05-17,16.02431869506836,16.16900766535353,15.831400068021468,16.102691456099016,924100,-0.0007518127178737233,-0.0,0.015397186668735508,-0.04625337278238073,0,5
2010-05-18,15.970057487487791,16.235321129773165,15.94594323812668,16.120775283122693,1518500,-0.003386178758243763,-0.0,0.014946586253382611,-0.02921823448193306,1,5
2010-05-19,16.04240608215332,16.175037357676654,15.813314338202543,15.891688253196255,3189400,0.004530265136629241,0.0,0.014920773905603785,-0.03532429894923761,2,5
2010-05-20,15.662592887878418,15.9700573258479,15.66259288787842,15.746995634501843,3131700,-0.02367557536755238,-2.0,0.014924024134469941,-0.03517031842849205,3,5
2010-05-21,15.740965843200684,15.855510531954748,15.403357176672174,15.46967337007696,2190400,0.005003830201250947,1.0,0.015639992571960214,-0.06039783467359916,4,5
2010-05-24,15.55408000946045,15.783171761085564,15.487764944420183,15.64451162977268,1334700,-0.011872577299375853,-1.0,0.01565590010565323,-0.05977693397805817,0,5
2010-05-25,15.385272026062012,15.403357424637772,14.969290610537586,15.240583088028616,1933300,-0.01085297126514484,-1.0,0.01576687036914018,-0.07060489418676852,1,5
2010-05-26,15.52393627166748,15.783171119603264,15.439534656017978,15.50584971836297,2128400,0.009012791283155464,1.0,0.01585147071409021,-0.07703437015135772,2,5
2010-05-27,15.722441673278809,15.82595895893239,15.612834998888882,15.82595895893239,1425900,0.012787053369551549,1.0,0.015449891605790737,-0.04700235374455208,3,5
2010-05-28,15.801600456237791,15.953831670030326,15.69199379647805,15.74070773843438,2188900,0.00503476397648317,1.0,0.01551048340273814,-0.045764113957453056,4,5
2010-06-01,15.405802726745604,15.874675276529493,15.39362510888767,15.728533409343408,1424900,-0.025047951983619754,-3.0,0.015400051821050018,-0.04930834185192212,1,6
2010-06-02,15.75897979736328,15.777247966995615,15.375357526543135,15.46669605184009,1480000,0.022924937887497165,2.0,0.01597443226265172,-0.08045895552888538,2,6
2010-06-03,16.039087295532227,16.099980038079227,15.813784496538066,15.825963277333958,1476300,0.01777446901834434,2.0,0.01701052641694026,-0.05802216033763363,3,6
2010-06-04,15.442343711853027,15.813787300529864,15.399719132941968,15.746806317140774,1782700,-0.03720558238032812,-4.0,0.01738888409635689,-0.028323526363268625,4,6
2010-06-07,15.405802726745604,15.6493736668214,15.387535719242544,15.442339064616366,1236300,-0.0023662849234068473,-0.0,0.01900096639597953,-0.05446065299645264,0,6
2010-06-08,15.539764404296877,15.558031408776811,15.290105277325992,15.387533172659404,1260200,0.008695533749676354,1.0,0.016922825753029905,-0.017151497031709262,1,6
2010-06-09,15.39362907409668,15.65546592768916,15.33273632339251,15.58239555599025,1220000,-0.009403960471871087,-1.0,0.016551603342242184,0.009646169560649787,2,6
2010-06-10,15.838141441345217,15.838141441345217,15.606749260964213,15.61283865112502,884800,0.028876385490964607,3.0,0.015090555793463828,-0.030236997718489533,3,6
2010-06-11,15.838141441345217,15.868587230716834,15.673731391300674,15.75898053068714,976000,0.0,0.0,0.01639826357257112,-0.00900846336564387,4,6
2010-06-14,15.880765914916992,16.002551394531167,15.789427385922563,15.905123475412791,2025400,0.0026912547617805593,0.0,0.0159773571693561,-0.024464264336869768,0,6
2010-06-15,16.124330520629883,16.124330520629883,15.923385356974126,15.923385356974126,1676400,0.015337081789242202,2.0,0.015825257952301306,-0.01081908733835557,1,6
2010-06-16,16.22784996032715,16.276563910695717,16.026904769877778,16.06952933127125,1817600,0.006420076763175908,1.0,0.016190940233179154,0.0054847479310282665,2,6
2010-06-17,16.43488883972168,16.440978230289986,16.15478384217471,16.252211768402567,1912600,0.012758244616550396,1.0,0.016241301371818694,0.012701398988115953,3,6
2010-06-18,16.3618221282959,16.47751709062332,16.343553952512895,16.453160684345402,1171900,-0.004445829365708032,-0.0,0.016417981816768023,0.02910642949144515,4,6
2010-06-21,16.22784996032715,16.55058060741404,16.1426008375402,16.489687879095282,1440500,-0.008188095856210276,-1.0,0.016451853049444475,0.01991073187568282,0,6
2010-06-22,15.868586540222168,16.282655761680196,15.844230142071185,16.25829936352921,1264200,-0.022138694958561134,-2.0,0.015612898626160766,0.036089622995065795,1,6
2010-06-23,15.625017166137695,15.88685513144437,15.558035036938572,15.88685513144437,1058400,-0.015349153717446495,-2.0,0.016436713715654642,0.008107551867702512,2,6
2010-06-24,15.66154956817627,15.832048975256155,15.539765272918231,15.600658001263346,1088700,0.002338071161787081,0.0,0.01658455130741417,0.004560678396542839,3,6
2010-06-25,15.704178810119627,15.838141913352496,15.497144184211823,15.72853521005631,1123800,0.0027219044806383597,0.0,0.016387727052107316,0.017957273790561112,4,6
2010-06-28,15.832045555114746,15.899027657967682,15.594565243446246,15.679814347854029,631600,0.008142211480215877,1.0,0.016290689133976632,0.011610620869470178,0,6
2010-06-29,15.545854568481444,15.698085807713388,15.399712718190644,15.698085807713388,1514300,-0.018076690446412025,-2.0,0.016148960416913737,0.0069711743324329944,1,6
2010-06-30,15.515413284301758,15.7711619059741,15.454520534106896,15.521502675464506,1242700,-0.001958160874694137,-0.0,0.01660244592328962,-0.016184809156808533,2,6
2010-07-01,15.545854568481444,15.58847912963724,15.369265773484944,15.533675790599164,1432200,0.001962002791797035,0.0,0.01564233127848052,0.00711488777964564,3,7
2010-07-02,15.618926048278809,15.734622123706254,15.491052355516056,15.491052355516056,1228700,0.004700383595863222,0.0,0.014781885927995545,-0.013524049882816302,4,7
2010-07-06,15.844230651855469,15.911211620000046,15.655463043308048,15.746802733252078,1238000,0.014425102140840806,1.0,0.014237084699767094,-0.026196082078215,1,7
2010-07-07,16.294828414916992,16.300917802523333,15.77115269509103,15.825956022116165,1145700,0.028439232737927478,3.0,0.011981651414092487,0.026024996431983638,2,7
2010-07-08,16.471426010131836,16.641925482329555,16.282659525456502,16.42880143244056,2110900,0.010837646811498791,1.0,0.013322108622371848,0.057707196693358664,3,7
2010-07-09,16.36790657043457,16.46533565729451,16.22176468229339,16.46533565729451,1472600,-0.00628478916358477,-1.0,0.01337791752393792,0.05995339321729665,4,7
2010-07-12,16.43488883972168,16.495781583972217,16.276568169243287,16.300925731516497,826500,0.00409229298804159,0.0,0.013251649090945153,0.06329095573553456,0,7
2010-07-13,16.635833740234375,16.769798007113895,16.574940997237547,16.769798007113895,1732300,0.012226727084823974,1.0,0.011863749802084447,0.03767786773381521,1,7
2010-07-14,16.617565155029297,16.623653383462607,16.428797553490636,16.568850036103946,1591800,-0.0010981466568095177,-0.0,0.012067730511353434,0.05036527182455863,2,7
2010-07-15,16.812419891357422,16.848955066742473,16.514046775942894,16.64192047050671,1531800,0.01172582953701573,1.0,0.012091652751427187,0.046395699304415894,3,7
2010-07-16,16.422706604003906,16.800240609795466,16.3861714297119,16.745437267641332,1236300,-0.023180082931062884,-2.0,0.011920415909975585,0.042673980779988296,4,7
2010-07-19,16.599300384521484,16.684549537232858,16.42271152655352,16.45315848211658,880800,0.010753025355426216,1.0,0.013073308200901948,0.01200754530964554,0,7
2010-07-20,16.80024528503418,16.806334676016135,16.41662178319898,16.477514531585964,1078500,0.012105624686451932,1.0,0.012987489767778427,0.010003812401969903,1,7
2010-07-21,16.605388641357422,16.855047852757878,16.526227723733363,16.855047852757878,1044100,-0.011598440401958787,-1.0,0.013169808802383932,0.0267954970602009,2,7
2010-07-22,16.92203140258789,16.982922991776093,16.751531933136125,16.76371071554681,923700,0.01906867511922239,2.0,0.013313452487622562,0.023264861454429075,3,7
2010-07-23,17.019447326660156,17.025535552135803,16.702806176063735,16.86721613826939,1206600,0.005756751169801566,1.0,0.012728552491243359,0.06638555108204192,4,7
2010-07-26,17.135149002075195,17.147327780729196,17.00727531050497,17.03163170638071,1189500,0.0067982040306207026,1.0,0.012008330731775945,0.0892434322276745,0,7
2010-07-27,17.47005844116211,17.488325447705304,17.18386295004129,17.18386295004129,1487900,0.019545172268204514,2.0,0.012014167372874493,0.09409027040933604,1,7
2010-07-28,17.287378311157227,17.52485982253368,17.22648674758431,17.52485982253368,1349800,-0.010456755518027383,-1.0,0.0124523779150792,0.11244648016262815,2,7
2010-07-29,17.080345153808594,17.451789761731174,17.01336419605944,17.42134397742994,1139800,-0.011975971927161155,-1.0,0.012883693778932637,0.09192322943842957,3,7
2010-07-30,16.952476501464844,17.122975963919437,16.885494362387583,17.00727985863123,1330500,-0.007486303771515823,-1.0,0.012414729173541122,0.09870738070831209,4,7
2010-08-02,17.354358673095703,17.409162003925303,17.153413513864507,17.153413513864507,1251100,0.023706398979295606,2.0,0.012616947375852925,0.09262165247103549,0,8
2010-08-03,17.232574462890625,17.33000235543168,17.189949905082926,17.281288409161153,1089900,-0.007017499897237878,-1.0,0.013289578228862968,0.11633352779981121,1,8
2010-08-04,17.518770217895508,17.677090836383783,17.263021705173234,17.342181433701313,2280200,0.01660783509864938,2.0,0.013560925436732232,0.10331365995484942,2,8
2010-08-05,17.74407196044922,17.774518903588707,17.396984938683943,17.488323445238155,1600100,0.012860591225950513,1.0,0.013646641032777204,0.10568765393755108,3,8
2010-08-06,17.64055824279785,17.756254327252403,17.463970582618934,17.634468852938944,1833300,-0.005833707047744996,-1.0,0.012692199380703314,0.08893886505767234,4,8
2010-08-09,17.677095413208008,17.884130032417172,17.622292063333088,17.70145181235663,1336300,0.0020712026176989973,0.0,0.012773594225847755,0.07097941805080277,0,8
2010-08-10,17.78060531616211,17.90847897164854,17.506588680931284,17.53094623136599,1066200,0.0058555945156442135,1.0,0.0125873010902396,0.07998511215467419,1,8
2010-08-11,17.604019165039062,17.664911888705465,17.4639667136088,17.585750999509507,2150200,-0.009931391422458136,-1.0,0.012595603351362316,0.08188169019968972,2,8
2010-08-12,17.43352699279785,17.476152730024275,17.238671125493116,17.39699180803636,1159500,-0.009684843594115256,-1.0,0.012783749853613345,0.058198791832302144,3,8
2010-08-13,17.50659942626953,17.658830725628395,17.330010561525576,17.330010561525576,961100,0.004191488819323075,0.0,0.013048413579771012,0.04910237030252329,4,8
2010-08-16,17.567489624023438,17.60402480535629,17.299562250906774,17.42134773725957,861000,0.00347812823446092,0.0,0.012880697937320492,0.04128968580358605,0,8
2010-08-17,17.80496597290039,17.90848326419647,17.518771655285207,17.689269903467782,1146300,0.013517944450765818,1.0,0.011515554576884133,0.06970732946909197,1,8
2010-08-18,17.652734756469727,17.847590561212126,17.56748563225298,17.77452021514983,1482300,-0.008549930208367917,-1.0,0.011620634112768384,0.07263351830798626,2,8
2010-08-19,17.415254592895508,17.579664615603033,17.22648817502699,17.56139644815812,1307700,-0.013452882335252991,-1.0,0.011721412987035069,0.050742680060448464,3,8
2010-08-20,17.378721237182617,17.41525641446165,17.25084637455749,17.299560331406983,1045200,-0.0020977790199974145,-0.0,0.011838742811684275,0.048771273532317805,4,8
2010-08-23,17.44569969177246,17.610109708020403,17.403075130841255,17.48223486379461,640800,0.003854049655076963,0.0,0.011228276765107252,0.02698788483071146,0,8
2010-08-24,17.52486228942871,17.671004153153262,17.226489172478715,17.305648913125736,1320300,0.004537656789631805,0.0,0.011198395554480028,0.025045018027383348,1,8
2010-08-25,17.59793472290039,17.64664868323946,17.372633091869364,17.457882232104623,1377100,0.004169643804605494,0.0,0.011153049183444633,0.022743501518797338,2,8
2010-08-26,17.403074264526367,17.591840665581667,17.31173575830168,17.537037329560434,1984300,-0.011072916307642067,-1.0,0.010360228501974336,0.007319739780434098,3,8
2010-08-27,17.792783737182617,17.817141288722397,17.336090098699604,17.476143697189368,1937000,0.022393139667892914,2.0,0.010393327518253635,0.006692510066403257,4,8
2010-08-30,17.59989356994629,17.821044442953813,17.526177393408783,17.759613514707556,1591100,-0.010840921245686475,-1.0,0.011038219387914437,0.04171101795417553,0,8
2010-08-31,17.79647445678711,17.86404860586381,17.384888694742784,17.513893781916696,2228600,0.011169436113892317,1.0,0.0112054592947761,0.038190117439508287,1,8
2010-09-01,18.20806312561035,18.34321144533916,17.93776882954849,17.98691335353227,1950700,0.023127539660883434,2.0,0.010278147258740069,0.02547577770055054,2,9
2010-09-02,17.943904876708984,18.32477568914929,17.93776283849804,18.238773093826232,2282900,-0.014507762142466296,-1.0,0.011135261781113693,0.05660725069375938,3,9
2010-09-03,18.10976791381836,18.18962847042191,17.974620811785975,18.072909826299977,1390300,0.009243419325336788,1.0,0.011259392069259178,0.02426738027417019,4,9
2010-09-07,17.956192016601562,18.07905387630219,17.943905596291994,18.06062424583784,1015800,-0.008480279700305404,-1.0,0.011098650948444295,0.020609471951210656,1,9
2010-09-08,17.8947696685791,17.999201947898158,17.83948309406722,17.96234384099087,1246400,-0.003420677834457986,-0.0,0.011195097710417948,0.01789250484363647,2,9
2010-09-09,18.10976791381836,18.201913718463057,18.005335689435046,18.0851962460386,1140400,0.01201458578239012,1.0,0.011230565267489388,0.012313915283189036,3,9
2010-09-10,18.07291412353516,18.128201853807347,17.790332260844202,17.980768296980756,1342000,-0.0020350227821019917,-0.0,0.011451746486715443,0.018512451730597235,4,9
2010-09-13,18.330923080444336,18.36778117660497,18.07291406392436,18.232634042884133,1370500,0.014276001930047855,1.0,0.011204031236599235,0.026635676438441225,0,9
2010-09-14,18.380067825317383,18.521358172085968,18.17734653639357,18.30635046039156,1453000,0.002680974910940215,0.0,0.011248105050330914,0.05147530319121407,1,9
2010-09-15,18.18963623046875,18.398500768340984,18.140491702245757,18.398500768340984,1450400,-0.010360766709811897,-1.0,0.011241260141776501,0.04989366454213662,2,9
2010-09-16,17.97462272644043,18.244918130994503,17.90704858237751,18.177343986931582,1501400,-0.011820659924367205,-1.0,0.01157443772091701,0.03541465626338147,3,9
2010-09-17,17.888622283935547,18.07905714638904,17.814904920441883,18.06062751259119,1518900,-0.004784547849139398,-0.0,0.011603978354115741,0.009528619925377013,4,9
2010-09-20,18.10976791381836,18.140483963164908,17.894760255182426,17.962334392047357,1160300,0.012362362308997232,1.0,0.011485380105715919,0.013362661973911338,0,9
2010-09-21,17.956192016601562,18.16505647507411,17.91933392737039,18.15277005476454,2067500,-0.008480279700305404,-1.0,0.011275007950879821,0.039879596202180956,1,9
2010-09-22,17.96233367919922,18.097480775868192,17.919332383518064,17.919332383518064,1633100,0.0003420359167454201,0.0,0.011473126653400065,0.0332286116761813,2,9
2010-09-23,17.802616119384766,17.95619286542162,17.77190123885643,17.90704835355773,1557600,-0.008891804520890778,-1.0,0.011464530600787467,0.02961383014465202,3,9
2010-09-24,18.183490753173828,18.183490753173828,17.974626241316255,17.999197916518295,1069500,0.02139430695100697,2.0,0.011656802620454423,0.015849130530606326,4,9
2010-09-27,18.244922637939453,18.330925263120587,18.06062979179688,18.15277562901922,1709300,0.00337844287433664,0.0,0.01248158405494016,0.03327413355565234,0,9
2010-09-28,18.31249618530273,18.35549749920431,18.12206129301092,18.22035034527108,1222700,0.003703690539238691,0.0,0.012139685652725088,0.04837354369791269,1,9
2010-09-29,18.34935188293457,18.41692486088428,18.140487394658688,18.33092224984045,807700,0.0020125982421457245,0.0,0.011246911237719601,0.02920917017802216,2,9
2010-09-30,18.165058135986328,18.58278709112624,18.15277171455336,18.48449806305775,2598100,-0.010043610702111017,-1.0,0.010889691960876732,0.04258311619952426,3,9
2010-10-01,18.324785232543945,18.38007297881573,18.128207099887856,18.34321487186724,1022600,0.008793095808550477,1.0,0.010984342246571781,0.0207110503877721,4,10
2010-10-04,18.31249618530273,18.478359400378476,18.23877998195658,18.263351659172656,1160900,-0.0006706243530423261,-0.0,0.00993832296080271,0.006410462558723129,0,10
2010-10-05,18.558218002319336,18.558218002319336,18.324781806360303,18.45378691410709,1508100,0.013418259014509326,1.0,0.009344896998148658,0.02054130977210944,1,10
2010-10-06,18.552078247070312,18.607365989814603,18.4845040788944,18.582793138951352,1442100,-0.00033083754314433556,-0.0,0.009570492259136127,0.02476288435252627,2,10
2010-10-07,18.57049560546875,18.668784606733567,18.509064686753916,18.613496897059942,799400,0.0009927382880323687,0.0,0.00931990764672191,0.03318555682172586,3,10
2010-10-08,18.619647979736328,18.681078924428288,18.47221441549431,18.619647979736328,990900,0.002646799272987721,0.0,0.00925060500007038,0.03776108602706052,4,10
2010-10-11,18.71793937683105,18.779370329249552,18.588935431280376,18.631936746463936,758900,0.005278907377931796,1.0,0.008954912050763835,0.028154975168340757,0,10
2010-10-12,18.625791549682617,18.71179417088712,18.50293082963302,18.674936072042023,1338000,-0.004922968564717856,-0.0,0.008958451909145572,0.03569016312958162,1,10
2010-10-13,18.705646514892575,18.7977923201896,18.61349953789807,18.68721688515418,1079900,0.004287332701912394,0.0,0.008583685270402748,0.01608584946564151,2,10
2010-10-14,18.69950485229492,18.7977938756378,18.60735903937317,18.717933311860723,1040700,-0.00032833201422721725,-0.0,0.008608452797196766,0.017713682706150147,3,10
2010-10-15,18.859228134155277,18.87765659697111,18.65036362979203,18.822368865128027,1275800,0.008541578139207084,1.0,0.00822371354805521,0.028030721195628328,4,10
2010-10-18,18.687219619750977,19.07423252731105,18.558214536099182,18.889940889748665,5094800,-0.009120655054423055,-1.0,0.007781784356122099,0.04921412934100733,0,10
2010-10-19,18.914512634277344,19.000515237251,18.49678369692374,18.539784998410564,4345200,0.012163019387118279,1.0,0.008033160662865246,0.04464275242328708,1,10
2010-10-20,18.982086181640625,19.049660326996737,18.883797154775888,18.926798457567006,1741600,0.003572576712382425,0.0,0.008020551057114245,0.04443705321286506,2,10
2010-10-21,18.859228134155277,19.09880752434344,18.73022303595549,19.0496630040049,1445600,-0.006472315335085521,-1.0,0.007647941402951755,0.05713316966596049,3,10
2010-10-22,18.951372146606445,18.951372146606445,18.73636445134978,18.85922632626721,1497900,0.004885884607561897,0.0,0.007892612261294271,0.04993195600161249,4,10
2010-10-25,19.15409469604492,19.25852694517253,19.03123281294264,19.06809208089198,2045500,0.01069698530904395,1.0,0.0074726546306362225,0.06452737168054923,0,10
2010-10-26,19.00665283203125,19.1909444044379,18.969793580192125,19.11108503551428,2562100,-0.007697668115012157,-1.0,0.0064515056008545455,0.053378306511453255,1,10
2010-10-27,19.06809425354004,19.080379505891862,18.822370459337336,18.945232356438687,1710200,0.0032326271254474737,0.0,0.006818353744107128,0.04175025617854988,2,10
2010-10-28,19.1663761138916,19.246235496866444,19.061943892033764,19.1663761138916,1964100,0.005154257108484606,1.0,0.006813143799655199,0.04126133655354636,3,10
2010-10-29,19.21552848815918,19.32610279331728,19.04352206063893,19.135667900786306,1336400,0.002564510577038659,0.0,0.006849000964018814,0.04452605389931441,4,10
2010-11-01,19.30766487121582,19.786823473964592,19.10494365350733,19.694678850648515,1882900,0.00479489196008398,0.0,0.006258524520062278,0.057829176450131525,0,11
2010-11-02,19.584108352661133,19.584108352661133,19.40595991640504,19.46124764496328,1221300,0.014317810221444072,1.0,0.006123228199544503,0.05363662527003732,1,11
2010-11-03,19.40595817565918,19.627109070054537,19.24623821545116,19.627109070054537,1494000,-0.009096670310126509,-1.0,0.006589846705579266,0.06943958674399475,2,11
2010-11-04,19.559534072875977,19.719252854425857,19.52881919296967,19.58410574246151,2147100,0.007913852839764868,1.0,0.006679061024425347,0.04568004176014617,3,11
2010-11-05,19.504247665405277,19.645537997207075,19.412101847782257,19.590250272293737,1210500,-0.0028265707794833395,-0.0,0.0067676415555406495,0.054304203140408625,4,11
2010-11-08,19.35681915283203,19.47353784372318,19.240100461940887,19.430535357406903,1232500,-0.0075587900185835055,-1.0,0.006862049931033219,0.0502814830456948,0,11
2010-11-09,19.20323181152344,19.412096229255148,19.10494281161408,19.35680852034397,1403700,-0.007934534083102185,-1.0,0.007194164781952055,0.03959103705386702,1,11
2010-11-10,19.24623680114746,19.258523221421587,19.02508592300331,19.197092291748486,1478100,0.002239466254748468,0.0,0.007454706857323624,0.025926595065965508,2,11
2010-11-11,19.30766487121582,19.32609332720009,19.129515318718816,19.129515318718816,1336400,0.0031916925216619596,0.0,0.007320998729597169,0.03331108102492508,3,11
2010-11-12,19.2216739654541,19.26467528447691,19.0865256237275,19.2216739654541,1451200,-0.004453718579397692,-0.0,0.007304679191068176,0.032183777013210735,4,11
2010-11-15,19.48581886291504,19.577965856159352,19.3015272198218,19.436674346643663,1451000,0.013742034015126192,1.0,0.007411978624618969,0.027924221378252234,0,11
2010-11-16,19.1663761138916,19.399812224792825,19.043514262871515,19.37524055760728,2073900,-0.016393601483763898,-2.0,0.0077441079301631965,0.033224622147974614,1,11
2010-11-17,19.178661346435547,19.283093568210617,19.08037233437636,19.258521901044546,889300,0.0006409783712342243,0.0,0.008383140149298482,0.025640865997753615,2,11
2010-11-18,19.41824531555176,19.43053056548584,19.25238213861625,19.36295758990659,3326600,0.012492215425699893,1.0,0.008000814935264031,0.013965398805968032,3,11
2010-11-19,19.30766487121582,19.4735280052584,19.197089448520764,19.41824029391088,3515200,-0.0056946671822802886,-1.0,0.008388787551734684,0.02297740773788015,4,11
2010-11-22,19.44282341003418,19.4981111539436,19.111098118275716,19.21553039324928,4107400,0.00700025299381779,1.0,0.00835526537520526,0.023778106604924965,0,11
2010-11-23,19.313817977905277,19.381390970637984,19.117239868686568,19.313817977905277,1508600,-0.006635118234027959,-1.0,0.008415024218543154,0.025932225889814253,1,11
2010-11-24,19.56568145751953,19.56568145751953,19.33838731394811,19.43053314502384,1520300,0.01304058472034808,1.0,0.00829156724396079,0.008338858316981224,2,11
2010-11-26,19.46738624572754,19.63939143010885,19.3936689012088,19.47352945541222,976500,-0.005023858330996944,-1.0,0.008507533190472975,0.029412260561005654,4,11
2010-11-29,19.32246971130371,19.446330984859813,19.09951776516685,19.40917272091697,1480000,-0.0074440673542208735,-1.0,0.008609542252737124,0.020940319828415488,0,11
2010-11-30,19.26054000854492,19.359629507729565,19.13048430259008,19.17383581082836,1423200,-0.003205061448359414,-0.0,0.008745115018431279,0.008144137237240834,1,11
2010-12-01,19.564001083374023,19.644510855763723,19.35962885058789,19.533036058894897,1355900,0.015755584978119686,2.0,0.008765069565400631,0.0023424554996482883,2,12
2010-12-02,19.694055557250977,19.71263528063864,19.526842771721917,19.613545785051056,1377400,0.006647641927779002,1.0,0.009361656133181814,0.013276396388066214,3,12
2010-12-03,19.594970703125,19.71883319256877,19.46491615232526,19.650708705250672,1499800,-0.005031206184929027,-1.0,0.008942814139591075,0.005614103160070716,4,12
2010-12-06,19.520648956298828,19.61973844897121,19.48348951061673,19.539227497899944,777300,-0.0037928991041726867,-0.0,0.008771482161705011,0.009739922437991044,0,12
2010-12-07,19.402978897094727,19.675475580714902,19.347240912235147,19.66308909935947,1026400,-0.006027978858055949,-1.0,0.008647758462592246,-0.0019880390009429094,1,12
2010-12-08,19.32246971130371,19.502068971394028,19.260538483905705,19.46491070745119,765100,-0.00414932089644604,-0.0,0.008726838848250908,-0.005192139171313448,2,12
2010-12-09,19.471111297607425,19.489689845971284,19.285317545286297,19.477304540808827,1057400,0.007692680517789041,1.0,0.008614306978575573,-0.0017745395696014965,3,12
2010-12-10,19.61354637145996,19.61354637145996,19.47110536494909,19.533036596852945,856500,0.007315200025077129,1.0,0.008573967628564261,0.01394970850287991,4,12
2010-12-13,19.570201873779297,19.76838094186975,19.5392356561149,19.68787113842317,1064400,-0.0022099265915385136,-0.0,0.00869043987482868,0.01908474753311773,0,12
2010-12-14,19.70024871826172,19.799338213446312,19.607352464181155,19.63831748846136,1040600,0.006645145784452078,1.0,0.008700287505472934,0.01359755331960777,1,12
2010-12-15,19.42156219482422,19.74979574249505,19.40298246937036,19.69405774737357,1239000,-0.014146345430611884,-1.0,0.008709985858302183,0.024897662590039227,2,12
2010-12-16,19.71263694763184,19.71263694763184,19.372016925400093,19.440140221102403,785500,0.014987195668801023,1.0,0.008828606119819624,-0.003297611896265318,3,12
2010-12-17,19.743602752685547,19.762182478376555,19.6135482165688,19.70025124064663,1560700,0.0015708606177839979,0.0,0.008588949773740162,0.028500997293083197,4,12
2010-12-20,19.780763626098636,19.904624929222717,19.65070789939212,19.86127341406728,1326800,0.0018821728677678173,0.0,0.008587377812865206,0.02945676948172382,0,12
2010-12-21,19.749794006347656,19.87365646933813,19.700249257399463,19.842691444210505,1497300,-0.0015656432853845548,-0.0,0.008206968838842742,0.01866895307252814,1,12
2010-12-22,19.774568557739254,19.85507951951358,19.718830563046296,19.79314710181019,1031500,0.0012544207490789994,0.0,0.008089362724908894,0.022899151092629966,2,12
2010-12-23,19.731216430664062,19.817919450262146,19.675478437711,19.74360173257804,942600,-0.0021923172153470727,-0.0,0.007976550610988333,0.017062601490988483,3,12
2010-12-27,19.669286727905277,19.69405851490241,19.533038946320666,19.656900243786637,1018100,-0.0031386662336003734,-0.0,0.007825978034833087,0.021611390002550745,0,12
2010-12-28,19.76837539672852,19.805533666262264,19.5701963842284,19.712637401807847,947100,0.005037735744767069,1.0,0.007369367897256228,0.005295254888550094,1,12
2010-12-29,19.84268951416016,19.923198099165106,19.73121354455973,19.80553007013343,1043500,0.0037592425244989958,0.0,0.00733447369386297,0.015461199937256032,2,12
2010-12-30,19.848878860473636,19.935581855538256,19.81791384259047,19.855073281537923,842600,0.00031192073579844326,0.0,0.007112249155652219,0.026923049207944638,3,12
2010-12-31,19.743602752685547,19.947975010326225,19.73121745013165,19.86746640938551,860200,-0.005303881822652068,-1.0,0.007042174067302149,0.03054633212089075,4,12
2011-01-03,19.786954879760746,19.94797443951482,19.75598867116182,19.848884934478427,1362400,0.002195755638838559,0.0,0.006371821738497821,0.009180211580756437,0,1
2011-01-04,19.755990982055664,19.842695195034512,19.594970222226618,19.842695195034512,2075900,-0.0015648642195446039,-0.0,0.006227905278565381,0.004717125034998881,1,1
2011-01-05,19.502073287963867,19.725025283448705,19.452528531327257,19.700252314510312,2333400,-0.012852693358811007,-1.0,0.006126246651070475,0.00821742891940036,2,1
2011-01-06,19.47730255126953,19.53304055314839,19.359633304943028,19.471109308700743,1726200,-0.0012701591430088754,-0.0,0.006726445376373436,-0.0009515907169145299,3,1
2011-01-07,19.588775634765625,19.63212832889845,19.409176341175897,19.50207260898025,1200200,0.0057232300624106,1.0,0.00659289931230051,0.003830528011651513,4,1
2011-01-10,19.545419692993164,19.58877119606265,19.31627569641449,19.50206818992368,1535300,-0.0022133053428573524,-0.0,0.006618986291574009,0.013782188687097463,0,1
2011-01-11,19.55161666870117,19.675479142196256,19.514458399148683,19.576389635896227,1115600,0.00031705513646373973,0.0,0.0064443766933989285,0.0038163407444993247,1,1
2011-01-12,19.582578659057617,19.68786138447556,19.55161245673479,19.632123401534304,1727700,0.0015836025675570742,0.0,0.0062356718449855094,-0.0031574964356729796,2,1
2011-01-13,19.6630916595459,19.69405668572633,19.53303713210002,19.58258188273274,1085300,0.004111460594135918,0.0,0.006227409922026349,0.0006324301281175337,3,1
2011-01-14,19.824119567871097,19.824119567871097,19.57639689154701,19.63213490715411,1535900,0.008189348405291286,1.0,0.00611677766478154,-0.0018861212996451604,4,1
2011-01-18,20.17712020874023,20.245242321808306,19.805532804608543,19.886043763209088,2413800,0.017806623878582784,2.0,0.00545301896336032,0.020727342579792918,1,1
2011-01-19,20.04706382751465,20.294788769899466,20.016098800336582,20.20808574880882,1067000,-0.0064457355598865895,-1.0,0.005836087804698975,0.023562715751440422,2,1
2011-01-20,20.21428108215332,20.313370602654835,20.071840044087423,20.078032105533534,1348300,0.008341234211524107,1.0,0.00606328412538956,0.01537009626005692,3,1
2011-01-21,20.17712020874023,20.3567183067998,20.10899573319209,20.3567183067998,1212200,-0.001838347515900396,-0.0,0.0062837225230364824,0.021916113262821835,4,1
2011-01-24,20.325761795043945,20.424851338492505,20.19570721223291,20.214285763354187,1199000,0.007366838516396745,1.0,0.006289680785581135,0.021636995416520755,0,1
2011-01-25,20.462003707885746,20.46819576861868,20.28859529512044,20.30098177906655,1355200,0.0067029179135131844,1.0,0.0064398057758371565,0.02787384390689862,1,1
2011-01-26,20.21428108215332,20.45581164072073,20.17092956458894,20.45581164072073,2536000,-0.012106469594517666,-1.0,0.00648891611576986,0.03703711222213224,2,1
2011-01-27,20.325761795043945,20.350534771526352,20.1337747710269,20.22667225159539,1847600,0.005514948191209568,1.0,0.007093845721845197,0.02770788599440399,3,1
2011-01-28,20.29478645324707,20.629214378547537,20.23904846569699,20.42484097003729,3375200,-0.0015239449379175207,-0.0,0.0071070815123175325,0.028195862691259288,4,1
2011-01-31,20.387678146362305,20.548700022597824,20.239045112507416,20.381486087651467,2215900,0.004577120992587336,0.0,0.007111003480153119,0.022784055496321898,0,1
2011-02-01,20.86455345153809,20.98841592642077,20.38768445885186,20.499160449998264,2617500,0.02339036852319909,2.0,0.007148260464249421,0.027145074020357596,1,2
2011-02-02,20.883136749267575,20.96364535905048,20.740695713712658,20.802625777004195,1822900,0.0008906635731575907,0.0,0.008447155512577792,0.05677538759738621,2,2
2011-02-03,20.90171432495117,20.969838808896014,20.72211384227482,20.87074929474361,2211600,0.0008895969942948057,0.0,0.008455591837940733,0.055399220151255646,3,2
2011-02-04,20.895523071289062,20.96983961915481,20.715922581673087,20.914101617635385,1654100,-0.00029620793614593133,-0.0,0.008411925537760772,0.05799371663695152,4,2
2011-02-07,20.938871383666992,21.062731490329902,20.82739539768629,20.889325451017747,1991100,0.002074526310255065,0.0,0.0076624069380689785,0.07145136636242633,0,2
2011-02-08,20.86455345153809,20.976029442684485,20.802623395336845,20.951258837692112,942600,-0.0035492807022480255,-0.0,0.0075967145955380755,0.07503959177869812,1,2
2011-02-09,20.93267822265625,20.93267822265625,20.759272172891272,20.88932671021501,1587400,0.0032650960528051165,0.0,0.007728079597803487,0.06512800190065215,2,2
2011-02-10,20.926483154296875,20.957448178378733,20.76546124910338,20.79023421336083,1921400,-0.0002959520178679176,-0.0,0.007633866268909813,0.07097614435777011,3,2
2011-02-11,20.79024124145508,20.821206276004595,20.592062185361332,20.709730261641777,1885400,-0.0065105021152978,-1.0,0.007646996300145688,0.07031983640496775,4,2
2011-02-14,20.68495178222656,20.80261981374205,20.5239298838582,20.796427754180105,1108500,-0.005064369287768433,-1.0,0.007934761968246945,0.06167025310728835,0,2
2011-02-15,20.740686416625977,20.771651434391565,20.5548915850736,20.635402521247663,1029200,0.0026944531940995553,0.0,0.008114373250224429,0.05196843611236357,1,2
2011-02-16,20.72830581665039,20.901711855308207,20.579670381743625,20.74069229976596,966900,-0.0005969233479978797,-0.0,0.008007825757815206,0.04623493344140028,2,2
2011-02-17,20.821203231811523,20.92029274537088,20.697340749242247,20.740694626249795,873500,0.004481669461211313,0.0,0.007176624623178717,0.027317357591565505,3,2
2011-02-18,20.709726333618164,20.80262378212751,20.616831247589072,20.715920756841587,1260400,-0.0053540084572557545,-1.0,0.006979727635526748,0.03861609914337505,4,2
2011-02-22,20.709726333618164,20.728307240808185,20.54870676701292,20.54870676701292,1108500,0.0,0.0,0.006980633642938185,0.024509664699491118,1,2
2011-02-23,20.623022079467773,20.864552596223685,20.623022079467773,20.746884549272888,1721200,-0.004186644128157502,-0.0,0.006952401892038801,0.026396538225867516,2,2
2011-02-24,20.54251289367676,20.66018331326913,20.449617805161022,20.57348028566232,1646400,-0.0039038500507240226,-0.0,0.006902295237688827,0.014624804099411914,3,2
2011-02-25,20.982778549194336,20.995268584765643,20.63306708212054,20.63306708212054,1255000,0.02143192791438353,2.0,0.006829849087904032,0.0039345699932595846,4,2
2011-02-28,21.25756072998047,21.33249858290249,21.076458735040145,21.088948774232374,1955100,0.013095605052586556,1.0,0.007674996657127723,0.038017551250907555,0,2
2011-03-01,21.13265609741211,21.451143659191697,21.070208303253175,21.36371579447693,1766700,-0.005875774467020589,-1.0,0.008028299711726115,0.045843247811933274,1,3
2011-03-02,21.232572555541992,21.32624662264981,21.07020687241632,21.07020687241632,1545800,0.004728059628156256,0.0,0.00818301354706093,0.04128496971846607,2,3
2011-03-03,21.351224899291992,21.47612286481032,21.27628707287322,21.33249103824494,1164800,0.0055882226913210875,1.0,0.008185493255990618,0.041441423742037964,3,3
2011-03-04,21.12641334533692,21.38869695282044,20.91408749927516,21.3137591195724,2162800,-0.01052921108814353,-1.0,0.006629893439247545,0.023325275035686266,4,3
2011-03-07,21.30750846862793,21.576038229204315,21.18885672553405,21.22008061769241,2485700,0.008571976716103658,1.0,0.007101183720092128,0.011649427908758891,0,3
2011-03-08,21.732152938842773,21.794603084891065,21.319991503841997,21.39492929687046,1598700,0.01992933480890402,2.0,0.007312899827537933,0.019414395267681517,1,3
2011-03-09,21.90077209472656,21.93824219490484,21.569794547624465,21.650976191331967,1317400,0.007758971527501268,1.0,0.008393752307256643,0.0400387137809084,2,3
2011-03-10,21.532323837280277,21.763383492923,21.48236608735519,21.750895842114392,1246400,-0.016823528223235518,-2.0,0.008490609081053814,0.0459385175750151,3,3
2011-03-11,21.57603454589844,21.682198619789617,21.276280944335475,21.53232062789321,1556100,0.0020300042368155413,0.0,0.009385093492057382,0.032005016895914506,4,3
2011-03-14,21.42615509033203,21.507336705067228,21.270033301985126,21.44488894262024,1904200,-0.006946570985858047,-1.0,0.009377629491563087,0.03073454416099808,0,3
2011-03-15,21.057722091674805,21.19510774021732,20.93282409844709,20.970294211084727,1257700,-0.017195478941691822,-2.0,0.00955144551844516,0.02387749209224177,1,3
2011-03-16,20.73297882080078,21.101426422811947,20.50816301181363,21.088936390953773,2586100,-0.015421576439286877,-2.0,0.010240640286445567,0.012865692471445422,2,3
2011-03-17,20.92032623291016,20.989020222592963,20.56436863385398,20.970286364399534,1520500,0.009036203322670522,1.0,0.010765985812078346,0.002321834688321145,3,3
2011-03-18,21.0264835357666,21.29501323071301,20.95154573645565,21.13264760183433,1351700,0.005074361731962185,1.0,0.010928190495566628,0.00866122811346215,4,3
2011-03-21,21.36370849609375,21.544810372408577,21.17636279538834,21.220076712811935,984100,0.016038105456555263,2.0,0.01097056298232698,0.014385050170221625,0,3
2011-03-22,21.332489013671875,21.4698770009262,21.27628505363423,21.40742683297863,1046300,-0.0014613325410044453,-0.0,0.011447254624392115,0.02605542332219124,1,3
2011-03-23,21.35746955871582,21.382449626453766,21.157633781273013,21.282531737732363,894900,0.001171009394540734,0.0,0.011365549804226683,0.030071024117917844,2,3
2011-03-24,21.32624626159668,21.463631873536933,21.232572196074763,21.44489801332473,1181700,-0.0014619380368681156,-0.0,0.01136083177104027,0.0312772469642042,3,3
2011-03-25,21.32624626159668,21.488611941973502,21.30126619316011,21.388694050457666,1058700,0.0,0.0,0.011307726023765527,0.03409898798629696,4,3
2011-03-28,21.1451416015625,21.47611912769585,21.132651568961037,21.344977358725668,1305600,-0.008492102070503882,-1.0,0.011243612154136343,0.03815177685302373,0,3
2011-03-29,21.388696670532227,21.44490064028417,21.07645292351716,21.15139075577617,1086100,0.011518251972913118,1.0,0.010509341009710415,0.00773791955090708,1,3
2011-03-30,21.713424682617188,21.75713860500319,21.469875005829444,21.482365038258315,1072600,0.015182225316811682,2.0,0.010419467055337138,0.006168908193065148,2,3
2011-03-31,21.60726356506348,21.8508156575244,21.5885297049628,21.70093763002771,1263700,-0.004889192704764622,-0.0,0.010797339953862659,0.02748204402361898,3,3
2011-04-01,21.78211212158203,21.87578376329325,21.66345804029336,21.694684303093148,929300,0.00809211939272414,1.0,0.010850604809273358,0.017646990657459893,4,4
2011-04-04,21.794612884521484,21.89453078089589,21.713428849270223,21.844570641593407,681000,0.0005739004036742212,0.0,0.010918365488456672,0.020180913475569495,0,4
2011-04-05,21.707178115844727,21.83207605583519,21.66971040140863,21.807095991391087,797600,-0.00401176057313013,-0.0,0.010595778529778475,0.031628631337559776,1,4
2011-04-06,21.78836441040039,21.900772329912044,21.694692732294225,21.738406658523164,675200,0.0037400667245828245,0.0,0.010533700877217429,0.018757221089704013,2,4
2011-04-07,21.59477424621582,21.75089608761797,21.48861015530263,21.700935954898764,1381900,-0.00888502507752087,-1.0,0.009627777285965946,0.002586557885719154,3,4
2011-04-08,21.563549041748047,21.719670890894164,21.394937158802595,21.719670890894164,1126100,-0.0014459611437357411,-0.0,0.009656601353870168,-0.013972011908402915,4,4
2011-04-11,21.351224899291992,21.582286969281583,21.29502093392028,21.576040760778863,1352300,-0.009846437710461564,-1.0,0.008921969592263641,0.0014501548789502827,0,4
2011-04-12,21.27628517150879,21.40742695157974,21.245061278477184,21.295019030881686,1711300,-0.003509856138777745,-0.0,0.009167020323572616,-0.01041941447248862,1,4
2011-04-13,21.15763664245605,21.39494017136636,21.09518646466595,21.338736202470617,1685900,-0.005576562266218388,-1.0,0.00907562497589862,-0.00699471828666387,2,4
2011-04-14,21.08893775939941,21.126407857405347,20.96403981494313,21.07020390151153,2565500,-0.0032470017430390463,-0.0,0.008316185744293053,0.0047447938740130535,3,4
2011-04-15,21.20758628845215,21.28252647312822,21.07020071433892,21.07020071433892,2052400,0.005626102670811761,1.0,0.007558270910159438,0.01716873111554551,4,4
2011-04-18,20.9078369140625,21.07020496471784,20.80167520436732,21.02648865705658,1952500,-0.01413406364650116,-1.0,0.007408478823173404,0.013731146079839496,0,4
2011-04-19,21.01400375366211,21.026491406363547,20.882859577991187,20.932819717719266,1378800,0.005077849039859306,1.0,0.008000378173413269,-0.005642722973733583,1,4
2011-04-20,21.32624626159668,21.363713982021093,21.170124407213777,21.195102093419905,1781300,0.014858782343186494,1.0,0.00720321082584255,-0.016369102887524578,2,4
2011-04-21,21.463626861572266,21.501096955477493,21.313751250411133,21.388689055991694,1171300,0.006441855650095141,1.0,0.00796406586428317,-0.0002926405855029346,3,4
2011-04-25,21.60726356506348,21.66346752759593,21.44489788565329,21.469877953941143,1480700,0.006692098423886517,1.0,0.008084427377075654,0.004970500019424007,0,4
2011-04-26,21.725910186767575,21.91325586969245,21.650970007813942,21.70093012711637,1900000,0.005491052642868421,1.0,0.008192321316291344,0.013177063606024442,1,4
2011-04-27,21.94449234008789,21.988206278436195,21.738412685336023,21.800860488053324,1134100,0.01006089740044347,1.0,0.008257722982828323,0.018740472198831792,2,4
2011-04-28,22.09436798095703,22.175549639148635,21.913266037795985,21.91950986449122,833100,0.006829761133063439,1.0,0.008192952660117011,0.03780304495413378,3,4
2011-04-29,22.23175430297852,22.27546823790317,22.0568985632799,22.13808260623888,1339300,0.006218160308541165,1.0,0.007975904190358487,0.032992721403031,4,4
2011-05-02,22.27546119689941,22.412849167367813,22.225503450875472,22.375381453407364,810600,0.0019659669374376687,0.0,0.0074327520144903,0.023871389609778193,0,5
2011-05-03,22.30668830871582,22.47530017458143,22.219260463207007,22.294198276181685,987600,0.0014018615165982684,0.0,0.007303655939974567,0.03092467631654805,1,5
2011-05-04,22.312931060791016,22.38786887016177,22.1006052823822,22.28170717207237,1442500,0.00027986010244096526,0.0,0.007144854843911343,0.024082888941427738,2,5
2011-05-05,22.019432067871097,22.25049419864588,21.950740431884427,22.23175795043936,1505500,-0.013153762368569466,-1.0,0.00714634507378157,0.023781940014986125,3,5
2011-05-06,22.044397354125977,22.325417066372385,21.88203173273337,22.18178529838635,1383500,0.001133784294614415,0.0,0.00773069355234108,0.014384824704527066,4,5
2011-05-09,22.13183212280273,22.18803608288417,21.85705853031032,22.0319142362391,1029900,0.003966303422687556,0.0,0.007700458548366939,0.011750902403824925,0,5
2011-05-10,22.325424194335938,22.49403607551744,22.181792380491768,22.18803620621093,2005700,0.00874722302514419,1.0,0.00741564350870443,0.024869807410976774,1,5
2011-05-11,22.269222259521484,22.32542622502756,22.131834258899847,22.319182398740463,1715100,-0.0025173960559599085,-0.0,0.0075660903213846855,0.03533162148368363,2,5
2011-05-12,22.48779296875,22.525263074923323,22.20052930144653,22.20052930144653,1100000,0.009814923335953685,1.0,0.007166189180306624,0.042995067709671986,3,5
2011-05-13,22.437837600708008,22.5939594863894,22.219267913646423,22.55024554897708,1153700,-0.0022214437900336392,-0.0,0.007240568143685799,0.056941697644828926,4,5
2011-05-16,22.419097900390625,22.581463571049117,22.33166766609573,22.406607866919924,982100,-0.0008351829909309938,-0.0,0.007084950350123269,0.060507748567864006,0,5
2011-05-17,22.643911361694336,22.67513763649385,22.32542384591989,22.39411783891034,1685500,0.01002776571575592,1.0,0.0070006405951119925,0.06307383312364112,1,5
2011-05-18,22.67514419555664,22.687634232643283,22.431592045713625,22.65016412138336,1276700,0.0013793038386089584,0.0,0.007149391953117417,0.06772694703235937,2,5
2011-05-19,22.643911361694336,22.775055522053517,22.49403572447,22.731341596010555,1141200,-0.0013774039800119597,-0.0,0.005980041258077013,0.08452846120611635,3,5
2011-05-20,22.54399871826172,22.625182763603537,22.40661308256502,22.60020269084746,1200000,-0.0044123403345252,-0.0,0.006080910616518444,0.07756292552047261,4,5
2011-05-23,22.15680885314941,22.39411469133577,22.144318821431188,22.39411469133577,1231000,-0.017174853048526173,-2.0,0.005738363330887344,0.05710111576728405,0,5
2011-05-24,22.18803596496582,22.269219991814296,22.100608112466062,22.25048613263015,986700,0.0014093686515679327,0.0,0.007110909243689513,0.03229565981778193,1,5
2011-05-25,22.07562255859375,22.169296595692792,21.72591123551407,22.07562255859375,2253600,-0.005066397339068995,-1.0,0.00701224947032821,0.0268785724834395,2,5
2011-05-26,22.081871032714844,22.13807498430043,21.882035289794977,21.99444319296615,1211300,0.00028304860279737554,0.0,0.007073979544404037,0.016096557926450927,3,5
2011-05-27,22.040966033935547,22.217192290456275,21.97802637024766,22.166842960408644,928300,-0.0018524244942240697,-0.0,0.006747120584138584,0.006260281190282546,4,5
2011-05-31,22.17943572998047,22.26125370926336,21.9969142668358,22.229785071008155,1557600,0.006282378722952897,1.0,0.006592449793927434,-0.0024169936459603747,1,5
2011-06-01,21.965436935424805,22.20460041223433,21.965436935424805,22.110194534831283,1557400,-0.009648522945351456,-1.0,0.006595538591015901,-0.002353326340559736,2,6
2011-06-02,21.95914077758789,21.990609401967127,21.75144593596324,21.965435943005023,1891800,-0.00028663931682415544,-0.0,0.006894580377058127,-0.013917748267217034,3,6
2011-06-03,21.56262588500977,21.72626654664159,21.455632099321207,21.70738585526167,2222400,-0.01805694023250748,-2.0,0.006879351612810854,-0.015580418138183894,4,6
2011-06-06,21.323467254638672,21.562630735590755,21.31717208882808,21.524869344336366,1630600,-0.01109134998893424,-1.0,0.007841840230392468,-0.033626473085811015,0,6
2011-06-07,21.411582946777344,21.56263333178632,21.323469822038348,21.417875712443312,1391800,0.004132334159657081,0.0,0.007701541733495824,-0.031606846674665956,1,6
2011-06-08,21.49969482421875,21.606691041553457,21.32346858496446,21.392701007786485,1559900,0.0041151500877083524,0.0,0.007780206286880649,-0.028706360041645285,2,6
2011-06-09,21.4493465423584,21.600396925951028,21.42417067812544,21.57522106171807,1051400,-0.00234181379187004,-0.0,0.007785364561838474,-0.02856235738082802,3,6
2011-06-10,21.323467254638672,21.449344160925303,21.31717208882808,21.37381657661195,1139100,-0.005868677046694137,-1.0,0.007434422927963033,-0.039241254470757325,4,6
2011-06-13,21.3486442565918,21.39899598781996,21.185005931905653,21.32976355783258,1015300,0.0011807180160934294,0.0,0.007484632953503353,-0.04246915289008102,0,6
2011-06-14,21.443050384521484,21.51857557282621,21.28570484169353,21.49340211065961,1255200,0.004422113497934754,0.0,0.007023958280754015,-0.05065631446097041,1,6
2011-06-15,21.33605575561523,21.449344734210896,21.1975909149089,21.310879893504563,1893300,-0.004989711211213055,-0.0,0.007182531758642531,-0.04433525341832112,2,6
2011-06-16,21.568925857543945,21.59410171893054,21.34234790686918,21.36752376825577,1680600,0.010914393203506068,1.0,0.007202203860890632,-0.048308908306097575,3,6
2011-06-17,21.858444213867188,21.92138387641273,21.67592279383907,21.745155222187847,2238200,0.013422938083955671,1.0,0.007280444238891941,-0.04747349020138336,4,6
2011-06-20,22.06614112854004,22.07243389423765,21.77033072179767,21.852151081282223,1613900,0.009501907484389394,1.0,0.008020520640878128,-0.036017410722772425,0,6
2011-06-21,22.160554885864254,22.31160772615554,21.97803340410913,22.135379012331803,1436300,0.004278670963546949,0.0,0.008386397208606407,-0.02551547848450264,1,6
2011-06-22,21.90879249572754,22.12907527771053,21.820676982032086,22.085018721313933,1842600,-0.011360834213465898,-1.0,0.008434071412192658,-0.017008687641862585,2,6
2011-06-23,21.757741928100582,21.764037094451563,21.499695328467872,21.70739260180524,2257200,-0.006894518155503682,-1.0,0.007950642965231796,-0.011193685835612421,3,6
2011-06-24,21.80180549621582,21.978031796243773,21.77033685705415,21.782924792899472,1403500,0.0020251903097687762,0.0,0.00805642589944506,-0.019393065593757752,4,6
2011-06-27,22.040966033935547,22.072434665328156,21.80809528054706,21.82068081238196,1400300,0.010969758342318947,1.0,0.008021656231635565,-0.01240359412973091,0,6
2011-06-28,22.173131942749023,22.26754022171988,22.0472550377553,22.091311594367763,1258000,0.005996375504140117,1.0,0.008407732987291578,-0.0018524244942240697,1,6
2011-06-29,22.14795684814453,22.30530238460709,22.12278338699631,22.28642168852033,1954800,-0.0011353873990148644,-0.0,0.008497786665829269,0.005996375504140117,2,6
2011-06-30,22.13536834716797,22.25495248837791,22.059843163863256,22.236071792777302,1470500,-0.0005683820436744869,-0.0,0.008391017627941586,-0.0014192823577285907,3,6
2011-07-01,22.48153114318848,22.494119074283827,22.11648834413043,22.166840068511828,1196500,0.01563844751039789,2.0,0.008099705670228186,0.007736309195338853,4,7
2011-07-05,22.450061798095703,22.57593871758392,22.336775211549117,22.46894489660559,1224400,-0.0013997865577901614,-0.0,0.008751626969150954,0.0237891988075305,1,7
2011-07-06,22.34307289123535,22.46265467055348,22.254959748484836,22.40601016437056,1524000,-0.004765639748458339,-0.0,0.0076025628241050995,0.041156207867190986,2,7
2011-07-07,22.254959106445312,22.50671059262637,22.16684596623679,22.50671059262637,1573100,-0.003943673514335777,-0.0,0.0071732080129589485,0.047816127856733726,3,7
2011-07-08,22.223485946655277,22.24865940951661,22.11019696062047,22.1794293855198,838700,-0.0014142088349612392,-0.0,0.007282955269584277,0.03938878137895485,4,7
2011-07-11,21.95914077758789,22.07242974607485,21.896203528829425,22.040961121695613,769300,-0.01189485617611541,-1.0,0.007297533371044916,0.03366518122020956,0,7
2011-07-12,22.26755142211914,22.361957347673155,21.902508454113896,21.92139155994748,2489100,0.014044750095414615,1.0,0.00783380216762574,0.02376735506709937,1,7
2011-07-13,22.13536834716797,22.38712215938673,22.116487651567365,22.33677283748435,1010600,-0.005936129772215137,-1.0,0.008141147003344942,0.04427442105012713,2,7
2011-07-14,21.91508674621582,22.24236575942204,21.889910883453243,22.19830920003874,907800,-0.009951566989863658,-1.0,0.008327182264759259,0.03685124362561121,3,7
2011-07-15,22.00320243835449,22.009497605232596,21.820681013332763,21.93397000811158,1220600,0.004020777702551603,0.0,0.008680462295558591,0.02201348936973413,4,7
2011-07-18,21.581514358520508,21.971730616714872,21.53745780038093,21.959142685688946,2012100,-0.0191648502537487,-2.0,0.008587989391983313,0.03126851046795176,0,7
2011-07-19,21.74514579772949,21.78920234196572,21.44933791512933,21.61926892809673,1487900,0.007582018411250946,1.0,0.009408854268029605,0.0005836406068482347,1,7
2011-07-20,21.89620590209961,21.91508659859315,21.74515312744409,21.83956141171659,982400,0.006946842563175348,1.0,0.009074786730359094,-0.005183279058160073,2,7
2011-07-21,22.210901260375977,22.267545761670643,21.97173532147595,22.00949912264002,1661900,0.014372140985676074,1.0,0.008954419915712409,-0.007701175545398731,3,7
2011-07-22,22.242366790771484,22.254954722736457,22.091314008094333,22.248659556302705,1146900,0.0014166705811098357,0.0,0.009470194297135399,0.0022718914201844687,4,7
2011-07-25,22.07872772216797,22.19201430417444,22.047256692880257,22.085020487484044,1584900,-0.007357088845032944,-1.0,0.009096708758499073,0.015225590141902945,0,7
2011-07-26,21.996915817260746,22.129085547790336,21.952859240417546,22.12279278005704,925400,-0.0037054628299564296,-0.0,0.009116706622075707,0.014752716303378266,1,7
2011-07-27,21.93396759033203,22.059844504088947,21.833266539506983,21.933967590332028,1583600,-0.002861684222081662,-0.0,0.00916188138141468,0.008949273539697877,2,7
2011-07-28,21.7199821472168,21.971736027932813,21.694808679867545,21.946560159680622,992100,-0.009755893102055602,-1.0,0.008861121749220779,-0.004854526042042506,3,7
2011-07-29,21.39900016784668,21.688515476253727,21.380119465399357,21.531169886784262,1752400,-0.014778187992721348,-1.0,0.00897683874911494,-0.020436887161554562,4,7
2011-08-01,21.56262588500977,21.63185828793848,21.40528038777241,21.61927036005128,1501200,0.007646418798993526,1.0,0.009471393821838526,-0.03381606192539588,0,8
2011-08-02,21.10318756103516,21.531167713260697,21.10318756103516,21.455642510192344,1368700,-0.0213071601958279,-2.0,0.00968314869073878,-0.025874539477969694,1,8
2011-08-03,20.80107688903809,21.078006535825875,20.6500265370648,20.99618619464748,2311900,-0.014315878637921275,-1.0,0.009825524147796898,-0.06131004037822996,2,8
2011-08-04,20.146522521972656,20.750731239355662,20.13393579071774,20.60597362608861,2823400,-0.031467330780858505,-3.0,0.010122595653043898,-0.07345124142141501,3,8
2011-08-05,20.291284561157227,20.423454255908304,19.825540645159457,20.38569045702112,4312600,0.0071854603704777364,1.0,0.011814886161441813,-0.09831012860027633,4,8
2011-08-08,19.17098426818848,20.37310436429989,19.12692769929195,19.838130370040435,3982100,-0.05521091035869119,-6.0,0.012103587098747476,-0.08823536973920487,0,8
2011-08-09,20.09617042541504,20.13393301487598,18.89405072359065,19.347205398475147,5129200,0.04825971083611891,5.0,0.01639159988643047,-0.13735476449527084,1,8
2011-08-10,19.65560531616211,20.222050242064043,19.598960823571915,19.77518826723599,3625100,-0.021922839024880125,-2.0,0.020269046856805976,-0.08483803492321751,2,8
2011-08-11,20.63114547729492,20.864018594317542,19.643015724108828,19.73742400408041,2217900,0.049631651910035934,5.0,0.020186061465701385,-0.11729830803769892,3,8
2011-08-12,20.41715812683105,20.88290202088096,20.31016430304678,20.744437165722385,1981500,-0.010372053781471546,-1.0,0.023523649685655106,-0.06795562857961213,4,8
2011-08-15,20.96471786499023,20.971010629368056,20.511562000920144,20.55561855427117,1993100,0.026818606916680032,3.0,0.023529966848200357,-0.06835148027161808,0,8
2011-08-16,20.80107688903809,20.89548515969793,20.561911030694645,20.712963783569997,2462500,-0.007805541529629201,-1.0,0.02438542593063159,-0.04719697399838685,1,8
2011-08-17,20.882905960083008,21.19130195814285,20.7696169482928,20.9080818295704,1800000,0.0039338862829760846,0.0,0.02411047176978615,-0.0361623126402294,2,8
2011-08-18,20.517866134643555,20.59339375444128,20.28499530919247,20.52416130341174,2244800,-0.017480317448980265,-2.0,0.024055021127339045,-0.039652060541093825,3,8
2011-08-19,20.278696060180664,20.605975105327584,20.24722502820483,20.28498882603424,1962100,-0.011656673890617752,-1.0,0.024208638551473406,-0.06294879458198221,4,8
2011-08-22,20.272403717041016,20.612270742135696,20.171702643039215,20.587094873409495,1672100,-0.00031029328123344246,-0.0,0.02394971429319064,-0.08699355228967443,0,8
2011-08-23,20.845134735107425,20.85772266536989,20.14022744672468,20.35421745938221,3280500,0.028251756726064503,3.0,0.023932954488908694,-0.08856805088511621,1,8
2011-08-24,21.56262588500977,21.63185828793848,20.77589839882301,20.83254287386453,2478900,0.03442007734754249,3.0,0.024933766562518094,-0.055872467045370744,2,8
2011-08-25,21.33605575561523,21.66333235944453,21.216471611040728,21.650746829291556,2302900,-0.010507538859265253,-1.0,0.02619316564126554,-0.0197432192703213,3,8
2011-08-26,21.46822929382324,21.537461726635662,20.74443873375147,21.210182663005988,2059300,0.006194844057492821,1.0,0.02627882876459713,-0.027259629716073097,4,8
2011-08-29,21.826976776123047,21.908797141453288,21.625574646773806,21.69480707890688,1293100,0.01671062281801805,2.0,0.026243219199843924,-0.011590840714655992,0,8
2011-08-30,21.88090133666992,21.995093428796327,21.696921020305965,21.77939537248517,1458200,0.0024705464755825357,0.0,0.02626988441769987,0.01999984134396282,1,8
2011-08-31,22.01413345336914,22.115639445184875,21.88725035857604,22.00778796757793,1399600,0.006088968395280059,1.0,0.026231332891951408,0.014760514482673237,2,8
2011-09-01,21.79207420349121,22.141003107376974,21.76669953601138,22.141003107376974,1858200,-0.010087122000432158,-1.0,0.025741839426179206,0.043166270010126295,3,9
2011-09-02,21.39240264892578,21.773049401075333,21.39240264892578,21.46218845150824,2113900,-0.018340225479839822,-2.0,0.02562137718433029,0.04764163508166086,4,9
2011-09-06,21.227445602416992,21.24013414517905,20.76432468201619,20.960993464689988,1295000,-0.007711010736658475,-1.0,0.02490042373019784,0.0618409517371703,1,9
2011-09-07,21.44315528869629,21.462189321140137,21.309929162055028,21.373369483286165,1345600,0.01016182965767376,1.0,0.024991904401642142,0.04613611516009297,2,9
2011-09-08,21.455841064453125,21.7222957033977,21.29089479851053,21.32261495502724,1365900,0.000591600237280554,0.0,0.02124094246075193,0.11852135439275036,3,9
2011-09-09,20.99906539916992,21.284551679721567,20.86583927494352,21.240142971646097,1562000,-0.021289105559230137,-2.0,0.01886361529839582,0.06765819607692758,4,9
2011-09-12,21.144983291625977,21.16401490435186,20.757991032245197,20.80874280621194,1371300,0.006948780323424497,1.0,0.01882172448666131,0.06834997250901909,0,9
2011-09-13,21.373367309570312,21.41143295049352,21.030786221633008,21.1893894286737,1208100,0.010800860648340294,1.0,0.015599309569898207,0.02490592754030785,1,9
2011-09-14,21.58272361755371,21.785735518734228,21.214763034106053,21.43680896483601,1130100,0.009795195345267738,1.0,0.015491921424033194,0.04683360812505377,2,9
2011-09-15,21.86186981201172,21.950687238348632,21.67788947454619,21.754020771486427,1098500,0.012933779786299615,1.0,0.014562029171535614,0.02947837202214454,3,9
2011-09-16,21.85553359985352,22.14736306934396,21.76671614566896,21.95703960750646,1840600,-0.0002898293793113238,-0.0,0.014603663949720505,0.05099701946357671,4,9
2011-09-19,21.899932861328125,21.988750277123906,21.53197223006781,21.601758033933944,1557800,0.0020314883309415777,0.0,0.01461161266860015,0.046575301427380644,0,9
2011-09-20,22.083911895751957,22.394772833002467,21.90627465437301,21.969717390612967,1426500,0.008400894906335887,1.0,0.013895660419380064,0.06735918431356791,1,9
2011-09-21,21.728639602661133,22.28692357518764,21.7159510555477,22.058534567331662,1703500,-0.016087380477150193,-2.0,0.013507298679606745,0.0890203112771153,2,9
2011-09-22,21.240144729614254,21.360682315782256,20.935626811853044,21.246490214203423,2840000,-0.022481613298379388,-2.0,0.014189645905182121,0.0718334098879454,3,9
2011-09-23,21.57638168334961,21.614447328617,21.18304636262585,21.24014362048036,1552300,0.015830257185891705,2.0,0.01406597637493425,0.018949745325538725,4,9
2011-09-26,21.62079429626465,21.754020433701356,21.487565738734624,21.72864333511532,2108700,0.0020583902142086163,0.0,0.012335274497601896,0.0006379463435111088,0,9
2011-09-27,21.88724708557129,22.172733401140896,21.82380675770844,21.95703289827646,1556800,0.01232391306514935,1.0,0.01209730834283792,0.013345416037098712,1,9
2011-09-28,21.398744583129883,22.03315741661761,21.39240151963588,21.89358581882058,2039100,-0.02231904727586509,-2.0,0.012308558096291573,0.019518041567993194,2,9
2011-09-29,21.639827728271484,21.741333711050537,21.398750111636165,21.677890959255176,1971800,0.011266228455834915,1.0,0.012755215122926987,-0.019619400221363437,3,9
2011-09-30,21.34799194335937,21.83648767552015,21.34799194335937,21.493906598693385,2150000,-0.013486049361235986,-1.0,0.013012052676653693,-0.011017535552542479,4,9
2011-10-03,20.339279174804688,21.44315630514866,20.339279174804688,21.34165033431136,3653000,-0.04725094384666284,-5.0,0.013219960888371582,-0.030259719803225726,0,10
2011-10-04,19.83808898925781,20.22507998306509,19.53991419217196,20.10454241960772,5400000,-0.024641492023361855,-2.0,0.016519716217619537,-0.06666621153730179,1,10
2011-10-05,19.72389411926269,19.920561749152256,19.65410832379856,19.920561749152256,5022700,-0.005756344275749226,-1.0,0.016863116274436936,-0.07265727394795563,2,10
2011-10-06,20.263145446777344,20.269489720069316,19.685829887718576,19.742927137299898,3378100,0.027340003158301762,3.0,0.016843794170858597,-0.07083054227603836,3,10
2011-10-07,20.332931518554688,20.59938617610073,20.218738221094736,20.364651677285817,2482000,0.0034439900735372397,0.0,0.01791605503089077,-0.05502967385312851,4,10
2011-10-10,20.910245895385746,20.910245895385746,20.561319329588947,20.57400787635701,1911900,0.028393071422299965,3.0,0.017951738290410347,-0.05233584376977951,0,10
2011-10-11,20.497875213623047,20.82142462586747,20.447121035965356,20.7833589926242,1870500,-0.019720986727071232,-2.0,0.01860014342007468,-0.004229688421642064,1,10
2011-10-12,20.650135040283203,20.80873823171409,20.38368284032378,20.51690894030349,2058800,0.007428078523912696,1.0,0.019005490958212242,-0.030603385638956926,2,10
2011-10-13,20.897560119628903,20.92928270080189,20.42175044315207,20.55497899183639,1491300,0.011981765681581935,1.0,0.01891209060659006,-0.033838012457834354,3,10
2011-10-14,21.132295608520508,21.15132722202577,20.84680930547516,21.00541253826777,1596000,0.011232674414996424,1.0,0.0189830768469061,-0.03174592373353424,4,10
2011-10-17,20.859498977661133,21.183048525138098,20.83412187822553,21.119608196642503,1578500,-0.012908991806331871,-1.0,0.0189225564678427,-0.033371994699664564,0,10
2011-10-18,21.144983291625977,21.252832323863544,20.71358232248935,20.89121716151272,1698300,0.013686058053003824,1.0,0.019083787754853115,-0.04557356687914782,1,10
2011-10-19,21.164012908935547,21.36067934214241,21.06250695047921,21.144981298004037,1374300,0.0008999589664895336,0.0,0.019375466522512385,-0.03447268877409537,2,10
2011-10-20,21.17036247253418,21.32262266701396,20.967350493290272,21.24014829416684,1536300,0.00030001699705795026,0.0,0.019252782886441226,-0.04165471186259173,3,10
2011-10-21,21.41777801513672,21.51928398032341,21.240143181083287,21.41143495110329,1715700,0.011686882684390998,1.0,0.018976824477478466,-0.025693146940436118,4,10
2011-10-24,21.557344436645508,21.620787162176764,21.35433255513054,21.48755864860739,1219900,0.0065163819239395515,1.0,0.018507828376279088,0.008363092049688214,0,10
2011-10-25,21.202077865600582,21.608104152740857,21.189391737336862,21.41777834748101,1270600,-0.016480071192860102,-2.0,0.01823319146456371,-0.0008823187772393215,1,10
2011-10-26,21.5192928314209,21.563703978294107,21.189400123945852,21.45585248462049,1990000,0.014961503671061527,1.0,0.018580020150544913,-0.01936637594930568,2,10
2011-10-27,22.16004180908203,22.30595647920791,21.88090101667943,22.05853584638172,2469000,0.029775559200791113,3.0,0.018681561690391035,-0.016811353785691763,3,10
2011-10-28,21.9379940032959,22.12197186107814,21.77304533344517,22.12197186107814,1664700,-0.010020188937329921,-1.0,0.019112621861647448,0.03557672381174792,4,10
2011-10-31,21.931650161743164,22.14100754604507,21.709606651204258,21.81111260174958,1518900,-0.0002891714507616827,-0.0,0.019152199845647044,0.013778588201738495,0,10
2011-11-01,21.30992126464844,21.84282799381264,21.252824028663262,21.519276183199253,2934300,-0.028348477771145797,-3.0,0.018873535673119352,0.027340192929262708,1,11
2011-11-02,21.709606170654297,21.92530661330009,21.52562588308438,21.563691521231064,2203700,0.01875581336233756,2.0,0.016767721811058754,0.04772254127108577,2,11
2011-11-03,22.05854225158692,22.15370275794816,21.69692700320793,21.83649622988984,1975100,0.016072888572446598,2.0,0.01592720872827433,0.09433958998822423,3,11
2011-11-04,21.988752365112305,22.02047252803813,21.68423444485646,21.830149130389888,1340700,-0.003163848529908919,-0.0,0.0159419894960851,0.11836649082617878,4,11
2011-11-07,21.830141067504883,22.16637902649825,21.430460385998902,21.950678610140216,1564800,-0.007213292276603944,-1.0,0.015222358292208478,0.08515987425878158,0,11
2011-11-08,21.836498260498047,21.87456391863857,21.53198025565573,21.83015519418828,2025100,0.00029121172298007814,0.0,0.015418544195813991,0.07363471162945334,1,11
2011-11-09,21.38605690002441,21.557348662397263,21.2782078756191,21.50025140827298,3169000,-0.02062791181535184,-2.0,0.014331395736564324,0.04429657928205888,2,11
2011-11-10,21.7413272857666,21.79842453546153,21.493906677119515,21.60175569315837,2950900,0.01661224354742008,2.0,0.014401835799183844,0.04333042703914369,3,11
2011-11-11,22.255207061767575,22.43918497480669,22.06488124399291,22.261550126316525,2163600,0.023636081148430854,2.0,0.014707269579756974,0.05284189393215866,4,11
2011-11-14,21.85553359985352,22.255214563778157,21.760370658887705,22.217148903373005,1257000,-0.017958649443467034,-2.0,0.015289019940052662,0.06496676809956603,0,11
2011-11-15,22.134660720825195,22.19810344862751,21.90627174092209,22.102940566970343,2022400,0.01277146218811831,1.0,0.01583129271891655,0.03422429842602637,1,11
2011-11-16,21.77305030822754,22.08391369083947,21.74133014757566,21.963373692231947,1929000,-0.01633684008797287,-2.0,0.015635158132005007,0.06113098615310264,2,11
2011-11-17,21.52563095092773,21.925311775241497,21.474876754782947,21.747674508828005,2325000,-0.011363559712453952,-1.0,0.015972970058620407,0.029702885452280947,3,11
2011-11-18,21.88724708557129,21.944344348685213,21.66520351795792,21.690578197047035,2528000,0.016799327994981406,2.0,0.01621891468766873,0.017086459148751842,4,11
2011-11-21,21.43680953979492,21.684230149738973,21.17670038317517,21.671541603063275,2194900,-0.020579908657097024,-2.0,0.016582315706485266,0.03386265180708059,0,11
2011-11-22,21.32261276245117,21.4812159488186,21.11960087750828,21.449495795563625,2237600,-0.005327134951297552,-1.0,0.017099271338713373,0.0008885853912925512,1,11
2011-11-23,20.90390396118164,21.151324586291302,20.846806707687644,21.138636038837863,1680400,-0.019636843098650103,-2.0,0.017075179937020554,-0.010888710104539512,2,11
2011-11-25,21.049823760986328,21.12595264418248,20.859500342949172,20.87853195872482,693100,0.0069805046978621554,1.0,0.017237109175271027,-0.014063428420037827,4,11
2011-11-28,21.18939018249512,21.601757083415315,21.08788422318167,21.49390806043545,1304100,0.0066302893123249,1.0,0.016964228667160377,-0.021816194152490254,0,11
2011-11-29,21.379714965820312,21.519284156536703,21.2464888391893,21.271863515623927,852500,0.008982079318281766,1.0,0.015564880237630287,-0.04380188606815261,1,11
2011-11-30,21.957029342651367,21.995092565167937,21.69057468457044,21.969717890187884,1825300,0.027002903348056995,3.0,0.01562845142082469,-0.025448044036829987,2,11
2011-12-01,22.10929107666016,22.204453990370546,21.87455895495954,21.96972186866993,1603900,0.0069345325195255825,1.0,0.016791622560879325,0.0011571943160242348,3,12
2011-12-02,21.78573608398437,22.20444844354465,21.734981897326005,22.160039740264985,1742300,-0.01463434497080518,-1.0,0.015509633199543394,0.03751162672467556,4,12
2011-12-05,21.86186981201172,22.0966043474374,21.754020771486427,22.07757031315566,1282300,0.0034946594291720423,0.0,0.015403115003779047,0.00350673857147088,0,12
2011-12-06,21.811111450195312,21.98874624924791,21.75401420477231,21.925305941041305,1615100,-0.002321775870631093,-0.0,0.01499748860958399,-0.008915930950108564,1,12
2011-12-07,21.703264236450195,21.77939552519237,21.55100649915204,21.703264236450195,1587300,-0.0049445996363541855,-0.0,0.014990627269325034,-0.008078717335451957,2,12
2011-12-08,21.26552391052246,21.684236390964347,21.214769709211435,21.671547840636592,1692500,-0.020169331265504242,-2.0,0.014946266631651441,-0.005812002344022793,3,12
2011-12-09,21.76036071777344,21.817457972249496,21.32895977730831,21.4050910633384,1632100,0.023269438803063203,2.0,0.015568545403012684,-0.026147706613219746,4,12
2011-12-12,21.7222957611084,21.766704464368345,21.50659530809175,21.65885302781361,1519900,-0.0017492796722782256,-0.0,0.015767627690292697,0.017502236129774973,0,12
2011-12-13,21.98240852355957,22.2552062712471,21.77305109948128,21.842836907507376,2612500,0.011974460034600787,1.0,0.015359192563726868,-0.000875361674476216,1,12
2011-12-14,21.754018783569336,22.04584813489232,21.728641686908254,21.988750877451466,1785300,-0.010389659520041117,-1.0,0.014659444130012056,-0.012257739838181347,2,12
2011-12-15,22.001436233520508,22.12831927832288,21.88724173520765,21.937995921165715,1206400,0.011373413455818326,1.0,0.014296905433891187,-0.004644810698415713,3,12
2011-12-16,22.039506912231445,22.29961612450745,21.906278353675763,22.090258689700903,2523500,0.0017303724314567948,0.0,0.014236982328857227,-0.006018817680785382,4,12
2011-12-19,21.893592834472656,22.32499389309126,21.86187266665234,22.06488464481478,1168400,-0.00662056906898445,-1.0,0.013750079961289368,0.012237908801561836,0,12
2011-12-20,22.083911895751957,22.204449464468468,21.88724304354749,22.153695275476505,1744400,0.0086929113333849,1.0,0.013580454908810501,0.01709412766500429,1,12
2011-12-21,22.312294006347656,22.363048185149815,21.982401524503395,22.096596006715817,2426700,0.010341560484111056,1.0,0.013216104520626328,0.008985360717671753,2,12
2011-12-22,22.3947696685791,22.445523850399404,22.05853168434367,22.420146759489253,1603200,0.0036964223493998194,0.0,0.012449309265549852,0.040840240938256445,3,12
2011-12-23,22.65488052368164,22.705634709363142,22.483588777145723,22.4899342604023,903600,0.011614803766769155,1.0,0.01233967520380382,0.0502826233385425,4,12
2011-12-27,22.920204162597656,22.939385909013897,22.61332304755516,22.70282973458327,666800,0.011711544390563766,1.0,0.01139611366994805,0.08376313657733725,1,12
2011-12-28,22.9138126373291,23.23987307078924,22.888238600503964,22.984140019161035,1476500,-0.00027885987503484255,-0.0,0.01150629840112075,0.08885491977742288,2,12
2011-12-29,23.16954231262207,23.20790091935795,22.964952508244355,22.9905265386508,1045400,0.01116050302673588,1.0,0.01152982871666556,0.08138141022380863,3,12
2011-12-30,23.06085777282715,23.27183990077589,23.05446548358969,23.163151472745703,955800,-0.0046908367169476994,-0.0,0.01158847405097101,0.08371614634073232,4,12
2012-01-03,22.824312210083008,23.348567914476995,22.728410765111523,23.31020684871339,1301100,-0.010257448576907024,-1.0,0.010435629010418715,0.050272211825650004,1,1
2012-01-04,22.421525955200195,22.811521525109026,22.38955962496784,22.74119413527305,2760400,-0.017647246110876202,-2.0,0.010731464334257724,0.03234030123099085,2,1
2012-01-05,22.40873336791992,22.466273723592217,22.19775368970421,22.447094417992805,1954700,-0.0005705493598355815,-0.0,0.010976305392314107,0.02918376816669599,3,1
2012-01-06,22.376771926879883,22.48545793415064,22.15939747346378,22.440704585406845,2511000,-0.0014262939593806534,-0.0,0.01097388429947034,0.025014491468965394,4,1
2012-01-09,22.063501358032227,22.26809128009249,21.973994638998143,22.02514272923201,1824400,-0.01399981060142741,-1.0,0.010961106713305606,0.02593450948046505,0,1
2012-01-10,22.037931442260746,22.408745369399657,22.018749687514077,22.408745369399657,1304300,-0.001158923751790275,-0.0,0.01138790690925881,0.0165982922042216,1,1
2012-01-11,21.8908748626709,22.09546227307092,21.85890609821052,21.98677383942911,1121400,-0.006672884883734853,-1.0,0.010341314122710098,0.03632205512491926,2,1
2012-01-12,21.90365600585937,21.986770390444757,21.75021669156598,21.954804069873123,1054600,0.0005838571216845168,0.0,0.009230644061319931,0.00599779326226213,3,1
2012-01-13,21.884483337402344,21.884483337402344,21.68628818756052,21.820550676872557,910500,-0.000875318186694396,-0.0,0.009218457120276415,0.008349036710736613,4,1
2012-01-17,21.871694564819336,22.108250755347253,21.76300856285338,22.005954604497685,866500,-0.0005843762626623894,-0.0,0.008832703435174696,-0.004454706864913116,1,1
2012-01-18,21.81416130065918,21.865309392734417,21.66711419425577,21.852522369715604,1258500,-0.002630489557617466,-0.0,0.00851936187668826,0.005409381246782807,2,1
2012-01-19,21.43694496154785,21.833335216196296,21.404978634914755,21.788581871135083,1520800,-0.01729226871994982,-2.0,0.008148565036463282,-0.008511941260271105,3,1
2012-01-20,21.96759796142578,21.96759796142578,21.40498127555306,21.449734626135296,1771700,0.024754133615110696,2.0,0.008923284556588777,-0.027340083109989366,4,1
2012-01-23,22.012359619140625,22.133832696723847,21.85891776004153,21.897278834535207,1692800,0.002037621855309091,0.0,0.0104760494816664,0.0033802184736257956,0,1
2012-01-24,22.08906555175781,22.140213619180404,21.87808587082485,21.92923149937335,2124800,0.0034846756069932816,0.0,0.010305973485334529,-0.003240018206425388,1,1
2012-01-25,22.319236755371097,22.37038484520144,21.87170072485621,22.031534847263305,1837100,0.010420142177312242,1.0,0.010064271429742483,-0.010004728986017342,2,1
2012-01-26,22.54939079284668,22.555783082514917,22.287263016710853,22.408736031402068,1529500,0.010311913440328446,1.0,0.010306173275266445,-0.0033727925906726908,3,1
2012-01-27,22.20415306091309,22.504641951810324,22.101859333631555,22.504641951810324,1431000,-0.015310290867951548,-2.0,0.010235740270654086,-0.004656379923288045,4,1
2012-01-30,22.08267974853516,22.191365765418528,21.94202496068627,22.121038371494084,1302700,-0.0054707473887740665,-1.0,0.010364756150024116,-0.03124104377975201,0,1
2012-01-31,22.216938018798828,22.25529907754557,22.03792462239658,22.20415099921658,1500500,0.006079799725057011,1.0,0.010397065278915917,-0.03627213427764242,1,1
2012-02-01,22.479061126708984,22.562175517191974,22.223325666241664,22.280866022903105,1398300,0.011798345374522956,1.0,0.010138583996915532,-0.0411145063191124,2,2
2012-02-02,22.447097778320312,22.690046254069813,22.39594970389961,22.51103043247177,1151300,-0.001421916520823685,-0.0,0.010545901583932902,-0.025228751326141108,3,2
2012-02-03,22.56856346130371,22.683644152471224,22.40233715121376,22.587745202414048,897400,0.005411197660514899,1.0,0.010339158687452842,-0.016526869606877104,4,2
2012-02-06,22.54939079284668,22.619718173568987,22.440702357491933,22.49185043033519,656400,-0.0008495298555402098,-0.0,0.00965592779061751,0.0065578723944708095,0,2
2012-02-07,22.690046310424805,22.77315827325324,22.3511964137321,22.472671871345767,889800,0.006237663751995637,1.0,0.009657457519557301,0.006276902072837487,1,2
2012-02-08,22.773164749145508,22.779559479719627,22.51743162030853,22.68365803210881,917700,0.0036632115062062987,0.0,0.009731802886910218,0.013999981077190249,2,2
2012-02-09,22.67087173461914,22.805131814466456,22.58775974549949,22.792347230659743,979400,-0.0044918225311747495,-0.0,0.00914259976277027,0.03216458619134488,3,2
2012-02-10,22.504642486572266,22.658081861703213,22.45349440227869,22.574969883038488,1262100,-0.007332283027874809,-1.0,0.009220542681331675,0.028720494662427543,4,2
2012-02-13,22.370386123657227,22.67087263252009,22.325630323060327,22.59415293226525,1245600,-0.005965718539858833,-1.0,0.009250446220275944,0.02803760140934264,0,2
2012-02-14,22.31283569335937,22.34480201750117,22.16578621233357,22.33840728934829,1086300,-0.002572616761272406,-0.0,0.00938726102911814,0.02130832029470331,1,2
2012-02-15,22.709226608276367,22.728405917630106,22.197758034888857,22.319231058920096,3929400,0.01776515187780303,2.0,0.009411908462825275,0.019573336475572134,2,2
2012-02-16,23.11840438842773,23.25266444861924,22.87545587078964,23.0480769934108,2290900,0.018018129248058123,2.0,0.010088287824212741,0.0382929654112949,3,2
2012-02-17,23.08004379272461,23.310205294207165,22.92020968768116,23.201519273437565,1452400,-0.00165930983205409,-0.0,0.010622950833277139,0.05978882569870514,4,2
2012-02-21,23.00971794128418,23.17594433096689,22.97774917041749,23.16315731039517,1411000,-0.0030470415078933666,-0.0,0.00964568137638852,0.07664799411128964,1,2
2012-02-22,22.97774887084961,23.22709211043512,22.83709652414406,23.054470993279654,1366700,-0.0013893725475535579,-0.0,0.008422681489860865,0.04743895903813966,2,2
2012-02-23,22.84988021850586,23.003319563281693,22.77315810724353,22.93938690943749,1244000,-0.005564890323349725,-1.0,0.008459979712556258,0.04385669089603361,3,2
2012-02-24,22.926607131958008,23.06726194148848,22.78595232242753,22.990539805994487,3051600,0.003357869394431612,0.0,0.008613931341644907,0.03444304445406954,4,2
2012-02-27,22.80512809753418,23.04168432028131,22.67726276930577,22.875455491384688,2790200,-0.005298604966911813,-1.0,0.008389306324796496,0.02721286499372555,0,2
2012-02-28,22.80125617980957,22.91084789304584,22.678773638327268,22.878615904144507,1861000,-0.00016978276587831242,-0.0,0.008242360306878416,0.01134120682181039,1,2
2012-02-29,23.14292907714844,23.36855552615724,22.820604173339373,22.872174879194016,2817600,0.01498482779389243,1.0,0.007403364707846646,0.02689150616366387,2,2
2012-03-01,23.23318099975586,23.39434346097645,23.09780512252512,23.16871453978122,2241500,0.0038997623121324043,0.0,0.007804154199484345,0.04801271135056018,3,3
2012-03-02,23.25896453857422,23.32987394654653,23.052674352807845,23.213836792928305,1443600,0.0011097722183901482,0.0,0.007765267110770503,0.04574181104962083,4,3
2012-03-05,23.53616714477539,23.561953731383923,23.17516476883293,23.194503479217207,1954200,0.011918097460505539,1.0,0.007445689976223094,0.034694661288080964,0,3
2012-03-06,23.14937210083008,23.51037684108,23.07846023585745,23.45880368141132,1371700,-0.016434071085833946,-2.0,0.00773383786876084,0.0485171569710412,1,3
2012-03-07,23.36210823059082,23.40723351676219,23.02689006250089,23.162265921015,1092600,0.009189714901732149,1.0,0.008701245691553785,0.02573529504978156,2,3
2012-03-08,23.645753860473636,23.658647151025484,23.40078625827593,23.48459141729109,1443600,0.01214126854833264,1.0,0.008854752076503188,0.036041658296239065,3,3
2012-03-09,23.74889755249023,23.80691612997844,23.529716532995213,23.63930581317087,1085400,0.00436203864022322,0.0,0.00909563386342949,0.04212012337805304,4,3
2012-03-12,23.92294692993164,23.968072204974728,23.665086107562814,23.768229944681732,1272400,0.007328735031035594,1.0,0.009103275968762765,0.042845727157062585,0,3
2012-03-13,24.206600189208984,24.219493480674316,23.910061862938075,24.038992318447484,2050100,0.011856953079741439,1.0,0.009044518607947102,0.05522836571831258,1,3
2012-03-14,23.684425354003903,24.26460846874092,23.613513510624937,24.200144497928868,1432300,-0.02157158919978619,-2.0,0.008959621915950263,0.07562696024396831,2,3
2012-03-15,23.66509246826172,23.80046832977727,23.478143444753357,23.671540343082675,1215000,-0.0008162699940243989,-0.0,0.010328058350514492,0.05874012290548025,3,3
2012-03-16,23.484588623046875,23.63930317297337,23.400783474003017,23.54260719405517,2143200,-0.007627430379024469,-1.0,0.01028964883886421,0.06060443385529868,4,3
2012-03-19,23.433013916015625,23.60706961752029,23.41367521334064,23.497480356837688,1075700,-0.002196108599519464,-0.0,0.009935960030459427,0.03414303922124451,0,3
2012-03-20,23.549055099487305,23.60707367663151,23.329874081291813,23.362108536817026,1137600,0.0049520383458812045,0.0,0.009224335329815647,0.01360861771867694,1,3
2012-03-21,23.44590950012207,23.600626514102427,23.34276564384967,23.523269236684005,872000,-0.004380031340088908,-0.0,0.009253118978556638,0.02032107525335536,2,3
2012-03-22,23.45235252380371,23.497477797893243,23.25895814068528,23.34276081591269,1404000,0.00027480374270005825,0.0,0.009286775566553525,0.018956840755326,3,3
2012-03-23,23.684425354003903,23.74244391139189,23.407225853054957,23.471689823867003,1662900,0.00989550323212307,1.0,0.00927303197037252,0.020654923840524697,4,3
2012-03-26,23.942285537719727,23.97451752560461,23.774677725232504,23.806909713117385,1598900,0.010887331225548635,1.0,0.009338002032029228,0.036522954497685056,0,3
2012-03-27,23.968074798583984,24.05187994379395,23.88426965337402,24.01964549315243,1858100,0.0010771428159450647,0.0,0.00954502970816863,0.044301295866231216,1,3
2012-03-28,23.7811279296875,23.974522355097747,23.66509078261264,23.89716507676236,2220400,-0.007799828332792469,-1.0,0.009397865007893037,0.05099496464462083,2,3
2012-03-29,23.987409591674805,23.993857464409423,23.36210118927729,23.6715326836802,2031700,0.00867417485819888,1.0,0.009646924941355068,0.042974463430905274,3,3
2012-03-30,23.92939186096192,24.109895416634604,23.8584800132844,24.103447543676825,2162400,-0.002418674283738431,-0.0,0.009316486303218293,0.036489785355658055,4,3
2012-04-02,23.88426971435547,24.07121870832297,23.774680451153134,23.86493101123584,1666100,-0.0018856369969043607,-0.0,0.00934555728771098,0.029966230677296313,0,4
2012-04-03,24.071218490600582,24.09700506728907,23.768232362369147,23.884269498324027,2502600,0.00782727621488677,1.0,0.009373805895125592,0.026884480379347986,1,4
2012-04-04,23.87137794494629,23.993862963547127,23.723108806926287,23.897164523508938,3007600,-0.008302053580392155,-1.0,0.00918280762137375,0.022733155425604723,2,4
2012-04-05,23.7811279296875,23.98741564467757,23.60062679385707,23.871378497602716,3767500,-0.0037806789145951036,-0.0,0.008555995647079994,0.031189003354882283,3,4
2012-04-09,23.71667098999023,23.787582874183883,23.510383213687405,23.561953928190977,23617100,-0.0027104239919925055,-0.0,0.008440397585045606,0.017935868413964773,0,4
2012-04-10,23.14937210083008,23.529715546383947,22.968870960276924,23.45235826602454,4638700,-0.023919836363188618,-2.0,0.008063512142450598,0.00299914859703998,1,4
2012-04-11,23.02688789367676,23.362106030193637,22.820600187996128,23.349212741195664,3883300,-0.005291037986681624,-1.0,0.009553195637759276,-0.025244348725454224,2,4
2012-04-12,23.02688789367676,23.12358387244637,22.968869322757616,23.00754673060809,2812900,0.0,0.0,0.00938712949418887,-0.03745604748776821,3,4
2012-04-13,23.07846069335937,23.407233444905685,23.04622869749929,23.16871126542506,3145400,0.0022396773685067206,0.0,0.008868520555285175,-0.048735150178508935,4,4
2012-04-16,23.33633041381836,23.491045036180196,23.123594734140102,23.123594734140102,2289800,0.011173610055075667,1.0,0.007736500062495477,-0.02558494249226495,0,4
2012-04-17,23.407228469848636,23.445905873002637,23.155813053631988,23.426567171425635,1938400,0.0030380978831314742,0.0,0.00819541432926997,-0.013892278463913721,1,4
2012-04-18,23.32987403869629,23.47814318909552,23.226730174977536,23.30408991712437,1705400,-0.0033047240621413287,-0.0,0.008069857014517044,-0.003294081682244987,2,4
2012-04-19,23.15581703186035,23.368552622328384,23.104246332414,23.29764075883904,1884400,-0.007460692095775379,-1.0,0.008087683224000226,-0.004401477235877138,3,4
2012-04-20,23.50393486022949,23.50393486022949,23.162271198753977,23.162271198753977,2156900,0.015033709581059318,2.0,0.008147323827660572,-0.016698677121678385,4,4
2012-04-23,23.25896453857422,23.34921511157869,23.233177957960464,23.34921511157869,2092600,-0.010422523850241783,-1.0,0.008793031118081007,0.0024748607046836124,0,4
2012-04-24,23.4716911315918,23.491029832084298,23.246064762036,23.284742163021,2133300,0.009146004443352673,1.0,0.009090547301682449,-0.008245995152648677,1,4
2012-04-25,23.57483673095703,23.684428446618977,23.433013025680346,23.581284604365887,1836400,0.004394468161111886,0.0,0.009049671016800556,-0.00898203014142962,2,4
2012-04-26,23.65864372253418,23.716662292037885,23.433014859289383,23.51037459138991,1579400,0.0035549341246168265,0.0,0.008751087757179647,-0.015347273600250122,3,4
2012-04-27,23.73600006103516,23.81335733094685,23.62641080025553,23.723106772859328,1438900,0.003269686099009128,0.0,0.008792845705131705,-0.012910134779289262,4,4
2012-04-30,23.70377540588379,23.74890069889268,23.57484494336808,23.71666869804976,1605500,-0.001357627867732858,-0.0,0.008669423062541539,-0.0018976336524393345,0,4
2012-05-01,23.910058975219727,24.013202835341357,23.716664544884623,23.74245112470093,1766900,0.008702561756669835,1.0,0.008437694957824399,-0.011824294103413902,1,5
2012-05-02,23.87137794494629,23.897164523508938,23.69087681329472,23.806913957683157,1850000,-0.0016177722653685223,-0.0,0.008659464793697861,-0.0008079137929841718,2,5
2012-05-03,23.09134864807129,24.097002916888545,22.968866108446203,23.877821952882595,4820300,-0.03267634146105658,-3.0,0.008656749280776276,-0.000539759832030029,3,5
2012-05-04,23.246063232421875,23.387884458606543,23.078452975372496,23.078452975372496,2809200,0.006700110362047207,1.0,0.011018081539060661,-0.040707114303827896,4,5
2012-05-07,23.13647079467773,23.265401190034517,23.05266566882441,23.16870277873124,2037900,-0.004714451502966455,-0.0,0.011069731808030807,-0.02619516619302642,0,5
2012-05-08,23.355663299560547,23.3750020077446,22.968874381015688,23.0075517973838,2420200,0.009473895428045997,1.0,0.011082466544601183,-0.02710792931755779,1,5
2012-05-09,23.32343101501465,23.445913597259416,23.175161849409733,23.23318043239809,1535000,-0.0013800629051928803,-0.0,0.011318544848015897,-0.01522168480483832,2,5
2012-05-10,23.50393486022949,23.555508032830293,23.265415084811355,23.40079097417212,1388100,0.007739163466071508,1.0,0.009994693216013558,0.007518947530258391,3,5
2012-05-11,23.57483673095703,23.684428446618977,23.420122197148984,23.42656761141466,1283400,0.003016595780628739,0.0,0.01002781685338194,0.020716953535163896,4,5
2012-05-14,23.33633041381836,23.523279503388117,23.18161333231194,23.439474315107777,1553700,-0.010116987017156354,-1.0,0.010033999172949911,0.02379604399041435,0,5
2012-05-15,23.06556701660156,23.39433976263756,23.013996315918508,23.33632118740436,1949400,-0.01160265527678983,-1.0,0.010326127836897746,0.011173610055075667,1,5
2012-05-16,22.91730308532715,23.18805731773628,22.91730308532715,23.130038729301766,1791400,-0.006427933515256612,-1.0,0.010353968666653487,-0.01160265527678983,2,5
2012-05-17,22.6272029876709,22.968868993358605,22.6272029876709,22.968868993358605,1674500,-0.012658561811402125,-1.0,0.010398010344179804,-0.020930516620221495,3,5
2012-05-18,22.52406883239746,22.749697795039005,22.45960481972528,22.64655389927684,1654700,-0.0045579718946983094,-0.0,0.010699677625238812,-0.030118938913253457,4,5
2012-05-21,23.03333282470703,23.059119402161222,22.536952274858937,22.536952274858937,2405000,0.022609768958664844,2.0,0.010636030354994741,-0.027282483645196365,0,5
2012-05-22,23.368553161621097,23.41367844685688,23.07201487031637,23.07201487031637,2154200,0.014553705252523752,1.0,0.011322722041612162,-0.020022265987417853,1,5
2012-05-23,23.38143920898437,23.38143920898438,23.13002628079253,23.239615522663705,2835400,0.0005514268373463249,0.0,0.011581396794122801,0.0047116724764393325,2,5
2012-05-24,23.41368103027344,23.536163609550226,23.207393286678915,23.387894447538155,6017600,0.0013789493880547177,0.0,0.011403211805408646,-0.003845139325557745,3,5
2012-05-25,23.43946647644043,23.523271636694496,23.355661316186364,23.394341188413723,5529900,0.0011012982594940102,0.0,0.01136241896003717,-0.006835920117825078,4,5
2012-05-29,23.690874099731445,23.72955396314501,23.40722914546159,23.529711690889737,6587200,0.010725825331549643,1.0,0.011333756556603472,-0.00926415092362165,1,5
2012-05-30,23.39348602294922,23.75788921576789,23.34142700551193,23.57568761935855,1378600,-0.01255285370773207,-1.0,0.0115682240336102,-0.0019011611555307395,2,5
2012-05-31,23.432537078857425,23.6602916468302,23.217799752707077,23.41952480165812,2277500,0.0016693132383047704,0.0,0.011886220882979014,-0.013090293745255055,3,5
2012-06-01,23.69933319091797,23.73187133050474,23.146219570304325,23.23081426506917,3351700,0.011385711720531821,1.0,0.011709972965807464,-0.01997159006831406,4,6
2012-06-04,23.569196701049805,23.744892274874577,23.523646272537327,23.61474712956228,2684000,-0.005491145629280214,-1.0,0.012009785943121064,-0.00720715638724756,0,6
2012-06-05,23.56267738342285,23.69282246966235,23.51712697558569,23.5431564892958,1828600,-0.00027660330174350545,-0.0,0.00955742262328412,0.020693813092568236,1,6
2012-06-06,24.07675552368164,24.07675552368164,23.751393962550807,23.901059982793583,1760700,0.021817475658367336,2.0,0.009470942491023709,0.013620119150299148,2,6
2012-06-07,24.141830444335938,24.3695850604898,24.057238213087327,24.07675911532745,1549200,0.0027028110407272266,0.0,0.010434981316241173,0.040640802019822786,3,6
2012-06-08,24.33052444458008,24.356553951638936,23.985642164136653,24.096263845671174,1570700,0.007816060206338404,1.0,0.010294553396221859,0.03366066442609594,4,6
2012-06-11,24.284984588623047,24.61034612114191,24.27196982944491,24.382594041303303,1658900,-0.0018717169891164787,-0.0,0.01035561151906591,0.04317947170453218,0,6
2012-06-12,24.33704376220703,24.356564659928267,24.024694504798152,24.29149334598313,1782200,0.0021436774396130787,0.0,0.010304595379928052,0.033230594495696764,1,6
2012-06-13,24.454177856445312,24.616858648521788,24.16135193424528,24.23293187992883,1826500,0.0048129959983134185,0.0,0.010300389840215241,0.03233138112253031,2,6
2012-06-14,24.792556762695312,24.87064534604093,24.41513853910774,24.41513853910774,1657000,0.013837263646171438,1.0,0.009963376912628098,0.04790159475823286,3,6
2012-06-15,25.039819717407227,25.09838488430299,24.746993882928415,25.00728406520095,2070600,0.009973273715922826,1.0,0.009735305429050337,0.07487306706359065,4,6
2012-06-18,25.18949317932129,25.209016562288262,24.922696780350236,24.948726302764943,1491400,0.005977417713195932,1.0,0.009556184886129953,0.0926163355337839,0,6
2012-06-19,25.0983829498291,25.345658355697985,25.039817787447287,25.228528030934356,1951200,-0.0036169933568565016,-0.0,0.008735597091579037,0.11323936913663313,1,6
2012-06-20,24.74700355529785,25.117915596504982,24.53226618095736,25.117915596504982,2566900,-0.014000081010543508,-1.0,0.008685540800232412,0.11429169998490152,2,6
2012-06-21,24.44766616821289,24.94221710418883,24.421636648990667,24.838099027299936,1666500,-0.012095904314883388,-1.0,0.008690968599773795,0.0743995992083537,3,6
2012-06-22,24.57131004333496,24.67542566919312,24.389108318661275,24.53877437568785,2600800,0.005057491961454996,1.0,0.008932242503829062,0.046177998232430406,4,6
2012-06-25,24.460681915283203,24.53226185487816,24.337045417453893,24.37608721555174,1155000,-0.004502329255405946,-0.0,0.008945028216665516,0.05088954634979781,0,6
2012-06-26,24.73398208618164,24.87714195179854,24.47369435506444,24.47369435506444,1671700,0.01117303973147532,1.0,0.009069939045060793,0.04471748306710133,1,6
2012-06-27,24.942216873168945,25.00728818831022,24.80556313967377,24.812071760574835,1314300,0.00841897541049974,1.0,0.00927705769630925,0.055228032218325396,2,6
2012-06-28,24.948728561401367,24.948728561401367,24.70145304069928,24.727482565470464,971300,0.0002610709491275287,0.0,0.009189321615906765,0.05281961181211492,3,6
2012-06-29,25.254566192626957,25.436767879186903,25.03332022367052,25.27408709266929,1510000,0.012258645985621763,1.0,0.008542912785151121,0.06648186323861438,4,6
2012-07-02,25.443279266357425,25.49533832029042,25.228541874664604,25.254571401631104,1180100,0.007472433788451527,1.0,0.00876364310768007,0.07775637386757839,0,7
2012-07-03,25.547388076782227,25.57341759680498,25.404230681280392,25.443272479002864,712600,0.004091800012683944,0.0,0.00863060116547272,0.0735862929724862,1,7
2012-07-05,25.222028732299805,25.55389893587494,25.17647830942665,25.4758128512798,1458100,-0.012735522845018887,-1.0,0.008385617616602338,0.08393121754736388,3,7
2012-07-06,25.176477432250977,25.209015575151177,24.98126098640873,25.05284092909031,950600,-0.0018060125350065626,-0.0,0.009104239703845456,0.07042286926376051,4,7
2012-07-09,25.09187889099121,25.189485848171003,24.90967476942884,25.189485848171003,1164600,-0.0033602215197665597,-0.0,0.008104474486706833,0.04567566869579509,0,7
2012-07-10,25.196001052856445,25.358681839649552,25.124421109497582,25.20250719211097,1591000,0.004149635916767425,0.0,0.008191711332994189,0.03935279260807545,1,7
2012-07-11,25.26757431030273,25.339151752410075,25.137429218842858,25.20250052341722,1160800,0.0028406594084569026,0.0,0.008097209460570473,0.03557163801576668,2,7
2012-07-12,25.43026733398437,25.49533866998081,25.117917970726893,25.176483166048627,1122400,0.00643880657809337,1.0,0.00805856660339667,0.04046079247421086,3,7
2012-07-13,25.950836181640625,26.009401356003128,25.45628526873249,25.45628526873249,1624600,0.020470443382267556,2.0,0.00811876900234953,0.044920146524739524,4,7
2012-07-16,25.755624771118164,25.98337689221216,25.69055096343992,25.84021699763197,1233800,-0.007522355316649354,-1.0,0.00904409230869356,0.061202561541067846,0,7
2012-07-17,26.048444747924805,26.08098288858582,25.690547541458187,25.89877873366828,1300300,0.011369166130072106,1.0,0.008949792852806329,0.038845046020907104,1,7
2012-07-18,26.1981143951416,26.1981143951416,25.80768147618324,25.96385613315376,1162700,0.005745818941022218,1.0,0.009018030468490186,0.04028084235033047,2,7
2012-07-19,26.34126663208008,26.44538221235268,26.10049981813305,26.17858588275969,1520800,0.00546421909528827,1.0,0.00901296181427713,0.04004134615333643,3,7
2012-07-20,26.1981143951416,26.32825952889837,26.06146312173737,26.13954920906665,1470700,-0.005434523667291691,-1.0,0.008952174601712923,0.04952046849932401,4,7
2012-07-23,25.885761260986328,26.06796539680851,25.729589124351723,26.00289160461796,1039000,-0.01192273342440242,-1.0,0.008344876309552288,0.058637840197549806,0,7
2012-07-24,25.592937469482425,25.87925470354697,25.443268991025228,25.840210428865355,1425900,-0.011312156847603783,-1.0,0.00832954358776594,0.0588234100907048,1,7
2012-07-25,25.690542221069336,25.88575861304896,25.547382375205764,25.75561600660328,666500,0.0038137377432072572,0.0,0.00885314549766447,0.04157806093145555,2,7
2012-07-26,26.06145477294922,26.289209304640387,25.931309680884432,25.95083305819641,908000,0.014437708191915366,1.0,0.008733925977496844,0.05027906867214971,3,7
2012-07-27,26.002899169921875,26.373811205231696,25.8922774144806,26.28271035197133,2897900,-0.0022468278742491243,-0.0,0.008925315628770159,0.05366999467138811,4,7
2012-07-30,26.399829864501957,26.58854011562499,26.00288846810904,26.022411844566943,1839300,0.015264863044164745,2.0,0.008876812122455162,0.042525582314775656,0,7
2012-07-31,25.950836181640625,26.360789919866686,25.527865202099044,26.308733366161945,3541900,-0.017007446076956034,-2.0,0.009320654123633447,0.05816333684216746,1,7
2012-08-01,25.443279266357425,26.26319198961589,25.443279266357425,25.716584334881016,3418600,-0.019558403117749257,-2.0,0.009989717190907639,0.02757006331856715,2,8
2012-08-02,25.54087829589844,25.54738443382055,25.130922102089084,25.332647130032708,2152200,0.003835945379496275,0.0,0.010863737664235191,0.0,3,8
2012-08-03,25.74910926818848,26.02241422277717,25.671023202153684,25.89877526238486,1375200,0.008152850887805263,1.0,0.010859128008941468,-0.0002548119934695503,4,8
2012-08-06,25.74910926818848,25.95083429461558,25.71006499401544,25.80767443829239,725400,0.0,0.0,0.010583174257720757,0.020897626494798427,0,8
2012-08-07,25.690542221069336,25.859731581146484,25.65800656945792,25.82068730982612,1863100,-0.002274527111176594,-0.0,0.010566226043222339,0.0227447162724983,1,8
2012-08-08,25.67102813720703,25.775143739372588,25.475811693435585,25.742608079129305,937700,-0.0007595824056333411,-0.0,0.01054582073475557,0.023858848222524376,2,8
2012-08-09,25.508337020874023,25.703553385568085,25.40422146088314,25.64498822792879,915300,-0.006337538000560472,-1.0,0.010531018899418479,0.01885327292033634,3,8
2012-08-10,25.762126922607425,25.814183478379423,25.42375062199895,25.48882193729184,1081900,0.009949292324533676,1.0,0.010638219997994131,0.00952852488389122,4,8
2012-08-13,25.566913604736328,25.77514481777963,25.449783237110484,25.66452058954995,933600,-0.007577531096618739,-1.0,0.01076296448492685,0.013049787651251421,0,8
2012-08-14,25.475807189941406,25.63848794471163,25.36518298589577,25.566908015442923,1463500,-0.003563449863500323,-0.0,0.009888088105836834,-0.01479422760087823,1,8
2012-08-15,25.391225814819336,25.48883282946921,25.31313970663691,25.48883282946921,1492300,-0.0033200665435819676,-0.0,0.00978800319101087,-0.0108643290024375,2,8
2012-08-16,25.22853660583496,25.43026167422777,25.20250708430457,25.378202631166992,1205000,-0.006407300308023056,-1.0,0.00941715124471933,-0.025230640042639307,3,8
2012-08-17,25.07887077331543,25.30662288267784,25.02681172985441,25.30662288267784,1257200,-0.005932402455912422,-1.0,0.009343792754246029,-0.037009449408559214,4,8
2012-08-20,25.16996955871582,25.17647569746048,24.92269408712126,25.046333064074343,1197600,0.003632491519407699,0.0,0.009233996573291277,-0.04792464524948947,0,8
2012-08-21,24.864133834838867,25.15045364255712,24.851119072459667,25.15045364255712,2065100,-0.012150818186867807,-1.0,0.009291668308922248,-0.03924499377773727,1,8
2012-08-22,24.838098526000977,24.89666370191319,24.71446203565809,24.72747679500653,935100,-0.0010471029882170857,-0.0,0.009304139588354979,-0.039466771552405744,2,8
2012-08-23,24.558290481567383,24.857622506880464,24.499725304239902,24.857622506880464,881600,-0.011265276371324684,-1.0,0.00904968104889107,-0.02949403304648146,3,8
2012-08-24,24.707958221435547,24.740493881711537,24.486712256322363,24.5062331560256,830600,0.006094387554398395,1.0,0.009213262499870471,-0.04407270698137977,4,8
2012-08-27,24.701454162597656,24.792555021122364,24.62336806704965,24.69494802226541,1018800,-0.0002632374063288312,-0.0,0.00862543277800057,-0.05193480422737373,0,8
2012-08-28,24.74048614501953,24.83158695822852,24.57129679279342,24.62986195590077,1453000,0.0015801491752245322,0.0,0.008639204082048157,-0.05004999630309026,1,8
2012-08-29,24.821258544921875,24.86065827057178,24.584865200841996,24.79499206115528,1542800,0.003264786287095811,0.0,0.007705250504304419,-0.06285433383468997,2,8
2012-08-30,24.76215934753418,24.84752416435128,24.689927772143527,24.71619425499643,1091800,-0.0023809911685476193,-0.0,0.007117730056034042,-0.043527600760621676,3,8
2012-08-31,24.735883712768555,24.88691468083868,24.637388195876568,24.83438173456929,1958300,-0.0010611204942528873,-0.0,0.005891622622645484,-0.026770130991874974,4,8
2012-09-04,24.95916557312012,24.96573344960749,24.61771114310483,24.74247324234461,1758600,0.009026637695434658,1.0,0.0057749836741062596,-0.03151788962790525,1,9
2012-09-05,24.742462158203125,24.9722876340851,24.72932891602275,24.95258902326945,1289300,-0.008682318096017383,-1.0,0.005850721487940225,-0.030678486266874083,2,9
2012-09-06,25.057647705078125,25.090479551849494,24.729324227545703,24.85408624724066,984400,0.012738649244351974,1.0,0.006045450049867927,-0.03909444398641815,3,9
2012-09-07,25.110185623168945,25.11675099185616,24.93289060969608,25.051087285344657,1019300,0.0020966819674845816,0.0,0.006832858312168655,-0.024635311724645503,4,9
2012-09-10,25.031389236450195,25.21525214604804,25.018255992556767,25.1824177838594,736600,-0.003138024859762334,-0.0,0.006869658103013535,-0.02184729458596213,0,9
2012-09-11,24.91319274902344,25.09048778566204,24.900059505023155,25.064221297661472,1208700,-0.004721930784993722,-0.0,0.006780940561234676,-0.01869772161288019,1,9
2012-09-12,24.683368682861328,24.93289532361937,24.683368682861328,24.90006095924597,1213400,-0.009224994503007733,-1.0,0.0063520186360606695,-0.032952798351404966,2,9
2012-09-13,25.162721633911133,25.162721633911133,24.65053759647523,24.6702362117888,1324000,0.019420078240075744,2.0,0.006439429980670869,-0.03455813773749061,3,9
2012-09-14,24.788429260253903,25.18241653792307,24.729330918112527,25.136451439025336,2201100,-0.014874876378746182,-1.0,0.007888670309177054,-0.01228952447692766,4,9
2012-09-17,24.479808807373047,24.827833555045345,24.361612101357625,24.735900835436304,2750600,-0.012450181882871503,-1.0,0.008472255971912526,-0.023740348692169788,0,9
2012-09-18,24.25654029846192,24.47980038804861,24.17774335652238,24.460101778791127,1954000,-0.00912051685811699,-1.0,0.008758965787809011,-0.029677813269943898,1,9
2012-09-19,24.30250740051269,24.35504036942477,24.08581516602495,24.190878598939275,1816900,0.001895039502137319,0.0,0.008868448946217062,-0.03278977280462281,2,9
2012-09-20,24.40757751464844,24.50607560586609,24.171186604564983,24.22371708294669,2044100,0.004323426896005511,0.0,0.008825694822461537,-0.034464171924385334,3,9
2012-09-21,24.578298568725582,24.650530142915255,24.158044869705275,24.348473109858112,2777600,0.006994592313583015,1.0,0.008572469003860371,-0.018362044027880553,4,9
2012-09-24,25.005126953125,25.01169232306287,24.519206915681675,24.57173738991564,2221900,0.01736606719158873,2.0,0.008741048038677299,-0.010459736159087685,0,9
2012-09-25,24.978857040405277,25.169285306341177,24.926324068460204,24.972289166457152,1647000,-0.0010505810575954788,-0.0,0.00919331275188025,0.018194933881615194,1,9
2012-09-26,25.018245697021484,25.30717193395737,24.98541385325398,25.0510800456981,1118100,0.001576879860935687,0.0,0.009123376759020172,0.010964030962894888,2,9
2012-09-27,24.900053024291992,25.13644634495076,24.80812284512681,25.097049128113976,856100,-0.004724259013235477,-0.0,0.009123922202067467,0.012824813160332349,3,9
2012-09-28,25.10362434387207,25.162722697220502,24.82126582286405,24.900062792358465,1184300,0.00817553759349332,1.0,0.009195108494517157,0.00644962586172082,4,9
2012-10-01,25.379417419433597,25.418814651609072,25.110192144955693,25.215255605607787,2276800,0.01098618557160047,1.0,0.009334428476031538,0.011375966228270196,0,10
2012-10-02,25.45820617675781,25.543570993786428,25.333444140261896,25.385974601188188,1832200,0.0031044352209550485,0.0,0.009575068820568314,0.02492747353880853,1,10
2012-10-03,25.504173278808597,25.550138375081684,25.392541970066883,25.438509571249856,1307400,0.0018055907683218742,0.0,0.00956866644231203,0.029201401186099263,2,10
2012-10-04,25.477907180786133,25.655202199779374,25.41880884112172,25.52387227775736,1021700,-0.0010298745125092434,-0.0,0.00940989136086445,0.021835974607878006,3,10
2012-10-05,25.70116424560547,25.930992208087183,25.563268971062207,25.71429748673953,1923500,0.008762770946418419,1.0,0.009158099519692924,0.029724003127925558,4,10
2012-10-08,25.674898147583008,25.7536975955667,25.550136112306653,25.69459926203376,1073200,-0.0010219808632581096,-0.0,0.008951512798799136,0.02568144257199889,0,10
2012-10-09,25.891605377197266,25.93100512021824,25.44508497593635,25.615812185872173,1585100,0.008440431910132329,1.0,0.008962562009094356,0.022489380719392438,1,10
2012-10-10,25.6355037689209,25.92442759547829,25.56983755499199,25.911294352692508,1279500,-0.00989129891891194,-1.0,0.009044719467327598,0.03436549736098704,2,10
2012-10-11,25.52387046813965,25.760263810037248,25.484473247763205,25.75369844161109,1133200,-0.004354636514558696,-0.0,0.009293701225916086,0.028993113294391915,3,10
2012-10-12,25.399110794067383,25.59610442902392,25.26778086912637,25.52387284506086,1404600,-0.004887960633870092,-0.0,0.009073379919499618,0.034051340239548145,4,10
2012-10-15,25.674898147583008,25.70116463024424,25.307177409964417,25.451638054781867,1078600,0.010858149946731288,1.0,0.008199458117200048,0.009394419395303943,0,10
2012-10-16,25.674898147583008,25.93099259616552,25.563269353637267,25.766830836897316,952100,0.0,0.0,0.0076979170798506516,0.035761398111274545,1,10
2012-10-17,25.937557220458984,26.121417583994965,25.668332043177184,25.760262224945176,1929800,0.010230189477916207,1.0,0.007001325078002862,0.04881939028257487,2,10
2012-10-18,26.134552001953125,26.154253116726093,25.878460054091825,25.93755838859133,1046600,0.007594962772313529,1.0,0.006690176987544591,0.06930159459317675,3,10
2012-10-19,26.075464248657227,26.298724435706948,26.0688988776752,26.200228841512217,1989200,-0.0022609055357628582,-0.0,0.006749223339895817,0.0753850033351613,4,10
2012-10-22,25.976964950561523,26.16739074081727,25.7996699003976,26.016362180657712,1270700,-0.003777470543051775,-0.0,0.006860519319179967,0.06833479205413928,0,10
2012-10-23,25.642065048217773,25.858759762257726,25.602667831053807,25.806226799493057,1474300,-0.012892187481529094,-1.0,0.006962599222096692,0.056906558357772585,1,10
2012-10-24,25.497602462768555,25.73399326242396,25.477901350781927,25.707729287957363,716400,-0.005633812455337339,-1.0,0.006898120754339147,0.02547229999218903,2,10
2012-10-25,25.61579132080078,25.799654133557627,25.38596593599076,25.622359191743257,1008600,0.004635292992931639,0.0,0.0070445396806985095,0.02076738024979141,3,10
2012-10-26,25.582971572875977,25.707736130665975,25.385977934940723,25.661771031978088,1130200,-0.0012812310778841374,-0.0,0.007088477386749393,0.023884393454911113,4,10
2012-10-31,25.806236267089844,26.515416495134332,25.425382166959267,26.17395962662148,1303600,0.008727082136563924,1.0,0.006984911646065333,0.027426389330084566,2,10
2012-11-01,25.766834259033203,25.871897698722115,25.582971360895115,25.714301286733757,1380000,-0.0015268405531452256,-0.0,0.007012988264251753,0.02798846547388223,3,11
2012-11-02,25.87845802307129,26.04918513994307,25.806226452695324,25.95068959344725,1305900,0.00433207133309188,0.0,0.0066757871162382975,0.015265001288128577,4,11
2012-11-05,25.628936767578125,25.81936503708995,25.44507637213776,25.81936503708995,1269700,-0.0096420449499236,-1.0,0.006702821163621939,0.0165075199484066,0,11
2012-11-06,25.72743225097656,25.871895407094097,25.58953696826969,25.64863530441689,1183900,0.003843135760631222,0.0,0.007072382285715346,0.004891885237981564,1,11
2012-11-07,25.19554901123047,25.609237393578443,25.077352330559616,25.609237393578443,1171100,-0.020673778656084107,-2.0,0.0071079284467134895,0.009793782056738198,2,11
2012-11-08,25.09705352783203,25.49760866862336,25.09705352783203,25.14301862547268,981200,-0.003909241404286723,-0.0,0.00821144203184479,-0.019672853320699346,3,11
2012-11-09,25.044513702392575,25.20867543615751,24.985415378040837,25.011681856621447,1172700,-0.002093465887586854,-0.0,0.00823747995941199,-0.022506208843729114,4,11
2012-11-12,24.92632484436035,25.09048662943371,24.84096251965744,25.0839212601912,890000,-0.004719151644814401,-0.0,0.007946187560955062,-0.032716846347068285,0,11
2012-11-13,25.10362434387207,25.24151966671492,24.78843396098392,24.840966943920527,1136800,0.007112941864425348,1.0,0.007752602537521025,-0.02766393556971236,1,11
2012-11-14,24.946029663085938,25.20868705522708,24.74903348784205,25.1430233334194,1584200,-0.006277766055904244,-1.0,0.007929014886006131,-0.01646482749519329,2,11
2012-11-15,24.86066436767578,25.175854735446475,24.716201176439487,24.952594578495106,1506900,-0.003421999274556997,-0.0,0.007970880381216022,-0.017838464293296163,3,11
2012-11-16,25.162721633911133,25.19555349440388,24.71620131746072,24.86066450952126,1808500,0.012150007810253438,1.0,0.00752062814891692,-0.03171322336808868,4,11
2012-11-19,25.0642147064209,25.32687450753353,24.9197540702275,25.280909418075247,1420000,-0.003914796218127625,-0.0,0.008088248658635744,-0.01994853146944575,0,11
2012-11-20,25.01167869567871,25.30060240882386,24.749018952885702,25.09704348782278,1740800,-0.0020960565235155215,-0.0,0.007691841592663804,-0.03367096240463274,1,11
2012-11-21,24.8803653717041,25.07079368663356,24.65710519331695,25.024828576810677,1670600,-0.005250080395335366,-1.0,0.0073975946844059065,-0.042965087222099574,2,11
2012-11-23,24.775291442871097,25.057649858203902,24.643961539591487,24.906621346150704,737100,-0.004223166632130848,-0.0,0.007430281843522569,-0.045832314453027156,4,11
2012-11-26,25.02482795715332,25.14302466660274,24.76216804617448,24.76216804617448,2089600,0.010071991074560138,1.0,0.007435631959519897,-0.04625919579047866,0,11
2012-11-27,25.208681106567383,25.37941075083582,25.03138609363162,25.070785820365067,1356800,0.007346829705636715,1.0,0.007477142786829067,-0.02407127077728688,1,11
2012-11-28,25.237165451049805,25.29016947222282,24.978764845039372,25.223913813883712,1750200,0.001129941878434959,0.0,0.007621604912431793,-0.011331314645094737,2,11
2012-11-29,25.28354835510254,25.35643110567999,25.05165099189401,25.28354835510254,1555200,0.0018378808881172048,0.0,0.007541133888569583,-0.014780955427424969,3,11
2012-11-30,25.6678409576416,25.68771715440345,25.310054250976563,25.323305891315115,1582400,0.015199314476818993,2.0,0.007559429718498337,-0.011704004631381326,4,11
2012-12-03,25.548582077026367,25.700972169693053,25.27030264835812,25.667844328242435,1106600,-0.004646237321325186,-0.0,0.008070512870866896,-0.00536286299233546,0,12
2012-12-04,25.482324600219727,25.7142245520346,25.46907295775953,25.62809013978951,810200,-0.002593391547401014,-0.0,0.008124201384859373,-0.008470275386287418,1,12
2012-12-05,26.03225326538086,26.171391703281223,25.48232154297648,25.52207646558747,1484000,0.021580788793357897,2.0,0.008063976875665327,-0.015307458523935225,2,12
2012-12-06,26.005756378173828,26.178022696862403,25.899745752636395,26.058762954688884,1167100,-0.0010178483951009953,-0.0,0.009140052672933378,0.015736762763914225,3,12
2012-12-07,26.018999099731445,26.164764607668506,25.93286470617847,25.99249582056256,1009600,0.0005092227030447649,0.0,0.009120223782386336,0.01081818521499378,4,12
2012-12-10,25.932863235473636,26.052125457478205,25.80697645779844,25.89311084646656,1349700,-0.0033104987600656166,-0.0,0.007719030846358833,0.03268236338624475,0,12
2012-12-11,26.19127082824707,26.270780682355884,25.97262504817869,26.00575289031119,1458400,0.009964483691101256,1.0,0.007698895808515274,0.03330310096819589,1,12
2012-12-12,26.3105411529541,26.542441174004075,26.17140265681999,26.191278862698255,1836900,0.004553819686305527,0.0,0.007858493188399679,0.045788755951964966,2,12
2012-12-13,26.065380096435547,26.390038966481036,25.97924569785336,26.270776730749382,2189100,-0.009317978489812528,-1.0,0.007711573556550842,0.05553230639642148,3,12
2012-12-14,25.63471031188965,26.01237321117436,25.56845463841553,25.912989700963188,3343600,-0.016522674250386005,-2.0,0.008057133014490434,0.03831143022972472,4,12
2012-12-17,26.018999099731445,26.04550237890033,25.67446405301137,25.70096733218025,3043800,0.01499095496560221,1.0,0.00884387602514316,0.027606823935705904,0,12
2012-12-18,26.290658950805664,26.30391059419983,25.780482053846608,26.03225822335073,1740100,0.010440826337436704,1.0,0.009252037249937393,0.04659307228980358,1,12
2012-12-19,26.138267517089844,26.350288745656208,25.98587741702604,26.244278131373022,1434300,-0.005796409819965764,-1.0,0.009167368200071191,0.044825728047416025,2,12
2012-12-20,26.138267517089844,26.317160902597543,25.98587741702604,26.217774845929124,1780800,0.0,0.0,0.009238325626961048,0.04285204317188507,3,12
2012-12-21,25.99249649047852,26.17138983824147,25.965993210626547,26.01899977033048,3207200,-0.0055769199896671395,-1.0,0.009202652590883723,0.045042511345141145,4,12
2012-12-24,25.939496994018555,25.95937319363712,25.65459300452161,25.94612155139397,740600,-0.002039030628680827,-0.0,0.009216043117851283,0.04469914738628478,0,12
2012-12-26,25.687713623046875,26.045500280526056,25.64795870749643,25.939489699883143,1753000,-0.00970656335509279,-1.0,0.009152930211198585,0.04699058954894553,2,12
2012-12-27,25.694339752197266,25.7738495881677,25.46244238267958,25.64133572237541,1338000,0.00025794935460687896,0.0,0.009321567001491662,0.026489119806478723,3,12
2012-12-28,25.46906852722168,25.81360358877518,25.42268905042524,25.488947251200106,1265100,-0.008767348262230468,-1.0,0.009218937961953793,0.01926553172602752,4,12
2012-12-31,25.893110275268555,25.9328626633987,25.257044262778468,25.42931303631448,1651400,0.01664928372208241,2.0,0.009459108237975678,0.009188950978733068,0,12
2013-01-02,26.38341522216797,26.43642179031026,26.11176287916945,26.15151780527617,1419200,0.018935730072092705,2.0,0.010096300952482186,0.024109033732324203,2,1
2013-01-03,26.23763656616211,26.535792044128023,26.204508741386125,26.40990529898287,1593100,-0.005525389900370881,-1.0,0.010384460266987831,0.027878241325682396,3,1
2013-01-04,26.26416015625,26.456305227091207,26.23103230584465,26.297288006655357,1419900,0.0010108986006041043,0.0,0.010411627059515463,0.02697036129278385,4,1
2013-01-07,25.979249954223636,26.22440154977698,25.89974262654025,26.131640052071933,1944500,-0.010847870266225246,-1.0,0.010373537559693849,0.03068148484473565,0,1
2013-01-08,25.840106964111328,25.97262083865644,25.81360368370392,25.893113524926143,2764800,-0.005355927917760628,-1.0,0.009619729161522492,-0.002036063133563193,1,1
2013-01-09,25.91961479187012,25.965994269756894,25.707593599389984,25.90636315140361,2163000,0.0030769155820142835,0.0,0.009687819101625871,-0.006369721059200861,2,1
2013-01-10,26.04550552368164,26.13826448448081,25.86661215892948,25.992498958943763,1531600,0.004856967698879888,0.0,0.009714176554813771,-0.0038196822053139234,3,1
2013-01-11,25.96599769592285,26.09851159058089,25.859987085694875,26.00575262256796,1525200,-0.0030526505882750854,-0.0,0.00974423778362153,0.00434361170169284,4,1
2013-01-14,25.866609573364254,26.06537911627853,25.820230097600657,25.97924472093533,1988500,-0.003827625794413536,-0.0,0.009506603443172383,-0.008601076816832531,0,1
2013-01-15,25.82686233520508,25.84673853716052,25.65459602077512,25.84673853716052,1845000,-0.0015366234235855147,-0.0,0.009465473544671423,-0.01687276506435531,1,1
2013-01-16,25.62146377563477,25.84673664881108,25.61483921796448,25.75397767647243,2327100,-0.007952904108306291,-1.0,0.009264180686718842,-0.009150749398167513,2,1
2013-01-17,25.641342163085938,25.74735277684965,25.575083949800867,25.700973291296304,3487600,0.0007758490157019349,0.0,0.008689236981368469,-0.0005167421864227251,3,1
2013-01-18,25.979249954223636,25.99912868176376,25.707597601104077,25.707597601104077,2840200,0.013178241177412398,1.0,0.00798944554247332,-0.014514660429401638,4,1
2013-01-22,26.40328598022461,26.44966545404498,26.00574691105236,26.0123714669588,2123900,0.016322104246586866,2.0,0.00819929280257775,-0.011844853229610042,1,1
2013-01-23,26.350276947021484,26.39003185738662,26.04549688336261,26.27739420843104,1797400,-0.0020076680320331164,-0.0,0.008881916268485012,0.010139098276559011,2,1
2013-01-24,26.44304847717285,26.60206566691388,26.30391001583225,26.337037859842997,1386200,0.0035207041784754978,0.0,0.00889855861959054,0.008111074301042409,3,1
2013-01-25,26.714710235595703,26.714710235595703,26.3237954728318,26.535816782043405,1556000,0.010273465960529027,1.0,0.008812933304063398,0.01733392507562237,4,1
2013-01-28,26.668317794799805,26.761076756643845,26.529179352033747,26.747825115310103,1242500,-0.0017365878344465235,-0.0,0.009017918965855555,0.02988543847846814,0,1
2013-01-29,26.92009925842285,26.93997546061516,26.615316502349177,26.66832307818552,1461900,0.009441220310946852,1.0,0.008686912011591033,0.03817405418569986,1,1
2013-01-30,27.158618927001957,27.2580024476434,26.8737149516772,26.8737149516772,2057700,0.008860281913874335,1.0,0.008834172026422673,0.047705429213092065,2,1
2013-01-31,26.986347198486328,27.171865105635387,26.939967721699063,27.09235779221321,4990600,-0.006343169694256856,-1.0,0.008567570954590875,0.06633734555209436,3,1
2013-02-01,27.284503936767575,27.397139091586865,27.026103261601424,27.10561057838516,1755300,0.011048428899557372,1.0,0.0082109402492388,0.042221151170933835,4,2
2013-02-04,27.158618927001957,27.277878646273244,27.132115643834023,27.211622965845617,1315300,-0.004613791405457035,-0.0,0.007551599493141085,0.03415360395959999,0,2
2013-02-05,27.11886405944824,27.41039259243377,27.09236077622441,27.24475086352313,1323400,-0.001463802988678209,-0.0,0.007510936392600632,0.035101574736636554,1,2
2013-02-06,27.218250274658203,27.238126473451832,26.93334629698588,27.08573638521885,1178700,0.0036648369560059457,0.0,0.007541162924061027,0.03254259409451743,2,2
2013-02-07,27.22487068176269,27.43026730545887,27.09235681252297,27.25799851719967,1418600,0.00024323411819948682,0.0,0.006992953747523278,0.047691920383295505,3,2
2013-02-08,27.238117218017575,27.24474177286704,26.98634116638482,27.23149013567675,1499100,0.0004865601166568201,0.0,0.006792558581755091,0.05358970532028473,4,2
2013-02-11,27.2447509765625,27.297757543230084,27.07248468987727,27.2447509765625,847100,0.0002435468829151688,0.0,0.006805272718432721,0.05086890514133002,0,2
2013-02-12,27.264623641967773,27.271248197582494,27.0526024774135,27.20499253146866,1093100,0.0007294126278625246,0.0,0.0067960256910357475,0.04604423791238976,1,2
2013-02-13,27.22487068176269,27.370636190675583,27.085732256432305,27.25137396110901,1185200,-0.0014580417733656148,-0.0,0.006700201746419167,0.05001255723937881,2,2
2013-02-14,27.00621795654297,27.25799401375192,26.90020738416416,27.191738353824444,2865800,-0.008031359552653217,-1.0,0.006610351002132995,0.052510210298186255,3,2
2013-02-15,27.125486373901367,27.171865851962533,26.906840624111872,26.9200922646282,1463800,0.004416331733318568,0.0,0.006949932547869393,0.04566391402993952,4,2
2013-02-19,27.43689346313477,27.456769660058825,27.118861674889917,27.21824771449417,1942600,0.011480239835736983,1.0,0.006564210600352846,0.058701665581530005,1,2
2013-02-20,27.264623641967773,27.59590702752028,27.185113809641184,27.185113809641184,1577200,-0.006278765538761277,-1.0,0.006814854186691631,0.0700256362802163,2,2
2013-02-21,27.09235572814941,27.37725965098939,27.059227894038383,27.204993397117,1528000,-0.006318367569658867,-1.0,0.006719570392866682,0.049476936016590534,3,2
2013-02-22,27.45014953613281,27.4899044638924,27.185121739387046,27.191748824426504,1265200,0.013206448770036072,1.0,0.0061537481384294716,0.026097878439861555,4,2
2013-02-25,27.17848777770996,27.74829557430737,27.16523613970868,27.576026807782263,1796600,-0.009896549308966662,-1.0,0.006628836301529241,0.04174045651674452,0,2
2013-02-26,27.284503936767575,27.46339729515,27.06585565624728,27.23149737391707,1420000,0.0039007379632269856,0.0,0.007101648645289711,0.027812198021418766,1,2
2013-02-27,27.59002685546875,27.630139273256543,27.115374720972017,27.20228113418152,1668900,0.011197671741045134,1.0,0.006831441275412919,0.021328837039477078,2,2
2013-02-28,27.75046730041504,27.830692124063305,27.483058872247778,27.61007768436072,1798500,0.005815160883559933,1.0,0.0071456051455070545,0.034561949792299096,3,2
2013-03-01,27.9443416595459,27.96439914166426,27.489744501573227,27.730413885231727,1315400,0.006986345744453892,1.0,0.006989872010525565,0.030845653057255396,4,3
2013-03-04,28.27859687805176,28.41230234028525,27.857425564593107,27.857425564593107,1381300,0.011961463346612078,1.0,0.006902232233747507,0.028930879536100074,0,3
2013-03-05,28.465782165527344,28.559375212912624,28.338760843887943,28.43904056621176,1074900,0.006619327270118713,1.0,0.007032495252416838,0.04788531289769793,1,3
2013-03-06,28.43236351013184,28.61286554124818,28.352141235264614,28.512588335219192,742400,-0.001173993927206185,-0.0,0.006818701259899503,0.043294839865786416,2,3
2013-03-07,28.29197883605957,28.5460190594604,28.28529470791086,28.425684351018983,650100,-0.004937495752762255,-0.0,0.006690928658693759,0.04690019719167249,3,3
2013-03-08,28.21843147277832,28.398933476575465,28.09141267761133,28.398933476575465,1059800,-0.0025995835677464774,-0.0,0.006827735622777174,0.04325825646825421,4,3
2013-03-11,28.35214233398437,28.37219726592333,28.16495616863353,28.185011100572485,914600,0.004738422875666837,0.0,0.006889798228702517,0.03674671178445821,0,3
2013-03-12,28.16495513916016,28.37219622887496,28.05799125569505,28.358825424664307,1239100,-0.006602224009006896,-1.0,0.006910687371063207,0.04140595066175323,1,3
2013-03-13,28.27859687805176,28.345450884278293,28.118152363547228,28.164948892796016,916400,0.004034863124408039,0.0,0.007154896288080406,0.034027238877197385,2,3
2013-03-14,28.42567443847656,28.452416042187284,28.22511751108553,28.29865564618017,995900,0.005201020441680804,1.0,0.0071662785294985265,0.03794660859182142,3,3
2013-03-15,28.51927375793457,28.57944110437364,28.24517863531664,28.291975176967,1982200,0.003292773920301917,0.0,0.007199249354951122,0.04258451580903566,4,3
2013-03-18,28.338764190673828,28.48584045405988,28.25185525774393,28.365505793147577,783900,-0.006329388637062339,-1.0,0.007159273273742576,0.0475448750997729,0,3
2013-03-19,28.338764190673828,28.5393211087878,28.231800330998407,28.4189864478755,951600,0.0,0.0,0.00704593498069495,0.04934220098034925,1,3
2013-03-20,28.55937385559082,28.733189142442782,28.4457233390106,28.4457233390106,1471100,0.007784731311240245,1.0,0.007046136133511722,0.04472833408582888,2,3
2013-03-21,28.472475051879883,28.646290400479614,28.405623583238462,28.459104248107582,1152200,-0.0030427419085004015,-0.0,0.006843637046691077,0.04091135149700009,3,3
2013-03-22,28.512590408325195,28.63292510448544,28.40562651731835,28.53264534094513,723800,0.001408917081223926,0.0,0.006684050631814306,0.04430104833917059,4,3
2013-03-25,28.43905067443848,28.77999726112901,28.33208678937672,28.59949522692101,1135000,-0.002579202129079139,-0.0,0.006405030516654886,0.05242197077384958,0,3
2013-03-26,28.62624168395996,28.679724910658997,28.47248123253116,28.53933271568434,1302100,0.006582182072966791,1.0,0.005993280487399987,0.03602534612804109,1,3
2013-03-27,28.67303276062012,28.67303276062012,28.42567925989037,28.532643142656216,1186700,0.0016345518624745203,0.0,0.005452921813382311,0.053268376007194806,2,3
2013-03-28,29.05409240722656,29.07414988897358,28.69308833842243,28.739887429018687,2006000,0.013289827057631376,1.0,0.005445996191468785,0.05089074835556806,3,3
2013-04-01,28.940439224243164,29.047403090309,28.846846160213023,29.040716414181286,856700,-0.003911778808658561,-0.0,0.005631338637775966,0.05306502815047498,0,4
2013-04-02,29.074148178100582,29.20116698732974,28.973868425927023,29.013980836840457,1013300,0.0046201425217282655,0.0,0.005742256653485875,0.042881149025203236,1,4
2013-04-03,28.893648147583008,29.114260047275977,28.65297876593962,28.65297876593962,1911200,-0.006208265480793451,-1.0,0.005662533874023155,0.04043060066755011,2,4
2013-04-04,29.04740333557129,29.12094147227867,28.880272134043512,28.97386519886391,1598000,0.005321418299376157,1.0,0.00543247040860422,0.021749709583668064,3,4
2013-04-05,29.227895736694336,29.27469225372997,28.793353735398952,28.860205173958743,888000,0.006213718969571902,1.0,0.005372866612547086,0.020432291888620613,4,4
2013-04-08,29.30143165588379,29.308115779151866,29.02065002446896,29.18109703530868,1131800,0.002515949825875774,0.0,0.005466014761425764,0.027979813436157297,0,4
2013-04-09,29.20116233825684,29.38166433329978,29.09419847640394,29.35492273028165,1181500,-0.0034219938057810095,-0.0,0.005277493514445894,0.03567982380001,1,4
2013-04-10,29.53543281555176,29.55548774819891,29.23459607474286,29.268021812561557,1362200,0.011447163418457196,1.0,0.005313796841527535,0.03482585013368089,2,4
2013-04-11,29.70256233215332,29.72261726363731,29.455208826376797,29.57554351572109,1277600,0.005658610714976753,1.0,0.0056969290240909435,0.04173548748550959,3,4
2013-04-12,29.856321334838867,29.90980454987481,29.642393575135216,29.642393575135216,1052800,0.0051766241904018795,1.0,0.005395380110241286,0.054592921785104886,4,4
2013-04-15,29.30143165588379,29.80950918147525,29.301431655883786,29.77608346469744,1289300,-0.018585333160505146,-2.0,0.005416820411873948,0.05579217609667353,0,4
2013-04-16,29.735980987548828,29.769406715469813,29.154365161021044,29.441831011536756,1123000,0.014830310572138128,1.0,0.0070783911018004846,0.030808669792608878,1,4
2013-04-17,29.34824562072754,29.78278529766637,29.30144907936828,29.74935956101265,1648600,-0.013039266032072172,-1.0,0.007651507391929628,0.042662630189723716,2,4
2013-04-18,29.548803329467773,29.649080541935447,29.3148180666026,29.46858104944957,2049600,0.006833720534170196,1.0,0.008141950877851908,0.03562192843913525,3,4
2013-04-19,30.043502807617188,30.043502807617188,29.50199936593013,29.55548002241617,1203000,0.016741777074135156,2.0,0.008206922251707223,0.04269907927714667,4,4
2013-04-22,29.7426700592041,30.04350418494643,29.56885217966165,30.030133382657027,1536100,-0.01001323814801025,-1.0,0.008736865598309697,0.0519664387437484,0,4
2013-04-23,29.949913024902344,29.949913024902344,29.615650597056963,29.869690756281035,1506200,0.0069678668823516254,1.0,0.009081654351852802,0.04461133094364955,1,4
2013-04-24,30.03681945800781,30.13041252194147,29.7092411840203,29.956597196096077,1207600,0.0029017257256542806,0.0,0.009140721453396014,0.05041010290518799,2,4
2013-04-25,29.976655960083008,30.17721291563717,29.88974701092885,30.150471308171277,1274500,-0.0020029916286213867,-0.0,0.00906987955967696,0.05618221233402254,3,4
2013-04-26,29.99001693725586,30.1103515812034,29.87636641787465,29.956591213985813,1530400,0.0004457127302872621,0.0,0.0090770471978544,0.04717399828562607,4,4
2013-04-29,30.12373161315918,30.23069549053815,29.96328452198073,30.050193469294893,1174000,0.004458639559393074,0.0,0.009084694408124922,0.04593110842618997,0,4
2013-04-30,30.304243087768555,30.310927216468592,29.97666467660909,30.05020284341351,1235300,0.00599233444672298,1.0,0.008742668409432419,0.03681544034968964,1,4
2013-05-01,30.063560485839844,30.33765554648628,30.043503008081544,30.28417233942372,1041100,-0.00794220800142198,-1.0,0.008688401821357909,0.0471245046752069,2,5
2013-05-02,30.26411437988281,30.437929684983143,30.083612399459724,30.24405945435339,1100700,0.0066709960763771115,1.0,0.008944389679449882,0.03403065505748892,3,5
2013-05-03,30.190587997436523,30.52485048746581,30.09699490826359,30.39783165933403,1430300,-0.002429490634464404,-0.0,0.008820544638966836,0.04743140171499749,4,5
2013-05-06,29.81620407104492,30.21732046787356,29.72929768608541,30.137098208595688,1560300,-0.01240068349855905,-1.0,0.008847557481533578,0.03935582980201535,0,5
2013-05-07,30.07024574279785,30.07024574279785,29.809521474109108,29.88974373750108,1173200,0.008520255333227977,1.0,0.009311651861915455,0.020128316442979077,1,5
2013-05-08,29.762725830078125,30.103672372340476,29.595594622058965,29.996708501217007,1470900,-0.010226717644746253,-1.0,0.009451950604084866,0.02623810658615655,2,5
2013-05-09,29.120939254760746,29.76272240770379,29.034030322522764,29.735980805442946,1989300,-0.021563434041004137,-2.0,0.009733532824078017,0.019230860926572557,3,5
2013-05-10,29.26802444458008,29.288081929251288,29.060783321335176,29.167747222106257,1380500,0.005050839484694425,1.0,0.010582491429779612,-0.014033773040656672,4,5
2013-05-13,29.08752059936523,29.22122610468149,28.927076033162045,29.167745432687227,1277000,-0.006167271233377569,-1.0,0.010565281008652144,-0.014629643150444571,0,5
2013-05-14,29.374977111816406,29.46188604490125,29.007289002915343,29.060772207958195,1109100,0.009882468719504711,1.0,0.01054254862297914,-0.025750015444017005,1,5
2013-05-15,29.75603675842285,29.943225430486056,29.3214971826832,29.348238785866464,1248000,0.012972253396349442,1.0,0.010010560436423175,0.0025099611785641684,2,5
2013-05-16,29.48863983154297,29.756048316586355,29.421785797616646,29.669141897813088,1180200,-0.008986308527939024,-1.0,0.009881863723163582,0.0006744613834135382,3,5
2013-05-17,29.72931289672852,29.72931289672852,28.826802454770267,29.548810808336867,1515800,0.008161551925094601,1.0,0.009649703414274997,0.004783734354338209,4,5
2013-05-20,29.70256233215332,29.83626782589367,29.57554351572109,29.71593313654937,1039300,-0.000899804333457821,-0.0,0.009699075063087087,0.006108862184639907,0,5
2013-05-21,29.809520721435547,29.87637218087093,29.522054855467903,29.789465793648876,1142800,0.0036009818979974018,0.0,0.008941369423582434,-0.011348226524951821,1,5
2013-05-22,29.374977111816406,30.14378160788011,29.24795832516901,29.7694068232389,1275400,-0.014577343046869862,-1.0,0.008708017676055236,0.002247634865947701,2,5
2013-05-23,29.100889205932617,29.261336310232146,28.719830202218976,29.2078530920589,1011900,-0.009330659385383244,-1.0,0.009123059190409958,-0.01919658039099803,3,5
2013-05-24,28.63960647583008,28.993923852526347,28.41899203736027,28.993923852526347,1714700,-0.01585115584744734,-2.0,0.009258841539210881,-0.031159432621807537,4,5
2013-05-28,28.42567443847656,28.719824428635437,28.20506003319264,28.719824428635437,1459900,-0.00746979667943648,-1.0,0.00977766649495006,-0.04460302330030885,1,5
2013-05-29,28.140430450439453,28.30901678376758,27.9044106127494,28.282042353053487,2055400,-0.010034730702853767,-1.0,0.009826073567673198,-0.05216210787917086,2,5
2013-05-30,28.349475860595703,28.91592599213915,28.28878468320094,28.28878468320094,1308700,0.007428650052969887,1.0,0.009821744990052266,-0.06583849531620933,3,5
2013-05-31,28.099977493286133,28.700147186350936,28.099977493286133,28.2685638787436,1494000,-0.008800810587696217,-1.0,0.00989363660465264,-0.06450473689480918,4,5
2013-06-03,28.22134017944336,28.41015854848396,27.762785325579795,28.11344507102972,1389300,0.004318960262022387,0.0,0.00991629432837174,-0.06531438594835004,0,6
2013-06-04,28.01230239868164,28.2011182461554,27.809999337470767,28.160656604944023,1488800,-0.007407081996551823,-1.0,0.009812391624056022,-0.06749823156224011,1,6
2013-06-05,27.776277542114254,27.9044047749896,27.668382414253465,27.87743034991871,1135000,-0.00842575712657212,-1.0,0.00985095695398643,-0.07215114852813864,2,6
2013-06-06,28.106708526611328,28.11345084683761,27.688615217165463,27.74256149624421,1264900,0.011896157935348928,1.0,0.009708814366329525,-0.06841670804472644,3,6
2013-06-07,28.578758239746097,28.5922454561856,28.126945492504863,28.14043270894437,1617500,0.01679491259845789,2.0,0.009939934463829295,-0.0652983428529782,4,6
2013-06-10,28.369701385498047,28.68664444180636,28.214602303506645,28.68664444180636,1266700,-0.007315113291287201,-1.0,0.01069979822891054,-0.03978021358297479,0,6
2013-06-11,27.99880599975586,28.34946572461593,27.9853187904433,28.11344342027938,1461700,-0.013073644332815548,-1.0,0.009803189817020897,-0.02579717167398321,1,6
2013-06-12,27.735816955566406,28.23483092989214,27.64140904541952,28.18762697481869,1534600,-0.009392866402651134,-1.0,0.010020950582070932,-0.043365360966795885,2,6
2013-06-13,28.275297164916992,28.3022715928963,27.72233425345634,27.73582146744599,1162900,0.01945066951569685,2.0,0.010111349024275174,-0.04647022557943015,3,6
2013-06-14,28.41016960144043,28.450628675072185,28.133688117789145,28.288787235698567,1181700,0.004769974148699063,0.0,0.0108707754503604,-0.03743594225498326,4,6
2013-06-17,28.416912078857425,28.72711031637865,28.28878739094821,28.61247284389514,1617800,0.00023732619380956166,0.0,0.010454395387458655,-0.045230054254501995,0,6
2013-06-18,28.70013427734375,28.78105498568733,28.335987231163216,28.443882366428973,1093300,0.009966677508815192,1.0,0.010346000913238668,-0.036343749959574345,1,6
2013-06-19,27.84370803833008,28.65966494042919,27.8369631471994,28.65292262172076,1129500,-0.029840495892374364,-3.0,0.010439201213115154,-0.034618311662965584,2,6
2013-06-20,26.71082305908203,27.68187955821505,26.589440675137443,27.68187955821505,2884900,-0.04068728840600189,-4.0,0.0121146023981464,-0.06258228744834615,3,6
2013-06-21,27.22331047058105,27.33795047315141,26.535478172426004,26.892882818159595,2730800,0.01918650767014718,2.0,0.014523077409740555,-0.10394993234914007,4,6
2013-06-24,27.068220138549805,27.270523215620752,26.64338187600458,26.933350563028107,1308500,-0.005696968125858404,-1.0,0.015272372277817031,-0.07324828315763432,0,6
2013-06-25,27.33795547485352,27.445850605730545,26.933346804747544,27.26377709004628,1714000,0.009965019307625722,1.0,0.015223560632077218,-0.06984903633007977,1,6
2013-06-26,27.82349395751953,27.89093005039071,27.48632121043536,27.526782866158065,1232100,0.017760599658325882,2.0,0.01520430249788824,-0.04544933262526041,2,6
2013-06-27,28.14717102050781,28.49782827623166,27.951610286506615,27.98532703350819,1837000,0.01163322850402837,1.0,0.01574608420872095,-0.021184386750800366,3,6
2013-06-28,28.335987091064453,28.55177736052906,27.89091933874084,28.12693914208559,3032700,0.006708172214503261,1.0,0.015827291721778464,0.0002395332964157948,4,6
2013-07-01,27.816743850708008,28.572009872557825,27.73582313432989,28.437140296978846,2234200,-0.018324515701102384,-2.0,0.015811456694530893,-0.0004758031364523463,0,7
2013-07-02,27.735816955566406,28.005553474211432,27.580717878550427,27.769533698844207,1404700,-0.0029092871392832897,-0.0,0.016210977006547254,-0.010079497132899795,1,7
2013-07-03,27.90439987182617,27.92462940086337,27.553740124788348,27.72232639322448,732900,0.006078166600602897,1.0,0.01618346668563254,-0.017204116487374077,2,7
2013-07-05,27.735816955566406,27.938119987655828,27.35818274255623,27.9313750955467,766400,-0.006041445687207658,-1.0,0.016171573366650076,-0.0038519692283683904,4,7
2013-07-08,28.160667419433597,28.20112907618338,27.69536994271894,27.810010017298016,1180800,0.015317755541429223,2.0,0.016118168899815176,-0.001456659787709147,0,7
2013-07-09,28.450626373291016,28.47760080181204,28.20786423387112,28.315759375532107,1161500,0.010296593810745991,1.0,0.01626051206471117,0.0019197869708287296,1,7
2013-07-10,28.54503059387207,28.558515232743183,28.275291512844387,28.416903372793783,1020200,0.003318177228944341,0.0,0.015988846140092498,-0.004483465144992982,2,7
2013-07-11,29.09125518798828,29.118229616774165,28.78105697421997,28.861977688154507,1299300,0.019135540679135588,2.0,0.015916837769005338,0.006180156991840935,3,7
2013-07-12,29.1856632232666,29.239612081036064,28.861977793919205,29.104742509035532,1016600,0.0032452376038178965,0.0,0.016102803387082032,0.039017706263686724,4,7
2013-07-15,29.738618850708008,29.77233816474541,29.111477681465235,29.14519699550264,962700,0.01894613883574836,2.0,0.015892512363135283,0.052273429335897736,0,7
2013-07-16,29.597003936767575,29.779077409597136,29.387958616884266,29.731873461725275,1532300,-0.0047619869184698516,-0.0,0.0158660463653813,0.051752654525826,1,7
2013-07-17,29.623992919921875,29.86675766970873,29.543072194134087,29.75886251118385,1027800,0.0009118822706501994,0.0,0.015934865305626492,0.04177498240865729,2,7
2013-07-18,30.089279174804688,30.12299591703811,29.65769870040276,29.71164754591427,1004900,0.015706399071203858,2.0,0.015931659462321023,0.04247755131573694,3,7
2013-07-19,30.23090362548828,30.244388268911944,29.98139399095289,30.163467546253017,1115400,0.004706807692561155,0.0,0.016121379106062452,0.0484020347792431,4,7
2013-07-22,30.129743576049805,30.2511259171759,30.02859076763713,30.19717706670973,935500,-0.0033462463011918464,-0.0,0.014332662032586554,0.08573554872332201,0,7
2013-07-23,30.291587829589844,30.34553668512645,30.01510637602228,30.136488728556625,803700,0.0053715775287477285,1.0,0.010240508791820953,0.1279975727219418,1,7
2013-07-24,29.78582000732422,30.31181090234513,29.71164421170364,30.31181090234513,1005400,-0.016696642814199802,-2.0,0.009770630050906932,0.11270772385763062,2,7
2013-07-25,29.920698165893555,29.981389341581902,29.61049996678557,29.752111852584047,1072500,0.00452826742846657,0.0,0.010637261050466319,0.10039817375742732,3,7
2013-07-26,29.8262939453125,29.974650742620465,29.55655735398011,29.812806729882382,1884700,-0.003155147652559309,-0.0,0.01056659525747345,0.09447461034223048,4,7
2013-07-29,29.69817924499512,29.853278415967043,29.56330961775999,29.738638332468728,1712200,-0.004295361017774502,-0.0,0.01022051097392468,0.0719823322998474,0,7
2013-07-30,30.055578231811523,30.230909499467344,29.74537992432679,29.74537992432679,1298100,0.01203437368560678,1.0,0.010167148293151981,0.05510352082478409,1,7
2013-07-31,29.94767570495605,30.089287605467945,29.691423761822684,30.06231574757753,1744500,-0.003590099848462258,-0.0,0.010339551442615388,0.06068576807367787,2,7
2013-08-01,30.37925338745117,30.433202242905782,30.008364009681287,30.07579750657653,1430400,0.014411057697666152,1.0,0.00927523451297816,0.07660608537378488,3,8
2013-08-02,30.1364803314209,30.379244968846404,30.00835569385624,30.271349860259768,1060100,-0.007991409562769336,-1.0,0.009439652269884016,0.09530768234155951,4,8
2013-08-05,29.846515655517575,30.096025216910228,29.826286123888902,30.096025216910228,807800,-0.009621716694002913,-1.0,0.009805792592686218,0.07999026927106079,0,8
2013-08-06,29.44192123413086,29.954422626683627,29.42169169450041,29.87350189573817,1444700,-0.013555834324396887,-1.0,0.01001287467514918,0.07610010923177679,1,8
2013-08-07,29.779088973999023,29.8667545851289,29.414941886927146,29.421686780626565,1575500,0.01145196120820069,1.0,0.0102940923379445,0.045497991777463165,2,8
2013-08-08,29.81280517578125,29.954417071780465,29.63747652917601,29.833037284083407,1155500,0.0011322106533100396,0.0,0.010342662652426905,0.04669361522230475,3,8
2013-08-09,29.51609992980957,29.86675986388268,29.46215106037201,29.812810994445115,1332600,-0.009952275346860384,-1.0,0.010342124650945805,0.04441314496896487,4,8
2013-08-12,29.32727813720703,29.44865792419836,29.185663669608022,29.421686067324263,1186100,-0.006397247368438386,-1.0,0.009887471253414585,0.014603864256661714,0,8
2013-08-13,29.03730583190918,29.36099122583808,29.03730583190918,29.31378726666654,917300,-0.009887460538997916,-1.0,0.00998854969121443,0.0048522081837611974,1,8
2013-08-14,28.733856201171875,29.050799343547187,28.646190584093368,29.017080017608485,1541000,-0.010450336973199637,-1.0,0.00924842358692254,-0.023582568589332165,2,8
2013-08-15,28.234832763671875,28.63269653400444,28.22809044354747,28.545033510273196,1095700,-0.01736708898402739,-2.0,0.009442458536032313,-0.02916334833889833,3,8
2013-08-16,27.850454330444336,28.20785901111574,27.76953363228704,28.167397375825782,2387200,-0.013613625284938702,-1.0,0.01004524109283356,-0.04689307616313265,4,8
2013-08-19,27.796506881713867,27.978580374194124,27.68186687277926,27.823478731678623,1657000,-0.0019370401678330262,-0.0,0.009446424561294528,-0.07440606441097586,0,8
2013-08-20,28.032527923583984,28.180884681049893,27.78976325588436,27.87068652673265,1603500,0.008491032447871527,1.0,0.009262629846184738,-0.08052676075887877,1,8
2013-08-21,27.6549015045166,28.005561393088385,27.520034493270284,28.005561393088385,1787500,-0.013471008397700879,-1.0,0.009653092406460949,-0.0696061566927142,2,8
2013-08-22,27.81000328063965,27.91789843341206,27.587468081058415,27.729079986742825,1039800,0.0056084732790573355,1.0,0.009674131860204596,-0.08704351650056585,3,8
2013-08-23,28.12693977355957,28.13368466661966,27.72233365233541,27.857203216884457,1548700,0.011396492467894204,1.0,0.00946521924492114,-0.06633413907015906,4,8
2013-08-26,27.87070083618164,28.234845452268544,27.796522419363807,28.153924712296337,1040400,-0.009110089453058912,-1.0,0.009856908273074208,-0.05995041901725007,0,8
2013-08-27,27.84370803833008,27.951603144620684,27.600943406070648,27.600943406070648,1448500,-0.0009685008644101378,-0.0,0.009950034322488432,-0.0655660777941941,1,8
2013-08-28,27.756044387817383,28.019038566885257,27.64140695485854,27.796506020144143,3034500,-0.003148418680156362,-0.0,0.009957817817766038,-0.0624439360866732,2,8
2013-08-29,27.62792205810547,27.80325066802818,27.5335141471915,27.65489390949329,1426500,-0.0046160154495267225,-0.0,0.009342414327486491,-0.07650938625297388,3,8
2013-08-30,27.62792205810547,27.80325066802818,27.466078087665352,27.6414092700107,1347600,0.0,0.0,0.009344265358012645,-0.0774602232809235,4,8
2013-09-03,27.203086853027344,27.90440651404136,27.176112426275363,27.80325369993289,1643200,-0.015377023439715698,-2.0,0.008424644371395463,-0.09056612729272007,1,9
2013-09-04,27.317731857299805,27.39191026515538,27.02776569306454,27.209836692898143,1938100,0.004214411581004107,0.0,0.008727430905593051,-0.09733696324633967,2,9
2013-09-05,27.149139404296875,27.391904112780207,27.061476371451377,27.27052175853854,1301700,-0.0061715391996527424,-1.0,0.008868589624139446,-0.08472626511598469,3,9
2013-09-06,27.14239883422852,27.49980102675845,27.108682083080577,27.257036302616147,4731100,-0.0002482793273104189,-0.0,0.008620743808899019,-0.0778747355378443,4,9
2013-09-09,27.41887664794922,27.452593394594555,27.054729610364657,27.14913752994076,4325400,0.010186196710514794,1.0,0.007935371132506093,-0.0885416656658864,0,9
2013-09-10,27.62117958068848,27.62117958068848,27.371672569685487,27.533516554274613,4242800,0.007378235634405206,1.0,0.008477017118160547,-0.08029866742552505,1,9
2013-09-11,27.445850372314453,27.64141109924803,27.236802432583097,27.64141109924803,2074200,-0.006347636525147138,-1.0,0.008703390504487648,-0.06419955053775006,2,9
2013-09-12,27.28116607666016,27.635025363120505,27.226724988330577,27.546559892531924,1178300,-0.006000334965770127,-1.0,0.008702462721066652,-0.06415282577845649,3,9
2013-09-13,27.41727638244629,27.52615600364174,27.3356147196285,27.36283527390109,1204300,0.004989167449941823,0.0,0.008591872727759983,-0.060478742945882846,4,9
2013-09-16,27.492122650146484,27.90042044760749,27.424071286640256,27.73709977108664,1494000,0.0027298943431199874,0.0,0.008576842154431627,-0.045819809548287904,0,9
2013-09-17,27.573789596557617,27.648644819930293,27.41727530945785,27.50573821353935,975200,0.0029705580558618827,0.0,0.007893375701728867,-0.02630474633024893,1,9
2013-09-18,28.50606918334961,28.5877282405011,27.451297492502903,27.56698094047629,1736000,0.03381035397863408,3.0,0.007408084632463685,-0.009933939698221983,2,9
2013-09-19,28.37677764892578,28.71702677518174,28.308726266137697,28.574122765169,1208300,-0.004535579198669315,-0.0,0.010507712493955658,0.025527031315669912,3,9
2013-09-20,28.02971839904785,28.47204324334933,28.02971839904785,28.37677391587381,1899600,-0.012230396776255148,-1.0,0.010443376025603331,0.012280366803886222,4,9
2013-09-23,28.32914352416992,28.438023142831632,27.81876982496287,27.893625049523084,1303500,0.01068241645739243,1.0,0.01036280154930112,0.013553362121721424,0,9
2013-09-24,28.267894744873047,28.37677434877673,28.152208705534715,28.2951152948226,1230000,-0.002162041335440179,-0.0,0.010540789496163548,0.018667392387244908,1,9
2013-09-25,28.13180351257324,28.451638586174763,28.118193233282184,28.31553838915952,1313700,-0.004814339147930058,-0.0,0.010279882220967707,0.005011386679399044,2,9
2013-09-26,28.199846267700195,28.363166988285148,28.131797481728423,28.206652703834244,1155200,0.002418712866970818,0.0,0.010125096751527259,0.009368357040115516,3,9
2013-09-27,28.199846267700195,28.397191381271035,28.02972170687597,28.29511820231338,2107800,0.0,0.0,0.010127639299350582,0.012790617861667242,4,9
2013-09-30,28.0705509185791,28.19984464283352,27.90723020740464,28.05013680314278,1528600,-0.0045849664531394385,-0.0,0.01009178020532317,0.015989377797565707,0,9
2013-10-01,28.15220642089844,28.24747574209596,28.009302439102164,28.097767921311704,1269100,0.0029089383587870277,0.0,0.010090948720780145,0.016021069537648147,1,10
2013-10-02,28.220258712768555,28.30191776276524,28.009303354724857,28.02291362904004,1678200,0.002417298695976955,0.0,0.010099306228542743,0.018976612200162224,2,10
2013-10-03,27.920839309692383,28.138598518177808,27.78474175130989,28.097770289020872,1419700,-0.01061008710528566,-1.0,0.009382560476145253,0.037391780765057225,3,10
2013-10-04,27.914045333862305,28.009314696752327,27.7779451314928,27.90043505403581,1024000,-0.00024332992839937173,-0.0,0.009741914400539807,0.02207750832108024,4,10
2013-10-07,27.682662963867188,27.954863242698785,27.655442416805176,27.655442416805176,1001300,-0.008289102035469953,-1.0,0.009606067424542229,0.028174223800418785,0,10
2013-10-08,27.914045333862305,28.138608461260866,27.628234649296797,27.682675768602778,1657000,0.008358385546113345,1.0,0.009831299416473822,0.019904804027761847,1,10
2013-10-09,28.03652572631836,28.417603048343853,27.90042557021159,27.96847435031769,1109900,0.004387769346618997,0.0,0.00975354485734869,0.018059408205190808,2,10
2013-10-10,28.54689598083496,28.601334479287765,27.98888774324886,28.206646928848595,1099800,0.018203762459679806,2.0,0.00967571329286385,0.015037234178089554,3,10
2013-10-11,28.689802169799805,28.737436833075936,28.4652391280544,28.54689817997141,952600,0.005006014981831397,1.0,0.010241326663029677,0.04011701563567405,4,10
2013-10-14,28.397193908691406,28.683004546179237,28.12499614468326,28.58092876224179,1543100,-0.010199033767350651,-1.0,0.010096106625567357,0.051634013340242646,0,10
2013-10-15,27.98208236694336,28.36996609320816,27.90722715733185,28.295113479490997,1348900,-0.014618047933989575,-1.0,0.010443036759085547,0.035740877852932895,1,10
2013-10-16,28.26108741760254,28.28830796669309,28.016107667576453,28.1181834287188,1589200,0.009970846593918337,1.0,0.011029268135873292,0.01782182201905269,2,10
2013-10-17,28.77827262878418,28.83271114083563,28.06374996030513,28.240678369340984,2722000,0.0183002587104808,2.0,0.011199486096271763,0.024925765776160347,3,10
2013-10-18,28.812292098999023,28.98922047779607,28.74424332159119,28.92117170038824,1232200,0.0011821234253239776,0.0,0.00929273623938172,0.009548964597109855,4,10
2013-10-21,28.737438201904297,28.839513968583507,28.55370337941847,28.79187930303843,1069000,-0.0025979848058436117,-0.0,0.009221503580461586,0.015347565374101979,0,10
2013-10-22,28.98921775817871,29.13892816950425,28.72382391693377,28.80548555723546,1904100,0.008761377910774693,1.0,0.008771302994914833,0.025248908775354906,1,10
2013-10-23,29.200172424316406,29.39071105547792,28.853119546715902,28.853119546715902,2430800,0.0072770044330767725,1.0,0.008677246979661796,0.02330018319987781,2,10
2013-10-24,29.17975807189941,29.445151904797235,29.08448875710472,29.349882590002544,1161700,-0.0006991175298676211,-0.0,0.008742247857535409,0.03298008882010728,3,10
2013-10-25,29.540430068969727,29.55404034600248,28.99603196713409,29.10491158750122,1166400,0.012360349122210401,1.0,0.008637177006415211,0.03725159529348332,4,10
2013-10-28,29.479175567626957,29.71054501041935,29.370295982541943,29.554030769103036,836600,-0.0020735819079057416,-0.0,0.008941122716096973,0.04753869182631054,0,10
2013-10-29,29.57445907592773,29.77180422983753,29.417944759484023,29.72416955074142,1146000,0.0032322311077590538,0.0,0.008978607922612814,0.04536653454710815,1,10
2013-10-30,29.343074798583984,29.76498545301193,29.32946452625785,29.547223691687886,944700,-0.007823787300714535,-1.0,0.00884635021893086,0.05357601144740043,2,10
2013-10-31,29.18657112121582,29.45196503786745,28.86673609556131,29.34989185232949,1278700,-0.005333581379675878,-1.0,0.009128620515306421,0.04230106727270644,3,10
2013-11-01,28.921167373657227,29.38390625930727,28.717018476080813,29.186561200095973,3119800,-0.00909335140658818,-1.0,0.009267158911625073,0.03424179835778918,4,11
2013-11-04,29.03685569763184,29.091296797317,28.778268261810844,28.975613354327795,876300,0.004000126360043987,0.0,0.009172292763507933,0.03582729204052226,0,11
2013-11-05,28.893957138061523,29.27503711983297,28.873543019788144,29.009643198699017,1353800,-0.004921282147707595,-0.0,0.00917367553961883,0.04022384969073123,1,11
2013-11-06,29.22739791870117,29.370301916266204,28.873538546710662,28.921173212565677,1352100,0.01154015627026772,1.0,0.009014338809777462,0.043756418079264225,2,11
2013-11-07,28.85313034057617,29.38391820931733,28.77827510864701,29.28864885809662,1141000,-0.012805367729486594,-1.0,0.009150847747217743,0.04704988363852958,3,11
2013-11-08,28.764663696289062,28.764663696289062,28.233875848477016,28.764663696289062,1504000,-0.0030661021262811117,-0.0,0.009700884074533497,0.029126455332917578,4,11
2013-11-11,28.832704544067383,28.9483905740376,28.648969740628328,28.812290431205597,737400,0.00236543171499326,0.0,0.008940706410587156,0.007628420112655965,0,11
2013-11-12,28.54689598083496,28.75104489284793,28.3563547465145,28.696603798500867,1751800,-0.009912651891382462,-1.0,0.008891119022506623,0.004980946659088659,1,11
2013-11-13,28.69660758972168,28.71021786510655,28.21345449508442,28.38357904355342,1624000,0.005244409374218106,1.0,0.008874455918953363,0.005271720601158991,2,11
2013-11-14,29.098100662231445,29.28183547998749,28.805488836799046,28.805488836799046,1372300,0.01399095942802564,1.0,0.008242311974103909,0.025535098260679234,3,11
2013-11-15,29.213796615600582,29.22060045742895,28.914378253139727,29.03006173548981,1242400,0.003976065472867996,0.0,0.008498101432065166,0.02961716342547982,4,11
2013-11-18,29.15934562683105,29.288641940861325,29.030051908695302,29.268225230496565,945600,-0.0018638792309676466,-0.0,0.007603686985319201,0.015133777917608171,0,11
2013-11-19,28.86673355102539,29.145740316228892,28.75785393851208,29.125323604205025,1155000,-0.010034932866820334,-1.0,0.007623917671490312,0.012045328661793198,1,11
2013-11-20,28.60814666748047,28.91437139503263,28.444825947487725,28.907564958923263,2288100,-0.008957954424869019,-1.0,0.007945732263007347,0.004499195377565934,2,11
2013-11-21,28.70340919494629,28.86672728029122,28.5400885137072,28.66938481015728,1279000,0.003329909084047955,0.0,0.007936832923652515,-0.013145269868164333,3,11
2013-11-22,28.70340919494629,28.778264399018617,28.512870563412488,28.65577453706284,1444800,0.0,0.0,0.007786275970055385,-0.017012338905110003,4,11
2013-11-25,28.492456436157227,28.778267005235666,28.492456436157223,28.778267005235666,1083000,-0.0073493973261616885,-1.0,0.007788168920368827,-0.016324634213189526,0,11
2013-11-26,28.05013084411621,28.55369795446061,28.02971413712262,28.5128697322616,2366600,-0.015524305285229856,-2.0,0.007301033340864871,-0.0354759098078713,1,11
2013-11-27,28.022920608520508,28.13860407517045,27.94806537909053,28.08416556024549,1240700,-0.0009700573500679432,-0.0,0.007901398615281552,-0.048476414146400804,2,11
2013-11-29,27.95486831665039,28.16582110493436,27.74391293247171,27.74391293247171,951700,-0.002428451081912808,-0.0,0.007806027083171444,-0.05246210804477924,4,11
2013-12-02,27.873199462890625,28.02971370264697,27.68266083986448,27.96166493610736,1640400,-0.0029214537101260873,-0.0,0.007711426679872227,-0.047309509704163144,0,12
2013-12-03,27.873199462890625,28.01610343016024,27.69627111235121,27.818760968837747,1451800,0.0,0.0,0.007681526425891067,-0.04499917626056804,1,12
2013-12-04,27.98208236694336,28.111378672961195,27.62822302798533,27.70307823759685,1567900,0.003906365474752871,0.0,0.007525988687860578,-0.036235325401184904,2,12
2013-12-05,27.83918190002441,28.043330845552347,27.757522840992177,27.934451234877805,1691200,-0.005106856060425491,-1.0,0.0075224469195333925,-0.036325328805298485,3,12
2013-12-06,28.295116424560547,28.30192026437233,27.975281439619582,28.03652638150414,1409700,0.016377439760028922,2.0,0.007526486917346023,-0.03650504612425254,4,12
2013-12-09,28.13180351257324,28.390393627312672,27.98889947386014,28.33595251014843,1305500,-0.00577177027784026,-1.0,0.008011701103134223,-0.03189751946902197,0,12
2013-12-10,27.9344482421875,28.111379213012736,27.90042385422708,28.097768938649686,3054900,-0.007015379241417374,-1.0,0.007655050651416649,-0.024999950420926287,1,12
2013-12-11,28.12533950805664,28.345068518324556,27.90561049778873,28.029208393486485,4933300,0.006833543451946644,1.0,0.007751681054969895,-0.02886233827961171,2,12
2013-12-12,28.406862258911133,28.516726743905828,28.05667003154552,28.05667003154552,3132500,0.010009576978576407,1.0,0.007918715652387913,-0.024533426440437434,3,12
2013-12-13,28.557933807373047,28.681531710274164,28.37940495839176,28.578532584731043,3603500,0.0053181357055556155,1.0,0.00800957332193742,-0.004905392236614459,4,12
2013-12-16,28.660934448242188,28.90126226138036,28.58540210143399,28.67466522095576,2203300,0.003606725947468581,0.0,0.008012096480324525,-0.00483241030895587,0,12
2013-12-17,28.50299835205078,28.7227299799321,28.41373524316693,28.64719764212546,1376400,-0.0055105005901541215,-1.0,0.007388654637024986,-0.015023874549883853,1,12
2013-12-18,28.846324920654297,28.8600583109486,28.104740180396416,28.468665855378205,1844400,0.012045279039172074,1.0,0.007378809485847693,-0.02433091025115941,2,12
2013-12-19,28.757062911987305,28.79139507934716,28.331335654720384,28.7158627395296,1665800,-0.0030943979488728957,-0.0,0.007915895618173333,-0.010734833016579293,3,12
2013-12-20,28.914981842041016,29.079777229655395,28.77765060611206,28.82571614578088,2711400,0.005491483276196529,1.0,0.0076371726573516985,-0.003799205020693752,4,12
2013-12-23,28.949329376220703,29.20339059507148,28.91499720384252,29.059193899457,1093300,0.001187880191913182,0.0,0.007452963859813143,0.010725447479243089,0,12
2013-12-24,29.011117935180664,29.162182582747576,28.777655579566304,28.89438806706144,551700,0.0021343692683504223,0.0,0.007427408004411437,0.008567629705732438,1,12
2013-12-26,29.004270553588867,29.093533701305084,28.90127139006704,29.02486933854222,938800,-0.00023602611961026643,-0.0,0.007435791448418618,0.01072028545962933,3,12
2013-12-27,28.97679328918457,29.120989970503736,28.84632737995396,28.92872772874485,1051200,-0.0009473523684565555,-0.0,0.007217522026640642,0.017963144686329757,4,12
2013-12-30,29.10039710998535,29.16906146189604,28.90126682231638,28.92186560401416,1146400,0.004265614195719802,0.0,0.006189418521865779,0.03303594019643352,0,12
2013-12-31,29.10726356506348,29.19652932132329,29.011132421111625,29.148463749347364,1553000,0.00023595743563831206,0.0,0.006187559174486132,0.038449828856783386,1,12
2014-01-02,28.647201538085938,29.12785717244838,28.633468145764617,29.079791609012137,2915300,-0.01580574642302479,-2.0,0.006123147890768569,0.04122341895371062,3,1
2014-01-03,28.509864807128903,28.73645918885444,28.365668144269364,28.66779485969549,2252000,-0.004794071447936976,-0.0,0.007187891921284021,0.027768684259795506,4,1
2014-01-06,28.53046607971192,28.59226502911568,28.34506923150061,28.59226502911568,2159200,0.0007226015529147034,0.0,0.007307373463654229,0.022841487755501877,0,1
2014-01-07,28.78452682495117,28.798260215651467,28.592264593899955,28.592264593899955,1143200,0.008904892914452178,1.0,0.007279242323571837,0.019597673453223496,1,1
2014-01-08,28.660934448242188,28.74333218140717,28.46866957835494,28.681533226689258,2225300,-0.004293708820040321,-0.0,0.007338248595490755,0.03395735292515645,2,1
2014-01-09,28.78452682495117,28.82572699705205,28.454933306273464,28.667796933063347,2354100,0.004312224255359487,0.0,0.006609533910486945,0.01292866296051387,3,1
2014-01-10,29.285791397094727,29.416254701865245,28.93559642313545,28.93559642313545,1657400,0.01741437596636297,2.0,0.00648613060061784,0.023202327290754887,4,1
2014-01-13,29.066049575805664,29.285778529069724,28.997382640800808,29.217111594064868,2004000,-0.007503359506646712,-1.0,0.007115640753259278,0.048375509091544755,0,1
2014-01-14,29.03859138488769,29.19652145301545,28.976792434804967,29.066058167008133,1686700,-0.0009446825873725695,-0.0,0.007340743237328108,0.0334470653226977,1,1
2014-01-15,28.86692237854004,29.09351673904928,28.73645649822695,29.052319193161782,1599000,-0.0059117539164449395,-1.0,0.007097987855540198,0.0222386098196532,2,1
2014-01-16,28.99739646911621,29.004264475579788,28.763934017517307,28.88066655300525,1056900,0.004519847625778395,0.0,0.007184580912548676,0.01081971032117246,3,1
2014-01-17,29.24459648132324,29.25832987683028,28.96306842187235,29.079798354616138,1928400,0.008524903691623065,1.0,0.0072068161048398855,0.011739394662153346,4,1
2014-01-21,29.560449600219727,29.601649776817784,29.285789614362884,29.41625291119163,2437400,0.01080039244508657,1.0,0.007264273493051223,0.026018249733333665,1,1
2014-01-22,29.759580612182617,29.89004391231743,29.51925279104564,29.5398515701783,2064200,0.0067363999755067905,1.0,0.007176311613615027,0.024756175406389858,2,1
2014-01-23,29.615386962890625,29.78018245164048,29.52612121184783,29.677185926016083,1383600,-0.0048452849914478735,-0.0,0.0072034695447741135,0.03486161654490161,3,1
2014-01-24,29.13472557067871,29.635982609962355,29.13472557067871,29.53298347585365,2365000,-0.016230123645326833,-2.0,0.007281156687902507,0.024222914082250968,4,1
2014-01-27,29.39563369750977,29.51236352099166,29.07977113525748,29.134704665866543,1726300,0.00895522857073483,1.0,0.008211176394634744,0.006404161977247469,0,1
2014-01-28,29.49864387512207,29.55357743131232,29.292648278160897,29.416246160212825,1557700,0.003504267969600683,0.0,0.008418157864507099,0.013254082906705822,1,1
2014-01-29,29.39563369750977,29.553563668948453,29.223970343418813,29.36816693220523,1577800,-0.003492030957368053,-0.0,0.008437775807845936,0.017044845882946413,2,1
2014-01-30,29.862586975097656,29.917517939206853,29.44372756883312,29.49865853294232,1428100,0.01588512370214512,2.0,0.008482865163034082,0.014454339517324222,3,1
2014-01-31,30.07543563842773,30.199033530836623,29.560445293182823,29.608510849188907,2091500,0.007127602960439017,1.0,0.009083526811602625,0.02619173416196352,4,1
2014-02-03,29.83510398864746,30.569823243016977,29.773305050458625,30.1166319027575,2139200,-0.00799096154980361,-1.0,0.009168350703713602,0.033262215501642656,0,2
2014-02-04,29.85570907592773,29.924376032535857,29.59477987957,29.924376032535857,1775100,0.0006906323265409853,0.0,0.008565340310328306,0.04146661407684893,1,2
2014-02-05,29.601646423339844,29.75271110104234,29.4437163600038,29.697777538468184,1843200,-0.008509684092304237,-1.0,0.008431299075169431,0.04720626624866697,2,2
2014-02-06,29.436840057373047,29.59477007619197,29.196512337295488,29.59477007619197,2846000,-0.0055674729577491755,-1.0,0.00874870158329406,0.0375451400140161,3,2
2014-02-07,29.732107162475582,29.745840551944543,29.29264917697383,29.50551278467833,1796100,0.010030529925326714,1.0,0.008730467182608493,0.022661940437264327,4,2
2014-02-10,30.06857109069824,30.08916986688147,29.4849137782014,29.67031062197971,1668200,0.011316518078722027,1.0,0.008846470984942817,0.037373963370517016,0,2
2014-02-11,30.39129066467285,30.61102225166777,30.006766281027545,30.02049966892572,1909500,0.010732787168408198,1.0,0.009075554060140488,0.04460883701704721,1,2
2014-02-12,30.48057174682617,30.521771931296808,30.226510491033668,30.350108425068345,1308600,0.002937719333423905,0.0,0.008618131597212156,0.03774865608336597,2,2
2014-02-13,30.68655586242676,30.74148942101248,30.336363594259645,30.343228979394738,1949300,0.006757882276996474,1.0,0.008351544136795657,0.04866578677406297,3,2
2014-02-14,30.878812789916992,30.933743715058444,30.583551536576906,30.693416006235385,1288300,0.006265184283050562,1.0,0.008371103157535486,0.056750840827517024,4,2
2014-02-18,30.83762550354004,31.11228810202164,30.7964253279548,30.95435802467655,1721100,-0.0013338364611739095,-0.0,0.00816651212659532,0.06969535529262427,1,2
2014-02-19,30.514896392822266,30.99555461550628,30.45996544646281,30.727760030984545,1889100,-0.010465433231255927,-1.0,0.008220552611273477,0.06346187101258449,2,2
2014-02-20,30.67281723022461,30.762082937981116,30.44622288822832,30.53548859598482,1576000,0.005175204771119324,1.0,0.00861364145596529,0.0434370811821696,3,2
2014-02-21,30.65908432006836,30.92687880525055,30.63848293087123,30.70714986256898,1739900,-0.0004477224916502598,-0.0,0.008413453424768402,0.03763026763965782,4,2
2014-02-24,30.49429702758789,30.85822272575652,30.487431641691508,30.75522622105155,2038500,-0.005374827596289489,-1.0,0.00834825896661173,0.030225684951941556,0,2
2014-02-25,30.50114631652832,30.78954214012992,30.425616634022692,30.56981323613592,1858000,0.00022460884847519402,0.0,0.008369005877229212,0.02967748035163531,1,2
2014-02-26,30.370695114135746,30.67968982618207,30.343228335425803,30.65222304747213,1510500,-0.00427692785834366,-0.0,0.007340246293306376,0.046900072648179636,2,2
2014-02-27,30.50440216064453,30.615251577551525,30.35891279649008,30.414338826372862,2020300,0.004402502017365917,0.0,0.007300147556057708,0.03317028054777316,3,2
2014-02-28,30.795398712158203,30.87853515510525,30.46285029751013,30.54598674045718,1917800,0.009539493676394839,1.0,0.007314600443739081,0.03409506856586986,4,2
2014-03-03,30.44899177551269,30.836963578924056,30.372782273311262,30.68454721738089,1441400,-0.011248658927372368,-1.0,0.007411082132965396,0.047618126863752996,0,3
2014-03-04,30.608333587646484,30.684543079571064,30.518267584202945,30.65683005653316,1337600,0.005233073505636954,1.0,0.007277987657120403,0.019636771620088922,1,3
2014-03-05,30.31734848022461,30.566760371809423,30.22728513048711,30.552903861959265,1438200,-0.009506728178737434,-1.0,0.007209020222026835,0.0177187108983341,2,3
2014-03-06,30.137222290039062,30.4074176532302,30.06794237640108,30.36585076219113,1600400,-0.005941356985853852,-1.0,0.007308980763105593,0.016163660490697396,3,3
2014-03-07,30.31042861938477,30.31042861938477,29.93631069471062,30.08872969576889,1772900,0.005747255924211547,1.0,0.007455270867964072,0.009429125042563768,4,3
2014-03-10,30.137222290039062,30.29656820569385,29.991732885683724,30.29656820569385,1094500,-0.005714413726070955,-1.0,0.007242437404989053,0.023944012637286072,0,3
2014-03-11,30.040224075317383,30.220353404840484,29.88087818766188,30.220353404840484,851600,-0.0032185519218783654,-0.0,0.007249322012602756,0.023792711150414148,1,3
2014-03-12,30.44205665588379,30.462842743611112,29.92937896816962,29.98480236877097,1376600,0.013376484128710953,1.0,0.007009965358190713,0.010363103804182039,2,3
2014-03-13,30.906232833862305,31.01708225035735,30.49054553986197,30.525188129839247,1618300,0.015247858685290216,2.0,0.007181007592288818,0.012421127830084533,3,3
2014-03-14,31.1002197265625,31.23185523016378,30.767671465587437,30.90623390170837,1247200,0.00627662691027342,1.0,0.007556916116864684,0.016943741378776966,4,3
2014-03-17,31.231868743896484,31.287292156610857,30.99631329342588,31.16951575280545,1082900,0.004233057466842993,0.0,0.0076382206507617624,0.02032927678926666,0,3
2014-03-18,31.335773468017575,31.38426992174391,31.086361624363004,31.29420394645565,1009200,0.0033268814291298465,0.0,0.007562328708556166,0.01777041659267531,1,3
2014-03-19,30.767683029174805,31.41199635286313,30.636050118959847,31.33578685221145,1517500,-0.01812913408448602,-2.0,0.007484222940143602,0.014798518363043911,2,3
2014-03-20,30.518272399902344,30.64990795867448,30.275790017205928,30.64990795867448,1935100,-0.008106253208470804,-1.0,0.008538519421805712,-0.002268088843520255,3,3
2014-03-21,30.77458953857422,31.09328384276277,30.54596383122236,30.65681321963554,2046700,0.00839880892709699,1.0,0.00840949898619995,0.00011063472202610392,4,3
2014-03-24,31.00322532653809,31.072505219845045,30.68453358875246,30.864662897065653,2232900,0.00742936920985704,1.0,0.008536406130748212,0.0033179967652050557,0,3
2014-03-25,31.017091751098636,31.155654224874684,30.79539285020069,31.065588220491342,1418500,0.0004472574841649646,0.0,0.00867874589845201,0.011224764669323983,1,3
2014-03-26,30.87853240966797,31.211080794748877,30.878532409667965,31.051734858743,1429900,-0.004467193202462583,-0.0,0.008571758151100535,0.01714401624139028,2,3
2014-03-27,31.14179801940918,31.16258146567916,30.80232008746294,30.92009911633141,1712700,0.008525845925850595,1.0,0.008649524134007101,0.012372849506155914,3,3
2014-03-28,31.14179801940918,31.23186402467808,30.996308609800533,31.127941507609396,1292300,0.0,0.0,0.008737753302374982,0.02538970222365866,4,3
2014-03-31,31.522857666015625,31.65449062571861,31.16952569899149,31.287302140379325,1327100,0.012236276350162889,1.0,0.008710629000081512,0.020895209006488447,0,3
2014-04-01,31.25265312194824,31.52977547947409,31.093307171727407,31.52977547947409,1762400,-0.008571702062363795,-1.0,0.008861067329067263,0.02362232620064164,1,4
2014-04-02,31.08636474609375,31.27342364761936,31.010155270339745,31.218000256162945,1384600,-0.005320776293955887,-1.0,0.008691417260997815,0.026393693175806865,2,4
2014-04-03,31.1556453704834,31.328847752764744,31.065579391696687,31.183355743075865,1035900,0.002228649922739967,0.0,0.008756133057388166,0.015617679971973386,3,4
2014-04-04,31.23878288269043,31.62675718419955,31.183356849821102,31.245709815369736,1444300,0.0026684573925017663,0.0,0.008435770429678347,0.02765073241169458,4,4
2014-04-07,31.245718002319336,31.68911845287681,31.23186413333075,31.26650409152102,1435300,0.0002220035157882716,0.0,0.008272157673889374,0.03655149708390515,0,4
2014-04-08,31.53669166564941,31.61290114053528,30.968588034684107,31.1695034424998,1642800,0.009312433252725238,1.0,0.008226188955164426,0.030857016067942,1,4
2014-04-09,31.56442642211914,31.682202860526253,31.15566839217937,31.56442642211914,1735400,0.0008794440699035899,0.0,0.008222605341687181,0.04643657474938889,2,4
2014-04-10,31.446622848510746,31.806884106414092,31.335773433991136,31.70296162405136,1232400,-0.003732162657828053,-0.0,0.00813584927710122,0.050738714297877685,3,4
2014-04-11,31.48127174377441,31.73761323504033,31.391208385841345,31.48127174377441,1493700,0.0011018319973683521,0.0,0.007831731259858398,0.032999287925337795,4,4
2014-04-14,31.640623092651367,31.737618687091263,31.40507029187648,31.612912708528253,1868100,0.005061782451926122,1.0,0.007178124717527226,0.018605920462815728,0,4
2014-04-15,32.090938568115234,32.097868143707565,31.64061129752823,31.654467805854157,1657600,0.01423219366272388,1.0,0.007137431039473642,0.017376191256530227,1,4
2014-04-16,32.243370056152344,32.30572304643845,32.06323802072146,32.18794400129368,1373800,0.004749985349090435,0.0,0.007687117443460737,0.02750619347382588,2,4
2014-04-17,31.82074546813965,32.31263965493482,31.72375254599513,32.16022069564548,1435400,-0.013107332988973819,-1.0,0.007711916182841137,0.028963592970222773,3,4
2014-04-21,31.66833877563477,31.917750753678785,31.425856376347493,31.78611782875997,1117200,-0.0047895387195587835,-0.0,0.007132528149296863,0.03422625089989073,0,4
2014-04-22,31.73760414123535,31.83459704836212,31.50204880555956,31.668321605531588,1220200,0.002187211842443526,0.0,0.006940331928377317,0.03768451767722292,1,4
2014-04-23,31.938526153564453,32.26414755869445,31.779180239504463,31.79303675066524,1287300,0.0063307240028258605,1.0,0.0067748000981470305,0.03129252468027399,2,4
2014-04-24,32.174072265625,32.19485834779272,31.723747675821475,31.924663065338905,1460900,0.007374983771261334,1.0,0.006730742064602144,0.03016785567228597,3,4
2014-04-25,32.54128646850586,32.575926439851585,32.20180840645274,32.24337795778386,1232300,0.01141335793147924,1.0,0.0068485045884350585,0.03730138608128475,4,4
2014-04-28,32.77682113647461,32.83917410240147,32.45812673126023,32.45812673126023,2126500,0.007238025706104212,1.0,0.007000692263418641,0.05384822169583714,0,4
2014-04-29,32.638267517089844,32.9777428122143,32.541274575625714,32.79068650673887,2136500,-0.004227182947603825,-0.0,0.006950952133586837,0.052502527825991185,1,4
2014-04-30,32.742191314697266,32.85997035976691,32.60363146335851,32.69369483815675,1677300,0.003184108885467163,0.0,0.007085736033256247,0.04805340708805539,2,4
2014-05-01,32.672908782958984,32.91539114632059,32.416569906996784,32.91539114632059,1278900,-0.0021160016772360235,-0.0,0.006714177967360932,0.03868093627806424,3,5
2014-05-02,31.855388641357425,32.437348875935214,31.74453919871685,32.04937450526363,2165900,-0.025021345575082288,-3.0,0.0063521282620134945,0.04544432293376466,4,5
2014-05-05,32.298797607421875,32.35422366938369,31.862329262343003,31.910825745129543,1285100,0.013919433570770412,1.0,0.008574657276030767,0.024738302517675725,0,5
2014-05-06,32.14637756347656,32.34036347254102,32.07709499391083,32.2156574901825,1162500,-0.00471906248021714,-0.0,0.009013106656503293,0.03669165646690442,1,5
2014-05-07,32.56205368041992,32.61055014468543,32.16715238976696,32.222575787702226,1789500,0.012930729632679716,1.0,0.009119269073269723,0.029053458458813353,2,5
2014-05-08,32.194862365722656,32.67982696251812,32.11865288826656,32.555123668241315,1251600,-0.011276663268879217,-1.0,0.009452474623970824,0.0421285143136374,3,5
2014-05-09,31.709901809692383,32.28493251403376,31.66140533979104,32.16022655061334,1263000,-0.015063290239333393,-2.0,0.00972110249532678,0.02086999825635294,4,5
2014-05-12,31.280353546142575,31.841527613651795,31.245710952908688,31.779174645833123,1617100,-0.013546187122487785,-1.0,0.010336443120160724,0.004608839889176597,0,5
2014-05-13,31.4119930267334,31.61983541559217,31.287287064846257,31.363496557428327,1194200,0.004208375726848512,0.0,0.010740405223761062,-0.005287350033392979,1,5
2014-05-14,31.619836807250977,31.834608782811276,31.405067474550155,31.49513083987525,1660100,0.006616701472609288,1.0,0.010780511245524881,-0.002200632731894414,2,5
2014-05-15,31.502063751220703,31.79304261065137,31.439710760934165,31.64755318093604,998900,-0.0037246573013073325,-0.0,0.010822628590520822,-0.0006569493065773369,3,5
2014-05-16,31.855388641357425,31.88310166273236,31.41891780470928,31.515913379521564,2385800,0.01121592835717089,1.0,0.010342719193518729,-0.01835018990312809,4,5
2014-05-19,31.3565673828125,31.827678213133343,31.3011439784062,31.827678213133343,1331400,-0.015658928671719696,-2.0,0.010609945282304356,-0.012032905186996401,0,5
2014-05-20,31.308074951171875,31.6336964137098,31.05866563488424,31.34964449198301,1600000,-0.001546484060216513,-0.0,0.010774605324243557,-0.01458727878615873,1,5
2014-05-21,31.36349105834961,31.467410913128656,31.1695052151416,31.39120407676758,1341700,0.0017700260161048753,0.0,0.010735386187867891,-0.011376151651506183,2,5
2014-05-22,31.515907287597656,31.626756708811392,31.28035193716114,31.335775326338677,878100,0.0048596704035430704,0.0,0.01073057008520271,-0.0117876913840409,3,5
2014-05-23,31.335773468017575,31.59904181885946,31.328846535853177,31.529759282922907,744100,-0.005715647591429729,-1.0,0.010688403199209918,-0.013232259495469245,4,5
2014-05-27,31.32884407043457,31.6406062076102,31.30113105824082,31.564399388364844,1481700,-0.0002211337655372292,-0.0,0.010582500963393773,-0.02605510395720312,1,5
2014-05-28,31.54062271118164,31.55460070536389,31.344933458659977,31.37288944702447,1114600,0.006759861304519887,1.0,0.010186109794030916,-0.03725858838570251,2,5
2014-05-29,31.47073173522949,31.65244298776583,31.289023148722865,31.582553019086586,1739200,-0.0022159034903066477,-0.0,0.010165511206015495,-0.037715628985060645,3,5
2014-05-30,31.72931671142578,31.757270029424085,31.46374019522158,31.49868384224149,1638600,0.00821668140327425,1.0,0.0101507621830342,-0.03577199008032572,4,5
2014-06-02,31.68738555908203,31.813184832387325,31.624485922429383,31.708351215956377,831800,-0.0013215271140285534,-0.0,0.010329270876155362,-0.030934844694308183,0,6
2014-06-03,31.680402755737305,31.79921171762523,31.540625467728557,31.60352511403099,902600,-0.00022036539845504688,-0.0,0.010328142108446424,-0.030163314519182527,1,6
2014-06-04,31.63845634460449,31.66641232443349,31.456745141744964,31.62447835468999,650700,-0.0013240491750130534,-0.0,0.008797326779962773,-0.005493132970066483,2,6
2014-06-05,31.869081497192383,31.93897143576479,31.547595777844982,31.547595777844982,787600,0.007289393328041571,1.0,0.008179016846103256,-0.02044476301698761,3,6
2014-06-06,31.78521728515625,32.07874970478344,31.757261308805347,31.98789411465733,975600,-0.002631522720336954,-0.0,0.008320970320917633,-0.0086260439683018,4,6
2014-06-09,31.56856918334961,31.79920203826622,31.470725911335,31.69436843766245,1320100,-0.006816001912556269,-1.0,0.007749679952719007,-0.023857106891596258,0,6
2014-06-10,31.56157112121582,31.624470727646745,31.442762234639805,31.59651475456004,1110800,-0.00022167815377205358,-0.0,0.007514965224612085,-0.019453202665026814,1,6
2014-06-11,31.21213722229004,31.61749093482722,31.205149560293776,31.51964500467656,1125700,-0.011071498867522789,-1.0,0.0067790306447988585,-0.00467774039058122,2,6
2014-06-12,31.49868392944336,31.547605568612543,30.946565240500384,31.22611974949235,1395400,0.009180617947196712,1.0,0.0065532005646496095,-0.0021808041188507987,3,6
2014-06-13,31.701358795166016,31.79221440470354,31.30998304072141,31.491694259796457,1078800,0.006434391550346863,1.0,0.0068011572238839075,0.0027598026854323,4,6
2014-06-16,31.98089599609375,32.20454108638598,31.62446671555637,31.62446671555637,1242700,0.008817830261911741,1.0,0.006792605408080907,0.0025781912921303274,0,6
2014-06-17,31.855104446411133,31.980900996956112,31.67339328201472,31.88305775429423,912200,-0.003933334128536692,-0.0,0.006984095180314031,0.01520002780308305,1,6
2014-06-18,32.70774841308594,32.75667004651815,31.81317835486367,31.81317835486367,1763200,0.0267663214888898,3.0,0.0066210849879614515,-8.921408854667412e-06,2,6
2014-06-19,32.700767517089844,33.06418734494599,32.644855543867536,32.77764514725571,2934400,-0.00021343248419081196,-0.0,0.007939019509805691,0.043090846449412634,3,6
2014-06-20,32.463138580322266,32.819567986473615,32.42819493909628,32.707746734933096,1984000,-0.007266769400546602,-1.0,0.007914193258747954,0.04448349405353147,4,6
2014-06-23,32.337345123291016,32.56797532945867,32.274445491421766,32.40024475516027,1232100,-0.0038749628819777504,-0.0,0.008174668730634181,0.035061387774939945,0,6
2014-06-24,32.519046783447266,32.58893672958634,32.27443863703263,32.35131624477118,1687900,0.005618941798205324,1.0,0.008226517754335787,0.02606422934924102,1,6
2014-06-25,32.58195114135742,32.65184109766275,32.42120824089902,32.435186232160085,1211700,0.0019343850491391201,0.0,0.008117206938840011,0.03776110127415189,2,6
2014-06-26,32.68678665161133,32.700764643688665,32.442175789302,32.630874683301975,856700,0.0032175946062613647,0.0,0.008104019618331721,0.03999850961962004,3,6
2014-06-27,32.74967956542969,32.87547880229278,32.51205908091372,32.66581429619724,1637500,0.0019241081874672439,0.0,0.008034380701085728,0.03633929332737473,4,6
2014-06-30,33.036224365234375,33.10611165093892,32.602917328602295,32.791613533210366,1257400,0.008749545143860393,1.0,0.007983304355081006,0.04063927845594062,0,6
2014-07-01,32.623870849609375,33.10609934011917,32.609892864460505,33.07814603584949,1275600,-0.012481859641894744,-1.0,0.008005106316439099,0.041189278221613,1,7
2014-07-02,32.246482849121094,32.56796860517394,32.12068361135626,32.56796860517394,2632400,-0.0115678486537657,-1.0,0.008583043312408153,0.029553883162157346,2,7
2014-07-03,31.92500114440918,32.12068768753017,31.673402636951213,32.07875638030664,934300,-0.0099695122167619,-1.0,0.009036859763042557,0.01786846265018749,3,7
2014-07-07,31.9599552154541,32.26047545673153,31.827168255878284,31.925011559358367,1680800,0.0010948808078912187,0.0,0.009334433138875125,0.009056851468467908,0,7
2014-07-08,32.127685546875,32.27445048861772,31.945974286215595,31.945974286215595,1175700,0.005248140377236643,1.0,0.009205163309142738,0.002851469637420445,1,7
2014-07-09,32.01586151123047,32.17660443354302,31.764262966383143,32.10671446773565,1054300,-0.0034806128652304924,-0.0,0.00924551996246157,0.010774450860170148,2,7
2014-07-10,32.176597595214844,32.358306135637214,31.91800877572855,31.952955084220065,1407400,0.005020514095114725,1.0,0.009140690843113987,0.014168913557120577,3,7
2014-07-11,31.9599552154541,32.27445345237584,31.86909957678114,32.20456614018437,785500,-0.006732917584578946,-1.0,0.009185452800071024,0.0194865607810506,4,7
2014-07-14,31.56856918334961,32.134665827757395,31.56158152078965,32.00886657344455,1265400,-0.01224613831483845,-1.0,0.008947021072632315,0.023959204966906622,0,7
2014-07-15,31.72931671142578,31.834147652485512,31.56158347328908,31.59652712030899,1430500,0.005092011840718946,1.0,0.009205359671558912,0.0022186721852504032,1,7
2014-07-16,31.778234481811523,31.848121767343343,31.42879272209432,31.792212472123698,1755800,0.0015417215199005074,0.0,0.009164075045386678,0.0008819153917158928,2,7
2014-07-17,31.484703063964844,31.841135163701587,31.484703063964847,31.715335912739107,730200,-0.0092368699090154,-1.0,0.00895236534390787,-0.006336955484517404,3,7
2014-07-18,31.82715606689453,31.84812171931665,31.400836694117785,31.6174915445862,720100,0.01087680586454809,1.0,0.009133997462382715,-0.011627693234200653,4,7
2014-07-21,31.764257431030277,31.83414471862924,31.54061491147864,31.78522308410414,1129300,-0.0019762568710837147,-0.0,0.0072180536090687844,-0.026923050008514027,0,7
2014-07-22,31.834142684936523,31.931985947736106,31.687377790737152,31.82715502303468,1450200,0.002200122387812309,0.0,0.00721535387360154,-0.02863877997879205,1,7
2014-07-23,31.701358795166016,31.85511403191733,31.603515523062168,31.85511403191733,896000,-0.004171115618996635,-0.0,0.007122861004556031,-0.01937569572422715,2,7
2014-07-24,31.792207717895508,31.834139016532543,31.582540560595717,31.715330115689405,657800,0.0028657737769697267,0.0,0.00712932119616496,-0.019667240019247245,3,7
2014-07-25,31.68738555908203,31.86210647578054,31.59652993591052,31.75028519573468,1323100,-0.0032971022252875626,-0.0,0.007027629049036164,-0.022351179922092013,4,7
2014-07-28,32.218544006347656,32.274455993326804,31.596537814371157,31.63847180460552,1146600,0.016762457296303657,2.0,0.0070091631994734825,-0.02745586286083057,0,7
2014-07-29,31.918018341064453,32.29541619122932,31.91103067688947,32.218538555155384,1163800,-0.00932772335161991,-1.0,0.007999100446830526,-0.014325135421061286,1,7
2014-07-30,31.400840759277344,32.11370236023615,31.30998514363756,31.93199112895657,1473400,-0.016203311128552444,-2.0,0.008192119695798548,-0.025394484324760547,2,7
2014-07-31,30.680992126464844,31.34492943571533,30.597124172135345,31.219130170250523,1759500,-0.022924501873403558,-2.0,0.008482518530379277,-0.04950273941346717,3,7
2014-08-01,30.604103088378903,31.344917746483425,30.345514324674067,30.62506873612799,2512000,-0.0025060805650941598,-0.0,0.009364533651894128,-0.05955389941619371,4,8
2014-08-04,30.18476676940918,30.604098321272065,29.6606043291016,30.604098321272065,3623500,-0.013701964006550327,-1.0,0.009150406470571564,-0.05093205880550644,0,8
2014-08-05,29.80038833618164,30.296594920104692,29.70953274590476,30.11488640557958,2168500,-0.012734185960883049,-1.0,0.009338167781882283,-0.0545100802699503,1,8
2014-08-06,29.38106346130371,29.73749287909164,29.29719552038853,29.70953689878658,3295500,-0.014071121159478728,-1.0,0.009548059848658341,-0.0675710233232183,2,8
2014-08-07,29.674591064453125,29.842324267864548,29.47890454883049,29.47890454883049,1552300,0.009990366874773171,1.0,0.009615510252896628,-0.08549081699532657,3,8
2014-08-08,30.387460708618164,30.39445103807781,29.77943268107628,29.77943268107628,1635100,0.024022896983371567,2.0,0.010103052076058633,-0.07312845371835697,4,8
2014-08-11,30.24768829345703,30.5482085236764,30.19177897896713,30.415421568986662,1229100,-0.0045996740728484475,-0.0,0.011643592095364898,-0.05560366913569359,0,8
2014-08-12,30.240684509277344,30.34551541782761,30.079941650010767,30.191762885414843,764100,-0.00023154775041778208,-0.0,0.01161551737598524,-0.053575385523979446,1,8
2014-08-13,30.36649703979492,30.450362336592924,30.14285447098044,30.149842134867896,926300,0.004160373105277282,0.0,0.011408327231780131,-0.042063505202276974,2,8
2014-08-14,30.771839141845703,30.785817131537502,30.40143174611426,30.40143174611426,1171600,0.01334833258902357,1.0,0.011381220782221202,-0.04295143459991713,3,8
2014-08-15,30.86967658996582,31.037409768649265,30.66700244267672,30.771833346578997,1276700,0.0031794475354276486,0.0,0.011848341831509632,-0.03166932828007918,4,8
2014-08-18,30.87667655944824,31.07236310733577,30.757864965352766,30.91162020499541,948800,0.0002267587566724405,0.0,0.011750487658089523,-0.019534136077114184,0,8
2014-08-19,31.268054962158203,31.282030288734017,30.932588471689925,30.974522449505837,820800,0.012675535268714011,1.0,0.011443829203065284,-0.02986379007438078,1,8
2014-08-20,31.51265335083008,31.526631339080947,31.19815528025719,31.240089245009795,1806000,0.007822628844931456,1.0,0.011845285363292206,-0.01562140937654466,2,8
2014-08-21,31.57555389404297,31.729309103298046,31.407820696125725,31.51265427807759,1208700,0.001996040844692404,0.0,0.01197651883013191,-0.010098884624857973,3,8
2014-08-22,31.56157112121582,31.70134832062103,31.344916328836327,31.6384487141901,1346200,-0.0004428353932941498,-0.0,0.01195540236606431,-0.00396843876427877,4,8
2014-08-25,31.694374084472656,31.80619536755896,31.56857480774686,31.596530795025853,936000,0.0042077424709559,0.0,0.011935854870427262,-0.007254500811211817,0,8
2014-08-26,31.41481208801269,31.897040716069167,31.386856109741032,31.71533218936101,1133400,-0.008820555841073552,-1.0,0.011953304573096233,0.0002205459764925699,1,8
2014-08-27,31.68738555908203,31.68738555908203,31.44277734211597,31.491698985509185,1502100,0.00867659084847272,1.0,0.011461468311465745,-0.02494625201488354,2,8
2014-08-28,31.855104446411133,31.918001388669417,31.491684783646715,31.5895280263086,2300400,0.00529292285778471,1.0,0.011491702302527846,-0.0072257863730122995,3,8
2014-08-29,32.071773529052734,32.0787638592392,31.81318729877973,31.86210894596571,855700,0.006801706866354618,1.0,0.010947114505724689,0.014466609050892254,4,8
2014-09-02,31.757265090942383,32.10670683885956,31.64544383825005,31.96693227251586,2522100,-0.009806393707084804,-1.0,0.009569134204344935,0.0453303920829935,1,9
2014-09-03,31.98089599609375,32.08572954885486,31.78520954136954,31.834131155050592,2307400,0.007041881739846323,1.0,0.009874727091902562,0.03767998033575326,2,9
2014-09-04,32.05079650878906,32.071762159856654,31.743286074310376,31.91101928093774,1220900,0.002185695882437111,0.0,0.009264175357113732,0.05950449246157041,3,9
2014-09-05,32.54701232910156,32.54701232910156,32.02284957611062,32.07177121977407,1407800,0.015482168131965901,2.0,0.008558781586532931,0.07551606869079386,4,9
2014-09-08,32.386253356933594,32.53301821519991,32.23948849866728,32.51904022878955,1679700,-0.004939285073002786,-0.0,0.00793048314846223,0.10775474046293665,0,9
2014-09-09,32.029842376708984,32.31638459714124,32.00887405207162,32.2884286083113,2595300,-0.011005008090826496,-1.0,0.008119660796533059,0.0913799380281517,1,9
2014-09-10,31.778234481811523,32.07875460845064,31.69436653993848,32.00187699474821,1907000,-0.007855420952068815,-1.0,0.007411696110310437,0.05404800630889928,2,9
2014-09-11,31.991863250732425,32.0553113006744,31.68872286648456,31.82971883183055,1755000,0.006722487023096635,1.0,0.007600074788306651,0.05060043509789702,3,9
2014-09-12,31.42081069946289,31.879046621357567,31.350314106528007,31.879046621357567,1315800,-0.017849930990076368,-2.0,0.007631991367549916,0.05790803911590858,4,9
2014-09-15,31.45606231689453,31.681654665230177,31.413765432377176,31.491310617083304,1152600,0.0011219194109539643,0.0,0.008839030958513839,0.03471963388751442,0,9
2014-09-16,32.118736267089844,32.20333270978878,31.399659780967784,31.456056513009603,2162000,0.021066653019675696,2.0,0.008423826870494101,0.02223536825000405,1,9
2014-09-17,32.16103744506836,32.379581197980784,31.991844537042365,32.28793347072425,2088800,0.0013170249796490285,0.0,0.009484149676856566,0.04046235060104353,2,9
2014-09-18,31.90725517272949,32.28794336637092,31.879058138931825,32.17514716335942,2031300,-0.007890985257311245,-1.0,0.009477321884494955,0.04159647438568337,3,9
2014-09-19,32.04119873046875,32.12579520042303,31.90020282102943,32.04824731576773,1926400,0.004197902859840452,0.0,0.009379528289740773,0.020442595848858103,4,9
2014-09-22,31.66051483154297,31.998903446055127,31.653466245297857,31.94955527451837,1081800,-0.011881075428173071,-1.0,0.009280643446423554,0.01677248100165918,0,9
2014-09-23,31.505409240722656,31.68870469735996,31.477212215240076,31.65345639855212,1127300,-0.0048990230148052705,-0.0,0.009679208063258088,0.0026907188322047304,1,9
2014-09-24,31.38556671142578,31.59705920853555,31.364418268496703,31.590010623983527,1058900,-0.0038038715314312466,-0.0,0.009742016684564972,-0.0017794386812198804,2,9
2014-09-25,31.20931625366211,31.54770471899675,31.202264981251872,31.38556041410343,921900,-0.005615653188110414,-1.0,0.009724222526318466,-0.009743286686269115,3,9
2014-09-26,31.300968170166016,31.40671306705656,30.93437994454522,31.17407214247909,987000,0.002936684538648038,0.0,0.009610291206811972,-0.006541367612668103,4,9
2014-09-29,31.237525939941406,31.32917099636004,31.01898214306776,31.167026639688626,1104400,-0.0020268456195894347,-0.0,0.009422958571010925,-0.012194675644525144,0,9
2014-09-30,31.230466842651367,31.604106317218356,31.145870392811126,31.29391485234971,1143300,-0.0002259813182263759,-0.0,0.009331269201094774,-0.01938711290395112,1,9
2014-10-01,31.64640617370605,31.864949936391792,31.279817937558807,31.29391779540365,2801500,0.013318383396262234,1.0,0.009166166498117164,-0.026231997604973634,2,10
2014-10-02,31.759204864501957,31.935449067622688,31.57591207653656,31.61116037930608,2604100,0.003564344405388553,0.0,0.0094677923471022,-0.0034908206647791262,3,10
2014-10-03,32.11168670654297,32.16808613086366,31.61115391742344,31.79444666792053,2112300,0.011098572635708237,1.0,0.009366057233223651,-0.006931986258886247,4,10
2014-10-06,32.11168670654297,32.30203072971643,31.99184196377037,32.19628315375143,1238200,0.0,0.0,0.009680494840938424,0.0018998029498957791,0,10
2014-10-07,32.29498672485352,32.54172751805616,31.970695367579115,32.03414338429879,3786400,0.005708202748291091,1.0,0.009020269491352645,-0.013375286743888104,1,10
2014-10-08,32.9012565612793,32.95060739730502,32.25267938150734,32.27382781889529,2007100,0.01877287770981506,2.0,0.009063444530722938,-0.002818067007449354,2,10
2014-10-09,32.49943542480469,33.20441235540152,32.478286977454324,32.96472009142766,2314000,-0.01221294195029321,-1.0,0.009585621949397305,0.027206321352488905,3,10
2014-10-10,32.753211975097656,33.07750056353887,32.6333672447368,32.640415827410614,1955700,0.007808644888005478,1.0,0.009838074739547252,0.02269480840434812,4,10
2014-10-13,32.97175979614258,33.37359629042679,32.809615481718474,32.84486377802413,1372600,0.00667256149446005,1.0,0.009871825305915806,0.023798198885705668,0,10
2014-10-14,33.5286979675293,33.944634391955574,32.85896946185673,33.01406522023459,2557300,0.01689136930604107,2.0,0.00891374023558701,0.04936056906724562,1,10
2014-10-15,33.5286979675293,33.8106870772572,32.689773844601504,33.437050229463004,3298500,0.0,0.0,0.009454314760128051,0.06588986344681769,2,10
2014-10-16,33.09160232543945,33.324245906168386,32.66156883647172,33.19030131346753,2998100,-0.013036463345911797,-1.0,0.008522760639297397,0.043898417693480685,3,10
2014-10-17,33.26081085205078,33.35245860341104,32.640430417823175,33.20441140836032,2106700,0.005113337364182291,1.0,0.009140383805251697,0.028934541740468278,4,10
2014-10-20,33.88822555541992,33.944624975283446,33.23964836262354,33.288996510367944,2023200,0.018863481896457035,2.0,0.008917327712966994,0.042421564374429455,0,10
2014-10-21,33.70493698120117,33.916429453259184,33.51459294956716,33.916429453259184,3714500,-0.005408621171946737,-1.0,0.009641438847945756,0.05764537215003718,1,10
2014-10-22,33.88822555541992,34.14906614910783,33.6414848166979,33.697881547289064,1518700,0.005438033434715495,1.0,0.0092468380903101,0.06457324400869724,2,10
2014-10-23,34.127925872802734,34.311218652647945,33.81068578338507,34.01512969537345,1702400,0.0070732625699392315,1.0,0.009077528327656327,0.07563197470284977,3,10
2014-10-24,34.25482177734375,34.33941823777338,34.0785775827061,34.198422344208666,1180500,0.003718242503630842,0.0,0.008948321807410729,0.08737644238166986,4,10
2014-10-27,34.1561164855957,34.38170878032548,34.050368920884495,34.233664341147616,1590000,-0.002881500665501413,-0.0,0.008672564209993404,0.09758321838673023,0,10
2014-10-28,34.388771057128906,34.388771057128906,33.97988586858377,34.23367797353685,1403300,0.006811505389710204,1.0,0.008816059722013419,0.09121597453177266,1,10
2014-10-29,34.08562469482422,34.480412641897274,33.761336036124675,34.388764911648146,1245500,-0.008815271758362053,-1.0,0.0087141938565292,0.10088011205644842,2,10
2014-10-30,34.79060745239258,35.23474363340744,34.07858199710379,34.17022974318348,1772400,0.020682700225687967,2.0,0.00914414678245469,0.0914221957218253,3,10
2014-10-31,34.79060745239258,34.98800280466215,34.6284630950352,34.9527544990233,1609700,0.0,0.0,0.009638597787178236,0.09935413397110926,4,10
2014-11-03,34.95273971557617,35.016185025327566,34.78354415508918,34.88224044484318,1585400,0.004660230879999894,0.0,0.009688352225908078,0.09544957440917834,0,11
2014-11-04,34.90338516235352,35.22767639462658,34.70599260387837,34.88928799898122,1226000,-0.001412036756610946,-0.0,0.009566722943090954,0.08847411333439292,1,11
2014-11-05,35.833961486816406,35.8551099240238,34.98093776606374,35.03733718431316,2441900,0.026661492005268128,3.0,0.009601794205981931,0.0869371478777452,2,11
2014-11-06,34.896358489990234,35.643635013671954,34.77651370117897,35.636583738286824,3521900,-0.02616520635518138,-3.0,0.010799801808588387,0.10958279042237118,3,11
2014-11-07,35.74231719970703,35.74231719970703,34.995040971972,35.030289267117354,2397900,0.024242034020812042,2.0,0.012287889780031197,0.060639079999726286,4,11
2014-11-10,35.763465881347656,35.89741047951688,35.32638110218317,35.63656986654626,1719100,0.0005916986725416074,0.0,0.01261974621879714,0.09978271106910563,0,11
2014-11-11,35.6295166015625,35.897405762701084,35.49556933172101,35.70001318306798,1296600,-0.003745422220250094,-0.0,0.01262669631136857,0.0919071359639081,1,11
2014-11-12,34.88929748535156,35.37573043211398,34.68485360033024,34.96684266207133,2321600,-0.020775446506576367,-2.0,0.012731861983097661,0.0806070656177369,2,11
2014-11-13,34.73420333862305,35.107840139887145,34.6214071709241,34.96684425794528,1371300,-0.00444532157156885,-0.0,0.013426016362361966,0.040580147762968144,3,11
2014-11-14,34.40286636352539,34.691906736068525,34.29712145997429,34.593210417044965,1888100,-0.00953921331856844,-1.0,0.01349369655139782,0.035954434385170986,4,11
2014-11-17,34.85405731201172,34.910456755419865,34.33942449264303,34.409923796903215,860600,0.013114923149679436,1.0,0.013322314404373871,0.03962528091539075,0,11
2014-11-18,35.09373474121094,35.220630745993546,34.79059458414941,34.973890008512,1048600,0.006876600536162458,1.0,0.013530513878017993,0.04790161211186161,1,11
2014-11-19,35.2065315246582,35.26293094525312,34.83994335860843,34.987990493033884,1267500,0.0032141572927206763,0.0,0.013041610704370009,0.03557309850347745,2,11
2014-11-20,35.22063064575195,35.340478067382136,35.03028663911978,35.16423391560483,1306300,0.0004004689040122411,0.0,0.012940411103355252,0.044551174930086423,3,11
2014-11-21,35.50263214111328,35.57312874552881,35.09374430553859,35.509680725845605,1840100,0.00800671340038428,1.0,0.012923236126996154,0.03931764111263525,4,11
2014-11-24,35.255882263183594,35.566073720699656,35.15013737570796,35.51672556868984,1859000,-0.0069501854665007246,-1.0,0.012943445725193048,0.040280979085402846,0,11
2014-11-25,34.90338516235352,35.23472497631273,34.78354044878558,35.23472497631273,2290500,-0.009998249319041141,-1.0,0.013079713233512407,0.02922392918423955,1,11
2014-11-26,34.99504089355469,35.14308534639693,34.91749303084517,34.95274401518407,1714300,0.002625984006274118,0.0,0.013288195639231974,0.02187803397007837,2,11
2014-11-28,35.70002746582031,35.70707874035524,35.100798215469425,35.15014638012076,1362600,0.02014532785973877,2.0,0.013229743032790273,0.01762987794529214,4,11
2014-12-01,35.73527145385742,36.13005941265099,35.19949029267674,35.45328235981026,2265300,0.0009872257961385245,0.0,0.013666871071894973,0.04736315632910304,0,12
2014-12-02,36.094818115234375,36.15826614432805,35.43213810263964,35.622482189920675,1887700,0.010061394436060578,1.0,0.013001521122950572,0.027152845858110508,1,12
2014-12-03,36.10890579223633,36.1441540877786,35.85511376149585,36.05250636795064,1558000,0.00039029638428922375,0.0,0.013133728873375355,0.037487435786411005,2,12
2014-12-04,36.34859085083008,36.46138698804645,36.045450727822576,36.15824686503895,1766200,0.006637837767027754,1.0,0.013120866454125052,0.033077981470646334,3,12
2014-12-05,36.18645095825195,36.30629569201564,35.96790723934643,36.144151393191166,1929300,-0.004460692664635224,-0.0,0.013145032455327445,0.04140588890602337,4,12
2014-12-08,36.62354278564453,36.74338754257265,36.13005852164072,36.24990327856883,2191600,0.012078880791510871,1.0,0.011925319228134237,0.009836743045148033,0,12
2014-12-09,36.82797622680664,36.89847280623471,36.51778482307003,36.6376322352243,2665900,0.00558202253557627,1.0,0.010476282625777603,0.0494946857033729,1,12
2014-12-10,36.41206359863281,37.081789605912206,36.39091245965189,36.87734831710502,1627700,-0.011293388092042167,-1.0,0.009246209320216916,0.030374612284748803,2,12
2014-12-11,36.71253967285156,36.95406964608975,36.42838580672707,36.46390707241172,1443000,0.00825210231232365,1.0,0.00965705335668156,0.01813576232899261,3,12
2014-12-12,36.32894134521485,36.99670227532386,36.31473337756436,36.53495281130775,1189800,-0.010448700391064936,-1.0,0.009723108657593656,0.030396793854945647,4,12
2014-12-15,36.03766250610352,36.53493022690892,35.78192466626697,36.442579849214376,1277300,-0.00801781797998069,-1.0,0.00875458005304531,0.041263194263734704,0,12
2014-12-16,36.20816421508789,36.54204184604257,35.646961896186134,35.995047489505744,2239200,0.004731208883358873,0.0,0.008918522852752672,0.03752667521327835,1,12
2014-12-17,36.826202392578125,36.93986340234349,36.33603979606977,36.40707691096354,2330300,0.017069028239567574,2.0,0.008547807870028169,0.052475216235950306,2,12
2014-12-18,37.55788803100586,37.57209599333672,36.769363735939336,37.03220697422266,2076300,0.019868615031975123,2.0,0.008832746478854916,0.0565829413463077,3,12
2014-12-19,37.437129974365234,37.90598196132771,37.33767693317503,37.650244021185976,3052500,-0.0032152515216226085,-0.0,0.009567209093583256,0.07021633086264933,4,12
2014-12-22,37.69285583496094,37.7212690448438,37.33055963256894,37.493947106433296,1202100,0.006830808365139385,1.0,0.009671728585013636,0.06335751785559296,0,12
2014-12-23,38.18302536010742,38.232751874017616,37.64313633341456,37.76389995008453,2470300,0.013004308489988237,1.0,0.009687957200432388,0.07019253045394191,1,12
2014-12-24,39.0852165222168,39.1562536356373,38.1901337177223,38.26117354103497,1549900,0.02362806911188242,2.0,0.009869548659641035,0.0754984365198701,2,12
2014-12-26,39.54696273803711,39.66062645406932,39.14915057149293,39.18466912780693,1676900,0.011813832873558416,1.0,0.010484413530442951,0.10861547104246028,4,12
2014-12-29,39.88795471191406,40.25024837887136,39.49013977318879,39.49013977318879,2194500,0.008622456701307568,1.0,0.009996018282223362,0.13304089428815935,0,12
2014-12-30,38.83658218383789,39.738767638445566,38.75133710360735,39.738767638445566,1629100,-0.026358145853042192,-3.0,0.009980064718506862,0.13981734821348768,1,12
2014-12-31,38.0196418762207,38.985761751309525,37.9699153570522,38.9715537872768,1965400,-0.02103532962169785,-2.0,0.011755364522417468,0.08785860798063982,2,12
2015-01-02,38.175926208496094,38.21854739007456,37.60051586815871,38.02674394329543,1693400,0.004110620841306201,0.0,0.012965469332703712,0.06392480956281354,4,1
2015-01-05,37.834938049316406,38.22565025446078,37.68575850365684,38.19012899225359,1400700,-0.00893202059636733,-1.0,0.012868900640959587,0.057656699823716684,0,1
2015-01-06,37.85625076293945,38.49559282439993,37.69286325690316,37.92728786647113,2680800,0.0005633077446900447,0.0,0.013112915974122936,0.047800735558461316,1,1
2015-01-07,38.41033935546875,38.60924536975784,37.87045044101641,38.14749887803085,1463200,0.014636647353142962,1.0,0.013079585011822756,0.041477809092974605,2,1
2015-01-08,38.47429656982422,38.68741066971173,38.24697450195851,38.33221959993495,2115100,0.0016651041211475093,0.0,0.013269083749580553,0.061456383213222,3,1
2015-01-09,37.99122619628906,38.55953121184956,37.7283856346971,38.4742861369885,1595600,-0.01255566486208437,-1.0,0.013103562598782285,0.05053453716949341,4,1
2015-01-12,37.88466644287109,38.17592290129092,37.64313649857964,38.15460960245606,1040100,-0.002804851648309903,-0.0,0.013477979198615297,0.031586041066131276,0,1
2015-01-13,38.1332893371582,38.7300100651721,37.90596741314253,38.1119787536227,1460900,0.0065626259284090604,1.0,0.013197318399354764,0.0404427186679297,1,1
2015-01-14,38.46717834472656,38.48138359705261,37.79231504378735,37.81362563216813,1422800,0.008755840720066299,1.0,0.013162228395476348,0.03869930211767025,2,1
2015-01-15,39.13493347167969,39.17755735524203,38.36061720125862,38.58083653482679,2110200,0.017359087816865237,2.0,0.012926966830326922,0.05885767435921596,3,1
2015-01-16,39.46171951293945,39.47592747811029,39.0141780946809,39.305437315844735,1464300,0.008350238834473833,1.0,0.01305001658850367,0.0859453901887115,4,1
2015-01-20,39.326751708984375,39.59669765353197,39.049703136111134,39.36227027039767,1262100,-0.003420221055263961,-0.0,0.013083796255359137,0.08985695266195814,1,1
2015-01-21,39.61090087890625,39.66773274216717,38.87920825372253,39.19177537198038,1396800,0.007225340450809803,1.0,0.012836804090830822,0.06790136245246425,2,1
2015-01-22,39.46881866455078,39.84532019794631,39.14914627303956,39.80980164553213,1298400,-0.0035869473100302862,-0.0,0.012301870854706584,0.05466262762713203,3,1
2015-01-23,39.66773223876953,39.89505426914361,39.39778631149068,39.5753818170887,1176700,0.005039765084162706,1.0,0.01231093505611894,0.05426934948209783,4,1
2015-01-26,39.63930892944336,39.65351689243376,39.19176757986727,39.55406386139282,889400,-0.0007165347682364098,-0.0,0.012286281522070919,0.05239391815933603,0,1
2015-01-27,39.64641571044922,39.85952974328657,39.42619634091185,39.43329896771992,1052100,0.00017928619841756088,0.0,0.012062925211771918,0.038139554307224266,1,1
2015-01-28,39.53986358642578,40.278661546225294,39.44041053604746,39.63221400887382,1223800,-0.0026875600760891682,-0.0,0.010983557458231472,0.014358349221717193,2,1
2015-01-29,40.06553649902344,40.15078156028584,39.26990689426893,39.48302361226238,1060000,0.013294757870083274,1.0,0.010704636164991208,-0.00017951193011589428,3,1
2015-01-30,39.4830322265625,40.3710097122996,39.42620036672706,39.98740278808704,2041300,-0.014538786282698002,-1.0,0.010937815151887612,0.004452015361327444,4,1
2015-02-02,39.88795471191406,39.94478386893621,38.95025058696186,39.39778934439867,2120300,0.010255607599437333,1.0,0.00973738544364499,0.016645389639710295,0,2
2015-02-03,39.8098030090332,39.93056663335595,39.56116771383447,39.625102194326494,1569900,-0.0019592807764975406,-0.0,0.008545041318106716,0.04914072683209292,1,2
2015-02-04,39.504337310791016,40.15078472187493,39.41198690638136,39.60379034174364,1739300,-0.0076731276005780336,-1.0,0.008584074459800082,0.04279861585056932,2,2
2015-02-05,39.98029327392578,40.06554105477313,39.41198828440323,39.71035009758504,1231700,0.012048195097927872,1.0,0.008507729796729655,0.04412321910765682,3,2
2015-02-06,38.15460968017578,39.774282190443685,37.87045855741936,39.68193178834925,1859400,-0.04566458733159595,-5.0,0.008769616149527412,0.05610810548269418,4,2
2015-02-09,37.75679016113281,38.360613549718174,37.58629735300413,38.16170753181076,1465000,-0.010426512612175087,-1.0,0.013331021253670632,-0.006657834311910582,0,2
2015-02-10,38.843692779541016,38.91472990436735,37.7639116808466,37.78522227631598,2298900,0.02878694438191598,3.0,0.013504980046164008,-0.018648980557428918,1,2
2015-02-11,37.870452880859375,38.666079699166026,37.77099715741609,38.666079699166026,1895600,-0.025055287719561115,-3.0,0.014669924020609026,0.02243851195661639,2,2
2015-02-12,37.15296936035156,38.33930843176846,37.04641371123206,37.93439100335276,3488000,-0.018945733835426193,-2.0,0.01573550158932254,-0.00037517981141910184,3,2
2015-02-13,36.24368667602539,36.9895871663555,35.81745588877102,36.77647312767433,2894000,-0.024474024552571305,-2.0,0.01618978093001387,-0.025707721359651714,4,2
2015-02-17,36.392860412597656,36.65570092794435,35.860074046145606,36.22947291873935,2602700,0.0041158543805353,0.0,0.016789760079021727,-0.057802307431420674,1,2
2015-02-18,37.323463439941406,37.33767140227709,36.31471979324183,36.35734368024888,2162800,0.02557103280130235,3.0,0.016238492000977406,-0.070067145024441,2,2
2015-02-19,37.295047760009766,38.09778002294728,36.98248071624881,37.81362619415241,1119700,-0.0007613355597978488,-0.0,0.017260309304989545,-0.054185577805268115,3,2
2015-02-20,37.323463439941406,37.3802925793924,36.66280809573672,37.195594488812,1880600,0.0007619156332629995,0.0,0.01726302178457514,-0.05166213482387505,4,2
2015-02-23,37.437129974365234,37.607620127864976,37.01800450799786,37.25242914653303,1164200,0.0030454444456027296,0.0,0.017140394560675242,-0.05774767521591406,0,2
2015-02-24,37.89176940917969,38.01963836376896,37.20269812165885,37.34477503896823,1251200,0.012144078221962173,1.0,0.017184040188172888,-0.051475791749762245,1,2
2015-02-25,37.373191833496094,37.99832865825943,37.23111491288281,37.79231725886476,1479400,-0.013685757719141045,-1.0,0.017405743564643354,-0.04477096948471615,2,2
2015-02-26,37.121124267578125,37.629534070182274,36.98507174805703,37.6080528122564,1204400,-0.006744608997833912,-1.0,0.017585838171524072,-0.057168430962832306,3,2
2015-02-27,37.05668258666992,37.23570037694369,36.83469954335636,37.142610361154816,1176600,-0.0017359840839865637,-0.0,0.01759502731685433,-0.06369532775205011,4,2
2015-03-02,35.98258590698242,37.1354612357838,35.76060280159483,36.87767510864865,1904300,-0.02898523571761591,-3.0,0.017597044949003326,-0.0628019617297908,0,3
2015-03-03,36.23320388793945,36.24752564062437,35.71047220711778,35.85368700237188,1266500,0.006964979715601727,1.0,0.01805987389193828,-0.1019067994294931,1,3
2015-03-04,35.74628448486328,36.17592898194607,35.55294760251111,36.02555463718517,1119300,-0.013438485997045557,-1.0,0.018098514028178025,-0.08230949234027418,2,3
2015-03-05,36.1973991394043,36.34777343800554,35.767757505802216,35.94677530840223,867800,0.01261990332819174,1.0,0.017907853398583872,-0.10383260452844711,3,3
2015-03-06,34.915626525878906,35.746268913830576,34.758092737339574,35.5171263745056,1293900,-0.03541062739311729,-4.0,0.01831182823957021,-0.09074156606123418,4,3
2015-03-09,34.98725128173828,35.32380573540278,34.8655177155124,35.25219695185938,965000,0.002051366765716933,0.0,0.01952314291753512,-0.11615713861522381,0,3
2015-03-10,35.16625213623047,35.68182420202073,34.865500853988,34.98007212065311,1286900,0.005116173689975412,1.0,0.019188275212871586,-0.12488757793689942,1,3
2015-03-11,34.958595275878906,35.2307030929146,34.758096216797234,35.05168529542174,1102600,-0.005905004023377902,-1.0,0.01703979433740913,-0.07832231987156169,2,3
2015-03-12,35.56726837158203,35.93246634859203,35.03021477258744,35.07318004388152,1187700,0.017411257257327506,2.0,0.016979506457553844,-0.07411103733426982,3,3
2015-03-13,35.18057632446289,35.5314496578721,34.93711202447511,35.5314496578721,969500,-0.010872132295324244,-1.0,0.016053412983979876,-0.0843489424796573,4,3
2015-03-16,35.63169479370117,35.93960556846081,35.2808215035016,35.373911506278645,1180000,0.012822941417380829,1.0,0.015411640795208036,-0.0710283704517305,0,3
2015-03-17,35.467018127441406,35.882340880579946,35.28800026452221,35.574429937831255,1938200,-0.004621634396376639,-0.0,0.015367323313613492,-0.040946244481708804,1,3
2015-03-18,36.39790344238281,36.65568680133966,35.30231255753711,35.51713338913202,2351700,0.026246506306126793,3.0,0.014493409123842886,-0.021429071372525033,2,3
2015-03-19,36.326290130615234,36.87766525937197,36.06850407232952,36.31196837942217,1261500,-0.001967511999171667,-0.0,0.015638046838260554,0.0001385719541684427,3,3
2015-03-20,36.52680206298828,36.8776782619458,36.168766351707255,36.462355525693866,2288300,0.005519747038634559,1.0,0.014511471410342144,-0.026717062604084463,4,3
2015-03-23,36.8561897277832,36.95643927012402,36.541116615746176,36.59840362942388,1197800,0.009017697859968976,1.0,0.014585243689339632,-0.020599134286275134,0,3
2015-03-24,36.38357925415039,36.93495441501593,36.27616747974474,36.71297135598854,1961400,-0.01282309639502821,-1.0,0.014742376361041512,-0.012519569972655686,1,3
2015-03-25,35.889488220214844,36.79173947299611,35.889488220214844,36.46234464093595,1251900,-0.013580055730200935,-1.0,0.014956923956490209,-0.028141866669166515,2,3
2015-03-26,35.73910903930664,36.23319712250272,35.474163493093776,35.90380506703867,929600,-0.004190062003266548,-0.0,0.014858073780617084,-0.052842113740926844,3,3
2015-03-27,35.889488220214844,36.168755554591705,35.631702147991625,35.65318614174015,1063300,0.004207692495714177,0.0,0.014642807048152037,-0.04372339406999459,4,3
2015-03-30,36.261844635009766,36.41221892937041,35.853684275119555,35.96109604628848,622600,0.0103750828797049,1.0,0.014661298754999216,-0.03317884551355044,0,3
2015-03-31,36.17591857910156,36.60556022103972,35.96109775813248,36.30481161800199,1192300,-0.0023695996928199126,-0.0,0.014888099846069296,-0.021449247373969693,1,3
2015-04-01,36.326290130615234,36.44086140856503,35.70330897748791,35.91812978219443,1060800,0.004156675418894196,0.0,0.013442705655257481,0.005372951033005835,2,4
2015-04-02,36.261844635009766,36.58407721692172,36.2260416218184,36.297647648201135,978500,-0.001774073140244914,-0.0,0.013387376906525864,0.002569086712940871,3,4
2015-04-06,36.555442810058594,36.82038845151665,36.21172888102221,36.326300190701005,1318200,0.00809661444430132,1.0,0.013030083575782538,0.014422761905920511,0,4
2015-04-07,36.025543212890625,36.73445217429711,35.982577957328616,36.498150097693234,1135500,-0.014495778369347567,-1.0,0.012860572624337431,0.009891419802715351,1,4
2015-04-08,36.0756721496582,36.1687594500797,35.774920789140964,35.91813559264464,823000,0.0013914831615819967,0.0,0.010536481830956608,0.031788537037680475,2,4
2015-04-09,35.774925231933594,36.11147965222376,35.63171041064445,36.08283614164683,708100,-0.00833655756923879,-1.0,0.010535876843787179,0.031109070534158345,3,4
2015-04-10,36.161598205566406,36.3979030297585,35.83936559602948,35.88949036511355,679900,0.010808491453887292,1.0,0.010713295776031199,0.017308443713170973,4,4
2015-04-13,35.574432373046875,36.09716424076258,35.524307586525914,36.0255581833315,1003300,-0.016237275498214743,-2.0,0.0108050940169954,0.03441222166376812,0,4
2015-04-14,35.96826171875,36.03987048899632,35.5815825542057,35.78924389052712,940800,0.01107057286461477,1.0,0.010848549767281484,0.00020142118843646806,1,4
2015-04-15,35.97542953491211,36.46951783397749,35.925302022176254,36.025554316052265,1172000,0.0001992816950164844,0.0,0.010799012595423502,0.02238978085584664,2,4
2015-04-16,36.05418014526367,36.09714539624992,35.41687727940456,35.90380586420368,1848000,0.002189010982485584,0.0,0.010460475381051536,0.009646881609226776,3,4
2015-04-17,35.839359283447266,36.36925311819657,35.767753263538104,35.918127544304085,1946400,-0.00595827892773837,-1.0,0.010398840689734165,0.016555155996268223,4,4
2015-04-20,36.161598205566406,36.47666857289416,35.71047255221471,35.91813387076018,1341300,0.008991202090712802,1.0,0.008699543795875527,-0.015345503617253953,0,4
2015-04-21,35.524295806884766,36.41222264362144,35.35243750180294,35.63886709974095,2150400,-0.01762373430119968,-2.0,0.00894492945406786,-0.004533684129501281,1,4
2015-04-22,35.41688919067383,35.82504965173305,35.32380187962207,35.82504965173305,1614100,-0.0030234692559373277,-0.0,0.009608880594417057,-0.027445771309920652,2,4
2015-04-23,35.53145980834961,35.69615589192122,35.3524419699115,35.488497275345544,1611300,0.003234914762247021,0.0,0.009318527675114185,-0.03905179964993477,3,4
2015-04-24,36.011226654052734,36.13295746497371,35.35960187449953,35.488494928177765,1634700,0.01350259314677471,1.0,0.009027689836498366,-0.023420440299412704,4,4
2015-04-27,35.67466735839844,36.211720764313625,35.58873957829857,36.075668218189264,1224900,-0.009345954773701703,-1.0,0.009088293903928695,0.0033920359379580045,0,4
2015-04-28,36.08282470703125,36.11862771810871,35.39539706060319,35.517127844585495,1119900,0.011441097530983102,1.0,0.009280451827679231,-0.0018031138055883966,1,4
2015-04-29,35.81071853637695,36.03270158571521,35.49564820031811,35.76775601376584,996300,-0.007541154908564329,-1.0,0.009575715514259533,0.00538699481113003,2,4
2015-04-30,34.915626525878906,35.73194989526799,34.65784321783421,35.38107384540469,2363800,-0.02499508658528593,-2.0,0.00943017633412864,-0.012440792882259077,3,4
2015-05-01,35.008724212646484,35.11613599658041,34.600563804249774,34.91563418201009,1328700,0.00266636162746714,0.0,0.010835773418765723,-0.03483787289234763,4,5
2015-05-04,35.34526824951172,35.739106789433755,35.066000970868714,35.27365950396586,1102200,0.009613147706298397,1.0,0.010800796965305831,-0.03627031313220519,0,5
2015-05-05,34.528961181640625,35.44553163050062,34.43587114180472,35.38108510009044,1257000,-0.023095229101348536,-2.0,0.011079247534617757,-0.02527660671220011,1,5
2015-05-06,34.21388244628906,34.78674161474459,33.8844903365436,34.5289555352586,1611600,-0.009125056896269856,-1.0,0.011840937579290866,-0.05543583862319845,2,5
2015-05-07,34.31412506103516,34.6148763369802,34.264000303643385,34.35709030948285,1823200,0.0029298813107068167,0.0,0.01162826806457825,-0.05028822899062668,3,5
2015-05-08,34.7008171081543,34.872675434763195,34.392906207860115,34.55760229124612,2324600,0.011269179861975731,1.0,0.011658084728034888,-0.04882922434030734,4,5
2015-05-11,34.73661422729492,35.14477734218959,34.66500819680532,34.75809822171778,1448200,0.001031592974570339,0.0,0.011933614980477047,-0.030024049437300304,0,5
2015-05-12,34.87983322143555,34.94427974927731,34.32845797914393,34.507475808527104,1871500,0.004122998090818175,0.0,0.011620847416438028,-0.039406001089081655,1,5
2015-05-13,34.328460693359375,35.13046259915574,34.242532893308166,35.05885382278347,1683800,-0.0158077742108389,-2.0,0.011202098758129959,-0.019525234986956352,2,5
2015-05-14,34.75809097290039,34.90130573560707,34.35709018364059,34.55042970355544,1831300,0.012515279475497243,1.0,0.011303643474098046,-0.045590221685242294,3,5
2015-05-15,35.209224700927734,35.22354645479689,34.72945823848957,34.84402953784758,2902300,0.01297924354876323,1.0,0.01174304055309264,-0.03383805496555259,4,5
2015-05-18,35.402565002441406,35.48849552740803,35.01588856647284,35.10897587112706,1186300,0.005491183153163215,1.0,0.0121450106055313,-0.02343571372117126,0,5
2015-05-19,35.31663131713867,35.53861437220902,35.10181050375164,35.2378630481913,1116100,-0.0024273293558477738,-0.0,0.01217099543609959,-0.012187558308487834,1,5
2015-05-20,35.42405319213867,35.70332060234497,35.1734265620491,35.25219485346023,1570000,0.0030416795428580556,0.0,0.011978717114048508,-0.023366414383136025,2,5
2015-05-21,35.39540100097656,35.51713179851048,35.15909618468842,35.37391973825763,977000,-0.0008088343535027631,-0.0,0.011383717637470857,-0.002821804414956608,3,5
2015-05-22,35.2951545715332,35.38824187256866,34.994403209032306,35.30231408253778,827900,-0.002832187985116863,-0.0,0.011365255903234641,-0.0006067215441079021,4,5
2015-05-26,35.087486267089844,35.3023070652633,34.90846848001286,35.23070104307037,1384000,-0.005883762430406003,-1.0,0.01135690292259851,-0.006650591844269638,1,5
2015-05-27,35.2232666015625,35.31715756399291,35.057153517322455,35.151041724655514,756600,0.0038697652330828003,0.0,0.010963722017773035,-0.025651455748423757,2,5
2015-05-28,35.56993865966797,35.63493967300628,35.06437552871412,35.158266493557775,1242500,0.009842132532082992,1.0,0.010850207705332487,-0.012653257626792369,3,5
2015-05-29,35.56993865966797,35.764941699682915,35.39660170573332,35.5771597699956,1629100,0.0,0.0,0.010767147154605482,-0.014214132389234413,4,5
2015-06-01,35.5265998840332,35.76493782548849,35.411042845626824,35.577155916142424,1122800,-0.001218410187586505,-0.0,0.010650098966019027,-0.006723681806730553,0,6
2015-06-02,35.02104568481445,35.38216183734664,34.746596637462666,35.309936953781644,1531300,-0.014230300700573406,-1.0,0.009030473707775356,0.017498564939152805,1,6
2015-06-03,34.43604278564453,35.064384233842816,34.21937360575872,34.984938225028465,1667500,-0.016704324149395267,-2.0,0.00959695644731576,0.00035195433267221077,2,6
2015-06-04,34.262691497802734,34.573251536307964,34.176024413016634,34.233804306272,734900,-0.005034007215081737,-1.0,0.009997182362378792,-0.025724107041675937,3,6
2015-06-05,33.72103500366211,33.94492807428537,33.47547583930377,33.82937098253429,1560100,-0.015808930077059524,-2.0,0.008713102799888605,-0.007711488406418332,4,6
2015-06-08,33.461029052734375,33.72103040741175,33.44658407384708,33.67047435885521,1054500,-0.007710497346819167,-1.0,0.009160919422218635,-0.014404896708248627,0,6
2015-06-09,33.461029052734375,33.656029379967904,33.258802103410176,33.42491522796711,873800,0.0,0.0,0.009246836083240405,-0.024861365597501628,1,6
2015-06-10,33.35269546508789,33.79325770969864,33.33102937276218,33.57658852114695,1282200,-0.003237604781244241,-0.0,0.008806117576972472,-0.035727921090612735,2,6
2015-06-11,33.699363708496094,33.84381073966442,33.48991565105691,33.60547272497198,989100,0.010394009796631964,1.0,0.008789313692600642,-0.03984034693627658,3,6
2015-06-12,33.294921875,33.612705983380266,33.294921875,33.55492605272977,593000,-0.012001467950391254,-1.0,0.009104942057239777,-0.03384389786055486,4,6
2015-06-15,33.237144470214844,33.37436767191526,33.07103130338843,33.22992060138399,830200,-0.001735321830820702,-0.0,0.008842026207675397,-0.03010734526058456,0,6
2015-06-16,33.713802337646484,33.73546842395697,33.027681135140774,33.18657311501087,1431900,0.014341119702951488,1.0,0.00824603242235608,-0.04375805632913998,1,6
2015-06-17,33.9088134765625,33.94492454740182,33.44658515758379,33.6343643790071,1111600,0.005784311628898031,1.0,0.008374868645600804,-0.04247245930529808,2,6
2015-06-18,34.15436553955078,34.45770177787575,33.82936045913294,33.894361475216506,1518200,0.007241540998124352,1.0,0.008388266566331983,-0.0421933135572492,3,6
2015-06-19,33.75714492797852,34.313261473563166,33.75714492797852,34.13992723353883,1819900,-0.011630156359141774,-1.0,0.008626596930863735,-0.0329098709090031,4,6
2015-06-22,33.62713623046875,33.908806381213864,33.56935632513769,33.6199123647536,1230600,-0.0038512942308109865,-0.0,0.008827348889554372,-0.04705583110771949,0,6
2015-06-23,33.11434555053711,33.619908645870694,33.063789516513474,33.5404626623772,1153400,-0.015249311639776608,-2.0,0.008827387618685173,-0.049957472454091545,1,6
2015-06-24,32.91212844848633,33.31657956221271,32.904907337124165,33.14324258344489,835600,-0.006106631391587403,-1.0,0.009262896299211267,-0.06178777363267285,2,6
2015-06-25,32.868797302246094,33.12158031061306,32.818241251592326,32.99879936252668,1654900,-0.0013165707683735484,-0.0,0.00926650266264767,-0.06199810958369745,3,6
2015-06-26,33.21547317504883,33.331030262367165,32.644908851059064,32.81824310448742,2279500,0.01054726370468817,1.0,0.009142478921782639,-0.06684414952053208,4,6
2015-06-29,32.86157989501953,33.591033533193134,32.83991380089607,33.331032138416326,1444900,-0.010654470528366211,-1.0,0.009194112419189437,-0.06619256522049677,0,6
2015-06-30,32.796566009521484,33.06379116771982,32.7243438873373,32.991569045535634,1995300,-0.0019784163057814386,-0.0,0.009301145629183338,-0.0761417890135242,1,6
2015-07-01,32.91212844848633,33.02768551596561,32.74601533617847,32.883238492842054,1798900,0.0035236139945655776,0.0,0.009292387847431192,-0.0768447834417918,2,7
2015-07-02,33.591026306152344,33.627140128719546,33.0710208733784,33.20102292034635,1839700,0.02062758896704664,2.0,0.009097669080493481,-0.06021856843762308,3,7
2015-07-06,33.446590423583984,33.61992469294257,32.240460630945265,32.41379765540239,7597500,-0.004299835356382231,-0.0,0.009881789642584153,-0.024538721965011945,0,7
2015-07-07,34.2193717956543,34.486597011541434,33.60547260417018,33.61991758274488,3802800,0.023104937223299427,2.0,0.009868599201333572,-0.023818942369751794,1,7
2015-07-08,34.0388069152832,34.50103511720192,33.865469962014984,34.14714010036561,3002700,-0.005276686008421239,-1.0,0.010595471702366542,0.014778217570666774,2,7
2015-07-09,33.74991607666016,34.19769934487562,33.39602378173262,34.12547721471423,2986100,-0.00848710236354755,-1.0,0.010511254325530631,0.017267187498575032,3,7
2015-07-10,33.86547088623047,34.21214204713044,33.61269069237554,33.75713769819156,1830700,0.003423854723307418,0.0,0.010707620432708311,0.008633536747196358,4,7
2015-07-13,33.973819732666016,34.226600022527215,33.80770657717172,34.0532657537934,1331700,0.0031993899272666493,0.0,0.010691144269475858,0.015374332238883959,0,7
2015-07-14,34.16159439086914,34.19770546240965,33.86547919607995,33.97381516579962,1322000,0.005527039929000832,1.0,0.010480899456368063,0.008144249444707707,1,7
2015-07-15,34.464927673339844,34.56603975873627,33.9954755567448,34.16158866205288,1946800,0.008879365494479874,1.0,0.01013286286804641,0.026030171181146144,2,7
2015-07-16,34.883819580078125,34.956044463221765,34.36381419693185,34.4360363249779,1080400,0.012154150175754275,1.0,0.01023947702719021,0.03694009285982025,3,7
2015-07-17,34.60936737060547,35.0210422791481,34.55881133457516,34.88381639126811,1246800,-0.007867607755585149,-1.0,0.010115693163274951,0.03470439883089482,4,7
2015-07-20,34.36382293701172,34.587713243957204,34.09659493405998,34.558823283351884,1259900,-0.007094739148635676,-1.0,0.01027576941863075,0.02065993534475008,0,7
2015-07-21,34.32048797607422,34.43604506332976,33.8943707002385,34.363822916956906,1683300,-0.001261063445034405,-0.0,0.010318204439198665,0.006132668376415573,1,7
2015-07-22,34.54437255859375,34.98493195148403,34.20492249274782,34.407146657031724,3469100,0.006523350794884086,1.0,0.009958493247729768,0.016688112969790447,2,7
2015-07-23,34.19770431518555,34.53715443749476,33.91603410948133,34.53715443749476,2689100,-0.010035447678784393,-1.0,0.009971694863785527,0.02727667089574859,3,7
2015-07-24,34.09659194946289,34.34937494998497,33.97381376028494,34.15437186561584,2538800,-0.002956700391077316,-0.0,0.00959610650332004,0.03271569305197586,4,7
2015-07-27,34.5732536315918,34.746590566765896,34.139915426302224,34.139915426302224,1207300,0.013979745624882467,1.0,0.009494062549505453,0.035988663049564495,0,7
2015-07-28,34.753814697265625,34.79714962360029,34.407143551880374,34.57325663685056,1310500,0.00522256503821894,1.0,0.009829667903649286,0.05185636437111829,1,7
2015-07-29,34.8765983581543,34.912709422062235,34.52992718546249,34.739372458167544,1170600,0.003532954927630838,0.0,0.009678026070213926,0.0463140029380158,2,7
2015-07-30,35.2232666015625,35.29548872337214,34.6888135328402,34.76103840974719,1360800,0.00993985250075724,1.0,0.009219994276278317,0.06131836842817662,3,7
2015-07-31,35.90940475463867,36.104407881825566,35.439952475659254,35.80106876561307,1996100,0.0194796854260455,2.0,0.00927276511797497,0.0739925207820995,4,7
2015-08-03,36.00327682495117,36.27050474308442,35.80827654050435,35.94549967717737,1810000,0.0026141360725389085,0.0,0.00991121376503189,0.0910690510595098,0,8
2015-08-04,35.46160125732422,35.98883320772298,35.40382411179255,35.98883320772298,1004300,-0.015045174089586166,-2.0,0.009170710472403993,0.0718123494296754,1,8
2015-08-05,35.56271743774414,35.786607673464445,35.4471603871828,35.59882849946379,836600,0.0028514273703035276,0.0,0.009890282037841229,0.06024562767747477,2,8
2015-08-06,35.77217483520508,35.83717587039418,35.3749475113154,35.591616710246285,1556200,0.005889802932737442,1.0,0.008734962564919985,0.03925687619608609,3,8
2015-08-07,35.96718215942383,36.08996313144813,35.41106273871075,35.57717590254473,2142900,0.0054513689793005415,1.0,0.008617141003909255,0.0509232865956768,4,8
2015-08-10,36.12607192993164,36.24162902596303,35.967179889726545,36.0899608540028,1834800,0.004417631879070738,0.0,0.0082660163322237,0.06569693618577688,0,8
2015-08-11,36.4077262878418,36.60272931885959,36.01049911581176,36.16216722157095,1189100,0.007796429084691026,1.0,0.008271004359861243,0.06675238774312509,1,8
2015-08-12,36.76884460449219,36.9421815608232,36.18383547635964,36.414949581402695,1289200,0.009918727519410808,1.0,0.008333961856409031,0.07164065078132986,2,8
2015-08-13,36.68218612670898,36.855520368688005,36.256068878788255,36.55218406767568,1413800,-0.0023568452779890725,-0.0,0.008446110230695738,0.07632109273915866,3,8
2015-08-14,36.96385192871094,36.992741883962,36.50162366508512,36.7182928192725,885600,0.0076785445946165876,1.0,0.008447015744499459,0.06433376197345919,4,8
2015-08-17,37.27441787719727,37.36830886886754,36.92052275788514,36.99996876967551,1257000,0.008401882711934316,1.0,0.008259066846642965,0.05962742537003329,0,8
2015-08-18,37.173301696777344,37.29607987964558,36.95662977743685,37.11552178359377,1803300,-0.002712750089164717,-0.0,0.007966838733791606,0.07700373364395241,1,8
2015-08-19,37.324954986572266,37.40440095804329,36.84828191284292,37.064950990884114,1534400,0.004079629273502805,0.0,0.007727358629585574,0.08175687451641656,2,8
2015-08-20,37.28163909912109,37.66442417931765,37.05052493056003,37.151637034918224,1366900,-0.001160507426378965,-0.0,0.007640634840664296,0.08754150035956787,3,8
2015-08-21,36.86274337768555,37.37552773465732,36.84107453161908,37.19496962965897,1713700,-0.011235979199353818,-1.0,0.007699119904104067,0.07923914483855277,4,8
2015-08-24,35.33160781860352,36.55218234246261,35.15827358480564,35.62772574861267,3000900,-0.0415361261475965,-4.0,0.0078096086296890275,0.07793034988364944,0,8
2015-08-25,34.125492095947266,35.909407590848524,34.09660212924548,35.56273625572378,2158200,-0.03413701773348643,-3.0,0.01253772191952554,0.036221094207044,1,8
2015-08-26,34.72493362426758,34.80437687057608,33.98825627726946,34.37825966265847,1617400,0.017565798806209898,2.0,0.014446532983298569,-0.012951096255383487,2,8
2015-08-27,35.09327697753906,35.11494307071764,34.573268700466535,34.93438494730061,1263400,0.01060746025484316,1.0,0.014934688336804069,-0.0008310187888617149,3,8
2015-08-28,34.8765983581543,35.2232695308461,34.33492413424256,35.02826647962617,1550300,-0.006174362671330091,-1.0,0.015095671017496886,0.006212722271812465,4,8
2015-08-31,34.118263244628906,34.87660679043409,33.86548022596168,34.75382583734469,2731700,-0.021743379492974224,-2.0,0.014995998966739872,-0.00984202423158631,0,8
2015-09-01,33.27324676513672,33.764365022231566,33.09991253033736,33.74269893165614,2329300,-0.024767277086567896,-2.0,0.014966851652001666,-0.04987945420561146,1,9
2015-09-02,33.33103561401367,33.67048306277032,33.13603248127326,33.61270588738357,2330800,0.0017367962100260925,0.0,0.015690252536307927,-0.07582726630933978,2,9
2015-09-03,33.554908752441406,33.66324468900572,33.34546074446896,33.4826866314634,2073400,0.006716657142618487,1.0,0.015506022709859358,-0.06008092042573798,3,9
2015-09-04,33.03491973876953,33.35270108518656,32.95547371339061,33.244365095106446,1494700,-0.015496660041849797,-2.0,0.015599491916052935,-0.056458247005943596,4,9
2015-09-08,33.56936264038086,33.634363668557874,33.27324745759625,33.32380350672303,1710000,0.016178120178209854,2.0,0.01571207738416839,-0.07651911322265159,1,9
2015-09-09,33.1287956237793,33.670469861765014,33.0637946050171,33.59102386604482,1724700,-0.013124080469481436,-1.0,0.016190327674722258,-0.0666668717169635,2,9
2015-09-10,33.16378402709961,33.46262240931321,33.0180085961682,33.0180085961682,1707500,0.001056132668318277,0.0,0.016232640203811544,-0.0829671244625132,3,9
2015-09-11,33.59382247924805,33.59382247924805,32.90139121694209,33.05445417943338,2064000,0.012967110502137835,1.0,0.01605361078024737,-0.0891003803724345,4,9
2015-09-14,33.71044921875,33.87080251558407,33.50636522673272,33.58654187514976,1129300,0.0034716721972916087,0.0,0.016201799826763577,-0.08635088100799981,0,9
2015-09-15,34.038429260253906,34.125893394890646,33.57923768765028,33.78332159528091,1764600,0.009729328712756669,1.0,0.01628403124700853,-0.08101308078242375,1,9
2015-09-16,34.04571914672852,34.20607238840704,33.86350056497925,34.00198846658703,1929500,0.00021416635940751938,0.0,0.01636281767858238,-0.07914279805305591,2,9
2015-09-17,34.738162994384766,35.22651041756674,33.943689576723635,34.118620702451665,2985700,0.020338646532093607,2.0,0.01615401618760155,-0.08661969560747762,3,9
2015-09-18,34.417442321777344,35.04427460975473,34.32268789255332,34.57050524406915,3593800,-0.00923251677583714,-1.0,0.017018696275130727,-0.06550773246498276,4,9
2015-09-21,34.62881851196289,34.73815077463788,34.36642608632581,34.526776549698205,1441900,0.00614154265762501,1.0,0.016986512239269405,-0.07789728523024086,0,9
2015-09-22,34.59965896606445,34.75272187988571,34.32268599312522,34.497617023516945,1634100,-0.000842060086120533,-0.0,0.017115674949193818,-0.07115622197042126,1,9
2015-09-23,34.781890869140625,34.89851067403185,34.461184320363174,34.60695977158606,1617100,0.005266869920738326,1.0,0.017026822087895084,-0.06139218637186472,2,9
2015-09-24,35.10987091064453,35.16089466559613,34.59237086600925,34.68712529601282,2281700,0.009429620797151594,1.0,0.014603680893572021,-0.015558786689957804,3,9
2015-09-25,35.634674072265625,35.984533500696095,34.942242737056425,35.22650612931454,1733000,0.014947453465628868,1.0,0.01255920926636427,0.028845849663635237,4,9
2015-09-28,35.78043746948242,35.860614082806016,35.47430883501369,35.590931385618646,2001500,0.004090493347047142,0.0,0.012403040393522186,0.026198479105580486,0,9
2015-09-29,35.933502197265625,36.27607400574868,35.79501708213417,35.86790339948025,2501800,0.00427788866231027,0.0,0.012239115745932476,0.01958097251456925,1,9
2015-09-30,36.895633697509766,36.92478935057186,35.79503420855855,35.904363736887255,2556300,0.026775333363341147,3.0,0.012145132955030965,0.030304097557272813,2,9
2015-10-01,36.38541030883789,36.96122177739082,35.90435329496165,36.96122177739082,1934800,-0.013828828442274732,-1.0,0.012118658116669206,0.08140421547741261,3,10
2015-10-02,36.81543731689453,36.90290422921796,36.3270929017112,36.58948807781224,1228900,0.011818665899507197,1.0,0.01101396336543199,0.09353350953902262,4,10
2015-10-05,37.24549102783203,37.31108985319038,36.66239190266668,36.9393650297837,1473200,0.011681341911974119,1.0,0.011114797968423846,0.10453925714254986,0,10
2015-10-06,36.91019058227539,37.25276236029955,36.70610668750416,37.16529823117396,1545300,-0.009002443955057116,-1.0,0.011209895336117728,0.10998636004701101,1,10
2015-10-07,36.74985122680664,37.05597996489404,36.655099543020455,36.99766866985431,1487500,-0.004344040302673102,-0.0,0.01069263777193842,0.11730831720344304,2,10
2015-10-08,37.2236213684082,37.252777016398746,36.567633190799086,36.67696548054581,1034000,0.012891756722432035,1.0,0.010590868235011987,0.0947437882719866,3,10
2015-10-09,36.90291595458984,37.18717655887415,36.7935836696641,37.17259873552168,1007900,-0.008615642487986186,-1.0,0.009943649301028893,0.1236032179114206,4,10
2015-10-12,37.30379104614258,37.48600964141274,36.96121919729544,36.97579701856927,949400,0.010862965193483065,1.0,0.010379631764669155,0.11274744535891368,0,10
2015-10-13,37.13615036010742,37.50058755151096,37.05597373312903,37.16530600272414,1327700,-0.004493931617507552,-0.0,0.010310335393255887,0.11043603535103208,1,10
2015-10-14,37.35480880737305,37.60991370656652,37.19445556763151,37.26734466771169,1346300,0.005888021379311104,1.0,0.010515824298829815,0.1016213435521951,2,10
2015-10-15,37.777565002441406,37.85045133705062,37.2017535055481,37.42041528981119,1258900,0.01131731652672574,1.0,0.01045669337416726,0.09743045196834688,3,10
2015-10-16,38.0764045715332,38.2877760604497,37.857740000239104,37.886895647136384,1292200,0.007910503736079377,1.0,0.010510313664926415,0.10961277803031755,4,10
2015-10-19,37.88689804077149,38.06182915277154,37.57348176791335,37.94520933825007,1342400,-0.0049770069651846605,-0.0,0.00993884237762082,0.09609723973279904,0,10
2015-10-20,38.0472412109375,38.09826219244599,37.580762076897045,37.77026818243787,1343400,0.004232153553280105,0.0,0.00968662265982251,0.10080515822638225,1,10
2015-10-21,37.94519805908203,38.418964698308265,37.85044361906283,38.09826099881197,1167400,-0.002682011851785293,-0.0,0.009680668541373182,0.09871612275173858,2,10
2015-10-22,38.41167831420898,38.52100779706221,37.92333106007272,38.01808550289348,1080000,0.012293525373108238,1.0,0.009739936228822247,0.0966928343513127,3,10
2015-10-23,37.697391510009766,38.39711039018122,37.63908021311097,38.346089395612616,1017400,-0.018595563525142467,-2.0,0.00988896351378797,0.10435854274641487,4,10
2015-10-26,37.93790435791016,37.96705999536931,37.43498212369548,37.74110797571277,903000,0.006380092581114827,1.0,0.011053230396388959,0.07369781011016929,0,10
2015-10-27,37.85045623779297,38.08369587526403,37.63908194744863,37.93063288450536,783700,-0.0023050329636608025,-0.0,0.010761912365061762,0.06463452650005119,1,10
2015-10-28,37.15073394775391,38.01809359696461,36.75714105264228,37.85045279655088,1283500,-0.018486495529752567,-2.0,0.010821085824867469,0.05785336666372776,2,10
2015-10-29,36.99765396118164,37.07054305100374,36.31980349866023,36.88832449710021,1265500,-0.0041205104261884395,-0.0,0.011758658224274748,0.03387456485053986,3,10
2015-10-30,37.12886047363281,37.29650124989727,36.8810430694951,37.00495316178153,1392900,0.0035463468194181225,0.0,0.010300704672894895,0.0027651039824465595,4,10
2015-11-02,37.143436431884766,37.36209818211167,36.80086737602212,37.150726732472165,1281900,0.00039257758159050304,0.0,0.009804909805802415,0.02043264480143403,0,11
2015-11-03,37.500579833984375,37.56617862615435,36.5165979514348,36.5165979514348,1557900,0.009615249325531705,1.0,0.009486968110485418,0.008909282053800816,1,11
2015-11-04,37.60263442993164,37.88689503147209,37.32566134977933,37.420415810437966,1113700,0.0027214138127746867,0.0,0.00937488799318375,0.006848850669245454,2,11
2015-11-05,37.537017822265625,37.77025732222167,37.43497588858912,37.54430534019931,1086500,-0.0017450002815171395,-0.0,0.009135045630301111,0.018760234957680533,3,11
2015-11-06,35.72941970825195,37.2163239970207,35.59822210745266,36.990371955547495,1801700,-0.04815508047475925,-5.0,0.009077510580682157,0.021419585908004857,4,11
2015-11-09,35.96994400024414,36.028255276271096,35.46702175646773,35.58364152808696,1304700,0.006731827551530012,1.0,0.013695550323842785,-0.040141222299891144,0,11
2015-11-10,36.71339416503906,36.77170543801343,35.846034832804364,36.06469654558917,1435600,0.020668649492194824,2.0,0.013726365498274495,-0.025281794953378345,1,11
2015-11-11,37.2236213684082,37.27464236217384,36.72798647431145,36.81545063784746,1183800,0.013897576483272056,1.0,0.014309046367273013,-0.015826726039003147,2,11
2015-11-12,36.61136245727539,37.44956916788804,36.56034146937048,36.92477868608288,1552700,-0.016448128597515765,-2.0,0.014622069468029871,0.0023554139955968,3,11
2015-11-13,36.297943115234375,36.975796502615545,36.21776648956465,36.69153594283023,949300,-0.00856071233095379,-1.0,0.014996410418005455,-0.01990229300680868,4,11
2015-11-16,37.15073394775391,37.18717711646375,36.3271049888208,36.33439251038856,1383800,0.02349419166293254,2.0,0.014816413658142973,-0.03916668231823328,0,11
2015-11-17,36.18861389160156,37.33294643983546,36.06470380181756,37.04868587797846,1805800,-0.025897740203609576,-3.0,0.015691224339388445,-0.02431087268337684,1,11
2015-11-18,36.88104248046875,36.93935376542169,36.006395449655344,36.29065601271321,1603900,0.019133879814829946,2.0,0.0165911632863719,-0.04482510411230667,2,11
2015-11-19,37.201751708984375,37.383970317143074,36.8008713271223,37.00495527852075,1610900,0.00869577449404968,1.0,0.017181402963367537,-0.030651334849831402,3,11
2015-11-20,37.4932975769043,37.82858190904387,37.31107897961687,37.48601005640426,2653800,0.007836885483258449,1.0,0.01731580608173323,-0.01959263327444183,4,11
2015-11-23,37.26734924316406,37.675517131985934,37.15801696983809,37.537031995483545,1167100,-0.006026365999863836,-1.0,0.0171740742437214,-0.023908893795066444,0,11
2015-11-24,36.91748428344727,37.10699037742084,36.72068788945464,37.055969399026615,1671600,-0.009387975448266306,-1.0,0.01674418274015684,-0.011407745990369533,1,11
2015-11-25,36.70610809326172,36.90290447665704,36.59677584234166,36.90290447665704,1021200,-0.0057256390647487665,-1.0,0.01677793378668352,-0.026897112313746696,2,11
2015-11-27,36.830020904541016,37.10699394274671,36.66238013364772,36.844598725545005,951000,0.003375809033321131,0.0,0.016806167671734956,-0.030233404251244878,4,11
2015-11-30,37.13615036010742,37.566186357181,36.742557526087175,36.95393176440565,3832000,0.008311954434124802,1.0,0.01636116465499474,-0.008632751203890732,0,11
2015-12-01,37.00495147705078,37.31107737270054,36.582203014942046,37.01223899723696,2199700,-0.0035329155495228415,-0.0,0.01644012953265743,0.0037433832715743076,1,12
2015-12-02,36.246917724609375,37.01952546479285,36.19589674728388,36.89561539097756,981600,-0.02048465738190508,-2.0,0.016442994711060196,-0.0033372690408860484,2,12
2015-12-03,35.94809341430664,36.23964435321853,35.82418607255237,36.10115640603927,2017100,-0.00824413023399917,-1.0,0.017036655931103782,-0.024136665677648494,3,12
2015-12-04,36.90291595458984,36.932068820859264,36.08657452946482,36.18861929293208,1300600,0.026561145518309903,3.0,0.01692445010246557,-0.041398997736851406,4,12
2015-12-07,37.30379104614258,37.31836886741641,36.662380812269774,36.74984495947763,1915200,0.010862965193483065,1.0,0.018012614350616577,-0.018608230139982695,0,12
2015-12-08,37.25276565551758,37.39125077058577,36.97579264494642,37.24547535552544,1210900,-0.0013678339169840292,-0.0,0.018186653734363803,-0.00621324733966222,1,12
2015-12-09,37.05596923828125,37.66822375679081,36.92477164285529,37.099702696901495,1450000,-0.005282733074267187,-1.0,0.014502923791907416,0.042635619601563146,2,12
2015-12-10,35.908050537109375,37.00307546392213,35.8198612686548,36.98102884768006,2467900,-0.030977969940292338,-3.0,0.014547573723518581,0.030192575168583424,3,12
2015-12-11,35.94478225708008,36.253448785329375,35.40829330440548,35.7096090943593,1351500,0.0010229382943733878,0.0,0.015483653915639115,-0.021935962235183126,4,12
2015-12-14,36.15055465698242,36.16525332869895,35.716953653542355,35.97417620335408,1118100,0.005724680662429371,1.0,0.015117282204609938,-0.03435558025564589,0,12
2015-12-15,36.54006576538086,36.76788818895326,36.21670056523646,36.35633655747526,1883900,0.010774692452006462,1.0,0.014795933156169769,-0.012586469592075988,1,12
2015-12-16,37.59099197387695,37.708578538890976,36.5400608225395,36.67234605861588,1773700,0.028760928216275294,3.0,0.01487056742156981,0.006670423428066563,2,12
2015-12-17,38.00989532470703,38.15687643237381,37.56159565726253,37.56159565726253,1806100,0.011143716322282282,1.0,0.015316855038608577,0.0118505875749908,3,12
2015-12-18,37.07656097412109,37.88496850396103,37.03981568703486,37.84087528085183,2540700,-0.02455503606660192,-2.0,0.014195797871037315,0.05032747146826044,4,12
2015-12-21,36.79728698730469,37.28233200317896,36.62825644577876,37.17944409124886,1550300,-0.0075323595144470845,-1.0,0.014814348728645142,0.005301327741911832,0,12
2015-12-22,37.25293350219727,37.355824214426185,36.54741401068191,36.96631638398698,1022900,0.012382611659652598,1.0,0.01478081217512677,-0.010872195611746127,1,12
2015-12-23,37.95110702514648,38.07604435186923,37.19414354004037,37.41461804212624,1169000,0.018741437447014064,2.0,0.014940149070618688,-0.006410854479097283,2,12
2015-12-24,38.02458953857422,38.15687195926997,37.818810965691135,37.92904958700295,672600,0.0019362416326631493,0.0,0.015426879058418412,0.018347368296065092,3,12
2015-12-28,38.09807968139648,38.112778350981785,37.76736662443866,38.00253973083432,718600,0.0019327004897109479,0.0,0.015243185189729747,0.0299886429591667,0,12
2015-12-29,38.14217758178711,38.39204937016029,38.10542950425908,38.27446281113083,1020300,0.0011574835466618971,0.0,0.01515254051772658,0.037922069662032376,1,12
2015-12-30,38.10542678833008,38.39204663380272,38.09807885543901,38.19361880392989,708300,-0.0009635211146040712,-0.0,0.01514934917664971,0.03562736715917292,2,12
2015-12-31,37.53220748901367,38.14218988818261,37.1500503479956,38.134839148911446,2081200,-0.015042983313126368,-2.0,0.015084396272841086,0.026100616752776862,3,12
2016-01-04,37.39258193969727,37.39992987698778,36.91488471471457,37.22355134715362,1590300,-0.003720152867567661,-0.0,0.015474238478878657,0.014248255731124981,0,1
2016-01-05,37.73797607421875,37.79677076313694,36.75318746271964,37.37051767893528,1087100,0.009236969382817373,1.0,0.014736776536645447,0.031607217578946356,1,1
2016-01-06,37.81882095336914,37.95845695103891,37.28233198183693,37.51015721775554,1265500,0.002142268546447612,0.0,0.014647168650889025,0.04979075355356044,2,1
2016-01-07,37.583641052246094,37.69387968293061,37.30437191040085,37.33376925238137,2141700,-0.0062185942129985294,-1.0,0.013563964869560833,0.02481931237917223,3,1
2016-01-08,37.34847640991211,37.840872187773904,37.27498584174669,37.605696201976535,1290200,-0.00625710111500577,-1.0,0.013470905809274444,0.007501918659081008,4,1
2016-01-11,37.5027961730957,37.71592267682287,37.172085919673385,37.41460695908206,1097500,0.0041318891161685745,0.0,0.013545804649882363,0.002569225471192871,0,1
2016-01-12,37.56894302368164,37.80411615657754,37.0398048764083,37.67918165625123,1555400,0.0017637844997113739,0.0,0.013510681407435077,0.012058163475396233,1,1
2016-01-13,37.70123291015625,38.01724737210499,37.52485444047826,37.67918630231781,2202100,0.00352125654403479,0.0,0.01140197540508582,0.04625404224759588,2,1
2016-01-14,38.11279296875,38.37736351578956,37.16474944302012,37.686539797745006,4149300,0.010916355429927638,1.0,0.01140192443131842,0.04886524671408199,3,1
2016-01-15,37.76736831665039,38.00989217044756,37.34846602689592,37.701225702295226,3195700,-0.009063220645698533,-1.0,0.011534580679799714,0.05427961840105744,4,1
2016-01-19,38.6492805480957,38.76686714197935,37.7600317566328,37.81147571623905,2777800,0.023351169826056006,2.0,0.011642035129740679,0.033587858301894924,1,1
2016-01-20,37.59099197387695,38.69336707219024,37.127993647609614,38.48758848080206,3408700,-0.02738184409155564,-3.0,0.011057041069463702,0.028152717410441896,2,1
2016-01-21,37.17208862304688,37.82616404789506,36.900167421211854,37.679180144859735,2350200,-0.011143716322282171,-1.0,0.01246292701420201,-0.011020902511083341,3,1
2016-01-22,37.907005310058594,37.94375058492231,36.86342212232352,37.20883387370893,1836500,0.01977065896039165,2.0,0.011470220364494355,0.0025764970217294625,4,1
2016-01-25,37.95110702514648,38.19363093988071,37.64244328292335,37.93640835120937,1950700,0.0011634186010516245,0.0,0.012082729199848881,0.030157612520095967,0,1
2016-01-26,38.32589721679688,38.715402070987146,38.02458155905867,38.04662815730068,1538600,0.00987560630055051,1.0,0.011822029940808526,0.018741437447014064,1,1
2016-01-27,38.45083236694336,38.715402764522985,38.098072771331886,38.38468976754846,1753400,0.003259810186301948,0.0,0.011301806777831139,0.00987560630055051,2,1
2016-01-28,39.01673126220703,39.33274569621514,38.03929061667382,38.35530505068192,1850500,0.014717468008577761,1.0,0.011313731358786777,0.01120966284032443,3,1
2016-01-29,39.53852081298828,39.79574335903444,39.22250638442167,39.41358631045424,3007800,0.013373481937136944,1.0,0.011725950020495401,0.02411280538265914,4,1
2016-02-01,40.10441207885742,40.3616318536718,39.31070334265498,39.39154184082144,2791300,0.014312403555654774,1.0,0.012022944581584078,0.036608901738948596,0,2
2016-02-02,40.47922134399414,40.58945718913151,39.7075564106061,39.8839376877053,1859500,0.009345836173828781,1.0,0.012307251840644998,0.05245933346007137,1,2
2016-02-03,40.949554443359375,41.13328359602559,40.67028534633111,40.76582529069317,1939300,0.011619124176533102,1.0,0.011703991581612484,0.07851959829016475,2,2
2016-02-04,40.36897659301758,41.08919465895447,40.30283397453945,40.88341886968246,3347600,-0.014177879545547722,-1.0,0.011698285365194848,0.09512508415167487,3,2
2016-02-05,40.17055892944336,40.31754287485172,39.23721410010869,39.9868296985543,3111400,-0.004915102643660685,-0.0,0.012314045074827605,0.0697175840491413,4,2
2016-02-08,39.75164413452149,40.258735644687285,39.26659922808494,39.788389408565145,3262400,-0.010428403439883938,-1.0,0.012442474070375504,0.06218432824687814,0,2
2016-02-09,40.19260025024414,40.34693491452784,39.56792206883014,39.68550864898402,3068300,0.011092776797619441,1.0,0.012630090629228947,0.057684753833765035,1,2
2016-02-10,40.37632369995117,40.6261954975862,39.54586982254828,40.038262680646376,2036700,0.004571076480823555,0.0,0.01257878249829979,0.07615100035452094,2,2
2016-02-11,39.61202239990234,40.515969858893456,39.53118109159261,40.26609799842949,2151300,-0.018929442554715736,-2.0,0.012580117231381612,0.07662168744945275,3,2
2016-02-12,39.325382232666016,39.736936498154094,38.89913210366414,39.59730336690046,2236500,-0.00723619118313501,-1.0,0.0135072016087234,0.054382136195123554,4,2
2016-02-16,39.582618713378906,39.67080794310377,39.03877905585796,39.575267975535546,1781800,0.006541232814749831,1.0,0.013673950104751286,0.04307947505006493,1,2
2016-02-17,39.34744644165039,39.61201694020377,39.16371724026445,39.54587431556543,1368000,-0.005941301494765128,-1.0,0.013565803311749728,0.038565154378322974,2,2
2016-02-18,40.02357482910156,40.22935347327092,39.3401018685612,39.42829391755616,1803900,0.017183539177156648,2.0,0.013456418754119655,0.04183712541875462,3,2
2016-02-19,40.17790222167969,40.22934897958952,39.56057476858477,39.994173012024696,2494800,0.0038559122526433676,0.0,0.01302853335500802,0.035558081845680656,4,2
2016-02-22,40.6702995300293,40.79523405174052,40.170555836213694,40.29549316141028,1283500,0.012255426020821858,1.0,0.011190147496835806,0.06881729137662695,0,2
2016-02-23,41.03775405883789,41.15534063422484,40.43512250954412,40.43512250954412,1595600,0.009034959984429936,1.0,0.010846638358209808,0.09410853779180717,1,2
2016-02-24,41.32436752319336,41.51544744355389,40.81727598713167,40.81727598713167,1720300,0.006984141089800833,1.0,0.010323791931025377,0.08259024217744138,2,2
2016-02-25,41.640380859375,41.83145797128105,41.3390651190908,41.486049022433406,1060500,0.007647142718016919,1.0,0.01032656401008485,0.08888437683284844,3,2
2016-02-26,40.25139617919922,41.50075538391175,40.23669750579256,41.46400729865248,1570300,-0.03335667569580025,-3.0,0.0102757216229367,0.08648156685880526,4,2
2016-02-29,40.23286056518555,40.63296704483088,39.95871478903557,40.21804149263027,1808600,-0.0004604961758630788,-0.0,0.013121576338120144,0.0468276940034158,0,2
2016-03-01,40.18100738525391,40.65520654474299,39.862404295012816,40.38106068562273,2106500,-0.0012888265761670237,-0.0,0.012815785741540372,0.031169430745124904,1,3
2016-03-02,40.26249694824219,40.29213509205566,38.98808502875245,39.98094023491211,1800700,0.0020280617209755825,0.0,0.012535280252684971,0.01624963602721774,2,3
2016-03-03,40.47737503051758,40.49960222832677,39.70680014003947,40.33659524052773,1185200,0.005336928868361568,1.0,0.01215620401031197,0.003941832361833875,3,3
2016-03-04,41.1516227722168,41.26276157534053,40.10690219473901,40.25509009201971,1839900,0.016657397896747916,2.0,0.012037254685797263,-4.561138814584975e-05,4,3
2016-03-07,41.57395553588867,41.69250528583883,40.98861490893837,40.98861490893837,2661600,0.010262845915204322,1.0,0.012325758892274156,0.004934567215790331,0,3
2016-03-08,42.00370788574219,42.25562652106353,41.410958986883045,41.75178925042084,1955800,0.01033705704241994,1.0,0.012040206906470601,0.02984913278875423,1,3
2016-03-09,42.13706970214844,42.35194202535524,41.78883137212107,41.9296083288173,1648700,0.0031750010444082655,0.0,0.012095604475660897,0.045634141150951324,2,3
2016-03-10,41.86293411254883,42.41863677775965,41.544331025045295,42.174126248370925,2157900,-0.006505805732040071,-1.0,0.011744793383399916,0.06000822405117501,3,3
2016-03-11,41.89997100830078,42.23339309804892,41.75919404882903,42.02593172062754,1655400,0.0008847181053381892,0.0,0.011754736081554376,0.04155824335586611,4,3
2016-03-14,42.04075622558594,42.10744065215072,41.60360339065009,41.92961457249476,1581400,0.00336003137704477,0.0,0.011742052798536908,0.037736157448912344,0,3
2016-03-15,42.04816055297852,42.49272147229809,41.83328821717932,42.03334147880795,1990900,0.00017612260238264454,0.0,0.010735848517222214,0.06131304787128444,1,3
2016-03-16,42.52235794067383,42.663137726507664,41.52950262206623,41.86292471160783,1406500,0.011277482331191191,1.0,0.01050555088996278,0.06923717369619875,2,3
2016-03-17,42.85578918457031,43.04102340427775,42.47050166840486,42.63350868621136,2626700,0.007841315958105666,1.0,0.010629932522156866,0.07426843707794628,3,3
2016-03-18,42.37417602539063,43.02620122312217,42.36676790077479,42.84096701677967,3055300,-0.011237995340733997,-1.0,0.010443551094647018,0.08916316203956365,4,3
2016-03-21,42.49272918701172,42.84097042712117,42.04076006177488,42.3074949659237,1657600,0.0027977691306622088,0.0,0.010508452207962876,0.05873041591926764,0,3
2016-03-22,42.58905029296875,42.7298272785802,42.285266294002064,42.49272770994522,2030800,0.0022667667575109185,0.0,0.010505544137250303,0.05761443075250883,1,3
2016-03-23,42.92247009277344,43.03361174605308,42.329721203664505,42.59645891037594,1344200,0.007828768134323427,1.0,0.01027604373777559,0.04717818125540796,2,3
2016-03-24,42.84837341308594,43.18920363817816,42.71500457258039,42.78168899283316,1284300,-0.0017262911367250666,-0.0,0.01023952026822274,0.045926393321460424,3,3
2016-03-28,42.80392456054688,43.28553184414537,42.70019384797028,43.04843226498458,681800,-0.0010373521559509102,-0.0,0.010212037414772666,0.03687910986265486,0,3
2016-03-29,43.36703109741211,43.41889644860916,42.752055007597214,42.974335487934525,1309600,0.013155488489582368,1.0,0.010137977475725344,0.027942676727701343,1,3
2016-03-30,43.2633056640625,43.57450063559495,43.16698307448698,43.455950843213536,1204200,-0.0023918038824612964,-0.0,0.006656530046853327,0.07740439373437091,2,3
2016-03-31,43.22624206542969,43.35219993279839,42.996550698144034,43.01878071849352,2432400,-0.0008566982588110728,-0.0,0.006728066877337025,0.07532263568400777,3,3
2016-04-01,43.56707382202149,43.67080449928325,42.90023254257488,42.90023254257488,1515600,0.007884834311432831,1.0,0.006713379133131604,0.07578791270657259,4,4
2016-04-04,43.41147613525391,43.78194444061485,43.18178476840853,43.6189374817924,1290200,-0.0035714513993576613,-0.0,0.0067703158463689435,0.08207580563191019,0,4
2016-04-05,42.29268264770508,43.46336156407212,42.25563353888288,43.35221989050587,2299900,-0.025771837015242105,-3.0,0.0069450513227980485,0.07248743532712276,1,4
2016-04-06,42.151885986328125,42.35934734593187,41.89255928682344,42.23338947087218,2047000,-0.0033291021652558372,-0.0,0.008805866596467229,0.02772818660892895,2,4
2016-04-07,42.0852165222168,42.477915012096815,41.8925741665106,42.0555783670466,1801500,-0.001581648425718174,-0.0,0.008614706842679237,0.013901262051924768,3,4
2016-04-08,42.270450592041016,42.67796533151055,42.19635803084657,42.27786154403048,1788200,0.0044014047005420665,0.0,0.00833567537911468,0.0019405105067469286,4,4
2016-04-11,41.95924758911133,42.55199640468257,41.944428515415886,42.27785060744012,1699900,-0.007362187972235201,-1.0,0.008362361012874893,0.0031654049708582654,0,4
2016-04-12,41.988895416259766,42.08521801074476,41.811072131849166,41.988895416259766,1764300,0.0007065862438422332,0.0,0.00839862554660684,0.002300686242000083,1,4
2016-04-13,41.5443229675293,42.12966367303926,41.45541134974594,42.12966367303926,1752200,-0.010587857678159174,-1.0,0.008397929163324014,0.002122302374418572,2,4
2016-04-14,41.56655502319336,41.655469477817405,41.37391269107399,41.47764339501901,1695000,0.0005351406419942251,0.0,0.008677017861909908,-0.011808380786321626,3,4
2016-04-15,42.02592849731445,42.20375171390855,41.455406926714346,41.53691041200708,1892700,0.011051516630732783,1.0,0.008678830958579947,-0.011453664641961292,4,4
2016-04-18,42.322303771972656,42.32971472182963,41.86292380656306,41.95924636955916,1609300,0.0070522005165725155,1.0,0.008663609479936413,-0.011674551163225244,0,4
2016-04-19,42.26303863525391,42.47791100026915,42.011119992999774,42.4038156193416,1477600,-0.0014003287022855693,-0.0,0.00862715100850189,-0.012448386151519775,1,4
2016-04-20,41.22572708129883,42.47791220316109,41.16645360132805,42.33713238863701,1668200,-0.024544178257211446,-2.0,0.008278422507995967,-0.002622762270825585,2,4
2016-04-21,40.76633834838867,41.20349112275956,40.38845904139134,41.05530321465177,2802500,-0.011143253629080307,-1.0,0.009809673951233416,-0.029816915268886968,3,4
2016-04-22,41.04790115356445,41.1368127809809,40.87748319687924,40.8923022725236,1693600,0.006906747492736454,1.0,0.009994179248639152,-0.04279766587988465,4,4
2016-04-25,41.12200164794922,41.1812779619757,40.795990400154224,40.884902044743725,1223600,0.001805220055163037,0.0,0.009950620443350568,-0.0436733705016803,0,4
2016-04-26,41.018253326416016,41.35167538363831,40.86265730852861,41.17384934430342,1337000,-0.0025229394819202833,-0.0,0.009986614454891189,-0.0402902520591244,1,4
2016-04-27,41.52950286865234,41.69250985260706,40.855250561997785,41.09235008786867,1662900,0.012463952040275617,1.0,0.009985396587953237,-0.04171746521992403,2,4
2016-04-28,41.53691864013672,41.736971918270825,40.973805080992655,41.06271670690238,1486300,0.0001785663437348095,0.0,0.009933996956478845,-0.042371547746311466,3,4
2016-04-29,41.818477630615234,41.90739209368501,41.04049445067943,41.396143823608654,1394000,0.006778523773461886,1.0,0.009944914611907236,-0.039904186641009254,4,4
2016-05-02,42.28526306152344,42.470497262012486,41.85552118614264,41.93702186014016,1329800,0.011162181345560684,1.0,0.010122555724450371,-0.03256735648413711,0,5
2016-05-03,42.21116638183594,42.41862776162113,41.95924778076135,42.2926698743085,1128800,-0.0017523050425319875,-0.0,0.010298637366596272,-0.029421548156629895,1,5
2016-05-04,42.61127853393555,43.01879607726664,42.1074440581305,42.233401970469295,1617700,0.009478822463237613,1.0,0.01028683938636745,-0.027649595459003917,2,5
2016-05-05,42.5297737121582,43.166976989859656,41.225723353325904,41.225723353325904,2212100,-0.001912752317732802,-0.0,0.008869494631538837,0.007533120773736357,3,5
2016-05-06,42.35193634033203,42.54457861450212,41.8480992214886,42.53717049207009,2007600,-0.0041814793802990025,-0.0,0.008845110740299932,0.00896490671740402,4,5
2016-05-09,42.66313552856445,42.73722806622354,42.17411460479757,42.38898692103772,1340200,0.007347932942940005,1.0,0.008893216640955657,0.006337613065966696,0,5
2016-05-10,42.63351821899414,42.87061784711874,42.47051116473953,42.82616060692644,1287000,-0.0006942131468626878,-0.0,0.008983307143250518,0.00928982140061163,1,5
2016-05-11,42.5001335144043,42.855782824286194,42.22598770132961,42.70759490522304,2016400,-0.0031286347025054617,-0.0,0.00880843461816094,0.016069654930080057,2,5
2016-05-12,42.70018768310547,43.026198850771,42.35935461412613,42.45567718751917,2605800,0.004707142123056451,0.0,0.008850054123567748,0.012175554824110923,3,5
2016-05-13,42.52235794067383,42.7816874887392,42.29266936622795,42.72241119439879,1351400,-0.004164612665203848,-0.0,0.00850471385931509,0.027822446799279588,4,5
2016-05-16,42.514949798583984,42.56681514288461,42.19634678276629,42.44085443069076,1361600,-0.0001742175751443531,-0.0,0.008588439168242382,0.02299451847638445,0,5
2016-05-17,41.35909271240234,42.43345165749972,41.210904784380354,42.38899443115823,2676900,-0.027187073997677502,-3.0,0.00828320835462198,0.011636180775893568,1,5
2016-05-18,40.59592819213867,41.522099197654974,40.43292119070393,41.10717356966182,2530900,-0.018452158164359744,-2.0,0.010113840283032395,-0.02275894678985302,2,5
2016-05-19,40.96639251708984,40.98861971454616,40.218044836301566,40.388459945181744,1894200,0.009125652287041541,1.0,0.010804583401592968,-0.03944606201894374,3,5
2016-05-20,40.68484115600586,41.11458587340208,40.344010893108674,41.10717492230231,2698000,-0.006872739916421122,-1.0,0.00971290147173718,-0.006290600131747204,4,5
2016-05-23,40.1291389465332,40.75152600216979,40.10691174590502,40.68484157383552,1795800,-0.013658704168017177,-1.0,0.00951625624425936,-0.0019991295682810772,0,5
2016-05-24,40.50701904296875,40.55147627457488,39.97354639594506,40.15878062129564,1649600,0.009416601162038907,1.0,0.009817759606469556,-0.02238268416195177,1,5
2016-05-25,40.23286056518555,40.58850982716503,40.151357079356046,40.38845658734237,1505600,-0.006768172140546369,-1.0,0.010065087272826666,-0.01495507466405488,2,5
2016-05-26,40.938846588134766,40.96126030364339,40.26649496877891,40.26649496877891,2818900,0.017547497568694448,2.0,0.0101464942237639,-0.01914739652565045,3,5
2016-05-27,41.09572982788086,41.14802659941471,40.84172955813861,40.97620045681421,1296500,0.0038321362915867407,0.0,0.01053379041974052,-0.014222570455169503,4,5
2016-05-31,41.26755142211914,41.319845338084335,40.84172505670946,40.99113746652631,2213200,0.004181008463845615,0.0,0.010577870885573824,-0.01062160667425005,1,5
2016-06-01,41.47673416137695,41.48420350072986,41.14055689439268,41.21526168714245,2421600,0.005068939930991112,1.0,0.01050398867819145,-0.013174229185539788,2,6
2016-06-02,41.3497200012207,41.49913239102309,40.983662638499375,41.46178000602357,1827800,-0.0030622989665016753,-0.0,0.010244407744188248,-0.019120819917097465,3,6
2016-06-03,41.95484924316406,42.28355430194133,41.78302594995288,41.78302594995288,1306800,0.01463442175486307,1.0,0.010254041573384122,-0.020408021252545372,4,6
2016-06-06,41.70083999633789,42.08931108207378,41.52154740280096,41.95484021201888,1497500,-0.006054347743069455,-1.0,0.010572510954129088,-0.015405059724943548,0,6
2016-06-07,41.61118698120117,41.99218581830598,41.5364793711191,41.74565782954497,1132600,-0.00214990909402768,-0.0,0.0106349923510555,-0.019490668382826093,1,6
2016-06-08,42.081844329833984,42.08931366760503,41.50660842810802,41.633607118847806,1469000,0.01131083688733625,1.0,0.010612701594213127,-0.0174903303872187,2,6
2016-06-09,42.49272918701172,42.55996463073344,42.03702260732055,42.09678586295944,1240900,0.00976394603709041,1.0,0.01079817893722603,-0.01362514010113658,3,6
2016-06-10,42.34331130981445,42.72431020854225,42.21630977703559,42.46284065547459,993800,-0.0035163163217799553,-0.0,0.011032113803715165,-0.0033023085558934184,4,6
2016-06-13,42.52260971069336,42.71684670504567,42.32837556614584,42.47778798107728,1423900,0.004234397247939059,0.0,0.011037759503203428,-0.003689922633694609,0,6
2016-06-14,42.799015045166016,42.799015045166016,42.20136835576274,42.52260113585108,1010800,0.006500196868282737,1.0,0.011027904772882633,-0.004158716437735244,1,6
2016-06-15,42.22378540039063,42.85131522862675,42.12666690857424,42.80649065167967,1448000,-0.013440254271467222,-1.0,0.01107875776282446,0.006506156240869254,2,6
2016-06-16,42.41801452636719,42.59730996318338,42.11172041123458,42.21630822862557,1203000,0.004599993206074737,0.0,0.011482074068688314,-0.0068485179818570385,3,6
2016-06-17,42.500186920166016,42.500186920166016,42.096774367991706,42.41054063628416,1858700,0.0019372050935517748,0.0,0.009714574035578521,0.025603120003822255,4,6
2016-06-20,42.44789505004883,42.61224895320697,42.07436552454696,42.47030590964162,1425000,-0.0012303915325223569,-0.0,0.008602260495544498,0.04690762874085741,0,6
2016-06-21,42.60478210449219,42.843840802779226,42.23125253219314,42.44043103054765,1205800,0.0036959913856360327,0.0,0.008482622831633663,0.0361638514384921,1,6
2016-06-22,42.35078811645508,42.8064947177203,42.35078811645508,42.8064947177203,1175200,-0.005961630959974484,-1.0,0.008257400177372306,0.04719057255561898,2,6
2016-06-23,42.14907836914063,42.4404338487165,41.93990270670072,42.37319840724586,1770700,-0.004762833380096532,-0.0,0.0076665327798214646,0.05536249289779005,3,6
2016-06-24,42.74672317504883,43.09783901879079,41.745663853916334,41.93242863136789,2366500,0.01417930899162334,1.0,0.007660301632320383,0.040537649152361244,4,6
2016-06-27,43.77019500732422,43.94201826707948,42.67201716257918,42.67201716257918,2988100,0.02394269680237837,2.0,0.007834012444669348,0.06248282062346289,0,6
2016-06-28,43.575958251953125,43.7701923621718,42.98578088467424,43.75525083833894,1643800,-0.004437648846174702,-0.0,0.008524919165407496,0.0691604345299277,1,6
2016-06-29,43.76272201538086,43.91213155065349,43.516191152533445,43.710425258270384,1332000,0.00428593589033377,0.0,0.008684925508744399,0.06035246081430068,2,6
2016-06-30,44.74884796142578,44.78620035208379,43.74031631483125,43.8224932841617,2567100,0.022533469140661344,2.0,0.008685771669601371,0.060463257626773625,3,6
2016-07-01,44.60690689086914,44.88332086372486,44.16614182177487,44.88332086372486,1631600,-0.0031719491567469005,-0.0,0.009688555429416927,0.07889034337461931,4,7
2016-07-05,45.01031494140625,45.14478581983797,44.67413774532695,44.68160993290903,1413400,0.00904362303183337,1.0,0.009692392043354935,0.07877167945882779,1,7
2016-07-06,45.002838134765625,45.15224766395572,44.58448404354271,45.04765985360102,1425900,-0.0001661131820641648,-0.0,0.00944966649790205,0.07282747413852353,2,7
2016-07-07,44.33795166015625,44.99536439515391,44.13624823275174,44.95801201414582,1856300,-0.014774323179758242,-1.0,0.009240292672960093,0.07918301258961957,3,7
2016-07-08,44.50230026245117,44.52471111842928,43.68800591420396,44.08394623543669,2079300,0.003706725190072646,0.0,0.010016330438242016,0.06552960578093958,4,7
2016-07-11,44.32301330566406,44.39771806821634,43.87477618093832,44.32301330566406,1744700,-0.004028712127907341,-0.0,0.009839582579458111,0.05751781964796643,0,7
2016-07-12,43.23978042602539,44.11383818328961,43.21736671571825,44.06154427558,2097300,-0.024439513445721595,-2.0,0.009805634124909366,0.04307287749386979,1,7
2016-07-13,43.5610237121582,43.62825915528366,43.31449280409663,43.39666977345049,2151300,0.0074293459163696784,1.0,0.011342642656217322,0.021171445701346325,2,7
2016-07-14,43.14266586303711,43.381724562778665,42.9783119382881,43.26966455048535,2113600,-0.009603948977083498,-1.0,0.011408594884122285,0.024420279200401795,3,7
2016-07-15,43.2323112487793,43.4265482193397,43.09784037679269,43.18748952465338,1560900,0.0020778823920335476,0.0,0.011575349011758307,0.008029409497121387,4,7
2016-07-18,43.426551818847656,43.59837509178263,43.17255157846451,43.27713940983321,1236300,0.004492949010997949,0.0,0.01113145252875538,0.023885254219280228,0,7
2016-07-19,43.39666748046875,43.56849074830954,43.13519790979897,43.45643073241988,1287900,-0.0006881582148996479,-0.0,0.011129834243427438,0.02377615510159159,1,7
2016-07-20,43.254730224609375,43.45643370733152,43.15761172751016,43.44896436900302,811700,-0.003270694827506193,-0.0,0.011135628992925565,0.021093567470343633,2,7
2016-07-21,43.33689498901367,43.41907194190911,42.96336545752835,43.20989631621466,1688800,0.0018995555856582413,0.0,0.011165412614068226,0.0190076604177718,3,7
2016-07-22,43.986846923828125,44.098904095040446,43.36678641386203,43.36678641386203,1215900,0.014997658115082357,1.0,0.011150244259888219,0.017183819476553452,4,7
2016-07-25,43.979373931884766,44.06902308698142,43.65066891261103,43.912138490464606,677000,-0.00016989151225821342,-0.0,0.011442307365361896,0.03863113014270847,0,7
2016-07-26,43.5610237121582,44.01672743800323,43.456433028559374,43.979375047334585,1048700,-0.009512418716430604,-1.0,0.011352755019086093,0.04342433176627125,1,7
2016-07-27,43.11277770996094,43.57595637946378,42.7616618892913,43.419071810862285,1259900,-0.01029007043450536,-1.0,0.011267919722389922,0.0190494259355225,2,7
2016-07-28,43.30702209472656,43.52366709366732,43.015669467009126,43.015669467009126,1337800,0.004505494544387645,0.0,0.010202529081875994,-0.01501974796441441,3,7
2016-07-29,43.69549560546875,43.8449051715868,43.34437685552077,43.44149535334135,1349600,0.008970219884721464,1.0,0.01022405956184353,-0.006171663642405623,4,7
2016-08-01,44.098899841308594,44.28566462511872,43.762725510293926,43.792605709852175,1946000,0.009232169820940328,1.0,0.010377796180088843,-0.0015361569577067025,0,8
2016-08-02,43.69549560546875,44.08396389714144,43.41161230019581,43.91961280445062,1364100,-0.009147716548292717,-1.0,0.009280200770037498,-0.014524354251029048,1,8
2016-08-03,43.01566696166992,43.919607843685135,42.828902175312834,43.717901532442944,1554300,-0.015558323217959913,-2.0,0.00945127059968349,-0.020432066442763186,2,8
2016-08-04,43.04553985595703,43.32195374471184,42.91854119069455,43.0305983336078,1356800,0.0006944654447349485,0.0,0.009674039433480637,-0.0443153526548955,3,8
2016-08-05,42.38814163208008,43.07543475039008,42.17896311145135,42.76167124415415,2158200,-0.015272156559699379,-2.0,0.009684508579653014,-0.043492774232310905,4,8
2016-08-08,42.41054916381836,42.716843307655225,42.156548933577696,42.50019546572549,1479800,0.000528627367832657,0.0,0.009717713441910036,-0.043976096212589466,0,8
2016-08-09,42.46283721923828,42.77660065752868,42.31342483680297,42.41801264956644,799700,0.00123290210692506,0.0,0.00964735077824415,-0.047003213009142564,1,8
2016-08-10,42.53754425048828,42.66454577975202,42.447897956175495,42.56742729852731,722400,0.0017593509087554526,0.0,0.009667025211251363,-0.041968628657927165,2,8
2016-08-11,42.69443130493164,42.709369980013584,42.41054803169848,42.56742976829925,986400,0.0036882019685835488,0.0,0.008205709239117254,-0.0162405120613065,3,8
2016-08-12,42.769142150878906,43.04555327600472,42.67949583863902,42.82143607050258,650400,0.001749896735095735,0.0,0.008058607606281916,-0.019893756697565657,4,8
2016-08-15,42.11172866821289,42.85878791011742,42.089317802893305,42.85878791011742,1176200,-0.015371210400873192,-2.0,0.007824720798482714,-0.00865787277364849,0,8
2016-08-16,41.43937301635742,42.126666083931056,41.43937301635742,41.99966739310728,1421700,-0.01596599505930474,-2.0,0.008451495217945365,-0.02592002481935418,1,8
2016-08-17,41.66349029541016,41.7680781233482,40.47566609990534,41.39454853796686,4311300,0.005408317325753753,1.0,0.00892638561988775,-0.045759534645524735,2,8
2016-08-18,42.23125457763672,42.27607915441327,41.53648931152562,41.53648931152562,2493400,0.013627381628396718,1.0,0.009075558211738088,-0.03993802486881337,3,8
2016-08-19,41.491661071777344,42.186426228834,41.28995478265082,42.081838415910056,1538800,-0.017512941854467723,-2.0,0.009677099364715086,-0.023661588955890878,4,8
2016-08-22,41.558895111083984,41.805423111899074,41.49912902009604,41.57383663383097,1015000,0.00162042293728204,0.0,0.010284853398455475,-0.042578821526187194,0,8
2016-08-23,41.29742813110352,41.96978249350606,41.27501726895824,41.5887807382098,959400,-0.006291480543011985,-1.0,0.009567425251079445,-0.05519722331879384,1,8
2016-08-24,41.34225082397461,41.34972016108167,40.9238967008714,41.237663005649885,1140700,0.0010853628155436112,0.0,0.009581126740426082,-0.0609819004002885,2,8
2016-08-25,41.289947509765625,41.558889181229134,41.245122947920486,41.31983055099572,1138300,-0.001265129816750421,-0.0,0.009496801596999324,-0.05093481968754365,3,8
2016-08-26,40.43083572387695,41.66348431873222,40.386014003935855,41.40201193659108,1401700,-0.020806802568239635,-2.0,0.009326630240537821,-0.04228050932970062,4,8
2016-08-29,40.61760330200195,40.84919265368072,40.52795700610878,40.55784005467463,995100,0.00461943402309406,0.0,0.0100496386207694,-0.06641385696200619,0,8
2016-08-30,40.14695739746094,40.819308879412965,40.10960216251557,40.59519171876229,1202800,-0.011587239676394634,-1.0,0.00982819715954288,-0.07043957874416651,1,8
2016-08-31,40.31877136230469,40.32624069769076,40.02741883558579,40.12453444462299,1503100,0.004279626053420804,0.0,0.009533118392369677,-0.08961544297179425,2,8
2016-09-01,40.03490447998047,40.34119865205014,39.96019969647267,40.311315598725095,1134100,-0.007040563805215894,-1.0,0.009649567104718194,-0.0772785431627292,3,9
2016-09-02,40.61760330200195,40.677369399133646,40.00501505542392,40.03489810398977,1624800,0.014554769883686536,1.0,0.009302407672485613,-0.06929481029192286,4,9
2016-09-06,41.05836868286133,41.192839552876734,40.64001739819509,40.796899129944926,1352200,0.010851585150954746,1.0,0.010065760394984592,-0.05640390530771977,1,9
2016-09-07,40.99112701416016,41.065834624921166,40.75954054531093,41.01354072229044,903200,-0.001637709213937466,-0.0,0.010050184878837833,-0.03137134344696901,2,9
2016-09-08,41.09572982788086,41.17790680482762,40.8118493527257,40.88655414096548,1009700,0.0025518403942532686,0.0,0.010039774851137358,-0.03346861046706617,3,9
2016-09-09,39.78089904785156,40.78942774294574,39.77342971039503,40.72966449388014,2740000,-0.031994340665955745,-3.0,0.010062296080971082,-0.032195384973899954,4,9
2016-09-12,40.5727767944336,40.64748155723433,39.653894532925264,39.84812862608958,2766200,0.01990597913912162,2.0,0.012019643613680115,-0.06480499171282261,0,9
2016-09-13,40.04985427856445,40.54291336104516,39.87803096116418,40.52050249132503,2782200,-0.012888506954271128,-1.0,0.012962691296842011,-0.049693940067846,1,9
2016-09-14,40.11708068847656,40.52049335127512,39.90043283069903,40.22166852331957,1651400,0.0016785681526958474,0.0,0.01312413284124849,-0.06358060357445283,2,9
2016-09-15,40.50502395629883,40.572821209518246,39.95511417957127,40.10577506157189,1265000,0.009670276629418328,1.0,0.012847662640867058,-0.04736561625032376,3,9
2016-09-16,40.81387710571289,40.874139733803,40.17357195496693,40.39202721461301,2736500,0.007625057813748892,1.0,0.012694164980446681,-0.02254737444241195,4,9
2016-09-19,41.12272644042969,41.15285918822232,40.813872959597695,40.97206557508352,1426100,0.007567262818889642,1.0,0.012759239237443378,-0.02039227111490638,0,9
2016-09-20,41.00221252441406,41.44666065063509,40.98714614529935,41.326132491335386,1633100,-0.0029305915839554775,-0.0,0.012479649887660886,-0.026248998479766805,1,9
2016-09-21,41.77056503295898,41.80069777994588,40.91933360908914,40.96453272956949,1979600,0.0187392938390194,2.0,0.01191917063245236,-0.011796311227853074,2,9
2016-09-22,42.04928970336914,42.23008332863462,41.770568951634665,42.01915695355537,1871900,0.006672753174160606,1.0,0.012635112181557565,0.0050932519093496165,3,9
2016-09-23,42.35815048217773,42.4937450060181,41.82330701237277,41.92123702928363,1731600,0.007345207992510705,1.0,0.012612701379943698,0.01820601442488723,4,9
2016-09-26,42.44100189208984,42.629327246088536,42.22254379178332,42.36567289993711,1769400,0.001955973265333366,0.0,0.012690148543610197,0.024572916035185743,0,9
2016-09-27,41.74044036865234,42.817661856284815,41.657576735201005,42.68206734220398,1374900,-0.01650671502097767,-2.0,0.012677893980658316,0.027877351552747065,1,9
2016-09-28,41.61238098144531,41.86850363628498,41.288461068747566,41.815769881402026,1120300,-0.003067993199784236,-0.0,0.01233149944747874,0.03239123360494811,2,9
2016-09-29,41.19805145263672,41.54457227151107,40.88919800166939,41.3939114207331,1197700,-0.009956881078094004,-1.0,0.012351221808476387,0.024491294379112905,3,9
2016-09-30,40.81387710571289,41.59731138620526,40.53515634435942,41.363786877515054,2550600,-0.00932506109822917,-1.0,0.012271521858196674,0.026181163488176562,4,9
2016-10-03,40.33176803588867,40.70088420775453,40.00784812055148,40.6782860794902,1677000,-0.011812381082431767,-1.0,0.012464152744161378,0.012279782510215442,0,10
2016-10-04,39.631195068359375,40.22630398347477,39.41273692884349,40.13590572832639,2520200,-0.017370251829919803,-2.0,0.012653534238612837,0.0074151183764319395,1,10
2016-10-05,39.593528747558594,40.105774008743225,39.30727336663372,40.09070763357694,2671500,-0.0009504210189930085,-0.0,0.012788566443840355,-0.024285239734811226,2,10
2016-10-06,39.714054107666016,39.78938310463064,39.16414438369658,39.57092499036938,1808700,0.0030440671473328518,0.0,0.01249338375560141,-0.03567701256270783,3,10
2016-10-07,39.50312805175781,40.35435951745895,39.39013455542959,39.93250965976257,1509700,-0.005311118712191365,-1.0,0.012535386251231209,-0.031154862027896635,4,10
2016-10-10,39.74419021606445,39.781857594071845,39.42780493084832,39.51820031610757,1110900,0.00610235634987677,1.0,0.012527907785447299,-0.03875346131564661,0,10
2016-10-11,39.15661239624024,39.66885765621677,39.08128339420372,39.66885765621677,1781300,-0.014783992745352581,-1.0,0.010538037434778701,-0.0009227753184499754,1,10
2016-10-12,39.60860061645508,39.668863251861424,39.19428242595932,39.209348803215306,2211900,0.01154308793725578,1.0,0.009966534027176701,-0.03490430061931704,2,10
2016-10-13,40.15095901489258,40.33175259263293,39.57845128701161,39.70651112963135,1850300,0.013692945218876984,1.0,0.010014049581768778,-0.011017609678184104,3,10
2016-10-14,40.06058120727539,40.53516204227107,39.887322175938046,39.97771756758847,1412900,-0.0022509501599616843,-0.0,0.010476052293796083,0.0008444863343644027,4,10
2016-10-17,40.48995971679688,40.5050260931535,40.10577717736407,40.10577717736407,1455100,0.01071822965572733,1.0,0.010251693519776686,-0.01097253391339681,0,10
2016-10-18,40.77621078491211,40.90427065990159,40.19616828813217,40.715945285893184,1308800,0.0070696802396787994,1.0,0.010395112399881196,-0.00793645230216733,1,10
2016-10-19,40.65568161010742,40.82140598089348,40.369426244397566,40.77620973141414,1629600,-0.0029558699174001557,-0.0,0.010376767506737872,-0.00842637844111671,2,10
2016-10-20,40.768680572509766,41.12273323351687,40.610487930892006,40.79881332528005,1070000,0.0027794137972156907,0.0,0.010377083100702794,-0.008451517441901535,3,10
2016-10-21,40.67828369140625,40.87414082997324,40.48242655283927,40.48242655283927,1826600,-0.002217311912823372,-0.0,0.009452120200336703,-0.02398541795301734,4,10
2016-10-24,40.77621078491211,40.98713428424403,40.48242366123775,40.82140703555915,1008700,0.0024073555867980545,0.0,0.009283571213931646,-0.032604736527880984,0,10
2016-10-25,40.90427017211914,41.06999741882773,40.58035030279805,40.64061580109831,1260600,0.0031405416232157535,0.0,0.009108254738153226,-0.03734676040520757,1,10
2016-10-26,40.911808013916016,41.00220339485885,40.51255624031858,40.828944384044526,1584900,0.00018428007064197338,0.0,0.009136117133703337,-0.03620865793597372,2,10
2016-10-27,40.610477447509766,40.81386916577844,40.3392884898182,40.67827468693265,1534800,-0.007365369095977181,-1.0,0.00848797110696403,-0.019852027132867378,3,10
2016-10-28,40.82894515991211,40.98713779797252,40.55775613831288,40.70841702515883,867800,0.005379589853005795,1.0,0.008593493072557442,-0.024077053759127387,4,10
2016-10-31,41.476783752441406,41.78563726834225,40.89674122284865,40.94947210066459,1490100,0.015867140088776432,2.0,0.008455941538213977,-0.00895931432943986,0,10
2016-11-01,40.73855972290039,41.55212411269902,40.63309506482859,41.55212411269902,1378300,-0.0177984877985522,-2.0,0.008900886786570998,0.016242187553304754,1,11
2016-11-02,40.25643157958984,41.024799463091085,39.74418632392235,40.59541783313704,2505000,-0.011834687985779135,-1.0,0.00940665785869239,0.010086135739195479,2,11
2016-11-03,40.211238861083984,40.39956425475423,39.92498345809232,40.1208406031177,1749300,-0.0011226210752560695,-0.0,0.00894656272027572,0.0157763728838356,3,11
2016-11-04,40.06058120727539,40.9570091190515,40.05304658169421,40.40709926995009,1658300,-0.0037466553649109224,-0.0,0.008948310477436286,0.015601289732567247,4,11
2016-11-07,40.8967399597168,40.90427171047902,39.917448564444605,40.28656469775577,1282300,0.020872356996397112,2.0,0.008984861146421564,0.008725553394018482,0,11
2016-11-08,41.45418167114258,41.680174425737086,41.009733659986495,41.03233465961629,1901500,0.013630468149169461,1.0,0.009913808009631882,0.035278520377754585,1,11
2016-11-09,40.098236083984375,40.76867391880735,40.03043883812492,40.76867391880735,2228100,-0.03270950076677348,-3.0,0.010212595225404613,0.04302494140104418,2,11
2016-11-10,39.42780303955078,40.196170961440615,38.41084710171804,39.811985563687024,3051600,-0.016719764007309346,-2.0,0.012238774773724828,0.024047628998532744,3,11
2016-11-11,39.13401412963867,39.84965114088126,39.04361875279644,39.29220675751687,1548700,-0.007451313217158084,-1.0,0.012593804413386056,-0.004564604002424311,4,11
2016-11-14,38.93815231323242,39.05114868423392,38.62929882259438,38.76489331834933,1553600,-0.0050048997211842305,-1.0,0.01227357861287632,-0.025328034751964656,0,11
2016-11-15,39.495601654052734,39.676392422126206,39.081286364132126,39.081286364132126,1437800,0.014316276138014672,1.0,0.012300627225213592,-0.02801828780854343,1,11
2016-11-16,39.14908599853516,39.69899583472189,38.92309321429003,39.54833493643101,1579200,-0.008773525177632413,-1.0,0.012499555115018768,-0.02455813909668203,2,11
2016-11-17,39.32234191894531,39.52573368452538,39.13401652936571,39.13401652936571,872300,0.004425541899410579,0.0,0.012459320794745328,-0.03990377612475482,3,11
2016-11-18,39.036075592041016,39.45792538108334,38.82515213432815,39.25453367245311,1099800,-0.007279991804515995,-1.0,0.012530862021435588,-0.032795900556999324,4,11
2016-11-21,39.32234191894531,39.450401804523096,39.12648190455678,39.12648190455678,1440100,0.007333378741654739,1.0,0.01255088698305245,-0.04249843154445965,0,11
2016-11-22,39.51066207885742,39.69898744351011,39.23194134378421,39.397665710619,2331800,0.004789138965840101,0.0,0.012714234185561696,-0.033333308326068734,1,11
2016-11-23,38.9758186340332,39.510661978621904,38.90802138798556,39.07374575439992,1339700,-0.013536686471027792,-1.0,0.012761702127381862,-0.0310364470286425,2,11
2016-11-25,39.61612701416016,39.69899064106031,39.14154625239757,39.14908087681608,829600,0.016428349745240434,2.0,0.012980592607930993,-0.04714548212133596,4,11
2016-11-28,40.55775833129883,40.63308734198619,39.751725847750286,39.82705485843765,2377800,0.023768888786177778,2.0,0.0136000281800814,-0.031670098747900166,0,11
2016-11-29,40.48995971679688,40.91934138529956,40.39956433227459,40.45982696408363,1927800,-0.0016716558629332745,-0.0,0.014583579658622827,-0.0012981653879612365,1,11
2016-11-30,38.88542938232422,40.08317909039621,38.87036300487215,40.02291645420559,2733900,-0.039627857021725776,-4.0,0.014535580713289174,-0.008302576561494468,2,11
2016-12-01,38.49370956420898,38.74983221619171,38.08692889521552,38.62177232700908,1783000,-0.010073691465865675,-1.0,0.01637795163245339,-0.06247722546627432,3,12
2016-12-02,38.930625915527344,39.09635318281792,38.56904150167131,38.74230052037623,2039200,0.011350331164877048,1.0,0.016112106719834752,-0.055103817463372784,4,12
2016-12-05,39.11894607543945,39.1490788242992,38.44850821820414,38.74982708595031,1639700,0.004837326795637198,0.0,0.016239433779381217,-0.032934008605340015,0,12
2016-12-06,39.17921447753906,39.29974261713597,38.81763005874834,39.24701173566341,1436700,0.0015406448318773247,0.0,0.016297724731113624,-0.027163868027494154,1,12
2016-12-07,39.902381896972656,39.90991364767971,39.22440938864955,39.299738390188914,1643500,0.018457935644630608,2.0,0.016296980652377176,-0.02200084729615115,2,12
2016-12-08,40.15095901489258,40.19615812773177,39.32986047682069,39.5859830356766,1623000,0.00622963106718144,1.0,0.016143260564393094,-0.024313871074407967,3,12
2016-12-09,40.49748229980469,40.54268141864178,40.08316710145685,40.13589796995839,1538500,0.008630510787639656,1.0,0.015885562420817716,-0.031437664518106034,4,12
2016-12-12,40.8967399597168,40.957002586666334,40.33176382318085,40.33176382318085,1683700,0.009858826703259993,1.0,0.014293101396414251,0.009956702708421084,0,12
2016-12-13,41.09260559082031,41.22066836921052,40.70842300288535,40.88921379475433,1392800,0.004789272477377038,0.0,0.013855623072555267,0.037256372582882724,1,12
2016-12-14,40.3065185546875,41.60525814811391,40.22297339418895,41.25589011080366,1424700,-0.01912964692383534,-2.0,0.013702023384703782,0.05004831486730299,2,12
2016-12-15,40.76981735229492,40.77741105088696,39.94196513764624,40.20778804715399,1470900,0.011494388853724002,1.0,0.014412881826966338,0.035142043475700824,3,12
2016-12-16,41.44577026367188,41.52171883996505,40.80019867342252,40.80779237215085,2373500,0.01657973852411465,2.0,0.01430255658081506,0.03226221768700266,4,12
2016-12-19,41.82551956176758,41.84070985670265,41.38501259766052,41.72678409331586,1545500,0.009162558583898583,1.0,0.01445139075933052,0.05866508007933202,0,12
2016-12-20,41.969818115234375,42.235643899668,41.81792097813194,42.235643899668,1282500,0.0034500122169121017,0.0,0.014514556836450343,0.06365789830071766,1,12
2016-12-21,41.73437881469727,42.19007605326944,41.70399822619182,41.909062852725015,938700,-0.005609728874465647,-1.0,0.014320504818451098,0.07515464807101435,2,12
2016-12-22,42.10652542114258,42.1672865902711,41.55209279047891,41.688802523766064,1296200,0.008917027568510205,1.0,0.014427896284496703,0.061340112975057925,3,12
2016-12-23,42.12172317504883,42.30400381747235,41.96982312257131,42.19767464991384,760100,0.0003609358348675151,0.0,0.014482379811309554,0.06570032506932422,4,12
2016-12-27,42.06096649169922,42.167295663300685,41.88628243874643,42.13691507219952,817700,-0.001442407355869979,-0.0,0.013991648722500962,0.08071426467149712,1,12
2016-12-28,41.5596923828125,42.10652845815062,41.491337511238704,42.07615076864733,802500,-0.011917798155818504,-1.0,0.01372594047310997,0.06171323806249873,2,12
2016-12-29,42.20526885986328,42.24324314912938,41.56729094953408,41.65842982322324,1187300,0.01553371644583601,2.0,0.013218827154126037,0.02470388139623747,3,12
2016-12-30,41.94702911376953,42.33437429997009,41.82550968025112,42.22804226054613,1446800,-0.006118661320490548,-1.0,0.013557736125273879,0.042363814512633935,4,12
2017-01-03,41.83311080932617,42.098933693572114,41.597665613813945,41.96222395388787,1123100,-0.002715765737172693,-0.0,0.00987766937702314,0.07873385430165758,1,1
2017-01-04,41.97740173339844,42.24322453840248,41.7343629124658,41.90145029107494,1264600,0.003449203783336463,0.0,0.009488931514182414,0.08675186888774511,2,1
2017-01-05,41.98501205444336,42.14450869785536,41.620453678684726,42.14450869785536,1590700,0.000181295666970005,0.0,0.009338882325424465,0.07826167050285981,3,1
2017-01-06,41.969818115234375,42.13690844274967,41.59766607318035,41.65083065061664,1224200,-0.0003618895997762328,-0.0,0.009364172963167475,0.07326541910093387,4,1
2017-01-09,41.44577026367188,42.15969673148607,41.430579968962746,42.007799578899736,1302800,-0.01248630265977424,-1.0,0.009392368226862834,0.07122663572785837,0,1
2017-01-10,41.22551727294922,41.40779792076941,41.07362011322709,41.38501392626162,1608800,-0.0053142453215719865,-1.0,0.009326439787432927,0.03867910368569549,1,1
2017-01-11,41.81792068481445,41.855894968823705,41.28627201692845,41.31665260303672,1369600,0.014369823620234978,1.0,0.009395356475166223,0.026762953723174387,2,1
2017-01-12,42.00779342651367,42.08374199168355,41.65082879626074,41.703993371330064,1353600,0.004540463480485091,0.0,0.009697844538774796,0.03260544384548414,3,1
2017-01-13,41.88627243041992,42.091334128223714,41.59006608383813,41.90145982508899,1053400,-0.002892820264561946,-0.0,0.009538806464415258,0.0271672868764421,4,1
2017-01-17,42.31919479370117,42.36476278210122,41.99261068965554,42.12172385312576,1303600,0.010335662214879804,1.0,0.009546431623347795,0.01931410355192731,1,1
2017-01-18,42.16728210449219,42.45589183264616,42.0913306511613,42.296395229277145,1288700,-0.003589687609831249,-0.0,0.008561431433851166,0.04993426153347613,2,1
2017-01-19,41.82551956176758,42.28121682080971,41.757164683186005,41.96222931893072,1232700,-0.008104922244637658,-1.0,0.008387564626721345,0.03427694414526483,3,1
2017-01-20,41.7723503112793,42.11412466600384,41.55969200045167,41.88627606193821,1373700,-0.001271215541262083,-0.0,0.007904922033987336,0.009162558583898583,4,1
2017-01-23,41.57488632202149,42.053367567745326,41.55209943133049,41.9014675178994,1913900,-0.004727145774330199,-0.0,0.007654803624264116,-0.001271215541262083,0,1
2017-01-24,41.430572509765625,41.71158566815946,41.3242433631978,41.54449825094656,1220200,-0.0034711775550767543,-0.0,0.007676732201626926,-0.009409900041228214,1,1
2017-01-25,41.240699768066406,41.5976643998525,41.10399003237183,41.29386434336407,1134900,-0.004582913780746378,-0.0,0.00761843822305304,-0.007279521429576441,2,1
2017-01-26,41.41538238525391,41.53690182428736,41.10398864165245,41.240698372721575,1541600,0.0042356850919094136,0.0,0.0073653773818320115,-0.020562742815188995,3,1
2017-01-27,41.20272445678711,41.57487937183283,41.088798714134825,41.55209248495118,1319100,-0.005134757093116282,-1.0,0.007448272669909983,-0.016769038314494278,4,1
2017-01-30,41.339447021484375,41.48375049601961,41.10400176563468,41.3166630247822,1240500,0.0033182894213865666,0.0,0.0075080669657116355,-0.020404715024356035,0,1
2017-01-31,42.01538848876953,42.06855306556562,41.3318397910311,41.3318397910311,1572000,0.0163510040889967,2.0,0.0071218975216762155,-0.0052994945029768425,1,1
2017-02-01,41.54449844360352,41.95462763705446,41.3925984204085,41.703992164194894,1298400,-0.011207561374610986,-1.0,0.007213978989323389,-0.004498973143003071,2,2
2017-02-02,42.03816986083984,42.08374073693428,41.43057266584051,41.59766298093481,1099900,0.011882955282429775,1.0,0.007502780376237984,-0.009596166371502957,3,2
2017-02-03,42.31919479370117,42.63818230151175,42.022991280090615,42.235649618631,1933100,0.0066849944655444915,1.0,0.00794398454188736,0.0049018360706740705,4,2
2017-02-06,42.288818359375,42.53185731223612,42.17489258267323,42.46350242566563,900000,-0.0007177932962630917,-0.0,0.008039683893580304,0.008142311009945002,0,2
2017-02-07,42.36475372314453,42.4558954749607,42.17487941940544,42.27361486858032,784400,0.0017956369252085658,0.0,0.008043394565111564,0.007236065683098758,1,2
2017-02-08,42.903995513916016,43.07108291770249,42.27361148527319,42.27361148527319,1341600,0.012728547752111297,1.0,0.00804730164479399,0.009409990932669698,2,2
2017-02-09,42.56981658935547,43.00272975251233,42.53184230960083,42.79766516513511,1087700,-0.007788993089283602,-1.0,0.007896094292531663,0.03518393411359266,3,2
2017-02-10,42.85082626342773,42.87361314723524,42.44829371559828,42.44829371559828,700100,0.006601148339044682,1.0,0.008023106521227476,0.03260842811275855,4,2
2017-02-13,42.903995513916016,42.95716008292786,42.554624621086006,42.79006978188966,1003900,0.0012407987225597772,0.0,0.007569174514642579,0.024700070249747297,0,2
2017-02-14,42.4938850402832,42.86603718700487,42.273630073385,42.79008859709314,1048900,-0.009558794436751006,-1.0,0.007530289236883182,0.02133418621404415,1,2
2017-02-15,42.34957504272461,42.364765338858895,41.92425833997553,42.22805557090305,995600,-0.00339601797815825,-0.0,0.007838235099755272,0.014506246906373033,2,2
2017-02-16,42.75209426879883,42.75968796533045,42.26601656772926,42.3343714255204,1009400,0.009504681585780661,1.0,0.007563495027726259,0.0007178834373275933,3,2
2017-02-17,42.64577102661133,42.881213315896126,42.43310983006928,42.75969387383725,1529500,-0.0024869715508907264,-0.0,0.007783993292795987,0.013868860764074231,4,2
2017-02-21,43.16982269287109,43.23058096473352,42.417919159966,42.547035195708176,1333300,0.012288479106937533,1.0,0.0075601195239862005,0.019611267796265208,1,2
2017-02-22,43.74703598022461,43.80020055052327,42.60019652445846,42.72930965311183,1857000,0.013370758815945738,1.0,0.007930683691018684,0.03345448295770059,2,2
2017-02-23,44.14199447631836,44.62807241922778,43.89895550486364,43.94452639848131,1902100,0.009028234421922576,1.0,0.008188115723994211,0.05224667702945873,3,2
2017-02-24,44.8331184387207,44.89387960492705,44.179950388261815,44.20273727421513,2113200,0.015656835868010477,2.0,0.008189719847912497,0.06544495531442696,4,2
2017-02-27,44.59767532348633,44.88628216577938,44.55969814669615,44.79514331543693,1333600,-0.005251544470549985,-1.0,0.008433229196587113,0.08710857698481611,0,2
2017-02-28,44.91545104980469,44.98436338288603,44.54026103172171,44.6780856978844,1927600,0.007125387680263495,1.0,0.008671780099345916,0.0768384294663782,1,2
2017-03-01,44.55556488037109,44.86949812033387,44.10380700619248,44.39477044741256,1787800,-0.008012524888919348,-1.0,0.008466923442070527,0.09010876445589022,2,3
2017-03-02,44.86185073852539,45.14515568497358,44.33352482419548,44.41009278132839,1258900,0.006874244754312198,1.0,0.00887389176745558,0.07779779582477908,3,3
2017-03-03,44.62448120117188,44.86950214600993,44.33352065472672,44.77762002191567,1674100,-0.0052911222663772906,-1.0,0.00842315559478126,0.06774808831094603,4,3
2017-03-06,44.678070068359375,44.77761071929512,44.379451036431576,44.60915775938531,1538800,0.0012008849345701567,0.0,0.00800723851242058,0.07413695851327762,0,3
2017-03-07,44.8388786315918,44.99967308583697,44.55557077882057,44.55557077882057,1652800,0.0035992728196714285,0.0,0.007780274681411163,0.06279769590965723,1,3
2017-03-08,44.04255294799805,44.56322313588079,43.96598208455659,44.356486185908544,1324200,-0.017759714513303826,-2.0,0.007734880942335194,0.05953997589447657,2,3
2017-03-09,43.935359954833984,44.41008766025235,43.85878908565038,44.16506672062481,1025200,-0.0024338505828812584,-0.0,0.00892355304404303,0.041470408884911825,3,3
2017-03-10,44.18803787231445,44.50197114336806,43.97364527380372,44.24929456953471,1221200,0.005751128879795786,1.0,0.00897537634236742,0.03707341819932286,4,3
2017-03-13,44.44071578979492,44.54025353792505,44.12678252988303,44.16506650384692,2299300,0.005718242530039497,1.0,0.008673624584242196,0.02992826992026787,0,3
2017-03-14,44.66277694702149,44.670432575179625,44.19570476559779,44.41009740459334,1630800,0.0049967952423837225,0.0,0.008452951325184534,0.043948960797431935,1,3
2017-03-15,45.27531814575195,45.52033907807056,44.67042144120543,44.70870541421522,2074100,0.01371480325679375,1.0,0.00841726128065183,0.042285081563064875,2,3
2017-03-16,44.82356262207031,45.13749589074304,44.71636632362793,45.06092501979843,1047600,-0.009977964643502535,-1.0,0.008792212899747638,0.055270438182541515,3,3
2017-03-17,45.1221809387207,45.48971235027898,44.93841377250156,45.00732609472374,3335900,0.006662083493188309,1.0,0.008821627583208414,0.054823831230743636,4,3
2017-03-20,44.777618408203125,45.40548492183336,44.67807774017493,45.16046398582546,1318400,-0.0076362117998134416,-1.0,0.008753619608256638,0.06546950927368056,0,3
2017-03-21,45.51266860961914,45.72706405990037,44.670409740500254,44.72400787285078,1782300,0.016415571608010326,2.0,0.008920288116440819,0.04737836061712075,1,3
2017-03-22,45.71941375732422,46.10225929792324,45.57393350341327,45.75769772720818,1514200,0.004542584603825617,0.0,0.00936174055844247,0.06722583538749594,2,3
2017-03-23,45.68879318237305,46.15586528866948,45.5815968801175,45.63519503124528,1245500,-0.0006697499472260171,-0.0,0.009133271115426833,0.05905956766586762,3,3
2017-03-24,45.94911956787109,46.06397439607895,45.56627403501776,45.61987509682647,1310600,0.005697817065530852,1.0,0.008827703174485366,0.0443860288735034,4,3
2017-03-27,45.59690856933594,46.21711946828086,45.397830150410414,46.14054859878642,1370500,-0.007665239330971296,-1.0,0.00872648611590963,0.04093890892316221,0,3
2017-03-28,45.550968170166016,45.73473241197189,45.35954538110492,45.56627942291654,1749700,-0.0010075331993190106,-0.0,0.00837151636233513,0.01703629274995011,1,3
2017-03-29,45.2293815612793,45.50503087653248,45.08390127639802,45.50503087653248,1453800,-0.0070599291695702115,-1.0,0.008267739408023245,0.02137539321870574,2,3
2017-03-30,44.88481903076172,45.12983999039657,44.69339622349198,45.04561640873728,1185900,-0.007618112797999399,-1.0,0.008324997830049755,0.006989365666761449,3,3
2017-03-31,45.00733184814453,45.24469719300404,44.83888175519686,44.83888175519686,1670700,0.002729493401741223,0.0,0.008305575656405372,0.0073897424771667275,4,3
2017-04-03,45.091552734375,45.114522534895485,44.61682502471141,44.992012063986174,1205300,0.001871270363562827,0.0,0.008192093166907546,0.003242869102014323,0,4
2017-04-04,45.06858825683594,45.206412917997184,44.838881461860666,45.04561845360252,2147800,-0.0005092855789273765,-0.0,0.008101246846842979,0.010466710662640821,1,4
2017-04-05,45.48971176147461,45.5433099090781,44.89247359053288,44.97670008558979,1729200,0.009344058044125525,1.0,0.008102731828929769,0.008740713013768442,2,4
2017-04-06,45.5892448425293,45.61221463885634,45.07623033114899,45.344223945442415,1714000,0.0021880349907819063,0.0,0.008308876267281145,0.014514928779335357,3,4
2017-04-07,45.48206329345703,45.81896640582974,45.43612076504603,45.68879736910545,1645200,-0.0023510270776031517,-0.0,0.0071501106961282535,0.035118125335682926,4,4
2017-04-10,45.39017105102539,45.47439754600498,45.11452176595763,45.41314377203435,1036400,-0.002020406194827573,-0.0,0.007147756738979483,0.03520406661543407,0,4
2017-04-11,45.336570739746094,45.45142557666944,45.06092146783392,45.29828676773159,1214900,-0.0011808792528902323,-0.0,0.007127220498892185,0.027204945876633246,1,4
2017-04-12,45.849586486816406,45.87255628643793,45.16812183649882,45.23703415624329,1280400,0.011315715738962062,1.0,0.00707232519197087,0.02015842755973085,2,4
2017-04-13,45.65049743652344,45.88020415654599,45.40547654571545,45.71940974461814,1058000,-0.004342221283723302,-0.0,0.007379753316190615,0.0265726768669734,3,4
2017-04-17,46.16352462768555,46.2018086047358,45.734736490434095,45.77302046748435,1513600,0.0112381511696662,1.0,0.006893875997922359,0.00828661854045265,0,4
2017-04-18,46.04866409301758,46.32431336717128,45.857241310508606,46.09460661233648,1385700,-0.0024881231577166263,-0.0,0.0068490019341204125,0.029894143330665646,1,4
2017-04-19,45.66581726074219,46.04866281513591,45.42845488638114,46.03334864245458,1414700,-0.008313961757979493,-1.0,0.0067900360529517464,0.02053276537220361,2,4
2017-04-20,45.51266860961914,45.66580738242597,45.19873543976074,45.66580738242597,1125200,-0.0033536824765141304,-0.0,0.006834553202652424,0.019835776982197517,3,4
2017-04-21,45.78832244873047,45.9184914410927,45.52033175986624,45.52033175986624,1286800,0.006056639778162065,1.0,0.005896026039113056,0.0,4,4
2017-04-24,45.96443557739258,46.08694603596855,45.56627585680074,45.9414657791845,1026100,0.0038462454888865683,0.0,0.005963015509201989,0.0015072085519733935,0,4
2017-04-25,45.94147872924805,46.063989222357485,45.67348793834632,45.79599843145576,1340300,-0.0004994480592691586,-0.0,0.006015498925696943,0.006033041711547726,1,4
2017-04-26,45.74238967895508,46.06397855355447,45.71941695871235,45.90318411625478,1105400,-0.004333535963573998,-0.0,0.005888309749777305,-0.00016628911924532197,2,4
2017-04-27,45.765357971191406,46.171173324596936,45.71175982718992,45.75004379849387,1489500,0.0005021227005745921,0.0,0.005713500906974155,0.003190591515604968,3,4
2017-04-28,45.48206329345703,45.74239844602517,45.31361027683046,45.727084269888174,2029100,-0.006190155399040109,-1.0,0.005707475198720887,0.004706591531150162,4,4
2017-05-01,45.282962799072266,45.61986869003154,45.12982402326162,45.61986869003154,860600,-0.004377560734220465,-0.0,0.005654772035047916,0.005586672279287885,0,5
2017-05-02,45.344234466552734,45.59691104741672,45.03795681368955,45.3901740698661,1160900,0.001353084332232024,0.0,0.005469635288430548,0.008870343624147736,1,5
2017-05-03,45.26000595092773,45.54331086864091,45.198749254730274,45.28297575156176,952000,-0.0018575352879126594,-0.0,0.005448971013939456,0.007485505240455437,2,5
2017-05-04,45.550968170166016,45.57393797017176,44.494313556702366,44.494313556702366,1308700,0.006428682743739866,1.0,0.005458325722848935,0.0037358042989792395,3,5
2017-05-05,45.59690856933594,45.85724368385701,45.550968968519285,45.71941903964703,926500,0.0010085493462685946,0.0,0.005621309698667861,0.01070323992802047,4,5
2017-05-08,45.7577018737793,45.7959887680125,45.45908279239189,45.69644810059005,1133300,0.003526408028273531,0.0,0.0052492076395318395,0.002356506640961209,0,5
2017-05-09,45.44376373291016,45.80363946967408,45.39016559180229,45.63518649997529,899700,-0.006860880857502805,-1.0,0.005283518299894053,0.0036951046640907315,1,5
2017-05-10,45.35189437866211,45.55863137574679,45.15281593010675,45.46674923955819,1168200,-0.0020216053139436863,-0.0,0.005479922670861371,-0.0008420805428230871,2,5
2017-05-11,45.54331207275391,45.54331207275391,45.07623997497952,45.20640899740064,1279100,0.004220721024210672,0.0,0.005479944499579688,-0.0008432810777525557,3,5
2017-05-12,45.849586486816406,45.91849880656088,45.512680514341255,45.512680514341255,806000,0.006724904275148713,1.0,0.00554935266170432,0.00456014492570711,4,5
2017-05-15,46.05633163452149,46.09461561432393,45.68879724995284,45.8572502661401,833400,0.004509204194557581,0.0,0.005168198242315983,0.0,0,5
2017-05-16,45.65816116333008,46.14820300055262,45.635188444105445,46.05632088629333,1076400,-0.008645292776486846,-1.0,0.005156198912366655,0.00889002794684468,1,5
2017-05-17,46.086952209472656,46.28603355687606,45.68113680874435,45.73473495899601,1180200,0.009391334105828042,1.0,0.004891898219666257,-0.010947246087279705,2,5
2017-05-18,46.12522888183594,46.53869981771439,45.82660692692445,46.25539495477113,1495000,0.0008305316478578462,0.0,0.00532014667328626,0.0008314707323047177,3,5
2017-05-19,46.02568817138672,46.10225610585317,45.73472476283114,46.0716277637148,1683400,-0.0021580534744710667,-0.0,0.004963338859605766,0.010060295613907533,4,5
2017-05-22,46.50808334350586,46.58465129280008,45.90318661308945,46.018038537030776,1060000,0.010480998574596834,1.0,0.004923760924026281,0.011272016725012435,0,5
2017-05-23,46.81435012817383,46.95217475025101,46.50041691586015,46.51573108729979,2430500,0.006585237718912174,1.0,0.005254894113785225,0.01571931130653037,1,5
2017-05-24,47.02109146118164,47.0593754329233,46.81435450872093,46.92155079794949,1023300,0.004416195727202643,0.0,0.0053681965647249495,0.01849069917001822,2,5
2017-05-25,47.3503532409668,47.42692120767941,46.85265269469269,47.01345009819831,909800,0.007002427411898271,1.0,0.00541173435590374,0.023499738401895787,3,5
2017-05-26,47.377349853515625,47.51624133918535,47.25389108219691,47.331051710462624,825500,0.0005701459588156599,0.0,0.0054058561461577245,0.0351525920114204,4,5
2017-05-30,47.43906784057617,47.57795929718219,47.30017638397016,47.37733993957832,908400,0.0013026897294037276,0.0,0.005405147707245177,0.035222971124555524,1,5
2017-05-31,47.89433288574219,47.98692622903008,47.46222571124982,47.48537625468878,1565200,0.009596837920508472,1.0,0.005099443652467724,0.04302805117903863,2,5
2017-06-01,48.110382080078125,48.110382080078125,47.69371058883739,47.917477576239015,1278600,0.004510955290918162,0.0,0.005134459145841895,0.05766782748419064,3,6
2017-06-02,48.12582015991211,48.36502283100118,47.755443824460606,48.34959011575452,2205300,0.0003208887389065662,0.0,0.005139711924598013,0.06100329283463335,4,6
2017-06-05,48.0640869140625,48.20297839239558,47.90976272219362,48.20297839239558,1486600,-0.0012827468839904377,-0.0,0.005061630011264781,0.0633189092394637,0,6
2017-06-06,47.963775634765625,48.14124742477531,47.90204772425705,48.04093625877362,1771100,-0.0020870318305687974,-0.0,0.005075586549352655,0.055171576913758624,1,6
2017-06-07,48.28786087036133,48.59650633633856,47.92519943076147,47.92519943076147,1744200,0.006756874981309835,1.0,0.00516741040248239,0.0519084986174132,2,6
2017-06-08,47.92519760131836,48.26470848398002,47.44679523404755,48.26470848398002,1507100,-0.007510443877740025,-1.0,0.005249261707203668,0.05529471308592737,3,6
2017-06-09,48.07180404663086,48.12581707478692,47.55482136471165,47.786306191593226,1226700,0.0030590681447386636,0.0,0.005309240692786307,0.05460449717572913,4,6
2017-06-12,48.03321838378906,48.36501434465018,47.58567855063168,48.10266411846904,1207900,-0.0008026672517712496,-0.0,0.005205324933271966,0.059973452161867336,0,6
2017-06-13,47.963775634765625,48.04093625877362,47.73229081925252,47.95606074976048,1011800,-0.0014457234255799145,-0.0,0.005251520802541952,0.05467117338891847,1,6
2017-06-14,48.18754196166992,48.58106582426444,47.96377204789612,48.35729591049064,1060300,0.004665319273616575,0.0,0.005229452897278646,0.04611141146402997,2,6
2017-06-15,48.31871795654297,48.38044880893316,47.97920709886404,48.17211159734983,1008000,0.002722197263711701,0.0,0.005233066213272295,0.046273992120357654,3,6
2017-06-16,48.7971305847168,48.82799307207312,48.32644306653133,48.38817098473347,2929900,0.009901186298115539,1.0,0.004609198204915295,0.058271220860065975,4,6
2017-06-19,48.44990158081055,48.874290950400685,48.272429769654295,48.78169760186034,966300,-0.007115766844188243,-1.0,0.00464733250452549,0.05880576270103388,0,6
2017-06-20,48.49620056152344,48.61965935035866,48.32644656655607,48.473052958457366,905300,0.0009556052582617713,0.0,0.005110565869444908,0.05039915801675421,1,6
2017-06-21,48.39588928222656,48.66595444601552,48.14897172005109,48.5733610960721,1168200,-0.0020684358390018476,-0.0,0.005017353401002266,0.05367681588892759,2,6
2017-06-22,47.9946403503418,48.38044935164118,47.97148980869125,48.2338400473144,842600,-0.008290971358018262,-1.0,0.0047606393117662115,0.04059092104005835,3,6
2017-06-23,48.03321838378906,48.28013589743144,47.92519233950664,47.93290722403156,1485200,0.0008037987818152459,0.0,0.005122775177437713,0.025212145825722843,4,6
2017-06-26,48.34959030151367,48.488481795777794,47.93291581872132,48.156685775423455,1050300,0.006586523417955847,1.0,0.005069714594491818,0.02152495595392523,0,6
2017-06-27,47.83260726928711,48.233846090640185,47.60111948471259,48.11810514184238,1779900,-0.010692604197938271,-1.0,0.005045960472061889,0.02110305398275991,1,6
2017-06-28,47.24617385864258,48.07180495431959,47.2153084295451,48.04093952522211,985500,-0.012260118026664046,-1.0,0.005656346801446648,0.009609178588061207,2,6
2017-06-29,46.837215423583984,47.58568291772532,46.698323941477504,47.09956567384186,1076700,-0.008655905900066485,-1.0,0.006294872095428896,-0.004066141910330834,3,6
2017-06-30,46.84494400024414,47.19217280699531,46.75235063294053,46.837229112756376,1799300,0.00016500931129792562,0.0,0.00613627099925572,-0.022071869435577818,4,6
2017-07-03,46.61344528198242,46.92209367275153,46.57486496900858,46.86808064589032,798700,-0.0049418079838138285,-0.0,0.006011566915140318,-0.02630280669414986,0,7
2017-07-05,46.3510856628418,46.70602918003076,46.21991203655011,46.70602918003076,1414900,-0.005628410806228001,-1.0,0.0060523079518106275,-0.03142543592824765,2,7
2017-07-06,46.28937149047852,46.36653212371007,46.03473610253333,46.22764062910169,1334900,-0.001331450417627389,-0.0,0.006118373719635649,-0.03563994161136386,3,7
2017-07-07,46.3510856628418,46.55942284297147,46.22762692018961,46.3510856628418,1164100,0.0013332255413311955,0.0,0.006118259766199343,-0.03490976517439637,4,7
2017-07-10,46.22762680053711,46.605720854643145,46.21991191691758,46.41281638578037,1321000,-0.0026635592357583393,-0.0,0.005853366978239495,-0.04010894607071536,0,7
2017-07-11,46.1581916809082,46.37424379376576,45.94985445344301,46.28165045161099,1244600,-0.0015020264814480377,-0.0,0.005716320940069433,-0.03542125824713449,1,7
2017-07-12,46.31250762939453,46.72918201009266,46.25849461080279,46.536277531268205,1616800,0.0033431974448461244,0.0,0.005612147249087722,-0.03980737573040538,2,7
2017-07-13,46.21991729736328,46.45911698276559,46.11188830969409,46.304792801012816,1325300,-0.0019992511045220374,-0.0,0.005725107740491013,-0.035823349179851416,3,7
2017-07-14,46.46684265136719,46.65974717523572,46.3510987596503,46.58258359959464,932500,0.005342401467645974,1.0,0.005725055887763034,-0.03635782034094792,4,7
2017-07-17,46.54400253295898,46.62888099305072,46.26621955210948,46.459124072867255,902500,0.0016605363564445863,0.0,0.005764739456895808,-0.03570838520195618,0,7
2017-07-18,46.63659286499024,46.78320217512516,46.543999525187104,46.628877979793806,979400,0.001989307472336499,0.0,0.00572842944076396,-0.036729356626972964,1,7
2017-07-19,46.8140754699707,46.8603736223083,46.58259059526249,46.72919993925326,862800,0.003805651186703507,0.0,0.0051542060667948775,-0.044275917330336534,2,7
2017-07-20,47.230743408203125,47.23846123759213,46.7523410082162,46.837219470558445,1004400,0.008900484182363,1.0,0.005178133720239357,-0.033763249407461005,3,7
2017-07-21,47.4853744506836,47.500807164560165,47.045552407413616,47.16129334625408,1223700,0.005391213944692108,1.0,0.005645018217372547,-0.02609394424033118,4,7
2017-07-24,46.86808395385742,47.500810550451895,46.76777277825408,47.49309272121888,1071400,-0.0129995920631788,-1.0,0.0058224017186615734,-0.018813887812520247,0,7
2017-07-25,46.66746520996094,46.9298154978639,46.59030457260285,46.898950065524815,886400,-0.004280498091067675,-0.0,0.006200159676621946,-0.023472545856390692,1,7
2017-07-26,47.022403717041016,47.03783643152547,46.52856862749576,46.60573219991803,944800,0.007605695005785673,1.0,0.006220840267732254,-0.02843351371785363,2,7
2017-07-27,46.84494400024414,47.13815976411069,46.605744222752286,46.92210759257222,2204700,-0.0037739397131789643,-0.0,0.0062894840383539916,-0.027449800012702585,3,7
2017-07-28,46.706050872802734,47.04556478040101,46.46685110352938,46.7909293497023,1116300,-0.0029649544984124976,-0.0,0.0059449567384020985,-0.020648326014984786,4,7
2017-07-31,46.90666198730469,47.03012075762136,46.497702419045694,46.60573141862589,1190300,0.004295184687060916,0.0,0.005382211169678294,-0.01143210003535644,0,7
2017-08-01,46.98381805419922,47.114994640640006,46.71375294018727,47.01468347965458,1807300,0.0016448850467214449,0.0,0.005141599604114733,0.001482721871756132,1,8
2017-08-02,47.11499786376953,47.11499786376953,46.58257954045335,46.79091676129588,1153800,0.002792021061783112,0.0,0.00515290656049379,0.0029645473363006936,2,8
2017-08-03,47.74773025512695,47.74773025512695,47.03012516556273,47.03012516556273,1955000,0.013429532421649126,1.0,0.005045781892597601,0.010759826456787858,3,8
2017-08-04,47.516239166259766,47.7091436715918,47.16901046796429,47.639697931932695,1175000,-0.004848211373195688,-0.0,0.005570830562201287,0.030131863629783373,4,8
2017-08-07,47.87889862060547,47.90204916329464,47.37734866250807,47.52395502992315,1525800,0.007632326562646341,1.0,0.005709117538413237,0.026504306199828243,0,8
2017-08-08,48.07952499389648,48.110387480923606,47.66285051239097,47.801742006226135,1030300,0.00419028797802512,0.0,0.005876084606773822,0.03296175129266654,1,8
2017-08-09,47.63198852539063,48.25700029283362,47.554827887010354,48.25700029283362,1427600,-0.009308254783354397,-1.0,0.005819725419837979,0.04006042104107865,2,8
2017-08-10,48.01007843017578,48.09495689090761,47.44679757853387,47.64741698649958,2116600,0.007937730850426483,1.0,0.006278338940783077,0.031929258725532206,3,8
2017-08-11,47.7322998046875,48.06409584866172,47.52396254846022,47.840325876029866,1416400,-0.005785839860525832,-1.0,0.00642355153748611,0.03665469411342781,4,8
2017-08-14,47.97148895263672,48.03321980461779,47.72457143169049,47.75543685768103,892400,0.005011054336957255,1.0,0.006584749953826234,0.032721445553311135,0,8
2017-08-15,48.28013610839844,48.30328370556327,47.763153481790994,47.79401596351444,961900,0.006433970729289973,1.0,0.0065756115426404025,0.032381074663467846,1,8
2017-08-16,48.457618713378906,48.51934957759415,48.11810779066393,48.303294496330416,836100,0.003676099930248533,0.0,0.006661950626974881,0.037300908408340216,2,8
2017-08-17,48.19526290893555,48.58878976452362,48.14124988067668,48.49619347880332,1114000,-0.0054141291175524575,-1.0,0.006674926640193352,0.03904714595383085,3,8
2017-08-18,48.65823745727539,48.75083080321752,47.88661937294905,48.125819095257,1481000,0.009606225184716433,1.0,0.006840799947649195,0.02950367865004222,4,8
2017-08-21,48.58878326416016,48.75082232725865,48.41131148883958,48.70452419059242,1275300,-0.0014273881822417511,-0.0,0.00688106436140603,0.030223831895568543,0,8
2017-08-22,48.54249572753906,48.64280690714271,48.33415848228049,48.54249572753906,2193400,-0.000952638315091181,-0.0,0.006846155112612738,0.023236813992538297,1,8
2017-08-23,48.71996688842773,48.75854720514589,48.42675118308871,48.56564267806564,1531600,0.0036559958079778188,0.0,0.0060642255016398324,0.03572605561025566,2,8
2017-08-24,48.58878326416016,48.92057921821264,48.557917839716,48.719956902814495,1394400,-0.0026926049553355202,-0.0,0.005919073245533538,0.043981426229867226,3,8
2017-08-25,48.67366409301758,48.91286378545036,48.581067815151,48.65051355180642,1325400,0.001746922296776754,0.0,0.005863715224905467,0.03331134572670713,4,8
2017-08-28,48.82027816772461,48.88200608590351,48.60422603886423,48.696819387877326,1147000,0.0030121848732580503,0.0,0.005734096772640206,0.03903772609406708,0,8
2017-08-29,48.8357048034668,49.128917529420406,48.77397394948344,48.92829814095272,647300,0.00031598828030410253,0.0,0.005631039552547857,0.04526666792445533,1,8
2017-08-30,48.7971305847168,48.95145185196689,48.611940943131394,48.86657633237514,883100,-0.0007898773838780349,-0.0,0.005621320462287159,0.041125135203272434,2,8
2017-08-31,48.6119384765625,48.96688208281108,48.534777846852585,48.8434233091816,1782200,-0.0037951434015732755,-0.0,0.005652646646706236,0.03859440559781224,3,8
2017-09-01,48.28013610839844,48.75082354067624,48.23383797057984,48.75082354067624,1102500,-0.006825532545344459,-1.0,0.00577740401569947,0.03177206156564605,4,9
2017-09-05,48.5733642578125,48.581079144356,48.1181094210137,48.31872884953143,1315800,0.0060734739594707765,1.0,0.0053632596292200446,0.011150390823327472,1,9
2017-09-06,48.31100845336914,48.712250208134805,48.19526456398869,48.712250208134805,1769600,-0.005401227780947093,-1.0,0.005343953108465096,0.02224765911826143,2,9
2017-09-07,48.76626968383789,48.82028272109066,48.280149405073125,48.434473630148105,1582200,0.009423550553869786,1.0,0.005299387596156046,0.009025057910954315,3,9
2017-09-08,48.99003601074219,49.12120967900838,48.58107640325857,48.68910246971063,1127800,0.004588547132167831,0.0,0.005599071121430912,0.014283516528680096,4,9
2017-09-11,49.46842575073242,49.53015659774184,48.80483386282513,48.95144020923931,1393900,0.009765041607345148,1.0,0.005162437891242629,0.028511249002918237,0,9
2017-09-12,48.33415985107422,49.49930489161022,48.11810771364592,49.49930489161022,1288600,-0.02292908825062845,-2.0,0.005292744002783573,0.03037585790820163,1,9
2017-09-13,48.12582015991211,48.45761617899169,48.04865952716826,48.28014436888927,1104500,-0.004310402659403634,-0.0,0.007375237793395618,0.012609072867836524,2,9
2017-09-14,48.65052032470703,48.6891006407779,47.95606580496303,48.10267218342812,1446000,0.010902674760688846,1.0,0.007378438502033581,0.003217144404831007,3,9
2017-09-15,48.50391387939453,48.743113604797934,48.226130894484,48.46533356337683,2129600,-0.0030134609935106305,-0.0,0.007628067594244034,0.007671565288817961,4,9
2017-09-18,47.96355438232422,48.63997560095579,47.59035800268328,48.63219900806053,1450300,-0.011140533904416938,-1.0,0.007623736200704263,0.000955374350717797,0,9
2017-09-19,48.02575302124024,48.15015180865006,47.75362863472427,48.002429175444966,1447300,0.0012967896086313324,0.0,0.007926233823335502,-0.004807703343150949,1,9
2017-09-20,47.80027770996094,48.18902427848622,47.5359299247277,48.1734740598371,1573600,-0.0046948834134799,-0.0,0.007613488344542567,-0.012998506914487118,2,9
2017-09-21,47.76918029785156,48.08795238559387,47.66033172631533,47.80028073711938,1125400,-0.0006505696953910123,-0.0,0.007664565627649104,-0.016228139525791385,3,9
2017-09-22,47.20161819458008,47.93246380502877,47.1705177503266,47.88581313864855,1678500,-0.011881344828037821,-1.0,0.007664451100734971,-0.01593068955555954,4,9
2017-09-25,47.7925033569336,47.85470126468347,47.162732857773534,47.2560312023488,1283600,0.012518324264174652,1.0,0.007963355209074137,-0.031164813747201037,0,9
2017-09-26,47.69143295288086,47.92468031943772,47.567034159657126,47.80805811910988,1218900,-0.002114775267114788,-0.0,0.00851953297282585,-0.016388142565691877,1,9
2017-09-27,46.98391342163086,47.57480693742061,46.84396441101466,47.45818473917453,1153200,-0.014835359045492047,-1.0,0.008504565005715205,-0.020179930121135503,2,9
2017-09-28,47.0927619934082,47.380433641498925,46.65736474194299,47.02278748809953,2710200,0.002316719997343508,0.0,0.008969386712249916,-0.037614794815073016,3,9
2017-09-29,46.99168395996094,47.21715768067903,46.84396133219785,47.03833461573394,3067600,-0.002146360272124448,-0.0,0.009003387529625533,-0.03568992844626384,4,9
2017-10-02,46.94503402709961,47.20938179871444,46.867282937859486,47.04610599426058,1300900,-0.0009927274132391917,-0.0,0.009001470014975562,-0.0369990325890458,0,10
2017-10-03,46.81285858154297,46.952807576044805,46.33081369264819,46.890609670655536,1625000,-0.0028155362605625234,-0.0,0.00899047763149386,-0.03429002219828292,1,10
2017-10-04,47.26380920410156,47.31045689482997,46.704013188152814,46.92948691301006,1585700,0.009633050324689973,1.0,0.008916702516038238,-0.03039091529404847,2,10
2017-10-05,47.13942337036133,47.3026962645713,46.898399360407225,47.28714604142248,1113600,-0.002631735271338198,-0.0,0.00909846430530431,-0.0269603531425211,3,10
2017-10-06,46.94503402709961,47.1238570835007,46.750660752850486,46.97613149689487,1593600,-0.004123710672794156,-0.0,0.00905542211006981,-0.02425089271607017,4,10
2017-10-09,46.89838790893555,47.17828592546637,46.84396362415468,46.99168625914546,1774300,-0.0009936326414661245,-0.0,0.008743231513062867,-0.03734621632012736,0,10
2017-10-10,47.1627311706543,47.18605501448855,46.71178671642109,46.85950933720596,1636800,0.005636510624459801,1.0,0.008624158595537341,-0.042695377920277444,1,10
2017-10-11,47.66032791137695,47.75362625581127,47.06943444209172,47.16273278652604,1832900,0.010550634544936432,1.0,0.008385343714925844,-0.04660941893919046,2,10
2017-10-12,47.94801712036133,48.16571729174446,47.51262270939903,47.62924494123452,1757400,0.006036240655316716,1.0,0.007376458860556035,-0.013941112078361462,3,10
2017-10-13,47.93246078491211,48.36008148579838,47.82360923688343,48.18125839146054,1482700,-0.00032444168463041656,-0.0,0.007464231607983535,-0.003694545650546388,4,10
2017-10-16,47.58258819580078,47.986885047678925,47.41931532270617,47.84693602334029,2079200,-0.0072992828530401566,-1.0,0.00702199523052043,-0.014759544913443778,0,10
2017-10-17,48.002437591552734,48.0179848475414,47.50483938877016,47.62146456999608,1393900,0.008823593076195957,1.0,0.007154112325960693,-0.018994872988696065,1,10
2017-10-18,47.76918029785156,47.94022974792343,47.62145766018112,47.893579089021706,1050000,-0.004859280182517689,-0.0,0.007049340738635638,0.000810682396858553,2,10
2017-10-19,48.251220703125,48.251220703125,47.76139924150455,47.862474170451776,1630200,0.010091033638588875,1.0,0.007123050570932007,-0.005342398759998757,3,10
2017-10-20,48.3056526184082,48.367850531202166,48.04130481575631,48.119052948224045,1017100,0.0011280940562747865,0.0,0.007385665336133497,0.009433899022517345,4,10
2017-10-23,48.49225234985352,48.53112641851412,48.11905595208928,48.40672761925938,1401200,0.0038628963968123653,0.0,0.007382331615787251,0.011230511329933135,0,10
2017-10-24,48.5311279296875,48.59332881420236,48.07240975294679,48.25900647468853,1710000,0.0008016864127800005,0.0,0.006835058724920181,0.027343006545941684,1,10
2017-10-25,48.46114730834961,48.48447115272422,47.88580109793544,48.32119831030024,2062600,-0.0014419739314379676,-0.0,0.006334034155216827,0.015454820753739495,2,10
2017-10-26,48.39117813110352,48.8576728653032,48.32120362438344,48.60887527827654,1615900,-0.001443820073034674,-0.0,0.006320508047549052,0.016139467988500744,3,10
2017-10-27,48.81879425048828,48.85766831373323,48.29787231212313,48.313422530601294,1266400,0.008836654446110925,1.0,0.005251172471902614,0.02995205394757039,4,10
2017-10-30,48.58554458618164,48.71771698808618,48.29009638099986,48.686616552614254,1925100,-0.004777866145358689,-0.0,0.005494006352815847,0.03665175249907149,0,10
2017-10-31,48.70216751098633,48.84989309877413,48.44559632919304,48.55444488909934,1965400,0.0024003626139832424,0.0,0.005615505263744313,0.03391792955491324,1,10
2017-11-01,48.73326873779297,49.02871695226241,48.18902296352849,48.818793455078925,2622800,0.0006386004647458421,0.0,0.005585771852018382,0.03742959229452025,2,11
2017-11-02,49.16088485717773,49.19198529077979,48.39894202933088,49.08313673907318,1998000,0.00877462420355024,1.0,0.005494216091879311,0.04102313369530397,3,11
2017-11-03,49.40192794799805,49.79067462124467,49.01318127475142,49.08315579457188,1381900,0.004903147929916196,0.0,0.005436939066264218,0.04013801860285815,4,11
2017-11-06,49.52632522583008,49.77511988580304,49.1920028599545,49.43302685760251,2325900,0.0025180652456109343,0.0,0.005371866557369265,0.04799601725843883,0,11
2017-11-07,50.16385269165039,50.233830155870265,49.43301320414184,49.75955888569683,1990200,0.012872496857243343,1.0,0.0051696468986665665,0.05498539413647863,1,11
2017-11-08,50.249393463134766,50.54484473477083,49.83732293354084,50.093897164655246,2110800,0.0017052273080016,0.0,0.005562976171364018,0.06962850810683574,2,11
2017-11-09,50.28825759887695,50.43598319678621,50.039460026073066,50.17940903151288,1301000,0.0007734249721980113,0.0,0.005543886568652694,0.06544706415138779,3,11
2017-11-10,49.8139762878418,50.0860976515642,49.642926878701765,49.99280228788842,1555600,-0.00943125361030106,-1.0,0.005285966722950281,0.0551387244415642,4,11
2017-11-13,50.35046005249024,50.40488433787736,49.76734016685575,49.83731170586682,1423800,0.010769743847559132,1.0,0.0058289128478442144,0.038916294761396575,0,11
2017-11-14,51.16682052612305,51.19792096285906,50.11720599644018,50.23383115124978,1761200,0.01621356533349938,2.0,0.006118872488872467,0.05044596559372261,1,11
2017-11-15,50.53705596923828,51.43117429966985,50.50595553067173,51.244577600072645,1607800,-0.012308065078291186,-1.0,0.006406684723665029,0.07532655255265364,2,11
2017-11-16,50.45153045654297,50.715881214320426,50.194956291235975,50.53705517831197,1677300,-0.0016923327062694504,-0.0,0.007143234875629771,0.05280186808954013,3,11
2017-11-17,49.92283630371094,50.45153190261764,49.80621114051933,50.241611354314514,1602400,-0.010479249054444972,-1.0,0.007012837136304671,0.05615231707905277,4,11
2017-11-20,49.63516616821289,49.961714855544514,49.44856649460893,49.953938262614535,1486000,-0.005762295510374771,-1.0,0.007346985123681042,0.03464400643604182,0,11
2017-11-21,49.70513153076172,49.907281387134674,49.61960681967321,49.65848087946781,1302300,0.001409592592310771,0.0,0.007523149847895425,0.027522939402293556,1,11
2017-11-22,49.61183547973633,49.72845766449301,49.32416089902143,49.65070954132189,1466000,-0.001876990325790584,-0.0,0.007500713164843042,0.025011813684332918,2,11
2017-11-24,50.0161361694336,50.0161361694336,49.73623815861571,49.79843903475347,621500,0.008149279013520916,1.0,0.007530610827500483,0.022268337789605352,4,11
2017-11-27,50.08611297607422,50.25716243754911,49.7673438329823,49.91506351459934,1058900,0.001399084615484103,0.0,0.007659984741007584,0.032087330726816576,0,11
2017-11-28,50.19496536254883,50.50596386774914,50.109440625323664,50.20274195642469,1217700,0.002173304734719661,0.0,0.007629806556294385,0.03502569911355957,1,11
2017-11-29,50.23384094238281,50.56038669405567,49.96171948265543,50.13276895214205,1599400,0.0007744916159060367,0.0,0.007453305817263475,0.028189371187650414,2,11
2017-11-30,50.42042922973633,50.49040669727178,50.09388353270942,50.202732098385056,3708400,0.0037143941982762385,0.0,0.0073223490277195165,0.03392565361241151,3,11
2017-12-01,50.871376037597656,51.40784819868461,50.57593078187831,50.6536789089832,3423600,0.008943732029860874,1.0,0.007334995279015152,0.03528101122732141,4,12
2017-12-04,50.91025924682617,51.40007784566564,50.78585748291625,50.94913034919608,2108900,0.0007643435711228719,0.0,0.007498227837286312,0.04387366895721012,0,12
2017-12-05,50.44374847412109,50.9257963151481,50.008354251129866,50.9257963151481,2019600,-0.00916339416861578,-1.0,0.007342418383839302,0.03558468068121079,1,12
2017-12-06,50.622596740722656,50.80919349947477,50.41267019679802,50.51374813713359,1596500,0.003545499135404695,0.0,0.0076691925474855266,0.021088661301228884,2,12
2017-12-07,50.467079162597656,50.614798815614336,50.12498030588248,50.614798815614336,2395000,-0.003072097998479295,-0.0,0.007682477953729212,0.02213512732660461,3,12
2017-12-08,50.708099365234375,50.715875956898685,50.20272767947981,50.41264820000481,1741400,0.004775790607183472,0.0,0.007232560243184006,0.006044720544316151,4,12
2017-12-11,51.081298828125,51.15127629786875,50.50595554399724,50.70810542883213,1545000,0.007359760424120454,1.0,0.007292922979685651,0.009128585849222937,0,12
2017-12-12,49.92283630371094,51.01132794049558,49.86063542576845,50.894702777303976,1701900,-0.022678799306023567,-2.0,0.007447153817456399,0.015769908664836185,1,12
2017-12-13,50.59926223754883,50.94135523462552,50.09389043765039,50.38156507619018,1931800,0.013549429157485804,1.0,0.008793952896266584,0.0021853307842785163,2,12
2017-12-14,50.36600112915039,50.69254680142511,49.95393074292733,50.46707902661745,1749100,-0.004609970542719499,-0.0,0.008980869742398277,0.004941408376392342,3,12
2017-12-15,50.61272430419922,50.8398635143771,50.401247188411816,50.55789801040579,2786500,0.004898605597378536,0.0,0.008252955938274487,-0.015651146362784085,4,12
2017-12-18,50.0566291809082,50.77720809267237,50.009633929768405,50.58139902797036,1426300,-0.010987259250237136,-1.0,0.007890989723098983,0.0014972841909706158,0,12
2017-12-19,49.022762298583984,50.10362927684054,48.98360107941871,50.00180771676324,1341500,-0.020653945326357337,-2.0,0.008249165990278601,-0.007827339865832617,1,12
2017-12-20,48.73295593261719,49.28905290171033,48.7251218976672,49.10107490442631,1012600,-0.005911669444525924,-1.0,0.00912651446154814,-0.018029304257699996,2,12
2017-12-21,48.54499053955078,48.920943643922335,48.31002022279477,48.45100301041031,1579200,-0.0038570488793313595,-0.0,0.009130611320191316,-0.01817683520063429,3,12
2017-12-22,48.85044860839844,48.975766300513406,48.552820957006304,48.732964952683474,1231500,0.0062922675533079175,1.0,0.009138255200492058,-0.023340467180796853,4,12
2017-12-26,48.52931213378906,49.15590046909834,48.50581600490524,49.046247883895326,653800,-0.006573869509033825,-1.0,0.009275657093173002,-0.015346879710767314,1,12
2017-12-27,48.97576904296875,49.10108674210103,48.67030733807192,48.81129012307194,1139000,0.009199737015617826,1.0,0.009129005450265971,-0.029726887151134695,2,12
2017-12-28,49.304718017578125,49.3438792289282,48.97575726905797,49.17940034857257,1033900,0.006716565784210093,1.0,0.009403019013646789,-0.022168698410193532,3,12
2017-12-29,49.48486709594727,49.66501107702858,49.24206277998067,49.24206277998067,1538400,0.003653789852421818,0.0,0.009531661743593711,-0.017735789606399988,4,12
2018-01-02,49.46138000488281,49.688516290835125,48.97577128418947,49.48487614085484,4243900,-0.0004746317903394637,-0.0,0.00957617228599172,-0.014909746744124042,1,1
2018-01-03,49.022762298583984,49.61802059820079,48.79562304449212,49.29689382055037,2311800,-0.008867882502581415,-1.0,0.009523737508381116,-0.019021044435851397,2,1
2018-01-04,48.3335075378418,49.0384213472812,48.25518510915259,48.96792996633725,2300300,-0.014059892352538794,-1.0,0.009398294160840957,-0.03633897651298856,3,1
2018-01-05,48.4196662902832,48.631140443108784,48.06720936890724,48.44316242243851,2265100,0.0017825884532371994,0.0,0.009752513994014682,-0.050613604155728464,4,1
2018-01-08,48.75645446777344,48.7877846335016,48.21602255410336,48.41966265571831,1804600,0.0069556071591063695,1.0,0.009666480063571944,-0.0401255308153059,0,1
2018-01-09,48.38833999633789,48.86611464047654,48.13770460725032,48.71730081189627,2255300,-0.007550066456921245,-1.0,0.009790441815294409,-0.03686381958055551,1,1
2018-01-10,48.02804565429688,48.27084996257172,47.89489692859749,48.24735084382956,1716000,-0.007445891759632062,-1.0,0.009869328148779588,-0.04119000347855217,2,1
2018-01-11,48.184696197509766,48.19252724565635,47.769581926127344,47.887065575181786,1822400,0.003261647253782529,0.0,0.009812804637933523,-0.05285257669852528,3,1
2018-01-12,48.05154037475586,48.497984776233686,47.94972181849533,48.106366670529695,2804700,-0.0027634463483612315,-0.0,0.009645483477557957,-0.056705735701073956,4,1
2018-01-16,47.73825454711914,48.27868653508762,47.25264886280791,48.05938132045858,2079300,-0.006519787403138189,-1.0,0.00849683775246055,-0.03748376629826977,1,1
2018-01-17,48.28652191162109,48.38834048534785,47.67559553021282,47.73042183539171,1986000,0.011484864071868994,1.0,0.007784904151772707,-0.05654247836654391,2,1
2018-01-18,47.62860107421875,48.37267317827606,47.503283384164,48.37267317827606,4200700,-0.013625351575467182,-1.0,0.008362326830370609,-0.0412873599434076,3,1
2018-01-19,47.61293029785156,47.92622299163284,47.503277705637664,47.76174410331199,2158000,-0.00032902029481751693,-0.0,0.00857558193040536,-0.0589599408252538,4,1
2018-01-22,47.58943557739258,48.043714058897486,47.471951926796336,47.87140111931847,2493400,-0.0004934525203974527,-0.0,0.008383430429525322,-0.048818686416637,0,1
2018-01-23,47.87139892578125,48.270851087809234,47.13515792389541,47.15082300748564,3995700,0.005924914741426646,1.0,0.007261445993111027,-0.02923798362200425,1,1
2018-01-24,47.87923049926758,48.15336197847634,47.40145593166741,47.78524000255968,4666600,0.00016359608580618357,0.0,0.007351494576543968,-0.01767914525905645,2,1
2018-01-25,50.57356262207031,50.81636393872397,47.8400698801091,47.91055827180152,6160700,0.05627350512335294,6.0,0.007320825198917027,-0.013714289216737896,3,1
2018-01-26,50.18193435668945,50.90251010106577,49.57101118316967,50.79285753020924,3695100,-0.007743734968948979,-1.0,0.014393057308762974,0.035273248511696,4,1
2018-01-29,48.90526580810547,50.001797650846,48.71729079882983,49.75116231327255,2827100,-0.02544079986055381,-3.0,0.014429097232832788,0.03405410359710692,0,1
2018-01-30,48.999271392822266,49.46138099902191,48.74080194069594,48.858288598536966,2353000,0.0019221976031305044,0.0,0.015470450600708674,-0.0014395534004054689,1,1
2018-01-31,49.41437530517578,49.46920160384318,48.819117067725855,49.05408734598743,2518100,0.008471634384635385,1.0,0.015402268054448356,-0.006195079031726003,2,1
2018-02-01,47.11949157714844,49.67284037772377,46.469407058531445,49.45353518895791,5772000,-0.04644162177209543,-5.0,0.015497896287644527,-0.0014245120762841346,3,2
2018-02-02,46.48506164550781,46.66520857896382,45.4590242599593,45.73315570163823,6519800,-0.01346427795388827,-1.0,0.018525298739128518,-0.04734781818669809,4,2
2018-02-05,45.6861686706543,46.6730449613329,45.6861686706543,46.2579307342439,4104100,-0.017186015175064684,-2.0,0.018635528900399063,-0.05176576214983042,0,2
2018-02-06,45.0674057006836,45.38069834653587,44.45647951382576,45.184889322449976,3545900,-0.01354377020387243,-1.0,0.01874579121692132,-0.054772330874493624,1,2
2018-02-07,44.55831146240234,45.59218311231057,44.55048041424349,45.07524728735645,3236300,-0.011296284540149193,-1.0,0.018868159316635442,-0.0692334509185234,2,2
2018-02-08,43.947383880615234,44.76195024977759,43.93954984540288,44.49564982092871,2502600,-0.01371074355684676,-1.0,0.018795149618230242,-0.08610435379680748,3,2
2018-02-09,44.66012573242188,44.98125243513493,43.806398207481,44.072698618594906,2749800,0.016218072359957425,2.0,0.018899295739522835,-0.09177740166450754,4,2
2018-02-12,45.05957794189453,45.318047323832495,44.26067665382585,44.70712403970133,2176600,0.008944269701924634,1.0,0.019407548387907224,-0.07012402599341838,0,2
2018-02-13,45.13007354736328,45.263225268418616,44.34683726857207,44.8246118766842,1787800,0.0015644976870323735,0.0,0.019542438163441794,-0.0648570708592896,1,2
2018-02-14,45.09873962402344,45.24755341913258,44.519143549739965,44.8716004200604,2544400,-0.0006943025099872546,-0.0,0.01956794381690544,-0.06079860925597691,2,2
2018-02-15,45.8741455078125,45.88197954324388,45.153569614197664,45.302383421494014,3189100,0.017193515611598542,2.0,0.019553880415026394,-0.055291399908440675,3,2
2018-02-16,46.30492401123047,46.5085670994988,45.79582226617772,45.79582226617772,1509700,0.00939044201585415,1.0,0.019796545037633888,-0.049959622443380036,4,2
2018-02-20,45.56085586547852,46.21877450195302,45.39637695331226,46.038630504655295,1145100,-0.016068877374066814,-2.0,0.019772499491993258,-0.02779164269228951,1,2
2018-02-21,44.92643356323242,45.92897504697016,44.91076847907286,45.513860774074246,1900700,-0.01392472310264048,-1.0,0.020036149060022865,-0.04309909975159909,2,2
2018-02-22,45.020416259765625,45.4746946883227,44.74628478584945,45.020416259765625,3204800,0.0020919242654977577,0.0,0.02020250056246625,-0.0559578398409335,3,2
2018-02-23,46.57905960083008,46.67304711193762,45.02041818693369,45.11440569804123,2514200,0.03462081141300777,3.0,0.02013936605310013,-0.05955503139642371,4,2
2018-02-26,46.069950103759766,46.516394470232974,45.81931477478564,46.516394470232974,1699400,-0.010930008064423014,-1.0,0.02172774063596473,-0.027155217092667994,0,2
2018-02-27,44.94993209838867,46.32842970002566,44.94210104979493,46.17961288645937,1776900,-0.02431124850034705,-2.0,0.01736880312671525,-0.08905072699674055,1,2
2018-02-28,44.64446640014648,45.33371513905111,44.64446640014648,45.16923325526295,1912500,-0.006795687645836157,-1.0,0.017901754249388037,-0.10426067319589749,2,2
2018-03-01,44.29200744628906,45.21622642079998,44.213685019761314,44.644464341282045,2715400,-0.00789479597982734,-1.0,0.017293254221075763,-0.08712353031016173,3,3
2018-03-02,44.72279357910156,44.965597918811234,44.27634910671987,44.31551331375752,2678400,0.00972604669894217,1.0,0.017252459813700566,-0.09606803964074362,4,3
2018-03-05,45.61180114746094,45.71452825673358,44.52128948822731,44.58450593897432,1812000,0.01987817614270848,2.0,0.01730228292968605,-0.09494366157822931,0,3
2018-03-06,44.78995513916016,45.50905979905391,44.70302990316159,45.47745007424183,1877000,-0.018018275701145448,-2.0,0.015208295711187269,-0.03199717100552679,1,3
2018-03-07,44.48177337646485,45.09024708946792,44.3553374760012,44.76625490612547,2226900,-0.006880599941165522,-1.0,0.015419361142785028,-0.036465618122106136,2,3
2018-03-08,44.94010543823242,45.13766173453224,44.639822038274986,44.639822038274986,2284200,0.010303817203701549,1.0,0.015060151609983401,-0.02636236150314497,3,3
2018-03-09,45.23248291015625,45.24038383424115,44.75834607439091,44.94800141159091,1634000,0.006505936491975506,1.0,0.014978866122849271,-0.002824663644866665,4,3
2018-03-12,45.09024429321289,46.070121707422025,44.92429473488906,45.31150635168538,3158800,-0.0031446121855809306,-0.0,0.014812098838402137,0.015130094153652296,0,3
2018-03-13,44.78995513916016,45.39842877668091,44.52127850719605,45.24828409105818,2845700,-0.006659736684946904,-1.0,0.01446934098122379,0.026005197845275108,1,3
2018-03-14,45.1929817199707,45.43005171052137,44.84528368935063,44.87689342335341,1718000,0.00899814656117326,1.0,0.01414947906731226,0.00290705421467341,2,3
2018-03-15,45.501163482666016,45.73823041382413,45.10605092591263,45.208778020250406,2151900,0.006819239425380319,1.0,0.014151142313263938,0.00296060869119108,3,3
2018-03-16,46.03850936889648,46.21235984181636,45.56437555207593,45.6117901395457,3854500,0.01180949771614448,1.0,0.014222093056227302,0.008222675172759875,4,3
2018-03-19,45.86466979980469,46.12544253957173,45.59599312019845,46.09383582362438,2167100,-0.003775959983822519,-0.0,0.014430424578558497,0.020838048972269707,0,3
2018-03-20,45.57228469848633,46.04642161532254,45.43004693935228,45.896279916282815,1507800,-0.006374952716210469,-1.0,0.013978191816629059,-0.00020655879042363878,1,3
2018-03-21,45.40633773803711,46.03851727383455,45.16927078892179,45.66711349219282,1607700,-0.0036414009424181604,-0.0,0.013876297716457283,-0.01582206057754143,2,3
2018-03-22,45.44584274291992,46.47313775213192,45.26409133738211,45.509062195873646,1967700,0.0008700328379427358,0.0,0.013444943212364037,-0.0033914667428029954,3,3
2018-03-23,44.87688064575195,45.97529296660588,44.76624962271188,45.564375584979,1359100,-0.012519563128942313,-1.0,0.013065255661117969,0.01156132678451871,4,3
2018-03-26,45.46165466308594,45.580189648539424,44.96381495890908,45.04283627289813,1408600,0.013030629779062775,1.0,0.013368953991509861,-0.0031882338267482657,0,3
2018-03-27,46.299293518066406,46.89986332981353,45.3984372932108,45.56438385790108,2811300,0.01842517306482061,2.0,0.011226461109254309,-0.023989426736391817,1,3
2018-03-28,46.2044563293457,46.74180956602242,46.00690008099306,46.44942414804274,1925300,-0.002048350666165044,-0.0,0.011755791336346213,0.004978156342477114,2,3
2018-03-29,46.56005859375,46.93146533263557,46.2597752445572,46.425721781922064,1846300,0.007696276347665787,1.0,0.010344240742764728,0.02790936876636585,3,3
2018-04-02,46.36251068115234,47.215955337546426,46.07012820344839,46.66279709889877,2584100,-0.00424286219915071,-0.0,0.010255793139056705,0.042907718426605124,0,4
2018-04-03,46.860347747802734,47.073708886178,46.07012264914006,46.30718957584496,2708600,0.010737922932477995,1.0,0.010108592620487092,0.04674665598243832,1,4
2018-04-04,47.04209518432617,47.255456304675256,46.441525486449294,46.71810304182629,2609400,0.0038784909899001185,0.0,0.010148461072777058,0.04779563165973655,2,4
2018-04-05,47.42140579223633,47.57945141135619,46.4415283797382,46.95517287379093,1797100,0.008063216708862342,1.0,0.009328249480232123,0.03135798194509265,3,4
2018-04-06,47.13692855834961,47.737498309735685,46.970978995868464,47.46092072971635,1769300,-0.005998920300530064,-1.0,0.008274590935369567,0.05875091066513405,4,4
2018-04-09,47.18434143066406,47.60316279622426,47.08161433496198,47.11322104892513,1576200,0.0010058540885997669,0.0,0.008225347443797493,0.059690857183531065,0,4
2018-04-10,46.86825942993164,47.3344924357471,46.82084483096955,47.32658849535174,1565400,-0.006698874905288088,-1.0,0.008049414681387645,0.049938378438301845,1,4
2018-04-11,46.94727325439453,47.22385083469055,46.789227630881285,46.86034801073877,1450500,0.001685870681436663,0.0,0.008222756174833255,0.03616375698465357,2,4
2018-04-12,46.33879470825195,47.20014010096097,46.31508892227301,46.95516925945813,1719800,-0.012960892166098748,-1.0,0.008146931062233267,0.0411847172329729,3,4
2018-04-13,46.6469841003418,46.89985587715462,46.50474334907592,46.50474334907592,1221300,0.006650785676023618,1.0,0.00858438119653112,0.03458006520166457,4,4
2018-04-16,47.160640716552734,47.27917570369643,46.71811351428221,46.86035429306666,1620100,0.011011571832940215,1.0,0.008498842558874635,0.032173189841301575,0,4
2018-04-17,47.6031608581543,47.76910740396573,47.10531820625047,47.208048312239725,1738700,0.009383251263722636,1.0,0.008676351283320543,0.03647109451429542,1,4
2018-04-18,47.33448791503906,48.06149360953785,47.32658397539858,47.7612072070637,1371500,-0.005644014772796524,-1.0,0.008550848797960052,0.033985711325286605,2,4
2018-04-19,47.30288314819336,47.40561327300949,46.836650137990965,47.24756762278545,1107100,-0.0006676900551333409,-0.0,0.008619314479949954,0.032046848296303,3,4
2018-04-20,46.79713821411133,47.36609831928064,46.5679721782044,47.36609831928064,1478700,-0.010691630201431934,-1.0,0.008445545246388568,0.037974801157259375,4,4
2018-04-23,46.78922653198242,47.24755852795941,46.55215960951512,46.915662424929614,1288000,-0.00016906337504463131,-0.0,0.008805552524285965,0.030630095827110404,0,4
2018-04-24,46.970977783203125,47.34238453632854,46.67069442249737,46.85244582959911,2045300,0.00388446795752162,0.0,0.008812036614281423,0.02956010292650557,1,4
2018-04-25,46.91566467285156,47.09741608926726,46.425725941014896,46.805033638030665,1718700,-0.0011776018503779628,-0.0,0.008221376415570983,0.04666316168410867,2,4
2018-04-26,47.42931365966797,47.54784562297365,46.6469894381838,46.947275837936985,1640400,0.010948347218314947,1.0,0.007862858158101326,0.03198321795678627,3,4
2018-04-27,47.90345001220703,48.11681117452391,47.23175980876008,47.3581957181549,1288600,0.009996694363769487,1.0,0.007200979508527504,0.024406854959042157,4,4
2018-04-30,47.611061096191406,48.10099980200948,47.51623493059069,47.87973774411799,2872500,-0.006103713113379428,-1.0,0.007408234571360733,0.03677120818716895,0,4
2018-05-01,47.2159538269043,47.76911204785404,47.081616995179104,47.71379652720604,2356700,-0.008298644478619166,-1.0,0.0074659746829919835,0.022573049394368327,1,5
2018-05-02,47.16852951049805,47.4055994238109,46.89195196425862,47.18433437235018,1671400,-0.0010044129698217885,-0.0,0.0076607439247228055,0.018408044198066076,2,5
2018-05-03,46.52054977416992,47.04209820816947,46.24397220101466,46.7418148471636,1777400,-0.013737543719354428,-1.0,0.007327837225988594,0.006576599993536325,3,5
2018-05-04,46.6548957824707,46.8208423483338,46.36251029274635,46.69440643894241,1828000,0.002887885223905373,0.0,0.007889056419664408,-0.01108678106518568,4,5
2018-05-07,46.40992736816406,46.76552932434353,46.307197244274434,46.70230985903606,1672200,-0.005250647551519827,-1.0,0.007686372911175056,-0.016163797697686832,0,5
2018-05-08,45.29570388793945,46.39411632850367,45.21668258128994,46.29929015763032,2113900,-0.02400830045230662,-2.0,0.0076625090079541665,-0.015423176953195172,1,5
2018-05-09,45.0428352355957,45.41424203462482,44.55289646831271,45.41424203462482,1720300,-0.005582618894042213,-1.0,0.00917675494119064,-0.04002678612140653,2,5
2018-05-10,45.793548583984375,45.81725437413287,45.16926998466933,45.4695563892526,1289300,0.01666665396310152,2.0,0.009150783005567131,-0.03894798348688322,3,5
2018-05-11,45.86466979980469,45.90418045559123,45.60389404556784,45.83306006938753,945000,0.0015530837425685728,0.0,0.0099860173165546,-0.024574902660660092,4,5
2018-05-14,45.46165466308594,46.05432356141355,45.264098363643406,45.88047606774365,2212700,-0.008787049780972556,-1.0,0.009622364795203273,-0.010231705667623547,0,5
2018-05-15,45.35102081298828,45.45375092639664,44.88478785455919,45.31151015843728,1494300,-0.0024335640864274755,-0.0,0.009642812980252415,-0.025410633937364757,1,5
2018-05-16,45.39052963256836,45.72242574921279,45.20877821740553,45.43004329999168,2636800,0.0008711781757460013,0.0,0.009230361892069614,-0.03837140200110345,2,5
2018-05-17,45.121849060058594,45.60388682192126,45.01121803559228,45.437940285221785,1888000,-0.005919309042760834,-1.0,0.008894542979995703,-0.04648076274134472,3,5
2018-05-18,45.29570388793945,45.53277082235762,44.979612632402144,45.090246681968935,1844600,0.0038530076116662926,0.0,0.008900033530773958,-0.04674475107773313,4,5
2018-05-21,45.41423416137695,45.47745059725886,44.99541283897342,45.43003902396475,1742000,0.002616810497762412,0.0,0.00899412094259882,-0.042432493046262953,0,5
2018-05-22,45.65919876098633,45.80143949973145,45.35101149852827,45.39052214496434,1759100,0.005394004856250634,1.0,0.00882002824931204,-0.029551038920524686,1,5
2018-05-23,45.07326889038086,46.11758921666552,44.09272238870866,45.78276979509136,5314600,-0.012832679646277989,-1.0,0.008941248795271304,-0.024151452262705653,2,5
2018-05-24,45.14501953125,45.168934337037165,44.69061997500252,45.07327207283995,2857700,0.0015918668123149349,0.0,0.009212968697927985,-0.04040173278021242,3,5
2018-05-25,44.85005569458008,45.28054044145316,44.82614088899219,45.24068141845718,2806600,-0.006533696069524253,-1.0,0.009243917346162282,-0.03774102219266162,4,5
2018-05-29,45.288516998291016,45.66319548793204,44.929779686040064,45.001527148490254,3023600,0.009776159626127878,1.0,0.008816751939971473,-0.05438109401277702,1,5
2018-05-30,45.55158996582031,45.71102911254035,44.96166907631958,45.18488205709837,2262900,0.0058088227428427786,1.0,0.00880108776011976,-0.054587571735431606,2,5
2018-05-31,45.50374984741211,45.78276600898339,45.288507505179375,45.56752366675065,2076500,-0.0010502403635986868,-0.0,0.008948829183155885,-0.04325614852838977,3,5
2018-06-01,44.48334503173828,45.37619986334048,44.31593532100944,45.160960544431006,2536100,-0.02242463135665862,-2.0,0.008835448972736326,-0.03626325088696081,4,6
2018-06-04,44.24419784545898,44.83412182146001,44.23622725598083,44.618879412961626,2165200,-0.005376106183306972,-1.0,0.009918726778343661,-0.0569274579179353,0,6
2018-06-05,43.83763122558594,44.379719504807845,43.75791012492901,44.26014241539602,1444800,-0.009189151112946825,-1.0,0.00961846486810736,-0.04893218028938395,1,6
2018-06-06,42.76140975952149,43.869506965758816,42.6577738720102,43.86153637797258,2206400,-0.024550173811314524,-2.0,0.009651131190467831,-0.060385185941049246,2,6
2018-06-07,42.72951889038086,43.18391839450141,42.370784680531735,42.801266340560325,2194800,-0.0007457861964789148,-0.0,0.01074173939813827,-0.07861502517983587,3,6
2018-06-08,42.697635650634766,43.07231409506791,42.54616711426649,42.888960166718,1391000,-0.0007461642577322181,-0.0,0.009707105860649365,-0.056654048337724916,4,6
2018-06-11,42.14756774902344,42.75343576818957,42.05987608511401,42.73749155283802,1835600,-0.01288286560202423,-1.0,0.009693362503300353,-0.05206598502723936,0,6
2018-06-12,42.79330062866211,42.95273976289782,42.08379967441418,42.11568810947103,2003100,0.015320762599726478,2.0,0.008883158787805406,-0.07961778345860848,1,6
2018-06-13,42.593997955322266,43.0962301105512,42.48239148550433,42.91287618998627,2293200,-0.00465733351744213,-0.0,0.009769916257403454,-0.06696590610046549,2,6
2018-06-14,43.04043197631836,43.11217943556807,42.57008819702552,42.67372105068176,2334100,0.01048114857554272,1.0,0.009694148791733508,-0.06307858191734839,3,6
2018-06-15,43.55063247680664,43.606435715378375,42.80126948847462,43.07231509341522,3192900,0.011853981873811259,1.0,0.010135020251352943,-0.05094899288370991,4,6
2018-06-18,43.91733932495117,43.925309912684654,43.44699558141865,43.49482823096459,2393300,0.008420241619678581,1.0,0.010587575503696515,-0.040534824569254724,0,6
2018-06-19,44.451454162597656,44.81816503782409,43.80573015916379,44.02894309456827,2132100,0.012161821409409246,1.0,0.010777109051165393,-0.0266946005139147,1,6
2018-06-20,44.49131393432617,44.56306138002398,44.19635052365293,44.53914353742604,1152700,0.0008967034370284122,0.0,0.011120187294780624,-0.01863862690886653,2,6
2018-06-21,44.40363311767578,44.6268460961138,44.212305535408376,44.3318856544566,1219100,-0.0019707401040081063,-0.0,0.0110997963851311,-0.0203222677667807,3,6
2018-06-22,44.66670608520508,45.224741584381086,44.54712900462732,45.10516450380332,2449300,0.005924582045620408,1.0,0.011006338838971556,-0.02749863504795813,4,6
2018-06-25,45.70305633544922,45.72697114194513,44.866001615508736,44.90586368106677,2908300,0.02320185079838266,2.0,0.01077975673921598,-0.009020042592529753,0,6
2018-06-26,45.87843322753906,46.221226286624365,45.51969595163022,45.63927605728264,2506300,0.00383731212203009,0.0,0.011945411803233202,0.012360982673026433,1,6
2018-06-27,46.22919845581055,46.340804929002864,45.64724520379638,46.11758894156992,1556300,0.00764553633581655,1.0,0.011847406035911645,0.02292923647546896,2,6
2018-06-28,46.46038436889648,46.65968252153046,46.20528297680888,46.35675151908172,1762100,0.0050008635409699576,1.0,0.011778738585095962,0.020770860250403533,3,6
2018-06-29,46.72345352172852,46.96261066664206,46.00597904593981,46.30891305138928,2556600,0.005662225063470583,1.0,0.011763712292359833,0.019950882148308757,4,6
2018-07-02,47.05031204223633,47.10611528620102,46.524164998391576,46.715489537399456,1601600,0.00699559848151643,1.0,0.011796162281804657,0.026804465091480267,0,7
2018-07-03,47.44889831542969,47.79169133624573,46.882892366100144,47.09813470761591,1338700,0.008471490536248849,1.0,0.010511359175741499,0.0577062495787255,1,7
2018-07-05,47.60834503173828,47.640230425871984,47.15394547406096,47.52065335551133,2330800,0.003360388164307393,0.0,0.010411431736762412,0.07243210694347857,3,7
2018-07-06,48.07869338989258,48.18232625254044,47.608349569790704,47.64023496696375,1555600,0.009879535989766763,1.0,0.010005733151891119,0.08601545523179532,4,7
2018-07-09,46.603885650634766,48.37365446100407,46.42850532026359,48.31785121392476,2145900,-0.030674871450808938,-3.0,0.007636580184016837,0.12434771585581572,0,7
2018-07-10,46.81114959716797,47.098139414537,46.07773083710841,46.50024497536765,2001900,0.0044473533405982035,0.0,0.01095615500614809,0.09067190225551758,1,7
2018-07-11,47.23367691040039,47.27353594515287,46.83508048077676,46.922772181861866,1770500,0.009026210996065487,1.0,0.010897402791893728,0.09634055572049105,2,7
2018-07-12,47.145973205566406,47.36918617618799,46.93870445299618,47.30541234503124,2399200,-0.0018568045210698436,-0.0,0.010180567260595418,0.12067384746050491,3,7
2018-07-13,47.145973205566406,47.41701883034203,46.88290121034078,47.145973205566406,1793600,0.0,0.0,0.0100402963340968,0.10171387840995294,4,7
2018-07-16,47.06625747680664,47.27352623959558,46.77129398988746,47.17786396761983,2393900,-0.0016908279401124382,-0.0,0.009873984535859762,0.10686893620596027,0,7
2018-07-17,46.93072891235352,47.233662960895884,46.7792634086066,47.16988609128759,1926200,-0.00287952711175099,-0.0,0.009886832026360103,0.09353589905192794,1,7
2018-07-18,46.65171813964844,47.01842605942713,46.57199704336033,47.00248184016951,1478100,-0.005945161713259539,-1.0,0.009847703583687797,0.07761302748810794,2,7
2018-07-19,47.16191101074219,47.345264931828034,46.76331473680385,46.86695061952132,1674600,0.010936207527588282,1.0,0.009994868865434712,0.06226194156401821,3,7
2018-07-20,46.835060119628906,47.07421726522165,46.50821131107428,47.01841403261828,1737600,-0.00693039964048181,-1.0,0.00994169281195992,0.060975662083630144,4,7
2018-07-23,46.603885650634766,46.93870817415953,46.3487842236868,46.843042858267374,1358900,-0.00493592766623252,-0.0,0.01016361204297027,0.052678736095821854,0,7
2018-07-24,46.8908805847168,47.02640494302193,45.8306157345554,46.46836937086104,2083200,0.006158176085004685,1.0,0.010249025085308203,0.04955118260544156,1,7
2018-07-25,47.3054084777832,47.46484760421379,46.81912051064171,46.97058600817415,2129000,0.008840266761838356,1.0,0.01025321773611515,0.04979490753737115,2,7
2018-07-26,48.1185417175293,48.262036616571486,47.59239476805733,47.59239476805733,2278000,0.01718901212168955,2.0,0.009221071063323481,0.035060065361342874,3,7
2018-07-27,47.89533615112305,48.30190306693355,47.73589701198316,47.97505420016867,1167800,-0.0046386602427923584,-0.0,0.009818002670104367,0.04882704862391818,4,7
2018-07-30,47.640228271484375,47.92721809304938,47.40904472948893,47.81561161600708,1863400,-0.005326361607187358,-1.0,0.00985067305771832,0.03604080864402448,0,7
2018-07-31,48.405540466308594,48.47728792909655,47.5525445426344,47.839531352737495,2144400,0.016064410742597346,2.0,0.009936835475204905,0.025394622076733375,1,7
2018-08-01,47.624298095703125,47.89534376300291,47.27353132563922,47.67212771631248,2446200,-0.01613952376276495,-2.0,0.010415903577124422,0.036000912128591356,2,8
2018-08-02,47.83155822753906,48.046800604488816,47.321355426346415,47.59240104461108,1386400,0.004351982918875619,0.0,0.011036937405950908,0.012199410132530897,3,8
2018-08-03,48.57294464111328,48.628747879002034,47.616312927087165,47.95113539546808,1328100,0.015499942737541073,2.0,0.010926767257537115,0.008064674327431964,4,8
2018-08-06,48.70050048828125,48.9954609256345,48.4932317314773,48.50120232014146,990300,0.0026260678266558646,0.0,0.01139988098180965,0.02026114557714509,0,8
2018-08-07,48.62077713012695,48.80413105987528,48.13448916638001,48.700495172261576,1104100,-0.0016370131180373226,-0.0,0.011226525217862203,0.01293311141686293,1,8
2018-08-08,48.58888626098633,48.74832537831091,48.22217841987355,48.42147655626722,942700,-0.000655910312895136,-0.0,0.008669555523630969,0.04327732444053667,2,8
2018-08-09,48.740352630615234,48.82804429878077,48.397559586539934,48.61280194266035,982400,0.0031173048259498515,0.0,0.008670673366792114,0.03797677859049875,3,8
2018-08-10,48.90776824951172,49.26650555307058,48.7881911756912,48.86790922490488,1192400,0.003434846279534831,0.0,0.0085194196601611,0.03189833649988594,4,8
2018-08-13,49.226654052734375,49.25056886294412,48.81211344315388,49.01141163769936,1617200,0.006520146280153405,1.0,0.008492426384717115,0.037368939999679496,0,8
2018-08-14,49.266510009765625,49.54552928935115,49.059241238431134,49.08315604714887,1091600,0.0008096418047944809,0.0,0.008543025609573174,0.044132737234965136,1,8
2018-08-15,49.69698715209961,50.02383599873627,49.25055819820994,49.36216467642024,1294400,0.008737723501190953,1.0,0.008504987400955007,0.04674798148213144,2,8
2018-08-16,50.21516799926758,50.22313858796613,49.50566396314713,49.65713251785821,1773600,0.010426806067379113,1.0,0.00853499449523729,0.058943432242705374,3,8
2018-08-17,50.41446304321289,50.59781698240131,50.03978153558303,50.135443799279486,1020600,0.003968821610797368,0.0,0.008446824103492198,0.07638410763248249,4,8
2018-08-20,50.31880569458008,50.64565460151686,50.15139594637931,50.47027426385135,871200,-0.0018974187734741577,-0.0,0.008277128924408409,0.06896565390935616,0,8
2018-08-21,50.07167816162109,50.28692057093557,49.87237997237239,50.28692057093557,954600,-0.0049112360587209025,-0.0,0.008038142979813633,0.07438328393414628,1,8
2018-08-22,49.71293640136719,50.28691610860567,49.49769401115275,50.159362359398216,1195800,-0.007164564349050884,-1.0,0.008036856215479731,0.0744099437755592,2,8
2018-08-23,49.76874542236328,50.02384686828815,49.6252504788994,49.69699795063134,727800,0.001122625719500947,0.0,0.008333116797903179,0.06018346811704345,3,8
2018-08-24,50.03181076049805,50.07167282694007,49.47377832289419,49.84048622219064,882800,0.005285753858214726,1.0,0.008223792201925787,0.052073050922643915,4,8
2018-08-27,49.59334182739258,50.167321367337344,49.3063520574202,50.167321367337344,1023600,-0.00876380299734536,-1.0,0.007538986350611602,0.03976157578091688,0,8
2018-08-28,49.29838943481445,49.61726768430736,49.17880933099252,49.53754660140995,1302400,-0.005947419183903624,-1.0,0.00776775039056337,0.035452422150496155,1,8
2018-08-29,49.56944274902344,49.60133118714518,49.22664964183687,49.50566587277997,847600,0.0054982184472252005,1.0,0.007796923201959005,0.03480590298352104,2,8
2018-08-30,49.93613815307617,50.08760667568048,49.60928934684048,49.84047590372741,1356400,0.0073976099733330525,1.0,0.007133574899237058,0.024044815355898086,3,8
2018-08-31,49.76874542236328,50.09559434002009,49.50567034566313,49.872381335098105,1291900,-0.0033521360862900362,-0.0,0.006046420013905658,0.04854328882133441,4,8
2018-09-04,49.76076126098633,50.1912460002768,49.66509899927127,49.80859391236809,1314100,-0.00016042520881720534,-0.0,0.006147119074464279,0.04050018997099869,1,9
2018-09-05,50.52606201171875,50.58186524399842,49.77669910788074,49.80061695103494,953000,0.015379602950978954,2.0,0.005308823323269677,0.02445428475974354,2,9
2018-09-06,50.62969970703125,50.90074530742191,50.28690969343708,50.46228999412629,1061600,0.002051173022121988,0.0,0.006147594340372935,0.03748547766725285,3,9
2018-09-07,50.07167816162109,50.51013356975843,49.93615381158648,50.23908791073824,1187800,-0.011021624632165605,-1.0,0.006097819833354301,0.041318191429307705,4,9
2018-09-10,50.46229553222656,50.65362311157875,50.05572860754514,50.1593614653559,1032400,0.007801163950300172,1.0,0.006708099108523051,0.03051709999422947,0,9
2018-09-11,50.43838119506836,50.7652300720096,50.278942050964375,50.58984670939034,1048200,-0.00047390505933153637,-0.0,0.006842690032678315,0.03532889707756692,1,9
2018-09-12,50.39055252075195,50.8210373315296,50.34272290247597,50.41447037093892,1276100,-0.0009482595036393038,-0.0,0.0068456424488338215,0.031295906567397225,2,9
2018-09-13,50.70943069458008,50.71740128392114,50.14342457884641,50.374608162324925,868600,0.006328134102058236,1.0,0.006764817123227686,0.02364366399493134,3,9
2018-09-14,50.64564514160156,50.67753357560224,49.97600323282946,50.49417964167099,1120100,-0.0012578637169621265,-0.0,0.006858082308418834,0.029288063727843427,4,9
2018-09-17,50.83697128295898,50.86885971606794,50.39054234257865,50.67753215846255,984000,0.0037777412218262807,0.0,0.006667417505906571,0.019088843084160256,0,9
2018-09-18,50.733341217041016,50.9246687965994,50.50215461204717,50.71739699865709,807600,-0.0020384783613711654,-0.0,0.006343490088594527,0.012382778121950544,1,9
2018-09-19,49.44985580444336,50.70144793808676,49.17083961199359,50.70144793808676,1391900,-0.025298657289430482,-3.0,0.006319634742598688,0.006325132800775846,2,9
2018-09-20,49.64677810668945,49.670889208003786,49.06005113529865,49.357432626878136,1265500,0.003982262415988647,0.0,0.008438138414249244,-0.01726888939715665,3,9
2018-09-21,49.960227966308594,50.20938722173823,49.29312870294643,49.48602361952922,2685800,0.006313599221797306,1.0,0.008444398088899074,-0.008485836115980416,4,9
2018-09-24,49.41368865966797,50.04864083226684,49.37350247307515,49.823595734539445,1131300,-0.010939487846396423,-1.0,0.008414431725151671,0.0049743906283234995,0,9
2018-09-25,48.77070999145508,49.469959585826096,48.56173687478597,49.40566228793491,1484400,-0.01301215686692292,-1.0,0.008758015363219232,-0.007134131264152188,1,9
2018-09-26,48.38491439819336,49.10827505703411,48.34472820592609,48.955566300014496,1511500,-0.007910395262429315,-1.0,0.009078436490796376,-0.025205978953667052,2,9
2018-09-27,48.674259185791016,49.02790196505407,48.4090248018363,48.54566153278537,1072400,0.00598006199238954,1.0,0.009044616931895247,-0.024366727158760426,3,9
2018-09-28,49.38153839111328,49.405652555831225,48.80285056004416,48.89126200998778,1697400,0.014530867385625035,1.0,0.009101615033110567,-0.012660256373054568,4,9
2018-10-01,49.44583511352539,49.510132394032304,49.09219240571419,49.24490112967622,922500,0.0013020396793406164,0.0,0.009602236034274014,-0.0037907296812179636,0,10
2018-10-02,49.960227966308594,50.08882559936693,49.49406269622567,49.49406269622567,1177700,0.010403158357062514,1.0,0.009454081856698465,-0.009818601471499155,1,10
2018-10-03,49.10023498535156,50.08079393885161,48.674255863720745,49.91200703966855,1473000,-0.017213551978525365,-2.0,0.00971421365254125,0.0038474456673620594,2,10
2018-10-04,49.46191787719727,49.65481281466673,48.71444309598116,49.04397475800043,906800,0.007366215089471773,1.0,0.010434386995032905,-0.013274038798772092,3,10
2018-10-05,50.15312576293945,50.32190958082592,49.46191233806031,49.46191233806031,1493800,0.013974546790892495,1.0,0.009957006760113343,-0.021061291779966296,4,10
2018-10-08,50.49872970581055,50.82022223662758,50.02452538679688,50.35405699383965,1316200,0.006890975140904976,1.0,0.010464648352664203,-0.009412932465519108,0,10
2018-10-09,50.92472076416016,51.1176157148976,50.410330140847016,50.60322509158446,1440800,0.00843567869590589,1.0,0.010283871202414457,0.008528804303523208,1,10
2018-10-10,50.66753005981445,51.45518809062747,50.63537987643141,50.87650011978379,1841900,-0.0050504097123438285,-1.0,0.01030743879948476,0.00916377717375716,2,10
2018-10-11,49.57444381713867,51.06939348155979,49.43780708326719,50.94883183790907,2396200,-0.02157370294911476,-2.0,0.01037688074813725,0.004543144710768443,3,10
2018-10-12,49.44583511352539,49.62265800043563,49.01181697256895,49.52620748066135,1660600,-0.0025942540896206623,-0.0,0.011421236099355445,-0.01619566888609114,4,10
2018-10-15,49.32528305053711,49.799487466909326,49.26098575757658,49.42976960085909,1615900,-0.002438063038302407,-0.0,0.011311570120272204,-0.024918354707337387,0,10
2018-10-16,49.79948806762695,50.15313391421039,49.1002385184432,49.35743382540757,1769900,0.009613832658678989,1.0,0.01131511829516173,-0.02607059476432405,1,10
2018-10-17,50.2254638671875,50.522845327983326,49.83163187909882,49.88789315368156,1930500,0.008553818846131156,1.0,0.011513314685810254,-0.02040804534867713,2,10
2018-10-18,49.97631072998047,50.43444005974437,49.67892923273248,50.32995350870755,1654400,-0.00496069360087692,-0.0,0.011692397915749664,-0.010010721503257214,3,10
2018-10-19,50.90060806274414,51.21406464735252,50.02453560180823,50.11294399627968,1300100,0.01849470917846663,2.0,0.010285797820485271,0.010646237829672334,4,10
2018-10-22,50.79611206054688,51.20601604122029,50.59517807539124,50.89255951493898,1147100,-0.0020529421194428465,-0.0,0.010990931680750526,0.02525501158121979,0,10
2018-10-23,50.87649154663086,51.28639865066605,50.51480970954385,50.91667773608281,1542000,0.0015823944554687053,0.0,0.01094961502226272,0.016730990395039447,1,10
2018-10-24,52.13835144042969,52.47591905580892,50.82826102977149,51.1015313657491,1483300,0.024802415721655535,2.0,0.010611358408668689,0.029603191476714086,2,10
2018-10-25,51.17387008666992,51.78471116886771,50.90060278769826,51.71237173959815,1691200,-0.01849850114386009,-2.0,0.011226236963526648,0.0690504905416518,3,10
2018-10-26,50.45050811767578,51.824898981411245,50.00845393937911,51.35873063869185,1627600,-0.014135377444954411,-1.0,0.01196569697475235,0.05764101731222038,4,10
2018-10-29,51.38285827636719,51.45519159488981,50.53089675475653,50.66753351043477,1045800,0.018480490949996042,2.0,0.012487166957253408,0.036492572493086683,0,10
2018-10-30,51.46321868896485,51.760603237237326,50.75593316715128,51.66415270298206,1459000,0.001563953724906364,0.0,0.012716417974059513,0.04052769416381863,1,10
2018-10-31,50.84434127807617,51.35873492657772,50.45051232973512,51.19798710304659,1839100,-0.01202562580916422,-1.0,0.012715857892835462,0.040799868599805,2,10
2018-11-01,50.38621139526367,50.908641049237616,50.24957773973769,50.70770703863374,1583800,-0.009010439928937464,-1.0,0.012913659837208128,0.01769634262605435,3,11
2018-11-02,49.984352111816406,51.46322681102326,49.48603653689101,51.0935089027241,2104500,-0.007975580467735721,-1.0,0.012453748678089648,0.026190840233163204,4,11
2018-11-05,50.57107162475586,50.82826998570832,50.00845883332482,50.17724267075413,1459300,0.011738063776978613,1.0,0.01253020416249729,0.010562352958415788,0,11
2018-11-06,51.01312255859375,51.05330874354649,50.52284313054592,50.61125457704758,733600,0.008741181858236358,1.0,0.012419639198135303,0.008333396083664457,1,11
2018-11-07,51.7445182800293,51.80881862774677,51.03723285119303,51.24620284925616,1150000,0.014337403490552125,1.0,0.012473921649992543,0.010186253313299032,2,11
2018-11-08,51.87311935424805,51.96956987652856,51.47125137610731,51.83293010362649,1317100,0.0024853081735689564,0.0,0.012724278331945418,0.01609822309415776,3,11
2018-11-09,52.35537338256836,52.644718892999904,51.74453217921061,51.76061033646809,1222300,0.0092968002372662,1.0,0.012655996827288477,0.0237941200806584,4,11
2018-11-12,52.62864303588867,53.25555621883825,51.89724023443426,52.03387390107304,1042200,0.005219514935429714,1.0,0.011630201831379946,0.056096031569965454,0,11
2018-11-13,52.86172103881836,53.01443286133554,52.26695803683437,52.74116552843096,1376800,0.004428729100439677,0.0,0.011578352822261278,0.06436958573064233,1,11
2018-11-14,52.58844375610352,52.90190028784404,51.977602713626666,51.977602713626666,1609100,-0.005169662987592805,-1.0,0.01151272552274919,0.07169625331207796,2,11
2018-11-15,53.20732498168945,53.21536405929457,51.82490410256569,52.45181725133543,2197100,0.011768388288046605,1.0,0.01156343951915914,0.05600370197961091,3,11
2018-11-16,53.8824577331543,53.89049680945679,53.16713324269538,53.826196463073885,2033200,0.012688718173619495,1.0,0.01166615881104097,0.059369508709505636,4,11
2018-11-19,54.15573120117188,54.22003155490897,53.60115751324235,53.83424169652488,2452500,0.005071659302753773,1.0,0.011713642099365144,0.07815997111668671,0,11
2018-11-20,54.36471176147461,54.90321350103852,53.83424910023824,54.46919525165236,2193300,0.003858881704069894,0.0,0.011219190211836287,0.0639505747046325,1,11
2018-11-21,53.38414764404297,54.20396185933557,53.239474907933655,54.115550402156565,1605200,-0.018036775799232907,-2.0,0.011159650719424862,0.07025340239965816,2,11
2018-11-23,53.70563888549805,53.8020894123259,53.12694798856895,53.50470488695428,1142800,0.0060222229939630445,1.0,0.012092640235748818,0.049289092490069075,4,11
2018-11-26,53.68955993652344,53.97890534765583,53.29572493513768,53.777971375037126,1934800,-0.00029939033048076436,-0.0,0.01099481279932322,0.030060164960509894,0,11
2018-11-27,54.21199417114258,54.22807232608872,53.60919213307048,53.77798209990777,2282200,0.009730648476851123,1.0,0.01001591700270302,0.04915965600398908,1,11
2018-11-28,54.195919036865234,54.43704229105912,53.86638433160152,54.29236956494661,1859400,-0.0002965235742222738,-0.0,0.009387865435502315,0.07455794190800091,2,11
2018-11-29,53.90657043457031,54.22806604403564,53.416291009839895,54.19591586988724,2004700,-0.005338937090412665,-1.0,0.008760143903567273,0.05474706652883632,3,11
2018-11-30,54.92732620239258,54.96751546317973,53.8824728741495,54.08340691404474,3012100,0.018935646612155077,2.0,0.008927997086173539,0.04747763175040953,4,11
2018-12-03,55.24882125854492,55.24882125854492,54.26826217398668,54.854992261835854,1955500,0.005853098601008133,1.0,0.009008878309536027,0.08030362517602274,0,12
2018-12-04,55.41758346557617,56.12487492608173,55.31310001437321,55.43366161623373,2665400,0.0030545847528855585,0.0,0.008529525684552624,0.0965067570795437,1,12
2018-12-06,55.57031631469727,55.79536145312095,54.42901246582283,55.650688702417135,2344700,0.00275603589275919,0.0,0.00805364848676631,0.10869864516009886,3,12
2018-12-07,55.8275032043457,56.03647628647735,55.16040083616878,55.6024580999051,1287600,0.004628134347696822,0.0,0.007912769359211242,0.09885581873835858,4,12
2018-12-10,55.9721794128418,56.11685215069312,54.79872548672308,55.79535649635467,1809500,0.0025914862781259984,0.0,0.007853978534758603,0.09437533725213831,0,12
2018-12-11,56.39816665649414,56.53480033632399,55.634619733190455,56.132932243633526,1460900,0.007610696030081909,1.0,0.007516901562990792,0.08170258944016795,1,12
2018-12-12,55.819454193115234,56.66337931659517,55.79534309793319,56.2615113781796,2220600,-0.010261192831030996,-1.0,0.007556081689879327,0.08723299000671192,2,12
2018-12-13,56.44639205932617,56.63928701681158,55.87573400123077,55.87573400123077,1826100,0.01123152985412501,1.0,0.008061310342922328,0.06616476183321884,3,12
2018-12-14,56.0766487121582,56.68748968771272,55.84357070703019,56.47851664544075,1784300,-0.0065503450916643,-1.0,0.008245499975118952,0.07254127796595644,4,12
2018-12-17,54.44533920288086,56.3721757495614,54.21055558630046,56.26693047732669,2151400,-0.029090709711467655,-3.0,0.008518739214172403,0.060817688303772766,0,12
2018-12-18,54.291500091552734,55.25492120710087,54.10529649004152,54.65582195939378,1838500,-0.0028255698941441754,-0.0,0.010908761150969098,0.03530995241824053,1,12
2018-12-19,54.47771453857422,55.19825447064583,53.991958183216425,54.534386010420505,1776900,0.0034299005683664507,0.0,0.01069884189680217,0.02037642580671717,2,12
2018-12-20,54.380558013916016,55.16586706697481,53.635731228701694,54.51009632963687,2050400,-0.0017834177788315086,-0.0,0.01037977575813143,0.011047320973513353,3,12
2018-12-21,53.81383895874024,55.692101147228215,53.81383895874024,54.13767854504361,3747000,-0.010421354172768016,-1.0,0.010339002418216768,0.004151486975754626,4,12
2018-12-24,51.31219100952149,54.20244514989943,51.29599872028589,53.95147238765614,871300,-0.046487074656331395,-5.0,0.010556992177675304,-0.010132911311133697,0,12
2018-12-26,52.008445739746094,52.10559948416974,50.688806472476834,51.44173100575987,1157000,0.013568992407582137,1.0,0.014145019526086516,-0.03881220785497885,2,12
2018-12-27,52.44563293457031,52.44563293457031,51.25552880022456,52.0246456918508,2316600,0.00840608075488225,1.0,0.01444598589138038,-0.03160176810056048,3,12
2018-12-28,52.3565788269043,53.012355874621534,52.19466207598021,52.48611716902607,1095900,-0.0016980271317750262,-0.0,0.014604000540170522,-0.02316888056865818,4,12
2018-12-31,52.65612411499024,52.664221804402175,51.80604894018952,52.34038217192399,1492100,0.00572125403908208,1.0,0.014395096703054912,-0.03422518157846943,0,12
2019-01-02,51.40125274658203,52.58325910800242,51.11789228613435,52.567069905337966,1493400,-0.02383144201171794,-2.0,0.014481074118732932,-0.02841163964444615,2,1
2019-01-03,51.36886215209961,51.976056008587626,51.16646317048248,51.44982050940112,1272100,-0.000630151849452254,-0.0,0.015281049674088876,-0.04647518229765957,3,1
2019-01-04,51.88700485229492,52.03273237986148,51.08550653904253,51.11789112036036,1365900,0.010086707754225266,1.0,0.014508038621597164,-0.06478494942901414,4,1
2019-01-07,51.75748062133789,52.194663270915456,51.441738626097695,51.62794536461463,1211200,-0.0024962749599006795,-0.0,0.01466695484173508,-0.060848653956215415,0,1
2019-01-08,52.70469284057617,52.874707241549366,51.52268354567207,51.68460334637368,1479300,0.018300972301340757,2.0,0.014604527818685698,-0.06604587597205192,1,1
2019-01-09,52.42133712768555,52.97186261408784,52.275609611381206,52.478008596430186,1483900,-0.0053762899965612565,-1.0,0.015296151265451086,-0.05156752137045506,2,1
2019-01-10,53.47381210327149,53.55477045858866,52.33227891010148,52.53467788675773,1660300,0.020077224909818225,2.0,0.015221772705465235,-0.06101233050298793,3,1
2019-01-11,53.425235748291016,53.63573242767944,52.971863986587046,53.40904654682745,1301400,-0.000908413914584294,-0.0,0.015994725811842487,-0.04463587689060222,4,1
2019-01-14,53.093299865722656,53.2390273727642,52.40514459564233,52.89090089353866,2219400,-0.006213091583390451,-1.0,0.015844823835630403,-0.05271325442740782,0,1
2019-01-15,53.765262603759766,54.17006052304099,52.86661072881738,52.86661072881738,1484400,0.012656262461300472,1.0,0.015769540904088872,-0.04883878509383244,1,1
2019-01-16,53.9676628112793,54.05671267299226,53.53857181846957,53.61143865752262,2177100,0.003764516301374421,0.0,0.015833428651469757,-0.04749868605859686,2,1
2019-01-17,54.46962356567383,54.599161903996574,53.85432881209663,54.01625173500007,1595500,0.009301139390635704,1.0,0.01585149814359277,-0.03760898608089691,3,1
2019-01-18,54.78534698486328,54.9067875917186,54.41293365343927,54.53437426029458,1556900,0.005796320931221066,1.0,0.014707428557576658,0.00044603198636483654,4,1
2019-01-22,54.63964080810547,55.29541787026687,54.09721288616131,54.89061980731243,1780900,-0.00265958298663449,-0.0,0.014741223396180638,0.009096210133773486,1,1
2019-01-23,55.295406341552734,55.31969323198983,54.58295794618747,54.58295794618747,1284300,0.012001644296131264,1.0,0.014741352002395264,0.002972339623693143,2,1
2019-01-24,55.42495727539063,55.51401335500697,54.85824238394935,55.47353107273443,1582100,0.002342887816714434,0.0,0.014951865939460744,0.016823077236585382,3,1
2019-01-25,54.46962356567383,55.5221009459984,54.4129520868396,55.24683506542653,1236300,-0.017236525866317298,-2.0,0.014726242167255117,0.02993873597989638,4,1
2019-01-28,54.331993103027344,54.77727341509666,53.98386654360802,54.58296590979667,1549000,-0.0025267379070564866,-0.0,0.010826302660717392,0.061533769929380755,0,1
2019-01-29,54.52629089355469,54.86631974067444,54.33198957759018,54.51010169086076,1490100,0.003576121166011914,0.0,0.010600885887168005,0.04467634689389577,1,1
2019-01-30,54.712493896484375,54.85822140952758,54.13768153301579,54.19435300049222,1515900,0.003414921497102874,0.0,0.010510078791622954,0.03967266371978284,2,1
2019-01-31,56.19405364990234,56.52598475266934,54.63153333624069,55.16586341136424,3903600,0.02707900239789951,3.0,0.010481572222635816,0.04499749835391187,3,1
2019-02-01,55.97547912597656,56.29931883178868,55.360184302606406,56.19407355250941,1840400,-0.003889637955067804,-0.0,0.011798778591499415,0.06718932687081147,4,2
2019-02-04,55.87831878662109,55.87831878662109,55.08491808629731,55.570674499497485,1790300,-0.0017357661045974693,-0.0,0.01021308883868209,0.08899056219400592,0,2
2019-02-05,56.11309051513672,56.23453113691623,55.570662738145074,55.90260002589395,1305900,0.0042014816052742265,0.0,0.010241594863357692,0.08778579952129939,1,2
2019-02-06,55.87831878662109,56.315501411519634,55.72449973142324,56.02404632825394,1109600,-0.004183903013723733,-0.0,0.01014866558002567,0.0814478630029245,2,2
2019-02-07,56.68790817260742,56.68790817260742,55.659723989042526,55.92689214660445,1597200,0.014488434934448513,1.0,0.010207397452342937,0.07961821394344137,3,2
2019-02-08,56.71220779418945,56.73649468827852,56.18596910759086,56.50980877447676,2071600,0.00042865616963738695,0.0,0.009965839150789576,0.07557610370825762,4,2
2019-02-11,56.79315948486328,57.06841915445813,56.42074607361469,56.43693527552673,1509100,0.001427412083260915,0.0,0.009785548388399703,0.08185351426752807,0,2
2019-02-12,56.89840316772461,57.173669006444506,56.43693371688645,56.98745921759925,1252300,0.0018531049129142385,0.0,0.009053212521269945,0.062074261232419436,1,2
2019-02-13,56.72029495239258,56.882217861766016,56.38836379745002,56.72029495239258,1412400,-0.0031302849538150657,-0.0,0.00901493970308878,0.06500986604527426,2,2
2019-02-14,56.75266647338867,57.06031684203281,56.453119969257486,56.82553331001923,1735000,0.0005707220144617331,0.0,0.008880791668017687,0.06831361199704844,3,2
2019-02-15,56.833621978759766,57.16555921743816,56.574551573067765,56.94696489520466,1582000,0.0014264617048267425,0.0,0.00862450236254493,0.05556382922641956,4,2
2019-02-19,56.99555587768555,57.08461192595235,56.517891057279314,56.80934609220216,1472500,0.002849262343095127,0.0,0.008623992193147764,0.05310511921745631,1,2
2019-02-20,56.89030456542969,57.08461204025191,56.6879055783684,56.90649994336166,2142500,-0.0018466582286122968,-0.0,0.008483446458485097,0.046373228721990456,2,2
2019-02-21,57.100807189941406,57.13319177245211,56.25073506176371,56.671722280947776,3050100,0.0037001493685029363,0.0,0.008485164585054012,0.03842190834618586,3,2
2019-02-22,56.91460037231445,57.11699936911965,56.4936069999924,56.67171910545733,2452900,-0.003261019008147348,-0.0,0.00843019194784194,0.045043604705959917,4,2
2019-02-25,56.16167068481445,56.54217557531408,55.91069175171589,56.25072672934513,2706300,-0.013229113137483317,-1.0,0.008191462081631766,0.029282613835228233,0,2
2019-02-26,56.39645385742188,56.47741221279231,55.79734843888216,56.26691554744791,2623000,0.004180487683941303,0.0,0.008785771284751585,0.013292087998612256,1,2
2019-02-27,56.39645385742188,56.4369299467438,55.99974741567154,56.202146392460925,1333500,0.0,0.0,0.00779045778613816,0.03537440073227027,2,2
2019-02-28,56.51789474487305,56.76077601539819,56.04833375950627,56.39646028633776,2261400,0.0021533426154449753,0.0,0.00774150880410583,0.03799714747220473,3,2
2019-03-01,56.46120834350586,56.6069358319448,55.82162693184192,56.59074663399632,2684400,-0.0010029814737982923,-0.0,0.0077314593019064985,0.0365255699348106,4,3
2019-03-04,56.26950073242188,57.02008557692026,55.926843245734894,57.02008557692026,2297300,-0.0033953862609110708,-0.0,0.007743643694836394,0.03196188516520637,0,3
2019-03-05,55.95947647094727,56.26134498089068,55.78814771378306,56.17976074764268,2024700,-0.005509632348594473,-1.0,0.005130387084256665,0.00134261683610859,1,3
2019-03-06,56.35107803344727,56.47345747064555,55.80445693503522,56.10631915905069,1921100,0.0069979490016014445,1.0,0.005204646091817417,-0.000285886879025643,2,3
2019-03-07,56.61214828491211,56.95480571147019,56.3673894233841,56.59583393223257,2173700,0.004632923815758749,0.0,0.005404191045640893,0.008460513077200416,3,3
2019-03-08,56.8487548828125,57.011923330546935,56.37555767011442,56.79164530365772,1800600,0.004179431536666334,0.0,0.005420101698132353,0.008893785125607456,4,3
2019-03-11,57.338260650634766,57.34642093953924,56.73452998571293,56.91401899475159,1904600,0.008610668234182661,1.0,0.0053707258761625425,0.017366952286040682,0,3
2019-03-12,57.52592086791992,57.7217242674575,57.2240523659212,57.55039551480239,1976600,0.003272862049802594,0.0,0.00473962731606208,0.011472507964963352,1,3
2019-03-13,57.59934616088867,57.7869954988563,57.33827288054979,57.41170304739903,1385500,0.0012763862248694746,0.0,0.004776359606429537,0.01434811137459957,2,3
2019-03-14,57.86039733886719,58.14594515758542,57.41983517949807,57.72170357327199,1977800,0.004532189953152299,0.0,0.004775306585801187,0.014195136937930952,3,3
2019-03-15,58.52126693725586,58.708910053606566,57.56671210052916,57.56671210052916,6916700,0.0114217950236013,1.0,0.004843449425561199,0.016907226171300804,4,3
2019-03-18,58.13780975341797,58.54573711807251,57.87673648901817,58.4151973736338,2108000,-0.006552441597838521,-1.0,0.00527344073564328,0.03175180923115617,0,3
2019-03-19,57.27299880981445,58.02358988223557,57.10983035573194,57.98279465647617,1690500,-0.014875189610194628,-1.0,0.005557815367604578,0.024406664322614624,1,3
2019-03-20,57.2893180847168,57.8359392403651,57.109829054628726,57.64829614489295,2145900,0.0002849383695890939,0.0,0.006566228421210085,0.007730931370499183,2,3
2019-03-21,57.81146240234375,57.92568155816224,57.02824266624107,57.330104910414,1386500,0.009114165346755021,1.0,0.006541955453758426,0.005154124782319469,3,3
2019-03-22,58.48862838745117,58.86392082145937,57.94200098025355,58.08070101685821,1482700,0.011713351590980858,1.0,0.006797298587271221,0.016191824669432586,4,3
2019-03-25,58.55388641357422,58.733375435316326,58.25202417198712,58.51309741511826,1579600,0.0011157386986535567,0.0,0.0071829761987774535,0.0243047561988623,0,3
2019-03-26,58.70073699951172,58.95365616254761,58.36623984443123,58.717057577502025,1103800,0.0025079562593040006,0.0,0.00711115426513404,0.02880255734971615,1,3
2019-03-27,58.11332702636719,58.81495626948685,57.98278730008099,58.77416727337997,1511700,-0.010006858570607347,-1.0,0.006274993966606243,0.04520994984189097,2,3
2019-03-28,57.38722229003906,58.3580914709617,57.14246959050157,58.227557942770645,1642600,-0.012494633735195992,-1.0,0.006785751570507159,0.030442927728856928,3,3
2019-03-29,57.88488006591797,57.91751499611418,57.06087142025047,57.28930970714746,2487800,0.008671926537299646,1.0,0.00743595974367803,0.017567920761861755,4,3
2019-04-01,57.66460418701172,57.90120277127249,57.10982280223946,57.87672812884495,2113300,-0.0038054130656469676,-0.0,0.007626440104595825,0.02418676999940672,0,4
2019-04-02,57.70540237426758,57.89304545884412,57.34642433493572,57.89304545884412,1440100,0.000707508320416883,0.0,0.007690548430083026,0.021313674978128194,1,4
2019-04-03,57.52592086791992,57.75435920479341,57.101672907031016,57.15878249124939,1577500,-0.003110306816397679,-0.0,0.007624252562416575,0.025518293625419464,2,4
2019-04-04,57.40353393554688,57.89304548289924,57.12614011654508,57.89304548289924,1576900,-0.0021275093127851585,-0.0,0.007535694678717703,0.027992477695639506,3,4
2019-04-05,57.99095153808594,58.02358647187982,56.36739626034559,56.9711331988166,1147300,0.010233126120747338,1.0,0.0074559621985634626,0.018676766067810213,4,4
2019-04-08,57.61565780639648,58.039899486971024,57.50143865299268,58.039899486971024,1506200,-0.006471591200620019,-1.0,0.007692256269570343,0.024355254039022167,0,4
2019-04-09,57.74619674682617,57.795146038753785,57.45248854630527,57.64013787282381,1377200,0.002265685152260888,0.0,0.007834067860457199,0.013490232550648962,1,4
2019-04-10,57.36273956298828,58.25202438547595,57.30562998535896,57.990951141388,1438800,-0.006640388552670684,-1.0,0.00763215657309093,0.007114553032520288,2,4
2019-04-11,57.59934616088867,57.74620027010917,57.00377565783965,57.00377565783965,1294600,0.004124743687329957,0.0,0.007749014911344613,-0.0028366569794912033,3,4
2019-04-12,57.66460418701172,57.72171376083489,57.01191800805258,57.35458167546832,1181800,0.0011329647031195211,0.0,0.007799199260682539,0.0,4,4
2019-04-15,57.74619674682617,58.00727001123613,57.583028290749056,57.65645222864048,1468000,0.00141495048764817,0.0,0.007736083983441318,-0.0033838888231060293,0,4
2019-04-16,57.232208251953125,57.999107434656125,57.093514447307385,57.66461024554125,1429800,-0.008900819860509612,-1.0,0.007283738023228462,-0.013244248304820294,1,4
2019-04-17,57.28116226196289,57.51776089057779,57.02008898633229,57.21589238693577,1350200,0.0008553576998855394,0.0,0.007396695565596164,-0.0155768080240003,2,4
2019-04-18,57.07719039916992,57.68908138487004,57.06087604498779,57.5503875886525,1518900,-0.003560889038182413,-0.0,0.0066505246463916725,0.0001425357903039881,3,4
2019-04-22,57.10166931152344,57.3301076340129,56.93034056965634,57.01192479562008,1880600,0.0004288738142561588,0.0,0.006695887641006253,-0.0037027441177287512,0,4
2019-04-23,57.436161041259766,57.53405960270245,56.987438553060194,57.27298639806166,1983900,0.00585782751659103,1.0,0.006354229653206486,-0.01227772246756964,1,4
2019-04-24,57.81146240234375,57.990951425623415,57.436170001157706,57.436170001157706,1431700,0.0065342347796257805,1.0,0.005900599399211412,-0.017994392674409387,2,4
2019-04-25,57.79513549804688,58.1214785751601,57.41984313793343,57.54222256991045,1663600,-0.00028241638627368726,-0.0,0.006105658283001553,-0.012679329361447111,3,4
2019-04-26,57.941993713378906,58.562044981769375,57.88488413763748,58.32544638956148,1098100,0.002541013427280303,0.0,0.006065103288818259,-0.015427429837420403,4,4
2019-04-29,57.58302307128906,58.03989968647472,57.41169434059445,57.81146137888189,1076700,-0.006195345018080722,-1.0,0.005712549937523739,-0.002948261986627343,0,4
2019-04-30,58.464141845703125,58.48045619843725,57.51774755073664,57.67276191185478,1584900,0.015301710945658797,2.0,0.005170186968559388,0.0034119229583966515,1,4
2019-05-01,58.03175354003906,58.61917003099588,57.94200900811629,58.23571725359471,1644500,-0.007395786408790683,-1.0,0.0058700262603469675,0.010007134490483738,2,5
2019-05-02,58.34992218017578,59.1494624807545,58.243863315849616,58.87207488583512,2231900,0.005482664588399855,1.0,0.006050908720510448,0.0063669795050815825,3,5
2019-05-03,58.80680465698242,58.8312793005624,58.21938831315492,58.43151226497641,896500,0.00783004432115364,1.0,0.006155039657048927,0.011169141525570803,4,5
2019-05-06,58.6354866027832,59.04341400198991,58.44783726037775,58.82312972071053,1008900,-0.002913235214844767,-0.0,0.0062914877956324776,0.02226620225695175,0,5
2019-05-07,58.34176635742188,59.77766602517122,58.11332805684707,59.704242096190825,1175000,-0.005009257403303935,-1.0,0.0063137388414504945,0.021461268719440874,1,5
2019-05-08,57.436161041259766,58.309125152822055,57.3953658243412,58.252015583821766,1284900,-0.015522418546844552,-2.0,0.006074521340755796,0.006049475134160209,2,5
2019-05-09,57.476959228515625,57.82777698691802,57.1587764039736,57.51775445196037,984500,0.0007103223216216037,0.0,0.0068508259818936415,-0.003115416398435822,3,5
2019-05-10,58.54573440551758,58.55388847080899,57.37090165791231,57.48512081676535,874600,0.018594845505879087,2.0,0.006832055867917815,-0.004662428583668499,4,5
2019-05-13,59.54923248291016,59.61450235242606,58.15412170051389,58.43966959904926,1218600,0.017140413175823266,2.0,0.007794218353445153,0.020623053423560522,0,5
2019-05-14,59.22288131713867,59.745033977878414,59.00260331803371,59.43500525201952,1377600,-0.005480358892369419,-1.0,0.00853710211874169,0.03385257736389913,1,5
2019-05-15,59.231048583984375,59.59002663538606,59.07604042726957,59.28815816266398,1067100,0.00013790728623908066,0.0,0.008676846364450683,0.027023113261530618,2,5
2019-05-16,59.66344451904297,59.818458884516566,58.96996935554397,59.06787414812887,1098100,0.007300156681263159,1.0,0.008680520909283366,0.02571341353731338,3,5
2019-05-17,59.989776611328125,60.21006079816258,59.17392216270519,59.231031725129775,1139900,0.005469548312468042,1.0,0.008450569591183375,0.04248021073006347,4,5
2019-05-20,60.07136917114258,60.43850745880107,59.940835677924426,60.12032467751617,1074500,0.0013601077454095112,0.0,0.008478796926574585,0.047286302204867514,0,5
2019-05-21,60.1611213684082,60.50378505896105,59.86741319049269,60.063222792087785,1003500,0.0014940927517386182,0.0,0.008377957879472769,0.05245841203872925,1,5
2019-05-22,60.60080337524414,60.6254568900032,60.0748408271571,60.31316858644156,852600,0.0073084077695868555,1.0,0.0083681945933789,0.05357903006641784,2,5
2019-05-23,61.50479888916016,61.52945867299577,60.41178673122874,60.73229495144464,1855500,0.014917219963544337,1.0,0.008403023827772997,0.05509843061605424,3,5
2019-05-24,61.53767395019531,61.98967594955623,61.42262003580673,61.5705473928732,889800,0.0005345121296045363,0.0,0.008789937021083601,0.06388588583198818,4,5
2019-05-28,60.92129135131836,61.83350871390906,60.814457399560965,61.69380133008031,1915500,-0.01001634542403751,-1.0,0.008776527835620506,0.06475525007247196,1,5
2019-05-29,59.90225982666016,61.05280524939519,59.63927855317513,61.05280524939519,1387500,-0.016727017797139032,-2.0,0.009227621292989322,0.051418624852246575,2,5
2019-05-30,60.13235855102539,60.37890620069253,59.811850368438414,59.94334412025214,860900,0.0038412361241639825,0.0,0.009975751081278766,0.040276398001887426,3,5
2019-05-31,60.68297958374024,60.814473346506375,59.58174753542854,59.65570807450871,5976900,0.009156817493656488,1.0,0.009510242773303583,0.028534015084408004,4,5
2019-06-03,61.496578216552734,61.52945165461592,60.69941458593038,60.937742309413046,2791700,0.013407361312734345,1.0,0.00943183507029631,0.045685782041239964,0,6
2019-06-04,61.13498306274414,61.50479830719622,59.87760370764565,61.50479830719622,3404000,-0.005879923148492616,-1.0,0.009724901923458465,0.05392733904015423,1,6
2019-06-05,62.721073150634766,62.803253596591006,61.34864026627053,61.53765466497328,2306800,0.025944066857150894,3.0,0.009812461551253796,0.03959028924189778,2,6
2019-06-06,63.15665435791016,63.55934305449651,62.67999884849969,62.78683910369364,1586900,0.00694473460664935,1.0,0.011048057012976507,0.06967771198913586,3,6
2019-06-07,62.70464706420898,63.87984576475075,62.70464706420898,63.71547858322614,1328000,-0.0071569227074577135,-1.0,0.010907178530316801,0.08252900625240933,4,6
2019-06-10,62.47451400756836,62.70462799171039,61.93211814843168,62.55670070831585,1095900,-0.003670111665008857,-0.0,0.01030056044682153,0.09172768387435482,0,6
2019-06-11,62.03076934814453,62.63891236303737,61.71025484938372,62.32661779244174,1292100,-0.007102810905741053,-1.0,0.010419242377169614,0.08694883734512748,1,6
2019-06-12,62.877235412597656,62.95119595064266,62.32661312618067,62.32661312618067,849900,0.013645906271166464,1.0,0.010128050593322377,0.05952670981096286,2,6
2019-06-13,63.00872421264648,63.1155644631103,62.53206872433898,63.000510554893694,1760200,0.0020911988128293757,0.0,0.009907052719225061,0.05588657974126843,3,6
2019-06-14,63.61688232421875,63.70727646186247,62.94298609657452,63.132006840664495,1409600,0.009651966758124075,1.0,0.009733018877660133,0.06392534120781135,4,6
2019-06-17,62.8690071105957,63.74835114225896,62.68820634839015,63.64151717821331,1605700,-0.011755923684086844,-1.0,0.00981422370460171,0.07404619443830462,0,6
2019-06-18,62.696434020996094,63.46072425658701,62.35948596435273,63.46072425658701,1494500,-0.002744962860571798,-0.0,0.010309220533655888,0.053727414120879446,1,6
2019-06-19,63.41962432861328,63.63329853096682,62.33482600353928,62.44987989635266,1280900,0.011534791713592618,1.0,0.010348498206507697,0.04511864458513193,2,6
2019-06-20,63.71548080444336,63.9949018877928,62.99228399042396,63.657953856395984,1764500,0.004665061941979909,0.0,0.010545753303338037,0.05573795309928031,3,6
2019-06-21,63.608646392822266,63.79766081939176,63.131990958049286,63.51824600795266,3823500,-0.0016767418258836209,-0.0,0.010551241089286617,0.05908067129050587,4,6
2019-06-24,63.60043716430664,63.994912207362326,63.40320277776284,63.96203876461035,1353500,-0.00012905837462606762,-0.0,0.010541025779354743,0.049633715232343834,0,6
2019-06-25,63.26349639892578,63.86341949669789,63.04982215247425,63.67440503519585,1640700,-0.005297774361368024,-1.0,0.010149036512822448,0.034072760386113954,1,6
2019-06-26,61.94034957885742,63.21416216752903,61.866382788437214,63.205948511900445,1942400,-0.02091485446401642,-2.0,0.010260153790456191,0.028044973720118938,2,6
2019-06-27,61.97324752807617,62.46633666940263,61.79244671326379,62.46633666940263,1627300,0.000531123079582585,0.0,0.011105581441625354,0.01672745611484827,3,6
2019-06-28,62.260860443115234,62.51562171805033,61.858165580839646,61.93213237450989,2590700,0.0046409205021693545,0.0,0.010352979349712002,0.03457278085015236,4,6
2019-07-01,62.17869186401367,62.26908598692008,61.44726879349648,62.26087232936251,1683700,-0.0013197469247415716,-0.0,0.010362828094437905,0.03539694672517624,0,7
2019-07-02,63.00049591064453,63.23060367358998,62.31016635184188,62.425220233314604,1546600,0.01321681145090925,1.0,0.010237765207362047,0.024647970329298108,1,7
2019-07-03,63.378517150878906,63.80585915019496,63.19771644233426,63.19771644233426,703700,0.006000289914710022,1.0,0.010226492231454236,0.0244553069082305,2,7
2019-07-05,63.27169418334961,63.40318792355095,62.20333575906355,62.81147863257818,1487700,-0.0016854759677478182,-0.0,0.010143469148826561,0.03669804056103487,4,7
2019-07-08,63.312801361083984,63.641529513357376,62.9840732088106,63.34567480330813,1876400,0.000649693014624475,0.0,0.008511206131968287,0.008778884114314156,0,7
2019-07-09,63.2470703125,63.34569066386508,62.8032881363115,63.197763271802245,1496700,-0.0010381952333637923,-0.0,0.008380915564744702,0.0024723761060700955,1,7
2019-07-10,63.83053588867188,64.03599017408924,63.19773944837199,63.46072068290752,1334600,0.009225179495097713,1.0,0.008218939034606458,0.008650447354174418,2,7
2019-07-11,64.15103912353516,64.17569263268864,63.51002280567755,63.87162432650665,1912300,0.005021158453412777,1.0,0.008376523868198173,0.021705200955052684,3,7
2019-07-12,63.72369384765625,64.1510359484214,63.50179973632391,64.068855498655,1868300,-0.006661548771734971,-1.0,0.00820203210563366,0.034180936294546216,4,7
2019-07-15,63.896278381347656,64.04420570749865,63.36209602191538,63.60864365548929,1258000,0.0027083259502187484,0.0,0.007906813550260154,0.013462080982157953,0,7
2019-07-16,63.35387420654297,63.87984289381639,62.95118560234762,63.35387420654297,1811800,-0.008488822644215577,-1.0,0.007913516050668432,0.014086210755605677,1,7
2019-07-17,63.57577133178711,64.01955331800298,63.51002445902175,63.80587911649899,2110500,0.0035025028543751446,0.0,0.007877068587942276,-0.004134250344670742,2,7
2019-07-18,64.43045043945312,64.44688401974611,63.2305984391606,63.60863348555695,1428500,0.01344347209262553,1.0,0.007446670969771857,0.011241854351987879,3,7
2019-07-19,63.09090042114258,64.53730037390255,63.06624690961288,64.20035859971776,1904000,-0.02079063562607486,-2.0,0.007910982281699359,0.027657337223937484,4,7
2019-07-22,63.20595550537109,63.41962343474618,62.400571997061945,63.23882267145432,1117300,0.0018236399141635662,0.0,0.008908114116183865,-0.005183315274265854,0,7
2019-07-23,63.07447052001953,63.25527130841833,62.663561917283246,63.25527130841833,1560800,-0.0020802626002605074,-0.0,0.008851774131682916,-0.007996883844228031,1,7
2019-07-24,62.80326461791992,63.26348648197812,62.375922461973616,63.1895196786608,1797900,-0.004299772948764269,-0.0,0.008855247467030172,-0.008397850026612308,2,7
2019-07-25,62.62246322631836,63.025158137148914,62.15402770981319,62.80326399934968,1644000,-0.0028788533956238815,-0.0,0.008896390372356035,-0.012534073379516064,3,7
2019-07-26,62.65534210205078,62.91832335747512,62.35127374825971,62.61425500368405,1571900,0.0005250332554564974,0.0,0.008847540942734985,-0.010132749675503372,4,7
2019-07-29,63.1237678527832,63.24704166866792,62.60602535002749,62.901880000164105,1039000,0.00747623003908382,1.0,0.0075023957780470905,0.011543243266379788,0,7
2019-07-30,62.89366149902344,63.493590739275206,62.597806842182415,62.82791462639946,1540100,-0.0036453203220760955,-0.0,0.007652015974057409,0.01856478997951183,1,7
2019-07-31,62.34305953979492,63.140223306858175,61.98967785759064,62.753968180964165,1988100,-0.008754490454289443,-1.0,0.007663334100986802,0.010163705599384842,2,7
2019-08-01,62.90188217163086,63.32922430882139,62.13759201072128,62.24442597752718,2484000,0.008963670310072391,1.0,0.00791953274682539,0.0026434727211812614,3,8
2019-08-02,63.03337097167969,63.89628146080928,62.69642921085444,63.05803075219897,1866500,0.0020903794212399074,0.0,0.0076174339377329345,-0.0015652851233669551,4,8
2019-08-05,62.910118103027344,63.81411589742742,62.57316999358658,63.2306263549513,2481300,-0.0019553589908386515,-0.0,0.0075092534550927,-0.0054457913298533445,0,8
2019-08-06,63.64151382446289,63.83052823319589,62.0307531723725,62.8196967813576,1639000,0.011626042733503539,1.0,0.007512093871198224,-0.005714657794281375,1,8
2019-08-07,64.01132202148438,64.39757699291421,62.975830904241846,63.64972055547078,1672100,0.005810801390449205,1.0,0.007946807373860512,0.005191879940743771,2,8
2019-08-08,64.43868255615234,64.66879034358432,63.44427833623035,64.00311422140814,1313900,0.0066763272679251084,1.0,0.00803024730510558,0.012083590673975131,3,8
2019-08-09,64.45511627197266,64.8249314639671,64.22500848406794,64.62769711290119,1155000,0.0002550287369080806,0.0,0.007911798154226896,0.009527519376324012,4,8
2019-08-12,63.896278381347656,64.65234859502303,63.72369754583264,64.61947515921538,1181900,-0.008670186681022263,-1.0,0.007843126095989417,0.0047400190642576945,0,8
2019-08-13,64.02777099609375,64.24965884642609,63.45249528454942,63.74834993163698,1393300,0.002057907253397717,0.0,0.00794329615791347,0.0027083259502187484,1,8
2019-08-14,63.411415100097656,64.38937325730409,63.20596081001693,64.25788577203544,1885000,-0.009626383777028513,-1.0,0.007934121377366477,0.002057907253397717,2,8
2019-08-15,64.76740264892578,65.0139502831223,63.25526221775638,63.35387625546156,1595000,0.02138396606805948,2.0,0.007999507226648075,0.0009082458535543125,3,8
2019-08-16,64.62771606445312,64.98931770574984,64.38938827995928,64.80851688510148,1421800,-0.0021567421072886672,-0.0,0.009238461743303368,0.018743481867012246,4,8
2019-08-19,64.8989028930664,65.2111911603577,64.38115406338693,64.66057516146223,1338400,0.004196138207063216,0.0,0.00879826366525185,0.003061683158421813,0,8
2019-08-20,65.0057373046875,65.1865380864273,64.65235566855084,65.12079120761874,1235100,0.001646166681694483,0.0,0.007398306715326336,0.028657103637055537,1,8
2019-08-21,65.3837661743164,65.40841968401037,64.66056938677067,64.77562327865371,930000,0.005815315467572635,1.0,0.007397866692205649,0.028474876851809938,2,8
2019-08-22,65.55635833740234,65.67141851912959,64.96465519262652,65.31803685587805,1408200,0.002639679131143824,0.0,0.007414695155149435,0.0366122083191156,3,8
2019-08-23,65.06324768066406,65.88506464650284,64.8002665023943,65.77001077288269,1708600,-0.007521934854897827,-1.0,0.007285582400965128,0.04383679313856681,4,8
2019-08-26,65.69605255126953,65.72070605791167,65.0221628665315,65.14543039974217,796400,0.00972599575279931,1.0,0.0075102731887982015,0.03897618088775401,0,8
2019-08-27,66.20558166503906,66.69045700047317,65.88507350685664,65.98369381320767,1339400,0.007755855854077343,1.0,0.0076952714624658886,0.048530745299676825,1,8
2019-08-28,65.98370361328125,66.6740270503669,65.50704813340727,66.44391923800501,1300700,-0.0033513496321259106,-0.0,0.007704934925967966,0.048821765827465224,2,8
2019-08-29,66.08232116699219,66.41926294385,65.36733797712212,66.16450162939891,1243200,0.0014945743920182775,0.0,0.007693851077511546,0.04913121673327603,3,8
2019-08-30,65.85220336914062,66.34529865562213,65.75358932781795,66.19737132367109,1332900,-0.003482289874020106,-0.0,0.007269980333165252,0.059978795631780324,4,8
2019-09-03,66.95344543457031,66.96166536181103,65.63853922458685,65.7700267106015,2007700,0.016722934223727837,2.0,0.0072498916692012695,0.046903543990300056,1,9
2019-09-04,67.79169464111328,68.29300360194196,67.24107865789728,68.29300360194196,1914400,0.012519881555044687,1.0,0.007910859105735664,0.062190462011810776,2,9
2019-09-05,67.41365051269531,67.57801768200392,66.54252646024214,67.38899700479062,2208400,-0.005576555216967538,-1.0,0.008094526766852734,0.07759604790586194,3,9
2019-09-06,67.67664337158203,67.7670437627825,67.3397015888991,67.47940900440258,1704800,0.003901181094431161,0.0,0.008111696524597839,0.0592716367281394,4,9
2019-09-09,67.22461700439453,67.75057925680349,67.04381630451059,67.2410505816728,2888700,-0.00667920784288345,-1.0,0.008086650271563831,0.05726051633283635,0,9
2019-09-10,67.28215789794922,67.29859147863917,66.52608151692681,67.07670365451217,2448500,0.0008559497416091855,0.0,0.00828000063410468,0.04323388278173601,1,9
2019-09-11,67.52870178222656,67.75059588471217,66.665797689133,66.92055895424166,1692300,0.003664327839355108,0.0,0.008274523702717359,0.04386062409766933,2,9
2019-09-12,68.09577178955078,68.39162647487571,67.72595656787836,67.92319093477248,1621600,0.008397466445496882,1.0,0.007902809142998967,0.05684874757806346,3,9
2019-09-13,67.7012710571289,68.27654662440077,67.61087070041425,67.79989133808083,1717600,-0.005793321994221223,-1.0,0.007998919689726765,0.06353494319996256,4,9
2019-09-16,67.75059509277344,67.88208255162714,67.53692091842431,67.88208255162714,1083000,0.0007285540562880222,0.0,0.007736595034394592,0.06765116265359361,0,9
2019-09-17,68.3341064453125,68.56421427499276,67.70130364372368,67.70130364372368,1654000,0.008612638040153664,1.0,0.00651990512340997,0.046060090753031524,1,9
2019-09-18,68.51490020751953,68.71213457413182,68.03002481338696,68.5477736469495,1557900,0.00264573244038413,0.0,0.006586032258204629,0.05734985864521347,2,9
2019-09-19,68.84162139892578,68.98223114436645,68.64310684134243,68.90778660765683,1918400,0.004768615154027378,0.0,0.006576865785680443,0.05571738740192855,3,9
2019-09-20,68.86641693115234,69.16418238265179,68.5769244951006,68.89950268248137,3282200,0.00036018228104883754,0.0,0.0065893699824820535,0.05900839300166938,4,9
2019-09-23,69.0566635131836,69.33788929067457,68.6844597925963,68.94086651964697,1273000,0.0027625450910484517,0.0,0.006570170442549147,0.05326476219725573,0,9
2019-09-24,70.0243911743164,70.1650008809809,69.13936154769932,69.32960303530432,1934000,0.014013530511042704,1.0,0.006570360696442923,0.053393831880746756,1,9
2019-09-25,70.00785827636719,70.14846800940815,69.65219428014058,69.98304553647324,1255800,-0.00023610198777823665,-0.0,0.00660835178561461,0.07625108906339961,2,9
2019-09-26,70.52066040039062,70.72744159507002,70.02438679525233,70.19808224152767,1344800,0.0073249223251348194,1.0,0.006497672779899553,0.06563264545815284,3,9
2019-09-27,70.58683776855469,70.81843804735244,70.03266558568603,70.66955530907077,1420000,0.0009384110668892998,0.0,0.006482736736540771,0.06517696283046504,4,9
2019-09-30,70.69437408447266,71.07485082358318,70.45450707950808,70.7191868245616,2284600,0.0015234613040828737,0.0,0.006337524969142395,0.06976168210034994,0,9
2019-10-01,70.60337829589844,70.67781650400416,69.91686315010149,70.35523831462233,1257400,-0.0012871715713259624,-0.0,0.006337131345052798,0.06979253809541075,1,10
2019-10-02,69.82588195800781,70.71090534116851,69.61910073474165,70.61992109809444,2092800,-0.011012169058428611,-1.0,0.0062380900822213824,0.07214906538699495,2,10
2019-10-03,70.0243911743164,70.06574362956155,69.4784857572025,69.90858789242968,1829600,0.0028429174217659003,0.0,0.006199196703058583,0.04290199712342746,3,10
2019-10-04,70.81017303466797,70.89288427407031,69.95823527894402,70.13193077482786,1480000,0.011221545052715554,1.0,0.005720940120900284,0.032934661760897654,4,10
2019-10-07,70.61164855957031,70.87632825106772,70.37178160314117,70.5620167789722,1430900,-0.002803615166996676,-0.0,0.0058462284295503495,0.050383305104253706,0,10
2019-10-08,70.1815414428711,70.78534535294065,70.17326842753816,70.64473564458943,1308700,-0.0060911637877476554,-1.0,0.005940163769805026,0.04336806676231686,1,10
2019-10-09,71.20716857910156,71.3477845862657,70.24770712520137,70.24770712520137,1818800,0.014613915783900921,1.0,0.005898241979809192,0.043985738710616396,2,10
2019-10-10,70.75225830078125,71.09964921283442,70.15672741699775,70.83496952120416,1497000,-0.006388546088796798,-1.0,0.0064911114926830766,0.05833657545742876,3,10
2019-10-11,70.77708435058594,71.13274834472809,70.22291212799273,70.47104583594084,1148100,0.0003508870303354783,0.0,0.006782418628519909,0.04773609492672226,4,10
2019-10-14,70.10711669921875,71.03349265962775,70.07403094199515,70.95905443872186,847400,-0.009465883732206026,-1.0,0.006643318543199877,0.039375610123367544,0,10
2019-10-15,69.55293273925781,70.42141644499463,69.3047990450919,70.2146352112918,1678700,-0.007904817457242697,-1.0,0.006898355487598706,0.03553619606432057,1,10
2019-10-16,69.95822143554688,70.0574723790046,69.12282356882747,69.45367477143077,1474300,0.005827054019539535,1.0,0.00720859938591048,0.026602536022249934,2,10
2019-10-17,70.40486145019531,70.57855689157098,69.86722909710241,69.92512757756096,1065700,0.006384382070946826,1.0,0.007091518886991203,0.023767267543538306,3,10
2019-10-18,70.80188751220703,70.93423052024615,69.93341018618263,70.23944234896469,1250300,0.0056391853322881325,1.0,0.007177536635666134,0.027584674821847788,4,10
2019-10-21,71.2485580444336,71.28991682503272,70.57031569166986,70.84326849851067,1569700,0.0063087376328709865,1.0,0.007200920322329877,0.02847501371186234,0,10
2019-10-22,71.01692962646484,71.57937469372962,70.85977390885148,71.43049199032245,946500,-0.0032509909579404583,-0.0,0.007276125792963665,0.034590751478514425,1,10
2019-10-23,71.18236541748047,71.33124814885119,70.72745051807033,71.17409871218247,1245400,0.0023295260987172828,0.0,0.007347957788320189,0.028386342657678698,2,10
2019-10-24,71.29815673828125,71.57110944254393,71.02521034448014,71.1492740187254,804000,0.0016266854876438863,0.0,0.0067607849082156855,0.01653672704245923,3,10
2019-10-25,70.56201934814453,71.58765871169453,70.47103510927377,71.40569023395301,1417000,-0.010324774493664757,-1.0,0.006758688762719218,0.018430766112289998,4,10
2019-10-28,69.35441589355469,70.42968069922225,69.13109496554215,70.15672799018118,1370000,-0.017114071645706108,-2.0,0.007011380659478781,0.0005864798701413765,0,10
2019-10-29,68.56865692138672,68.75062541290683,67.9979387089759,68.41977418382139,2104300,-0.01132961704088109,-1.0,0.00794208409133436,-0.017459655566962162,1,10
2019-10-30,68.8498764038086,69.29652461676083,68.38668846910063,68.71753969837589,2185000,0.00410128322542902,0.0,0.008242959144410521,-0.0300691135697152,2,10
2019-10-31,69.26342010498047,69.51983305122017,68.61826385336818,68.97392772418786,1556800,0.006006455243963149,1.0,0.00833071393032215,-0.02483594885135565,3,10
2019-11-01,68.47767639160156,69.46195711616609,68.39496515745742,69.34615381580909,1556100,-0.011344281183169658,-1.0,0.00815059987620415,-0.008055205852832592,4,11
2019-11-04,67.3445053100586,68.4280431794113,66.997114379638,68.32878592337887,1574200,-0.016548036400399035,-2.0,0.00845471660752683,-0.02208822892675355,0,11
2019-11-05,67.06327819824219,67.55955180060775,66.60835704830471,67.03846546469309,2167600,-0.00417594739944438,-0.0,0.008613043164377448,-0.04894307662421071,1,11
2019-11-06,67.31969451904297,67.50993602098717,66.73243660242012,67.07155452702222,1906100,0.003823498160092864,0.0,0.008621848029706095,-0.050251912166228485,2,11
2019-11-07,65.66545104980469,67.08810701191585,65.11127883284314,66.73244302138806,2050800,-0.024572949729745663,-2.0,0.008681825951223016,-0.040777772402700974,3,11
2019-11-08,65.6819839477539,65.8391333699578,64.99546884348685,65.44211699648729,1324600,0.0002517746803669674,0.0,0.009143905453578564,-0.07782527573948927,4,11
2019-11-11,65.5827407836914,65.79779504660881,65.27670226763445,65.6571790032804,1442800,-0.001510964774472101,-0.0,0.009165089399757062,-0.0716623677434104,0,11
2019-11-12,65.50001525878906,65.78123466317342,65.26014830833456,65.56618044716915,1413700,-0.00126139170022177,-0.0,0.009134987888542934,-0.07339018856957946,1,11
2019-11-13,66.92269134521484,66.93923106973966,65.5827464820226,65.78125472863735,1809800,0.021720240534369717,2.0,0.009045818904482505,-0.06571517496854962,2,11
2019-11-14,66.83169555664062,67.14600075210605,66.69107952534873,67.1294610304341,2512000,-0.001359715019601082,-0.0,0.010471804488084765,-0.037816398107946014,3,11
2019-11-15,67.2204360961914,67.35277910576747,66.64145120545119,66.98057543464333,2237800,0.00581670921728028,1.0,0.010327149258046241,-0.044691328835264166,4,11
2019-11-18,67.94830322265625,68.56037380448929,67.4851090459927,67.55128054415341,2413700,0.010828063141739674,1.0,0.010304482887861085,-0.04523019133070205,0,11
2019-11-19,67.98966979980469,68.3536068048286,67.4354975861275,67.72499006264076,1794200,0.0006087948511810382,0.0,0.01055967131003856,-0.04030378835675519,1,11
2019-11-20,68.23780059814453,68.75062028046655,67.84905090627514,68.12200362317857,2149500,0.0036495367468389883,0.0,0.010410219565878493,-0.04573970805972705,2,11
2019-11-21,68.00621795654297,68.51903141367569,67.19563268653219,68.22953892812288,2851000,-0.003393758878094011,-0.0,0.010483216361182315,-0.039133331206206545,3,11
2019-11-22,68.01449584960938,68.34534082226754,67.46031726843391,68.06412133341543,2143500,0.00012172259118559126,0.0,0.010443538793397206,-0.04461986395520268,4,11
2019-11-25,67.94830322265625,68.29569412230786,67.68362354047481,68.03101444012643,1767500,-0.0009732135205337,-0.0,0.010421689830842885,-0.046055340543030066,0,11
2019-11-26,68.41978454589844,68.5934800476202,67.81598048808759,67.86561228176758,3303400,0.006938824089502527,1.0,0.010255217084591295,-0.03704140201249795,1,11
2019-11-27,68.56865692138672,68.68445390499728,68.27916446236033,68.6017426753415,2256300,0.00217586735293529,0.0,0.009785359664723225,-0.013476162052762808,2,11
2019-11-29,68.35360717773438,69.05666214180575,68.27089594263117,68.7506299408776,863400,-0.0031362688625926616,-0.0,0.009484103102154091,0.0,4,11
2019-12-02,67.84078979492188,68.29571106958669,67.62574183822848,68.08892981936867,2328600,-0.0075024187308661006,-1.0,0.009460728289411042,-0.007207990079220683,0,12
2019-12-03,67.84906005859375,68.27916857545297,67.52648182618069,68.10546677911114,1652300,0.00012190694856117901,0.0,0.009469625088750867,-0.020539417601705967,1,12
2019-12-04,68.66790771484375,68.71753950089291,67.62573486474588,67.77461760196876,2277300,0.01206866617669955,1.0,0.009165717105817806,-0.009179872421677393,2,12
2019-12-05,67.95658111572266,68.56865174149245,67.79942537392509,68.46939448712632,2420300,-0.010358938007475227,-1.0,0.008763159447794194,0.019651230619218696,3,12
2019-12-06,67.16252136230469,68.08063026017112,67.07981015655628,67.74151242346451,2100700,-0.011684810218244635,-1.0,0.009043853523768101,0.013320298999399016,4,12
2019-12-09,66.76551818847656,67.22043306484002,66.37676850345534,67.21216635996083,2030600,-0.005911082040629623,-1.0,0.009399598588076465,-0.0023347277176639647,0,12
2019-12-10,66.98055267333984,67.12943535328866,66.69105401588503,66.7985842522402,1127800,0.003220741644755165,0.0,0.0076946646665456125,0.01675260157487557,1,12
2019-12-11,67.28660583496094,67.41067582556663,66.56701124827931,66.93094189413763,1561900,0.004569283910117905,0.0,0.007710970019065064,0.019770546617758455,2,12
2019-12-12,66.87305450439453,67.42722673587659,66.78207025021534,67.25353124438801,1066300,-0.006146116681539193,-1.0,0.007727649279883093,0.025980387993989273,3,12
2019-12-13,67.27833557128906,67.39413886159633,66.37677246957153,66.87304614183104,1001300,0.0060604539436417415,1.0,0.007879069046569941,0.020962426347240104,4,12
2019-12-16,67.8656005859375,67.8656005859375,67.15427266692494,67.3941396452396,1439100,0.008728887384946704,1.0,0.006429442740020273,0.005314254685897968,0,12
2019-12-17,68.48593139648438,68.62654108859562,67.87385454177489,67.99792451559227,1037400,0.009140577924472204,1.0,0.0066736882864623205,0.015470279792926034,1,12
2019-12-18,69.13937377929688,69.23863104827603,68.42805210489924,68.83334157658764,3030900,0.009541264453710063,1.0,0.00683721336468804,0.01882605013871186,2,12
2019-12-19,69.74290466308594,69.85112760746212,69.06029352232262,69.16019015918253,2311600,0.00872919222143409,1.0,0.006749087643806813,0.017529069898002625,3,12
2019-12-20,70.41717529296875,71.03319490268414,69.78451577380066,69.90938495691111,4670700,0.009667945909911158,1.0,0.006963816930107476,0.02578678302812243,4,12
2019-12-23,69.70127868652344,70.60864922836772,69.3433237133392,70.50875260174266,1920800,-0.01016650559280241,-1.0,0.00718832449284939,0.03193793873367423,0,12
2019-12-24,69.8927230834961,69.99261968696888,69.31000877434562,69.66796366456937,494500,0.0027466411030085958,0.0,0.007562152991226154,0.024925084513060858,1,12
2019-12-26,70.17578125,70.20907377666103,69.57641415231706,69.95934172003416,838800,0.004049894667371268,0.0,0.007565127143608416,0.027615101904743478,3,12
2019-12-27,70.19242858886719,70.37556924386668,69.99264167028211,70.1757823252816,1474300,0.00023722342053988932,0.0,0.007568229356323507,0.032781952185688024,4,12
2019-12-30,70.26734161376953,70.27566156869943,69.7428923020963,70.01760324143841,1352500,0.0010672522152086472,0.0,0.007470947934076773,0.025908354648202625,0,12
2019-12-31,70.8167724609375,70.83341872550899,70.25070419882687,70.30064934365333,1625900,0.00781914947327822,1.0,0.007467960222982487,0.024773486439005676,1,12
2020-01-02,69.28506469726562,70.78347625875972,69.16019547936305,70.78347625875972,3278200,-0.021629166515838683,-2.0,0.007532815538005102,0.03603562979197794,3,1
2020-01-03,68.97703552246094,69.51813108135478,68.84384003363948,69.20179497095906,2199100,-0.004445823586231579,-0.0,0.008903176853525626,0.02128918172547367,4,1
2020-01-06,69.35163116455078,69.71791237835643,69.09357286452041,69.13519803922013,2717500,0.00543072979655479,1.0,0.008982213306215795,0.016624776568652244,0,1
2020-01-07,68.82721710205078,69.34334026950798,68.33606650943443,69.34334026950798,2432800,-0.0075616687552124695,-1.0,0.008678377792611977,0.00995695765984772,1,1
2020-01-08,68.88548278808594,69.23511150878576,68.54417402422749,68.768939881186,1548900,0.0008465500784198277,0.0,0.008523326081418961,0.012811650792813323,2,1
2020-01-09,69.42656707763672,69.5264573522169,68.7106571379606,68.71898344454596,1372100,0.007854837734321052,1.0,0.008042315863026332,0.025653614409245185,3,1
2020-01-10,70.26734161376953,70.39220444882446,69.62634942197127,69.62634942197127,2028500,0.012110270916789068,1.0,0.007991337800298514,0.03985663500203973,4,1
2020-01-13,70.88335418701172,71.0331959387076,70.26734091942222,70.33393231375662,1691100,0.008766698143045648,1.0,0.008294845460403766,0.04907079457016672,0,1
2020-01-14,71.46607971191406,71.51603120433245,70.88336522629584,70.97493555276607,2317900,0.008220907878667028,1.0,0.008401721640340282,0.053454150457117766,1,1
2020-01-15,72.68978881835938,73.03109756455319,71.71582042491305,71.7574392603021,2196900,0.017122935963161723,2.0,0.008244532464088516,0.0686827488524202,2,1
2020-01-16,73.05606079101562,73.097679621081,72.58156294071593,72.58156294071593,1908700,0.005038836659321033,1.0,0.008772880310820996,0.08043381574647102,3,1
2020-01-17,73.86356353759766,73.93848126520321,72.75639943259876,73.17262596670845,2209600,0.011053193093615743,1.0,0.008704383973301982,0.07648145983038201,4,1
2020-01-21,74.75426483154297,74.7958836613503,73.75531764950317,74.03002860089742,2227700,0.012058737099678751,1.0,0.008775500788687591,0.07852170557454574,1,1
2020-01-22,74.87911987304688,75.13718453586168,73.79693514410727,74.39630212068194,1521400,0.001670206265625973,0.0,0.008876717379213254,0.08121119335228077,2,1
2020-01-23,75.95299530029297,75.97796786930104,74.85415780615945,74.9374018198901,1809800,0.014341453653125003,1.0,0.008812668868281259,0.07364498560495814,3,1
2020-01-24,76.42748260498047,76.69386722277952,75.71157275381236,75.761524236038,2008400,0.006247117744488273,1.0,0.009034384577595186,0.07861462752932913,4,1
2020-01-27,76.06121063232422,76.70219646021013,75.86974370387956,76.31926895443134,1727100,-0.0047924118415537675,-0.0,0.008471865102139216,0.096500437943293,0,1
2020-01-28,76.41085052490234,76.65226262194369,75.81980974295068,76.18608469095182,1743600,0.004596822607363826,0.0,0.008703373144256791,0.08825650620965297,1,1
2020-01-29,76.91032409667969,77.01854068893107,76.09452379885184,76.4774513765625,1376200,0.006536683839353019,1.0,0.008704122735773402,0.08884930333286944,2,1
2020-01-30,77.59292602539062,77.6595237747726,76.66890289382624,76.79377208613973,1508300,0.00887529647974028,1.0,0.008672916024484015,0.09570683965304472,3,1
2020-01-31,76.95194244384766,77.88428555850554,76.59398746915261,77.6012546418733,4749800,-0.008260850755044569,-1.0,0.00869034554664,0.10425304620013653,4,1
2020-02-03,76.92696380615234,77.22664096142883,76.4607859344887,77.11842438733206,1399200,-0.00032460048313320833,-0.0,0.009106651279893454,0.08663441963970198,0,2
2020-02-04,75.42021942138672,76.81874032401727,75.28703028124174,76.60230082628226,2599000,-0.01958668729682944,-2.0,0.0070664394203671065,0.11029648514116652,1,2
2020-02-05,75.32866668701172,75.4119107129163,74.73762584664345,75.22877639637105,2132000,-0.0012139017239326533,-0.0,0.008670677486375249,0.09341056556174698,2,2
2020-02-06,75.64498901367188,76.02791654354412,75.42022319869868,75.60336383279213,1286200,0.004199229066066845,0.0,0.00874814357776883,0.08618449807300443,3,2
2020-02-07,75.4035873413086,75.94468301185196,75.27039182500361,75.84478637462323,1243900,-0.0031912447276534195,-0.0,0.008339150972825409,0.09905633554110316,4,2
2020-02-10,76.06121063232422,76.06121063232422,75.42021845332779,75.50346245873875,1246200,0.008721379369378557,1.0,0.008474052104744754,0.09462232518968405,0,2
2020-02-11,75.9030532836914,76.37755116769146,75.82812922247487,76.11116650213198,940800,-0.002079343035931158,-0.0,0.008494064631062524,0.09556346848128427,1,2
2020-02-12,75.96964263916016,76.31927128322097,75.43687336694062,75.57006250944015,1267100,0.0008772948200104214,0.0,0.008413217959406442,0.08020385488466397,2,2
2020-02-13,76.98523712158203,77.04350856307065,75.75320419296592,76.05288770665334,1426400,0.013368425164848263,1.0,0.008352253532399349,0.07175575296182046,3,2
2020-02-14,77.967529296875,78.09239213118245,77.24329310233875,77.24329310233875,1160300,0.012759487559174998,1.0,0.008575258778406897,0.07722765026312017,4,2
2020-02-18,78.92485809326172,78.99978215748207,78.04246004405269,78.35878986236439,1628400,0.012278557561334669,1.0,0.00827852384194589,0.0726063531661083,1,2
2020-02-19,78.50029754638672,79.02474049703618,78.50029754638672,78.94981644630883,1695000,-0.0053793007315048325,-1.0,0.008499042198876516,0.08033279153983397,2,2
2020-02-20,79.62409973144531,82.76244352554883,78.8915373118382,80.80618100712601,2063200,0.01431589713904624,1.0,0.008546521891401825,0.06277430693455366,3,2
2020-02-21,79.88217163085938,80.94771022142433,79.4659452219755,79.68238473290619,2462300,0.003241128003763638,0.0,0.008680109110661935,0.06514457617737812,4,2
2020-02-24,79.25782012939453,80.28173973615664,79.17457613032599,79.80724195524493,2160400,-0.007815905460732964,-1.0,0.008674429683915585,0.06681504491899593,0,2
2020-02-25,77.73445129394531,80.05699570021198,77.49303918528909,79.34108568174506,2102400,-0.01922042308206562,-2.0,0.008588454822373451,0.04351144831135856,1,2
2020-02-26,77.801025390625,78.84991752793933,77.45139679522349,77.7843791317958,2277500,0.0008564297498923068,0.0,0.009695216157550219,0.017100768524850984,2,2
2020-02-27,74.52117156982422,78.19229145198811,74.47122643437518,77.75941879217122,2295200,-0.042156948502069524,-4.0,0.009608741294714566,0.022873876761059675,3,2
2020-02-28,71.97386169433594,73.2558396503503,70.3256088588248,73.2558396503503,3405900,-0.034182364847840874,-3.0,0.013422790366569471,-0.024730505446504347,4,2
2020-03-02,77.93423461914062,78.00915232375785,72.09873862322101,72.09873862322101,3191500,0.08281302106753219,8.0,0.015100016815131992,-0.06418465219491731,0,3
2020-03-03,77.38817596435547,79.64113904246604,76.71814592194129,77.9158203095876,2409300,-0.007006659620816258,-1.0,0.02400958796699122,0.004398707604328589,1,3
2020-03-04,82.53062438964844,82.61437653528016,78.04144037309435,78.04981750462126,1989600,0.06645005339913368,7.0,0.023988316151464118,0.005668908498653424,2,3
2020-03-05,81.60934448242188,82.84889167182058,80.77181017990073,81.45021092018138,1990400,-0.011162885462697614,-1.0,0.027964504767365145,0.07284390682071784,3,3
2020-03-06,80.70478820800781,81.08167600555973,78.14193584894713,79.72487482247028,2262700,-0.01108397917114623,-1.0,0.027672412019928514,0.08206188086586397,4,3
2020-03-09,77.52216339111328,79.22235679218583,75.37807788708628,76.55062704330561,3900000,-0.03943539023597542,-4.0,0.02785073971374651,0.07136886602989678,0,3
2020-03-10,76.33287811279297,79.01298540538994,73.24237439892347,78.1754510777184,3524400,-0.015341229221379593,-2.0,0.029392564904900234,0.02481558133483408,1,3
2020-03-11,73.52714538574219,75.03470346449335,72.24571878234558,74.73319696064739,2653800,-0.03675654313603771,-4.0,0.029609749091129314,0.012324224937442452,2,3
2020-03-12,69.19707489013672,70.72975755306524,61.893775961887286,70.11836119202978,3492200,-0.05889077391606612,-6.0,0.03066056296874715,-0.03331613085717988,3,3
2020-03-13,74.14691162109375,74.28092017815983,68.20041928370011,71.93582154854107,4368900,0.07153245623194082,7.0,0.033149721210094435,-0.08834925742039335,4,3
2020-03-16,64.6408920288086,70.43662735803416,64.04624349319732,68.12503109757922,4690200,-0.12820519944057696,-13.0,0.03701669380942042,-0.023992886562912985,0,3
2020-03-17,73.0413589477539,75.51208874381744,65.85531376837686,65.85531376837686,5763000,0.1299559250389284,13.0,0.04613149183489534,-0.1603469126590873,1,3
2020-03-18,72.23731231689453,74.3227703267904,65.69617338548211,69.68283089060687,4556400,-0.01100810064931168,-1.0,0.05492490245845506,-0.06318233235740789,2,3
2020-03-19,64.5320053100586,72.63095856730183,63.20032276111781,72.63095856730183,3691500,-0.10666657935768542,-11.0,0.05486412236471041,-0.08473307317784262,3,3
2020-03-20,57.237083435058594,65.11828322426223,56.46655351440028,64.91727680797719,4340500,-0.11304347106447254,-11.0,0.05937070068348645,-0.17793935402695893,4,3
2020-03-23,52.11975860595703,56.8602025707148,50.829955029536286,56.69269826827244,3432000,-0.08940575798044803,-9.0,0.06338816214642298,-0.281158799558089,0,3
2020-03-24,59.833457946777344,60.68774019990049,51.89362924005776,54.18847164422169,2697800,0.1479995216236223,15.0,0.06534594802802525,-0.34754204171106207,1,3
2020-03-25,60.218711853027344,62.43817881979156,56.96070423992072,58.82840197705947,2181000,0.00643877053859554,1.0,0.0747409518110595,-0.24507817841703705,2,3
2020-03-26,65.94745635986328,66.5672364118126,59.883709139644765,60.29409920332339,2771100,0.09513229909031895,10.0,0.07480380145392226,-0.22532788421807848,3,3
2020-03-27,67.80675506591797,70.0429694176403,63.16681572065963,64.01272688965528,1749800,0.02819363791544638,3.0,0.07820448336399101,-0.15235749106450813,4,3
2020-03-30,70.05974578857422,70.35288151691879,66.71798570568687,69.21383435259735,2672600,0.033226641216882014,3.0,0.07803774290551645,-0.0901007909895114,0,3
2020-03-31,65.5035629272461,69.2975926366638,65.36118361657766,69.13846544998505,2981600,-0.06503282034561952,-7.0,0.07801703702687704,-0.02659459782623208,1,3
2020-04-01,63.64421844482422,64.6408861308335,62.8150614232039,63.233828499358594,2425700,-0.02838539461566425,-3.0,0.07698654913971383,-0.1595020693106488,2,4
2020-04-02,66.40809631347656,66.91061562230873,62.42143120229929,62.42143120229929,3084200,0.04342700619457629,4.0,0.07714956639444348,-0.17759764134848754,3,4
2020-04-03,62.86532211303711,66.24058429816941,62.31255280129344,65.49517928710503,2394000,-0.05334852822336511,-5.0,0.07621977556842517,-0.195352067131508,4,4
2020-04-06,68.75316619873047,69.41481885636776,64.59899813181225,65.33603217570068,1736800,0.09365805960727469,9.0,0.07687292923882622,-0.22967985453457607,0,4
2020-04-07,66.8184814453125,70.34449987116912,66.54209360923035,69.72472631531032,2830600,-0.028139573206356516,-3.0,0.08009917084012387,-0.1480906185946903,1,4
2020-04-08,69.80848693847656,70.37801055324618,66.07308449655936,67.20375459341493,2055600,0.044748180869857546,4.0,0.07989098232106807,-0.13807253922725016,2,4
2020-04-09,75.46183776855469,76.21561990271125,70.47013419885496,70.72976778233352,2348700,0.08098371814104088,8.0,0.0805391140944223,-0.08547288318770929,3,4
2020-04-13,72.63096618652344,75.21057303265846,71.59242557712473,74.3144117023953,2258500,-0.037513949643178335,-4.0,0.0820224604004458,0.026312627433890068,0,4
2020-04-14,76.55062866210938,76.82701648711101,74.17202816463556,74.45679312096787,2359700,0.053966822711952744,5.0,0.0813269356469961,0.04962480425420668,1,4
2020-04-15,74.4735336303711,76.08159763340363,73.21723242989974,75.21893849812716,1767100,-0.027133611676874336,-3.0,0.08070126064069319,0.03241830291326386,2,4
2020-04-16,75.20219421386719,75.63770917258991,74.3730371711743,74.90905853108471,1771400,0.009784154826231184,1.0,0.0752108869365481,0.1521117870276354,3,4
2020-04-17,76.68463134765625,77.17040273015253,74.67455432607538,76.62600420769145,1586600,0.019712684573713002,2.0,0.06997133670893217,0.02958372211638216,4,4
2020-04-20,73.51038360595703,78.30945801568454,73.30937716064457,77.06990442485179,1996300,-0.04139353200132756,-4.0,0.06996940979693679,0.061565400042182805,0,4
2020-04-21,73.03298950195312,74.06315951798669,72.1703301823655,72.46346591379628,1764000,-0.006494240413203567,-1.0,0.06609539549143305,0.1391306260011569,1,4
2020-04-22,73.71138763427734,74.60754898366194,73.25911839395069,74.12177760813935,1434300,0.009288927332025354,1.0,0.0601374946382782,0.2759732872276175,2,4
2020-04-23,72.49695587158203,74.10502633786413,71.30765888110938,73.56062784817834,1434300,-0.01647549722874264,-2.0,0.0553730870081139,0.41426955162168566,3,4
2020-04-24,72.50532531738281,73.01622161925708,70.99776141187219,72.6309567078217,1571700,0.0001154454790570636,0.0,0.04708587495040334,0.21164576408184588,4,4
2020-04-27,71.66780853271484,73.18374354424463,71.47517283556179,72.87385994822732,1770500,-0.01155110719111796,-1.0,0.047131468791007276,0.20403314993423916,0,4
2020-04-28,72.21221160888672,73.42663384243178,71.79344444009465,72.28758663212695,1427600,0.00759620096271485,1.0,0.043061244119517283,0.08674105854267733,1,4
2020-04-29,69.82523345947266,72.99111193549018,69.4902184779626,72.99111193549018,2346700,-0.033055048394616815,-3.0,0.04273605662324219,0.06497076196443863,2,4
2020-04-30,67.5890121459961,69.59071851383493,67.18699928000464,69.37296420720594,3111700,-0.03202597689522213,-3.0,0.04290594368485764,-0.003347319155414419,3,4
2020-05-01,66.89386749267578,67.70627040408695,66.44159819948666,67.187003222554,1543000,-0.010284876657447817,-1.0,0.040936857053105354,0.03183718755980158,4,5
2020-05-04,67.67276763916016,68.0747804870648,66.48346418856799,67.26237126999712,1255900,0.011643819914727738,1.0,0.04044665148503223,0.051059611183203124,0,5
2020-05-05,67.8318862915039,69.1384438580786,67.63925702308235,67.64762776353322,1849700,0.0023512951796531567,0.0,0.03944589636208138,0.019043932831830812,1,5
2020-05-06,63.87035751342773,68.166905499794,63.794976115485206,67.78164054886162,1907700,-0.058402161500444194,-6.0,0.037383488688638326,0.0790032407618384,2,5
2020-05-07,65.02616119384766,68.11666474159196,64.59064617841601,66.09820405326046,1849600,0.0180960891001265,2.0,0.033755471563968555,-0.07101940107294868,3,5
2020-05-08,65.15178680419922,66.16520242904855,64.59064041843519,65.02615539502904,1430000,0.0019319241370725493,0.0,0.033538566790951595,-0.026823720214769753,4,5
2020-05-11,64.50688171386719,65.17691163440367,63.70284964315074,64.95915095174749,1416500,-0.009898501974629936,-1.0,0.03189461345341905,-0.06670679080011255,0,5
2020-05-12,63.37621307373047,66.14845569491754,63.06632950097338,65.72131145233892,2278900,-0.017527876252831698,-2.0,0.025477619045107917,-0.14517213440105858,1,5
2020-05-13,64.18861389160156,64.45662455209325,62.7145520639582,62.87368559014576,1711400,0.012818702451122599,1.0,0.02464560100753089,-0.12742158887196764,2,5
2020-05-14,64.71627044677734,64.86702687147435,61.65089833111077,63.711231875383575,1788700,0.008220407377340422,1.0,0.020989156805335064,-0.16148808947178117,3,5
2020-05-15,63.9792366027832,64.30587442742808,62.27904321043196,63.65259877813832,4749300,-0.011388694665281696,-1.0,0.020806436977889496,-0.13101651966752703,4,5
2020-05-18,66.8352279663086,67.2791200450244,65.2690367998199,65.99769381329659,1579600,0.044639347312892985,4.0,0.020490793332433973,-0.1492371030979105,0,5
2020-05-19,65.99002075195312,66.9179118297941,65.7791361235489,66.4877053858568,1466700,-0.012646133484897182,-1.0,0.022742030591577953,-0.12844038248934853,1,5
2020-05-20,66.9769515991211,67.62647334852981,66.05749137800368,66.56361957677008,1360700,0.014955759006012315,1.0,0.021344767380098266,-0.10230340919339842,2,5
2020-05-21,66.48770904541016,67.00226808189339,66.04907182588909,66.73233600010616,1655200,-0.007304640507367566,-1.0,0.02177393403075182,-0.08292194998631508,3,5
2020-05-22,66.18401336669922,67.2721785315292,65.75380703742076,66.470819731447,1053500,-0.0045676965422815075,-0.0,0.021572080834608747,-0.09799949262531626,4,5
2020-05-26,65.80443572998047,67.33967543856934,65.59355111926394,67.30593312857219,1393000,-0.005735186148589366,-1.0,0.0214022426069802,-0.08707872529248384,1,5
2020-05-27,65.34892272949219,66.69014573436833,64.03300484762315,66.69014573436833,1889400,-0.006922223333962085,-1.0,0.02138257615377694,-0.09241927483353884,2,5
2020-05-28,68.23382568359375,68.44471029911622,65.91409491284664,66.37804364127115,1882800,0.04414614401592254,4.0,0.021328826871884147,-0.08816909478037438,3,5
2020-05-29,70.60417938232422,71.01751793667414,67.96390583866855,67.96390583866855,3700600,0.03473868971852778,3.0,0.023696565756704705,-0.055092979935866926,4,5
2020-06-01,72.19001770019531,72.696139452242,70.18239219259175,70.66320882238918,1931900,0.02246096947439491,2.0,0.02393201301166844,0.011155650819322682,0,6
2020-06-02,72.35028076171875,72.93232427711918,71.3717796315548,72.66239226510635,1813900,0.00222001693072027,0.0,0.023135369851830085,0.06807327712174249,1,6
2020-06-03,73.32034301757812,74.45911836595509,72.55272655797349,72.84796365782142,1571600,0.0134078575182619,1.0,0.02292560370595027,0.08156821355321386,2,6
2020-06-04,72.14784240722656,73.16852315673398,71.12716165771914,72.77205905657664,1203800,-0.015991477427628298,-2.0,0.02295825154023814,0.08345418069099164,3,6
2020-06-05,72.98294067382812,74.0036278171416,71.98756508888647,72.65396120755555,1669500,0.011574819686055005,1.0,0.023372344985374795,0.06362724600013436,4,6
2020-06-08,74.02891540527344,74.21449484191939,72.14782235780918,72.89014010439294,1456200,0.014331770161467361,1.0,0.018664296955524087,0.1426731196625073,0,6
2020-06-09,71.92851257324219,73.53967391760169,71.33803830005054,73.53967391760169,1407300,-0.028372735444421093,-3.0,0.01856552354612484,0.1384481883312767,1,6
2020-06-10,72.76361083984375,73.32034273517178,72.03816743404808,72.08877766934533,1428600,0.011610114497379698,1.0,0.02004534757930852,0.10401442694747698,2,6
2020-06-11,71.15245819091797,72.69613490850998,70.14021475009292,72.54429774881753,2812000,-0.02214228555083675,-2.0,0.01979872270983523,0.12799764779517453,3,6
2020-06-12,71.11871337890625,72.68769516188223,70.17395458360828,72.16470552468132,2108300,-0.0004742606632250901,-0.0,0.02009554223287091,0.12269974395820693,4,6
2020-06-15,71.07654571533203,72.15627381224297,69.41477407668216,70.01368555432222,1895400,-0.0005929193818448031,-0.0,0.020069996340275974,0.10796462280690289,0,6
2020-06-16,71.00906372070312,73.16008924379432,70.82348424050704,72.552740557948,1771400,-0.0009494270430526752,-0.0,0.020093262231421657,0.09827938514759404,1,6
2020-06-17,71.72606658935547,72.20688320294842,70.46075903403855,71.413961511217,1279700,0.010097342945859733,1.0,0.019803298512424794,0.1098766958031212,2,6
2020-06-18,71.46458435058594,71.91165873589075,70.5704355799763,71.32118434693876,1240200,-0.003645567799870686,-0.0,0.01768112220334411,0.07317755578708174,3,6
2020-06-19,69.92090606689453,72.41777926592309,69.7606316917483,72.41777926592309,5681600,-0.02160060535885211,-2.0,0.01737620532422369,0.08296047699713416,4,6
2020-06-22,71.00906372070312,71.675459837913,69.48226125566919,69.91246121173755,1554800,0.015562693835339259,2.0,0.018036567066822322,0.0439547396154123,0,6
2020-06-23,70.34268188476562,72.02132186206582,70.1402344269442,71.59955257078617,2293400,-0.009384461659127763,-1.0,0.018123857949087937,0.06800286459268667,1,6
2020-06-24,69.5244369506836,69.9124638623105,68.88335236748483,69.78593824436837,1664500,-0.01163226809325335,-1.0,0.01825829755854187,0.06283494013916746,2,6
2020-06-25,69.47382354736328,69.83654531892358,68.46158003568615,69.64252865408037,1420500,-0.000727994436779289,-0.0,0.018444788663549913,0.056531162062807505,3,6
2020-06-26,69.0436019897461,70.43544133927615,68.50373804403645,69.20387631089567,2895300,-0.006192570606451286,-1.0,0.01833100339363562,0.06312117546215523,4,6
2020-06-29,70.08960723876953,70.11491879843399,68.89178417549226,69.6931495703205,1135600,0.015149922931002147,2.0,0.015810109315644454,0.011867666777286567,0,6
2020-06-30,70.2414321899414,70.64633341014343,69.2629310976236,69.91245276414014,1902300,0.0021661549715161765,0.0,0.014195661500180501,-0.007288125831308889,1,6
2020-07-01,71.7935562133789,72.09723056270069,70.14865885095878,70.19926909728325,1528000,0.02209698713489172,2.0,0.013230066319984973,-0.026992450927860512,2,7
2020-07-02,71.42240142822266,72.48526171309837,71.211516808603,72.21532965741271,1192400,-0.00516975066749914,-1.0,0.014166267470863502,-0.007694849867595943,3,7
2020-07-06,70.73912811279297,72.77205223476697,70.24143712871147,72.29967280772313,1534700,-0.00956665278352975,-1.0,0.013845726713356224,-0.025885607066792438,0,7
2020-07-07,71.1355972290039,71.38865489617356,69.5244357412343,70.15708956268965,1351300,0.00560466501055501,1.0,0.013569766860985936,-0.019525383537907337,1,7
2020-07-08,71.81885528564453,72.0803501172061,70.51980544203523,70.93313743546507,1270900,0.00960500907078976,1.0,0.01335730902366821,-0.02531198973031623,2,7
2020-07-09,71.3380355834961,71.65857782878146,70.05586016666797,71.20307279862891,1174300,-0.0066948950973401145,-1.0,0.013121391702060786,-0.029854011875357966,3,7
2020-07-10,72.07191467285156,72.29966718297565,70.90782769578962,71.33803403234236,724700,0.010287346481478554,1.0,0.01166149904981753,-0.008209220080073742,4,7
2020-07-13,72.49368286132812,73.45531599918645,71.77667016470332,71.77667016470332,1721100,0.005852046395479427,1.0,0.011597188875225492,-0.009506072596021209,0,7
2020-07-14,72.8985824584961,73.29504651159685,72.0466133610741,72.56960301777139,1566600,0.005585308694310509,1.0,0.010531891765817373,0.018850011714442116,1,7
2020-07-15,71.70075225830078,73.73368255851845,71.60796253464103,73.46374413646375,1696000,-0.01643146080209834,-2.0,0.010574062215299378,0.025026733401475543,2,7
2020-07-16,72.384033203125,72.61179219134141,71.58267424028999,71.87791141419301,1391200,0.00952962030806459,1.0,0.011253677244233784,0.00878217331310327,3,7
2020-07-17,74.09642028808594,74.34948441761125,72.72989200857606,72.9407766379511,1617200,0.023656972528121045,2.0,0.011418398243559032,0.01936329547774318,4,7
2020-07-20,73.05884552001953,74.00361064030466,72.71299176177453,73.72524148401271,1471500,-0.014003035018862353,-1.0,0.012308686370888076,0.03304731196680799,0,7
2020-07-21,73.53123474121094,74.72062687660583,71.91164269086134,72.33341185620364,1673700,0.006465873062036831,1.0,0.012730573187974003,0.022308408898211507,1,7
2020-07-22,75.60633087158203,75.91000515579802,72.80578414490165,73.23599045348864,1343600,0.028220607714181334,3.0,0.011652744287980398,0.05163446639067204,2,7
2020-07-23,75.94377136230469,76.50894062194536,75.31111747699967,75.37016491553395,1045800,0.004463124804929386,0.0,0.012648928203878295,0.06474197672794468,3,7
2020-07-24,75.47982025146484,76.83791117960226,74.88090231304842,75.92689458197474,910300,-0.006109139729530644,-1.0,0.012324108468430203,0.07962575960232354,4,7
2020-07-27,74.82184600830078,75.62321126941339,74.06266667292314,75.47981130034754,1014500,-0.008717220589185115,-1.0,0.012035497390330148,0.08565884977976368,0,7
2020-07-28,76.03655242919922,76.87165366042856,74.70376018514894,74.70376018514894,1297400,0.016234649179381,2.0,0.012315106782037212,0.07697895679070443,1,7
2020-07-29,76.33181762695312,77.08256657935137,75.91004826332761,76.3908650804331,1028100,0.0038832007543849745,0.0,0.012394758406778237,0.10128310571762578,2,7
2020-07-30,76.40770721435547,76.576412314335,75.37015218598899,75.64852139307354,1114600,0.0009942064759054237,0.0,0.012160414891500257,0.08906042755980459,3,7
2020-07-31,75.97749328613281,77.57178013441023,74.57722307565288,76.23898809579836,2588700,-0.005630504354956378,-1.0,0.012172613776310036,0.0877868635670711,4,7
2020-08-03,75.48822784423828,75.97748151970917,74.73747939959881,75.65693933699656,1019000,-0.006439610215250857,-1.0,0.01161207602228244,0.05827733425432702,0,8
2020-08-04,76.14620971679688,76.6860802219988,75.47138284774735,75.5135559069888,1120800,0.008716350765529457,1.0,0.011658673543933714,0.05692648713445547,1,8
2020-08-05,74.3832015991211,76.46674206310148,74.1385747394143,76.22211520339467,953900,-0.023152933340119808,-2.0,0.011375729958097299,0.07643692745805919,2,8
2020-08-06,74.31571960449219,74.66157338108545,73.45531340884494,74.1891875780389,1320800,-0.0009072208936715676,-0.0,0.012765229010658108,0.04565371623523884,3,8
2020-08-07,75.09178161621094,75.74974693983985,74.0626702279119,74.18919583275695,1524500,0.010442770598857676,1.0,0.012666284993604792,0.034766139183323164,4,8
2020-08-10,74.6953125,75.47136612349486,74.35789592240216,75.34483410243493,1275300,-0.005279793709480285,-1.0,0.012650104761058944,0.05261913931343609,0,8
2020-08-11,72.6202163696289,74.81342131598059,72.45994845297986,74.63627902767135,1323900,-0.02778080793719273,-3.0,0.012628339917888318,0.03639972434555894,1,8
2020-08-12,74.15544891357422,74.52660135863363,72.88170438385025,73.03354152272917,1255500,0.02114056692052735,2.0,0.014129533222070525,0.0017454418551590134,2,8
2020-08-13,74.16388702392578,74.492866451538,73.51436535383378,73.78429735689218,777900,0.00011378948513129927,0.0,0.01481812712561332,0.017241301719326474,3,8
2020-08-14,73.51435089111328,74.29040444276978,73.19380227600948,73.94455714861898,617200,-0.008758118794433667,-1.0,0.014279559866055407,0.034352983588674224,4,8
2020-08-17,73.77587127685547,74.6531520277694,73.09260719907218,73.3372341192423,992600,0.003557405902006039,0.0,0.014336154477646875,0.015615566554800342,0,8
2020-08-18,73.33723449707031,74.1470306323119,72.83110628131767,73.77587165694332,936800,-0.005945531678495541,-1.0,0.013375114346299347,-0.004326106578214972,1,8
2020-08-19,72.721435546875,73.59027895990653,72.32497151902106,73.59027895990653,1060400,-0.008396811720789876,-1.0,0.013069047542307213,0.0038104759946486766,2,8
2020-08-20,72.26593780517578,73.05886601130713,72.01288013040393,72.46839166781847,772300,-0.0062635966723403325,-1.0,0.013118654110916676,-0.01101299600348038,3,8
2020-08-21,72.99980926513672,73.13477205399505,71.5995325210713,72.53586060037122,963800,0.010155150299708371,1.0,0.011396214853360516,-0.044181393646517964,4,8
2020-08-24,72.44306182861328,72.92387836861147,71.19462883577305,72.3671464760438,1503400,-0.007626697139732519,-1.0,0.011625192493951386,-0.038765023705804924,0,8
2020-08-25,71.64171600341797,72.80579666937366,71.4814416492643,72.77205436135777,1067500,-0.011061733242186067,-1.0,0.011657882433572877,-0.04023271932464134,1,8
2020-08-26,70.86566925048828,71.3970961741186,70.04743589813758,71.31274361356125,1185200,-0.01083233060599309,-1.0,0.011737501835022464,-0.04250269372570692,2,8
2020-08-27,71.09339904785156,71.54891045186005,70.17394549145936,71.2030631335875,1202600,0.0032135418993690656,0.0,0.01110402247704536,-0.06800522924189334,3,8
2020-08-28,71.50675964355469,71.71764427985072,70.21614669913313,71.16934937403173,1136500,0.005814331586887489,1.0,0.011083337334171004,-0.0686269335901658,4,8
2020-08-31,72.29967498779297,72.4262070340485,71.30429942530318,71.35490966953051,2385200,0.011088676765536487,1.0,0.011226162879954382,-0.0641420577776477,0,8
2020-09-01,70.5704116821289,72.00442410436538,70.37639505678149,71.78510236173047,1429800,-0.02391799556437879,-2.0,0.011622940634117729,-0.04840668123241576,1,9
2020-09-02,72.94075775146484,73.18538463048145,70.16551597519756,70.6547697332308,1155600,0.03358838375511697,3.0,0.012525316638647636,-0.06514679576604654,2,9
2020-09-03,72.61180114746094,73.94459362339903,71.90322540700848,73.07574349633585,1197300,-0.004509914815044591,-0.0,0.014690133960928744,-0.04209601472290947,3,9
2020-09-04,72.61180114746094,72.97452298747729,71.31275098637187,72.4937062633336,1097000,0.0,0.0,0.013885583330788065,-0.023814522816682393,4,9
2020-09-08,71.92008972167969,72.8564179117734,71.59111024253191,72.68770636112865,1256800,-0.00952615711014404,-1.0,0.013887478941603984,-0.02292810277690227,1,9
2020-09-09,72.36715698242188,74.19763368679047,72.20688263392492,72.41776722481588,1144400,0.00621616661592439,1.0,0.013746852874777098,-0.0422375368684359,2,9
2020-09-10,70.30049133300781,72.2153272184694,70.25831827192091,72.15627978439764,1343700,-0.028558060528978024,-3.0,0.01383677854946167,-0.031168696396820406,3,9
2020-09-11,69.30510711669922,70.56197733273383,68.76523670490336,70.5451029634069,2086300,-0.014158993734390002,-1.0,0.013911665458649808,-0.031943240499504255,4,9
2020-09-14,69.93775939941406,70.4270066933121,68.90020452017086,69.63408511454709,2033900,0.009128508836290461,1.0,0.013157391938390762,-0.0654077598873134,0,9
2020-09-15,70.83192443847656,71.8357372500275,70.20770778956415,70.20770778956415,1433500,0.012785154210559257,1.0,0.013413213155382688,-0.056983631712134275,1,9
2020-09-16,70.7962417602539,71.73045190108392,70.75377501223235,71.00006789582213,1252000,-0.0005037654772975797,-0.0,0.013746757333927903,-0.036488473612585226,2,9
2020-09-17,69.58177185058594,70.30366126446775,69.13165279767786,70.24421170048964,1351700,-0.017154440397848747,-2.0,0.013697893767868436,-0.04038758831352918,3,9
2020-09-18,66.9744644165039,69.49683620871062,66.80461039177928,69.32697570447027,3739000,-0.037471127347557975,-4.0,0.014077682170044153,-0.05120813011614722,4,9
2020-09-21,66.26107025146484,66.9065272766736,65.3948042667112,66.33750910631991,1403700,-0.010651733780244532,-1.0,0.015995402310019922,-0.079027195862583,0,9
2020-09-22,67.07638549804688,67.56896479664947,66.04874719284471,66.10819675368552,1464000,0.01230458915752286,1.0,0.016057869758431167,-0.0830940237695339,1,9
2020-09-23,66.49038696289062,67.39911978862912,66.37998247211536,67.0339277289669,1258300,-0.008736286709624674,-1.0,0.016159132857737804,-0.08114300334095192,2,9
2020-09-24,67.90019989013672,68.14649283428001,66.41395405719861,66.52436503739386,1473100,0.021203259473176583,2.0,0.016173746135261142,-0.08217039307098273,3,9
2020-09-25,70.04888153076172,70.12531390896885,67.61993104847998,67.84074001631168,1991100,0.031644702726966845,3.0,0.016976921409597463,-0.05222538378481534,4,9
2020-09-28,70.1932601928711,71.11897580257833,69.57328058453601,70.49050802720292,1293200,0.0020611130249947873,0.0,0.018394919461123666,-0.011525859112957337,0,9
2020-09-29,70.49900817871094,71.05953178443161,70.15929356458342,70.43955860720241,778700,0.004355802608394743,0.0,0.01838534635662188,-0.012661356286743364,1,9
2020-09-30,70.9576187133789,71.48417018582222,70.1847678393492,70.90665731188788,1561300,0.006505205484670373,1.0,0.018363258416449577,-0.01409309371403722,2,9
2020-10-01,72.57124328613281,72.59672722367591,71.00007073915499,71.20389688288581,1644900,0.022740681015126274,2.0,0.018245306288161945,-0.018562410891067693,3,10
2020-10-02,73.93009185791016,74.42267110090336,71.88331660378742,72.12960946504174,1717300,0.018724339149319702,2.0,0.01812130931258699,0.028352273372249437,4,10
2020-10-05,76.00234985351562,76.0617994168486,73.74325996734629,74.2443339326504,1842900,0.028029966465999312,3.0,0.017064281683836353,0.013563529320826717,0,10
2020-10-06,77.09791564941406,77.59899602740747,75.36537741825114,76.00233971737653,1687000,0.014414893723812439,1.0,0.01801095709757304,0.04669418266004888,1,10
2020-10-07,77.62446594238281,77.95568578739281,76.65628386012051,77.59898848961511,1264900,0.006829630717425816,1.0,0.018191481928255714,0.06178216806442616,2,10
2020-10-08,78.49925231933594,78.94087676545196,77.48860316213428,77.7433907330393,1161300,0.011269467252791765,1.0,0.0179764734558796,0.07931547697977348,3,10
2020-10-09,78.2954330444336,78.97485582747677,77.69244265168174,78.7710296405156,1271100,-0.0025964486142263654,-0.0,0.01804418819092001,0.08473588838654478,4,10
2020-10-12,79.03429412841797,79.66276837447143,78.27843258338302,78.27843258338302,906300,0.009436835013928002,1.0,0.016524767134642328,0.11372526080300616,0,10
2020-10-13,78.69458770751953,78.91539668348594,77.43764566805726,78.04913063430826,1016500,-0.004298215409458406,-0.0,0.01592890493697485,0.1403819634148502,1,10
2020-10-14,77.98966979980469,78.7285419610154,77.4885893939282,78.12555172849794,1069700,-0.00895764153863765,-1.0,0.016082476225923816,0.1252088769114732,2,10
2020-10-15,77.30174255371094,78.03212651579928,76.77519119465816,77.55653006774757,1399800,-0.00882074828447954,-1.0,0.01630571632232962,0.1010525327113656,3,10
2020-10-16,77.64146423339844,78.28692124345434,76.82615318467761,77.30174967655236,1821300,0.004394748015563277,0.0,0.01653832267357052,0.09189048220225327,4,10
2020-10-19,77.35271453857422,78.48226273691732,77.12340444863146,78.04912649553829,1048500,-0.0037190140303924313,-0.0,0.01579055089753301,0.11583051377477438,0,10
2020-10-20,78.33788299560547,78.9663572484476,77.46312230906096,77.7943422490241,1157400,0.012736055391307177,1.0,0.01261164932764797,0.1549583145231228,1,10
2020-10-21,78.2020034790039,78.91539830124336,77.81982212750391,78.14255391048395,856000,-0.0017345313838668108,-0.0,0.011996399262914346,0.18226105763623157,2,10
2020-10-22,78.91539764404297,79.1616905628651,77.93872061547711,78.41432363919297,1043700,0.009122453815784803,1.0,0.012139098413044058,0.16586490011870114,3,10
2020-10-23,78.10856628417969,79.28906925275945,77.83679595643865,79.22112505094526,1217400,-0.010224004236823125,-1.0,0.011563761039872247,0.18686927913484608,4,10
2020-10-26,77.90474700927734,78.10857315312887,76.8176591231978,77.59050990788916,1677300,-0.0026094356176094013,-0.0,0.011834606602989451,0.15034368691933486,0,10
2020-10-27,78.03214263916016,78.77951604568503,77.32724246643826,78.32939696012816,1778400,0.0016352742903797957,0.0,0.010520638501925353,0.11214833565994553,1,10
2020-10-28,75.50975799560547,77.86226915915772,75.31442004593858,77.16585732739176,1347800,-0.03232494403259967,-3.0,0.01052725107264428,0.1116757139467528,2,10
2020-10-29,75.12757873535156,76.09576090571629,73.99803071008755,75.03415708035887,1614800,-0.005061322806466317,-1.0,0.013328419398640113,0.07107546540502474,3,10
2020-10-30,74.11693572998047,75.4588046273117,73.38655820105122,74.90676929820545,1437700,-0.013452356942465049,-1.0,0.013430534156943837,0.05876691041192483,4,10
2020-11-02,76.93656158447266,77.00450579520925,74.46515085445706,74.8048654286235,1343100,0.03804293616191212,4.0,0.013062089340641611,0.02129896600714587,0,11
2020-11-03,78.11707305908203,78.69458590514577,77.19984563071314,77.55654302635102,1389500,0.01534395936466737,2.0,0.014915287626446274,0.04066638700166614,1,11
2020-11-04,77.53106689453125,79.0258071945655,77.27627933355926,78.8984134140795,1389900,-0.0075016400589864585,-1.0,0.014039750503779324,0.02782444502890047,2,11
2020-11-05,78.30390930175781,79.46742963106693,77.93022909575573,77.93022909575573,1188600,0.009968164223483456,1.0,0.013837138689319121,0.005618196568203615,3,11
2020-11-06,78.79650115966797,79.909060175652,77.81982409823479,78.45678655401505,1166500,0.0062907696729657125,1.0,0.013927193549659435,0.008752953738571545,4,11
2020-11-09,79.43345642089844,82.09171697581165,79.3315465840949,80.68190375787452,1757800,0.008083547516149148,1.0,0.013776386623887917,0.0037866454972439456,0,11
2020-11-10,79.54386138916016,80.20630119652913,78.81347737603127,79.99398041316645,1739800,0.001389905126080837,0.0,0.013862141101075578,0.014534990512396817,1,11
2020-11-11,80.18932342529297,80.69040391536224,79.32305735571295,79.9005702286053,1140100,0.008114542402900993,1.0,0.013721341989891675,0.006447419646896879,2,11
2020-11-12,78.39732360839844,80.20630082107061,77.88775502661662,79.96850258154016,1036900,-0.02234711231307518,-2.0,0.013776287623854123,0.01899413620831014,3,11
2020-11-13,79.22964477539062,79.79866306679106,78.53323268514228,78.86445267443614,854200,0.01061670384501534,1.0,0.014547777766973977,0.005227023138322906,4,11
2020-11-16,80.19780731201172,80.29122897593916,78.51622384083393,80.01096398415683,1002800,0.012219700585125004,1.0,0.014553539595992428,0.02493995811724603,0,11
2020-11-17,77.92172241210938,80.03643546221721,77.6159799856461,79.84959214832126,961100,-0.02838088691187246,-3.0,0.01473644446101969,0.0329249725498304,1,11
2020-11-18,76.2231674194336,78.43979709617622,76.08727899687443,78.43130244988713,1059100,-0.02179822185773217,-2.0,0.01610462625283242,0.007356016875806004,2,11
2020-11-19,74.89828491210938,76.29110879396815,74.1848836792335,76.0193384384717,1765700,-0.017381624933450746,-2.0,0.016546897145696807,-0.026994801178001016,3,11
2020-11-20,75.27197265625,75.93441903880876,74.58405529224775,74.88130313598224,1395200,0.004989269708634003,0.0,0.016921556008071353,-0.04224595815862353,4,11
2020-11-23,74.5585708618164,75.67962439590653,74.29529515047837,75.45031430966286,931000,-0.009477655085399994,-1.0,0.016810407535849902,-0.046168746487561974,0,11
2020-11-24,74.28680419921875,75.38238032922011,73.8112076700461,75.21251979771792,1375400,-0.0036450090104508392,-0.0,0.016793183496463932,-0.04544950177996421,1,11
2020-11-25,75.10211944580078,75.15307436829784,73.37807545313487,74.52460656593819,1620200,0.010975236522432041,1.0,0.016796341901825725,-0.04644059507218157,2,11
2020-11-27,74.67747497558594,75.31443740066616,73.83668638874477,75.16156615946623,633500,-0.005654227515127563,-1.0,0.017023087093326665,-0.03754892656105224,4,11
2020-11-30,74.32078552246094,75.07664716271334,73.4969796611815,74.61803339005724,2331300,-0.004776399486479788,-0.0,0.015554197818879208,-0.011022191596322783,0,11
2020-12-01,74.92376708984375,75.7220953941884,74.35474888460595,74.66897953072876,1777000,0.008113229201548,1.0,0.015550063780942237,-0.010738975306693654,1,12
2020-12-02,74.86431121826172,75.01718244495257,73.97256131597904,74.69445069998508,1415100,-0.0007935515510150148,-0.0,0.015355803558643426,0.010885924410079406,2,12
2020-12-03,73.72625732421875,74.82183320397215,73.42900956138223,74.61800709224357,997000,-0.01520155432573278,-2.0,0.012740338500837813,-0.02693453312097538,3,12
2020-12-04,72.6476821899414,73.99803930242632,71.93428096711602,73.47148789079807,1743400,-0.014629457311717275,-1.0,0.012495844576074583,-0.056208144556854966,4,12
2020-12-07,73.66681671142578,73.99803661299785,72.19756052845553,72.35043175068233,1464600,0.014028451985842905,1.0,0.012728120634192435,-0.06298616670957091,0,12
2020-12-08,73.36107635498047,73.77722976481338,72.6646644293517,73.12327810908522,850100,-0.00415031312732006,-0.0,0.012963866089536303,-0.05921917094154505,1,12
2020-12-09,73.05535125732422,73.51396504600898,72.46085550135386,73.36109378311406,945500,-0.00416740201816157,-0.0,0.0127960242765453,-0.06898053498179468,2,12
2020-12-10,72.77507019042969,73.75174056212728,72.27398979705276,73.19971173621674,1432400,-0.003836557652118988,-0.0,0.0125265957116703,-0.08029494687702121,3,12
2020-12-11,72.86000061035156,73.14875376482023,72.21454361631162,72.62220237031477,1221600,0.0011670262866065872,0.0,0.012467967179398368,-0.08509507937532546,4,12
2020-12-14,72.57972717285156,74.4056869884521,72.52027761976296,73.44599949444593,1285400,-0.003846739433875035,-0.0,0.012215841510600992,-0.09140023262285846,0,12
2020-12-15,73.57340240478516,73.96407190519778,72.35892715109337,72.77508059068838,1292800,0.013690809688043037,1.0,0.011509764200857909,-0.0742065694054338,1,12
2020-12-16,72.57124328613281,74.55856924593627,72.44385599599873,73.913112231353,1872200,-0.013621214812639448,-1.0,0.011717315482903732,-0.07139047999824355,2,12
2020-12-17,72.85150146484375,73.57339078594146,72.59672042890581,73.0468394239603,1824700,0.003861835157018545,0.0,0.01133967683331944,-0.09509691451048718,3,12
2020-12-18,71.94278717041016,73.42903293724898,71.42472384189352,72.4863279610641,3406200,-0.012473514974459587,-1.0,0.010084271224930294,-0.06506813235531983,4,12
2020-12-21,71.57341003417969,71.71876123217342,70.25668421664834,71.28270763819222,1898100,-0.005134317848369263,-1.0,0.009404481394792271,-0.05615589582455649,0,12
2020-12-22,71.45372772216797,72.00093775324717,71.1202718133309,71.75298218865532,1905700,-0.001672161658282989,-0.0,0.008809850727492645,-0.04439186934428896,1,12
2020-12-23,70.89794921875,72.16337619849581,70.88085176317867,71.96671958151428,1609600,-0.007778159672494511,-1.0,0.008659606779007845,-0.05072598471039269,2,12
2020-12-24,71.94962310791016,71.94962310791016,70.81244986082726,71.12880824089551,697700,0.01483362919166109,1.0,0.008598273599838214,-0.0490972613980335,3,12
2020-12-28,72.7105712890625,72.76187016858196,72.0693092020481,72.3856675133471,1255500,0.010576124631133554,1.0,0.009370932820346574,-0.03146159155051087,0,12
2020-12-29,72.83883666992188,73.47154687053812,72.62508260670296,73.12098707569605,1221500,0.001764054092622258,0.0,0.00934477884766892,-0.03184395026912923,1,12
2020-12-30,72.95852661132812,73.38603466855153,72.50536911439215,72.50536911439215,838700,0.0016432159940806823,0.0,0.00932000175041506,-0.02462105616539878,2,12
2020-12-31,73.96745300292969,74.0529533179484,72.66782473092412,73.0867873640508,1117000,0.013828765991621639,1.0,0.009300198954338946,-0.018329447160123413,3,12
2021-01-04,72.25740814208984,74.32654541550644,71.77859471873992,74.09569395246194,1744300,-0.023118882581668942,-2.0,0.009652262673412888,-0.012763828142374534,0,1
2021-01-05,72.77899169921875,72.91579091868692,72.01802769426712,72.08642404237277,2209200,0.0072184094411917865,1.0,0.010835397316413902,-0.03482170654815253,1,1
2021-01-06,76.20760345458984,76.74626791956591,72.85594099293475,72.98419474760794,2920400,0.04710991008972587,5.0,0.010531622872200868,-0.012848416010517116,2,1
2021-01-07,75.7116928100586,76.48975421844733,75.32693157718504,76.16485038639856,1757600,-0.006507364384273684,-1.0,0.014338047366318999,0.049002544297845896,3,1
2021-01-08,77.23361206054688,77.34476181407172,75.60052804766839,75.69458034805697,1621400,0.020101508683822322,2.0,0.014203340141206961,0.02775844253788229,4,1
2021-01-11,76.2760009765625,77.23362155126009,75.88269427354112,76.6607622135935,1401500,-0.012398890307417698,-1.0,0.014706563780806516,0.052787334891706506,0,1
2021-01-12,76.51538848876953,76.95144852358126,75.58342407670195,76.15628329457405,1197600,0.003138438160655399,0.0,0.015001415608105835,0.04408506240554688,1,1
2021-01-13,77.0882568359375,78.84103597538702,76.28453959230137,76.69494367861171,2092000,0.007486969072267646,1.0,0.014939042480449976,0.05139559863772858,2,1
2021-01-14,76.58379364013672,77.5414140433171,74.47190277911504,77.06260058009926,2001600,-0.006543969425517049,-1.0,0.014974581122378485,0.05803261309587748,3,1
2021-01-15,75.7287826538086,77.07115779285736,75.14737139161358,76.23324559111663,2065100,-0.011164385383489628,-1.0,0.015045797950434849,0.05516783574770545,4,1
2021-01-19,74.506103515625,76.25888915541648,74.40349923376104,76.09643400661237,1739500,-0.01614550102796486,-2.0,0.015112711797409958,0.029295644602175708,1,1
2021-01-20,74.9165267944336,75.12172886962297,73.59980097572712,73.98455568211423,1577700,0.0055085860009109755,1.0,0.015248288680993921,0.026661527925923023,2,1
2021-01-21,74.49755859375,74.83956637581251,73.95890074019928,74.59161089689859,1086600,-0.005592466957700992,-1.0,0.01526600521063447,0.028345679746715646,3,1
2021-01-22,74.73697662353516,75.24998509002471,73.6340048327915,74.00166209637273,1221000,0.0032137701463581525,0.0,0.01502433361857125,0.035511154402294354,4,1
2021-01-25,77.19942474365234,77.20797673341168,74.38642025246375,74.47192058028648,1546300,0.03294819019132955,3.0,0.014942759770213723,0.04420030550234677,0,1
2021-01-26,76.85740661621094,77.34476559511495,75.95963698616124,76.96001090981136,1079500,-0.004430319637446889,-0.0,0.016342287171373853,0.08041143834825881,1,1
2021-01-27,75.69459533691406,77.74663585215536,75.52359467866769,76.1990583682777,1981200,-0.0151294628649572,-2.0,0.016239542807819946,0.08405683751265514,2,1
2021-01-28,76.2161636352539,78.00315135636257,75.71170707545171,75.85705830218207,1464800,0.006890429838727119,1.0,0.016551071064095414,0.052049921420536105,3,1
2021-01-29,74.81391906738281,76.30164546003965,74.625814455721,75.74588361374502,2211800,-0.018398257023034992,-2.0,0.01648107649580527,0.04821296661602137,4,1
2021-02-01,75.0704345703125,75.83994403012292,74.42917233829932,75.27563665804483,897100,0.003428713615425627,0.0,0.0170941669613192,0.0271157872332759,0,2
2021-02-02,75.4380874633789,76.25035030078936,74.57451921457225,75.28418427570303,1035100,0.004897439253825686,0.0,0.017099812290040303,0.028946691457122586,1,2
2021-02-03,75.2414321899414,75.64329088285872,74.7626251634475,75.23288020068073,770700,-0.0026068433075396857,-0.0,0.016887524617794022,0.019882183321777713,2,2
2021-02-04,75.48082733154297,75.93398486325124,74.42060909478626,75.11317011318904,942800,0.0031816930464219073,0.0,0.015987601033007334,0.041297136509292676,3,2
2021-02-05,75.0704345703125,76.13065296739573,75.0105836895882,75.5919950408771,1131500,-0.005437046409518698,-1.0,0.01594655198559805,0.03712383985052137,4,2
2021-02-08,73.1124496459961,75.08753531978654,72.8644941226176,75.08753531978654,2119200,-0.02608197135827839,-3.0,0.01216490579088659,-0.014921987212928922,0,2
2021-02-09,73.30908203125,73.66819376779353,72.03510980891542,73.39458234061541,1084800,0.0026894514710693596,0.0,0.013330602427678659,-0.03433080238455821,1,2
2021-02-10,74.61726379394531,74.85667381875344,73.3261939786821,74.11280734756886,1508700,0.017844743467632984,2.0,0.01242553782563568,-0.05081375743789196,2,2
2021-02-11,73.72803497314453,74.78825302147507,73.55702785357212,74.41204388167037,942600,-0.011917199527127886,-1.0,0.012951089658818431,-0.021746514780276338,3,2
2021-02-12,72.82173919677734,73.64255409006805,72.51393279638621,73.53140431563783,1019000,-0.012292417351110863,-1.0,0.013127985862360952,-0.036428665797522686,4,2
2021-02-16,71.7273178100586,73.05259570145064,71.35110854576526,73.05259570145064,1251600,-0.015028772984416516,-2.0,0.013146662588031627,-0.055345882943498625,1,2
2021-02-17,70.40204620361328,72.31728760803286,69.64108214072829,71.80427908027157,1684200,-0.0184765253589263,-2.0,0.013401030310336447,-0.06341388431210981,2,2
2021-02-18,70.58159637451172,70.8124478993922,69.25631853400289,69.78643097485772,1488800,0.0025503544368461473,0.0,0.013714297197590692,-0.07033965506280881,3,2
2021-02-19,69.6496353149414,70.62435349123223,69.35893286946333,70.58160658509235,1490300,-0.01320402353363126,-1.0,0.013448277202764217,-0.052673632842579865,4,2
2021-02-22,67.24702453613281,69.84627453219375,66.4689566733661,69.84627453219375,2367500,-0.03449566918684466,-3.0,0.013511762611566606,-0.0703034658019347,0,2
2021-02-23,68.56375885009766,69.04256588832067,67.34108528612964,67.69163857532672,1752100,0.019580558739180187,2.0,0.0151243923252809,-0.09732579422039578,1,2
2021-02-24,68.49534606933594,69.04255589762383,67.61468045578685,68.51244352254557,1655500,-0.0009977979899160605,-0.0,0.015954474602396962,-0.08259924407342845,2,2
2021-02-25,68.8801040649414,69.1280595496213,68.30724476753754,68.37564763019186,1462300,0.005617286687127354,1.0,0.013567489650856806,-0.1127479732293224,3,2
2021-02-26,67.95671081542969,70.48755874322984,67.91395738331249,69.23068350877584,2347500,-0.01340580508765099,-1.0,0.013785912458305953,-0.10379354316629963,4,2
2021-03-01,69.02546691894531,69.65817713747309,68.40130216644366,68.43550360031765,1300900,0.015727013427980108,2.0,0.01372830885410875,-0.10222505962338946,0,3
2021-03-02,69.01692199707031,69.37602730463534,67.99089844555382,68.9998180167536,1456200,-0.00012379375694815398,-0.0,0.014237967795067277,-0.09434608583450832,1,3
2021-03-03,67.00369262695312,69.14009511152118,66.02163850124325,68.58015035540693,1751700,-0.029170083392050516,-3.0,0.013907782215755815,-0.07748554202983682,2,3
2021-03-04,66.5643539428711,68.37340733525463,66.35760742490135,67.12429872754441,1765100,-0.00655693241457711,-1.0,0.0148546120446267,-0.10745564468264668,3,3
2021-03-05,69.48468780517578,69.84649589249204,66.40929934592558,66.7538812934261,2149500,0.043872338411202305,4.0,0.014670887202716249,-0.11762935433398314,4,3
2021-03-08,69.45022583007812,70.47534869804204,68.35617868888878,69.34684927877052,1182600,-0.0004959650274932725,-0.0,0.018251752619885195,-0.07651029781348595,0,3
2021-03-09,70.34614562988281,70.64765239606709,69.70866667011653,69.92402958487024,1108800,0.012900171152743445,1.0,0.01820074908964976,-0.07989580552656039,1,3
2021-03-10,70.37198638916016,71.05253397164788,69.8034251535295,70.23415097239355,1163100,0.00036733724422233216,0.0,0.018554720439191544,-0.06293141857337758,2,3
2021-03-11,69.63113403320312,70.88023621758532,69.51914111949506,70.02740097840268,1457900,-0.010527660138227257,-1.0,0.0177861397841179,-0.03748285374248861,3,3
2021-03-12,70.72518157958984,70.82855814718793,69.76035990475987,70.26861324098569,1177700,0.015712045503452954,2.0,0.01785796508385847,-0.05017042767605584,4,3
2021-03-15,71.28511810302734,71.7158438921695,70.60457056750026,70.80270732234139,1395300,0.00791707438470679,1.0,0.01774339099885085,-0.05216061292603025,0,3
2021-03-16,71.25927734375,71.50909909622276,70.82855154411162,71.15590078578931,955400,-0.000362498652804355,-0.0,0.017739257407919665,-0.03313416492121379,1,3
2021-03-17,70.58734893798828,71.54356077676988,70.50119851677205,71.31096515525307,996800,-0.009429346336483069,-1.0,0.01756497190764732,-0.021455981005964353,2,3
2021-03-18,70.09632110595703,70.67349211745446,69.69143779055143,70.46674556767339,1671800,-0.006956314968885158,-1.0,0.01738108165886671,-0.015893092156172184,3,3
2021-03-19,70.7596206665039,71.5693871222348,69.44160101654388,70.34612765634341,4682900,0.009462687200719744,1.0,0.01696613357945302,-0.004342559828048875,4,3
2021-03-22,70.85438537597656,71.22480978126181,69.81202985700021,70.69932384417451,1644400,0.0013392484100400726,0.0,0.017086152427252435,0.0025222480240822964,0,3
2021-03-23,72.76681518554688,72.91326037511428,70.56150126901308,71.08698068026355,1653300,0.026990987211621853,3.0,0.01680563280966201,0.017297291731500408,1,3
2021-03-24,73.7660903930664,74.19681614782007,72.11210507217713,72.2671666067826,2341400,0.013732567585533317,1.0,0.01563674281320722,0.08208230308313791,2,3
2021-03-25,74.11068725585938,75.09274164894205,73.65411891532942,74.18822132497367,1318800,0.004671480635028535,0.0,0.015393311377395504,0.07587582172008256,3,3
2021-03-26,73.90391540527344,74.08481940816922,72.83571752383295,73.70577869409091,1386900,-0.0027900409271888194,-0.0,0.01535830676848774,0.08198135360669889,4,3
2021-03-29,74.90320587158203,75.19610280145628,73.7316312967919,74.10205570753222,932800,0.013521482059897671,1.0,0.015419952147073708,0.07293559451645848,0,3
2021-03-30,74.33466339111328,74.96351941275927,73.5507392377945,74.33466339111328,1226300,-0.007590362439806486,-1.0,0.015061870484644597,0.1022194125171687,1,3
2021-03-31,74.59307861328125,74.80844147783839,73.9297638822806,74.21404444086075,1785600,0.0034763757630584813,0.0,0.015071849789160645,0.07691648762626135,2,3
2021-04-01,74.48970794677734,74.6533858254604,73.90392069777548,74.58446813208302,846400,-0.0013857943448053467,-0.0,0.01504732753477707,0.08079404955856528,3,4
2021-04-05,75.45452880859375,75.90248723989262,74.49832375252927,74.54139238130803,866800,0.012952404948422869,1.0,0.013097316518207544,0.1117254143216111,0,4
2021-04-06,75.53206634521484,75.7732717090472,74.55862853479049,75.0410392624552,693200,0.001027606133725767,0.0,0.012917076096332277,0.13355759260208022,1,4
2021-04-07,75.46314239501953,76.00586099101679,75.02380033453429,75.64404640290105,912500,-0.0009125124404818497,-0.0,0.009606348479276633,0.0870318156569252,2,4
2021-04-08,75.15303802490234,75.97142101315565,74.92044897767825,75.80774310103412,1337100,-0.004109348753248532,-0.0,0.00961657579543701,0.0865787906817328,3,4
2021-04-09,74.23989868164062,75.67852126718243,74.19682347297125,75.24779546990494,1132000,-0.012150398270781126,-1.0,0.009546023264089598,0.06833199391350275,4,4
2021-04-12,74.43803405761719,75.187492724653,73.97284941651533,74.26573979849393,1251200,0.002668852995425297,0.0,0.010105864569951658,0.05496380720434324,0,4
2021-04-13,75.32532501220703,75.61821538205501,73.9642299970985,73.97284635278628,1623900,0.011919860133638771,1.0,0.009648729090591782,0.0690337747784191,1,4
2021-04-14,75.94557189941406,75.98002417778663,74.79983975909056,74.9721274403684,1044500,0.008234241101601869,1.0,0.009436554075181241,0.06504251144891682,2,4
2021-04-15,76.48828887939453,76.60889157843668,75.62683727346241,75.85942631522825,1624800,0.007146130661828121,1.0,0.009444987824313151,0.06537765413604335,3,4
2021-04-16,77.26358795166016,77.69431370619526,76.38490373189062,76.66918430724861,1221900,0.010136180108409887,1.0,0.009450972254016927,0.07338008088996095,4,4
2021-04-19,76.96206665039062,77.65984676926753,76.51411480416155,77.59954543280683,1198800,-0.003902501932193214,-0.0,0.009077968457855846,0.09458124032306436,0,4
2021-04-20,78.03028869628906,78.51269949649846,77.00515917348987,77.00515917348987,978500,0.013879851365621088,1.0,0.0089106871108611,0.09794730217089986,1,4
2021-04-21,77.12574005126953,78.56436226081162,76.92760991682367,77.8407462652404,1153400,-0.011592276026816117,-1.0,0.009084208088812289,0.10275165357446481,2,4
2021-04-22,75.99727630615234,77.00517330108191,75.88528336958989,76.94487193999268,1711400,-0.014631480286179888,-1.0,0.009738659515410024,0.08851046610615709,3,4
2021-04-23,75.95418548583984,76.41075377920477,75.65267874233038,76.1523222443484,1044800,-0.0005670047981576332,-0.0,0.009056791999243625,0.04439470261778222,4,4
2021-04-26,75.60961151123047,75.9714262139709,75.14443338493734,75.9197346436624,846500,-0.004536602853487448,-0.0,0.008668461239843665,0.029662614368120455,0,4
2021-04-27,74.96351623535156,75.82496784563871,74.84291353569971,75.51485131250121,904000,-0.008545147408711928,-1.0,0.008728906275440084,0.020225480438417875,1,4
2021-04-28,73.61104583740234,75.2650381121508,73.4042992676919,75.0927438270963,1885900,-0.018041715035125527,-2.0,0.008941285631744693,0.014337546586909555,2,4
2021-04-29,73.3009033203125,73.78332061858806,71.88812341809431,73.37843737118042,2791600,-0.004213260571992228,-0.0,0.00932570154091351,-0.017251064479069655,3,4
2021-04-30,74.27435302734375,74.28296938302563,73.4473603354331,73.91254495694916,2935100,0.013280187050048298,1.0,0.009231152525197897,-0.013906837317088971,4,4
2021-05-03,74.44664001464844,75.32532426012659,73.91254426970448,74.30881118678839,1653500,0.0023196026660947666,0.0,0.009685710357922768,-0.004272857373133654,0,5
2021-05-04,74.18819427490234,74.76536511485006,73.36120174922674,74.42078325273046,1103500,-0.0034715568049175083,-0.0,0.009695993134490571,-0.000578172922354292,1,5
2021-05-05,72.00873565673828,74.0245358062542,71.74168776549567,73.96423445751059,1242000,-0.02937743180657748,-3.0,0.009252715221384277,-0.01678275053448053,2,5
2021-05-06,72.64619445800781,72.73233827917194,71.72444176961187,72.33607144393513,1378100,0.008852520398473063,1.0,0.011143834898114654,-0.04664681980727747,3,5
2021-05-07,72.4222412109375,73.22339152225162,72.2757960052581,72.4222412109375,1302500,-0.0030827939266627746,-0.0,0.011401553930729722,-0.037328791879168155,4,5
2021-05-10,73.61104583740234,73.91255919315898,72.56008027416716,72.56008027416716,1766700,0.016414910759283474,2.0,0.01139311965774194,-0.03633647934578477,0,5
2021-05-11,72.37916564941406,73.84363741620369,71.87091232426641,73.76610334910642,1582200,-0.016734990978247377,-2.0,0.011781506536625744,-0.008470550949092215,1,5
2021-05-12,71.22482299804688,72.37055527494937,71.20759685680711,72.24995256920748,1610900,-0.015948548743412228,-2.0,0.01228403015247911,-0.027658822996446952,2,5
2021-05-13,72.97356414794922,73.47320765263385,71.35403750820203,71.4918663463902,1643100,0.02455241131241981,2.0,0.01229403926925992,-0.054437229623578,3,5
2021-05-14,73.32675170898438,74.37771698471128,73.30951899901574,73.30951899901574,1595400,0.004839938478530259,0.0,0.013471676363212491,-0.039133390889479536,4,5
2021-05-17,72.41361236572266,73.87808388702065,72.327468528553,73.39566656863433,1436000,-0.012453017786547282,-1.0,0.013404226327485788,-0.04133361089297238,0,5
2021-05-18,72.59452056884766,72.97356136100885,72.06042480427928,72.3188563306451,1369500,0.002498262373810789,0.0,0.013294083368069278,-0.0627718141820165,1,5
2021-05-19,72.23270416259766,72.5103551330284,71.5212231371363,72.41491199134396,1705700,-0.00498407322501504,-0.0,0.013345586234893386,-0.05674933472593802,2,5
2021-05-20,72.67521667480469,73.34331208366952,72.38020877888137,72.38020877888137,1413900,0.006126207198486222,1.0,0.012797907422518077,-0.07429915524543129,3,5
2021-05-21,72.96153259277344,73.53419142023785,72.50167381177864,72.88344636342158,3146500,0.003939663768047774,0.0,0.012828096733528636,-0.05770477370468463,4,5
2021-05-24,72.27609252929688,73.40404674288808,72.23270687427656,73.17845325228122,1528200,-0.00939454037105103,-1.0,0.012606105741714118,-0.039945427795984645,0,5
2021-05-25,71.4344711303711,72.51036800430697,71.07872724463185,72.29345293828717,1447100,-0.011644533752078967,-1.0,0.012707485721650034,-0.048425151728191174,1,5
2021-05-26,70.71431732177734,71.44314882590899,70.52343098886962,71.26961940675089,1234400,-0.01008132064531475,-1.0,0.01286418695877673,-0.055219704180588636,2,5
2021-05-27,70.41063690185547,70.8704958162832,70.31519373625089,70.7837311074762,1871900,-0.004294468665235196,-0.0,0.012903857319769407,-0.05668355924278756,3,5
2021-05-28,70.44532775878906,71.04400874440805,70.27179176173024,70.61017868134316,1447000,0.0004926934119620086,0.0,0.01242626216776309,-0.04347729201696415,4,5
2021-06-01,69.334716796875,70.70561462558771,69.23059520924132,70.54076371981866,1686000,-0.01576557306563886,-2.0,0.012427558643025104,-0.03895689455619744,1,6
2021-06-02,70.05488586425781,70.48871598388736,69.23928974076541,69.30869752891721,1572900,0.010386846599411914,1.0,0.012278771799157514,-0.06650527442023291,2,6
2021-06-03,71.32167053222656,71.57329280131628,69.64708597014298,69.99415139715371,2471000,0.01808274544081545,2.0,0.012582526524951048,-0.05899197263337186,3,6
2021-06-04,71.18284606933594,71.72079779507953,71.01798850731147,71.53858332140922,1478200,-0.0019464555703010422,-0.0,0.013380191493565839,-0.03863854310908221,4,6
2021-06-07,71.24357604980469,71.43446234357774,70.96592506424071,71.43446234357774,891600,0.0008531547110324222,0.0,0.011797623222671121,-0.011469297160546121,0,6
2021-06-08,70.41063690185547,71.49521231125027,69.84665636502558,71.49521231125027,1380000,-0.011691428113700164,-1.0,0.011608754574956498,-0.01930752765052124,1,6
2021-06-09,71.63402557373047,71.85094062851499,70.49739280497064,70.78372226601952,1930400,0.017375054760266684,2.0,0.011840703637698746,-0.027776057126194464,2,6
2021-06-10,72.11991882324219,72.36286262216221,71.53858145328694,71.84226782165901,1536700,0.006782995170522721,1.0,0.011914048139147173,-0.026857657586320194,3,6
2021-06-11,71.85094451904297,72.17198120060728,71.2956424783043,71.90300863642143,1583100,-0.003729542525670926,-0.0,0.011481008546602103,-0.003581787988930385,4,6
2021-06-14,71.62535095214844,72.02447384306298,71.24357835226417,72.02447384306298,1307000,-0.0031397439296673157,-0.0,0.010934717595527013,0.008790776791586685,0,6
2021-06-15,72.68387603759766,73.2738851084768,71.5732722852888,71.66871541585164,2171100,0.014778637331304578,1.0,0.009455447160990985,-0.018475364490452506,1,6
2021-06-16,71.12210083007812,73.17845107018071,71.0526864320041,73.09168638244886,1652500,-0.021487230630238607,-2.0,0.00998796139897114,-0.008767273285718913,2,6
2021-06-17,71.746826171875,72.20668503227913,70.80975153951066,71.14813849791075,1601100,0.00878384263830223,1.0,0.010703284481350125,-0.01783520381667736,3,6
2021-06-18,69.34339141845703,71.48651285708885,69.16118359756442,71.31298349044475,4128900,-0.033498830284985126,-3.0,0.010886509201780704,-0.011677112684678637,4,6
2021-06-21,70.01152801513672,70.22844314060711,68.75341631557384,69.37813293608447,1968400,0.009635187766456,1.0,0.013038910843674437,-0.04000006337346462,0,6
2021-06-22,69.60369110107422,70.22840740368733,69.58633419282334,69.95942828356611,1406600,-0.005825282287430178,-1.0,0.013168221933404597,-0.03665195346560868,1,6
2021-06-23,68.31957244873047,69.49959102569291,68.26751494730426,69.32606160779024,1310900,-0.018449002230054634,-2.0,0.013131718094002558,-0.04602208002456076,2,6
2021-06-24,68.78811645507812,68.97900280501507,68.05928488592643,68.37164316405533,1240300,0.006858122636807629,1.0,0.013523973583029517,-0.05474175404491666,3,6
2021-06-25,69.66444396972656,69.75120867290295,68.68399024636065,68.75339803706824,1427900,0.012739518972302744,1.0,0.013507264193373433,-0.037045905616956976,4,6
2021-06-28,70.67959594726562,70.98327567978546,69.84664298675908,69.84664298675908,1490300,0.014572024402867756,1.0,0.013716354606093202,-0.014846687231292233,0,6
2021-06-29,69.52560424804688,70.92253759524777,69.30868921425446,70.3238566033913,987900,-0.016327083987290325,-2.0,0.014076902106954031,0.00381986383371391,1,6
2021-06-30,69.62104034423828,70.11560630642755,69.28265345535725,69.58633314797858,1311000,0.0013726755376468613,0.0,0.014535037042257155,-0.013055848272739978,2,6
2021-07-01,69.29135131835938,70.01151094809819,69.03972903978595,69.41282322943307,1840400,-0.004735479737860482,-0.0,0.01411145695100019,0.004129584147608334,3,7
2021-07-02,70.0201644897461,70.18502202015284,69.2305972740673,69.70780633724961,1071900,0.010518097244751168,1.0,0.013955529147991277,-0.010899090569898351,4,7
2021-07-06,70.315185546875,70.34989275030016,69.0397239548198,70.00282733577077,1130600,0.00421337280880163,0.0,0.013545431751059447,-0.01824839537223666,1,7
2021-07-07,71.75548553466797,71.80754964056379,69.98546480751443,70.46267387679917,1441800,0.02048348413775858,2.0,0.013585740309034642,-0.012189179983275622,2,7
2021-07-08,71.67740631103516,72.39756583220523,71.37372657913262,71.55593441827415,1779600,-0.0010881289848577724,-0.0,0.014337690161075016,0.007185342359926183,3,7
2021-07-09,71.69475555419922,71.87696339067897,71.21754644524415,71.66872680894805,1343600,0.00024204619080081535,0.0,0.014073392840146796,0.017991165325566216,4,7
2021-07-12,71.58197784423828,71.73815696977826,71.05270450878183,71.4344771755958,950400,-0.001573025935986072,-0.0,0.01356052540008652,0.0008477812042859689,0,7
2021-07-13,71.95506286621094,72.38889297956813,71.34770335539976,71.47784709362917,2198500,0.005211996555676057,1.0,0.013477844592748716,-0.0074589792637224095,1,7
2021-07-14,72.91815185546875,73.28256749003015,71.46048269750224,71.81621987798717,1661200,0.013384589643796518,1.0,0.01350427880534801,0.0014490880790074545,2,7
2021-07-15,74.71422576904297,74.9311408347713,72.78801892621982,72.83140458725448,2875900,0.024631369115528656,2.0,0.013781196517225062,0.01804948787174543,3,7
2021-07-16,75.7988052368164,76.06777781469609,74.71422984894956,74.93114492652292,2194000,0.014516371636187353,1.0,0.014428292880139673,0.02793397713675949,4,7
2021-07-19,74.8183364868164,76.52762139524087,74.04611287514898,75.71202536830069,2312600,-0.012935147815809844,-1.0,0.013691421897214869,0.06575599359630369,0,7
2021-07-20,74.56672668457031,76.1718968808443,74.10686779469036,75.0873215293453,1777400,-0.0033629430171897567,-0.0,0.014058144350774978,0.04281039982985968,1,7
2021-07-21,72.69255828857422,74.41919994307317,72.31946420044422,74.2890562307076,2331000,-0.02513411114214703,-3.0,0.011559387288222476,0.07532563895804767,2,7
2021-07-22,73.58625793457031,73.79450114449946,72.66654025974307,72.87477684995036,1329500,0.012294238461773466,1.0,0.013036532045405523,0.03829412597390891,3,7
2021-07-23,74.80966186523438,74.84436906684111,73.52552188467233,73.69037943737388,834500,0.016625440197704622,2.0,0.013101071683324583,0.05721775340495738,4,7
2021-07-26,74.46260070800781,74.97452368619847,73.78582678745256,74.61010135844222,1145000,-0.0046392557936135725,-0.0,0.012486730872072128,0.09499604848046017,0,7
2021-07-27,76.00701904296875,76.18922685907087,74.05478393080489,74.64479302949213,1339400,0.020740859441870763,2.0,0.012625089344117425,0.08249221733866485,1,7
2021-07-28,74.948486328125,76.24997663915576,74.40186278059201,75.72938183868787,1465600,-0.013926775818498216,-1.0,0.01302106869938489,0.09104465221883373,2,7
2021-07-29,74.95714569091797,75.21744633471013,74.28037196072276,75.13067504029918,1456100,0.00011553752740334211,0.0,0.013370663122370228,0.060397775675520515,3,7
2021-07-30,74.85304260253906,76.44954081410015,74.60142696968863,75.36496556321316,2082900,-0.0013888347457648997,-0.0,0.012651674819991859,0.0781228944590393,4,7
2021-08-02,75.74673461914062,75.79011365530948,74.56671627191223,74.8617175488585,1267400,0.011939287776810303,1.0,0.01269097768996881,0.07514972819181343,0,8
2021-08-03,76.18055725097656,77.1870394959606,75.4343690567217,75.68599127289798,1671400,0.0057272783311019815,1.0,0.012669401574485418,0.09316290096756763,1,8
2021-08-04,76.50160217285156,76.54498783296778,75.23481901018168,75.75541383296456,1209600,0.004214263238024429,0.0,0.01259526406866123,0.08798026691486283,2,8
2021-08-05,77.24778747558594,77.3519090839377,76.25865536527148,76.7705783316817,1045200,0.009753851965719651,1.0,0.012595264474669972,0.08798123161962557,3,8
2021-08-06,77.18704223632812,77.96793765568184,76.8052696713727,77.19572069091018,1072200,-0.0007863686617174404,-0.0,0.012105488754654083,0.07654191035003755,4,8
2021-08-09,77.1783676147461,77.57749710868808,76.6404225589246,77.45601859766991,872900,-0.00011238442788719105,-0.0,0.012099838256085306,0.07686712185684552,0,8
2021-08-10,77.15233612060547,77.44734400304473,76.69247731712088,77.27380800757417,863200,-0.00033729003275329017,-0.0,0.012105005966858432,0.0764855395371482,1,8
2021-08-11,78.0199966430664,78.07206075183804,77.1957221744046,77.43866594960086,1061700,0.011246069349145849,1.0,0.012081656504669658,0.07781788718507099,2,8
2021-08-12,77.74235534667969,78.45383647106392,77.70764814308507,78.02868481154367,1197800,-0.0035585914936256957,-0.0,0.012192052596697903,0.08428779762352856,3,8
2021-08-13,78.47118377685547,78.48853406666778,77.72499554021951,77.90720337199507,1401400,0.009374920877116333,1.0,0.012095455273530505,0.066159157472518,4,8
2021-08-16,78.792236328125,79.38224564636154,78.49723497886839,78.61002844422121,1272900,0.004091343290837823,0.0,0.011161208465960207,0.05028437314502909,0,8
2021-08-17,78.81824493408203,78.8529521344863,77.90720574742616,78.6013298963466,1348500,0.0003300909730334922,0.0,0.010821961533297871,0.0394917978186633,1,8
2021-08-18,78.2802963256836,79.00912764194251,77.82910936061933,78.94839169892094,1151400,-0.006825178724143677,-1.0,0.01028651638076114,0.05346160627308838,2,8
2021-08-19,79.11325073242188,79.67723113954187,78.19353311509235,78.34103374811285,1567300,0.01064066496724525,1.0,0.010412721618165031,0.04980196672468007,3,8
2021-08-20,79.920166015625,80.39738168074622,78.57529031917116,79.03514907662215,2316000,0.010199495984968276,1.0,0.008424861864053265,0.08832668150650091,4,8
2021-08-23,79.06119537353516,79.91149861480785,78.77486593485855,79.63384763116674,1656200,-0.010747858580798075,-1.0,0.00833456486635914,0.08607460494439767,0,8
2021-08-24,78.85295104980469,79.17398768433681,77.87249747582716,78.89633670464362,1213900,-0.00263396376372238,-0.0,0.008397069950513968,0.056831342400125884,1,8
2021-08-25,78.39311218261719,78.75752794499326,78.18487554979131,78.63605602420124,1516800,-0.00583159997267646,-1.0,0.008320861150035476,0.05896047546086747,2,8
2021-08-26,78.34104919433594,78.64472897505402,78.07207661994602,78.2716347816796,1646200,-0.0006641270748375394,-0.0,0.007422463520032288,0.03139306303144873,3,8
2021-08-27,78.2455825805664,78.53191198216484,78.00263882880559,78.47984787841555,1119200,-0.001218602696176685,-0.0,0.006558206700445887,0.04526526194749647,4,8
2021-08-30,79.00045776367188,79.08722245303431,78.12411917575183,78.13279763060451,683000,0.009647511823791532,1.0,0.006585111749156255,0.04387089261920596,0,8
2021-08-31,78.72281646728516,79.23473283128455,78.34972229939386,79.00046747922364,1662900,-0.0035144264254427515,-0.0,0.006734201919504526,0.055407435916200454,1,8
2021-09-01,79.52973175048828,79.87679051132471,78.82692253443496,78.93104413451881,1542800,0.010250081480995377,1.0,0.006502148331518393,0.039289902899556806,2,9
2021-09-02,80.3626937866211,80.38872253465733,79.56444133508325,79.62517728707525,943900,0.010473592929322262,1.0,0.006708390852131844,0.04396363875992493,3,9
2021-09-03,79.81604766845703,80.3453208386305,79.52104642329593,80.13708427618026,926800,-0.006802237361723029,-1.0,0.006943264482543021,0.05047072877043268,4,9
2021-09-07,77.85515594482422,79.720620157785,77.84647748893576,79.720620157785,1463000,-0.024567637472830528,-2.0,0.007002663524805595,0.03324703887063163,1,9
2021-09-08,79.72928619384766,80.35400252605633,77.56013594019042,77.92455159407174,2738700,0.024072012011017385,2.0,0.009033292488818146,0.008655775492089512,2,9
2021-09-09,77.92456817626953,78.65340625884875,77.12632230179159,78.13281141113367,2580700,-0.022635572243683066,-2.0,0.010396783864744383,0.03305224842063348,3,9
2021-09-10,76.64042663574219,78.09809602856203,76.5363050292115,77.87250252427319,1534700,-0.01647928978730495,-2.0,0.011665862327562442,0.010009185651318475,4,9
2021-09-13,76.65778350830078,77.63824384973856,76.24998212236358,77.25647121273819,1550500,0.00022647150231946966,0.0,0.011958765889978394,-0.017682261813411926,0,9
2021-09-14,75.46039581298828,77.11762307074287,74.9831801363014,76.94409370815902,2134400,-0.015619910210198595,-2.0,0.011943321994983812,-0.013950848717438902,1,9
2021-09-15,74.5368881225586,75.39313478374646,74.42330717060041,75.3319747840859,1905700,-0.01223830965210404,-1.0,0.012143256981525343,-0.038368071169014306,2,9
2021-09-16,74.14371490478516,74.73784345061938,73.50589778969291,74.23108537736141,986200,-0.005274881037788393,-1.0,0.01226992875520925,-0.0540072017736023,3,9
2021-09-17,72.78071594238281,74.28350538302627,72.6234464273697,73.73306541345022,3092300,-0.018383203001801296,-2.0,0.012264684177697691,-0.05930771527843992,4,9
2021-09-20,72.84188842773438,73.67191804787113,72.0031197591709,72.89430938641308,1286400,0.0008405040340628833,0.0,0.012704140413078784,-0.07025497655782864,0,9
2021-09-21,72.99040985107422,73.78548984464366,72.77198032913515,72.84187937598125,1066000,0.002038956245446366,0.0,0.012337848528276815,-0.07927069418369126,1,9
2021-09-22,72.47490692138672,73.22630495008654,72.10794695367922,73.22630495008654,886000,-0.007062611797074458,-1.0,0.011996937228252985,-0.08670848060045278,2,9
2021-09-23,72.07300567626953,72.89430284016406,71.95942472068549,72.58850283209915,1147000,-0.005545384770940465,-1.0,0.011923728754114373,-0.08330620883014273,3,9
2021-09-24,72.23027038574219,72.53607037340761,71.85457135348473,71.85457135348473,1359100,0.0021820195785791086,0.0,0.011923176571386128,-0.08598213869323479,4,9
2021-09-27,71.20801544189453,73.05156091483099,71.09443450411796,72.28269149139281,1027800,-0.014152722098205617,-1.0,0.011996500552096917,-0.07861458265004995,0,9
2021-09-28,70.83232116699219,71.18180971583882,70.20324311225616,70.78863259865899,1466800,-0.005276011030091232,-1.0,0.0121786524232212,-0.09105103679103044,1,9
2021-09-29,71.7672119140625,72.08175099714349,70.78864513715047,71.03329183083409,1076800,0.01319864620652833,1.0,0.012156740382898337,-0.0947435135515935,2,9
2021-09-30,71.43517303466797,72.23025280912213,71.23421499685224,72.09046141989491,1979700,-0.004626609708513252,-0.0,0.012388178655297396,-0.09155954350603224,3,9
2021-10-01,71.50507354736328,72.25647151468571,71.29538310665019,71.87204015103485,1600600,0.0009785167407851958,0.0,0.01238618091167474,-0.09257345912726223,4,10
2021-10-04,74.19611358642578,74.61550106123539,71.7759182261516,71.96813720769192,2506000,0.037634253145408136,4.0,0.011991510481863279,-0.10090136137138084,0,10
2021-10-05,73.99518585205078,74.62426393215227,73.73306776336186,74.08255632630045,1442600,-0.0027080627901211463,-0.0,0.014862956316332769,-0.07673436403922451,1,10
2021-10-06,75.36690521240234,75.41932615141843,73.54957044587701,73.99516842532871,1650100,0.018537954118991395,2.0,0.01484693664605205,-0.07292846471908965,2,10
2021-10-07,75.2183837890625,76.05715898380551,74.50193525408847,75.4018704457461,1551400,-0.0019706451116876522,-0.0,0.014767465434720451,-0.03195999933755567,3,10
2021-10-08,74.62425994873047,75.71640748340263,74.5194113856637,75.21838180829016,824800,-0.007898652036956166,-1.0,0.0135619897315156,-0.05657773473373007,4,10
2021-10-11,73.68064880371094,74.62426594937074,73.53211832687748,74.51067833042978,1163200,-0.012644830858863143,-1.0,0.012839971703097409,-0.042352602071192624,0,10
2021-10-12,74.7116470336914,74.83396705150268,73.68065926503846,73.82045071427663,1462100,0.013992795214481601,1.0,0.012649334886308627,-0.03861901560254266,1,10
2021-10-13,75.34944152832031,75.60282055857266,74.08255304299814,74.16992351337561,1523300,0.008536747882713636,1.0,0.013107914333015327,-0.025387330360244986,2,10
2021-10-14,76.61632537841797,76.72116726103054,75.46301800810923,75.74260747164048,1203500,0.01681344711256405,2.0,0.01283095099472914,-0.0014703644669840088,3,10
2021-10-15,75.49797821044922,76.82602668371301,75.27954870283783,76.65128574399974,1164500,-0.014596721553077452,-1.0,0.01300952093126021,0.02789809593929138,4,10
2021-10-18,74.62425994873047,75.03490182237799,74.24856093016567,74.88637135748806,1168700,-0.011572737210038597,-1.0,0.013401468841040506,0.018265382405011632,0,10
2021-10-19,75.27954864501953,75.8474600316213,74.7815229687461,75.8474600316213,1449900,0.008781175139817465,1.0,0.012986271264627364,0.025330116397963343,1,10
2021-10-20,75.40187072753906,76.12705164625412,74.95627265353023,75.47176310574575,1552800,0.001624904568654273,0.0,0.013088303384582334,0.0334650881505294,2,10
2021-10-21,75.2183837890625,75.6814599553472,74.95627237340257,75.49797996460332,985400,-0.0024334533971920314,-0.0,0.013087999227608563,0.03303805090812695,3,10
2021-10-22,75.57661437988281,75.87367532923925,75.3232353352282,75.48050485722278,931300,0.00476254038939361,0.0,0.012972752584605455,0.037854162001913494,4,10
2021-10-25,75.14849090576172,75.59408230916904,74.89511187283655,75.57661088128508,862200,-0.005664761217923142,-1.0,0.012873564272603399,0.04861194105530231,0,10
2021-10-26,75.16596221923828,75.60282124100853,74.7990022407768,75.1747012661368,1143700,0.00023249054326957008,0.0,0.01299174592299588,0.04040162807691172,1,10
2021-10-27,74.77278900146484,75.74261652721276,74.36214046963327,75.63776796612616,1145500,-0.005230734845469764,-1.0,0.012467971544888372,0.05558288280865553,2,10
2021-10-28,74.8426742553711,75.46301312916341,74.49318578206802,75.03488658304651,1017100,0.0009346348429624118,0.0,0.01246653581045949,0.055630929066728285,3,10
2021-10-29,74.17866516113281,75.2271241743038,73.8815975523058,74.57183562458697,1552600,-0.008872065313601851,-1.0,0.012232965887995129,0.042853306674241365,4,10
2021-11-01,74.04759216308594,74.31844257949068,73.69810366924649,74.17865118151805,1014200,-0.0017669905189336976,-0.0,0.012383335521712948,0.03840534025351072,0,11
2021-11-02,73.87285614013672,74.72035696144042,73.2437781427632,74.48445604539485,1440900,-0.0023597799448275003,-0.0,0.012407669613824201,0.03555717782792778,1,11
2021-11-03,73.84664154052734,75.44554706115943,72.92924165110347,74.44077004003296,1215500,-0.00035486105423687686,-0.0,0.009303394013477921,-0.0043567975553399085,2,11
2021-11-04,73.23504638671875,74.03886538962632,72.28269691574037,73.75927588140023,1060200,-0.008281963012128912,-1.0,0.009285409113778797,-0.002007486160254257,3,11
2021-11-05,73.75054931640625,74.31846075863206,73.27000168658726,73.40106073707791,1322700,0.007039019637748112,1.0,0.00840274539669759,-0.028286405281940374,4,11
2021-11-08,72.18659210205078,73.75928068859373,71.85457495655984,73.75928068859373,1222400,-0.02120604156649386,-2.0,0.008596281451015488,-0.019514304864254317,0,11
2021-11-09,72.7981948852539,73.09526251802926,72.23901581102541,72.33512533934035,1421500,0.008472526066038544,1.0,0.009572791678103747,-0.032665889730155495,1,11
2021-11-10,73.16514587402344,73.78548487463308,72.68460495768953,73.15641349321086,1063700,0.005040660545882147,1.0,0.009455999172108272,-0.01197673924951359,2,11
2021-11-11,72.0904769897461,72.99040549993775,71.77593796362906,72.7807150378396,816400,-0.014688262716344713,-1.0,0.008957136694173353,-0.02069959934052279,3,11
2021-11-12,71.60118103027344,72.08172855367341,71.58370960484923,71.91572001541911,836300,-0.006787248190107675,-1.0,0.009157853288618479,-0.04325134297577149,4,11
2021-11-15,72.95545959472656,73.03409102218347,71.7322529509683,72.11669103881974,973600,0.018914193103609866,2.0,0.008114158624709033,-0.06545790761138803,0,11
2021-11-16,72.84188842773438,73.38358944325658,72.71082936509679,73.1214779839222,974000,-0.0015567192314747125,-0.0,0.009004441193417463,-0.033676645070354505,1,11
2021-11-17,73.19133758544922,73.41850608119199,72.08171890620872,72.36130833714681,893100,0.004797365434334289,0.0,0.008709746374833424,-0.02388461235288153,2,11
2021-11-18,72.70207977294922,73.26125880422916,72.43996835162793,73.1913597588342,888100,-0.00668464095124377,-1.0,0.008524860946790959,-0.027739420561848305,3,11
2021-11-19,73.26998138427734,73.58452035192352,72.894282432141,73.12145094564953,1065200,0.007811353032838975,1.0,0.00857481615045438,-0.035805357725744,4,11
2021-11-22,73.9864501953125,74.88637878660967,73.19136351154341,73.20884160675824,1161400,0.009778476771783451,1.0,0.008818938854392442,-0.02590327399547865,0,11
2021-11-23,74.4407730102539,74.73784060482947,73.55832260511303,74.0388635189548,860800,0.006140621880656116,1.0,0.009053644909994557,-0.02104042629612135,1,11
2021-11-24,74.20487213134766,74.58931019545587,73.90780453655326,74.58931019545587,783900,-0.0031689740630951313,-0.0,0.00911406764522191,-0.009417592914744088,2,11
2021-11-26,74.02140045166016,74.59805094658665,73.75054996661439,73.88160235232023,964100,-0.0024725017969540186,-0.0,0.009132269581458992,-0.012786240733370646,4,11
2021-11-29,74.50193786621094,74.74658452838673,73.36610835998164,74.02139692101622,1121000,0.00649187142662333,1.0,0.00908162251756181,-0.010048957111790546,0,11
2021-11-30,71.88078308105469,74.32719635687992,71.86331165257218,74.07381731527417,3065200,-0.03518237055609563,-4.0,0.009203870027496437,-0.0045527019517972445,1,11
2021-12-01,71.99436950683594,73.7942265780764,71.67983047183122,72.20405997485915,1254400,0.001580205736673168,0.0,0.011855463838767693,-0.030977668243107437,2,12
2021-12-02,72.58848571777344,73.2175636808682,71.84582682587383,72.2914181614504,1285200,0.008252259378159987,1.0,0.011873190165289937,-0.027728418929921284,3,12
2021-12-03,74.52815246582031,74.6067838908111,72.27395829292834,73.16514777252253,1554600,0.026721410825242486,3.0,0.012049031507064054,-0.01738622938751455,4,12
2021-12-06,75.26206970214844,76.21442581014362,74.7116297493406,74.83394973885345,1672300,0.009847516838213721,1.0,0.013461068231236899,0.009228732831661146,0,12
2021-12-07,76.27559661865234,76.43286615117094,74.74658986703169,74.94754130717519,1541200,0.013466636255353714,1.0,0.013449398315949464,0.027678323636554536,1,12
2021-12-08,76.31926727294922,76.7299158065274,75.70766732885795,76.37169488668522,1416200,0.0005725376953156225,0.0,0.013655992900678314,0.03423767450752235,2,12
2021-12-09,76.47653198242188,77.04444998968522,75.32322454170604,76.3716900934089,1314100,0.002060616081522637,0.0,0.012617437011709767,0.057249899885231326,3,12
2021-12-10,76.7823486328125,77.02699531423612,76.16200954614011,76.66876767303546,973200,0.003998830000043974,0.0,0.012548940976304698,0.05052786134279619,4,12
2021-12-13,77.98807525634766,78.45988380475401,76.38916961996051,76.62507056119382,1901600,0.015703174557751165,2.0,0.012540141466595342,0.049438878520343676,0,12
2021-12-14,77.98807525634766,78.53851522985187,77.49878861395973,78.16281620052494,1078200,0.0,0.0,0.01222201460349535,0.0818082847120074,1,12
2021-12-15,79.39476776123047,79.49087728746007,78.0929229662806,78.21524296949276,1620100,0.01803727685622447,2.0,0.012015398628572546,0.08920096196980043,2,12
2021-12-16,79.96031951904297,80.18899890527494,78.96641843172593,79.39739834782279,1203500,0.007123287513269405,1.0,0.01196291770562304,0.08826355426002075,3,12
2021-12-17,78.63218688964844,80.40009361142758,78.33313481982213,79.82838174801479,2971200,-0.0166098964759418,-2.0,0.011907358161550662,0.09772441715827718,4,12
2021-12-20,78.86965942382812,78.94882282732458,77.42719041570838,78.11324193048861,1011500,0.003020042346182583,0.0,0.0127675073875523,0.07433733941324894,0,12
2021-12-21,78.24517822265625,79.73162767842784,77.90215245755037,79.31823593317993,874000,-0.007917888903463566,-1.0,0.012554348656789898,0.08483360682583552,1,12
2021-12-22,78.58818817138672,78.79927935886015,77.91972491550838,78.11322796672063,1091800,0.004383783851247491,0.0,0.012780301017802968,0.06790225334281996,2,12
2021-12-23,78.66737365722656,79.2390788376144,78.46507312582659,78.60580509731696,779700,0.0010076003491410468,0.0,0.012695640871739128,0.06219703694293166,3,12
2021-12-27,78.47386932373047,79.0543719208704,78.1396342519057,78.9840126466959,819700,-0.0024597787430814533,-0.0,0.012680639281888412,0.05677803273738791,0,12
2021-12-28,79.21269226074219,79.28305824559031,78.35073243299637,78.50025511794641,550200,0.009414891139926329,1.0,0.012665133658681191,0.057529877348570846,1,12
2021-12-29,79.69644927978516,79.72283484624123,78.94003172585306,79.29185493636304,577500,0.006107064477124391,1.0,0.01268595948733778,0.0701323100806801,2,12
2021-12-30,80.16261291503906,80.40888715150793,79.21269225111372,79.9779072376874,820300,0.0058492397022278375,1.0,0.012681410900344081,0.06972317180396592,3,12
2021-12-31,80.02188110351562,80.44406355704484,79.35341772321375,80.09224037212442,980200,-0.0017555791460115433,-0.0,0.00911721886557891,0.11521618823553381,4,12
2022-01-03,78.39469146728516,79.90752630600949,77.73502558136245,79.7580036490461,1484600,-0.02033430873895037,-2.0,0.009212832073651407,0.11150193621624083,0,1
2022-01-04,77.74382019042969,79.45015803424855,77.70863720586487,78.19239485554593,1861700,-0.008302491720719174,-1.0,0.010711733859123109,0.07998797181258821,1,1
2022-01-05,78.48265838623047,79.50293821296957,77.54153525092875,77.54153525092875,1180200,0.009503497435436437,1.0,0.009623605536077828,0.043147020531390856,2,1
2022-01-06,78.19241333007812,79.01039946068842,77.85817825297666,78.58821025662805,1146400,-0.0036982062295084495,-0.0,0.009609965441280234,0.04279165716313127,3,1
2022-01-07,78.86087799072266,79.36222390364144,77.5767222175217,78.24518567157003,1043800,0.008548970829467928,1.0,0.009315053060670039,0.025130143799583893,4,1
2022-01-10,78.27156066894531,78.79050136372962,77.54153546308379,77.93733234229147,1537100,-0.007472872947809073,-1.0,0.009448824289644223,0.033302346951046946,0,1
2022-01-11,76.19580078125,78.68494152425178,75.49216123650905,78.33311839664731,1902800,-0.026519975709630716,-3.0,0.009652603905679622,0.02347162770058686,1,1
2022-01-12,76.95223236083984,77.15453287745532,75.4042210503958,75.82640351307354,1558200,0.009927470698306351,1.0,0.011350341244657001,-0.007639097553104102,2,1
2022-01-13,77.46237182617188,77.65587490803141,76.32774560928824,77.18091462814043,1142800,0.006629300407295702,1.0,0.011007897796858323,-0.013282067702055533,3,1
2022-01-14,76.8554916381836,77.55913812236209,76.16944000686817,77.38322985655256,1195900,-0.00783451595505158,-1.0,0.011119804096716973,-0.006740818111586777,4,1
2022-01-18,76.34534454345703,76.60920690609,74.69177754489233,76.38931824866123,1538200,-0.006637744211281715,-1.0,0.010400879045444171,-0.03198291518004592,1,1
2022-01-19,76.40690612792969,77.29525139135347,76.0023118404313,76.15183450332813,945000,0.0008063567574525532,0.0,0.010263350529593294,-0.045209611433893904,2,1
2022-01-20,76.23099517822266,77.20730131602356,76.12545292146733,76.71475288991465,1087900,-0.0023022912276083884,-0.0,0.009726091069328494,-0.028299871207215554,3,1
2022-01-21,76.61799621582031,77.80539349807084,76.32774160824593,76.89945339909798,2010000,0.005076688775909055,1.0,0.00967654195941461,-0.033456011663824614,4,1
2022-01-24,75.77363586425781,77.47117663909303,73.92657240662399,76.92585033007104,2821200,-0.011020391987074052,-1.0,0.009666073188425184,-0.02079593968340887,0,1
2022-01-25,75.26350402832031,75.87039898816067,74.38394922761049,75.14916431999744,1411700,-0.006732313028391057,-1.0,0.009823843116839545,-0.03581393556231216,1,1
2022-01-26,74.45429229736328,75.9583297382206,74.08488100532153,75.3690298137061,1953800,-0.010751714810574575,-1.0,0.009862732795109899,-0.043269140313972665,2,1
2022-01-27,75.41301727294922,76.33655238202019,74.73576311397498,75.04360591350873,1104900,0.012876691806523066,1.0,0.010043962875795858,-0.05122185335076457,3,1
2022-01-28,76.70596313476562,76.84669510513638,74.50707642624532,74.97323933477648,2593500,0.017144863162505963,2.0,0.010274242321878919,-0.04796800713811977,4,1
2022-01-31,78.71134185791016,78.92243980037486,76.13424652692633,76.25738363812945,2298600,0.026143713489670484,3.0,0.010983048678029758,-0.03752345521092193,0,1
2022-02-01,77.37442779541016,79.03678563647503,76.60921279298752,78.42110003255092,1931800,-0.01698502440618277,-2.0,0.01247743407517216,-0.018104088731077717,1,2
2022-02-02,77.99889373779297,78.35071688173316,76.96981657790428,77.28645673640362,2037000,0.008070701912445744,1.0,0.012968929289527984,-0.033084117388851975,2,2
2022-02-03,77.46237182617188,78.51783464117256,77.20730019194511,77.98131251938327,1970500,-0.006878583604335575,-1.0,0.012376355266750629,-0.005048782284669873,3,2
2022-02-04,77.172119140625,78.00770004140587,75.89676764794511,76.78511967766005,2426700,-0.0037470152114398303,-0.0,0.012333387605918698,-0.003620202397675021,4,2
2022-02-07,77.83177947998047,78.02528255273964,76.32774201962772,77.07536203763203,1568100,0.00854791013517997,1.0,0.012155153227942984,-0.016698456353963165,0,2
2022-02-08,77.1897201538086,78.28036607183297,77.10176602840608,78.13963410281325,1911500,-0.008249320913149893,-1.0,0.012298604112191738,-0.004612133514479089,1,2
2022-02-09,76.83790588378906,77.90216635909364,76.53885377005457,77.72625808781717,1885500,-0.004557786572078615,-0.0,0.012250851509711207,-0.021191215206996072,2,2
2022-02-10,74.48947143554688,76.01109693578579,74.21680498224856,75.85277686016579,2124500,-0.03056348844011969,-3.0,0.012189584101176579,-0.018316420075229933,3,2
2022-02-11,73.9881362915039,75.0084161507981,73.71546979898073,74.76214193339844,1677600,-0.006730281936243254,-1.0,0.012639648763933085,-0.022394007651442838,4,2
2022-02-14,72.30818176269531,74.14645433822382,71.85960704457588,73.83860486452348,3978500,-0.02270572841826679,-2.0,0.012440598197426678,-0.03851864953620676,0,2
2022-02-15,72.27300262451172,72.87110004371321,71.87720572362264,72.56325726408068,2928100,-0.00048651670289601157,-0.0,0.013078002945859217,-0.06653798408139033,1,2
2022-02-16,71.81563568115234,72.54566762236205,71.32308053346658,72.22902742401733,2374500,-0.006328323533693281,-1.0,0.013045836308274184,-0.059624743996760654,2,2
2022-02-17,72.36975860595703,72.78315038271225,69.4936177307514,70.73378635054732,3924300,0.007715909210424421,1.0,0.013041508917404958,-0.05933182814737714,3,2
2022-02-18,72.84471893310547,72.87110450004907,71.52538690216745,71.56936732071995,2208900,0.006562966856564101,1.0,0.013223654034156531,-0.052837468843630164,4,2
2022-02-22,72.48409271240234,73.16134675419443,72.05310615715699,72.97664110643295,1785000,-0.004950615857743812,-0.0,0.013370909574334481,-0.04442125197500457,1,2
2022-02-23,70.1004867553711,71.92116419259712,70.04771563589054,71.5077792392196,2592300,-0.032884538770303284,-3.0,0.013281449421320896,-0.053954732668463956,2,2
2022-02-24,70.11809539794922,70.38195775773497,69.15937737246084,70.0565268429523,2995400,0.0002511914452116848,0.0,0.014753738521057965,-0.07486969635520324,3,2
2022-02-25,71.95636749267578,72.31698813886214,70.37317306703189,70.81295041478904,3039500,0.02621680016112249,3.0,0.014758183809754884,-0.06836525480443978,4,2
2022-02-28,71.94757080078125,72.12347904108401,71.16476772363629,71.37585895409345,3998600,-0.0001222503608930836,-0.0,0.015974846749494193,-0.03354977567594131,0,2
2022-03-01,70.75138854980469,72.47531511089346,70.15329103183753,72.02674029480049,2787800,-0.01662574896779656,-2.0,0.015638145723587304,-0.045952895103310354,1,3
2022-03-02,71.59185028076172,71.8134968760582,70.45702079510252,70.92691049487229,3372100,0.011879084611398083,1.0,0.015290449469670366,-0.07762857464548456,2,3
2022-03-03,74.00337219238281,74.30480833913019,71.46773439984624,71.96422064819147,3948300,0.033684307671387526,3.0,0.01417304611112222,-0.09045064420322746,3,3
2022-03-04,76.19322204589844,76.73404018218298,73.50686687681205,73.78170644098037,2704200,0.0295912171113335,3.0,0.016106060454199732,-0.043568084431473086,4,3
2022-03-07,76.83158874511719,77.05323536841034,75.23573035175919,76.04252054320484,1995900,0.008378260980145935,1.0,0.01741038979979697,-0.02314996540803016,0,3
2022-03-08,75.43962860107422,77.04435447984416,74.88108164064398,76.75177936356867,2296300,-0.01811702929456127,-2.0,0.017469750205913584,-0.008143090202171743,1,3
2022-03-09,74.6417007446289,75.48395500122375,74.4821149443764,75.16478340071873,2721000,-0.01057703850405689,-1.0,0.017890198916195765,-0.022449695030323014,2,3
2022-03-10,74.79242706298828,75.04953792318092,73.94130495551468,74.38459814258118,2394800,0.0020193312432021937,0.0,0.017870460548372605,-0.040986840551064385,3,3
2022-03-11,74.3048095703125,75.46624244067547,74.22502003512831,74.96974941998585,1998200,-0.006519610498334605,-1.0,0.01782672213411436,-0.031057154839316148,4,3
2022-03-14,73.78172302246094,75.39531003777904,73.39162283278482,74.84562402179158,2429200,-0.007039740103991221,-1.0,0.017849498722707392,-0.032966753639898205,0,3
2022-03-15,74.62397003173828,74.71262731222264,73.905837266463,74.4821197357867,3722500,0.011415388185241238,1.0,0.016626909425105516,-0.009501321454513545,1,3
2022-03-16,74.4998550415039,74.7924301805513,73.0103896003106,74.55304806165161,2327400,-0.001663205404129342,-0.0,0.016748356316158255,0.008593725590400947,2,3
2022-03-17,74.70376586914062,75.47509164523771,74.19841193289474,74.36685873556546,2013200,0.002737063414729013,0.0,0.015895784307526604,0.030310169961144107,3,3
2022-03-18,73.96790313720703,75.23572195145263,73.63100274249996,74.97861108544564,4032300,-0.009850410128220521,-1.0,0.015890771162654926,0.03363307398832904,4,3
2022-03-21,74.93428802490234,75.1648024089204,74.02110501190396,74.02110501190396,1567000,0.013064922036558402,1.0,0.015997927602657638,0.029969343523050362,0,3
2022-03-22,74.65058135986328,75.24459946168452,74.12749856627602,75.24459946168452,1636000,-0.003786072738087287,-0.0,0.0161432878246697,0.03543647883239198,1,3
2022-03-23,75.07613372802734,75.67014496973724,74.4023261960529,74.7658298528145,1685300,0.0057005901415907445,1.0,0.01614804700148317,0.02479057443294086,2,3
2022-03-24,75.73221588134766,75.85633744804615,74.90769018021159,75.13820456013083,1309300,0.008738891052875175,1.0,0.016109442409005383,0.035760136033012424,3,3
2022-03-25,76.83158874511719,76.84931749876866,75.8297416787965,76.18437762888918,969200,0.014516581232641546,1.0,0.01405898547189754,0.08033794609200862,4,3
2022-03-28,77.15960693359375,77.16847469081384,76.40600990869135,77.09754616128689,1115800,0.0042693141432326165,0.0,0.014223638967600467,0.09574551774497175,0,3
2022-03-29,77.82455444335938,77.87774746375332,76.8847750077727,77.61177559766604,993600,0.008617818780983555,1.0,0.013322798834171963,0.07231103545419515,1,3
2022-03-30,78.58702850341797,78.62249277587235,77.49653087294887,77.81569579680156,1451100,0.00979734565153878,1.0,0.01334330657076072,0.08168425392500267,2,3
2022-03-31,78.18805694580078,79.09237209950076,78.1437249200601,78.57815036302556,1604600,-0.005076811850696639,-1.0,0.01253952079998471,0.11074892117626023,3,3
2022-04-01,79.65092468261719,79.67752795839746,77.68270841430645,78.18806242824479,1650500,0.018709605967449194,2.0,0.01262600523734996,0.09213627862907181,4,4
2022-04-04,79.01258850097656,79.42041746475718,77.98414495082879,79.30515689482664,1148600,-0.008014171639364909,-1.0,0.011227805481887305,0.07631479921688866,0,4
2022-04-05,79.87256622314453,80.64389883292803,79.1278368874508,79.1278368874508,1654100,0.010884059597127793,1.0,0.009774620957845715,0.037002851164106954,1,4
2022-04-06,81.78759765625,81.87625494587228,79.92576751771173,80.30699995079338,1371600,0.023976084952064047,2.0,0.009874022037896042,0.039579781281310566,2,4
2022-04-07,81.6900863647461,82.05359010676304,80.8300963059438,81.6900863647461,2021000,-0.001192250344774104,-0.0,0.009880583948026657,0.08414634553337907,3,4
2022-04-08,82.03584289550781,82.74511475907359,81.51276013831934,82.03584289550781,1117000,0.004232539664824397,0.0,0.00939322448042234,0.09442959565232556,4,4
2022-04-11,81.37090301513672,82.6741861743532,81.20244942570613,82.37275002918035,1368500,-0.008105479957316364,-1.0,0.009378196506555038,0.09684691508164733,0,4
2022-04-12,82.31068420410156,82.47913779705173,80.48431824982558,81.13152934580418,1556500,0.011549351846200206,1.0,0.009476839177381919,0.095096044060752,1,4
2022-04-13,82.01810455322266,82.45252996770188,81.61913664007002,82.3461371713711,1390400,-0.0035545768293385738,-0.0,0.009221791195222115,0.11559720798393669,2,4
2022-04-14,82.09791564941406,82.62986624260913,81.86740124551932,82.23977274846277,1191500,0.0009730912049987772,0.0,0.009300678430025614,0.09908524725151424,3,4
2022-04-18,81.27337646484375,82.57665960000648,80.89214402914389,82.10676987407547,648300,-0.010043363196836519,-1.0,0.00923014486994193,0.10198758915272088,0,4
2022-04-19,82.00926208496094,82.25750525549961,81.15813974420591,81.44184719112425,1347900,0.009054448727567221,1.0,0.009769911051974814,0.0879421608705937,1,4
2022-04-20,82.68305206298828,83.17953829751266,82.32841613942044,82.78943810517629,933100,0.008216022933230427,1.0,0.009282199968362546,0.10871416664113842,2,4
2022-04-21,82.54119873046875,83.89767494281178,82.13336976731527,82.58553075946892,1032200,-0.0017156276767754663,-0.0,0.009129751350679335,0.1034074552828319,3,4
2022-04-22,81.56596374511719,82.66532918859815,81.45957092254083,82.45255030756411,1089600,-0.011815129903021027,-1.0,0.009043891462511094,0.1057006821228581,4,4
2022-04-25,80.40452575683594,82.02697378816453,79.33175698481956,81.84965920724788,1299000,-0.014239248026426732,-1.0,0.009740905831600742,0.08644331686818152,0,4
2022-04-26,79.54454040527344,81.14925977636261,79.53567264648278,80.01443015940775,1202900,-0.01069573315018757,-1.0,0.010447043187157052,0.06169514282810051,1,4
2022-04-27,79.35835266113281,80.51091095320781,78.7643346166607,79.62432452971122,1065800,-0.0023406728254636855,-0.0,0.01049471029161236,0.0353103678378468,2,4
2022-04-28,79.97007751464844,80.33358112606199,79.01256949974582,79.72183444544716,1291400,0.007708386489923003,1.0,0.010513096851825292,0.028496072166767084,3,4
2022-04-29,77.48766326904297,79.67753305762984,77.32807742473773,79.64206878510441,2291800,-0.03104178866340046,-3.0,0.010483672382660621,0.027568716411355387,4,4
2022-05-02,76.40601348876953,78.54268311897876,75.61695216213141,78.1171254501109,1465800,-0.013958993401541497,-1.0,0.012442735816264566,-0.013989143695987805,0,5
2022-05-03,76.88478088378906,78.31218566246999,76.4148911300838,76.964570420478,1644800,0.0062660957319793376,1.0,0.01274981506143064,-0.02279176036138797,1,5
2022-05-04,78.52495574951172,78.64020954433363,76.85817578290327,77.16847966443711,1733100,0.021332893803804653,2.0,0.012057404182052917,-0.034728332531609674,2,5
2022-05-05,79.63319396972656,81.5570849259579,78.17032498723835,78.25898227863689,2401800,0.014113197640633235,1.0,0.012946239208766353,-0.006171583044122353,3,5
2022-05-06,80.14740753173828,81.0428616407431,79.1632961404032,79.1632961404032,2038000,0.006457276625212449,1.0,0.013102885570062782,-0.0029969270393694902,4,5
2022-05-09,80.27153778076172,81.10493120605834,79.39381909155392,80.05875892728179,1595200,0.0015487743502407003,0.0,0.012007923218655943,-0.02005426460140536,0,5
2022-05-10,79.02144622802734,81.59254823296597,78.27671687212221,80.3070006125555,1562200,-0.015573285217839405,-2.0,0.01201942489016952,-0.017365002867674284,1,5
2022-05-11,79.1633071899414,80.71483352169113,78.90619630041444,79.03031786582497,1333100,0.0017952210277789593,0.0,0.012379365978419469,-0.03674487347341604,2,5
2022-05-12,78.83525848388672,79.38494446897465,77.5851752181501,78.83525848388672,1844900,-0.004143948979639989,-0.0,0.012311879652979595,-0.027130039650471338,3,5
2022-05-13,79.20763397216797,79.50020913800373,77.94868277654018,79.29629803268897,1525200,0.004723463783116388,0.0,0.01196849929292154,-0.04222326364821616,4,5
2022-05-16,79.14556884765625,79.89917273604566,78.65795036212414,79.46474050849658,1598500,-0.0007835750343651027,-0.0,0.012050216126246101,-0.03426646587804205,0,5
2022-05-17,79.84597778320312,79.90803856745008,78.03734051699693,79.18103791022077,952200,0.008849629180062601,1.0,0.012037628433188927,-0.035961288157001836,1,5
2022-05-18,79.6298828125,80.40671861110741,79.32628922674027,80.1924148520851,1758100,-0.0027063977009570417,-0.0,0.012086686835758833,-0.0175629307373254,2,5
2022-05-19,79.86205291748047,80.50495065919412,78.28159483370474,79.44238317984083,1936100,0.002915615303957564,0.0,0.011879229686702233,-0.02901354325071137,3,5
2022-05-20,80.69245910644531,80.75496267334137,79.34416009211303,80.0495613827272,1487000,0.01039800704626126,1.0,0.011721445639462067,-0.034118227074621865,4,5
2022-05-23,81.51394653320312,82.04076140295106,80.54959982896972,81.55858805083436,1670500,0.010180473316275362,1.0,0.012009278223177983,-0.02239778016866878,0,5
2022-05-24,82.71936798095703,82.75508527880766,80.39779811969059,81.80860072908916,2652600,0.014787916657463152,1.0,0.011978838152208392,-0.0006377318372232654,1,5
2022-05-25,82.28184509277344,83.00510165856979,82.04968605703975,82.87116349132427,1455000,-0.005289243605975269,-1.0,0.011923565712668357,0.028789949350883193,2,5
2022-05-26,82.31755065917969,82.83543438640419,82.18361251102378,82.7818618520927,1043700,0.00043394221855375115,0.0,0.0117052402154915,0.034412225824093534,3,5
2022-05-27,83.30868530273438,83.33547157049605,81.64786857773693,82.05860724562979,1232400,0.012040380643227433,1.0,0.011673225877099543,0.03728905526407433,4,5
2022-05-31,82.43364715576172,83.06761394739738,81.65681115410057,82.76402709466153,2526700,-0.010503564469813265,-1.0,0.011820022493483765,0.04174821247952898,1,5
2022-06-01,82.25505065917969,82.63900306724678,81.4692837892503,82.63900306724678,1602800,-0.002166548524106471,-0.0,0.009586645009480655,0.06382930750596927,2,6
2022-06-02,82.5229263305664,82.79973368608793,80.72817809534949,82.66579552211016,1099400,0.0032566470902395395,0.0,0.008861911315423698,0.07655205268980403,3,6
2022-06-03,82.41577911376953,82.88902137683431,81.99610938995653,82.26397889859317,691500,-0.0012983933260881653,-0.0,0.008840201508024255,0.07333239923385326,4,6
2022-06-06,82.39791107177734,83.08545706664529,82.25504870669425,82.61220802559065,672200,-0.0002168036531878803,-0.0,0.007872913668817658,0.049548876877679726,0,6
2022-06-07,82.89794158935547,82.9425899114948,81.49607011013691,82.2729059536698,1032900,0.0060684853666077565,1.0,0.007408317746477594,0.034718149106286234,1,6
2022-06-08,80.91568756103516,82.57650441922289,80.82639091149856,82.57650441922289,1047700,-0.023911981290677065,-2.0,0.0073961861836335735,0.034318440762141744,2,6
2022-06-09,78.41551971435547,81.60321480001407,78.37087139615325,81.04068277750146,981400,-0.030898431713798358,-3.0,0.009262286502754876,0.00802463485915439,3,6
2022-06-10,78.60305786132812,79.23702468959326,77.37084150936792,77.69229043811916,1439000,0.0023915947717467745,0.0,0.011022084205410662,-0.007667874261923613,4,6
2022-06-13,74.91529846191406,78.0762069281717,74.56706341848006,77.79939964854704,1475400,-0.0469162332834433,-5.0,0.011028540711377759,-0.007077133946274405,0,6
2022-06-14,72.09371948242188,75.58500898761824,71.29009724738115,75.07604937415555,1592800,-0.03766358857832808,-4.0,0.015009154576630698,-0.04972343716959926,1,6
2022-06-15,71.95085906982422,73.19200635102462,71.20974038755959,72.69197775208883,2150500,-0.001981593037830298,-0.0,0.016762757299332007,-0.0898134956568174,2,6
2022-06-16,70.3703842163086,70.91506101687197,69.70963132193128,70.91506101687197,2214000,-0.021966031732600477,-2.0,0.016752102166323404,-0.0909047705713103,3,6
2022-06-17,69.6292724609375,71.04899910183198,68.8167193678139,70.70969503471699,3451500,-0.010531586030467333,-1.0,0.016883350847379398,-0.11867339883572536,4,6
2022-06-21,71.04008483886719,71.46868564638217,69.38819880837119,69.62928889146671,1563700,0.020261771063616374,2.0,0.016896632744290378,-0.12558866091904686,1,6
2022-06-22,71.95085906982422,72.3973151224108,70.70971178862382,70.70971178862382,1203100,0.012820567895193813,1.0,0.017767716780224162,-0.11046508017679946,2,6
2022-06-23,73.30807495117188,73.55808922498946,72.16514866378976,72.19193493421622,1263300,0.018863094880223086,2.0,0.017882947998325755,-0.10833230432461638,3,6
2022-06-24,74.42422485351562,74.6653149441325,73.09378768405519,73.54024375013792,1449500,0.015225470087533832,2.0,0.018352728998928466,-0.10066831420913658,4,6
2022-06-27,75.0849609375,75.10282299103461,73.79917239048132,74.10275917679573,1279600,0.0088779706511537,1.0,0.018376404139709156,-0.10028054287541277,0,6
2022-06-28,74.4867172241211,76.25468597727345,74.42421365676802,75.41534651935105,2258600,-0.007967557096778433,-1.0,0.01861817575836374,-0.08746624662048952,1,6
2022-06-29,74.54029846191406,75.01354074275494,74.28135315850757,74.75459543934845,1576400,0.0007193394982323298,0.0,0.01860429712195677,-0.09512957288392465,2,6
2022-06-30,75.42427825927734,75.86180323488189,73.95990311399119,74.1206275476142,2060800,0.011859085831470662,1.0,0.01825938260424981,-0.10525177307692446,3,6
2022-07-01,77.81729888916016,78.11196154746806,75.65645301966103,75.92432258981235,2426600,0.031727458122391416,3.0,0.0185790620429272,-0.08503043524496601,4,7
2022-07-05,74.44207763671875,77.65655954956213,73.12056484830791,77.58512495291764,1820600,-0.04337366241982954,-4.0,0.020156646187513484,-0.053951115882320266,1,7
2022-07-06,75.13854217529297,75.86179867695284,74.15634038988851,74.80816230036832,1448500,0.009355791249849421,1.0,0.021983172712358435,-0.09792246898125956,2,7
2022-07-07,74.63851928710938,75.68323162316953,74.62066404252776,75.20998929940163,1911300,-0.006654679126154361,-1.0,0.022186692082848434,-0.08829907351152766,3,7
2022-07-08,74.39742279052734,75.3349830552788,74.28134669043652,74.79923043977654,1796300,-0.0032301886329578755,-0.0,0.022174028004109333,-0.09416976333184846,4,7
2022-07-11,74.75459289550781,75.20997991789022,73.71881171712866,74.24563333368437,1688600,0.004800839754706576,0.0,0.022045708936522867,-0.10254197674697918,0,7
2022-07-12,74.45099639892578,75.38855667717438,74.1027612812626,74.44207218428242,1184900,-0.004061242056476733,-0.0,0.02169552200487252,-0.07614215303898886,1,7
2022-07-13,73.93311309814453,74.79030776324697,73.73667137673776,73.82596121036512,891500,-0.0069560291444094036,-1.0,0.02077408555379382,-0.05055789121683152,2,7
2022-07-14,74.54029846191406,74.7456644116784,72.0312110521233,72.83483323297482,1172500,0.00821263082704915,1.0,0.02076959545186668,-0.059411744151510404,3,7
2022-07-15,74.70100402832031,75.02244600708535,73.84380271035901,74.8974389007944,936700,0.002155955499539175,0.0,0.018230861900531452,-0.005005653153616452,4,7
2022-07-18,73.62059020996094,74.41528132915593,73.55808664369991,74.38849505966947,970700,-0.01446317666560104,-1.0,0.016068894742327967,0.03616521057058453,0,7
2022-07-19,74.33492279052734,74.71887521677533,73.92418409469566,74.1384810637431,1297200,0.009702891249977474,1.0,0.016442907776041994,0.0232065490492106,1,7
2022-07-20,73.64738464355469,74.83495242431096,73.52237069636031,74.47779307476563,1553100,-0.009249194337769162,-1.0,0.01564261040538455,0.056338168653908616,2,7
2022-07-21,74.12955474853516,74.16527204770976,73.45987071686223,74.05812696256419,1263900,0.006547009202215737,1.0,0.015590664718117144,0.057707226294391845,3,7
2022-07-22,75.05818939208984,75.07605144912806,74.30814649357431,74.4778019735437,1149700,0.012527184962931814,1.0,0.015101854982562024,0.04348910782800286,4,7
2022-07-25,75.7903823852539,75.84396174776441,74.58495232064553,74.7903251167808,724700,0.009755004738246864,1.0,0.015091611392703819,0.04318684116405258,0,7
2022-07-26,76.25469207763672,76.51363739520875,75.74573247065128,75.835022315102,840200,0.006126234988796497,1.0,0.014712634504869995,0.033861309763425274,1,7
2022-07-27,76.08502197265625,76.25467741315123,75.50462787677404,75.8796560511512,781200,-0.002225044785542196,-0.0,0.014425288480875563,0.02459504587013006,2,7
2022-07-28,78.80841064453125,78.88876945012069,76.46004785521372,76.77257248773499,1401000,0.035794018339821765,4.0,0.014335218128342956,0.013319059138735989,3,7
2022-07-29,78.77269744873047,79.46916771626333,77.71012999256332,77.71012999256332,2022700,-0.0004531647765600999,-0.0,0.016082136615946634,0.058019652113365794,4,7
2022-08-01,79.65667724609375,79.87097421470978,78.54053726650095,79.11200039106224,2062600,0.011221905888631367,1.0,0.016091800716557022,0.05678001127107013,0,8
2022-08-02,80.57637786865234,81.29964122911299,79.71918315660453,79.84419029300454,1907000,0.011545807010217679,1.0,0.01607437149915945,0.056114544076473205,1,8
2022-08-03,81.10320281982422,81.31749980352163,79.14772325799782,80.5853121978754,1433300,0.006538205924702334,1.0,0.014807169824429051,0.035455856459655655,2,8
2022-08-04,81.2549819946289,81.88001759271368,80.79067080924838,81.21033367517553,1746900,0.001871432564036546,0.0,0.010610456787774327,0.08948064581985626,3,8
2022-08-05,80.70137786865234,81.33534452215606,79.22807863245303,80.96032314611905,1555500,-0.006813171480527291,-1.0,0.010552124325580737,0.08140216248894894,4,8
2022-08-08,81.19248962402344,81.96932552787983,80.81746821349057,81.2907104904551,1391200,0.006085543621949352,1.0,0.010560018989058857,0.08122962030129766,0,8
2022-08-09,81.81752014160156,82.21040358251825,81.41571248602956,81.48714707753761,1467900,0.007698132185285145,1.0,0.010445929259016969,0.09133470728721638,1,8
2022-08-10,81.83538818359375,82.44256863108463,81.4871530399835,82.25505792393896,1278200,0.0002183889460505295,0.0,0.01047305356513956,0.09448151575069552,2,8
2022-08-11,81.79967498779297,82.54971785399316,81.21034975373986,81.79967498779297,1418600,-0.00043640283981616346,-0.0,0.01034180861593357,0.09918459311277283,3,8
2022-08-12,83.1390380859375,83.15689332875343,82.0854016379691,82.31756066884431,1105200,0.01637369706352021,2.0,0.010073060920896004,0.10640106388061543,4,8
2022-08-15,83.31761932373047,83.47834376159548,82.71043887094909,83.21939845545862,1500900,0.0021479829681019247,0.0,0.010361590899992525,0.1153569250653983,0,8
2022-08-16,83.5586929321289,84.0408661507732,82.99615410418883,82.99615410418883,959600,0.0028934289092172882,0.0,0.010361710575014607,0.11534805197723275,1,8
2022-08-17,83.76408386230469,83.96052561883789,83.28191049964468,83.42477970889752,994500,0.002458043836834678,0.0,0.00935271211929601,0.13499080479829306,2,8
2022-08-18,83.89800262451172,84.29981707325032,83.56762276386583,83.93371991855808,737200,0.0015987611400032353,0.0,0.009346361075382718,0.12684698816932016,3,8
2022-08-19,83.60334777832031,84.2819628031138,83.26404367211252,84.06766583142351,1217800,-0.00351206032293927,-0.0,0.008757487189353657,0.13918509164404003,4,8
2022-08-22,82.38008117675781,83.5319387280108,81.93362507839834,83.40693156546051,1054300,-0.014631789683901997,-1.0,0.00901242628558645,0.12780048473139338,0,8
2022-08-23,81.93360137939453,82.5139955018608,81.43356606144734,82.32647799989469,901300,-0.005419754277800393,-1.0,0.009900900672411665,0.09754953915048215,1,8
2022-08-24,82.17469787597656,82.33542232334807,81.5675173872818,82.09433905848009,772600,0.0029425839035883694,0.0,0.010049934310760364,0.08105538988989025,2,8
2022-08-25,82.89794158935547,82.96045196530153,81.93360186749437,82.33540951723838,739500,0.00880129446256639,1.0,0.010036549428440995,0.07763464302383571,3,8
2022-08-26,81.79074096679688,83.01403290605546,81.70145112585627,82.91581203730735,1089500,-0.013356189566723353,-1.0,0.010004168794713912,0.08954350593665694,4,8
2022-08-29,82.0496826171875,82.7997322348904,80.96032889408204,81.50500575563477,1099900,0.00316590420052254,0.0,0.007715867214340826,0.03784279238567012,0,8
2022-08-30,81.04962158203125,82.2104099404883,80.719248492417,81.79967122611778,1210000,-0.012188481457291567,-1.0,0.007703462857980697,0.04160051990843483,1,8
2022-08-31,80.08526611328125,81.17461966171456,79.77274151546297,81.08532302669401,2520800,-0.01189833400732121,-1.0,0.007986496965111058,0.017486849616311417,2,8
2022-09-01,81.138916015625,81.5585789338646,79.89776887873117,80.21028671673,1237900,0.013156601126271594,1.0,0.008055814511394014,-0.006094984266625358,3,9
2022-09-02,79.96027374267578,82.09433291552318,79.74596995396398,81.29964176642326,1156800,-0.014526226511606954,-1.0,0.00845466859511382,0.0004403426074321981,4,9
2022-09-06,79.60309600830078,81.12997451604673,79.37093701044917,80.05848297767741,1239000,-0.004466939864719022,-0.0,0.009017034301871445,-0.01593389377698351,1,9
2022-09-07,81.9871826171875,82.174693326677,80.12992395313223,80.29957941940386,1843300,0.029949671915249443,3.0,0.008952139715925582,-0.01360920828562684,2,9
2022-09-08,81.63001251220703,82.54078655717714,81.37999824492202,81.70144710639643,1239000,-0.004356413936653425,-0.0,0.011101701462346274,0.009787764814751077,3,9
2022-09-09,81.81752014160156,82.31755546978033,81.21033973853831,81.91574100183074,1420200,0.0022970427618946854,0.0,0.011023486699460381,-0.0022917784487969106,4,9
2022-09-12,82.63008117675781,82.86224021512291,81.78181064950691,81.99611444448003,964800,0.009931381857454902,1.0,0.01103535948222553,-0.00021834126273223564,0,9
2022-09-13,80.04061889648438,82.14789143926434,79.69238381472111,81.92466347339678,1839800,-0.03133800963760647,-3.0,0.011242612098048914,0.010151705237077868,1,9
2022-09-14,80.97818756103516,81.52286439980037,80.01384101249567,80.14777916852242,1290200,0.01171366085716219,1.0,0.012619666297100426,-0.037267922035018164,2,9
2022-09-15,78.74591827392578,80.29958338090019,78.6566216162965,80.29065235266155,1460800,-0.02756630340024424,-3.0,0.012935368483138015,-0.028078475857614915,3,9
2022-09-16,79.29059600830078,79.86205919868598,78.63876718769153,78.90664353860022,3063500,0.006916901171693635,1.0,0.01409985791081807,-0.057597534012557294,4,9
2022-09-19,79.9424057006836,79.98705402308276,78.63875507268281,79.03163851018738,1240300,0.0082205169994507,1.0,0.014214929075749713,-0.05340579933229661,0,9
2022-09-20,79.12092590332031,79.58523710502034,78.41552466790161,79.44237474002699,1248600,-0.010275895379468936,-1.0,0.014383161398084142,-0.047147688861337134,1,9
2022-09-21,78.4244613647461,80.21920955168022,78.41553033742036,79.64774642563485,1122500,-0.00880253271334619,-1.0,0.014489391389201247,-0.05361533950632491,2,9
2022-09-22,78.56732177734375,79.13878488911315,77.49583014587054,78.25480395252887,1449400,0.0018216307783514019,0.0,0.01430036851192842,-0.04801670204141206,3,9
2022-09-23,78.11579895019531,78.31367542028373,77.22536169693058,78.05283887899746,2121500,-0.005746954547184768,-1.0,0.014307237358905656,-0.04108545877854419,4,9
2022-09-26,76.11906433105469,78.16977873647656,75.36354338863654,78.07982988531201,1482800,-0.02556121355698726,-3.0,0.014285881631456674,-0.049393536340190836,0,9
2022-09-27,74.19428253173828,76.60476507479444,74.06836236518667,76.32594282916367,2225900,-0.02528646162734216,-3.0,0.014903917839187904,-0.08177377059469981,1,9
2022-09-28,74.79690551757812,75.60639031167766,73.93344317617274,75.08472401066852,1905800,0.008122229439742279,1.0,0.015496081903625463,-0.0928767528606006,2,9
2022-09-29,71.57693481445312,74.47311239894253,71.49598221391048,74.47311239894253,1349800,-0.04304951763503462,-4.0,0.01565585611180307,-0.08839494399323966,3,9
2022-09-30,70.1198501586914,72.17955414722088,69.80504973732981,72.15257223426626,3345500,-0.020356902115728714,-2.0,0.01774441227892008,-0.11687515108248481,4,9
2022-10-03,72.22453308105469,72.88111587767912,70.73146975786386,71.40604507233648,1598100,0.03001550798525776,3.0,0.017985327071315584,-0.12443507324423053,0,10
2022-10-04,72.87211608886719,73.58266954248235,71.99067489678177,72.16156949738664,1818000,0.008966247065740784,1.0,0.01922393141074505,-0.10986568926868168,1,10
2022-10-05,70.9653091430664,71.95468468505928,70.1648138249158,71.90971026227773,1395600,-0.02616648243719777,-3.0,0.019346382380512128,-0.08864599034039522,2,10
2022-10-06,67.89825439453125,70.59655574501194,67.80831238860893,70.32672972724498,1870400,-0.0432190711993089,-4.0,0.019930296988573796,-0.10851068988992152,3,10
2022-10-07,66.78295135498047,68.00618172001552,66.32423825255871,67.70936695597,1714600,-0.016426092975383,-2.0,0.01986193350353611,-0.17184305854782111,4,10
2022-10-10,67.4305419921875,67.8172987370547,66.82792309222569,66.85490500384574,1352100,0.009696945463892437,1.0,0.019903069609443647,-0.18188238247551802,0,10
2022-10-11,66.9448471069336,67.84428076046642,66.78294877481231,67.23266560157873,1827400,-0.007202891611195694,-1.0,0.02018263379287891,-0.175842266112619,1,10
2022-10-12,64.55235290527344,66.82792590493067,64.50738533805878,66.77395521728481,1964300,-0.03573828763606757,-4.0,0.019721335019377697,-0.18982474477147382,2,10
2022-10-13,66.34223175048828,66.80993425597455,63.44605413343515,63.751858298150296,2311600,0.027727553910256164,3.0,0.019983397308377154,-0.19350507535732242,3,10
2022-10-14,65.26290893554688,67.12473647310752,64.7772139002526,67.05278699027984,2204600,-0.01626901577566331,-2.0,0.021126147927395606,-0.18073948369757487,4,10
2022-10-17,66.44116973876953,67.10674875386323,66.13535871315274,66.13535871315274,2453200,0.01805406504920426,2.0,0.02077693422806309,-0.17122169166250456,0,10
2022-10-18,68.23103332519531,68.37493913263312,67.37657415154878,67.71835644858064,1955800,0.02693907397270534,3.0,0.021330159834609445,-0.16205485790756402,1,10
2022-10-19,67.0078125,67.68238779362416,66.36921537882529,67.30462727610697,1626500,-0.01792763154216548,-2.0,0.022412787603272158,-0.14649762254262677,2,10
2022-10-20,64.47140502929688,66.82792368908493,64.09364453897386,66.74697109136757,1661400,-0.037852414159962655,-4.0,0.022525938869075363,-0.15309620388064726,3,10
2022-10-21,65.28987884521484,65.69462806461048,64.15659750002743,64.65128184088856,1531100,0.012695144700911154,1.0,0.023473064317065657,-0.1779171459087826,4,10
2022-10-24,65.45177459716797,66.23428423431291,64.77719945339472,65.27189063701505,1845300,0.002479645464451563,0.0,0.023841258835808673,-0.1689944703697115,0,10
2022-10-25,66.69300842285156,66.74697224750835,65.54173441594419,65.59569824060098,1797400,0.01896409735752691,2.0,0.02395613764084749,-0.16211860498414166,1,10
2022-10-26,66.58507537841797,67.60143984607608,66.13535853067813,67.12473422327886,1714100,-0.001618356211332772,-0.0,0.024302466732208112,-0.12383305011747925,2,10
2022-10-27,67.16070556640625,68.31197948163006,67.07076357842948,67.25964381182084,1622300,0.008645033210773478,1.0,0.023908555148413894,-0.10255786421366497,3,10
2022-10-28,69.04951477050781,69.25638751879895,67.2326619094834,67.2326619094834,2071400,0.028123724850299237,3.0,0.023923022485166614,-0.1020924582150966,4,10
2022-10-31,68.60880279541016,69.18443982498874,68.19506410928396,68.77070113886255,2348000,-0.006382549921782998,-1.0,0.023271938272170695,-0.03531053754253477,0,10
2022-11-01,69.2384033203125,69.32834531018887,68.4109191719016,69.04052682530411,1536900,0.009176672660792473,1.0,0.022901145071960127,-0.021549495041154998,1,11
2022-11-02,68.57283020019531,70.3806940387548,68.53685202515378,69.29237997675553,1761100,-0.00961277395491189,-1.0,0.02193070027481285,-0.04134508917338342,2,11
2022-11-03,68.53682708740234,69.24738034612706,66.27025778157955,67.71834620495872,1677200,-0.0005250346629687153,-0.0,0.0218502013938731,-0.058997681409840186,3,11
2022-11-04,69.41828155517578,69.50822353760877,67.97918924984779,68.59979373212879,1268200,0.012861034063472943,1.0,0.02117717113405761,-0.034220692969408883,4,11
2022-11-07,67.4844970703125,69.51721878193045,66.504117810446,69.49922626842589,1971300,-0.027856991581191037,-3.0,0.019077331108270767,0.02238683710205902,0,11
2022-11-08,68.3119888305664,68.79768386667205,67.57445344880631,67.79032248405422,1489100,0.01226195342897407,1.0,0.019757227192992458,0.010504862410213311,1,11
2022-11-09,67.37657165527344,68.66275506571459,67.26863715709368,68.17706697923948,1614100,-0.013693309056087899,-1.0,0.019823546430971863,0.013071922786576984,2,11
2022-11-10,71.16319274902344,71.28911291085923,68.49187371468655,69.3823111054208,1819000,0.056200857371074386,6.0,0.020004438789014523,0.006448958612904621,3,11
2022-11-11,70.23677062988281,71.07324420119296,69.54420973679703,71.0282766358485,1569900,-0.013018276490318614,-1.0,0.021668909009347852,0.10241051714181504,4,11
2022-11-14,69.8590087890625,71.0102827440121,69.8590087890625,70.47062393539623,1255700,-0.00537840560482139,-1.0,0.021342171263523262,0.0587037664642005,0,11
2022-11-15,70.7404556274414,71.36106015935891,69.81404009623262,70.71347371676681,1378600,0.01261751137981948,1.0,0.020981451071222987,0.07042437930639434,1,11
2022-11-16,71.5049819946289,71.81078617096989,70.90236303856766,70.90236303856766,1742100,0.01080748435116008,1.0,0.020825257736140947,0.06470816070180008,2,11
2022-11-17,70.24576568603516,71.11821741197544,69.86800520536022,70.82140266481623,2331700,-0.017610189856258396,-2.0,0.020193576206196256,0.04798327842742256,3,11
2022-11-18,71.63988494873047,71.68485250977822,70.92933160769404,71.12720809027805,2031800,0.019846310294720837,2.0,0.020177690082027227,0.04832202492858806,4,11
2022-11-21,72.314453125,72.56629340132143,71.82875822260885,71.82875822260885,1126200,0.009416097984416005,1.0,0.01825309211360205,0.1111885170825131,0,11
2022-11-22,72.86312103271484,73.78054032535638,72.34144787506862,72.76418278343249,1269600,0.007587251012829199,1.0,0.01819962380103641,0.1075905546775262,1,11
2022-11-23,73.91545867919922,74.0953426668953,72.5393262731347,72.72820651885588,1666500,0.014442664980160336,1.0,0.018197915855151407,0.11323369734680289,2,11
2022-11-25,74.1493148803711,74.55405729209205,73.88847828934459,74.22126435965112,763200,0.003163833457177523,0.0,0.018054057749543977,0.10829396404725644,4,11
2022-11-28,73.50172424316406,74.14931761551286,73.0789892994289,73.69060449974334,1263700,-0.008733602437889343,-1.0,0.01799565507043992,0.11360262729994441,0,11
2022-11-29,72.5393295288086,73.48373079980064,72.06263076409815,72.77318421301668,1704500,-0.01309349847592145,-1.0,0.018231658096795667,0.09441560542403815,1,11
2022-11-30,74.52708435058594,74.5900444413686,71.9996775978506,72.38643440183992,3388400,0.02740244271196235,3.0,0.01776971721436767,0.050540757163891614,2,11
2022-12-01,75.47147369384766,77.06346808373357,74.8598585954794,75.37253545277827,2415000,0.012671760226378614,1.0,0.018442083981130522,0.086261256778142,3,12
2022-12-02,75.29159545898438,75.55243205978981,73.861499145963,74.66199460333999,1549600,-0.0023833936990943494,-0.0,0.018505777567684085,0.09002331184183388,4,12
2022-12-05,75.23763275146484,75.48047683878832,74.42814102349534,74.53607554126954,1234100,-0.0007167162176676678,-0.0,0.01830063326926102,0.09797999060522855,0,12
2022-12-06,75.87622833251953,75.88522459101817,74.54506342224084,75.30958756552863,1884000,0.008487714959934722,1.0,0.018303374495223006,0.09776941753544,1,12
2022-12-07,75.33655548095703,76.03811254653596,74.85985680112178,75.8042579039652,1991400,-0.007112541878036449,-1.0,0.018229523288993063,0.09302948204228856,2,12
2022-12-08,76.08309173583984,76.15504807718848,75.18365805538512,75.33656699628457,1342700,0.009909349453486982,1.0,0.01690828349958967,0.1163535145333221,3,12
2022-12-09,75.59739685058594,76.30794335615006,75.36354219310888,75.87621907079803,1160300,-0.006383742749837773,-1.0,0.016868213962009188,0.11375899074682239,4,12
2022-12-12,77.08146667480469,77.16241927751109,75.48947201768192,76.27198182054869,1480600,0.019631229196316546,2.0,0.016529203567757153,0.12201311217456512,0,12
2022-12-13,77.30632019042969,78.772401445308,76.53280669527695,78.06184803175448,2191700,0.0029170892216363598,0.0,0.012326513081390544,0.08316481733265779,1,12
2022-12-14,77.21637725830078,78.88932439146666,76.75766417672068,77.59413774330362,1339800,-0.0011634615631341827,-0.0,0.011709036128858335,0.10065311228217366,2,12
2022-12-15,76.23590850830078,77.0877086088614,75.8100153715334,76.83398268448495,1770700,-0.012697678715490324,-1.0,0.01156390232528919,0.10531738993683226,3,12
2022-12-16,75.01258087158203,75.80094946724338,74.03391783838435,75.57440748253167,3362000,-0.016046606653681406,-2.0,0.012023297098655792,0.07768472555225658,4,12
2022-12-19,75.0578842163086,75.70126255625756,74.3963786479036,74.75884716839215,1120600,0.0006039432879147988,0.0,0.012635092093494601,0.049053908960030146,0,12
2022-12-20,74.90383911132812,75.28442795575074,74.28764468599582,75.03975876039895,1379900,-0.002052350750209375,-0.0,0.011792864405962842,0.06850403698041108,1,12
2022-12-21,76.09998321533203,76.10903991659492,74.958209726578,75.26630349381425,1202500,0.01596906271020493,2.0,0.011203188406569892,0.04556057236738331,2,12
2022-12-22,75.33879852294922,76.1181034686858,74.17890471911218,75.85531394851766,1164500,-0.010002429175693384,-1.0,0.011501994106658076,0.05234818112761652,3,12
2022-12-23,76.32652282714844,76.4261949325414,74.85852838705492,75.16662214475295,892600,0.013110433449484038,1.0,0.01175042952525878,0.03397709918468661,4,12
2022-12-27,76.9970932006836,77.26893944245882,76.11810916723323,76.61650431409053,715100,0.008785548570760193,1.0,0.011681346908229475,0.03261921377520616,1,12
2022-12-28,76.371826171875,77.54984715585422,76.19965206606717,77.17831501458726,962500,-0.008120657583513102,-1.0,0.011783086837057435,0.038405996399386355,2,12
2022-12-29,77.09675598144531,77.45016086072992,76.47149800416726,76.76147141572159,605800,0.00949211045364895,1.0,0.011756256731769391,0.039048089800122865,3,12
2022-12-30,75.9731216430664,77.31425332221518,75.31162287601339,77.11489525646884,1050900,-0.014574340049396173,-1.0,0.011342690424272429,0.06282697237816026,4,12
2023-01-03,76.31745910644531,76.77054304137931,75.25724435794267,76.5802486183285,1266800,0.004532359022927368,0.0,0.010487634501541113,0.01940284267231096,1,1
2023-01-04,77.32330322265625,77.78544384199013,76.6436773446232,76.91552354772925,1502200,0.013179738004746921,1.0,0.010179338374811645,0.01120934004852514,2,1
2023-01-05,75.89156341552734,77.10582511168974,75.23005779097481,76.64368444951529,1210300,-0.018516278372202266,-2.0,0.010513822177965254,0.02698452265868978,3,1
2023-01-06,77.74920654296875,78.16604293639716,76.4715065190474,76.96083800181437,912400,0.02447759729589838,2.0,0.011369035889283298,0.008691536936344724,4,1
2023-01-09,77.66764831542969,78.69161553294617,77.18738044426256,77.28705946433637,1183600,-0.0010489911237099303,-0.0,0.012419512717193557,0.02468465093231953,0,1
2023-01-10,77.64952850341797,77.74014390947859,76.94271865722781,77.368611757064,1072800,-0.00023329935185023576,-0.0,0.012285496208951464,0.030942386728337823,1,1
2023-01-11,77.75827026367188,78.32916050186023,77.01521281465223,77.97575555132119,1381200,0.0014004175215194259,0.0,0.012137836756177512,0.020588500438662338,2,1
2023-01-12,77.14205932617188,78.13884939823014,76.90646068505937,77.99385923738114,1327000,-0.007924699654589529,-1.0,0.012018027893607423,0.028583965891799012,3,1
2023-01-13,76.13623046875,76.83398368336937,75.26631003950143,76.743368268273,1726100,-0.013038657072519055,-1.0,0.011418652561046117,0.0007860858644894719,4,1
2023-01-17,75.8734359741211,77.09676117040398,75.78281365968301,76.2993290498252,1480800,-0.0034516352203274314,-0.0,0.011747890712731494,-0.015135757578389364,1,1
2023-01-18,73.58989715576172,76.2993373450403,73.19118105212416,76.15435407049836,1766000,-0.030096683892610887,-3.0,0.01176339101007209,-0.0173919229555064,2,1
2023-01-19,72.2940673828125,73.67144633714723,72.24876314003905,73.56270371016971,1444100,-0.017608799890104998,-2.0,0.01317372242195278,-0.034708202529664334,3,1
2023-01-20,72.25782012939453,72.58404109811961,70.12832713219763,72.30313128586094,2319600,-0.0005013862787112133,-0.0,0.013263496711217935,-0.03624076731106607,4,1
2023-01-23,72.39375305175781,73.09150620703645,71.8953579408445,72.19439500739249,1602500,0.0018812209131116031,0.0,0.013256203357891244,-0.03730539591076909,0,1
2023-01-24,72.719970703125,73.06431200076764,71.69600351106062,72.97369659754717,1159100,0.004506157473752825,0.0,0.013279116386279766,-0.03351077981249562,1,1
2023-01-25,72.23065185546875,72.47532109179565,71.48759435755471,72.13097282044866,1934700,-0.006728809746828213,-1.0,0.012748501087540352,-0.044415417315441075,2,1
2023-01-26,72.78340911865234,73.17306161182549,71.86817755775492,72.03128806451373,1256900,0.007652668901419357,1.0,0.012666578795136595,-0.04125559112193278,3,1
2023-01-27,73.34523010253906,73.60801961622481,72.0947140088957,72.5659251760261,1558400,0.007719080360344632,1.0,0.012395695871519034,-0.04642047845569941,4,1
2023-01-30,73.7348861694336,74.29670585541542,73.05526022915552,73.2002435013883,1607400,0.005312629960391169,1.0,0.012350595152125374,-0.04742858394181704,0,1
2023-01-31,74.60479736328125,74.61385406364148,72.96462892804361,73.99766659058302,1947600,0.011797823785185013,1.0,0.01237853708737647,-0.034527654170622646,1,1
2023-02-01,74.94913482666016,75.48377740170308,73.84360904995471,74.21514115116385,1689000,0.004615486879512298,0.0,0.012491538222133803,-0.032322483435798466,2,2
2023-02-02,75.57440948486328,76.11810887987409,74.51419462756527,75.26630878246566,2265900,0.008342653449559423,1.0,0.012184547892152156,-0.013478277504735181,3,2
2023-02-03,72.81058502197266,75.37504168464093,72.05846405077108,75.14849972320759,1739600,-0.03657090385131212,-4.0,0.01229229816378547,-0.009736299272564142,4,2
2023-02-06,73.68051147460938,73.72582263608312,72.2668917295897,72.6293602808419,1180400,0.01194780199024903,1.0,0.014192813712524835,-0.05836168415734899,0,2
2023-02-07,73.10962677001953,73.41772053888833,72.02222805064297,73.16399463193463,1458100,-0.007748109956953408,-1.0,0.014058347815852886,-0.029134357514969733,1,2
2023-02-08,71.70507049560547,72.97370706317172,71.36072914857863,72.73810145019908,1152200,-0.01921164607818837,-2.0,0.012805498782712962,-0.059673660725850786,2,2
2023-02-09,70.85326385498047,72.28500375220655,70.75358484198532,71.80473591514541,1075100,-0.011879308321399717,-1.0,0.01328249804410416,-0.07677041791723305,3,2
2023-02-10,72.5568618774414,72.6021730368478,70.73546250279819,71.11605826668,1442700,0.024044030292631247,2.0,0.013372836024969578,-0.0875248669171036,4,2
2023-02-13,72.75621032714844,73.13679912735223,72.44810969352297,72.56591592704653,1556600,0.002747478936502956,0.0,0.014699635576748802,-0.06689202792954274,0,2
2023-02-14,71.48757934570312,73.60801565670286,71.35165278889988,73.60801565670286,2182200,-0.017436738056324175,-2.0,0.01471215261386559,-0.05685418612535609,1,2
2023-02-15,72.38468933105469,72.64747885155971,71.04356471121604,71.14324373325285,1897200,0.012549172787251317,1.0,0.014897133579864741,-0.06105701706567812,2,2
2023-02-16,71.33353424072266,71.92254472578107,71.17042375122205,71.55101258888611,2185000,-0.01452178768806378,-1.0,0.015271407311618763,-0.04598113421746641,3,2
2023-02-17,72.73810577392578,73.00995895224712,71.12512776345343,71.54196423363624,1710100,0.019690199681726694,2.0,0.01418466187496042,-0.0306613136075351,4,2
2023-02-21,71.00732421875,72.2034656884918,70.90764518681209,72.03129155814213,1612400,-0.023794702058301476,-2.0,0.014385442261250258,0.006142113830198692,1,2
2023-02-22,71.07075500488281,71.91349150349853,70.8079654608507,71.07981862047372,1919600,0.0008932992030146192,0.0,0.015325022758570317,-0.017306028723330202,2,2
2023-02-23,70.71733856201172,71.80473719689999,70.45454906065281,71.51476376669565,1659600,-0.004972740796785002,-0.0,0.015318158498983431,-0.01827503052548085,3,2
2023-02-24,70.11927032470703,70.39112346287077,69.46683523743654,70.00147098537607,1206500,-0.00845716551931952,-1.0,0.015294694073409868,-0.027538956929574532,4,2
2023-02-27,69.85647583007812,71.10699188042328,69.52119815218373,70.46361354030182,1161300,-0.003747821296655851,-0.0,0.015330446489933354,-0.02923110170716059,0,2
2023-02-28,68.28881072998047,69.92897235019623,68.24349957141153,69.52119957712438,2715500,-0.0224412279816536,-2.0,0.015198889941641503,-0.04021429229568929,1,2
2023-03-01,66.90354919433594,68.28423123250666,66.68410530630732,67.68075182043368,2107600,-0.020285336951055832,-2.0,0.015668000449961597,-0.06893998921933375,2,3
2023-03-02,67.79964447021484,67.98251327273559,66.60183079291176,66.74813141572648,2950700,0.013393837646430429,1.0,0.01595926685667511,-0.09264728448078285,3,3
2023-03-03,68.97915649414062,69.00658611270883,67.12301122706177,68.11051237550011,2863600,0.017397023732830252,2.0,0.016044319633072898,-0.09121602274354201,4,3
2023-03-06,69.20774841308594,69.4089082577402,68.54026410818743,69.08887742706469,1768500,0.003313927432045727,0.0,0.016635798113760588,-0.07965373244570062,0,3
2023-03-07,67.71733093261719,69.500332683319,67.47045741611784,69.25345219082381,1987800,-0.021535413514290003,-2.0,0.016487616321817236,-0.0842436099094167,1,3
2023-03-08,68.50369262695312,68.59512702233188,67.22359016365878,67.77221048792579,1896000,0.011612414185644848,1.0,0.015287664302226034,-0.06995211050451577,2,3
2023-03-09,67.90935516357422,69.39061740749645,67.67162714279414,68.75056969617029,1330200,-0.008675991623042223,-1.0,0.015271065365616045,-0.07026035438747202,3,3
2023-03-10,66.6384048461914,68.19281754589305,66.25437618165239,68.06480799104672,1631000,-0.018715393693865212,-2.0,0.015285756402963627,-0.07112977915758989,4,3
2023-03-13,68.39396667480469,70.21353675534878,66.59268068094097,66.85784528178351,2998900,0.02634459562267888,3.0,0.01526044647034426,-0.0706597959446198,0,3
2023-03-14,69.42719268798828,70.02152669303642,68.6865650526496,68.6865650526496,2602200,0.015106976001206585,2.0,0.016429834097536525,-0.03470972325578914,1,3
2023-03-15,70.24097442626953,70.9907476340606,68.71399838952388,69.30833242672347,2439600,0.011721368915756925,1.0,0.01583878926885512,-0.04313402080067308,2,3
2023-03-16,70.2226791381836,71.21018022256726,69.72892510799369,69.9666531041622,2222100,-0.00026046461108164554,-0.0,0.01609169109353503,-0.03457073821697343,3,3
2023-03-17,69.40890502929688,70.3415469304082,68.91515097247446,69.88436802327595,4695700,-0.01158847994513823,-1.0,0.015674971992878133,-0.01769398571187686,4,3
2023-03-20,69.6557846069336,70.20439794784255,69.29004005432859,69.51862952770708,2021300,0.003556886217013666,0.0,0.015536721054569142,-0.04111068693198261,0,3
2023-03-21,68.50369262695312,70.0946804057319,67.30588600269772,69.6466400091807,2322400,-0.01653978899931574,-2.0,0.015300406952242154,-0.023519788436772493,1,3
2023-03-22,67.22359466552734,68.97916726395499,67.21445610857552,68.22939401004233,2289000,-0.01868655414528886,-2.0,0.014885247171119696,-0.0582145094640415,2,3
2023-03-23,66.97672271728516,68.02823580019637,66.53782781297515,66.9858682504577,2582500,-0.0036724002855025306,-0.0,0.014562325588899564,-0.05328646861225528,3,3
2023-03-24,69.24431610107422,69.26260018680077,66.96756026033547,67.26015446393293,1923300,0.03385643984643405,3.0,0.014543151662264072,-0.05760502033946846,4,3
2023-03-27,69.3631820678711,70.1403847892461,68.90600317576859,69.6283466624101,1771500,0.0017166169512508045,0.0,0.01656966245493865,-0.02082972140765471,0,3
2023-03-28,69.6557846069336,70.33240749485473,69.15288497510207,69.19860566017661,1033400,0.00421841285735991,0.0,0.016485300256836543,-0.010782888260740031,1,3
2023-03-29,70.90845489501953,71.04560299334123,69.92094673112211,69.92094673112211,1510200,0.017983722316168516,2.0,0.016495751888552228,-0.002872907926713908,2,3
2023-03-30,71.42048645019531,71.5302118946874,70.71642705603112,71.09131709271526,1092200,0.007221022597853066,1.0,0.01610094726171864,0.03836125035765159,3,3
2023-03-31,71.55764770507812,71.75880754939243,70.83530416231167,71.66736618307006,1734900,0.0019204749463370696,0.0,0.015303522863543804,0.06751416494719797,4,3
2023-04-03,70.78044128417969,71.36562972337227,70.14953216417662,70.90845081925329,1676000,-0.010861262853436138,-1.0,0.015126189378798012,0.055428066979233526,0,4
2023-04-04,71.36563110351562,71.52107025968297,70.6890012896167,70.92673627763514,1072400,0.008267676899419651,1.0,0.015008036633352493,0.026113465017393533,1,4
2023-04-05,73.62409210205078,73.80696786035504,71.70394198383575,71.8319515266503,1808900,0.03164633961212027,3.0,0.01507945552457758,0.031179784632636265,2,4
2023-04-06,73.89839935302734,74.39215341708726,73.13948068182434,74.145272897059,1175900,0.00372578110160382,0.0,0.015465670221643968,0.08722672745786708,3,4
2023-04-10,73.56922912597656,73.63323389413303,72.6365872219828,73.52351542071996,1179900,-0.004454362069173823,-0.0,0.015369670561334037,0.07875059751087998,0,4
2023-04-11,73.37721252441406,73.59665644036698,73.0388976313229,73.41378767307226,1907100,-0.0026100124174700534,-0.0,0.015226259624576495,0.08334453992044732,1,4
2023-04-12,72.93831634521484,73.58751650169714,72.68229728541706,73.52351173674771,1868300,-0.005981368930486286,-1.0,0.014412529810801012,0.1011249848158362,2,4
2023-04-13,72.8011703491211,73.08461903403041,71.42963365285578,72.46285545268363,3175200,-0.001880301095032677,-0.0,0.013693055127271835,0.06644372144720512,3,4
2023-04-14,71.74050903320312,72.22511752998373,71.41133968142834,71.9233847708536,1676800,-0.01456928935113988,-1.0,0.013451412931840432,0.04859735113150476,4,4
2023-04-17,72.36227416992188,72.66401391163937,71.58507145191919,72.06053442820438,1540100,0.00866686262890859,1.0,0.013755380660575496,0.02134843115691143,0,4
2023-04-18,71.6673583984375,72.37141777706142,71.3564801098994,72.17940348543564,1629100,-0.009603288169918067,-1.0,0.01384900480147437,0.030468718339954126,1,4
2023-04-19,72.2251205444336,72.42628037624686,71.69479832310346,71.87766709239021,1112800,0.0077826524998338975,1.0,0.013761546430838581,0.032538380603862826,2,4
2023-04-20,71.8776626586914,72.36227114580548,71.5210636973812,72.33484152970408,1276800,-0.004810762282195569,-0.0,0.01382211854463002,0.03688618184403092,3,4
2023-04-21,72.08796691894531,72.7645967260095,71.66736316038993,72.49028659060548,1116600,0.0029258639259392982,0.0,0.01326920221589277,0.04925238191336234,4,4
2023-04-24,72.5451431274414,72.65486857271877,71.64907640699653,72.19768968139081,847600,0.006341921239229054,1.0,0.012361034256927524,0.07236108508657968,0,4
2023-04-25,72.75545501708984,73.07547887454405,72.48114486727373,72.691450245599,723700,0.0028990485176791925,0.0,0.012267190282032032,0.08313963694015092,1,4
2023-04-26,70.87187957763672,72.62744499201528,70.82615889430522,72.0788316720216,1501500,-0.025889130086681256,-3.0,0.010164857350234001,0.050706528906870885,2,4
2023-04-27,71.30162811279297,71.79537521222578,70.25011519156313,70.95416766564061,1701700,0.006063738364459281,1.0,0.011896193015264555,0.021750696331800157,3,4
2023-04-28,70.96331787109375,71.62165668169177,70.50613891662259,70.9541723387251,2322000,-0.00474477582985966,-0.0,0.01192721327514265,0.023628238704751503,4,4
2023-05-01,71.06388092041016,71.90508832259827,70.78957082248137,70.85357558186534,1808000,0.0014171131273637005,0.0,0.011343100279352277,0.0007737155767311155,0,5
2023-05-02,69.89351654052734,71.05474794481225,69.63749745775567,70.94502249105433,1555600,-0.01646918750741455,-2.0,0.011231020379552186,-0.004993042577970064,1,5
2023-05-03,70.07638549804688,70.85358828014014,69.674065809247,70.64328987990153,1797800,0.0026163937167691387,0.0,0.011763494104684377,-0.023255811473980148,2,5
2023-05-04,70.1495361328125,70.52441922788053,69.1437438820484,69.99409697085738,2280500,0.0010438699748243074,0.0,0.011567711331343525,-0.009947038664340435,3,5
2023-05-05,70.80786895751953,71.29247746641639,69.53691219705547,69.98494555750777,1336400,0.00938470674218883,1.0,0.01140292040868169,-0.017040344937735985,4,5
2023-05-08,70.17696380615234,71.24676079840432,69.82951034036016,70.52441727194453,1364900,-0.008910099409229377,-1.0,0.009027293397575931,-0.03825138027682118,0,5
2023-05-09,69.90265655517578,70.12210746727145,69.32661360691779,70.12210746727145,1473300,-0.003908793371771857,-0.0,0.009060469226907304,-0.050358811279483384,1,5
2023-05-10,70.38727569580078,70.56099895678628,69.50948595441201,70.45128047111066,1844500,0.006932771435409935,1.0,0.009055119265058458,-0.04983839866695239,2,5
2023-05-11,69.71977996826172,70.55184888750864,69.42718576087738,70.36897314789583,1732000,-0.009483187421883477,-1.0,0.009280284733247239,-0.04074748448121368,3,5
2023-05-12,70.47870635986328,70.66157514363582,70.05810257638889,70.05810257638889,1803500,0.010885381335785205,1.0,0.009387419131336524,-0.04412682576493665,4,5
2023-05-15,70.2592544555664,70.89016360986342,69.45462205193881,70.79872921926886,2119700,-0.0031137334328521504,-0.0,0.009806626896502206,-0.03190146501931679,0,5
2023-05-16,68.137939453125,70.56098899224259,68.10137128039545,70.22268107452182,2306800,-0.030192677375803556,-3.0,0.00935112039211785,-0.020647394304815436,1,5
2023-05-17,68.36399841308594,68.54854576500927,67.57969152675638,68.2809573845417,2725100,0.00331766651259624,0.0,0.011044291775191154,-0.05837758369612933,2,5
2023-05-18,67.93034362792969,68.2256124192807,67.23830673822293,67.93034362792969,2210300,-0.006343320976282207,-1.0,0.011006267013106205,-0.046092950252001774,3,5
2023-05-19,67.51510620117188,68.63159135541319,67.51510620117188,68.30864226778341,1670200,-0.006112694336306679,-1.0,0.010796199518681899,-0.05946375560372674,4,5
2023-05-22,67.12757873535156,68.09643320310734,67.06298890681873,67.69966510218757,1830200,-0.005739863085834629,-1.0,0.010811695381108414,-0.0606941892119528,0,5
2023-05-23,67.12757873535156,67.8749763283405,66.83230994209244,67.06298890681873,1502500,0.0,0.0,0.010742534419645764,-0.06881021057468772,1,5
2023-05-24,66.2509994506836,67.35825563145988,66.22331206236554,67.1275766738179,1871500,-0.013058407605074707,-1.0,0.01054424797767073,-0.07467852648071427,2,5
2023-05-25,65.3836441040039,66.03877149679914,64.97764688715381,65.9834107998698,1726200,-0.013091958670379489,-1.0,0.010624468229674914,-0.08940162033043975,3,5
2023-05-26,63.38134765625,64.86692058949473,62.680081709185785,64.66392199641594,3965800,-0.030623812349292012,-3.0,0.009652561205757729,-0.0774388305536714,4,5
2023-05-30,62.67086410522461,63.58435794206454,62.55091356896657,63.316769478322286,2120900,-0.011209663052270669,-1.0,0.011005888817360612,-0.11108134086382682,1,5
2023-05-31,63.879615783691406,64.43324383712437,62.65240212141054,62.892310192477794,3574800,0.019287298742798553,2.0,0.011072948482455972,-0.11685549682066088,2,5
2023-06-01,63.51053237915039,64.09184081874896,62.91999481010205,64.07338959961257,2355100,-0.005777796250228007,-1.0,0.012279547138175327,-0.10109587379227081,3,6
2023-06-02,64.59933471679688,64.8669231418604,62.790812605112194,63.12299085417293,2754200,0.017143649987791942,2.0,0.011998230280883319,-0.09132441000698277,4,6
2023-06-05,65.06069946289062,65.96495709404412,64.59934151726762,64.59934151726762,2142500,0.007141942685886304,1.0,0.012818637299558525,-0.07815829458559409,0,6
2023-06-06,64.5901107788086,65.55896525639608,64.39634129124377,65.48514629739137,2007700,-0.0072330713928221435,-1.0,0.013001362044945869,-0.07254269878972963,1,6
2023-06-07,66.18640899658203,66.43553917097746,63.85193205397867,64.64546822392417,2659900,0.024714282086309325,2.0,0.012679751198170762,-0.08781168350711444,2,6
2023-06-08,66.05721282958984,66.29712087998367,65.28213502952647,65.94649145230196,1852000,-0.0019520044817488147,-0.0,0.01410954995596583,-0.05686417013698819,3,6
2023-06-09,64.93150329589844,66.25098696656188,64.89459382485924,66.1771680244835,1620200,-0.017041432501783582,-2.0,0.014107551824666158,-0.05501141036822599,4,6
2023-06-12,64.80233764648438,65.11605765835137,64.285611980228,65.11605765835137,1834200,-0.0019892601103880247,-0.0,0.01426705872920445,-0.07751077657105332,0,6
2023-06-13,64.64546203613281,64.64546203613281,63.99956383858929,64.1841041693839,2362100,-0.002420832581802257,-0.0,0.014209759944825748,-0.07053152382316596,1,6
2023-06-14,64.49784088134766,65.54973641258246,64.41479279216416,64.92228933783159,1660500,-0.002283550153955871,-0.0,0.013833512277778867,-0.08276605268470738,2,6
2023-06-15,65.52205657958984,65.82654746962858,64.83001966991033,65.46668883977631,2275200,0.01587984472420345,2.0,0.013837399556622491,-0.08200220197130614,3,6
2023-06-16,66.50936126708984,66.74926232346246,65.8173243680449,65.8173243680449,4269900,0.015068279889852265,2.0,0.01310572250512986,-0.038390988846011886,4,6
2023-06-20,65.18063354492188,66.44475653121943,65.14372407381518,66.17716814551724,2207700,-0.019978055672975614,-2.0,0.013576665674906655,-0.027128857133100204,1,6
2023-06-21,65.72505950927734,65.82655178610314,64.06416800123073,64.87615549418466,1649000,0.008352572455133656,1.0,0.01414788241721474,-0.04047837735178572,2,6
2023-06-22,65.28213500976562,66.4170784049572,64.90381819811442,66.28789173189037,1584800,-0.006739050566385574,-1.0,0.014282503036681155,-0.02651327669634118,3,6
2023-06-23,64.34097290039062,65.83576792284579,64.23947360383347,65.56817950826445,2878900,-0.014416840215691673,-1.0,0.014300101363861586,-0.02749158781462302,4,6
2023-06-26,65.34672546386719,65.4482247538485,64.30405925923256,64.6362374737601,1475600,0.015631603286969442,2.0,0.014581437676679467,-0.041512086201515586,0,6
2023-06-27,65.79885864257812,66.01108636503398,65.30982041577073,65.59586004886278,1902000,0.006918987531531862,1.0,0.014827193540748122,-0.013649212756247309,1,6
2023-06-28,64.21179962158203,65.4574717866725,64.14720978663219,65.29138263397803,2252700,-0.02411985638865044,-2.0,0.014622425912035041,0.006350434336662936,2,6
2023-06-29,64.33174896240234,64.63624687664276,63.43671347859677,63.63971208809038,1733900,0.0018680264612922493,0.0,0.013987482951295146,0.01310246619929889,3,6
2023-06-30,65.43899536132812,65.4851339619558,64.33173934388488,64.3686488164346,2550700,0.017211507798006398,2.0,0.013718652708737717,0.026501706668494274,4,6
2023-07-03,65.5589599609375,65.96495012314317,64.96842241612669,65.09760206406887,1027700,0.0018332280156041492,0.0,0.013589712705702944,0.024411223494472445,0,7
2023-07-05,66.10336303710938,67.01684975894449,65.05146752959905,65.17141805597714,2925200,0.008304022463081262,1.0,0.013494432328620326,0.03225335239765026,2,7
2023-07-06,65.86345672607422,66.01109464539131,64.80233909997735,65.5497367071706,2001200,-0.0036292602980044775,-0.0,0.013117933509099811,0.023282411915016565,3,7
2023-07-07,65.35595703125,66.02953557379807,65.12527809809418,65.26368686594014,1702700,-0.007705330391857612,-1.0,0.013083639950193637,0.012338589498895214,4,7
2023-07-10,64.94073486328125,65.46668258277954,64.31328784354972,65.18064294017464,1310100,-0.006353241339120963,-1.0,0.013098293021711206,0.011857020265286122,0,7
2023-07-11,65.84500122070312,65.86345243953518,64.82078610133024,64.91305627501654,1373600,0.013924486061416053,1.0,0.011947544477165816,-0.018820693737366945,1,7
2023-07-12,66.82306671142578,67.03529441168574,66.04798893258805,66.40784747844297,1644900,0.014854058358117816,1.0,0.012368320186604128,-0.0032125425793269047,2,7
2023-07-13,67.39515686035156,67.52433649763856,66.48167027103285,66.67543972696335,2208700,0.008561267494596514,1.0,0.012137568705162739,0.029131674449416778,3,7
2023-07-14,67.19216918945312,67.65352712320102,66.73081125570522,67.265988148396,1545300,-0.003011902937165689,-0.0,0.012206744563336121,0.04001119879365733,4,7
2023-07-17,66.60163116455078,67.00762839633438,66.01109357637283,66.80462978044258,2068500,-0.008788792384976873,-1.0,0.012217981284027412,0.039394987259846026,0,7
2023-07-18,65.8911361694336,67.2198420842309,65.07914179064137,66.7308038550561,2004500,-0.010667831743666922,-1.0,0.012410644914362317,0.03261799549342004,1,7
2023-07-19,66.57394409179688,67.32134161140705,66.22330759438952,66.3986258430932,1597800,0.010362667303345674,1.0,0.012234526365442545,0.005632906064165333,2,7
2023-07-20,67.85652923583984,68.00416012156697,66.23254725425889,66.62008624902683,1581200,0.019265572462921154,2.0,0.011991955650399047,0.0009710336030392952,3,7
2023-07-21,68.56700897216797,69.02836687302177,67.93956194541629,68.10565107131417,1848200,0.010470322374709129,1.0,0.011759735252975669,0.041053539147847706,4,7
2023-07-24,68.00415802001953,68.67774371466916,67.56125833676141,68.53010579374076,1830600,-0.008208772127961783,-1.0,0.011825976675870431,0.043239967892147346,0,7
2023-07-25,68.17948150634766,68.6592977463034,67.87498355096392,68.02262148318539,1497400,0.002578128917889222,0.0,0.011885007177819025,0.04169629271234343,1,7
2023-07-26,67.93034362792969,68.97301000743974,67.6996646646941,68.17947381072827,1617500,-0.003654147448961975,-0.0,0.011273073724002778,0.05965885240653135,2,7
2023-07-27,66.68466186523438,68.1610126463505,66.44476084710092,67.48742707448409,1781600,-0.01833763376081532,-2.0,0.010958683075289084,0.03953707160875397,3,7
2023-07-28,66.52780151367188,67.36747619176853,66.07567278533794,67.07220744513545,2103600,-0.002352270329862405,-0.0,0.011739085105038845,0.01346228857050491,4,7
2023-07-31,66.74002838134766,67.29365639431438,66.37094069278245,67.10911606991286,7162200,0.003190047812299479,0.0,0.010311966511945365,0.03606816668803381,0,7
2023-08-01,64.91305541992188,66.74003580980123,64.72851507498021,66.39862842791995,4156000,-0.027374470849586552,-3.0,0.01031682628115829,0.037435317052436856,1,8
2023-08-02,64.40555572509766,65.04222474188977,64.15641855524535,64.92227424069979,2130600,-0.007818145233515983,-1.0,0.011506317342334978,-0.00803710293078641,2,8
2023-08-03,62.85539245605469,64.1010571725056,62.76311525947471,64.1010571725056,1818800,-0.024068781824653995,-2.0,0.01160827000875558,-0.01759338824970813,3,8
2023-08-04,62.04341125488281,63.51053310457465,61.83119055345622,63.039946053945584,1731400,-0.01291824248396145,-1.0,0.012459829951346885,-0.04913472525189566,4,8
2023-08-07,61.895782470703125,62.55090989597659,61.83119264116246,62.12646143902885,1536900,-0.002379443379945778,-0.0,0.0126716377380351,-0.05799946831030989,0,8
2023-08-08,61.766597747802734,61.99727669721669,61.02842229377296,61.8680970487259,1677700,-0.00208713288278628,-0.0,0.012621000456510429,-0.05294352217797671,1,8
2023-08-09,62.08955001831055,62.65240724661062,61.48055418188231,61.56360226856035,1546100,0.005228590893519014,1.0,0.012590356765046625,-0.04887744375176806,2,8
2023-08-10,61.21297073364258,62.8461818537748,61.12070054962559,62.35714354269735,2635600,-0.014117984176233556,-1.0,0.012165634315827489,-0.05703471991449793,3,8
2023-08-11,61.85886764526367,61.8680967743329,61.08378271799372,61.35137114289866,1473600,0.0105516347904695,1.0,0.011706936818213956,-0.08395448239468417,4,8
2023-08-14,61.21297073364258,61.82196661972952,60.84388999757463,61.82196661972952,1702400,-0.010441460314551176,-1.0,0.011822070342185026,-0.08214669232923588,0,8
2023-08-15,59.2937126159668,60.78850753854007,59.2937126159668,60.6316475597104,3118400,-0.031353781636037414,-3.0,0.011901715141443945,-0.08898653709112692,1,8
2023-08-16,59.44135284423828,59.74585076160119,59.22913214287373,59.51517180113169,1346700,0.0024899811760434876,0.0,0.013262357260040028,-0.10972581933509273,2,8
2023-08-17,59.404441833496094,60.17952678135772,59.30294253032656,59.413670962810514,1503600,-0.0006209651862889576,-0.0,0.013313486900950555,-0.09788544712008351,3,8
2023-08-18,59.487491607666016,59.87503057272417,59.3121733445269,59.34908282307004,1680600,0.001398039803196971,0.0,0.01289691504745067,-0.10769231650771605,4,8
2023-08-21,58.91540145874024,59.66280603155842,58.40790848101438,59.40443969838206,1646800,-0.009616982217015346,-1.0,0.01172962297066834,-0.12333430139178925,0,8
2023-08-22,58.93385696411133,59.25680960496437,58.61090784313972,58.9061766165656,1271400,0.0003132543429074097,0.0,0.011106208859841425,-0.1407616820116131,1,8
2023-08-23,59.17376327514648,59.45058083832816,58.68472501465352,59.16454118553335,1913700,0.004070772275794665,0.0,0.011220264321155249,-0.13337862448407967,2,8
2023-08-24,59.026123046875,59.8012008372942,58.68471571170733,59.10916407880765,1976100,-0.002495028541365185,-0.0,0.011286728339516447,-0.13208839422404128,3,8
2023-08-25,60.13338851928711,60.62242677930956,59.09072217319705,59.23835304425899,2271700,0.018758905637979773,2.0,0.011304992060194561,-0.1310786918703838,4,8
2023-08-28,60.13338851928711,60.68701660535473,60.05956956387462,60.30870677845103,1351300,0.0,0.0,0.012239939702953355,-0.09824258176770828,0,8
2023-08-29,60.281028747558594,60.79774737578472,60.050349782848606,60.2072097893082,1090800,0.0024552121858911757,0.0,0.01227456021782298,-0.09611640320130932,1,8
2023-08-30,59.44135284423828,60.18875746319844,59.22913214287373,59.76430198094295,2958800,-0.013929355897966844,-1.0,0.012251884936784621,-0.09677849695961782,2,8
2023-08-31,58.88772201538086,59.89348589704939,58.85081253864632,59.69970938425229,2421800,-0.009313900211998405,-1.0,0.01132764954656397,-0.08429279041461235,3,8
2023-09-01,58.17723083496094,59.47825997996903,57.87273644947298,59.33985120118631,1809300,-0.012065183642769317,-1.0,0.01135671165384658,-0.08567325671823367,4,9
2023-09-05,56.63629913330078,58.08496271765913,56.41484578338872,58.00191815142731,2359700,-0.026486851978766768,-3.0,0.01058203280354242,-0.07442737111799091,1,9
2023-09-06,56.2672119140625,56.765479316093554,55.7043546843476,56.74702457677222,3354200,-0.0065167962046670525,-1.0,0.011548134880801662,-0.087150464686232,2,9
2023-09-07,56.60861206054688,57.18992399126696,56.26720820530935,56.72856609828816,2331700,0.006067479352021232,1.0,0.011549585067823892,-0.09093625335950428,3,9
2023-09-08,57.28219985961914,57.30988020788821,56.42407386446272,56.85774790683143,2381100,0.011899033990655061,1.0,0.011768563026930388,-0.08350768660298014,4,9
2023-09-11,57.540557861328125,57.8635069834325,57.226834348477546,57.24528908686657,1860000,0.004510266755504144,0.0,0.012117151207140934,-0.0774260750363579,0,9
2023-09-12,57.5682373046875,57.80814538009493,56.95924502694143,57.69741695150009,1905100,0.0004810423184649082,0.0,0.012002252890246234,-0.05999403113915691,1,9
2023-09-13,58.45405197143555,58.73086956261835,57.76201503324232,57.78969890428973,1884400,0.015387211910966814,2.0,0.011634620478210353,-0.06936160495502852,2,9
2023-09-14,59.45981216430664,59.47826338397762,58.81391035949065,58.952315626313,2596500,0.01720599614484497,2.0,0.012199238658396479,-0.04507081961782211,3,9
2023-09-15,59.2475814819336,59.82888990955357,59.09995061259519,59.27526182994936,4358600,-0.0035693130309019105,-0.0,0.010916136617686102,0.0028013012006118387,4,9
2023-09-18,59.3213996887207,59.49671794362791,58.46327371223405,59.284490211910615,1852200,0.0012459277651630796,0.0,0.010932374373779632,-0.003259874700571541,0,9
2023-09-19,58.86004638671875,59.542854161643,58.80468216717825,59.3583138029381,1777000,-0.007777181665011734,-1.0,0.010935502963047614,-0.0013979113718154412,1,9
2023-09-20,59.01689910888672,59.39521594921416,58.54631562048055,59.19221735584456,2228600,0.002664841973406329,0.0,0.011059047753642113,-0.010547515183282785,2,9
2023-09-21,59.06304168701172,59.819668378816296,58.49095534354464,58.9154037765313,3097100,0.0007818536524575315,0.0,0.010873015356337067,0.0017227693885368822,3,9
2023-09-22,58.35896301269531,58.89983999885165,58.17245235776749,58.82523787131744,2179700,-0.011920799440832686,-1.0,0.010873872961989372,0.002192028989025152,4,9
2023-09-25,57.64090347290039,58.15380514300576,57.27720606865593,57.88336485166825,2681100,-0.012304186070590695,-1.0,0.011142977486902258,-0.013769620476265843,0,9
2023-09-26,55.68254852294922,57.510345304049245,55.65457316690434,57.510345304049245,2234600,-0.03397509115851882,-3.0,0.011428294613248239,-0.02346790713112823,1,9
2023-09-27,54.80595016479492,55.86905632865944,54.52618594652453,55.54266533357649,2377900,-0.01574278443439081,-2.0,0.012588640300223334,-0.07401611826531829,2,9
2023-09-28,53.49105453491211,55.19761873732062,53.36049813834912,55.16031945072761,2882100,-0.023991840775117956,-2.0,0.012831256435886887,-0.08859368290518788,3,9
2023-09-29,54.22776794433594,54.8619020420752,53.7241902389439,54.09720799459383,3915000,0.013772646956193402,1.0,0.013416657187429204,-0.11263865852524091,4,9
2023-10-02,51.97100067138672,53.94800527962865,51.43012362948633,53.91070599071482,3621700,-0.04161645146939774,-4.0,0.013908363730509354,-0.08770972816793321,0,10
2023-10-03,52.26941680908203,52.47457890827855,50.55352499438957,51.46742339301775,3123800,0.005741974059383592,1.0,0.016106751136029274,-0.11745608604434665,1,10
2023-10-04,52.32536315917969,52.51187380681973,51.364838126316336,52.32536315917969,2767700,0.001070345787518523,0.0,0.016229091500137377,-0.10154856016846836,2,10
2023-10-05,51.4860725402832,52.25076307588952,51.16900547253948,52.25076307588952,2366900,-0.016039843170190138,-2.0,0.015499066920282578,-0.07611613117542781,3,10
2023-10-06,52.04560470581055,52.2041364614803,49.51839208851615,50.777336430872055,3080800,0.010867641245883686,1.0,0.01572490208264372,-0.0849720327547343,4,10
2023-10-09,53.379150390625,53.40712574535364,51.8497657798833,52.04560393516895,2771100,0.025622637922113833,3.0,0.015913846795548744,-0.0806062397335564,0,10
2023-10-10,54.3489990234375,54.60078788621521,53.5936359924994,53.63093527938145,3144400,0.018169053379741174,2.0,0.01684821326544164,-0.06813721328020395,1,10
2023-10-11,54.992462158203125,55.0484128687721,54.01328203450461,54.69404651051819,2269200,0.01183946615995879,1.0,0.01741558363331124,-0.05546624774793174,2,10
2023-10-12,50.87991714477539,55.26289825342919,50.48824438835136,54.82460227700086,6297000,-0.07478379494259968,-7.0,0.0176892398855219,-0.04474299139735238,3,10
2023-10-13,51.31821441650391,51.37416868523254,50.09657645378779,50.74935846864594,4951000,0.008614347198745875,1.0,0.023303745897900432,-0.1295741624611647,4,10
2023-10-16,52.409297943115234,52.63310789644717,50.21780384258664,51.52337494747155,3413700,0.021261135817313814,2.0,0.022942671112007113,-0.13692605898762122,0,10
2023-10-17,51.71921157836914,52.72636708012576,51.514053039318696,51.81246869375135,2103500,-0.013167250694621213,-1.0,0.023739712106091496,-0.11541877942990075,1,10
2023-10-18,50.814640045166016,51.95234837940382,50.62812937413509,51.625957373146086,3090000,-0.017490048776796274,-2.0,0.023741832932097306,-0.1281525410769604,2,10
2023-10-19,50.264434814453125,51.2249599542544,50.180505191540725,50.61880117128761,2376500,-0.010827691197336953,-1.0,0.023867674938526946,-0.1366870540450017,3,10
2023-10-20,49.891414642333984,51.12238010218874,49.770182171431486,50.30173527648717,2906000,-0.007421155206382313,-1.0,0.023784534509428145,-0.14830437428244436,4,10
2023-10-23,48.92155838012695,49.788829920676015,48.68842094572979,49.2945796981204,3189700,-0.019439341801787413,-2.0,0.02371174404920804,-0.15528538291814087,0,10
2023-10-24,50.38566589355469,50.73071189004143,49.350535018885,49.63030281222998,2546500,0.029927654839844386,3.0,0.02383463459073561,-0.16171302822011013,1,10
2023-10-25,50.56285095214844,50.69340735408158,49.574346890176535,49.63030115846009,2372200,0.0035165766979854407,0.0,0.025203421136196762,-0.12586960200505393,2,10
2023-10-26,50.50689697265625,51.66326028869558,50.47892161705209,50.805312623751206,2644200,-0.001106622321299544,-0.0,0.024444852923814372,-0.091944383053709,3,10
2023-10-27,49.574344635009766,50.90789106391188,49.40648539519027,50.35768656836908,2296800,-0.01846386124555144,-2.0,0.024310307216654562,-0.07844135863372381,4,10
2023-10-30,49.78883361816406,50.32971421368269,48.91223808039392,49.83546039702717,2651700,0.004326612580226152,0.0,0.02410747797774403,-0.0732217738826969,0,10
2023-10-31,50.16185760498047,50.44162185028447,49.46244521302278,50.0406251276371,2919700,0.007492121419777842,1.0,0.023859237023006033,-0.08185721991597328,1,10
2023-11-01,49.509071350097656,50.17118088542693,48.52056723499816,49.49041992633404,3497500,-0.013013598101239365,-1.0,0.022322605115531385,-0.03481062598439244,2,11
2023-11-02,50.61880111694336,50.95451960823254,49.84478664637785,49.90073735666264,2797400,0.02241467546418674,2.0,0.02239587126413103,-0.05280995326706517,3,11
2023-11-03,51.69123458862305,52.51187939107194,51.22495969863539,51.65393174364921,4049300,0.021186465266177956,2.0,0.02303343040119354,-0.03261443283336174,4,11
2023-11-06,52.74501419067383,52.791640965855045,51.00114362825823,51.1317035791185,5270700,0.020386040504490444,2.0,0.02327508193486595,0.0039848067296126555,0,11
2023-11-07,52.54917526245117,53.75216525418828,51.87774188354721,52.56782668372556,3137900,-0.0037129372553525997,-0.0,0.023578724468461255,0.013438396744868575,1,11
2023-11-08,51.93368911743164,52.53984781743674,51.19697759202491,52.381312525902246,2249200,-0.011712574782488105,-1.0,0.022900454375011856,-0.01554867625468237,2,11
2023-11-09,50.58150863647461,52.34402739554734,50.55352972017171,52.19481955238234,2427100,-0.026036672994662502,-3.0,0.02260959574340047,-0.04444074314900037,3,11
2023-11-10,50.17117691040039,51.05709990330664,50.01264515706304,50.88924066012883,2398300,-0.008112287219885883,-1.0,0.02296560523352801,-0.08021014787515823,4,11
2023-11-13,49.45311737060547,50.11523046723688,48.9495431555979,50.11523046723688,2981600,-0.014312192458177497,-1.0,0.016287255405586152,-0.013929665654885515,0,11
2023-11-14,52.43727111816406,52.57715500122798,50.58149913956624,50.907890123522165,2972900,0.06034308666924093,6.0,0.016410745403485784,-0.03634376345913215,1,11
2023-11-15,53.38848114013672,53.733523602962926,52.26009662832971,52.41862840189468,3170600,0.018139960407725253,2.0,0.020773127307046835,0.0005337445099757865,2,11
2023-11-16,53.60296249389648,54.34900162821819,53.02478260947156,53.8267760128906,2821600,0.00401737133515323,0.0,0.02088686350728757,0.03227561888174124,3,11
2023-11-17,54.5634880065918,54.92718542196187,53.43510358636335,53.74284673227759,5534200,0.017919261697610267,2.0,0.02041998958388119,0.05487242350338595,4,11
2023-11-20,54.367652893066406,54.63809319015717,53.267243839120354,54.14384293211867,2658800,-0.0035891238020144822,-0.0,0.02042835541915955,0.0855287283744115,0,11
2023-11-21,54.85257339477539,55.04840797916226,54.07855898902949,54.47022815780324,2660800,0.008919283358852281,1.0,0.020337100798333896,0.0897196097328985,1,11
2023-11-22,55.514686584472656,55.57996478368079,54.53551003895552,55.10436596696506,3809000,0.01207077715264182,1.0,0.019610951610994784,0.12123520204658389,2,11
2023-11-24,55.26290130615234,55.589295880768255,54.97381313586987,55.40278520347277,946600,-0.0045354714907234195,-0.0,0.018878851595342343,0.10179523481447261,4,11
2023-11-27,55.0577392578125,55.440084521100296,54.65674257224298,55.32817954480498,2353100,-0.003712473349946954,-0.0,0.018987547655685572,0.0929546152065659,0,11
2023-11-28,55.8877067565918,56.16747096988504,54.84325203351271,55.11368875717236,2586800,0.015074492886329782,2.0,0.01903386452555177,0.09010338306112953,1,11
2023-11-29,55.68254852294922,56.727006875630856,55.44008713663808,56.111520583481735,2562000,-0.0036709009109302526,-0.0,0.01842688989087865,0.1273513985522965,2,11
2023-11-30,55.40278244018555,56.00894122181406,54.936507548900565,55.93433553165882,6350200,-0.005024304565520499,-1.0,0.018542952643094943,0.11837423125805069,3,11
2023-12-01,56.68037414550781,56.689701635392375,55.206947351909335,55.49603550521928,2103300,0.023060063936348074,2.0,0.01867648277099336,0.10448027815231309,4,12
2023-12-04,56.5964469909668,57.05339796556488,55.45873863571005,56.05556994811921,2223500,-0.0014807092544160128,-0.0,0.01860465919158719,0.1448482591139535,0,12
2023-12-05,56.13017272949219,56.76430689557417,55.59861961342277,56.51251801574204,2029700,-0.0082385783254032,-1.0,0.018319166487329182,0.11809141548440527,1,12
2023-12-06,56.51251220703125,56.8295792574821,56.04623734209735,56.568466471485486,2653100,0.006811656885177708,1.0,0.018183093473738948,0.08587409792386969,2,12
2023-12-07,56.29803085327149,56.65240077600687,55.4867135172413,56.65240077600687,2712500,-0.0037952896691977323,-0.0,0.017812135223687114,0.0714285146030651,3,12
2023-12-08,55.62659454345703,56.58711965679413,55.45873530225705,56.37263363912638,1921800,-0.011926461718783976,-1.0,0.01781379750660433,0.07133995104770086,4,12
2023-12-11,56.689697265625,56.801602233848286,55.16964025456324,55.28154522278653,2885300,0.01911141120345672,2.0,0.017822950016290234,0.07110808973487415,0,12
2023-12-12,56.14882278442383,56.69902731048541,55.766477507492574,56.69902731048541,1773300,-0.009540966124176875,-1.0,0.016784181694004686,0.12075932082313856,1,12
2023-12-13,58.83456039428711,58.946465361606,55.69186891850457,56.1115134352991,2357900,0.04783248297430598,5.0,0.01684521856249926,0.11914501995236804,2,12
2023-12-14,59.24488830566406,60.20541347183642,58.97445156431719,59.28219115184819,3227700,0.006974266632181703,1.0,0.01856072080679505,0.18970377445321351,3,12
2023-12-15,58.26932907104492,59.23074516000398,57.41159563809092,58.72175953721429,6718600,-0.01646655538594155,-2.0,0.014257222818642414,0.12982401719874903,4,12
2023-12-18,58.42013931274414,59.01395587354274,58.06196384481508,58.15622243932153,4266600,0.0025881581975200074,0.0,0.014765649764588367,0.09142136705662618,0,12
2023-12-19,58.06196594238281,58.825444405277,57.85460421817285,58.825444405277,2339600,-0.0061309913768589075,-1.0,0.014770197779502853,0.089867734817757,1,12
2023-12-20,57.05342483520508,58.4484197855106,56.996873269559,58.156227108077815,2264800,-0.017370081959996786,-2.0,0.014585193110603831,0.06411756402685187,2,12
2023-12-21,57.41159439086914,57.85460078577668,56.94031221606457,57.34561517404431,1106400,0.006277792379661973,1.0,0.015196683652705883,0.049400181895312034,3,12
2023-12-22,57.57183456420898,58.45784379481052,57.298490028653966,57.50585174907691,1062200,0.0027910768728853785,0.0,0.015150949682939889,0.04665270629467844,4,12
2023-12-26,57.9111557006836,58.10909695822355,57.38332193550464,57.46815287570809,951900,0.0058938739583882516,1.0,0.014985579441465927,0.03705592350964837,1,12
2023-12-27,57.835750579833984,58.09024339235568,57.515278548761984,57.9017297983843,1318500,-0.0013020828187120248,-0.0,0.01493648352805651,0.047921016304593334,2,12
2023-12-28,58.40129470825195,58.49555331424093,57.53413710674237,57.53413710674237,937700,0.009778452302392271,1.0,0.014896887768727416,0.050456327474929674,3,12
2023-12-29,58.17507553100586,58.30703397083104,57.62838645676116,58.00541365248839,1485900,-0.0038735301738803685,-0.0,0.014716228002696893,0.044975686023540185,4,12
2024-01-02,60.07905578613281,60.1733107868709,57.864027312809846,57.9771340328151,2188000,0.032728453512916866,3.0,0.014720334803159279,0.04476316322032847,1,1
2024-01-03,60.59746170043945,60.92735777803685,59.28729785569899,59.82455923669907,2511800,0.008628729388691525,1.0,0.016041382574272643,0.08440502696766017,2,1
2024-01-04,59.27787399291992,60.92736167767707,59.211894773177455,60.63516901755983,2351100,-0.02177628683595445,-2.0,0.015482828248757402,0.06910835741619903,3,1
2024-01-05,58.50497055053711,59.24016961347546,58.118519300069806,59.098787114386106,3340600,-0.013038649842184391,-1.0,0.01640227487185495,0.0473780094778935,4,1
2024-01-08,59.2590217590332,59.26844941639901,58.27875753325849,58.36358487596406,1806600,0.012888669140423525,1.0,0.016589342589474407,0.042308756691160854,0,1
2024-01-09,54.66873550415039,56.34649899489335,54.63103206499714,56.34649899489335,7426200,-0.07746139100217408,-8.0,0.016727981945378913,0.04860002581269485,1,1
2024-01-10,55.008056640625,55.13059101422739,53.84870290896521,54.05606462321808,3414900,0.006206859063876635,1.0,0.024162635423399616,-0.028940538850595,2,1
2024-01-11,53.83927917480469,54.88552626623385,53.06637663071427,54.78184360375378,2717500,-0.021247386968350712,-2.0,0.024080787004929667,-0.011119463772832794,3,1
2024-01-12,53.613059997558594,54.34825902300143,53.3774189154964,54.18802481308597,2195400,-0.0042017497394719605,-0.0,0.024068765014535944,-0.05028106037441704,4,1
2024-01-16,53.00982666015625,53.64134312065472,52.755333825215686,53.42455372694936,2617800,-0.011251611779477089,-1.0,0.024015175760312188,-0.045161459512712665,1,1
2024-01-17,51.61482620239258,53.12293143599547,51.41688853657904,52.33117717714338,2880700,-0.026315884160628578,-3.0,0.021190013768410502,-0.09900190797884245,2,1
2024-01-18,50.89847946166992,51.68080966817151,50.47432474703641,51.37918574118925,2993700,-0.013878701013420258,-1.0,0.02151326730155458,-0.12878853047887373,3,1
2024-01-19,50.34236145019531,50.964453773176366,49.96533427449872,50.8984745567691,5158000,-0.010926024065088358,-1.0,0.02145956620901658,-0.12649621553713253,4,1
2024-01-22,49.74855041503906,50.907904254611736,49.60716790519733,50.521452974754176,3718700,-0.011795454524788584,-1.0,0.021385554124049928,-0.13827043135425543,0,1
2024-01-23,49.842803955078125,50.37063769116972,49.09817725383731,49.96533473204359,4203100,0.001894598722027574,0.0,0.021411908539474195,-0.14318177816427158,1,1
2024-01-24,50.106719970703125,50.48374714343823,49.8239513889506,50.31408527526719,6364800,0.005294967270759177,1.0,0.02136283913134358,-0.12638366409999646,2,1
2024-01-25,51.709083557128906,51.89759715624057,50.77594321910495,51.34148401643996,4503500,0.03197901573606621,3.0,0.02133521907185474,-0.12723691960953099,3,1
2024-01-26,51.95414733886719,52.91556343275813,51.624251245884,52.04840593371791,4415800,0.004739279153294751,0.0,0.022849706845135133,-0.10183366660899851,4,1
2024-01-29,51.99185180664063,52.36887900231604,51.37918351256752,51.822189928146464,2756400,0.0007257258506720987,0.0,0.022823946040476634,-0.10286460854978408,0,1
2024-01-30,51.661956787109375,52.23691805891704,51.52057068687599,51.78448757200723,3605200,-0.006345129247524173,-1.0,0.022844215867372297,-0.10104301776332414,1,1
2024-01-31,51.10584259033203,52.29347214464069,50.95503243112462,51.79391416644072,6070200,-0.01076448186174983,-1.0,0.022599208061781093,-0.11539706362349411,2,1
2024-02-01,52.74590301513672,52.755330672681175,50.82307077422176,51.09641531344551,2422500,0.032091446724624495,3.0,0.02262331884032148,-0.12151652363401066,3,2
2024-02-02,52.02955627441406,52.67992442444,51.19067452282182,51.907021894056285,2443300,-0.013581087814859893,-1.0,0.022569297053220968,-0.12205838915146039,4,2
2024-02-05,50.60627746582031,51.53941773241728,50.568577625361975,51.3226283684922,2224900,-0.02735519790111407,-3.0,0.022372423848814393,-0.14139050028828615,0,2
2024-02-06,50.65341567993164,50.9079049200931,50.398922844172105,50.63456395925337,2942800,0.0009314697004372263,0.0,0.022588875664791314,-0.1462872391161555,1,2
2024-02-07,50.70054244995117,50.87020433800171,49.965339736532805,50.82307323918922,2379600,0.0009303769427380093,0.0,0.022615706019871815,-0.13420321037206961,2,2
2024-02-08,50.96445846557617,51.00216190573679,49.68257026489887,50.38006952547845,3148500,0.005205388401623656,1.0,0.022248316290745244,-0.1444249171692985,3,2
2024-02-09,51.82219314575195,52.09553769980853,50.67226336358159,50.78537368666585,3498000,0.016830055807521838,2.0,0.0154672502123549,-0.06775860104342446,4,2
2024-02-12,52.28404998779297,52.727052824082286,51.69965745342314,51.82219183586817,2375600,0.00891233685811077,1.0,0.01595701385297521,-0.057916306981843024,0,2
2024-02-13,51.36975860595703,52.632795016422826,50.67225938410672,51.9352957945725,3391800,-0.017487003819509073,-2.0,0.015558003760622559,-0.028886515771546994,1,2
2024-02-14,53.7827262878418,55.469913841521695,52.78360672330683,54.678159596848175,8427100,0.04697253301098736,5.0,0.0159479692591113,-0.04184244271272175,2,2
2024-02-15,55.25312042236328,56.01659882966815,54.216301090011335,54.92322434268701,5745800,0.027339523970057344,3.0,0.01901035224361639,0.014580308527333496,3,2
2024-02-16,55.488765716552734,55.583024314752834,54.29170848639546,55.05518695162588,5241800,0.004264832327806056,0.0,0.01877954311702471,0.07048932424385557,4,2
2024-02-20,54.21630859375,56.12971331188992,54.20688093554151,55.33795901548752,3555300,-0.022931797209234883,-2.0,0.018356744888392344,0.09018513526203886,1,2
2024-02-21,55.06460952758789,55.95062234876818,54.22572780203463,54.48964827427449,3286400,0.015646600734002813,2.0,0.019028623902629896,0.07695203466740952,2,2
2024-02-22,54.77241516113281,55.234269680846445,54.0654918959568,54.45194313709578,3568200,-0.005306391327603688,-1.0,0.018852223639111362,0.10685857312822877,3,2
2024-02-23,55.488765716552734,55.92234807707746,54.54620130813893,54.69701146966123,2184300,0.013078673878311076,1.0,0.01897687660067402,0.09890316785744235,4,2
2024-02-26,54.32941055297852,55.46048853361662,54.13147289515624,55.00805806048093,2045400,-0.020893511481160365,-2.0,0.019065479824331676,0.10741165554233922,0,2
2024-02-27,55.86579132080078,56.06372897796461,54.56505146761407,54.78184084387889,2677400,0.02827898834507092,3.0,0.01881986949463391,0.050674404100676806,1,2
2024-02-28,55.24369812011719,55.82808702083642,54.86667093511255,55.64900108553796,1741800,-0.011135494297598303,-1.0,0.019641507010372046,0.07529031236756101,2,2
2024-02-29,55.32853317260742,55.79038773321581,54.89495439451849,55.6207258469031,4728800,0.0015356512213533513,0.0,0.019898511862288217,0.06254530662939795,3,2
2024-03-01,55.05518341064453,55.63957229950757,54.22572577782117,55.32852793444734,3089400,-0.004940484525590594,-0.0,0.01978586411629273,0.07097246433400528,4,3
2024-03-04,56.21459579467773,56.539039372972816,54.16296674955336,54.659174789308025,2789100,0.021059095841809983,2.0,0.019616675681773884,0.07727767746577796,0,3
2024-03-05,55.47982406616211,56.99707431825711,55.45119787051261,56.39589872851759,2516500,-0.013070835396546299,-1.0,0.018955829113129777,0.0657623167157757,1,3
2024-03-06,55.8233528137207,56.262304799814814,55.27943325700471,56.01420261120074,2078900,0.006191958127857777,1.0,0.01893354749478655,0.06631361170083139,2,3
2024-03-07,56.70125579833984,56.968446966221066,56.01420163559812,56.28138916332229,2297900,0.01572644673544854,2.0,0.01759147666842455,0.103091466299295,3,3
2024-03-08,57.33106231689453,57.61733519357159,56.44361385108566,56.89210668982211,1874700,0.011107452730758194,1.0,0.017723342027159902,0.11939649157370225,4,3
2024-03-11,57.87498092651367,57.99903019894203,57.33106137769067,57.33106137769067,2871000,0.00948732829356369,1.0,0.017730315676366157,0.13077808533288682,0,3
2024-03-12,57.07341766357422,57.90361012748037,56.54857979083624,57.64596343727006,2028700,-0.013849909755602852,-1.0,0.017745115145077057,0.13559493554915725,1,3
2024-03-13,56.4340705871582,57.70321867625892,55.97603324647623,57.12112841825978,3252000,-0.011202186632395472,-1.0,0.018087734235187915,0.10133157628147837,2,3
2024-03-14,56.35773468017578,56.42453156701738,55.11721274704358,56.25276710366546,2950300,-0.0013526564039807454,-0.0,0.01838702736819711,0.07937450523312872,3,3
2024-03-15,56.2241325378418,56.79668191424881,55.823351250498206,56.02374189417,6062300,-0.00237060880981399,-0.0,0.01777999292368082,0.09709946492994281,4,3
2024-03-18,56.262306213378906,56.65354666997202,55.74701283928343,56.22413552489245,2246500,0.000678955349136201,0.0,0.014928141655131856,0.04539387306128262,0,3
2024-03-19,56.1096305847168,56.67263553431155,55.79473148553732,56.35773643513208,2784300,-0.0027136397161373615,-0.0,0.013774313069536945,0.018264774610035728,1,3
2024-03-20,56.50086975097656,56.930280912736734,55.76610034977745,56.00466170184895,1955200,0.006972763181341213,1.0,0.013774584896813071,0.011189019257259458,2,3
2024-03-21,55.24126434326172,56.77759998407962,55.22217899888518,56.68217690235414,3736100,-0.022293557838427347,-2.0,0.012723716012163757,0.0421378957085603,3,3
2024-03-22,55.24126434326172,55.918777687921406,55.13629676926936,55.727931524470456,2157100,0.0,0.0,0.013372760772569825,0.0032081370809562415,4,3
2024-03-25,54.88819885253906,55.58479759589186,54.57329610600776,55.241268650642255,1923800,-0.00639133616726717,-1.0,0.01331276674862734,0.00855995085755512,0,3
2024-03-26,53.714473724365234,55.17446800207332,53.590420804773096,54.85956891714839,2165600,-0.02138392500958397,-2.0,0.013067956936331657,-0.01082321540690745,1,3
2024-03-27,56.281394958496094,56.290939451273054,54.30610721192805,54.30610721192805,2840900,0.047788259963282176,5.0,0.013106722299648035,-0.011318672931554086,2,3
2024-03-28,57.035247802734375,57.2451829548777,56.10962860300136,56.55812510434125,1921000,0.013394352517278607,1.0,0.015683710179474612,0.007439322488224986,3,3
2024-04-01,56.18596649169922,56.97798822894895,55.851978439477264,56.97798822894895,1533100,-0.014890464120933311,-1.0,0.015689703791872393,0.03242993759617252,0,4
2024-04-02,56.55812454223633,56.9207388086553,55.83289600939838,55.88061119088932,1839500,0.006623683346126841,1.0,0.01609911239010332,0.015497127249278098,1,4
2024-04-03,55.75655746459961,56.55812372394277,55.38440235136122,56.47224149472181,1660800,-0.01417244797496997,-1.0,0.016088752544884205,0.027298812545617945,2,4
2024-04-04,56.2241325378418,56.87301964700887,55.63250145836253,56.71079968979561,1733600,0.008386010444404679,1.0,0.015770614439013366,-0.0081480320831816,3,4
2024-04-05,55.8328971862793,56.15734077040725,55.40348966506768,55.87106787621372,1426100,-0.006958495114160801,-1.0,0.015594053389179841,0.013415840518745448,4,4
2024-04-08,56.74897384643555,56.88256761705263,55.89969604166362,55.89969604166362,1654300,0.01640747133540077,2.0,0.015628570157559137,0.0001709745487779024,0,4
2024-04-09,57.216552734375,57.67459008494515,56.71080384231661,56.84439761454658,1862100,0.008239424543688312,1.0,0.015663234465442797,0.0008415695106545051,1,4
2024-04-10,56.36727523803711,56.67263347347697,55.61342050172613,56.52949884820302,2344800,-0.014843213296694358,-1.0,0.015575223231971608,-0.0019973392763348308,2,4
2024-04-11,56.4436149597168,56.93027849561084,55.86152470295134,56.76805853036522,1310100,0.0013543269806337577,0.0,0.015739756144494854,-0.02605107879674229,3,4
2024-04-12,56.10009002685547,56.77760341242477,55.75656108764922,56.63446514103634,2204600,-0.006086161084942865,-1.0,0.01547329637319852,-0.01103495689656897,4,4
2024-04-15,55.57525634765625,56.53904264594312,55.0313330947757,56.31956663029675,2131400,-0.009355309036901294,-1.0,0.015334627975846388,-0.00591806610488832,0,4
2024-04-16,54.58283615112305,55.25080864132519,54.07708362731546,55.25080864132519,2391600,-0.01785723110884141,-2.0,0.015464324174781172,-0.013884133863080406,1,4
2024-04-17,55.8328971862793,55.89015322118094,54.45878511005596,54.90728161639213,1994000,0.022902090167964406,2.0,0.015917941255915245,-0.029192026850998087,2,4
2024-04-18,56.29093933105469,56.48178550429707,55.42257613823514,56.08100417229917,1626200,0.008203803991170044,1.0,0.016771258599316413,-0.007632268493777072,3,4
2024-04-19,56.95890426635742,57.1688394105493,56.28139093393822,56.41498470200317,2323400,0.011866295770520674,1.0,0.016859472744168137,0.0032313302448880865,4,4
2024-04-22,57.54100036621094,58.06583463986821,56.73943403620723,56.94936920173315,1559400,0.010219580368531211,1.0,0.016989806779779095,0.008106680789156329,0,4
2024-04-23,57.58870697021485,58.19942706842442,57.082958085919714,57.28334874118867,1831900,0.0008290888879285419,0.0,0.016273158556548824,0.041630763710601704,1,4
2024-04-24,58.05628967285156,58.25668033111259,56.72034467079681,56.90165362459637,2087300,0.008119347129612597,1.0,0.01626889340770161,0.042494368202118604,2,4
2024-04-25,57.75093078613281,58.38073259079994,56.93982002971664,58.10400055719358,1432000,-0.005259703788158987,-1.0,0.016197836249171593,0.05771897942622961,3,4
2024-04-26,56.73942947387695,57.97040688885835,56.71080327730068,57.798642429086186,1590700,-0.017514891941771804,-2.0,0.015354372060429906,0.0751465439739869,4,4
2024-04-29,57.69367599487305,57.98949337925026,56.94936574792322,57.08295952146218,1789900,0.016818049279741842,2.0,0.012249515763312051,0.008138293582073297,0,4
2024-04-30,57.84635162353516,58.0944574509892,56.39589826660704,57.1115822732399,3515900,0.002646314800181626,0.0,0.012451425527442515,0.011544233040171159,1,4
2024-05-01,58.80059814453125,59.63079422978204,57.674588326975694,57.88452347131366,2087400,0.016496226541758974,2.0,0.011936557113330509,0.029551598655533473,2,5
2024-05-02,57.97040939331055,60.34648209603895,57.56008357058975,59.754847313416114,3164800,-0.014118712690304736,-1.0,0.0123379446768855,0.0396490092350974,3,5
2024-05-03,57.26426315307617,58.68609035855422,56.2050538482392,58.39027298287564,3447900,-0.01218114979046292,-1.0,0.012334444141030031,0.039705678208640016,4,5
2024-05-06,56.977989196777344,57.66504701630355,56.83485457781415,57.46465636566078,1751100,-0.004999172966455134,-0.0,0.012609523338564911,0.018499718328856662,0,5
2024-05-07,58.37118911743164,58.45707134866526,57.283349948577325,57.37877667225763,2076200,0.0244515459442205,2.0,0.012555220820843517,0.020509270845781025,1,5
2024-05-08,58.24713897705078,58.52387101140264,57.74138644940426,58.09445986157342,1567900,-0.002125194676628861,-0.0,0.013155789237708672,0.02858580800748678,2,5
2024-05-09,58.9341926574707,59.02961937890172,57.88452420283,58.15171174252242,1376500,0.01179549231921273,1.0,0.01308157730340691,0.01801202962122206,3,5
2024-05-10,59.086875915527344,59.40177865809888,58.60021234264835,59.25864038599227,1635800,0.0025907414893089342,0.0,0.012763101793528402,0.045539143210197475,4,5
2024-05-13,58.47615432739258,59.06778906980036,58.27576367600793,58.972362349981125,2147200,-0.010335993884799,-1.0,0.012761856294960936,0.04683011457889452,0,5
2024-05-14,58.11354446411133,59.15367206257103,58.07537377568999,59.04870448949095,1767500,-0.006200986837319955,-1.0,0.012933353117977801,0.042354019385702824,1,5
2024-05-15,58.4466667175293,58.91014555175073,58.24389541819536,58.755652607010255,2109000,0.005732265283245441,1.0,0.012811935736505827,0.045672989802810315,2,5
2024-05-16,59.34465789794922,59.70192582415001,58.1183685419628,58.4466665087891,3011100,0.015364283899369058,2.0,0.011971368033869046,0.07078838035657387,3,5
2024-05-17,58.86186981201172,59.26741611209776,58.533571829428745,59.14188943785654,1921700,-0.008135325116672143,-1.0,0.0114571556207218,0.06289769810714607,4,5
2024-05-20,58.68806457519531,58.91014796213393,58.5239174261808,58.90049376418116,980500,-0.002952764452972545,-0.0,0.01163742559713673,0.045672190080841224,0,5
2024-05-21,59.11292266845703,59.23844565825092,58.59150757985901,58.726688450961646,1622600,0.007239258890832323,1.0,0.011469632883944912,0.030358033236591142,1,5
2024-05-22,57.75144958496094,58.94876897086091,57.70316754756953,58.56253845554576,1565600,-0.023031733537049126,-2.0,0.01137422644017543,0.02731829985995793,2,5
2024-05-23,55.549922943115234,57.25900326858596,55.47267831007944,57.23969118947639,1776800,-0.03812071658230731,-4.0,0.012558541548632854,0.002825946670937718,3,5
2024-05-24,55.549922943115234,56.303079294778456,55.376117914531605,55.63682545740705,2058900,0.0,0.0,0.014931771022317767,-0.043171321210152436,4,5
2024-05-28,54.84505081176758,56.38032616970285,54.80642665201261,55.69476390936387,1506200,-0.012688984862669672,-1.0,0.014918333737617412,-0.038112075650667876,1,5
2024-05-29,54.81608581542969,54.90298833520912,54.13052353906005,54.41053949532474,1972300,-0.0005281241590476826,-0.0,0.014698770667531499,-0.03338734068486804,2,5
2024-05-30,55.58855056762695,55.6175168463963,54.73883745083346,55.1733500493871,1675300,0.014091935619011897,1.0,0.014092052506870192,-0.049877046830905325,3,5
2024-05-31,57.19141006469727,57.22037634025809,55.67544692030938,55.85890613786508,4679600,0.028834345934606542,3.0,0.014509626498014403,-0.039031001827081635,4,5
2024-06-03,57.62592315673828,57.85766073020751,56.96932722623827,57.23003475894289,2077300,0.0075975236761860465,1.0,0.015503031241779625,-0.027366865824708264,0,6
2024-06-04,58.726688385009766,58.929459691436,57.38453018999444,57.587301496420686,2705300,0.019101910528660504,2.0,0.015321834150837554,-0.0059424496079549805,1,6
2024-06-05,57.47143173217773,58.72668739128388,57.4134954955781,58.69772111468527,1865400,-0.021374551968648903,-2.0,0.015613787198681436,0.025538183002971726,2,6
2024-06-06,56.80518341064453,58.17630790357524,56.69896881516912,57.18175975212824,1238300,-0.011592687035151261,-1.0,0.01633720701214587,0.00866023077255762,3,6
2024-06-07,56.56378555297852,57.02726439087419,56.22582970134045,56.3223900946952,1944500,-0.004249574478458085,-0.0,0.015574884097953897,-0.026828401656108225,4,6
2024-06-10,57.00794982910156,57.336247785403245,56.28376348579509,56.43825642503105,1785700,0.007852449615611823,1.0,0.015588236777977127,-0.028900190698387673,0,6
2024-06-11,57.05623245239258,57.25900375967844,56.341700252820175,56.341700252820175,1661900,0.0008469454424471223,0.0,0.015445972644875513,-0.03268463928172538,1,6
2024-06-12,56.91139221191406,57.93491028633077,56.35135666118211,57.93491028633077,1301800,-0.002538552481525458,-0.0,0.015427744067820952,-0.03436708121170329,2,6
2024-06-13,56.68931198120117,57.16244872886062,55.82029048865891,57.02726785335866,1411000,-0.0039022104728339,-0.0,0.01529901048198835,-0.026758977800041772,3,6
2024-06-14,56.978981018066406,57.11416556559708,56.023057088357255,56.38997920770736,1677400,0.005109764552466034,1.0,0.015269474492837278,-0.02450775453542864,4,6
2024-06-17,55.665794372558594,56.76655707731803,55.53060982132994,56.46722538184388,2293000,-0.023046860825598814,-2.0,0.015256208867838648,-0.025111538123399946,0,6
2024-06-18,56.00374603271485,56.19686313502537,55.45336468534139,55.45336468534139,2352800,0.006071083040590786,1.0,0.01548460069603563,-0.06199148593487391,1,6
2024-06-20,55.99409484863281,56.45757370908026,55.52095810667877,55.810631934033104,1734500,-0.0001723310450768567,-0.0,0.015555889233173319,-0.04855645579090351,3,6
2024-06-21,55.21197128295898,56.293421939379655,55.21197128295898,56.00374811683514,4191400,-0.013967965153970696,-1.0,0.015561453733717374,-0.045903195923436835,4,6
2024-06-24,56.00374603271485,56.13892689931151,55.05747628313588,55.33749589731602,1569400,0.01434063539767605,1.0,0.015611817730498672,-0.06599151605778453,0,6
2024-06-25,55.12506866455078,56.34170019031875,55.06713242678945,56.080996328899,1543600,-0.0156896177561191,-2.0,0.015357628087886297,-0.030262505353652713,1,6
2024-06-26,55.00919723510742,55.17334437579103,54.410533857149744,54.88367056767729,1407800,-0.0021019734260734335,-0.0,0.013316689046514231,-0.007648152437574329,2,6
2024-06-27,55.22162628173828,55.67545094312772,54.8160836609752,54.951264534562895,1274000,0.003861700539328883,0.0,0.013322368328427566,-0.009734049650465426,3,6
2024-06-28,54.758148193359375,55.42440205599871,54.36225976510521,55.35681161825307,3215800,-0.008393053946188833,-1.0,0.013044518240673361,0.0068661705002905915,4,6
2024-07-01,54.613311767578125,55.41474280246499,54.381570498614174,55.10575689944807,1984800,-0.002645020523152297,-0.0,0.013184854331584846,-0.0010569456247823128,0,7
2024-07-02,54.57468795776367,55.29887436322752,54.33329248927573,54.77745926727694,1987100,-0.0007072233593675703,-0.0,0.012792505674749235,-0.017543878911942312,1,7
2024-07-03,55.33749771118164,55.84925491818702,54.72918010815474,54.82573682077378,1105600,0.013977354373667206,1.0,0.010851977514518421,-0.04575376099266404,2,7
2024-07-05,55.29887390136719,55.878221547538494,55.08644471218321,55.37611853526886,1753600,-0.0006979681303270757,-0.0,0.011222122444199258,-0.0397117359722341,4,7
2024-07-08,55.33749771118164,55.5113027406179,55.038166008618646,55.211971038054905,1535600,0.0006984556300972944,0.0,0.010153077439451208,-0.05836893885740613,0,7
2024-07-09,55.8492546081543,55.91684504329291,54.92229691190835,55.26990696885119,1914800,0.00924792262280505,1.0,0.009236302728863879,-0.03713034383657643,1,7
2024-07-10,56.09065246582031,56.1678971021032,55.318187685978415,56.00374994787544,1876900,0.004322311181405913,0.0,0.009246538438162432,-0.01682819674359337,2,7
2024-07-11,57.35556411743164,57.66455001882177,56.45757269045328,56.6217198390782,2619600,0.02255120231275831,2.0,0.00927427227940902,-0.008364593750803118,3,7
2024-07-12,58.26321029663086,58.53357204206871,57.19141382949863,57.55833597216608,2294900,0.015824901963144677,2.0,0.010410083944938565,0.006097645843643917,4,7
2024-07-15,57.22037887573242,58.0894040150871,57.03691965004752,57.79973019643636,1625000,-0.01789862617574889,-2.0,0.010945785132759065,0.021154180575196246,0,7
2024-07-16,57.66455078125,57.75145329737764,57.123823604966645,57.5293699080298,1413200,0.00776247753413517,1.0,0.011686054750163748,0.005429258568615314,1,7
2024-07-17,59.43156051635742,59.68261385324291,57.58729938029299,57.683859772711386,2593700,0.0306429116531326,3.0,0.011752217298348713,0.017203221664997992,2,7
2024-07-18,59.27706527709961,60.232992866322064,58.91980104748816,59.01635775276621,1695300,-0.002599548756847647,-0.0,0.01341504235710968,0.04304358299270694,3,7
2024-07-19,58.99705123901367,59.4895000592201,58.54323026132452,59.4895000592201,1696000,-0.004723817496311122,-0.0,0.012184646643086713,0.0648741465965903,4,7
2024-07-22,59.63433456420898,59.9819446261338,58.94877232174756,59.14188943208384,1530700,0.01080195216221047,1.0,0.012278959166439061,0.053448303342963355,0,7
2024-07-23,58.726688385009766,59.866075273598845,58.64944375163893,59.70192812555926,1183900,-0.01522019463840818,-2.0,0.012390155231702466,0.0650111360031218,1,7
2024-07-24,60.860626220703125,60.94752873938534,59.18051577071716,59.51846796370208,2386500,0.03633676432941946,4.0,0.012478981461053116,0.06365860555925473,2,7
2024-07-25,61.41100311279297,62.54073208950511,60.94752427490575,61.23719808815997,3254400,0.009043234127988908,1.0,0.014271381645936458,0.08672420207660947,3,7
2024-07-26,62.280033111572266,62.34762355050951,61.15995824480878,61.497910439495,3160900,0.01415104712071158,1.0,0.013562611338957668,0.11403041484616727,4,7
2024-07-29,62.704891204833984,63.12009171823743,62.02897945193252,62.43452945039552,2395700,0.006821738397290167,1.0,0.013586287009921936,0.13217491332203113,0,7
2024-07-30,63.68978118896485,63.79599578722418,62.4055554949603,62.579360531493286,2054000,0.015706748950629512,2.0,0.013578171180607999,0.13551330206967127,1,7
2024-07-31,62.675926208496094,63.53529353131407,62.54073796170616,63.35183060841851,4958500,-0.015918644428384754,-2.0,0.013302577819715864,0.16311057423027742,2,7
2024-08-01,63.79599380493164,64.104979708411,62.06760137500478,62.10622553379032,2578100,0.017870778530014286,2.0,0.014090964727271981,0.14763093795209903,3,8
2024-08-02,64.80020141601562,66.35478885278874,63.50631784890768,65.61128666991192,2955900,0.015740919628190797,2.0,0.01418733702962612,0.1689667168469109,4,8
2024-08-05,62.78212738037109,65.18643144251719,62.71453694690543,64.86778767040558,2500500,-0.031143021033045226,-3.0,0.01423238816050014,0.17099984813592184,0,8
2024-08-06,63.2359504699707,63.69943297866787,62.78212584204762,62.82074999833943,2173600,0.007228539530846012,1.0,0.016495077356099657,0.13532379506228764,1,8
2024-08-07,63.09111404418945,64.0566958865564,63.004215214442745,63.467697740173,1887100,-0.0022904127273303265,-0.0,0.016447832863853016,0.14273238013060863,2,8
2024-08-08,62.61798858642578,63.31320877580161,62.28003637403634,62.4538414213803,2782400,-0.007499082318189743,-1.0,0.016543970536611018,0.1296679693730023,3,8
2024-08-09,62.675926208496094,62.92697220457845,61.57515972133089,62.84007336750504,2768900,0.000925255240199041,0.0,0.01680134235449429,0.11637119259012008,4,8
2024-08-12,62.63729476928711,62.98490481080052,62.3089931226113,62.63729476928711,2606000,-0.0006163680626031232,-0.0,0.016353682088387052,0.09276104547017217,0,8
2024-08-13,63.48701095581055,63.55460139523578,62.75316663718997,62.840072840339765,2426200,0.013565659079837422,1.0,0.01616989888588872,0.0750745530564969,1,8
2024-08-14,64.16291046142578,64.45258796078043,63.00421519761683,63.10077190846677,2474700,0.010646264415971496,1.0,0.015525339832323607,0.10951748665781458,2,8
2024-08-15,62.61798858642578,63.66081887048953,62.43453302358907,63.2552762156222,3628300,-0.024078114036438447,-2.0,0.015563002121497306,0.11269245302590236,3,8
2024-08-16,62.8690299987793,62.96558670297861,62.49245369563893,62.82074796327748,2269200,0.004009094160011717,0.0,0.01567295084124605,0.05361508333928655,4,8
2024-08-19,63.57390213012695,63.70909035948969,62.685568642800106,62.85937366134706,2722500,0.011211754521444739,1.0,0.015629465856899814,0.060596196942080516,0,8
2024-08-20,63.72840118408203,63.85392417072824,63.458039448656514,63.631844473830746,2194100,0.0024302276371024334,0.0,0.015626545715010137,0.07757762116908462,1,8
2024-08-21,64.24015808105469,64.41396310542406,63.70909249372946,63.7284008889684,2247700,0.008030279866812151,1.0,0.015542348637234214,0.06865284319497067,2,8
2024-08-22,64.82917022705078,64.93538482875452,64.32707086456487,64.35603714379216,2483400,0.009168908726110425,1.0,0.014976255271457985,0.09388354507406982,3,8
2024-08-23,64.48155212402344,65.11883965499514,64.26912294703287,65.04159134212502,1562900,-0.005362063123897531,-1.0,0.013139281834104805,0.06520708465858127,4,8
2024-08-26,64.6650161743164,64.9353779073609,64.35603028415059,64.69398245045622,1406100,0.0028452176514004446,0.0,0.013189175245071861,0.04999998136475359,0,8
2024-08-27,64.15325927734375,64.80019733676963,64.01807841020415,64.55880187876254,1560500,-0.007913968436861207,-1.0,0.012913802796637097,0.038294505374965704,1,8
2024-08-28,64.73260498046875,65.01262458745623,64.1725657664938,64.24981407879473,1366800,0.009030651125929712,1.0,0.013031165645719734,0.02309816737865744,2,8
2024-08-29,64.36569213867188,64.97400607557553,63.80565287604651,64.72295272219085,1089700,-0.0056681303325825105,-1.0,0.012736891863603168,0.01637348679861028,3,8
2024-08-30,65.20574951171875,65.21540739416234,64.09532876849279,64.58777763783412,3607800,0.013051321987449738,1.0,0.012249147475139168,0.0269603663223843,4,8
2024-09-03,65.39886474609375,65.78509160921064,64.94504007844569,65.17677766967685,1526500,0.002961628933354943,0.0,0.01196580785613236,0.02209787202465563,1,9
2024-09-04,65.82371520996094,66.33547242937006,65.08987828282585,65.38920630924135,1572000,0.006496297229571679,1.0,0.011500440783451065,0.009238602920918826,2,9
2024-09-05,65.70783996582031,66.6347975467316,65.57265911236267,66.6347975467316,1366400,-0.0017603874799684283,-0.0,0.008978569457809244,0.04844671495698316,3,9
2024-09-06,65.08021545410156,66.05545514470815,65.01262502208752,65.86233436266475,1104600,-0.009551744693559017,-1.0,0.008945764418569178,0.03908993978074937,4,9
2024-09-09,65.7175064086914,65.74647268905305,65.08022614031779,65.19609126176438,1351400,0.009792391591562755,1.0,0.009249624266589294,0.031527441543018675,0,9
2024-09-10,65.65956115722656,66.23890875290004,65.21539442165009,65.82370829208658,2617300,-0.0008817323515668551,-0.0,0.009175939428597893,0.049498840384942344,1,9
2024-09-11,65.45679473876953,65.52438517384851,64.5781117159378,65.35058014553042,2126100,-0.0030881476343025405,-0.0,0.00919834937337221,0.047604162063838995,2,9
2024-09-12,65.1767807006836,66.0554637987891,64.85813689366914,65.5726728306359,1685000,-0.004277845244385126,-0.0,0.00925261704521718,0.04501311846029643,3,9
2024-09-13,65.63059997558594,65.65956625259682,65.05125233495342,65.25402364083456,1850200,0.006962897983354699,1.0,0.008965746579020838,0.026615991514377546,4,9
2024-09-16,66.0457992553711,66.36444303024727,65.6885313229216,65.94924254484022,1984800,0.006326306325701747,1.0,0.0088082033741421,0.022874422366524705,0,9
2024-09-17,65.88165283203125,66.25822916398758,65.69818992325077,66.04579997841121,1600300,-0.002485342371361998,-0.0,0.006708770177570156,0.05474162850526931,1,9
2024-09-18,65.1671142578125,65.8044017881229,64.8291620978621,65.61128100614798,1624800,-0.010845790041735914,-1.0,0.006787974091076675,0.04791902838822937,2,9
2024-09-19,64.88710021972656,65.07056313665223,64.18222956371623,64.75191934414087,2331500,-0.004296861097426441,-0.0,0.007034536647472851,0.02506078869320416,3,9
2024-09-20,64.82917022705078,65.21540447262753,64.47190226070133,64.82917022705078,4668600,-0.0008927813460550826,-0.0,0.007128394862326301,0.018181831241891322,4,9
2024-09-23,64.931640625,65.35131033485429,64.73644852808687,65.32203226492744,2064800,0.0015806217724265714,0.0,0.0069446052297926645,0.009168908726110425,0,9
2024-09-24,64.92188262939453,65.76122209878808,64.41437867971784,64.59005455577932,1999600,-0.0001502810573018598,-0.0,0.006660270251495177,0.0015806217724265714,1,9
2024-09-25,64.54125213623047,65.2732337045447,64.39486177944887,65.23419379403575,1554800,-0.005862899807402178,-1.0,0.006542772694928381,0.006828782665221356,2,9
2024-09-26,64.40461730957031,65.39035459054521,64.22894143222925,64.39486291634704,1432700,-0.0021170154302515565,-0.0,0.006651407942695638,-0.0019139257268924181,3,9
2024-09-27,65.8978500366211,66.05400966125396,64.59004668777413,64.59004668777413,1844600,0.023185181271605737,2.0,0.006426075228269485,0.003918086704525869,4,9
2024-09-30,66.41513061523438,66.5322429006686,65.81978501060512,65.81978501060512,1888300,0.007849733767123057,1.0,0.007957765017997874,0.018000898565783352,0,9
2024-10-01,66.10281372070312,66.46391983463795,65.10731469405346,66.00521022883869,3450800,-0.004702496127585887,-0.0,0.007948336558835855,0.03184054126454683,1,10
2024-10-02,65.07804107666016,66.33705025760494,64.55101345816456,65.5562669458852,2741600,-0.015502708377480356,-2.0,0.007597326726756618,0.013757440343863392,2,10
2024-10-03,64.30702209472656,65.38059360534618,63.99471024716264,65.04876552497905,1604600,-0.011847605877155276,-1.0,0.008350926749804413,-0.004905645849957341,3,10
2024-10-04,63.80926513671875,64.01421906486966,63.12608537621571,63.50671516365325,1593500,-0.0077403204470360976,-1.0,0.008571821969957276,-0.02304174278824145,4,10
2024-10-07,62.540504455566406,63.70191010032488,62.472186476462966,63.43840002266911,1374500,-0.019883643518443184,-2.0,0.00869419742614412,-0.028894190253235474,0,10
2024-10-08,62.189151763916016,62.94064952248486,62.150111855586296,62.911371452762864,2061000,-0.005618002200478256,-1.0,0.00944121857873427,-0.03902431761809877,1,10
2024-10-09,61.86708068847656,63.0675337199201,61.58404692584188,62.21843243201607,1533800,-0.005178894812106538,-1.0,0.009083046158797474,-0.05368972192634425,2,10
2024-10-10,62.32579040527344,62.87233425323453,61.67188494325477,62.14035269424316,2094200,0.007414439338210288,1.0,0.009091151957482096,-0.0577597596132059,3,10
2024-10-11,62.28675079345703,62.47218850537509,61.9256409317467,62.296512632532064,1718100,-0.0006263797308072583,-0.0,0.009358861774926258,-0.047833144687141615,4,10
2024-10-14,62.48194122314453,62.55025920263506,62.072033346201344,62.28674912348624,1677500,0.003133739153206916,0.0,0.009353995767527535,-0.04434140312174473,0,10
2024-10-15,63.82879257202149,64.13134256290311,62.71618121305527,62.81377726371695,3339800,0.021555849938574845,2.0,0.009204296315129177,-0.04797546805320507,1,10
2024-10-16,64.1703872680664,64.35582499045297,63.711677604964,64.14110919528999,2259900,0.0053517336343074096,1.0,0.010435440930775369,-0.03356771677146908,2,10
2024-10-17,63.43840408325195,64.29725979639782,63.39936417182236,64.28750540311673,1624300,-0.01140686874393726,-1.0,0.010540783209824416,-0.025974842621629524,3,10
2024-10-18,64.54125213623047,64.90236572386205,63.22368680248516,63.57503855096412,1622400,0.017384549137321015,2.0,0.01056713401754467,-0.026527339659716542,4,10
2024-10-21,64.54125213623047,64.89260388470943,64.25821836961677,64.63885563555361,1227800,0.0,0.0,0.011286813944956394,-0.005329997523775165,0,10
2024-10-22,64.63885498046875,64.76572910376085,63.72143570806003,64.35582121672347,1297100,0.0015122552012512003,0.0,0.011285731633857786,-0.004441181181433329,1,10
2024-10-23,65.47818756103516,65.53675114976966,64.58029195885597,64.68764985108407,1382900,0.012984954340853117,1.0,0.01128521684484462,-0.004509136712287587,2,10
2024-10-24,65.21467590332031,65.61482939128432,64.90236407329289,65.61482939128432,1499100,-0.004024418932934148,-0.0,0.011643792608958068,0.008568835485198045,3,10
2024-10-25,64.25821685791016,65.52698785824698,64.19966071657508,65.31227207854985,1386900,-0.014666316011875735,-1.0,0.011600622016625295,0.010434005303591176,4,10
2024-10-28,64.8926010131836,65.23419090739442,64.41437516128843,64.59981286647485,1554400,0.009872420778127333,1.0,0.012059479050452872,-0.0022731359609895474,0,10
2024-10-29,62.99921417236328,64.61932944186097,62.79425278864429,64.47293164467654,1891400,-0.029177237639706477,-3.0,0.011088388016608842,-0.01525465584808694,1,10
2024-10-30,63.9166259765625,64.06302377375681,63.12608829625503,63.38959837432376,2212300,0.014562273772006362,1.0,0.012517185059336187,-0.051432804712237434,2,10
2024-10-31,64.26797485351562,65.01948003751448,63.91662313431373,63.97518671824801,3621700,0.005496987232742168,1.0,0.013037918245303525,-0.033072536872298386,3,10
2024-11-01,62.14035415649414,64.64861072648337,62.052519941477016,64.18014668752208,2303900,-0.033105457296124796,-3.0,0.012713042891112001,-0.01244761227816149,4,11
2024-11-04,61.8768424987793,62.61858589547421,61.50597080043183,61.90612056971042,2063700,-0.004240588282635405,-0.0,0.014395220044969868,-0.03369255592399911,0,11
2024-11-05,60.57879257202149,61.80852365670481,59.57353910485152,61.49620810457121,4821000,-0.020977959998256468,-2.0,0.014339896464874456,-0.030284358138258027,1,11
2024-11-06,59.24170684814453,60.28600021637596,58.441407327127,60.28600021637596,4184200,-0.022071845065041784,-2.0,0.01441236326206617,-0.03136706204438544,2,11
2024-11-07,59.35882186889648,60.27623737892278,59.12458986436026,59.32954379909211,2853100,0.001976901527367403,0.0,0.015083787717840948,-0.04739484029241381,3,11
2024-11-08,59.92488861083984,60.12984254296798,59.446659046157,59.53449697750485,2412700,0.009536354060287966,1.0,0.015093959034493627,-0.04054270529120463,4,11
2024-11-11,59.622337341308594,60.051765177056346,59.36858537542371,59.641857296076765,2131300,-0.005048841583937702,-1.0,0.015166076315898142,-0.038521802592822896,0,11
2024-11-12,59.11483001708984,59.534499739325874,58.7342002046085,59.34906575256721,1699100,-0.008512033356114945,-1.0,0.01518026760892196,-0.042776568342497656,1,11
2024-11-13,59.37834167480469,59.57353749346439,58.69515817102104,59.48569956122005,2014200,0.004457623537759803,0.0,0.015197241125397238,-0.0538893501088511,2,11
2024-11-14,60.002967834472656,60.43239567510713,59.20266829512387,59.29050623105487,1728600,0.010519427489046995,1.0,0.014272554403810212,-0.06972481724756296,3,11
2024-11-15,60.36407470703125,60.56903236276168,59.651613138869855,59.749212908991616,1718500,0.006018150194749827,1.0,0.014473009564347598,-0.06494303075006713,4,11
2024-11-18,60.57879257202149,60.77398839596098,59.99320882325369,60.149364737795146,1684000,0.0035570472343418036,0.0,0.014471959683511018,-0.04846164434064537,0,11
2024-11-19,60.18840026855469,60.40311604485446,59.66137638962442,60.40311604485446,2130700,-0.0064443724757747844,-1.0,0.013833873195579214,-0.061394215839587596,1,11
2024-11-20,60.129844665527344,60.15912273599328,59.71993306375082,60.1005665950614,2371600,-0.0009728718950176019,-0.0,0.013837325994943108,-0.06744294112063398,2,11
2024-11-21,61.24245834350586,61.29125637048415,59.91513116061186,60.19816492935708,1452800,0.01850351824734342,2.0,0.01380535487133473,-0.06975696454251623,3,11
2024-11-22,61.85731887817383,62.218428716111234,61.14485731768089,61.320533178958655,1415900,0.010039775529898654,1.0,0.014179217831990712,-0.06468916406064207,4,11
2024-11-25,62.44290542602539,62.53074336063906,61.84755983842727,62.237951486277055,3368900,0.00946673018604094,1.0,0.014461853015557483,-0.05148161788189687,0,11
2024-11-26,62.05251693725586,62.31602701565125,61.3205353964782,62.247709036356056,1420800,-0.006251927038084637,-1.0,0.014398201039726872,-0.028250261533071197,1,11
2024-11-27,63.03824996948242,63.643357421669656,62.03300018271863,62.2086760594116,1309800,0.01588546413392522,2.0,0.01420324385570196,-0.04376591524433948,2,11
2024-11-29,62.940650939941406,63.15536671753978,62.51122683084599,63.06753250639571,912500,-0.001548250936348361,-0.0,0.013270458076079638,0.0006196235561342078,4,11
2024-12-02,62.14035415649414,62.940653715312834,61.84756227061793,62.940653715312834,2165500,-0.01271510179027091,-1.0,0.012852534155042478,-0.015269501819119347,0,12
2024-12-03,59.83705139160156,62.02323413975341,59.79801148319335,61.4864484298175,2208300,-0.03706613514129553,-4.0,0.013030013143430517,-0.033105457296124796,1,12
2024-12-04,60.30551910400391,61.261974521394855,59.60281564508379,59.84680948798098,2831000,0.007829057440288612,1.0,0.013529156196701015,-0.03706613514129553,2,12
2024-12-05,60.159122467041016,60.70567002594938,59.92489045825933,60.49095424869062,1674600,-0.0024275827343500644,-0.0,0.013671850469519235,-0.025394369384740045,3,12
2024-12-06,58.34380722045898,60.39335775915476,58.23644933261127,60.16888386776891,2574400,-0.030175228163884626,-3.0,0.01290330066026037,-0.006927673648852162,4,12
2024-12-09,58.80251693725586,59.70041250425422,58.22669131127191,58.55852309104318,2299300,0.00786218347156531,1.0,0.013685920183594756,-0.01515654553956658,0,12
2024-12-10,59.08555221557617,59.456420190783696,57.621589100560215,58.91963445988799,1782300,0.004813319107110914,0.0,0.013801883689986525,-0.009371899814138995,1,12
2024-12-11,58.54876327514648,59.38809895438221,58.2266896204341,59.01723099950498,1987900,-0.009084944124262306,-1.0,0.013670471579371906,-0.014006474016404535,2,12
2024-12-12,58.35356903076172,58.85131483784418,58.05101532179748,58.51948305877233,2153100,-0.003333874764654854,-0.0,0.013764468974400748,-0.01800623917201416,3,12
2024-12-13,58.09005737304688,58.69516109024142,57.83630167925349,58.13885539937614,1495100,-0.004515776191442944,-0.0,0.013664931806842027,-0.012877665149473305,4,12
2024-12-16,56.73345184326172,58.20717307986942,56.61633211301617,58.00221913651583,2334200,-0.02335348923953051,-2.0,0.013641546585510495,-0.021696198738814676,0,12
2024-12-17,57.10432052612305,57.61182819431143,56.333302769250096,56.46993873317567,1852700,0.006537037159063175,1.0,0.014207872319818335,-0.054489237936203416,1,12
2024-12-18,55.488861083984375,57.35627408017316,55.4592208043972,56.84248787570638,2483200,-0.028289618495673352,-3.0,0.014223991960622281,-0.05400155964833342,2,12
2024-12-19,55.23196792602539,56.18049453059195,55.22208532043696,55.47898029820062,2855400,-0.00462963472200606,-0.0,0.015205005751306257,-0.08402167279887185,3,12
2024-12-20,56.2694206237793,56.45714867471877,55.15292361666295,55.23196938702259,7254700,0.018783554827222826,2.0,0.01519592598562219,-0.08234863064002673,4,12
2024-12-23,56.49666976928711,56.54607148964125,55.60742372647391,56.03228530591692,1911700,0.004038590463321334,0.0,0.015982156025032456,-0.06420146373604785,0,12
2024-12-24,56.59547424316406,56.64487973352978,56.14097237703342,56.32870042545006,552200,0.0017488548312747376,0.0,0.015304964685634708,-0.07749180393118549,1,12
2024-12-26,56.65475845336914,56.95117254940386,56.31882147276719,56.3385829150508,1354500,0.0010475079676930399,0.0,0.015036838118115594,-0.08506422086241427,3,12
2024-12-27,56.6349983215332,57.10926163998444,56.091571838043855,56.299061333158186,1083300,-0.00034878150353778725,-0.0,0.014766403203185278,-0.0926950296941792,4,12
2024-12-30,56.615234375,56.82272386093816,56.16073251938984,56.63499581686692,1742000,-0.00034897055034766034,-0.0,0.014787886546297766,-0.08730538071808691,0,12
2024-12-31,56.743682861328125,57.05985839854453,56.23977550762656,56.71404258256087,1635500,0.002268797219443286,0.0,0.014091375831008925,-0.10189076628224736,1,12
