Date,Close,High,Low,Open,Volume,Daily Return,Daily Return(%),Monthly Volatility,Monthly Momentum,Day of week,Month_Number
2010-02-04,58.3665657043457,59.40912084328584,58.30037085250303,58.92093886272618,1607600,-0.01754882865047369,-2.0,0.014239392796133354,-0.05984020886448593,3,2
2010-02-05,58.44930648803711,58.50722376678467,57.59705836053416,58.28382120071488,1181460,0.001417605827804369,0.0,0.014462054690801019,-0.06495227086848188,4,2
2010-02-08,58.03559494018555,58.60651589126064,57.90320523690846,58.407935010366856,735648,-0.007078125861702644,-1.0,0.014153351486000748,-0.04785017188818874,0,2
2010-02-09,58.04387283325195,58.722361842706505,57.919760692654656,58.35001807287041,1648108,0.00014263475846054696,0.0,0.014183992161684745,-0.054334565301535465,1,2
2010-02-10,58.72236251831055,58.88784782369226,57.61361244186191,57.853566502067615,2013836,0.011689255935897869,1.0,0.014194600129511117,-0.05279498833070251,2,2
2010-02-11,59.21053314208984,59.27672799041579,57.49776670055479,57.7542685230489,1841797,0.008313197951241635,1.0,0.014218228743004154,-0.052343216196378495,3,2
2010-02-12,59.37602996826172,59.44222115133748,58.39966592962847,59.02850788700323,1257586,0.0027950571864423512,0.0,0.014127207696793728,-0.030483727325184118,4,2
2010-02-16,59.93039321899414,59.9386671155047,59.18570946684995,59.88074616590925,987421,0.009336482264455048,1.0,0.013214447582696449,-0.04777056347502895,1,2
2010-02-17,60.52614974975586,60.81574719879915,59.98004676930159,59.98004676930159,1189259,0.00994080797342245,1.0,0.01243768295289877,-0.05837237953416674,2,2
2010-02-18,60.50132369995117,60.666812678424535,60.220000151992906,60.5509707608954,1337902,-0.0004101706437189545,-0.0,0.012392310473966085,-0.03432332652709591,3,2
2010-02-19,61.2129135131836,61.31220396353893,60.22827555961361,60.402038440263205,1092181,0.011761557759652819,1.0,0.012067869164562468,-0.0450570052484941,4,2
2010-02-22,61.20463180541992,61.61834135010727,60.95640387419447,61.37011709290356,685712,-0.00013529347466678665,-0.0,0.01227821923396809,-0.02375295871649763,0,2
2010-02-23,60.733001708984375,61.36184731322554,60.54269471781539,60.9729557593384,1307056,-0.007705790926656353,-1.0,0.011820290699724128,-0.008445172290426406,1,2
2010-02-24,60.81574249267578,61.072244330215625,60.60061381552463,60.98122778618677,813985,0.0013623694097630867,0.0,0.009663664914056081,0.015635802953490208,2,2
2010-02-25,60.50959777832031,60.60888822045418,59.96349483555117,60.60061432311152,1322188,-0.00503397149828988,-1.0,0.009390539690413197,0.006160162197555996,3,2
2010-02-26,60.65853118896485,61.11361758382518,60.46822420334348,60.51787126108126,828652,0.0024613188008646425,0.0,0.009455599831751559,-0.0006831695843123597,4,2
2010-03-01,61.38666915893555,61.419764749126806,60.60888972324309,60.70818016783885,971358,0.01200388396650065,1.0,0.008940685022666773,0.015514480814344367,0,3
2010-03-02,61.76728820800781,62.12308052783175,61.50251244269646,61.53561170962431,764399,0.006200353501617961,1.0,0.008392790091480851,0.044341130407824725,1,3
2010-03-03,60.63371276855469,61.65144260388211,60.29446826543818,61.61007311522014,2373280,-0.018352358867297025,-2.0,0.008433951597810588,0.0499297363387885,2,3
2010-03-04,60.062782287597656,60.97295136422094,59.73181538830183,60.749545125025065,1120699,-0.009416056759320224,-1.0,0.009484072169481012,0.02346371276294623,3,3
2010-03-05,59.94694519042969,60.344110620727406,59.63252607904821,60.2282687134621,1700720,-0.001928600253869539,-0.0,0.009274163690671616,-0.00013780168090105072,4,3
2010-03-08,59.607696533203125,59.86419834698409,59.45875904803442,59.77318181138578,1241639,-0.005659148371095379,-1.0,0.008938503086201227,0.009052799499876363,0,3
2010-03-09,59.48358917236328,59.68217005246733,59.285004618237394,59.51668476104001,678030,-0.002082069398046782,-0.0,0.00807513246625936,0.02126441420494629,1,3
2010-03-10,59.839385986328125,60.09588784009732,59.26018742239269,59.467042215358575,872767,0.005981428136991873,1.0,0.008102875415881727,0.017695379919312915,2,3
2010-03-11,61.04742431640625,61.06397211140782,59.6490768544217,59.78973678595705,1302749,0.020188013465815446,2.0,0.00796255204583404,0.03108077117158281,3,3
2010-03-12,60.981231689453125,61.45286590835421,60.81574638534981,60.97295779165017,787679,-0.0010842820593061075,-0.0,0.008935207902846912,0.051746228095132185,4,3
2010-03-15,61.78383255004883,61.78383255004883,60.848845362520144,60.9812314007628,1316484,0.013161440632799115,1.0,0.00870616573198471,0.038466932770939266,0,3
2010-03-16,62.056884765625,62.13962374178729,61.38666966653419,61.7507358577364,817244,0.004419476816284851,0.0,0.008947478802236557,0.04346016276840037,1,3
2010-03-17,62.64435958862305,62.88431733874898,62.05689075702035,62.14790363958587,1192052,0.009466714695989031,1.0,0.008961108670375584,0.04515045547498331,2,3
2010-03-18,63.02496337890625,63.09116190352324,62.44576853975819,62.89258102575943,785933,0.006075627443277831,1.0,0.00896637913262925,0.045285308903475485,3,3
2010-03-19,62.4788703918457,63.00842190165374,62.1975505151615,62.4788703918457,1371192,-0.008664709311728358,-1.0,0.008837187693229746,0.04128486017170574,4,3
2010-03-22,63.09944915771485,63.24011278575311,62.32166592811543,62.41268616321494,1298675,0.009932618211198285,1.0,0.009126964981742086,0.03268600703187796,0,3
2010-03-23,61.50250625610352,62.38785369151458,61.27082610700264,62.1065264840271,1697810,-0.025308349326787716,-3.0,0.009033118883142906,0.030819242807727854,1,3
2010-03-24,61.2129135131836,61.78383452123231,61.039154306556206,61.44459368002751,1351055,-0.004708633201288115,-0.0,0.010763461066052304,0.0048668612472106965,2,3
2010-03-25,61.97414016723633,62.114803778673405,61.080522459578354,61.22118607101543,1246411,0.012435720019907004,1.0,0.01067166426131201,0.007901993820408126,3,3
2010-03-26,62.53678894042969,62.87603341745827,61.87484778056479,62.87603341745827,1236634,0.009078766912700376,1.0,0.010988933313957916,0.0190476614619981,4,3
2010-03-29,62.72709274291992,62.78501001965782,62.44576555982083,62.702271052889394,684548,0.0030430696189327477,0.0,0.011035696049743882,0.033501977149742235,0,3
2010-03-30,62.84293746948242,62.85121136749865,62.594713180951096,62.67745216111339,631586,0.001846805287745168,0.0,0.0110386206182884,0.03410174155900747,1,3
2010-03-31,62.64435958862305,62.90913903399412,62.21410217495102,62.62781179179295,1001971,-0.0031599076818425997,-0.0,0.010782102320639185,0.023722875511887898,2,3
2010-04-01,63.85238265991211,63.89375214062744,62.917395655531735,62.917395655531735,1103239,0.019283828252407487,2.0,0.01075731356342675,0.014199609632555177,3,4
2010-04-05,63.62070846557617,64.12543819224771,63.56279119053031,64.09234260650723,834355,-0.003628277985644912,-0.0,0.010552922416459496,0.0530838331415302,0,4
2010-04-06,63.83583831787109,64.10061770484575,63.64553134825194,63.81101662810031,1505285,0.0033814438330455054,0.0,0.010298131380660139,0.05923678595077653,1,4
2010-04-07,63.26492691040039,64.10890122957429,62.991873585827214,63.91859423137405,1225110,-0.008943430876991676,-1.0,0.010241390987728805,0.06487224853723239,2,4
2010-04-08,62.99186325073242,63.34765549525934,62.818104076706646,63.28973821993176,1054351,-0.004316193395033863,-0.0,0.01040477171937932,0.06135500262386562,3,4
2010-04-09,63.016693115234375,63.09116554121695,62.65262692700224,62.90913244710089,893719,0.0003941757430339088,0.0,0.010469386181038038,0.05897885664234814,4,4
2010-04-12,63.43868637084961,63.43868637084961,62.84293633228397,62.95877825045935,673956,0.006696531264240857,1.0,0.01045507352272009,0.05309725486876138,0,4
2010-04-13,63.24836730957031,63.36420185761022,62.751911488127774,63.25664120585888,826673,-0.003000047323911015,-0.0,0.00970246057309432,0.039170564216592485,1,4
2010-04-14,63.09944915771485,63.2732083810456,62.62781488066132,63.2732083810456,717955,-0.0023544979608182137,-0.0,0.009740620605984966,0.03717759640642515,2,4
2010-04-15,64.33231353759766,64.48952496821589,62.768480478543545,62.768480478543545,1685821,0.019538433319779225,2.0,0.009417654400717327,0.02129386529397137,3,4
2010-04-16,63.69518280029297,64.50606150912215,63.52142360183272,63.84412030583662,1195777,-0.009903743581867741,-1.0,0.01023118351620861,0.03666682239313879,4,4
2010-04-19,65.63963317871094,66.87249529290372,62.17272330485302,62.17272330485302,4659026,0.03052743226304111,3.0,0.010374400391357815,0.016774426597550685,0,4
2010-04-20,66.39259338378906,66.39259338378906,65.23419623643503,65.95405474904665,1381435,0.01147112146449869,1.0,0.01220213099446225,0.04148625655020677,1,4
2010-04-21,67.02143859863281,68.67628430785511,65.30866825617738,65.71410394858776,3749942,0.009471616980054387,1.0,0.012112330326082082,0.06264074506145612,2,4
2010-04-22,66.76492309570312,67.0545241744792,65.73064192640939,66.4587742236305,1366303,-0.0038273649192441805,-0.0,0.012099485521129504,0.06215568429313989,3,4
2010-04-23,66.18572998046875,66.69045973306368,65.61480905299321,66.55807003525904,1414027,-0.008675110947168219,-1.0,0.010376871936753613,0.08556426656315907,4,4
2010-04-26,65.2921142578125,66.28501864980458,65.22591573298396,66.28501864980458,1292855,-0.01350163733058396,-1.0,0.010576871209130364,0.08123802939414304,0,4
2010-04-27,64.05924987792969,65.33348891628032,63.94341530938449,64.72946498811791,1731217,-0.018882286075386112,-2.0,0.011020557049293354,0.05353804153833619,1,4
2010-04-28,64.64671325683594,64.76255515057159,63.62897994570606,64.10061406872684,2107073,0.009170625319929737,1.0,0.011849480863186252,0.024345044945467853,2,4
2010-04-29,65.22590637207031,65.35829605468385,64.80392298454018,65.11007182932069,1092530,0.008959359046349258,1.0,0.011971627027497062,0.03060273368292976,3,4
2010-04-30,65.01079559326172,65.50725152844097,64.97770000052535,65.33349231853046,1850294,-0.0032979346822952227,-0.0,0.012081906364691662,0.03791943850086743,4,4
2010-05-03,65.00251770019531,65.41622728006358,64.72946438081225,65.01906549554651,1335923,-0.00012733105310991366,-0.0,0.012084801266038782,0.03777572346782265,0,5
2010-05-04,64.39848327636719,64.72945382550874,64.03441714192006,64.45640789869485,1876601,-0.009292477356247275,-1.0,0.011406903019459028,0.01801240599601428,1,5
2010-05-05,64.26612091064453,65.00252730475849,64.17510067471994,64.29921650623703,1178783,-0.0020553646450743868,-0.0,0.01158520321565163,0.012225183113323101,2,5
2010-05-06,63.09944915771485,64.7460211559229,60.50133103255404,64.17510009299188,2062026,-0.01815376027676885,-2.0,0.011581679043278724,0.006740454956208897,3,5
2010-05-07,62.247188568115234,63.43040730289386,62.04033379026861,62.93395142723574,1814676,-0.013506624875114559,-1.0,0.012114667166777482,-0.0026156317689246533,4,5
2010-05-10,63.595890045166016,64.31574846419525,63.04979080824878,64.31574846419525,1493761,0.021666865734425,2.0,0.01243797920447679,-0.011821759893862582,0,5
2010-05-11,63.662086486816406,63.98478318715589,62.79329050438087,63.19873352821345,1455931,0.0010408918186910476,0.0,0.013346875750269454,0.009191166678208518,1,5
2010-05-12,63.86893844604492,64.03442373766119,63.44695499384746,63.8358428573304,1590257,0.003249217401496196,0.0,0.013272871825125529,0.003521512325473486,2,5
2010-05-13,64.37366485595703,64.43158948122583,63.45522557687914,63.7365527623467,2065751,0.00790253325313195,1.0,0.013266394639366436,0.009811654638248735,3,5
2010-05-14,64.10062408447266,64.23300644309221,63.39731341213075,63.91859099332689,1745534,-0.004241498011575584,-0.0,0.013342769850586909,0.020193768967100123,4,5
2010-05-17,64.14199829101562,64.4729689080046,63.50487875110517,63.99306077856614,1152826,0.000645457156367879,0.0,0.012687032824941035,-0.0036014475523190592,0,5
2010-05-18,63.65381622314453,64.88667846402582,63.41386583259984,64.34885304877126,1584670,-0.0076109582002136245,-1.0,0.012486520867906206,0.007014902400446443,1,5
2010-05-19,64.29920196533203,64.40676262668342,63.37248141004346,63.5545218407252,2152236,0.010138995279168173,1.0,0.010502465774345597,-0.030253321955042156,2,5
2010-05-20,62.86775970458984,63.56279645487599,62.66917147761355,63.30629094805707,3185635,-0.022262208814255224,-2.0,0.010424512439158736,-0.03153049627623328,3,5
2010-05-21,62.88431930541992,63.02497558287468,62.06516659648781,62.172734627292336,2530536,0.0002634037049815685,0.0,0.01104056260445491,-0.06197537654955243,4,5
2010-05-24,62.38785552978516,62.97532430620847,62.21409633134513,62.677449295155824,1513084,-0.007894873970464844,-1.0,0.011061004980091781,-0.058123391900273935,0,5
2010-05-25,62.437496185302734,62.503687363511496,61.14671309990361,61.51905317341544,1489920,0.000795678182813564,0.0,0.011041538262307396,-0.057382073927481514,1,5
2010-05-26,62.048606872558594,62.91740280653923,61.99895614201428,62.4954120111523,1097419,-0.006228457841903068,-1.0,0.01078333306387945,-0.04372071734785643,2,5
2010-05-27,63.22354888916016,63.26491837274165,62.69399745518725,62.83465369936432,1366303,0.01893583233890772,2.0,0.010130763494349533,-0.0313872393011555,3,5
2010-05-28,62.561614990234375,63.12426207610035,62.45404697244707,63.04151575133071,995104,-0.010469736523115003,-1.0,0.010842629335390694,-0.0220144891515468,4,5
2010-06-01,62.056884765625,62.84293443134302,61.89139946525636,62.10652815132237,769404,-0.008067730103964887,-1.0,0.010778747702935727,-0.04084713467434142,1,6
2010-06-02,63.36419677734375,63.41384749913725,62.02377424976534,62.34647087523272,1083684,0.021066349312508503,2.0,0.01085900020201147,-0.04543723547267109,2,6
2010-06-03,63.60416030883789,64.24127972286958,63.364202617506045,63.57106472328673,1231046,0.0037870523686640567,0.0,0.011983577915525396,-0.02520396102821476,3,6
2010-06-04,62.09825134277344,63.30629177442293,61.89139656402022,62.8015619993606,979506,-0.02367626518064736,-2.0,0.011878471806074448,-0.01233449806760889,4,6
2010-06-07,62.056884765625,62.98359803886297,61.99896013426733,62.34648587828114,1037473,-0.0006661472143570935,-0.0,0.012910062782987545,-0.03373269674834267,0,6
2010-06-08,62.437496185302734,62.5119612607876,61.82519839469661,62.13962118727577,1150847,0.00613326661683411,1.0,0.012337026341286436,-0.016522559325105934,1,6
2010-06-09,62.52852249145508,63.22355932249421,62.41268057026706,62.594713676108526,1244782,0.0014578788662855668,0.0,0.012060615362050888,0.003057288554956239,2,6
2010-06-10,64.10062408447266,64.1916369560236,63.2566498080536,63.2566498080536,948893,0.025142151619405695,3.0,0.011025128526635546,-0.01678359329436052,3,6
2010-06-11,64.73774719238281,64.83704132620618,63.66209625818107,63.91032791871694,1350473,0.009939421292849637,1.0,0.01239050675486536,0.0068885206542368405,4,6
2010-06-14,65.2093734741211,65.62309040827635,64.80393778581052,64.80393778581052,1162952,0.007285182172569904,1.0,0.012552378931817066,0.013602993371681693,0,6
2010-06-15,65.86302947998047,66.02024085923084,65.27556079291863,65.5651545142384,1247110,0.010023957769181413,1.0,0.012535424336486495,0.012982150698333639,1,6
2010-06-16,66.5167007446289,66.63253530100727,65.3748515383098,65.3748515383098,1211026,0.009924706922980642,1.0,0.012640951523907807,0.027494356266879683,2,6
2010-06-17,66.52499389648438,66.68220533083021,66.17747543067686,66.607732889274,828535,0.00012467773901336798,0.0,0.012775873753610893,0.03702258297035166,3,6
2010-06-18,66.40087127685547,66.62427388261395,66.06162674497845,66.62427388261395,1599220,-0.0018658042993893176,-0.0,0.012600971807420126,0.04510613571501598,4,6
2010-06-21,66.37603759765625,66.97178022146842,66.19400451693224,66.60771406002041,1180529,-0.0003739962853149814,-0.0,0.01249363716367316,0.03268577598609368,0,6
2010-06-22,65.3252182006836,66.89732498277591,65.25074576923261,66.54980656412346,861942,-0.015831306522728683,-2.0,0.011254305471289246,0.05580408637991097,1,6
2010-06-23,64.87840270996094,65.63136414821204,64.58053504181692,65.1349082372464,1099631,-0.00683986220068955,-1.0,0.011951348956590134,0.03881570035621418,2,6
2010-06-24,63.75310897827149,64.96114949915784,63.6869104475107,64.56398035872593,840524,-0.017344658386860612,-2.0,0.011910338907204944,0.039920384488720595,3,6
2010-06-25,63.86893844604492,64.43159284636643,63.11598441061493,63.11598441061493,1375266,0.0018168442234387516,0.0,0.012632882951257647,0.021070876850414866,4,6
2010-06-28,64.5391616821289,64.82876281613979,63.91859727102007,64.16682156585469,715394,0.010493727504961914,1.0,0.012522006677057978,0.029337186848128693,0,6
2010-06-29,63.3145637512207,64.04269607740761,63.02496266092403,63.76965012910927,1895923,-0.018974493919515778,-2.0,0.012059634302320644,0.020808904531366856,1,6
2010-06-30,62.34648513793945,63.51314877623842,62.288560507269615,62.91740611081197,1345933,-0.015289983155930442,-2.0,0.012596696299857546,0.012035315282443726,2,6
2010-07-01,62.4044075012207,62.569892813097255,60.898491897948496,62.313387273068535,1523909,0.0009290397550576479,0.0,0.012940382851775215,0.004666692074670076,3,7
2010-07-02,61.64316940307617,62.70227976110593,61.3370241614501,62.70227976110593,1412747,-0.012198466881199743,-1.0,0.012039471016767282,-0.015147186028344417,4,7
2010-07-06,61.39494323730469,62.404402829375,60.956408295869,62.404402829375,1282495,-0.004026823542254365,-0.0,0.012247965335396386,-0.03083117356223064,1,7
2010-07-07,62.048606872558594,62.08170246089241,61.08051682553292,61.6017943859213,956575,0.010646864396101074,1.0,0.011165271261228897,-0.011325731244614112,2,7
2010-07-08,62.56989288330078,62.75192599176477,62.25547005557808,62.387859774836784,829699,0.008401252453787533,1.0,0.011425867597230223,-0.000133392017624967,3,7
2010-07-09,61.50250625610352,62.45404487066746,61.23773051742619,62.37957979412047,1230814,-0.01705910907004493,-2.0,0.01149668415046792,0.0021204677651569526,4,7
2010-07-12,61.949310302734375,62.00722758002168,61.2377257896029,61.31219453442251,854958,0.0072648103927717145,1.0,0.01208739471613406,-0.016408771460924343,0,7
2010-07-13,62.75192642211914,62.83466540469539,61.9658693474216,62.396134100952,952850,0.012956013803261612,1.0,0.010728148197416876,-0.033561510710149234,1,7
2010-07-14,63.12426376342773,63.3476663546024,62.30511113172822,62.42095305028457,791986,0.005933480652114964,1.0,0.010908628825625941,-0.030674851325338204,2,7
2010-07-15,63.36419677734375,63.62070223780953,62.80982372632849,63.115972560545465,634846,0.003800963363552734,0.0,0.010858533549073054,-0.03197561331456222,3,7
2010-07-16,62.08170318603516,63.36420868525593,62.04860759731477,62.93395133580353,879751,-0.020240035485893704,-2.0,0.01061068924229717,-0.037939838515874125,4,7
2010-07-19,62.28027725219727,62.545056629077706,61.916211120018815,62.39611914808781,684083,0.0031985924349893224,0.0,0.010981344577635745,-0.06667494792955231,0,7
2010-07-20,63.546234130859375,63.73654843920676,61.64315717977071,61.80036855533412,1372123,0.020326770119146076,2.0,0.011048476663843615,-0.06380634398692397,1,7
2010-07-21,62.84293746948242,63.49660480494229,61.4859630844875,62.437501770598296,3978436,-0.011067479780606182,-1.0,0.01217407824886551,-0.04299095917121043,2,7
2010-07-22,59.77318954467773,65.07698200715532,59.227090260435055,64.7129158176602,4840378,-0.04884793818391153,-5.0,0.01232451970903941,-0.0532285483744902,3,7
2010-07-23,60.368934631347656,61.568701191401,59.74009271040297,60.054511833864346,1749026,0.009966760870685043,1.0,0.015739242568776873,-0.0849905872330905,4,7
2010-07-26,61.56043243408203,61.626627292872186,60.46823012312236,60.70818418997276,1225459,0.019736936058428745,2.0,0.016017840443744245,-0.06950645962683255,0,7
2010-07-27,61.65143966674805,62.13134775649614,60.2117227455476,61.80037716687979,2700364,0.0014783397235467177,0.0,0.016430829109291493,-0.034393248883545,1,7
2010-07-28,60.92332077026367,61.95759851794033,60.7826571448723,61.69282641253746,782557,-0.011810249694413688,-1.0,0.016427542257449735,-0.03471951833315923,2,7
2010-07-29,60.600616455078125,61.77555768135627,60.05451349309675,61.51078193501034,1320791,-0.005296893063371222,-1.0,0.016330601922156414,-0.056025532678501966,3,7
2010-07-30,60.38548278808594,60.5509680852246,59.94694785287509,60.24481918331149,1751354,-0.0035500243987065527,-0.0,0.015912840493009155,-0.042864502814966565,4,7
2010-08-02,61.949310302734375,61.9575841994897,60.84883794601585,61.1798085123156,959369,0.02589740849032318,3.0,0.01562480071446195,-0.031453294367996265,0,8
2010-08-03,62.089988708496094,62.445781049943605,61.2377403991589,61.974146778241646,1022923,0.0022708631472125873,0.0,0.0167225318065191,-0.007292709228549743,1,8
2010-08-04,62.5947151184082,62.71883094053776,62.098259177934615,62.30511398278745,808165,0.008128949938801311,1.0,0.016500654191523124,0.007248480403371671,2,8
2010-08-05,62.66917037963867,62.72709500651008,62.00722922943135,62.22236524687918,808398,0.0011894815894539779,0.0,0.01654796908055119,0.019541868073175594,3,8
2010-08-06,62.4705924987793,62.61952999951977,61.79210352209706,62.296833305922725,1088689,-0.0031686693737355,-0.0,0.016401895964775825,0.010001248027286858,4,8
2010-08-09,62.39613342285156,62.86776766254453,62.18927862061434,62.63608381775962,918163,-0.0011919060304924622,-0.0,0.01632099821282549,-0.001587031397140004,0,8
2010-08-10,63.33111572265625,64.03442640430305,61.84175538413079,62.01551458016169,1186000,0.01498461921459815,1.0,0.015849672388484788,0.014529930910894384,1,8
2010-08-11,62.00722503662109,62.75191245427173,61.89139048679777,62.62779665998946,1008606,-0.020904269108929507,-2.0,0.016094540285073084,0.022305420563510037,2,8
2010-08-12,62.4044075012207,62.660905693204846,61.063977209825055,61.29565738125669,740770,0.0064054223417520095,1.0,0.016545177414508075,-0.011867386835084592,3,8
2010-08-13,62.065162658691406,62.4954200585213,61.92449904211622,62.16445678452229,593756,-0.005436232088617432,-1.0,0.0165545801159794,-0.011403796563946411,4,8
2010-08-16,61.941036224365234,62.15616488741632,61.03087084373122,61.69281197438988,475028,-0.0019999373079672145,-0.0,0.016559706621229908,-0.02050107449822236,0,8
2010-08-17,62.94222640991211,63.31456648606605,62.11479993621234,62.46231832036187,852048,0.016163600846461845,2.0,0.015959514137405588,-0.002265836058788606,1,8
2010-08-18,62.88431930541992,63.149091411026816,62.51197182096351,63.12426971500539,429050,-0.0009200040703210011,-0.0,0.016335184457340824,0.01062855187741607,2,8
2010-08-19,62.01551818847656,62.69400721703104,61.444593508004026,62.53679580689932,758230,-0.013815862627433728,-1.0,0.01570000081777965,-0.010416271467422966,3,8
2010-08-20,62.685733795166016,62.88431469682907,61.67627414267137,61.67627414267137,1589093,0.010807224163676965,1.0,0.015804656428339836,-0.013166464113929521,4,8
2010-08-23,62.561614990234375,63.51314996279859,62.52851939954416,62.991872365295386,720516,-0.0019800167824024495,-0.0,0.011440842235627063,0.04872659921069289,0,8
2010-08-24,62.495418548583984,62.685732897498745,61.883128056228,61.89140195417696,1595378,-0.0010580999493174925,-0.0,0.011338702354344785,0.03632133600297349,1,8
2010-08-25,62.98360061645508,63.496604333788056,62.32993328584552,62.41267961343825,1604108,0.007811485693012488,1.0,0.010572511069990088,0.015188101797418696,2,8
2010-08-26,62.123077392578125,63.124263115710576,62.123077392578125,63.03324289176933,1686869,-0.013662655285733738,-1.0,0.010683436526395472,0.02160794552256884,3,8
2010-08-27,62.238914489746094,62.4292214726545,61.50250457559473,62.40439978115041,1943764,0.0018646387466600967,0.0,0.010802113812152282,0.01969289603957458,4,8
2010-08-30,61.20463180541992,62.30510419095783,61.16325864653815,62.2720086030698,1290876,-0.016617942211967218,-2.0,0.010706516118473747,0.02703434602653587,0,8
2010-08-31,60.08761596679688,61.295656522150736,59.84766190053678,60.9564120049608,2236859,-0.01825051153275825,-2.0,0.011363658839368579,0.013565330266691156,1,8
2010-09-01,61.22946166992188,61.35357381509159,60.5344248393181,61.03915466611794,1438937,0.019003012263890673,2.0,0.010522220040537909,-0.030051897702165653,2,9
2010-09-02,61.69281768798828,61.83348129348711,61.21290958901037,61.34529562298988,1167026,0.007567533756286826,1.0,0.011410052915108925,-0.013859352473299169,3,9
2010-09-03,62.09825134277344,62.255462738156375,61.800376346464326,62.05688185663154,1330219,0.006571812894584195,1.0,0.01138921119583275,-0.014408523606407209,4,9
2010-09-07,61.72591781616211,62.39613295489817,61.5438847097932,62.007237699798885,1454884,-0.005995877799458427,-1.0,0.011492275687963446,-0.009110046190283216,1,9
2010-09-08,61.485958099365234,61.87484964470879,61.1136180227344,61.87484964470879,1953076,-0.003887503422979388,-0.0,0.01154311494836524,-0.011920403710461658,2,9
2010-09-09,62.71056365966797,62.81812434855834,61.92450650062657,61.97414989549905,1110340,0.019916833016144775,2.0,0.011566073148690499,-0.014587046881866406,3,9
2010-09-10,63.4221305847168,63.65380704383492,62.42921887756479,62.71881996249496,1124540,0.011346843075921376,1.0,0.011943062258224637,-0.009798533562962009,4,9
2010-09-13,60.44340133666992,62.87603363810121,60.35238479427129,62.51196012046304,3435197,-0.046966716831879474,-5.0,0.011226800695825904,0.02281839813441211,0,9
2010-09-14,61.9079475402832,62.07343284139976,60.45167909487071,60.559243438389856,2287260,0.024230042837195098,2.0,0.015282613793967684,-0.03142416125836023,1,9
2010-09-15,62.42922592163086,62.49541710369219,61.65972403799117,61.65972403799117,1715387,0.008420217468984248,1.0,0.016233076769650138,-0.0025330654375750328,2,9
2010-09-16,61.65971755981445,62.41267156883095,61.61834072732912,62.27200797368502,1174243,-0.012326091673511841,-1.0,0.016327673679876704,0.007881522929278795,3,9
2010-09-17,62.02379989624024,62.29684591281704,61.42804977271752,61.93277965868442,1505401,0.005904703278483359,1.0,0.01614388209015419,-0.020375968936104938,4,9
2010-09-20,63.306297302246094,63.39731752774976,61.91622366214911,62.065161173308695,1050161,0.020677504573266114,2.0,0.01621104765610173,-0.013684165125494419,0,9
2010-09-21,63.1987419128418,63.65382103427555,62.88431906833249,63.28148089926794,901751,-0.0016989682541499462,-0.0,0.01654162282486115,0.020813808405931722,1,9
2010-09-22,63.091156005859375,63.44694824276969,62.87602735406212,63.12425159105236,2010112,-0.0017023425423688954,-0.0,0.016399681612484788,0.00818380972219468,2,9
2010-09-23,62.801570892333984,63.53797724211299,62.677455068289234,62.685736314734,845297,-0.004589947812946971,-0.0,0.01639767896154739,0.008464311794183388,3,9
2010-09-24,63.571067810058594,63.6786284683226,62.86775719077448,63.372479591023,731807,0.01225282913772685,1.0,0.016432865453320292,0.004898796597577748,4,9
2010-09-27,63.13253021240234,63.69517724692208,62.76846405194584,63.69517724692208,605978,-0.006898383380416817,-1.0,0.016561601761457375,0.009327304057781038,0,9
2010-09-28,64.64671325683594,64.746000010287,62.95876496774039,63.12425023820158,1402038,0.023984197042939748,2.0,0.016335094415489353,0.016249240414236255,1,9
2010-09-29,64.66327667236328,65.31694401601958,64.38194944019502,64.51433915815916,1130244,0.000256214348617112,0.0,0.01709608433635341,0.03868638755720144,2,9
2010-09-30,64.89495849609375,65.28385378379726,64.47297496123808,64.97770483213209,826207,0.00358289643910803,0.0,0.0165681585938574,0.05650952819941768,3,9
2010-10-01,64.56397247314453,65.7554650528277,64.24955704559821,64.97768935872588,814451,-0.005100334919994509,-1.0,0.015853885853554635,0.08000554610043609,4,10
2010-10-04,64.47296142578125,64.94459560246307,64.19163422957591,64.60535112682162,808514,-0.001409625893157962,-0.0,0.015567571971724481,0.0544592539650024,0,10
2010-10-05,65.65620422363281,65.68929982402095,64.78740797321299,64.78740797321299,777668,0.01835254301469713,2.0,0.015548886452943103,0.0450643015181047,1,10
2010-10-06,65.482421875,65.82994025258282,65.35830606927938,65.69755054968373,899772,-0.0026468534190750015,-0.0,0.015921883106717903,0.05729554059775355,2,10
2010-10-07,65.03561401367188,65.7637464093933,64.9280459946495,65.56516551492784,637639,-0.006823325230411292,-1.0,0.015846194691639667,0.06085780806088392,3,10
2010-10-08,65.68926239013672,65.76372744857512,64.92802727477809,65.20108051846977,797922,0.010050622053440428,1.0,0.015922190932982767,0.0577311637328668,4,10
2010-10-11,66.10298919677734,66.18573552034755,65.4658770410936,65.61481454508477,426140,0.006298241015151751,1.0,0.015532607644314996,0.04749915415581718,0,10
2010-10-12,65.80513000488281,66.02025871697847,65.50725495856885,65.86304729520415,1022458,-0.0045059867263771425,-0.0,0.015424738917053381,0.042270081237330226,1,10
2010-10-13,66.52499389648438,66.80631382001465,65.8630525619852,65.92096985693793,1076933,0.010939327854046388,1.0,0.010746432297375905,0.08870660071474212,2,10
2010-10-14,65.35002136230469,66.65735568460016,64.80392219472742,66.54151379521984,1620637,-0.01766212163819203,-2.0,0.00985678908471817,0.07457921865681105,3,10
2010-10-15,65.46588134765625,66.10299354525134,65.21764970866015,65.68928394431715,854376,0.0017729142689828503,0.0,0.010800831642796138,0.04678570649490976,4,10
2010-10-18,66.16091918945312,66.25193206990774,65.54034743053872,65.68928494659995,974966,0.010616795000526702,1.0,0.01027589771597994,0.061728531016210786,0,10
2010-10-19,65.3582992553711,65.74718707830286,65.04387649928218,65.56515401131078,1719228,-0.012131329853258377,-1.0,0.01039539478538829,0.06670212563780153,1,10
2010-10-20,64.8039321899414,65.82993951686625,64.43986602207048,65.60653694750081,2713400,-0.00848196895796871,-1.0,0.010087295112062944,0.03241386782310185,2,10
2010-10-21,64.6053466796875,64.77083195758583,62.67744062035689,64.46468309126746,3796153,-0.0030644052535554467,-0.0,0.010303432402533655,0.025399085939295185,3,10
2010-10-22,65.49898529052734,65.69756621821467,64.58054574445643,64.58054574445643,1384112,0.01383227018764388,1.0,0.010327176287934272,0.024000046435787237,4,10
2010-10-25,65.2093734741211,65.82167130353142,65.0852576590701,65.66445989727862,1033050,-0.004421622947617387,-0.0,0.010591545229337739,0.04295138417505129,0,10
2010-10-26,65.556884765625,65.65617887650232,64.93632045378288,65.03560721661677,1406927,0.005329161637196433,1.0,0.010412545729048091,0.025771246582761975,1,10
2010-10-27,65.82994079589844,65.94577535735294,64.91976801049346,65.2424646992042,1147122,0.004165177025260647,0.0,0.010274259420402209,0.03840103580620324,2,10
2010-10-28,66.41740417480469,66.52497217835948,65.71409357351752,66.19400161916045,1143746,0.008923954234254072,1.0,0.008966006710701477,0.018302980607252772,3,10
2010-10-29,67.28621673583984,67.4351542592051,66.2850309134725,66.42569453820886,1776730,0.013081097821115106,1.0,0.009132735607420379,0.02712710510061589,4,10
2010-11-01,67.78265380859375,67.84057108285617,67.44340936325656,67.65026411937957,1453021,0.007377990572762894,1.0,0.009479287167557299,0.036848135743703825,0,11
2010-11-02,68.39496612548828,68.67628600855922,67.85713335752449,67.94815358454811,878122,0.009033466270346846,1.0,0.009418165922701118,0.04985259134710196,1,11
2010-11-03,67.75784301757812,68.54390003492395,67.15381909666333,68.22947722798561,1868336,-0.009315350880373163,-1.0,0.009484556227258018,0.06083177525856143,2,11
2010-11-04,68.51907348632812,68.65973709960609,67.6585513587949,68.1881028720427,1068436,0.011234573517231228,1.0,0.009140131472366671,0.03200975168754616,3,11
2010-11-05,68.66801452636719,68.99071125928087,68.31222219993306,68.403242430159,1108012,0.002173716491784994,0.0,0.009322237092300298,0.046373538491365274,4,11
2010-11-08,68.67627716064453,69.08999405592739,68.37840951977138,68.40323121084052,1389001,0.0001203272634913155,0.0,0.009090559321737359,0.05585248279399191,0,11
2010-11-09,68.58527374267578,69.50371317898876,68.05572221611172,68.55217815002388,1047716,-0.0013251070344986182,-0.0,0.008942365672095645,0.04547188782190248,1,11
2010-11-10,68.61837005615234,68.63491785265212,67.81576518568978,68.52734982735892,713532,0.00048255713902567443,0.0,0.008920593663547043,0.037551774527307735,2,11
2010-11-11,69.08172607421875,69.40442278183639,68.21293007218827,68.22947786765131,664644,0.006752652645162449,1.0,0.00881015289128825,0.04275107504628872,3,11
2010-11-12,67.989501953125,68.80038045416023,67.76609942608022,68.80038045416023,562678,-0.01581060843674209,-2.0,0.008644330598275312,0.03843265557773301,4,11
2010-11-15,68.46942901611328,68.7590301360456,68.0226238375229,68.03917163317111,647766,0.007058840691599233,1.0,0.008442637709179555,0.040389896373359546,0,11
2010-11-16,66.89732360839844,68.15500753862479,66.82285117847746,67.89023545501922,855191,-0.022960691074915718,-2.0,0.00851646914609835,0.04587958806369241,1,11
2010-11-17,67.31930541992188,67.75784404637207,66.93041752819336,66.93869142597293,745775,0.0063079027494974405,1.0,0.009892722346145803,0.011130504653912077,2,11
2010-11-18,67.89024353027344,68.5935543349412,67.56754677433607,67.79094939458298,671512,0.00848104576822628,1.0,0.009519924849378827,0.03000393503032628,3,11
2010-11-19,68.68456268310547,68.93279433189919,67.93160853439043,67.96470412808432,951454,0.011700048659831763,1.0,0.009353068787974683,0.047625371424777185,4,11
2010-11-22,67.93986511230469,68.4942382094804,67.43513539301378,68.42804703896734,951919,-0.010842284520855783,-1.0,0.009486798722791895,0.0631405326813379,0,11
2010-11-23,67.13727569580078,67.56754044610133,66.98007163008599,67.22829592399603,819689,-0.011813232410415098,-1.0,0.009600614598358015,0.03726591810469393,1,11
2010-11-24,67.30274963378906,67.80747938255142,67.12071655620619,67.20346287222205,831678,0.002464710345680965,0.0,0.009968118174793717,0.029564802097735043,2,11
2010-11-26,66.91387176513672,67.31103356670857,66.85595447892045,67.02143978758279,573154,-0.005778038353088433,-1.0,0.00993171236590258,0.026631296993531173,4,11
2010-11-29,67.16209411621094,67.45996175218394,66.33466768730055,66.56634414817809,759859,0.0037095798602935215,0.0,0.010024846371864817,0.016465622726274942,0,11
2010-11-30,67.87368774414062,68.66801134399759,66.2602041543479,66.69874279230409,1728191,0.010595167367747793,1.0,0.009877740375191582,0.0112122711006033,1,11
2010-12-01,70.72830200195312,71.08409432135676,69.1396474119617,69.28031102968875,3516910,0.042057745095174015,4.0,0.009734258753612387,0.008730926433375474,2,12
2010-12-02,69.42924499511719,70.69520279383211,69.13964387625627,70.25666416664399,1955520,-0.018366862628768632,-2.0,0.013267254797432026,0.043457256803154376,3,12
2010-12-03,69.28031158447266,69.47061859302333,68.68456151592734,69.0403538381801,982183,-0.0021451106180833124,-0.0,0.013885354871761691,0.015122149015049713,4,12
2010-12-06,68.74248504638672,69.28031047025759,68.65146481869434,68.96588764447596,693860,-0.007763050219977363,-1.0,0.013711090818895065,0.022469259632417193,0,12
2010-12-07,68.4446029663086,69.23893384708708,68.22947428852993,68.83349083537844,807816,-0.004333303922270493,-0.0,0.013638808376578083,0.0032605747376774907,1,12
2010-12-08,68.99897766113281,69.1479151638379,68.28739308557606,68.39496110087526,790240,0.00809961152228622,1.0,0.013666634972606385,-0.003253502545538245,2,12
2010-12-09,69.26375579833984,69.41269329829625,68.61836241454337,68.982428593084,723077,0.00383742116451935,0.0,0.01378253490195801,0.004698864205079589,3,12
2010-12-10,70.01671600341797,70.13255792424552,69.26376188815003,69.26376188815003,728897,0.010870912158883694,1.0,0.013797889493888096,0.009892532589570902,4,12
2010-12-13,69.41268920898438,70.2401082852616,69.23064878239481,70.09945203896396,652538,-0.008626894103461069,-1.0,0.013980040552666535,0.020378594625918955,0,12
2010-12-14,70.76966857910156,71.05099580297204,69.57818319670075,69.57818319670075,745891,0.019549442408601347,2.0,0.014069107081940655,0.004790892665450297,1,12
2010-12-15,71.6881103515625,71.9032390294366,70.52143939579156,70.76138976556918,1090086,0.012977901280325499,1.0,0.01415760146222257,0.0408911162181087,2,12
2010-12-16,73.24366760253906,73.39260509880312,71.30749484719368,71.7377521936955,1937944,0.021698957377283667,2.0,0.01432122488384498,0.04700902843357646,3,12
2010-12-17,73.57463836669922,73.63255564670688,72.73893801494187,73.32640675629337,1621568,0.004518762850000746,0.0,0.01368644140960198,0.0948669341585422,4,12
2010-12-20,72.9871597290039,74.03798871785862,72.81340054700397,74.0131670272934,664528,-0.00798479816872888,-1.0,0.013679625627307046,0.09292034295003582,0,12
2010-12-21,73.251953125,73.50845132457484,72.84651740552422,73.30987041405517,748336,0.0036279449286593657,0.0,0.013899814370338132,0.0750758273014247,1,12
2010-12-22,73.49188995361328,73.72357376313113,73.16919327810471,73.29330907977187,464552,0.0032755007665643543,0.0,0.01377403711530803,0.06649806395313895,2,12
2010-12-23,72.99544525146484,73.49190118596741,72.7720426527543,73.28504638360248,659290,-0.006755095051464655,-1.0,0.013395797068944865,0.08171969185000716,3,12
2010-12-27,72.95407104492188,73.06991295989793,72.43279344959574,72.97889273783586,479801,-0.0005668053177898535,-0.0,0.013143520016442752,0.08725658726766694,0,12
2010-12-28,72.92924499511719,73.21884609123414,72.65619169328765,73.19402439980303,354438,-0.0003402969765649022,-0.0,0.013178666894662315,0.0839686556921233,1,12
2010-12-29,72.87133026123047,73.19402695719724,72.53208577039811,73.02026776306465,412522,-0.0007941222192907604,-0.0,0.013031006601941958,0.08989725256212999,2,12
2010-12-30,73.326416015625,73.58292155556516,72.58173578645987,72.87961081734376,623438,0.006245058965757,1.0,0.013076246805050139,0.08500682148386862,3,12
2010-12-31,72.74720764160156,73.48361383635854,72.6727352236341,72.85477564620201,464902,-0.007899041102731874,-1.0,0.013000332027613628,0.08033640800598896,4,12
2011-01-03,74.12901306152344,74.89851490409289,73.10300570606832,73.10300570606832,1637399,0.01899461800279001,2.0,0.009826320554344814,0.028544522949139672,0,1
2011-01-04,74.56755828857422,74.63374947298371,73.30159310238726,73.30159310238726,1180529,0.005915972828166582,1.0,0.009445838324330552,0.06769147592972935,1,1
2011-01-05,74.79924011230469,75.08056001413651,73.92217011615608,74.24486685923684,928523,0.0031070056341910846,0.0,0.00938279306006851,0.07631672813213153,2,1
2011-01-06,74.2696762084961,75.53563392639774,73.74012473938377,74.93161738189744,1934801,-0.007079803257539763,-1.0,0.00902031602208104,0.088107886437782,3,1
2011-01-07,74.19520568847656,74.41861561645935,73.76494832355407,74.41861561645935,1123027,-0.0010027042505270645,-0.0,0.009166929723480481,0.0851063924653761,4,1
2011-01-10,73.74012756347656,74.2283095649586,73.33468453781656,73.33468453781656,1088107,-0.006133524676927737,-1.0,0.00917544521915674,0.07530876838296674,0,1
2011-01-11,75.11363983154297,75.29567289364289,73.83112715270732,74.07108483550452,812588,0.018626388554645157,2.0,0.00941222339232233,0.06462790984320277,1,1
2011-01-12,75.4280776977539,75.50254277752104,74.99781297052235,75.32050967893497,594338,0.004186162019522932,0.0,0.009876044644997764,0.07279581390072898,2,1
2011-01-13,75.96588897705078,76.07344962783475,75.25430451046248,75.69283570589815,845530,0.007130120449999167,1.0,0.009484025406826588,0.08666122228255246,3,1
2011-01-14,75.41981506347656,75.88316810287041,75.28742533163033,75.64321768418593,1129662,-0.007188409441758581,-1.0,0.008831196575641891,0.07342439921336119,4,1
2011-01-18,75.00609588623047,75.08884222174225,73.64084380866906,74.78269327202526,1709800,-0.0054855501421992026,-1.0,0.0088359547321705,0.05205472279313228,1,1
2011-01-19,74.393798828125,75.10538345028162,74.09592380320777,75.10538345028162,1494925,-0.008163297274320302,-1.0,0.00780731589622425,0.024062534569613936,2,1
2011-01-20,74.5344467163086,74.95643751218061,73.7732187915814,73.78976658576732,1270739,0.0018905861832454463,0.0,0.00802219600509817,0.011133734118311978,3,1
2011-01-21,74.2696762084961,75.09710267524778,73.64910452142139,75.09710267524778,1319161,-0.003552324052531919,-0.0,0.007782247471504892,0.021199441011948483,4,1
2011-01-24,74.20348358154297,74.71647989806458,73.99662145786124,74.31931814099589,959136,-0.0008912470113280335,-0.0,0.007819955118395514,0.013893460038661543,0,1
2011-01-25,75.26258850097656,75.48599107676446,74.04626681001936,74.31104622047035,1811417,0.014272981109703986,1.0,0.007803816902714252,0.009682614345322138,1,1
2011-01-26,76.57818603515625,76.8015959485535,75.33705005823911,75.5190831389058,1542067,0.017480099480801314,2.0,0.008168558260874441,0.031058694713095525,2,1
2011-01-27,76.35478973388672,76.93398461115312,76.3051463481895,76.45407650528115,978226,-0.0029172315620922262,-0.0,0.008861382415731624,0.04967666558323813,3,1
2011-01-28,74.93988037109375,76.66092423220874,74.48479404361066,76.48716506688504,1229417,-0.018530721749404844,-2.0,0.008918139071057155,0.04697079668106907,4,1
2011-01-31,74.393798828125,75.23777316669421,74.13729329332281,75.00608932596106,1873458,-0.007286928405337956,-1.0,0.009993490178215818,0.02838633660793488,0,1
2011-02-01,73.50016021728516,74.65855716348253,73.13609407523174,74.65855716348253,2427638,-0.012012272863017204,-1.0,0.01009989212588724,0.014556593251094485,1,2
2011-02-02,73.89734649658203,73.97181158241071,73.0202765232648,73.40089054692316,1237914,0.005403883176889668,1.0,0.01031336999438679,0.010350260856651916,2,2
2011-02-03,74.41860961914062,74.60891659383246,73.26848652613543,73.7318467916705,832609,0.007053881462207867,1.0,0.00949111849899613,-0.0031251807541149423,3,2
2011-02-04,74.79924011230469,75.08884126082228,74.16212052478396,74.45999557194234,1003601,0.005114721910447484,1.0,0.009530386183227076,-0.0019974996211780116,4,2
2011-02-07,74.72476196289062,75.13019762151043,74.633741745707,75.05572519871589,715278,-0.000995707299997206,-0.0,0.009573633425440601,0.0,0,2
2011-02-08,75.0391845703125,75.52736659554111,74.51790695314521,74.69166615886765,751013,0.004207743178600287,0.0,0.009438390237815522,0.006127477291229644,1,2
2011-02-09,75.08053588867188,75.28739798431103,74.18691838238585,74.64200470553233,1545908,0.0005510630025653551,0.0,0.009469947216610845,0.011375113445733387,2,2
2011-02-10,72.58999633789062,74.21175356514554,71.704652654256,71.704652654256,2922338,-0.033171573981227054,-3.0,0.009344466134256348,0.01817746143768839,3,2
2011-02-11,72.63965606689453,73.01200354486423,71.72121658987699,72.25076813991038,1571982,0.0006841125707288676,0.0,0.011102331006983317,-0.033597672797006095,4,2
2011-02-14,72.58999633789062,72.74720772261564,71.98597983703618,72.67273530456525,1598638,-0.000683644880671963,-0.0,0.01103770965142744,-0.03696795299533939,0,2
2011-02-15,72.54035949707031,72.87133008969076,71.85359661958945,72.28385398116971,1063896,-0.0006837972630452382,-0.0,0.010854146268296595,-0.04443958577487339,1,2
2011-02-16,73.07819366455078,73.1278370550029,72.68930574325296,72.73067523529639,902216,0.007414274911364149,1.0,0.010794496329327604,-0.03817903244635079,2,2
2011-02-17,72.7223892211914,72.88787450983973,72.15146093393072,72.79685429446356,801065,-0.004868818255040819,-0.0,0.010940096846308268,-0.025703273832622053,3,2
2011-02-18,73.64911651611328,73.98836105532955,72.81341601599185,72.87961455293951,992310,0.01274335599870291,1.0,0.01085829081534785,-0.022467055497395916,4,2
2011-02-22,72.51554870605469,73.40916650124946,72.3666111821814,73.11129145350287,893952,-0.0153914651482695,-2.0,0.011255007019454345,-0.011878134730979317,1,2
2011-02-23,73.35951232910156,73.63255829270759,72.35005275300244,72.48243511206286,1274580,0.011638381534806008,1.0,0.01170273168974498,-0.023618353976891937,2,2
2011-02-24,73.10299682617188,74.02143605691057,72.78030017395595,73.16091410034907,1211840,-0.0034966904057229797,-0.0,0.012027298737841587,-0.011373741658825987,3,2
2011-02-25,74.20348358154297,74.21175747864675,73.23539353213899,73.4918916903998,1091716,0.015053921222790478,2.0,0.011553582147948216,-0.02869409248097632,4,2
2011-02-28,74.57581329345703,75.03916616302568,74.07935749202555,74.22002107130419,1034912,0.005017685072762124,1.0,0.011366794065841816,-0.031010168516176106,0,2
2011-03-01,73.63255310058594,74.63373870864623,73.63255310058594,74.55926628888218,665575,-0.01264833933703613,-1.0,0.01144672693812999,-0.02329881919169463,1,3
2011-03-02,73.95523834228516,74.20346990573636,73.02852529723825,73.78147918708622,629840,0.004382372036705107,0.0,0.011063351473823979,-0.017445014110431978,2,3
2011-03-03,75.51908874511719,75.53563654022047,73.95525597546158,74.30277436871839,959136,0.02114590444011699,2.0,0.011013069601912125,-0.005895121539001735,3,3
2011-03-04,76.43751525878906,76.53680936075406,75.26257791578603,75.3370429812277,1259564,0.01216151477637184,1.0,0.011599685466808536,0.027468355468390326,4,3
2011-03-07,75.40323638916016,76.53681163305983,74.88195887146388,76.43751752814687,685596,-0.013531037294020165,-1.0,0.011809437637616297,0.03437428923546704,0,3
2011-03-08,76.2637710571289,76.520276584516,75.35360556068676,75.52736476219137,545800,0.011412436775624313,1.0,0.012189083577823369,0.013230921338878154,1,3
2011-03-09,76.01556396484375,76.45409534263943,75.86662642301162,76.01556396484375,487134,-0.0032545871892333267,-0.0,0.012379189541390966,0.019579489612800316,2,3
2011-03-10,74.4351577758789,75.82523123122195,73.86422950097489,75.6680198430064,1038521,-0.020790560597508168,-2.0,0.01240715482409975,0.01727408650152884,3,3
2011-03-11,74.51790618896484,74.90680143438932,74.02972416874253,74.39379772046755,558604,0.001111684525948009,0.0,0.01324389316752546,-0.00804948505094183,4,3
2011-03-14,74.17866516113281,74.6585733059835,73.55810074538239,74.28623318692432,495748,-0.004552476648656434,-0.0,0.013246260850294473,-0.007493682524340128,0,3
2011-03-15,73.15265655517578,73.69876322594146,72.81341203450961,73.0120002864487,1031420,-0.013831586261741302,-1.0,0.010968872732488748,0.02188550631477204,1,3
2011-03-16,72.10182189941406,73.09473369117558,71.33232003702749,72.94579618760696,1097768,-0.014364955495076548,-1.0,0.011442777517986327,0.007062264829679643,2,3
2011-03-17,72.24249267578125,72.88788613928826,72.11837685248112,72.79686590938957,1057494,0.0019510016898522942,0.0,0.011888213603219625,-0.006725092479743622,3,3
2011-03-18,71.98597717285156,73.06162778807148,71.58053420702157,73.06162778807148,1416239,-0.0035507565343974035,-0.0,0.011897350283747625,-0.00410622201701516,4,3
2011-03-21,71.77084350585938,72.5817221158518,71.31576449510251,72.3169500756367,1157831,-0.0029885496514913124,-0.0,0.011789894978034943,-0.014945860549219314,0,3
2011-03-22,72.30039978027344,72.63964426094297,71.73775272756708,71.77912221349173,739955,0.00737843180526121,1.0,0.01176336864308326,-0.01308463219542777,1,3
2011-03-23,72.06871795654297,72.45760579142879,71.58053601477158,72.1349091291046,812123,-0.0032044335084531195,-0.0,0.011515628602301046,-0.018312734756903204,2,3
2011-03-24,73.12781524658203,73.218835449978,72.16800657718782,72.31694405217233,515885,0.014695658811048729,1.0,0.011041728712501735,-0.006161861248860867,3,3
2011-03-25,73.51670837402344,73.68219365287041,73.12782054054814,73.29330581939512,749383,0.005317991876689909,1.0,0.01122476105621874,-0.0031583781729641602,4,3
2011-03-28,74.12901306152344,74.5427226234144,73.69047445964048,73.69875570500035,877889,0.008328782681412239,1.0,0.011255792585720683,0.0056592966884150275,0,3
2011-03-29,75.08883666992188,75.361882656419,74.11247260173332,74.1372942961381,1056214,0.012948015476772046,1.0,0.01090614127207572,-0.0010035987048734318,1,3
2011-03-30,75.76731872558594,75.79214041770287,75.17984261997648,75.3866974023281,706082,0.009035724692960212,1.0,0.011221000187287496,0.006879219331421771,2,3
2011-03-31,76.23067474365234,76.2472225390632,75.22948903303084,75.6432059624346,559884,0.006115512939617096,1.0,0.010956113632711779,0.028992144576106105,3,3
2011-04-01,76.83470153808594,77.09119972457846,76.19758199879521,76.64439453570904,770801,0.007923671100443563,1.0,0.010986038597692552,0.030767751580163205,4,4
2011-04-04,77.41389465332031,77.5793799578276,76.74367953746803,76.8264258637438,811192,0.007538170951926881,1.0,0.010151059581461815,0.017420930453875716,0,4
2011-04-05,77.48836517333984,77.94345162969259,77.06638165864776,77.25668866998387,478637,0.0009619787294390392,0.0,0.009941948513168961,0.012773562709692987,1,4
2011-04-06,77.75312805175781,78.28267948091656,77.59591666753408,77.86069605613505,548360,0.003416808159853346,0.0,0.009396242360272344,0.02765304095726373,2,4
2011-04-07,77.7034912109375,78.23304268465989,77.30632209461285,77.76968238963637,471653,-0.0006383902752731263,-0.0,0.009125879710916388,0.019529023728884765,3,4
2011-04-08,76.80160522460938,77.93517333020833,76.42098387538647,77.75314022755579,663596,-0.011606762737079945,-1.0,0.009083208210355546,0.022205021683117332,4,4
2011-04-11,77.28150939941406,77.64558296877331,76.69404057593933,76.69404057593933,698400,0.006248621671398613,1.0,0.008150469916602038,0.03179206599999085,0,4
2011-04-12,77.51317596435547,77.97652886196045,77.06636351161886,77.06636351161886,634264,0.002997697207802741,0.0,0.008214340222103548,0.037086431326199376,1,4
2011-04-13,78.02619171142578,78.28268988944669,77.0746493829245,77.63729647345758,1024087,0.006618432810780783,1.0,0.008088142215815126,0.04495242393455512,2,4
2011-04-14,78.655029296875,78.655029296875,77.36424982421532,77.67039873405344,1086361,0.00805931407975069,1.0,0.007259242280653282,0.06662143776793816,3,4
2011-04-15,79.25904846191406,79.90444183353075,78.81223597047705,79.02737199304505,1333478,0.007679345751169464,1.0,0.006121717820680149,0.09088823589788086,4,4
2011-04-18,78.32405853271484,78.6715769301818,77.70349416469192,78.62193354427055,802112,-0.011796633284696934,-1.0,0.006145527471658711,0.0971250510087267,0,4
2011-04-19,79.65621948242188,79.70586287122698,78.41508332598232,78.48127451105582,1131408,0.017008323810883796,2.0,0.006898971268125761,0.08804605575672575,1,4
2011-04-20,80.08646392822266,80.47535173803833,79.54036474566482,80.22712016084853,1763111,0.005401266198626464,1.0,0.007250140185250599,0.10986879338987765,2,4
2011-04-21,79.91272735595703,81.51792977329858,79.36662067096381,80.23542408870948,1425784,-0.0021693625082677137,-0.0,0.007230537754999745,0.1076904715826148,3,4
2011-04-25,78.91980743408203,79.6396659117397,78.53091955388325,79.6396659117397,1011283,-0.012425053614453896,-1.0,0.007175799094421519,0.10884069568358301,0,4
2011-04-26,78.72122192382812,79.16802706053679,78.50608590447878,78.67984509054183,1099631,-0.0025162949164539983,-0.0,0.007752669342216323,0.07920368149889057,1,4
2011-04-27,79.23422241210938,79.45762497151776,78.70467097807706,78.70467097807706,1535549,0.0065166733409909305,1.0,0.007856939105166029,0.07079361501505499,2,4
2011-04-28,79.25077819824219,79.4245373948714,78.54746751417368,79.08529289916466,744145,0.00020894741727506272,0.0,0.007808656488943275,0.06886924754210422,3,4
2011-04-29,79.82171630859375,79.87963360388846,79.14322717153048,79.36662980142711,910248,0.007204195634816113,1.0,0.007502796586445233,0.055426901159962405,4,4
2011-05-02,81.29452514648438,81.509653846952,79.89617022333343,80.05338898465479,866714,0.01845122989083192,2.0,0.00743456663320467,0.053511166175644,0,5
2011-05-03,79.6396713256836,81.21177809646386,79.53210330238153,81.16213470788344,992659,-0.020356276364477233,-2.0,0.008183183010962297,0.0664279887310546,1,5
2011-05-04,79.32524871826172,80.0782101873407,79.11012001911537,79.61484984852629,689903,-0.0039480651060959104,-0.0,0.00956056272744164,0.03650654888282823,2,5
2011-05-05,79.73896026611328,80.24369006132919,78.70467898300522,78.9529032578118,837382,0.00521538292707957,1.0,0.009541558575449366,0.024690064664760092,3,5
2011-05-06,80.7484130859375,81.15385611334773,80.22713549187641,80.26023843039215,779065,0.012659468049939004,1.0,0.00958119241296302,0.029044297008188336,4,5
2011-05-09,81.48483276367188,81.59239344069024,79.65622042586898,80.56638597163203,645904,0.009119927557593277,1.0,0.009885534913858037,0.03852301649119272,0,5
2011-05-10,81.83233642578125,81.97300001840209,81.36897616421945,81.6006526209787,498541,0.00426464226928247,0.0,0.009991587758087674,0.04866372789440532,1,5
2011-05-11,81.49309539794922,81.98127737030539,81.36070569648857,81.82406597757904,711670,-0.004145562043675888,-0.0,0.00947284087710627,0.06550294341451979,2,5
2011-05-12,82.74250793457031,82.74250793457031,81.0628332915646,81.4848241006761,838080,0.015331514044471195,2.0,0.009569436597353286,0.054496684022673714,3,5
2011-05-13,82.51911163330078,82.74251422685244,81.77442407472132,82.65150134905318,928639,-0.002699897632377546,-0.0,0.009966996904055869,0.067463781546244,4,5
2011-05-16,82.24605560302734,82.52738282125743,81.87371550998667,82.08057030078214,506806,-0.003309003512869224,-0.0,0.010012697866449483,0.05758220186487817,0,5
2011-05-17,82.74250793457031,83.52029102592905,82.02264947272324,82.07229285683854,1603992,0.006036184080841167,1.0,0.01001675380918347,0.045655393409090195,1,5
2011-05-18,82.767333984375,82.99901781853231,82.2708780729519,82.74251229101047,1057610,0.0003000398516361802,0.0,0.00997795715779496,0.04395030649819298,2,5
2011-05-19,83.3382568359375,83.42099580837072,82.56874765209001,82.77560243121675,1070880,0.00689792487058094,1.0,0.009472073959757599,0.05672938219620294,3,5
2011-05-20,83.23895263671875,83.47890297574922,82.99072840144733,83.2141309479959,1304728,-0.0011915799896587975,-0.0,0.008949578953310429,0.046224103747833034,4,5
2011-05-23,81.9233627319336,82.71769368951031,81.13731302049881,82.71769368951031,1312992,-0.015804979076644687,-2.0,0.008947017362342203,0.03936356475073621,0,5
2011-05-24,81.56757354736328,82.05575559797704,81.26142460992223,81.9978383090727,804906,-0.004342951420762797,-0.0,0.009717109454172972,0.025160389871572653,1,5
2011-05-25,81.84061431884766,81.9316271874303,81.09593418372428,81.12075587515591,931316,0.0033474180928751984,0.0,0.009300395071797293,0.033550083298071964,2,5
2011-05-26,81.85716247558594,81.85716247558594,80.78978565103795,81.63375990366846,883360,0.000202199810888537,0.0,0.00925812201562924,0.03962581269429366,3,5
2011-05-27,82.7259750366211,82.74252283430602,81.4682909762513,81.91509620983437,1041780,0.010613763472369087,1.0,0.009202824468483316,0.03310362597911598,4,5
2011-05-31,83.42927551269531,83.4954666952491,82.27087838169423,83.04038761910329,2846329,0.008501567684912503,1.0,0.009402539599037594,0.04385063361379071,1,5
2011-06-01,81.9233627319336,83.0486643094969,81.9233627319336,83.0072948190097,685945,-0.01805017209495685,-2.0,0.009442016626048298,0.04519520966142343,2,6
2011-06-02,81.37725830078125,82.4032656886711,81.35243660804836,82.26260208180742,870206,-0.006666040222729652,-1.0,0.009648524626243278,0.0077353005545715,3,6
2011-06-03,80.35124969482422,80.88907507334898,80.25196292539782,80.69049418645226,674189,-0.012608050791841241,-1.0,0.008578305911951394,0.02181810831428299,4,6
2011-06-06,79.59830474853516,80.31816330147632,79.55693525653734,80.10303459504289,719352,-0.009370668771783386,-1.0,0.00902765068587017,0.012934103493410287,0,6
2011-06-07,79.52381896972656,80.1112950496883,79.49072338168219,79.75550278212422,996384,-0.0009357709192916452,-0.0,0.009218025294427081,-0.0017639497318339137,1,6
2011-06-08,79.4576416015625,79.59003132478983,78.88672056445344,79.30870408143736,589682,-0.0008321703990253893,-0.0,0.008746622561506578,-0.015165550249360948,2,6
2011-06-09,79.7306900024414,79.9623664926896,79.25078187802899,79.49900616414888,908968,0.003436402029751928,0.0,0.008453161502916856,-0.024878141039925583,3,6
2011-06-10,79.05218505859375,79.60655815277936,78.91979537023876,79.35005267233889,690834,-0.008509959512790877,-1.0,0.008428458567017228,-0.025682346553137392,4,6
2011-06-13,78.91980743408203,79.71413098954815,78.89498574147922,79.32524310934936,505292,-0.0016745599683752888,-0.0,0.008557432626081439,-0.029952357649883687,0,6
2011-06-14,79.70584869384766,79.84651228515334,79.06046271004321,79.44935054926702,670580,0.00995999971771555,1.0,0.007650298638350168,-0.04619995931850562,1,6
2011-06-15,79.25077819824219,79.96236277986237,79.00254657560389,79.15975797712974,682453,-0.00570937394259996,-1.0,0.008096542546242409,-0.034092259159971716,2,6
2011-06-16,79.78034210205078,79.8382593939263,79.06875740968529,79.28388612755379,615989,0.006682128754419425,1.0,0.00813842853112055,-0.03641849305506273,3,6
2011-06-17,79.84652709960938,81.06284157096992,79.74724032123808,80.26024405362355,935158,0.0008295902952375478,0.0,0.008170419693835348,-0.03579980721471365,4,6
2011-06-20,80.35952758789062,80.95527762624641,79.51555326558277,79.59829959226298,997781,0.006424831572715339,1.0,0.008177723518859465,-0.03528936772709168,0,6
2011-06-21,80.37608337402344,80.78152645377853,80.26024879241771,80.7732525550924,620761,0.00020602144673764755,0.0,0.008153534651224427,-0.03574263922883458,1,6
2011-06-22,79.87135314941406,80.508472737549,79.8134358588727,80.20232379145469,544054,-0.006279607109749952,-1.0,0.008163589109635055,-0.03439338401084624,2,6
2011-06-23,78.90325164794922,79.37487845572589,77.62073887567378,79.37487845572589,968797,-0.012120759988300533,-1.0,0.007580620545299369,-0.02504791690783048,3,6
2011-06-24,78.199951171875,78.98600085207609,77.75313864823386,78.98600085207609,1018151,-0.00891345364589291,-1.0,0.007925070501134533,-0.03266398378109148,4,6
2011-06-27,78.82878875732422,78.93635677542088,77.95999275898697,77.97654055437967,595386,0.008041406369514226,1.0,0.007997525625504386,-0.044484797398865794,0,6
2011-06-28,79.26732635498047,79.4410855524024,78.63848074600811,79.00254693603084,733786,0.0055631654953660625,1.0,0.008289641453551181,-0.036995830623434256,1,6
2011-06-29,78.72122192382812,79.35006014364839,78.42334693399332,79.26732117316291,1468852,-0.006889401425080766,-1.0,0.00798016287768406,-0.04180849703021994,2,6
2011-06-30,80.08646392822266,80.15265509651718,79.03563504329105,79.05218283536468,915020,0.01734274406608627,2.0,0.007668004569874018,-0.05643167293417006,3,6
2011-07-01,81.43518829345703,81.501379478436,79.75551349417096,80.00373778588654,854842,0.016840852986631738,2.0,0.008015030368014922,-0.022422160693300275,4,7
2011-07-05,81.20350646972656,81.65859292190983,81.02974725679036,81.52620320061446,607492,-0.002844984196458067,-0.0,0.008794841195990551,0.0007118695552714716,1,7
2011-07-06,81.98956298828125,82.27088287755241,80.95528161609238,81.26969709844902,583048,0.009680080980834616,1.0,0.008337258059359602,0.010606639948217866,2,7
2011-07-07,81.9647445678711,82.54393951413901,81.4931103034279,82.5025700211295,519144,-0.0003027021916643946,-0.0,0.008241372750623886,0.030041572459369448,3,7
2011-07-08,81.3110580444336,81.51791280882969,80.77323271778644,81.31933194108771,606910,-0.007975215769704613,-1.0,0.008233391426142952,0.030694270342747965,4,7
2011-07-11,80.3264389038086,81.04629747201983,80.16922748283724,80.62431394860114,415548,-0.012109289490329078,-1.0,0.008477317137517572,0.02332584261895132,0,7
2011-07-12,79.94583129882812,80.93046939667087,79.92100960110788,80.25198026680216,915952,-0.004738260654580384,-0.0,0.00893262023073404,0.007472014870922861,1,7
2011-07-13,78.60539245605469,80.39262798179846,78.31579131744034,80.11958198794454,1372938,-0.01676683850797711,-2.0,0.008781309533317449,0.011304510300025328,2,7
2011-07-14,78.7625961303711,79.38316783838557,78.39852994232453,78.60538472898135,773594,0.0019999095406117995,0.0,0.009557644735430127,-0.003983980552536903,3,7
2011-07-15,79.20941925048828,79.32525383162529,78.39854044230435,78.91154420290317,940512,0.0056730369752868715,1.0,0.009290904054554823,-0.011834170000492916,4,7
2011-07-18,78.5888442993164,79.37489403189049,78.2413258737891,78.67985718083587,714463,-0.007834610543089537,-1.0,0.009305379486536527,-0.0005218743423622829,0,7
2011-07-19,80.24368286132812,80.25195675814449,78.15856533904122,78.75431530199272,864270,0.021056914333910326,2.0,0.009324622131464993,-0.01493472917439076,1,7
2011-07-20,79.92098999023438,80.85597711516562,79.46590359956168,80.11957087131441,1824104,-0.004021411525333529,-0.0,0.010463025059048824,0.0049739891783056045,2,7
2011-07-21,78.1668472290039,79.86306222274706,76.7850403168773,79.86306222274706,2098226,-0.021948461367217953,-2.0,0.01040484892563372,-0.005457194819576516,3,7
2011-07-22,77.03327178955078,78.15029195535409,76.45406961642901,78.02618350229378,1337902,-0.014501997709234882,-1.0,0.01143300036612863,-0.027486237849374096,4,7
2011-07-25,76.22239685058594,76.73540052556464,75.70939317560725,76.73540052556464,1092298,-0.010526294938894676,-1.0,0.011749758597007403,-0.03553315735810969,0,7
2011-07-26,75.96588897705078,76.40442017248644,75.36186516124644,76.37132458762984,895931,-0.0033652559370177526,-0.0,0.011683718133849707,-0.03397648058060687,1,7
2011-07-27,74.60064697265625,75.89970028270938,74.50135285719234,75.61838042697524,1207650,-0.017971776843248244,-2.0,0.01157178553644187,-0.028568588104537218,2,7
2011-07-28,74.76612854003906,75.3784189527445,74.61719104828818,74.61719104828818,1246993,0.00221823233575269,0.0,0.011907515240867745,-0.05363702590540087,3,7
2011-07-29,75.09709930419922,75.72593751226745,74.05454420730469,74.49307543876932,1131874,0.004426747387126229,0.0,0.011815518553925831,-0.05678503390897571,4,7
2011-08-01,73.42571258544922,75.44463198722437,71.28267735866794,75.44463198722437,2402729,-0.022256341912483713,-2.0,0.011873453608094537,-0.04603742842223235,0,8
2011-08-02,72.482421875,73.91387200331812,72.34176564418557,72.9788776749433,1495973,-0.012846871718833697,-1.0,0.011762757628727236,-0.08316950226124509,1,8
2011-08-03,72.95407104492188,73.15265193627792,71.10891104316335,72.68929897246184,1769164,0.006507083479291964,1.0,0.01087571043773428,-0.10993732078318719,2,8
2011-08-04,70.71175384521484,72.54864006843422,70.71175384521484,72.1762999544946,1414376,-0.030736011953689468,-3.0,0.011176074019390308,-0.10158964536685566,3,8
2011-08-05,71.18338775634766,72.11837498596331,69.94225159960274,71.3819686596615,1470714,0.006669809267709548,1.0,0.011968341616401767,-0.1375517655177445,4,8
2011-08-08,67.05453491210938,70.62901314546313,66.98834372832378,70.04981089516171,2033275,-0.058003039394118994,-6.0,0.012255341100779976,-0.13153651449003068,0,8
2011-08-09,69.5450668334961,69.68573041828031,66.30984112367351,67.82402292705565,2236510,0.0371418864458779,4.0,0.016617670557558088,-0.17533314010664502,1,8
2011-08-10,66.09471893310547,68.92451696843152,65.88786413487311,68.50252612591488,1740180,-0.049613122216869865,-5.0,0.019399983931275348,-0.13421947017000546,2,8
2011-08-11,68.51078796386719,69.27202318677952,66.02851612594809,66.17745361191014,2265959,0.03655464566249278,4.0,0.021532217620619448,-0.1732562178751863,3,8
2011-08-12,68.70938873291016,69.71057459387018,68.16328935821703,68.5521846529012,793150,0.0028988247682644186,0.0,0.023590671727415764,-0.12842127208805698,4,8
2011-08-15,70.11600494384766,70.22356561062192,68.80039646587268,69.00725125002094,679310,0.02047196514009686,2.0,0.02360721100254848,-0.1276393604499838,0,8
2011-08-16,69.61955261230469,70.09118683486625,68.94933749288677,69.59473091870318,903264,-0.007080442360350547,-1.0,0.024193383206239562,-0.11480218378932971,1,8
2011-08-17,68.93278503417969,70.30631077157177,68.70110121348266,69.69401297864306,800599,-0.009864579020630204,-1.0,0.024190317267157257,-0.11412932416782895,2,8
2011-08-18,66.16091918945312,67.89023739853681,65.556895226985,67.55099287529859,1160275,-0.040211139639174,-4.0,0.023423676037633435,-0.1409568631925231,3,8
2011-08-19,65.4410400390625,66.80629175350504,65.07697389495024,65.49896466292795,1024669,-0.01088073078805385,-1.0,0.024504172394649013,-0.17217092534092238,4,8
2011-08-22,63.9599609375,66.40086356460682,63.72828446021617,66.37604187218825,1891500,-0.022632267162600472,-2.0,0.024322613264174422,-0.1628031274263737,0,8
2011-08-23,65.7802963256836,65.82994706193385,63.63726855826587,64.18336787266318,1202412,0.028460545652339908,3.0,0.0244930310848019,-0.16970992596246082,1,8
2011-08-24,66.55807495117188,66.59944443852777,65.14317969924868,65.63963559165126,722495,0.011823884490234526,1.0,0.025777888501891787,-0.13699517407424688,2,8
2011-08-25,65.57343292236328,67.03797881465998,65.1514494818968,66.93041080628447,867646,-0.014793727575969418,-1.0,0.026086555422349576,-0.12384261084236103,3,8
2011-08-26,66.72357177734375,67.12900751957186,64.24957313338084,65.39968916885901,830165,0.01753970783170966,2.0,0.026022458242230165,-0.12100718179564529,4,8
2011-08-29,68.58527374267578,68.7590329521428,67.3689592764066,67.37723317456957,645322,0.02790171322878998,3.0,0.026469376027978206,-0.10756952272028275,0,8
2011-08-30,68.81694030761719,69.18928036730402,67.5840782229488,68.22947157869584,530202,0.0033777887336368106,0.0,0.027370747795956173,-0.0867120783872849,1,8
2011-08-31,69.11483001708984,69.983626124107,68.57700455541683,69.26376754229922,934925,0.004328726446439779,0.0,0.027083607374186146,-0.06276782499684386,2,8
2011-09-01,68.2542953491211,69.62782107215153,68.12190564554189,69.205830269751,967982,-0.01245079627275314,-1.0,0.027022061887100112,-0.04646080761095095,3,9
2011-09-02,67.21173858642578,67.94814481346695,67.13726616519345,67.37722387488887,1017336,-0.015274595647975397,-2.0,0.027043420551188236,-0.06442102035549002,4,9
2011-09-06,68.46114349365234,68.7755662536683,65.68099672811,66.18572645381077,1394938,0.01858908776210244,2.0,0.026449177187180668,-0.04949693747450323,1,9
2011-09-07,71.22474670410156,71.60536065811705,69.24720451377729,69.6112706739698,1034330,0.04036747079320202,4.0,0.026772201213466282,-0.03824269044363604,2,9
2011-09-08,70.90204620361328,72.30866738703331,70.30630361399328,70.85240282482238,1194730,-0.004530735670130515,-0.0,0.02493644853819914,0.06219134615515909,3,9
2011-09-09,67.03797912597656,70.19046614282243,66.68218685944677,70.19046614282243,2037815,-0.05449866801502545,-5.0,0.023726970648096583,0.019512230441392164,4,9
2011-09-12,67.94815063476562,67.94815063476562,66.03679943069031,66.28502371062922,1309151,0.013576953253299662,1.0,0.024267790407252507,0.014271339799867722,0,9
2011-09-13,67.78265380859375,68.4114993213289,66.96350133238201,68.17154163187016,1019664,-0.002435634003660425,-0.0,0.023071022440390995,-0.008212390279298765,1,9
2011-09-14,68.76729583740234,69.52852373866558,67.17036761529111,68.14672418238395,600042,0.014526460288631471,1.0,0.02306528983860753,-0.013487748056074889,2,9
2011-09-15,68.19637298583984,69.31339311568037,67.02970212833031,69.00724424523465,1339066,-0.008302243742613125,-1.0,0.02283170317133071,-0.019235395791951104,3,9
2011-09-16,69.02379608154297,69.3464927640994,68.14672624989578,68.66800381063072,1140953,0.012132948710849023,1.0,0.02285039287995967,-0.020442240334266448,4,9
2011-09-19,67.89850616455078,68.1632782357229,67.24483886215219,67.90678006214854,765214,-0.016302927118972077,-2.0,0.022914942880075947,0.0013202868173418647,0,9
2011-09-20,68.28739929199219,69.48716597211288,68.23775590259322,68.4363368082337,971940,0.005727565294278092,1.0,0.021340643208701715,0.026263041632206496,1,9
2011-09-21,66.2850341796875,68.83350530364152,66.27676028065089,68.23776252887002,959020,-0.029322614905023858,-3.0,0.021167736374883915,0.043495018588192824,2,9
2011-09-22,65.250732421875,65.78856508419446,64.53914793381564,65.05215155870064,1474206,-0.015603850410768172,-2.0,0.02160666208960325,0.036352011603939305,3,9
2011-09-23,65.91268157958984,66.003701799849,64.43159514737262,64.72118890701041,1295881,0.010144700804813223,1.0,0.021032936776644074,-0.008050494348439519,4,9
2011-09-26,68.13016510009766,68.17153457743274,66.29327947795655,66.38429967613587,992776,0.03364274472477935,3.0,0.020988193768671448,-0.009696695285365542,0,9
2011-09-27,69.00724792480469,69.76020929616153,68.39495749930819,69.16445931671245,930269,0.012873634217947627,1.0,0.021949724365799134,0.03899036643028064,1,9
2011-09-28,66.77320098876953,69.01552263921837,66.73183150305216,68.94933146207059,893603,-0.032374091174734776,-3.0,0.021808287955301243,0.03422592775880684,2,9
2011-09-29,66.69046783447266,67.79921423667147,65.63963871733004,67.79921423667147,1304844,-0.0012390173463571186,-0.0,0.022169147995171348,-0.026420726418690754,3,9
2011-09-30,65.40795135498047,67.39377491210077,65.03561127503139,66.18573445259909,1295881,-0.01923088143084295,-2.0,0.02214604281690483,-0.030900421664186606,4,9
2011-10-03,62.8925895690918,65.13491150467965,62.685734766157154,64.67982505978776,1881490,-0.038456513830212535,-4.0,0.022443607737491756,-0.05363362191866472,0,10
2011-10-04,64.35711669921875,64.40676007941755,61.70108563793425,62.25545876095059,1396800,0.02328616360307545,2.0,0.02370884721184117,-0.07855484775872557,1,10
2011-10-05,62.87603759765625,64.49778766870944,62.18927470084479,64.41504134420327,2109634,-0.023013447113930163,-2.0,0.024248077302744208,-0.04247207329023861,2,10
2011-10-06,64.61360931396484,64.67152657931915,63.058050912073135,63.06632480712375,2133845,0.02763487940234577,3.0,0.024199928733787308,-0.08158066913553585,3,10
2011-10-07,64.81220245361328,65.49069136880266,63.85238635718431,64.93631825098878,1368166,0.003073549701943623,0.0,0.02317685111591523,-0.09282079187451864,4,10
2011-10-10,66.55807495117188,66.55807495117188,65.28384330430266,65.44104735625508,1027579,0.02693740424587676,3.0,0.02323354432826313,-0.08589094498784233,0,10
2011-10-11,65.45760345458984,65.838217439907,64.6136291599921,65.76374501353554,1051907,-0.01653400428707341,-2.0,0.021081272152518628,-0.007158690954911728,1,10
2011-10-12,66.5167007446289,67.01315660180924,65.110079489973,65.73064380041586,954131,0.016179897126447518,2.0,0.021126350056652792,-0.03665364188589848,2,10
2011-10-13,65.1679916381836,66.48359992354987,64.53914613231544,66.48359992354987,910364,-0.020276247789608237,-2.0,0.02147559314338682,-0.018676652400475113,3,10
2011-10-14,66.57463073730469,66.59945243269766,65.62309567368321,65.64791736907618,756484,0.021584815854550632,2.0,0.021586246799896156,-0.052340348059187414,4,10
2011-10-17,66.4256820678711,67.08762322609473,65.96232913554941,66.22710119001272,831562,-0.0022373187471564915,-0.0,0.022150958832874657,-0.023780476549271734,0,10
2011-10-18,68.32876586914062,68.61009309315956,66.28502491617384,66.61599552747461,1835046,0.028649819497901907,3.0,0.021948889086208147,-0.03764084505874654,1,10
2011-10-19,67.79920959472656,69.21410481715303,67.56753312231942,68.17154966925523,1209978,-0.007750122041253249,-1.0,0.02262445543161513,0.006336806638236103,2,10
2011-10-20,67.21173858642578,68.69282493752911,64.85357506283759,67.733016142878,2055508,-0.00866486514831688,-1.0,0.022661225296241594,-0.007149045099494211,3,10
2011-10-21,68.04745483398438,68.51080787156948,67.52617715566718,68.13846772249224,1406228,0.012434081681787834,1.0,0.021759550224498013,0.0139805978560128,4,10
2011-10-24,68.73419952392578,69.07344398678387,67.69991834185043,68.25429146826546,1087292,0.010092143660874076,1.0,0.021556335781219425,0.04286116505217619,0,10
2011-10-25,69.56161499023438,70.70346411900103,69.13135768539316,69.31339075252488,1809205,0.012037900667201118,1.0,0.021555373000536348,0.04280690569278289,1,10
2011-10-26,69.00724792480469,70.53798501061128,68.73420197426016,70.38077361870353,1634023,-0.007969439259101652,-1.0,0.020468808107946258,0.021010515504161997,2,10
2011-10-27,70.77796173095703,70.95172096362498,69.46235296302305,70.37251862270146,1196476,0.0256598235605896,3.0,0.020379129155025374,0.0,3,10
2011-10-28,71.87843322753906,72.0935619529712,70.38079135255354,70.68694031646393,1448947,0.015548222492831387,2.0,0.01966357863794639,0.059975569283567065,4,10
2011-10-31,69.37957763671875,71.56398165538646,69.37957763671875,71.14199827293827,877190,-0.034765025872362965,-3.0,0.01982482882157306,0.07779170789359369,0,10
2011-11-01,67.11244201660156,68.57698786807761,67.08762032644755,67.84884821667696,944470,-0.0326772761862032,-3.0,0.020981683763819984,0.06072084814556522,1,11
2011-11-02,67.66682434082031,68.45288137611932,67.17864967199932,68.00606884846869,822832,0.008260499954414025,1.0,0.02044138875538019,0.06709617900013432,2,11
2011-11-03,68.40322875976562,68.82521218890717,67.87367732513542,68.41977655321877,655099,0.010882798566639318,1.0,0.019964114712865494,0.05142722066107952,3,11
2011-11-04,67.70819854736328,68.5356250397283,67.004887865864,68.02262134926639,1012098,-0.01016078078482685,-1.0,0.01914475860762237,0.08790616224065939,4,11
2011-11-07,68.6431884765625,68.78385208814551,67.59235936068404,67.85713144009533,1101959,0.01380910952083858,1.0,0.018599859262440576,0.047893768298277184,0,11
2011-11-08,69.71883392333984,70.23183759503678,68.68455268272716,68.7590251057401,987188,0.015670097363624347,2.0,0.018766216234329548,0.05910902388622108,1,11
2011-11-09,66.77320098876953,68.45287558933121,66.0285208536823,68.37013661789646,1720741,-0.042250175007361945,-4.0,0.018197255903386063,0.047488737835142514,2,11
2011-11-10,67.82402038574219,68.24601112428317,66.5828845541111,67.46822816299489,1501094,0.015737142767042078,2.0,0.0202792008046503,0.02009846778292701,3,11
2011-11-11,69.34648132324219,69.65263016111194,68.36184364384158,68.6597185859874,702590,0.022447223400222427,2.0,0.020263012382239376,0.01965400608386081,4,11
2011-11-14,69.53679656982422,69.85949323764486,68.74247309338257,68.86658154404954,938417,0.0027444110061607407,0.0,0.02015135016154577,0.06411874265295459,0,11
2011-11-15,69.3713150024414,69.97533888687293,69.00724883156911,69.22237750562208,897677,-0.0023797697844284427,-0.0,0.019704436025267644,0.0444939130673947,1,11
2011-11-16,68.3370361328125,69.67746630249125,67.93160046215033,68.41978245525934,1330452,-0.014909316186272448,-1.0,0.019706086778114168,0.04434479019064619,2,11
2011-11-17,66.66564178466797,68.21292671674779,66.24365097698595,68.07226311418711,1108477,-0.02445810416618288,-2.0,0.01907115030336061,0.00012103633903937094,3,11
2011-11-18,67.01315307617188,67.52615670013084,66.40085534678344,67.03797476551848,1175407,0.005212749509355685,1.0,0.019754819909781347,-0.016719484147891372,4,11
2011-11-21,65.61482238769531,66.43396773548902,65.37486463390039,66.21056512682209,750547,-0.020866510890587775,-2.0,0.019704117297528575,-0.0029546254036941777,0,11
2011-11-22,66.50016784667969,67.54272317587433,65.62309784028,65.73893242260492,1643219,0.013493071028268133,1.0,0.01999513460009282,-0.035749058538985246,1,11
2011-11-23,66.64909362792969,67.7495660543753,65.8795844407107,66.23537671981981,1165630,0.0022394797798610533,0.0,0.020107513497806675,-0.03250247609952084,2,11
2011-11-25,66.77320098876953,67.25310906722196,66.42568261265633,66.42568261265633,527176,0.0018621012542596738,0.0,0.01989318254051927,-0.04186966278332627,4,11
2011-11-28,68.56044006347656,68.58526175362653,67.36067360325855,67.68337027129468,991379,0.026765813952930317,3.0,0.01985748331015295,-0.032374091174734776,0,11
2011-11-29,69.08172607421875,69.7105643459468,68.54390067753742,68.67628304124176,1011632,0.0076033060794178375,1.0,0.019934092658454777,-0.03133067996376848,1,11
2011-11-30,70.9268798828125,71.23302879986198,69.99189268398071,70.74484678176442,1177153,0.02670972359045276,3.0,0.019671537173677877,-0.03890884967493702,2,11
2011-12-01,71.24128723144531,72.13490474695625,70.48005940105817,70.76965311146579,599809,0.004432837721781713,0.0,0.019070230619111835,0.022301984226477112,3,12
2011-12-02,71.34886932373047,72.93752381493547,70.91860459908762,71.90324251390517,981485,0.0015101087650992717,0.0,0.017419505289333777,0.061521307983732676,4,12
2011-12-05,71.43988037109375,72.47416164566818,70.97652741553864,72.23421127040014,698633,0.0012755779905961884,0.0,0.017379673643731712,0.0544143310814269,0,12
2011-12-06,70.83587646484375,71.87843182315909,70.70348673330086,71.64675530399299,477007,-0.008454716092923253,-1.0,0.01727886492357352,0.044393395843826955,1,12
2011-12-07,70.44697570800781,70.8524113798403,69.68574040108395,70.5876319648988,783256,-0.005490166512289174,-1.0,0.01722168998819106,0.046193488891786094,2,12
2011-12-08,68.61007690429688,70.54624937992662,68.50250890918979,70.2732034662587,804673,-0.02607491358216152,-3.0,0.01709097479841862,0.026277730849597614,3,12
2011-12-09,69.0320816040039,69.81813870004882,68.76730950452472,68.93279482221602,721098,0.006150768498564441,1.0,0.017759887749718376,-0.015903263962534386,4,12
2011-12-12,68.13016510009766,69.00723475981205,67.9646798427152,68.9244958051419,940163,-0.013065179014592254,-1.0,0.015014503339835457,0.0338291497454839,0,12
2011-12-13,67.55097961425781,69.08171661743995,67.34412485124253,68.40322770415875,702008,-0.008501160755869264,-1.0,0.014982927978423731,0.0045138096004084804,1,12
2011-12-14,67.35242462158203,68.08883109394932,67.21176097732125,67.43516361935544,614243,-0.002939335503490903,-0.0,0.01419935883729915,-0.025891749296046762,2,12
2011-12-15,67.45996856689453,68.23775169305387,66.62426815667594,66.90559537533777,640084,0.0015967345781051634,0.0,0.014175517231169957,-0.03141318058919762,3,12
2011-12-16,67.54270935058594,68.38668358928292,67.31102553726924,68.0722608055271,771383,0.001226516783940701,0.0,0.014188651140648713,-0.027552403114739943,4,12
2011-12-19,67.534423828125,68.81692908546529,67.25309668097265,67.84056531409398,611566,-0.00012267086323014542,-0.0,0.013843748404953627,-0.011623664518941035,0,12
2011-12-20,69.70228576660156,69.77675818922741,68.46942365110209,68.46942365110209,786980,0.0321001026675487,3.0,0.012706788539936028,0.01303193099472777,1,12
2011-12-21,70.07463073730469,70.49662156691952,69.445792463826,69.445792463826,693395,0.0053419334331434865,1.0,0.01442354623330266,0.04012843101671448,2,12
2011-12-22,71.87843322753906,71.97772736514757,69.96708169994979,70.15738872799115,875095,0.025741162975178034,3.0,0.0134493965107824,0.06796952559374336,3,12
2011-12-23,72.2507553100586,72.61482147680508,71.84531965800991,71.84531965800991,724124,0.005179885896245295,1.0,0.014163689374359596,0.08087596700897515,4,12
2011-12-27,72.54863739013672,72.93752528606859,72.05218147386348,72.10182486107752,392501,0.004122892263199063,0.0,0.014161971667971462,0.08404707967073533,1,12
2011-12-28,71.00963592529297,72.76377599287109,70.85242449632608,72.65620795787945,572804,-0.021213375195010653,-2.0,0.014153935637662811,0.0864933283988969,2,12
2011-12-29,71.53917694091797,71.68811444889526,70.96825595037517,71.28267141383368,559768,0.007457312077787881,1.0,0.014176669651466802,0.03572316425549227,3,12
2011-12-30,71.13372802734375,71.85358639201388,71.04270782070911,71.58053312015281,462806,-0.005667508782063124,-1.0,0.014173700533607017,0.0355730959017877,4,12
2012-01-03,71.48953247070312,72.50726596975198,71.24130084515535,72.15974757242037,749616,0.005001909125620374,1.0,0.013039767447434106,0.0029163575907047434,1,1
2012-01-04,71.58882141113281,71.67984163606937,70.85241510591833,71.25785079907239,649163,0.0013888598372129302,0.0,0.01304954912789033,0.003484569817658212,2,1
2012-01-05,71.87843322753906,71.92807662232062,70.81105615146322,71.3240599416755,746473,0.004045489375261724,0.0,0.01304898888894275,0.00336308184946299,3,1
2012-01-06,72.32524108886719,72.60656098892062,71.63019686720976,71.80396343365781,572222,0.006216160275971827,1.0,0.013073948018690712,0.006138768068580935,4,1
2012-01-09,72.06871795654297,72.664460553727,71.31576397648195,72.32522344630554,702125,-0.0035467995469109503,-0.0,0.012970232916257712,0.021025569222152818,0,1
2012-01-10,72.56517791748047,73.4753433321271,72.2259334427426,72.58172571156099,975199,0.006888702546878456,1.0,0.012927941339211166,0.023020750461411277,1,1
2012-01-11,72.30867004394531,72.54035384956862,72.05217189605781,72.47415532737197,720400,-0.003534861773877962,-0.0,0.011361603470217403,0.05764606587893062,2,1
2012-01-12,72.4576187133789,72.92925294612022,72.11010029936836,72.30868120051089,815149,0.0020599005533232795,0.0,0.011412421036813614,0.04746472022584003,3,1
2012-01-13,71.93633270263672,72.1928382082285,71.30749448036566,72.15146137478094,596899,-0.007194357474046176,-1.0,0.010859977939636908,0.06351743910972929,4,1
2012-01-17,73.26022338867188,73.35951751302768,72.46589243795871,72.68102848272221,1002553,0.018403644393546248,2.0,0.010794371229509263,0.0649191634735864,1,1
2012-01-18,73.2022933959961,73.52498271103991,72.35004530703497,73.31812794825274,616454,-0.0007907427795905697,-0.0,0.011198971316024877,0.08771471554710408,2,1
2012-01-19,73.50016021728516,73.54981094432377,72.49070075611746,72.97888269370279,1040965,0.004069091383212875,0.0,0.01123739835842969,0.08512196123256954,3,1
2012-01-20,73.34294891357422,73.62427609093356,72.61481662869483,73.508434191778,707014,-0.0021389246397038875,-0.0,0.011219966027369238,0.08820272275097207,4,1
2012-01-23,73.56636810302734,73.71530560701821,72.92097470174829,73.26849309504563,631121,0.003046225884868692,0.0,0.011266372460444714,0.08600836071737139,0,1
2012-01-24,75.44461822509766,76.07345643779409,74.1703793097082,74.69993075894685,1223830,0.025531369435553453,3.0,0.009245344639233329,0.05543695294820994,1,1
2012-01-25,75.94108581542969,76.15621451752448,74.33587607783997,75.11365925193674,834239,0.006580556731704323,1.0,0.010506939253927745,0.07663240507001667,2,1
2012-01-26,75.34532165527344,76.42924620924953,74.97298160836826,75.78386022370073,1022341,-0.00784508351123947,-1.0,0.009241513286892286,0.05652116226615367,3,1
2012-01-27,75.56046295166016,76.181034698964,74.98126804274251,75.22121843476903,1375499,0.0028554035162402513,0.0,0.009497621023799278,0.042830920340344525,4,1
2012-01-30,75.22948455810547,75.22948455810547,74.26967574114819,75.06399926579645,589799,-0.0043803118803869,-0.0,0.009487757711142502,0.041514571050136784,0,1
2012-01-31,75.61837768554688,76.02381333390151,75.16329130723841,75.61010378856183,876376,0.00516942432512657,1.0,0.008029090952615699,0.059426422594985207,1,1
2012-02-01,76.53683471679688,77.04983849281078,75.88316731141629,76.28033650281252,1075303,0.012145949957685254,1.0,0.007977854538757314,0.05702051545823328,2,2
2012-02-02,76.47061920166016,76.64437837136221,75.8914170706247,76.53681037181603,599460,-0.0008651457220791858,-0.0,0.007993568818641541,0.07595702965794482,3,2
2012-02-03,77.02501678466797,77.1987760096139,76.36307548048444,77.08293407696821,985675,0.007249811611251822,1.0,0.008041660196778506,0.06967574914548935,4,2
2012-02-06,75.2956771850586,76.900879251071,75.12191800914893,76.69402448890104,954364,-0.022451661444540028,-2.0,0.008075723069788595,0.07593637199745507,0,2
2012-02-07,76.08174133300781,76.172761560712,75.09711071283066,75.09711071283066,880799,0.010439698231510253,1.0,0.009862247875160678,0.04754199283534555,1,2
2012-02-08,76.1148452758789,76.91744279926021,75.94935996263783,75.95763386089764,752875,0.0004351102155535358,0.0,0.00998919946999549,0.05193899373975053,2,2
2012-02-09,76.21412658691406,76.28859901395397,75.46117250711337,75.99072400188254,768822,0.001304361989771019,0.0,0.009906900465056328,0.056142629341286776,3,2
2012-02-10,74.49308013916016,75.09710404270297,72.05217752882872,75.02263161791518,2415766,-0.022581725000695774,-2.0,0.009862315506923122,0.05028511986263018,4,2
2012-02-13,73.51670837402344,75.05571926288734,73.09472495438737,74.7164748086532,1282030,-0.013106878696823476,-1.0,0.011216796879415028,0.03020951835910246,0,2
2012-02-14,73.80632781982422,74.25314038833812,73.23540677231613,73.23540677231613,1166561,0.0039395050758708194,0.0,0.01165710833589795,0.014616677713823023,1,2
2012-02-15,72.3666000366211,73.50844196371361,71.90323973905151,73.50844196371361,2170860,-0.019506833976590476,-2.0,0.011529933250534903,0.02599514107728429,2,2
2012-02-16,72.87133026123047,73.086458942527,72.01908208543318,72.36660047369833,978458,0.006974629516295572,1.0,0.011682658923531767,-0.01219793375881184,3,2
2012-02-17,72.76375579833984,73.28503333454269,72.42451133757085,73.18574657414781,760441,-0.001476224771868262,-0.0,0.011795975762576934,-0.0045212126480141945,4,2
2012-02-21,72.6065444946289,73.16091761825328,72.18456106638979,72.86304998869053,798504,-0.0021605715920799407,-0.0,0.011758831594234517,-0.010019085900878522,1,2
2012-02-22,72.85478210449219,72.96234277058426,72.31695672990028,72.44933908816743,845879,0.003418942625504684,0.0,0.011758991371630547,-0.010040561906136003,2,2
2012-02-23,72.81339263916016,73.26847896089508,72.57344230837926,72.70583199172574,660337,-0.0005681091087839096,-0.0,0.011764755692848088,-0.009672708017046672,3,2
2012-02-24,73.70703125,73.83941361001641,72.002534884349,72.99543932469194,1028161,0.012272997843520761,1.0,0.010157557293208325,-0.034876252910273076,4,2
2012-02-27,74.38552856445312,74.55928043142558,73.00372139469776,73.06164603173336,1046320,0.00920532685886899,1.0,0.010459360487082603,-0.02941825944995602,0,2
2012-02-28,75.13846588134766,75.44461475066379,74.49307255642026,74.59236666334876,893719,0.01012209406083775,1.0,0.0105923971991273,-0.01273858906876324,1,2
2012-02-29,74.37724304199219,75.08055376005466,74.23658677681519,75.01436257644194,1209163,-0.010130934008654502,-1.0,0.010825558188832969,-0.005584892598957114,2,2
2012-03-01,73.69047546386719,74.58410047444323,73.14437618943332,74.40206738296527,1487708,-0.009233571318814082,-1.0,0.01100751475998802,-0.011328557162385344,3,3
2012-03-02,73.90562438964844,74.22832114177089,73.32642207638447,73.5415581431629,944470,0.0029196300393901087,0.0,0.01108605987829279,-0.025495154494013628,4,3
2012-03-05,74.02145385742188,74.22004211272842,73.5663747547931,73.74840786545354,1463032,0.0015672618793227677,0.0,0.010708334642966354,-0.034378353075149914,0,3
2012-03-06,73.48362731933594,73.8807964759352,73.30986810958768,73.4670795229832,886619,-0.007265819705755683,-1.0,0.010729922266970107,-0.03202753383988699,1,3
2012-03-07,73.59119415283203,73.70703607347119,73.21885404483159,73.65738533717186,818874,0.0014638204103432084,0.0,0.010605329507873127,-0.04597713331543152,2,3
2012-03-08,73.34294891357422,73.95524664734113,73.34294891357422,73.83113085167753,880100,-0.0033733008699691203,-0.0,0.00955195215695981,-0.022637196396246728,3,3
2012-03-09,73.42571258544922,73.65738909048848,73.21885777580222,73.40089089005696,974734,0.0011284475617761025,0.0,0.009190221720291922,-0.03599802490647486,4,3
2012-03-12,73.0864486694336,73.64082176363934,73.02025749927513,73.61600007482991,874164,-0.004620505597692448,-0.0,0.009199530791546425,-0.03532993702717124,0,3
2012-03-13,73.53327178955078,73.64083245667666,72.74721478956505,73.48362105667951,1130128,0.0061136247314210745,1.0,0.009194576670291485,-0.04103803399116157,1,3
2012-03-14,74.67510986328125,74.75785618175404,73.21057130233548,73.51671284096717,1268876,0.01552818263001221,2.0,0.00803466580056051,-0.012884530319008936,2,3
2012-03-15,74.96471405029297,75.1384732434104,74.0131717628174,74.67511294574929,685596,0.0038781889647292456,0.0,0.008231020849693474,0.015756982526534458,3,3
2012-03-16,74.74130249023438,75.61837224779713,74.55098817717672,75.15501200582403,782092,-0.0029802229340688546,-0.0,0.008229853733416155,0.01569494465700294,4,3
2012-03-19,74.57581329345703,75.21292532612458,74.42687581822332,74.72475076869074,409146,-0.0022141599258183042,-0.0,0.006871610143044826,0.03281489599361542,0,3
2012-03-20,74.11245727539062,74.47652341412815,73.98006758456525,74.41033224273697,454891,-0.00621322111826117,-1.0,0.006801863105656456,0.02339031037468775,1,3
2012-03-21,75.44461822509766,75.58527447332953,73.88905946520097,74.07936644320522,1344304,0.017974858730657406,2.0,0.006968887761521232,0.018535347196599217,2,3
2012-03-22,74.5344467163086,75.37014706291606,74.51789892212265,75.09710111080462,889296,-0.012064101193718813,-1.0,0.007855779805692435,0.039088401055619615,3,3
2012-03-23,74.02972412109375,74.69166534483054,72.73894461324247,74.46826275363487,2433808,-0.006771668905464767,-1.0,0.008408930809749224,0.0230549672004694,4,3
2012-03-26,76.0403823852539,76.06520408314807,74.07938742311394,74.2779683543128,906872,0.027160148008538165,3.0,0.008578440634428013,0.01670477693521777,0,3
2012-03-27,75.8004150390625,76.23894630007118,75.53563562453189,76.15620732555782,677564,-0.0031557882622896827,-0.0,0.010059195258572146,0.0316571037482114,1,3
2012-03-28,75.41981506347656,75.85834640590774,75.17158339775924,75.68458717912372,599693,-0.005021080364662978,-1.0,0.009948853036386993,0.019020991070640925,2,3
2012-03-29,75.60184478759766,75.7094054695963,74.62548066272484,75.03919028957877,906174,0.0024135530426305785,0.0,0.009798039186413336,0.003744409455646691,3,3
2012-03-30,75.74249267578125,75.93279967090167,75.33705699244351,75.75076657348022,647882,0.0018603764045539428,0.0,0.009513475624945946,0.0164647370018014,4,3
2012-04-02,77.00019073486328,77.28151062960559,75.74249938879841,75.83351961959828,1097303,0.01660492036439387,2.0,0.009231079639769406,0.027846437399094093,0,4
2012-04-03,77.96827697753906,78.05102331350001,76.63612783577813,77.04983747144759,1076467,0.012572517463095956,1.0,0.009812276568304978,0.04187186524397024,1,4
2012-04-04,77.10774230957031,77.5711026111986,77.07464671974914,77.48008239114642,717722,-0.011036984544581574,-1.0,0.010078255593668399,0.05331998919825942,2,4
2012-04-05,77.14911651611328,77.29804666523395,76.45407241333182,76.72712571614038,509832,0.0005365765525446875,0.0,0.010292746304274123,0.04931867304923787,3,4
2012-04-09,74.45997619628906,76.11482897427814,74.42688061033789,76.11482897427814,1001156,-0.034856398119122556,-3.0,0.010298703160174012,0.04834712093259763,0,4
2012-04-10,73.77323150634766,75.28742106772222,73.7401359122718,74.30278305569608,915486,-0.009223004424968262,-1.0,0.013081550095722202,0.015230193212317111,1,4
2012-04-11,74.08765411376953,74.93162850028112,74.00490778079455,74.21176993920957,1115345,0.0042620148392824575,0.0,0.01326240180278996,0.004732932220358199,2,4
2012-04-12,74.07109069824219,74.41033516101274,72.94578930415815,74.30276715524039,2275154,-0.00022356512330523604,-0.0,0.013238953747328266,0.013698920423187433,3,4
2012-04-13,73.24366760253906,74.09591574646295,73.21057201404564,74.09591574646295,654401,-0.011170661696800921,-1.0,0.013182250477119614,0.007313953202444434,4,4
2012-04-16,72.92924499511719,73.64082954165036,72.6810207327624,73.64082954165036,1032352,-0.004292829915728769,-0.0,0.012938534472124551,-0.019168934111552516,0,4
2012-04-17,75.72593688964844,75.85832658690609,73.11127527201594,73.12782306566773,1759968,0.03834801655657483,4.0,0.012912345533428229,-0.02715236202742277,1,4
2012-04-18,75.03089141845703,76.3051301654654,74.56753855412899,75.65146300023825,1287384,-0.009178433436938027,-1.0,0.015518745660696876,0.013173899391741406,2,4
2012-04-19,73.50016021728516,74.40205902396252,72.72238455418278,74.40205902396252,1464079,-0.020401346328604686,-2.0,0.015658758794190417,0.006102221416067755,3,4
2012-04-20,72.47415924072266,73.64910408169052,72.34177688526779,73.63255628725867,1326378,-0.013959166531465783,-1.0,0.016253429238000303,-0.008261729277579732,4,4
2012-04-23,71.99427032470703,72.1018310061713,71.49781436612184,72.02736591900373,947147,-0.00662151753180984,-1.0,0.015952207146956828,-0.03937270880624377,0,4
2012-04-24,72.30039978027344,72.6810210949113,71.91978581367924,72.08527110542154,576180,0.004252136373988025,0.0,0.015820615798740896,-0.03408056950190996,1,4
2012-04-25,72.16802215576172,72.94579793430137,72.05218023953584,72.55691004503154,672559,-0.0018309390392587943,-0.0,0.01582092658132465,-0.0233598647212514,2,4
2012-04-26,72.44104766845703,73.0450714241228,72.0190643074637,72.1845495633133,968681,0.0037831923965718772,0.0,0.01444532365804974,-0.05092504940168652,3,4
2012-04-27,72.39141845703125,72.78030631253574,72.28385044787227,72.49898646619025,825974,-0.0006850979247694511,-0.0,0.014506087262423091,-0.044318588082588595,4,4
2012-04-30,72.7223892211914,72.75548480931236,72.25902894336738,72.39969254092499,648930,0.004571961307217709,0.0,0.014492629998933958,-0.04015385882206801,0,4
2012-05-01,73.30985260009766,73.6077275675173,72.30039314787565,72.49898135818408,643925,0.008078163894195356,1.0,0.01453197793408583,-0.03808710719290043,1,5
2012-05-02,73.23541259765625,73.8973539304576,73.09474896222913,73.23541259765625,754039,-0.0010154160702992021,-0.0,0.014671823455145578,-0.03211724343555222,2,5
2012-05-03,72.09354400634766,73.2602149296065,71.83704584911565,73.1526469196452,858683,-0.015591754737313224,-2.0,0.01407948488242888,-0.0488931014491949,3,5
2012-05-04,71.74600982666016,72.15144538988339,71.6053462594066,71.95286455589564,666274,-0.00482060057495437,-0.0,0.013933602139412839,-0.07534773370564274,4,5
2012-05-07,72.01908874511719,72.21766964991113,71.58055009649526,71.67984422291453,723310,0.0038061896280614516,0.0,0.013834077762084939,-0.06953559165802059,0,5
2012-05-08,72.0604476928711,72.13491276575705,71.15855618103478,71.61363521142485,913856,0.000574277576605775,0.0,0.013898082084033597,-0.06649496459139159,1,5
2012-05-09,71.05926513671875,71.68811072707652,70.74484234153987,71.37368793189763,980554,-0.013893648849081286,-1.0,0.01186174404511036,-0.03222574899960229,2,5
2012-05-10,71.05099487304688,72.28385707673581,70.91860516072032,71.82050410565913,672443,-0.00011638543764791454,-0.0,0.012056140046873078,-0.03678795566106374,3,5
2012-05-11,71.75431060791016,72.25904045126813,71.00963036441743,71.00963036441743,791287,0.009898745768725181,1.0,0.011985263314796785,-0.040987385510405594,4,5
2012-05-14,70.60417938232422,71.31576387855714,70.33939999635503,71.31576387855714,782906,-0.01602874051526526,-2.0,0.012257490549037884,-0.03127779095045802,0,5
2012-05-15,71.73773956298828,72.00251892040383,70.53797325503639,70.70345851641052,1300304,0.016055142777395615,2.0,0.012493861673427347,-0.03603708425058916,1,5
2012-05-16,71.71292877197266,72.37486991804381,71.41505378663196,72.0769949327031,1093112,-0.00034585409530274447,-0.0,0.013056837161933949,-0.01633782760549185,2,5
2012-05-17,70.7034683227539,72.25902705620481,70.7034683227539,71.78739289366804,787912,-0.014076408069018553,-1.0,0.009522144126984357,-0.05299383913234024,3,5
2012-05-18,69.68574523925781,71.29922883723316,69.48716433828649,71.29922883723316,693046,-0.01439424553899249,-1.0,0.009749979184729762,-0.05767521901837103,4,5
2012-05-21,70.71175384521484,70.74484943791266,68.89142276638893,69.70229417966385,438246,0.01472336418925213,1.0,0.009284112746345354,-0.05189668929633573,0,5
2012-05-22,70.42216491699219,71.2661319811603,70.10774206859286,70.95999037955102,501451,-0.004095343595303169,-0.0,0.00961683065986112,-0.024317707359032492,1,5
2012-05-23,70.00016021728516,70.83586056576763,69.41269147823576,70.09945433066711,712368,-0.005992498245466549,-1.0,0.009560304928322222,-0.02183653505514216,2,5
2012-05-24,70.21529388427734,70.66210640421019,69.49543539220008,69.92570011673291,629724,0.0030733310655919333,0.0,0.009539872606488736,-0.031815032419998945,3,5
2012-05-25,70.93515014648438,71.27439463760872,70.04153248275398,70.04153248275398,531482,0.010252129164245005,1.0,0.00959112942210954,-0.027058082141557915,4,5
2012-05-29,71.40678405761719,71.85359656170803,71.00962228601013,71.32404508355067,567566,0.006648804015482623,1.0,0.009861331966169647,-0.02078790368776473,1,5
2012-05-30,70.5545425415039,71.20820989048002,70.47180355963076,71.00135508775259,880799,-0.011935021684012836,-1.0,0.010000196345455568,-0.013601534828309836,2,5
2012-05-31,68.90796661376953,70.43042992302135,68.86658977722391,70.28149241637188,1750656,-0.02333763168779346,-2.0,0.010219337625348506,-0.02980989352665253,3,5
2012-06-01,68.15499877929688,68.41150427999429,67.48478373636657,68.2294711996466,1553474,-0.01092715213457185,-1.0,0.011031170955699445,-0.060044943895061986,4,6
2012-06-04,69.3713150024414,69.61954661315484,67.94814590756903,68.57699148346317,1530078,0.0178463244799294,2.0,0.011158432301409239,-0.0693710001508473,0,6
2012-06-05,69.9670639038086,70.36422565713364,69.00724776055561,69.00724776055561,1034447,0.008587827711586948,1.0,0.011698172142646748,-0.037759677949339876,1,6
2012-06-06,70.33113098144531,70.86895633922961,68.36185528723693,69.47060893938169,1253861,0.0052034065362132065,1.0,0.011887500922633043,-0.024795050305229993,2,6
2012-06-07,70.37249755859375,70.95169972614873,70.24838175868292,70.72828981670058,717722,0.000588168803361766,0.0,0.011920359875643455,-0.023437644006379044,3,6
2012-06-08,70.90204620361328,71.33231086393026,69.58644522935296,70.09117495785631,509017,0.007524937488237127,1.0,0.011920455539144491,-0.02342408614322744,4,6
2012-06-11,70.52145385742188,71.48127022944664,70.46353656443678,71.2909632044503,416363,-0.005367861247592698,-1.0,0.011681416641863392,-0.002212504348348965,0,6
2012-06-12,70.81104278564453,71.00962367533334,69.78503539888227,70.55453726493195,566635,0.004106394754823661,0.0,0.011739193706227065,-0.007452971159252253,1,6
2012-06-13,71.00135040283203,71.62191477006729,70.57935957898974,70.57935957898974,679194,0.002687541514726499,0.0,0.011554411952228946,-0.013145800081892811,2,6
2012-06-14,72.0604476928711,72.30867195053445,70.79449001750532,71.3985065417108,526594,0.01491657953025105,1.0,0.011011143820643355,0.005625318840646987,3,6
2012-06-15,72.39969635009766,72.57345554491823,71.9197882529637,72.44106583742543,614825,0.0047078344374500425,0.0,0.010932339353886406,0.004498442965288341,4,6
2012-06-18,72.7223892211914,72.75548480931236,72.02735247847714,72.52380834442212,509832,0.004457102548238945,0.0,0.010973631375412199,0.009576621536525609,0,6
2012-06-19,73.12781524658203,73.35122513308008,72.5403465906278,72.5403465906278,440690,0.005574982199188838,1.0,0.010475727926115836,0.02855476465767337,1,6
2012-06-20,73.77323150634766,73.89734733217702,72.77204569728359,72.9044354216319,909084,0.008825865473887307,1.0,0.009859108456895586,0.04939417660679779,2,6
2012-06-21,72.54863739013672,74.6916651147408,72.44106936979534,74.22003824011887,896164,-0.016599437102136072,-2.0,0.009568596801175996,0.04329517364021629,3,6
2012-06-22,73.79803466796875,74.13727911813687,72.92923880144589,72.92923880144589,1480142,0.017221512667609185,2.0,0.010329820824275032,0.030196067894973755,4,6
2012-06-25,72.94580078125,73.77322732649043,72.92097908709945,73.77322732649043,757066,-0.01154819217819436,-1.0,0.010725965040049372,0.054255225115124484,0,6
2012-06-26,73.74012756347656,74.33587023352722,72.93752275778277,73.17747313571067,874746,0.010889273593809534,1.0,0.011157811965403927,0.03888763752057822,1,6
2012-06-27,73.94699096679688,74.61720614121958,73.5250000968054,73.8228751405588,976480,0.0028053030304597826,0.0,0.011182560695696333,0.03954284175334477,2,6
2012-06-28,76.15621948242188,76.53683352202884,73.34296898313993,73.69876867447567,2761590,0.029875840608808213,3.0,0.011132432225517177,0.03557374754659204,3,6
2012-06-29,76.62783813476562,77.90206972221296,76.29686755526488,76.92570577788142,1952610,0.006192779205020926,1.0,0.012249976411793834,0.07939498633447695,4,6
2012-07-02,76.31340026855469,78.15855243438641,76.0072514408104,77.44696803349458,1109176,-0.004103441697753896,-0.0,0.010568681463957707,0.11203162566479619,0,7
2012-07-03,76.92570495605469,77.1573887680562,76.25548990712804,76.25548990712804,347920,0.008023553993731669,1.0,0.010147049303279938,0.11970364075094153,1,7
2012-07-05,76.02381134033203,76.94225062180631,75.85005216015888,76.78503923516934,749616,-0.01172421645323729,-1.0,0.009766161824631006,0.10889789177770992,3,7
2012-07-06,76.09827423095703,76.1396510616553,75.48598384353133,75.48598384353133,527990,0.0009794680023560431,0.0,0.01037763638159909,0.08656569389349134,4,7
2012-07-09,76.28031921386719,76.53681736971619,75.75076041203013,75.82523283330751,710040,0.0023922353660432716,0.0,0.010394316524070472,0.08199986505311863,0,7
2012-07-10,76.88432312011719,77.27321091258844,76.48716143197814,76.48716143197814,996850,0.00791821419305494,1.0,0.010373782036947022,0.08395071739999627,1,7
2012-07-11,77.0663833618164,77.4387234943134,76.57820130105895,76.80161125899308,914671,0.002367976127132909,0.0,0.010381011279139582,0.08437382609980348,2,7
2012-07-12,77.51317596435547,77.79449579189212,76.35477902425698,76.70229737148223,1156550,0.005797503179063579,1.0,0.010170221151415068,0.09280763719969354,3,7
2012-07-13,78.81224060058594,78.85361008887801,77.31460634006031,77.46353649791175,1555919,0.016759275053157996,2.0,0.010175437140181903,0.09464813558810703,4,7
2012-07-16,78.29095458984375,78.7460409562795,78.15856489349329,78.68812367889512,752177,-0.0066142772590874754,-1.0,0.010517068013908613,0.11001044562445883,0,7
2012-07-17,76.57818603515625,77.49663268347057,76.31341398511536,77.28977056394815,1881024,-0.02187696603854783,-2.0,0.010554972944401235,0.08646222853801455,1,7
2012-07-18,77.48007202148438,77.55454443665882,76.23066223664402,76.30513465181848,1293437,0.011777322407638069,1.0,0.011966860109728071,0.05771418798295769,2,7
2012-07-19,72.9126968383789,74.0545460748395,72.04390090239052,73.93870416735983,2991364,-0.05894903120171324,-6.0,0.012124842348351018,0.06542253150982247,3,7
2012-07-20,70.54625701904297,72.85477710554082,70.28975886945618,71.75429739164777,1987763,-0.03245579881075422,-3.0,0.01814513919772622,-0.0029416769457388803,4,7
2012-07-23,69.78504180908203,69.97534881868323,69.31340756022097,69.75194621576786,1490502,-0.010790299048119012,-1.0,0.019340200920004956,-0.04374180744715017,0,7
2012-07-24,69.82640838623047,70.36423379927152,69.22238444127946,69.79331279429768,1063314,0.0005927714030982134,0.0,0.019160847719058263,-0.03809300464450083,1,7
2012-07-25,69.69402313232422,70.1573834931812,69.09000649674795,69.81813895806258,2022101,-0.0018959195663335038,-0.0,0.018678648146583928,-0.05381750746625402,2,7
2012-07-26,70.33113098144531,70.74484053418904,69.96706481150035,70.41386995277661,1035960,0.009141499091126493,1.0,0.018562263621529365,-0.044577996459004066,3,7
2012-07-27,70.5048828125,70.74483315236692,70.12426888800368,70.48833501996042,1038172,0.002470482539240315,0.0,0.01850540513358962,-0.046229870962682273,4,7
2012-07-30,70.28976440429688,70.73656956406145,69.9836155016157,70.35595558410083,852863,-0.0030511136196794686,-0.0,0.018501124781679902,-0.046548319401426674,0,7
2012-07-31,69.57818603515625,70.62074129832142,69.55335699247124,70.19875044530052,740071,-0.010123499134919944,-1.0,0.016989097723475188,-0.07703185790989897,1,7
2012-08-01,72.73066711425781,73.64910647529383,71.70465973787503,72.20111563109676,6258362,0.04530846891450557,5.0,0.016888337827808617,-0.0919985774257539,2,8
2012-08-02,71.36539459228516,72.35830609138728,70.7200013830646,71.71291288216672,1489571,-0.018771621052613874,-2.0,0.02007913977089092,-0.04694762835476951,3,8
2012-08-03,72.35832977294922,72.67274523732969,71.73775804589813,72.0770025517178,849487,0.01391339859236762,1.0,0.020254728929420346,-0.07228156527062013,4,8
2012-08-06,72.55691528320312,72.87133811562698,72.28386194240223,72.53209358822936,1013378,0.002744473385124291,0.0,0.02049713339038898,-0.04821491454793991,0,8
2012-08-07,72.73894500732422,72.96234759973022,72.59828139431143,72.7306711093849,799901,0.0025087853226752888,0.0,0.0205142106360955,-0.04653665255280215,1,8
2012-08-08,73.64083862304688,73.83941952702845,72.68102969579517,72.68102969579517,904312,0.012399047245349015,1.0,0.02051549226269063,-0.04642579164638805,2,8
2012-08-09,73.1774673461914,73.69047099983317,72.96233867803026,73.40087725932361,1048997,-0.006292313959478046,-1.0,0.020647322043566833,-0.042186552023134594,3,8
2012-08-10,73.22711181640625,73.4753360510598,72.6975604141749,73.22711181640625,698516,0.0006784119759157825,0.0,0.020645452339691745,-0.05046189850855021,4,8
2012-08-13,73.2022933959961,73.33467574143226,72.97060959539648,73.22711508576538,448256,-0.00033892392850864983,-0.0,0.02057569261906942,-0.05529465274291134,0,8
2012-08-14,73.2850341796875,73.52498453478555,73.1609183797193,73.35123270209075,401464,0.0011303031620035764,0.0,0.02010841608187789,-0.0711811662990347,1,8
2012-08-15,73.22711181640625,73.64082132350977,73.078174336397,73.37604929641552,356300,-0.0007903709663180658,-0.0,0.020115907595108846,-0.06393995879066261,2,8
2012-08-16,73.72355651855469,73.8559388381213,72.94577365089225,73.00369091570263,510996,0.00677952045129282,1.0,0.019644484780801257,-0.04376016712137265,3,8
2012-08-17,73.64911651611328,73.97181325810388,73.39261831107034,73.83114963364068,537302,-0.0010097180054339239,-0.0,0.019499699550046157,-0.04848363462914762,4,8
2012-08-20,73.68218994140625,74.0462560669225,73.16918633762559,73.26848043914944,728431,0.00044906750898676684,0.0,0.014532070740421872,0.010100019745076017,0,8
2012-08-21,73.23541259765625,73.96354512451953,73.20231700062529,73.72359469799952,553482,-0.006063573084693741,-1.0,0.012411320927420842,0.04445215174940853,1,8
2012-08-22,72.87960815429688,73.61601445836472,72.65619821527517,73.37606407161448,710971,-0.004858366065527697,-0.0,0.012206164832168813,0.049442841891730094,2,8
2012-08-23,72.4079818725586,73.03682757307672,72.2673182450169,72.95408123709244,471886,-0.006471306496870555,-1.0,0.01230343387308257,0.043725573728184086,3,8
2012-08-24,73.50843048095703,73.70701868321099,72.48242327749666,72.62308685907543,905592,0.01519789089461554,2.0,0.012417914733179958,0.03894105431511008,4,8
2012-08-27,73.22711181640625,73.66564301217085,73.18574233530447,73.4753360510598,617269,-0.0038270258623418485,-0.0,0.012662592642939192,0.04517628900848969,0,8
2012-08-28,73.06163787841797,73.26849266406028,72.59827757406579,73.18575368902094,440458,-0.002259735962318876,-0.0,0.012729795643300644,0.0386105032065045,1,8
2012-08-29,73.07819366455078,73.46708158584862,72.73894913370508,72.9540778403757,526594,0.00022660025991161348,0.0,0.012715626754370787,0.039434951839896204,2,8
2012-08-30,72.34178161621094,72.91270260557773,72.34178161621094,72.80513458669232,535440,-0.010077042294178495,-1.0,0.012422722487682326,0.05030323192999098,3,8
2012-08-31,72.77203369140625,73.11955206795922,72.44106310916116,72.50726163443638,735881,0.005947490725040305,1.0,0.007925531879595491,-0.005346926042022249,4,8
2012-09-04,73.0285415649414,73.12782833400502,71.88669228440261,72.5486334703356,756600,0.00352481386768555,0.0,0.0067872099359972,0.01971038074065601,1,9
2012-09-05,73.49188995361328,73.8559561136631,72.92096902281381,73.22711790450589,994056,0.006344757525519551,1.0,0.006143294662704678,0.009262399976550428,2,9
2012-09-06,74.05455780029297,74.94817556908036,73.64911473394001,73.64911473394001,927941,0.007656189642623712,1.0,0.006259460630210751,0.01288608627807264,3,9
2012-09-07,73.46709442138672,74.49310209158774,73.42572492211556,74.49310209158774,679427,-0.007932845679674339,-1.0,0.006435092404382934,0.01808677308746054,4,9
2012-09-10,73.58291625976562,74.07937215949372,73.23539786476036,73.61601185013869,769753,0.001576513121841705,0.0,0.006136941505275353,-0.00235934577754493,0,9
2012-09-11,73.63255310058594,73.7566689014971,73.49188950595908,73.70702552034999,612730,0.0006745701766572854,0.0,0.0059777636573734964,0.005540625116965403,1,9
2012-09-12,73.59119415283203,74.07937618147163,73.40088714981057,73.64083754108691,620179,-0.0005616937891235185,-0.0,0.005977750917599017,0.0055367646507238355,2,9
2012-09-13,74.848876953125,74.923349382419,73.42570772710987,73.53327574807041,652538,0.017090126268110906,2.0,0.005979101578963995,0.005312685420006291,3,9
2012-09-14,75.28740692138672,75.70939036265396,74.86541613207598,75.17983891280709,840408,0.005858871717425496,1.0,0.007018053608875197,0.021339183244468707,4,9
2012-09-17,75.54390716552734,75.67629686866299,74.78267923157384,75.25431341572,573968,0.0034069475179090425,0.0,0.007081558373408634,0.028135687095593775,0,9
2012-09-18,75.51080322265625,75.84177376985677,75.32049626022238,75.56044660032346,667787,-0.0004382079788189941,-0.0,0.006989820533222099,0.024691573941017175,1,9
2012-09-19,75.46116638183594,75.80868475169608,75.0474494879755,75.60182997878762,537884,-0.0006573475410392993,-0.0,0.006981954866939942,0.02527778735995656,2,9
2012-09-20,75.04745483398438,75.45289785973196,74.73303937774874,75.06400262915236,476309,-0.005482443058965836,-1.0,0.00699217149877019,0.024143913771351944,3,9
2012-09-21,75.77559661865234,75.82524000550393,75.0557307690831,75.14675099302193,773711,0.009702418107032651,1.0,0.0069632439884529645,0.024742705366913142,4,9
2012-09-24,75.63494110107422,75.86661761254943,75.21295022354845,75.60184550629847,482245,-0.0018562112850920576,-0.0,0.007055455006146773,0.039736608602837675,0,9
2012-09-25,75.4529037475586,75.99072917661822,75.30396623138068,75.61011516196612,405770,-0.002406789122402553,-0.0,0.006851208030033528,0.04456634676264315,1,9
2012-09-26,74.78268432617188,75.70112371740979,74.75786263290114,75.45289943665831,441971,-0.00888261933071599,-1.0,0.006216122785794425,0.026452384493575787,2,9
2012-09-27,75.8004150390625,75.94935254123048,74.79922935918727,74.84059884644395,548826,0.013609176001916357,1.0,0.0065138525517623724,0.021243122542723425,3,9
2012-09-28,76.51200103759766,76.62784295211861,74.97298995057947,75.24604326764886,853561,0.009387626679464134,1.0,0.007015314358513514,0.03748584401026078,4,9
2012-10-01,76.99191284179688,77.46353972405662,75.9493576051526,76.7519551036211,796642,0.0062723729309261955,1.0,0.007196557285119113,0.04698812601757796,0,10
2012-10-02,76.66920471191406,77.68693810306682,76.09000254573674,77.04981865948908,616222,-0.004191454894047264,-0.0,0.0066651923258070145,0.06428002078046546,1,10
2012-10-03,76.6113052368164,77.22359578431539,76.37962137729137,76.94226853262572,502033,-0.0007551855443813649,-0.0,0.006806134651220169,0.05355314154107571,2,10
2012-10-04,77.48007202148438,77.48834591783232,75.81695272316087,76.65265299451806,561746,0.011339929296106943,1.0,0.006838210493477334,0.04905977300243625,3,10
2012-10-05,77.33113861083984,77.88551168679322,77.09118093083012,77.57108894280694,425093,-0.0019222156970019055,-0.0,0.007068733743937477,0.05426696837417522,4,10
2012-10-08,77.79449462890625,78.02617842228823,77.1242796338422,77.24012153053319,442669,0.005991842696099425,1.0,0.007031254730235713,0.044245498290368834,0,10
2012-10-09,76.8595199584961,77.91034904984106,76.76022583850738,77.52973506129855,616804,-0.012018519753488444,-1.0,0.00668723464805919,0.05890256367971736,1,10
2012-10-10,76.4954605102539,77.41389997194523,76.42098807668475,76.96708741466459,533228,-0.004736686469532736,-0.0,0.007424018871089298,0.04452940798327787,2,10
2012-10-11,77.19049072265625,77.62074809807176,76.69403481776166,76.80160283563761,562212,0.009085901408609542,1.0,0.007568575577891666,0.03888100152872731,3,10
2012-10-12,76.72712707519531,77.74486053380883,76.64438810199607,77.47180722616372,585492,-0.0060028592009576665,-1.0,0.007706712894912604,0.04890933774425932,4,10
2012-10-15,77.43870544433594,77.58764293222829,76.6609297662843,76.80986725417664,765563,0.00927414326934528,1.0,0.0071164529209821374,0.02509389851295407,0,10
2012-10-16,76.92570495605469,77.86069940497063,75.06399730326326,77.24012773802565,808864,-0.006624600519051782,-1.0,0.00726558775947938,0.028574480260630475,1,10
2012-10-17,74.64202117919922,76.26377128200951,74.0545523906825,75.39497527192466,2049571,-0.029686874864001123,-3.0,0.007452180389154165,0.01829132013915613,2,10
2012-10-18,73.48362731933594,74.38552630882722,71.5888238084579,73.8807964759352,2897545,-0.015519325998451072,-2.0,0.010007843958977098,-0.011505400636453111,3,10
2012-10-19,71.67982482910156,73.33467015334315,71.02615765614718,72.4741482333639,1462915,-0.024546998508873763,-2.0,0.0105311222164591,-0.026206049512852547,4,10
2012-10-22,71.58053588867188,71.77911675405005,71.07580615464924,71.34058554051556,904312,-0.0013851727549057946,-0.0,0.011677162484173402,-0.04487334063936599,0,10
2012-10-23,70.48834228515625,71.05926323074523,70.19046729265608,71.05926323074523,972056,-0.015258248488308257,-2.0,0.011362380390236071,-0.05536163246714498,1,10
2012-10-24,70.5131607055664,70.9516992768512,70.35594931948644,70.71174157534023,720982,0.00035209255325874267,0.0,0.011687503700967026,-0.0680452544947493,2,10
2012-10-25,70.8441390991211,71.15856190602314,70.34768319580904,71.00135050257212,613079,0.004693852753767658,0.0,0.011713341487864808,-0.0654678984723901,3,10
2012-10-26,70.28976440429688,71.02617067179165,70.1821963890715,70.86068537423782,926078,-0.007825272518995119,-1.0,0.011755893868880107,-0.052666539888731934,4,10
2012-10-31,70.10772705078125,70.8855027583818,69.8015781667072,70.33112961708557,1017569,-0.0025898131123127666,-0.0,0.011204257341359852,-0.07269947838578195,2,10
2012-11-01,70.61246490478516,70.85241529254104,70.00016706644732,70.3394115773006,1581061,0.007199461104170579,1.0,0.010811931217777675,-0.0837028688305953,3,11
2012-11-02,70.5545425415039,71.21648378866733,69.84295790521658,70.95998559681603,687575,-0.0008202852479283207,-0.0,0.01085818530970307,-0.08285867569130567,4,11
2012-11-05,71.4150619506836,71.76258035729433,70.1325563445894,70.34768503724266,685247,0.012196513196488956,1.0,0.010880942134282895,-0.07975382284694499,0,11
2012-11-06,71.58882141113281,72.25076263525365,70.94343533085488,71.7791284108609,507737,0.002433092623643107,0.0,0.011421337324388948,-0.06782606392190405,1,11
2012-11-07,70.25666046142578,71.9528829000794,70.16564759049716,71.23302443783221,1469550,-0.018608505119206642,-2.0,0.011009367645516185,-0.07603568836020158,2,11
2012-11-08,69.71883392333984,70.55453428265753,69.70228612890223,70.17392031450515,972056,-0.007655167987684619,-1.0,0.011467240292488568,-0.09148291718573509,3,11
2012-11-09,69.8677749633789,70.31458747997728,69.54507825939854,69.54507825939854,750314,0.0021363099704569954,0.0,0.011227409618207607,-0.10380761188936005,4,11
2012-11-12,69.80986785888672,70.28977603601355,69.71057372470541,70.09946901454077,469325,-0.0008288099130470128,-0.0,0.011219009524032868,-0.0909678462588982,0,11
2012-11-13,69.39614868164062,70.90205684873716,69.30512845881529,70.4883472672798,1041198,-0.005926371012224041,-1.0,0.011246755727247256,-0.08739855419879472,1,11
2012-11-14,68.23774719238281,69.98361297717487,68.10535748950652,69.60299901094372,698284,-0.016692590457318524,-2.0,0.010823534299628443,-0.10097541767185447,2,11
2012-11-15,68.7259292602539,69.74365535458526,67.98124177312359,68.39495867665013,916301,0.007154135181144827,1.0,0.011120374732655727,-0.11064378670783026,3,11
2012-11-16,68.17981719970703,69.33821414965551,68.17981719970703,68.59353407013876,2165506,-0.007946230286371758,-1.0,0.010988302027500474,-0.1125119038869381,4,11
2012-11-19,69.21410369873047,69.21410369873047,68.06398790453427,68.29566437319778,1300072,0.015169980523618731,2.0,0.010998186087513654,-0.11369265658785854,0,11
2012-11-20,68.37013244628906,69.10653863930096,67.98951115678196,69.10653863930096,705151,-0.012193631172556674,-1.0,0.01044296885189425,-0.07271932612110676,1,11
2012-11-21,68.601806640625,68.62662832972336,68.17154198545799,68.36184894992167,673490,0.003388529260462292,0.0,0.010276048272582784,-0.06958685981606882,2,11
2012-11-23,69.2968521118164,69.32994770147617,68.67628041352029,68.71765724863889,301127,0.010131591356368208,1.0,0.00914453637711701,-0.042941206899084206,4,11
2012-11-26,68.54389190673828,69.38786610758021,67.97296364414206,68.85830732834799,731574,-0.010865720189759287,-1.0,0.009523749192115918,-0.03190369768126977,0,11
2012-11-27,68.58527374267578,68.94933995793578,68.0309005216228,68.51907520932743,658708,0.0006037275501338257,0.0,0.009250783918182388,-0.027585417891540343,1,11
2012-11-28,69.02379608154297,69.11481629756507,68.39495785865162,68.51906631498593,447791,0.006393826472319342,1.0,0.009253180390380845,-0.027340810475659727,2,11
2012-11-29,69.67745208740234,70.06633988384587,69.0320588265523,69.11480513211784,638803,0.009470009517980715,1.0,0.00931526809683213,-0.025695040418674653,3,11
2012-11-30,69.99188995361328,70.20701863772447,69.34649655323572,69.76021347442,1021876,0.004512763552497745,0.0,0.009463363337666385,-0.008711258631805885,4,11
2012-12-03,69.79329681396484,70.66209264349737,69.71882440112337,69.9918776681376,621925,-0.0028373735839973824,-0.0,0.00950702525390388,-0.0016522728954551091,0,12
2012-12-04,69.75193786621094,70.09118235316183,68.65973198127129,69.09827058432354,394014,-0.0005925919771944121,-0.0,0.00937650675465238,-0.011600899245266305,1,12
2012-12-05,69.85122680664062,70.14082791856934,68.7093775021607,69.7933095234725,715278,0.0014234578058625047,0.0,0.009376265949953812,-0.011375662662979291,2,12
2012-12-06,70.0911865234375,70.0994604212679,69.80158540328473,69.87605048375839,514954,0.003435297098805856,0.0,0.008930847994226066,-0.0218978336127873,3,12
2012-12-07,70.33113098144531,70.43042509508649,69.82640121219352,70.09118061654092,643576,0.0034233185355989626,0.0,0.008952849492460314,-0.020919954514887595,4,12
2012-12-10,70.10772705078125,70.43042372880053,69.96706345420317,70.33112961708557,439294,-0.003176458668395332,-0.0,0.008025119491846231,0.001059978079379631,0,12
2012-12-11,70.6538314819336,70.86896016705829,70.08290315673572,70.19047117332008,808398,0.0077895041548956545,1.0,0.007867200710362962,0.005578021110752118,1,12
2012-12-12,72.10182189941406,72.80513258156748,70.52971523648033,70.71174833016553,1323468,0.020494152788454567,2.0,0.008028445184636414,0.011250630479741064,2,12
2012-12-13,72.30039978027344,72.6230964665731,71.99425823638731,72.17629132249947,938300,0.002754131249781855,0.0,0.009117988614406786,0.032831376291390324,3,12
2012-12-14,72.06871795654297,72.54862600174415,71.95287605651698,72.27557271884119,773478,-0.0032044335084531195,-0.0,0.008956048929193874,0.04185032100205244,4,12
2012-12-17,72.12664031982422,72.91269728965194,71.94460723439732,72.14318811413179,1407392,0.0008037101938760394,0.0,0.007979448104686376,0.05614151876027629,0,12
2012-12-18,72.90442657470703,73.59118946062225,72.11009567305373,72.38314898713442,945052,0.010783619636710595,1.0,0.007919716732039986,0.049482212844185414,1,12
2012-12-19,72.70585632324219,73.36779761345527,72.68103462706596,72.87134164579545,688855,-0.0027237063755156665,-0.0,0.007757290414160341,0.06929630452309721,2,12
2012-12-20,72.27557373046875,73.01198727573995,72.14318403544934,72.77202957575915,906872,-0.005918128394780897,-1.0,0.007351662415551878,0.05044857099804889,3,12
2012-12-21,71.75431060791016,72.24249265457227,71.7129411161705,71.91152202456557,1290178,-0.0072121616703105795,-1.0,0.006839704168862208,0.05712203771504698,4,12
2012-12-24,71.59709167480469,71.91978837258591,71.09236188443455,71.56399608488742,190081,-0.0021910730069524265,-0.0,0.007167426785314461,0.045953658098244476,0,12
2012-12-26,71.6881103515625,72.06872432350372,71.40678314723527,71.65501476235784,527408,0.0012712622067279078,0.0,0.006984789509402473,0.033193997892958294,2,12
2012-12-27,71.75431060791016,71.9446176179573,71.37369658781587,71.60537308960267,523451,0.0009234481983555476,0.0,0.0063794466909034096,0.04587160660649792,3,12
2012-12-28,71.06754302978516,71.89496955097637,71.03444743854635,71.52262945345137,406120,-0.009571098548737056,-1.0,0.006375934247095701,0.04620579159783267,4,12
2012-12-31,71.67156982421875,71.67156982421875,70.25666710985884,70.86896496440524,565937,0.008499334135984471,1.0,0.006786038188167852,0.029609309604295753,0,12
2013-01-02,72.46588897705078,72.73894229495514,71.86187240587059,72.35005441021966,863688,0.011082764822651026,1.0,0.006731495854024349,0.028619268889382043,2,1
2013-01-03,72.56517791748047,72.722389309289,72.29212461906471,72.39969262863167,647650,0.0013701472766189937,0.0,0.007031066934896085,0.035346938410680595,3,1
2013-01-04,72.70585632324219,73.08647036070118,72.57346659559056,72.63138388666844,1157249,0.001938648947043209,0.0,0.006955478433902263,0.03971557771377565,4,1
2013-01-07,72.54035949707031,72.71411869079385,72.2342105966898,72.34177861110682,1009654,-0.0022762516603351823,-0.0,0.00693239485038587,0.042348908824541454,0,1
2013-01-08,71.79568481445312,72.68930254347822,71.35714617396283,72.49899554041095,1491666,-0.010265660217017025,-1.0,0.006994507095148773,0.038498002302431056,1,1
2013-01-09,72.09354400634766,72.67273884542,71.57226644676948,71.58054034384007,1634372,0.004148706049177164,0.0,0.007460150550383018,0.024318297000802902,2,1
2013-01-10,72.32524108886719,72.7472246129698,72.01081824641487,72.25904255211437,943189,0.0032138395429572864,0.0,0.007472768501400589,0.025058789760786127,3,1
2013-01-11,71.497802734375,72.52381007892424,70.9930729593285,72.34177699186188,1497486,-0.011440519824545081,-1.0,0.007415287125448617,0.03163009458971233,4,1
2013-01-14,71.8122329711914,71.95288923865381,71.05927150514086,71.53090574017764,608539,0.0043977608372745,0.0,0.007779478160373806,0.01194515902024662,0,1
2013-01-15,71.98597717285156,72.33349551610988,71.45641841355992,71.63017758518906,1179598,0.002419423466888393,0.0,0.0063895643149213715,-0.004016388498846113,1,1
2013-01-16,72.4079818725586,72.50727600613071,71.43161772660574,71.52263796138394,1044923,0.005862318138624589,1.0,0.006382313149566127,-0.004348836360205888,2,1
2013-01-17,73.03681182861328,73.18574932284261,72.39969236664436,72.63964272798724,541493,0.008684539187426399,1.0,0.006474076672355822,0.004707505914288701,3,1
2013-01-18,73.251953125,73.36779505115514,72.98717367894392,73.06164611291679,799668,0.0029456556358395947,0.0,0.006731459795293823,0.012619075347932052,4,1
2013-01-22,74.71648406982422,74.71648406982422,73.1609251950671,73.26021931390011,1521348,0.01999306342487661,2.0,0.006345936125384207,0.004766878591889734,1,1
2013-01-23,72.30039978027344,73.21057255887794,71.76257441912188,72.7885817583154,2273641,-0.032336696776214646,-3.0,0.007622290283423892,0.027654275023500263,2,1
2013-01-24,72.81339263916016,73.02852863011418,72.28384125381679,72.28384125381679,1411932,0.007095297680866919,1.0,0.010510771131489186,0.0003434915632392066,3,1
2013-01-25,73.35951232910156,73.56636711317738,72.76376232115406,72.92097372058221,1140604,0.007500264307801263,1.0,0.010478836873560616,0.014759838430295602,4,1
2013-01-28,74.74957275390625,75.05571425350395,73.48360788340511,73.50015567538105,2604450,0.01894860503664031,2.0,0.010555923370080869,0.024615813478874538,0,1
2013-01-29,74.60064697265625,74.79922785554028,73.5084410947284,74.49307895990734,2134194,-0.0019923295313044598,-0.0,0.011243323481019146,0.04270530199959466,1,1
2013-01-30,74.24485778808594,74.72476589475205,74.08764638507387,74.29450117386531,958787,-0.004769250656776802,-0.0,0.01127593928155249,0.039667810067877785,2,1
2013-01-31,74.05455780029297,74.42689792495065,73.90562028082094,74.15384458124447,977294,-0.0025631403098128613,-0.0,0.011078324798624558,0.04470838054678672,3,1
2013-02-01,74.8571548461914,74.87370264290783,74.02145437178845,74.50136252069888,835054,0.010837915581953128,1.0,0.011023884052540536,0.03324872026549319,4,2
2013-02-04,74.33586883544922,74.78268134061678,74.27795155346308,74.46825854231855,808631,-0.006963743303005199,-1.0,0.011013496543049036,0.032998503197799955,0,2
2013-02-05,74.45172119140625,74.82406132392174,73.84769720235829,74.68339769989379,798970,0.0015584987136356698,0.0,0.01117141179575487,0.024401386019921922,1,2
2013-02-06,75.2956771850586,75.3287727713189,74.09591074682105,74.34413499181638,1233258,0.011335614276567707,1.0,0.01117047744776758,0.024012713094281546,2,2
2013-02-07,75.81694793701172,75.9907070973925,75.20465025374494,75.29567045586938,1622150,0.006922983781286307,1.0,0.011352700489171154,0.03798323729150477,3,2
2013-02-08,74.6668472290039,75.16330317059547,73.35951986271964,74.32760270298523,1974959,-0.015169440861208305,-2.0,0.011052026298862209,0.05600981636920155,4,2
2013-02-11,74.51790618896484,75.2625937401702,74.45998890366612,74.79095951574753,864619,-0.001994741248177556,-0.0,0.011706269354361577,0.035693948163093125,0,2
2013-02-12,73.98007202148438,74.67510875494833,73.9138808461234,74.31931649129623,1255956,-0.007217515829237242,-1.0,0.011728575412854676,0.03031673406250368,1,2
2013-02-13,74.22004699707031,74.44344961393622,73.93871974024275,74.04628042523052,587238,0.0032437786153580728,0.0,0.011530329775701436,0.03471811988868212,2,2
2013-02-14,73.79803466796875,74.52616694695114,73.68219276975137,74.17037470390098,808282,-0.005685961491215696,-1.0,0.0115195258134761,0.033529301711657356,3,2
2013-02-15,74.33586883544922,74.40206736290584,73.67392764914642,73.67392764914642,888830,0.007287919927682074,1.0,0.011627224353749882,0.025172367817777985,4,2
2013-02-19,74.6999282836914,75.16328854193763,74.06281619515148,74.46825182858991,663364,0.004897493685694032,0.0,0.011659620669976807,0.02662533760827346,1,2
2013-02-20,74.12074279785156,74.78268400776268,74.08764720696483,74.45171340280712,558953,-0.007753494536704819,-1.0,0.011568908770235134,0.022770934456733505,2,2
2013-02-21,73.74839782714844,74.23657980457558,73.50016621582579,74.08764230739072,495631,-0.0050234921649209285,-1.0,0.011719873806256805,0.011860293627516283,3,2
2013-02-22,73.6242904663086,74.27795781024629,73.37606617455789,73.91389159672151,1274580,-0.0016828482312352122,-0.0,0.010895435973923237,-0.012956796009982008,4,2
2013-02-25,73.14437103271484,74.2696724400074,73.02853647687775,73.82285996621991,1070996,-0.0065184931570018145,-1.0,0.008127745488796544,0.018310973245771356,0,2
2013-02-26,73.21883392333984,73.40914087406247,72.5899884527486,73.38431918675636,1018384,0.001018026261948357,0.0,0.008151436103456897,0.004545570279837152,1,2
2013-02-27,73.64083862304688,73.90561806038534,73.0533698092662,73.19403342609948,550456,0.005763608583945423,1.0,0.007984075088413627,-0.0019176573193482316,2,2
2013-02-28,73.30985260009766,73.66564484249884,73.26020922154206,73.64082315322104,1103938,-0.004494598773426173,-0.0,0.006852694746000292,-0.014832648402012927,3,2
2013-03-01,73.68218994140625,73.80630573130038,72.63963494159806,73.08644737639132,701426,0.005078953620868409,1.0,0.006898095217870566,-0.0173027235679567,4,3
2013-03-04,74.03800201416016,74.19521343068315,73.22713058456696,73.40088979777188,580138,0.004829010552439561,0.0,0.006949904087496447,-0.0075785429919696945,0,3
2013-03-05,74.63375854492188,75.20467962398405,73.8228796971189,74.12075475925802,913391,0.008046631656102532,1.0,0.007018494738234262,-0.00022356201460904668,1,3
2013-03-06,73.83941650390625,74.89851951380938,73.74840362782803,74.89024561598409,705384,-0.01064320029571486,-1.0,0.006827055946889259,-0.0029843012565538007,2,3
2013-03-07,74.0793685913086,74.51789983871703,73.82286308218437,73.84768477376859,685480,0.003249647664667732,0.0,0.007054890006128925,-0.00667850311458551,3,3
2013-03-08,74.01317596435547,74.30277708533906,73.58291857985144,74.30277708533906,742050,-0.0008935365974608311,-0.0,0.007086689456883023,-0.005001262484454649,4,3
2013-03-11,74.4351577758789,74.60064306094561,73.80631222301672,73.88905853957176,515885,0.005701441750407543,1.0,0.006574006491015807,-0.017032866542272318,0,3
2013-03-12,74.2696762084961,74.41861370731577,74.10419091514576,74.36896297568005,470489,-0.0022231640575153255,-0.0,0.006507347781758299,-0.018225346690040833,1,3
2013-03-13,73.82286071777344,74.54271914283454,73.78976513005448,74.3855151011695,725521,-0.006016122777596555,-1.0,0.005638732487885636,-0.005319241875710756,2,3
2013-03-14,74.26140594482422,74.53445191598391,73.65738202272543,73.74840224514139,876725,0.005940507083941782,1.0,0.0057681463234841215,-0.009327227598543764,3,3
2013-03-15,73.79803466796875,74.4186062932178,73.69874791067643,73.9966155305964,934226,-0.006239732078325511,-1.0,0.005708354347279681,0.003802833866640931,4,3
2013-03-18,73.12781524658203,73.56635377559432,73.02025459934619,73.36777292496251,403326,-0.009081805828599077,-1.0,0.005829059456544824,-0.005685961491215696,0,3
2013-03-19,73.06163787841797,73.541545977778,72.68102389714909,73.29331435657207,1166794,-0.000904954810162395,-0.0,0.006030856651698522,-0.009081805828599077,1,3
2013-03-20,72.96234130859375,73.45052328905348,72.78858211880596,73.45052328905348,1411234,-0.0013590794390546668,-0.0,0.005766716621701642,-0.017141535802210117,2,3
2013-03-21,72.67274475097656,73.05336609128481,72.52381459160345,72.87133299289573,905359,-0.0039691236934453755,-0.0,0.005616930038565224,-0.02326089214568905,3,3
2013-03-22,73.02027130126953,73.18575660598792,72.68102679399905,72.82996430305002,987188,0.00478207547387699,0.0,0.005451226572013073,-0.01953566562094644,4,3
2013-03-25,73.37605285644531,73.85595355659531,73.01198670900033,73.22711536920997,952036,0.004872366930929184,0.0,0.005502315265493242,-0.009873116533127835,0,3
2013-03-26,73.75667572021484,73.77322351546036,73.3760617334796,73.64083380545209,559535,0.005187289980209009,1.0,0.005614156291631678,-0.0033716808446103697,1,3
2013-03-27,73.77323150634766,74.0628326506012,73.06992074005609,73.59119839088554,1105567,0.00022446491752980968,0.0,0.005530281833713061,0.008371179885136248,2,3
2013-03-28,74.63375854492188,74.74132658070693,73.7401407065499,73.84770139428961,1509708,0.011664488880362756,1.0,0.005528642106314387,0.0075717892965663225,3,3
2013-04-01,74.98953247070312,75.17983945028651,74.2034828612992,74.29449572855738,715511,0.004766930310324824,0.0,0.005950162524735068,0.01348327830645113,0,4
2013-04-02,76.7436752319336,77.03327633558497,75.30395830712332,75.37014948599503,1351520,0.0233918348792983,2.0,0.005892354161164741,0.02291206176294014,1,4
2013-04-03,76.79331970214844,77.008448363983,76.57818369227063,76.79331970214844,857752,0.0006468867964013469,0.0,0.007614698156467883,0.04154986833265828,2,4
2013-04-04,77.52973175048828,77.61247072357551,76.7436747659406,77.04154976514222,873931,0.009589532672843237,1.0,0.007590780084860849,0.03721491143779532,3,4
2013-04-05,76.99191284179688,77.07465182182686,76.26377307731096,76.92571430972848,701776,-0.0069369375663810295,-1.0,0.007661717549053552,0.038802456984975864,4,4
2013-04-08,76.85124969482422,77.02500890198776,76.18930845838324,77.02500890198776,563958,-0.0018269860012660732,-0.0,0.007397878226392489,0.04269394975140206,0,4
2013-04-09,77.13257598876953,77.27323225396867,76.59474322965416,77.07465135505493,556508,0.003660659977065439,0.0,0.0074384777198421605,0.03741772042912417,1,4
2013-04-10,77.28150939941406,77.40562522196733,76.59474644828778,77.14085312830431,1100329,0.0019308756220746126,0.0,0.007423099226623569,0.04214655004017609,2,4
2013-04-11,78.66329956054688,79.36661022209044,77.98481059086338,78.15029588464091,2042936,0.017879958244491734,2.0,0.007374376802073497,0.03823934426397546,3,4
2013-04-12,78.07582092285156,78.31577126182601,76.48716671257397,77.78621985840014,1215682,-0.007468268442555326,-1.0,0.008093790628538775,0.05915770172090995,4,4
2013-04-15,77.36425018310547,78.02619139186592,77.34770238769087,77.6786729920711,1088689,-0.009113842561440544,-1.0,0.008178383973147685,0.05761034134585086,0,4
2013-04-16,78.10063934326172,78.19165954612484,76.05689888123463,77.44697217556195,1128149,0.00951846826426106,1.0,0.008532485884786015,0.041782729518838435,1,4
2013-04-17,77.78622436523438,78.20821514200257,76.44579431250746,76.52854062773471,1674880,-0.004025767018954296,-0.0,0.008465609752437622,0.058302428982712096,2,4
2013-04-18,77.04155731201172,77.95999674346785,76.47891019577114,77.87725776227563,2238139,-0.009573251038977992,-1.0,0.008179777437430893,0.06370228760348584,3,4
2013-04-19,77.662109375,79.18456502733491,77.43869948632867,77.5793630667403,1484449,0.00805477049840908,1.0,0.008593693280421488,0.05447344939373977,4,4
2013-04-22,77.57937622070312,78.0096409309132,77.04155084397343,77.6455747481437,1481656,-0.0010652962553127088,-0.0,0.008624298640467343,0.06441361368227772,0,4
2013-04-23,77.39734649658203,78.29923809531911,76.88434278980725,77.55455790253271,1333478,-0.0023463674624457642,-0.0,0.00852952530682738,0.06751680408576588,1,4
2013-04-24,77.64557647705078,77.76968494118303,77.22358565486896,77.56283015291855,869508,0.003207215643752148,0.0,0.008602876374751224,0.059943288586992605,2,4
2013-04-25,77.61248016357422,77.97654638552697,77.28150953488178,77.8607118091159,836450,-0.0004262485382711123,-0.0,0.008590592196131787,0.05818688052024923,3,4
2013-04-26,77.5049057006836,78.0344571427981,77.2980435835092,77.53800128805761,621809,-0.0013860459382808443,-0.0,0.008597697811737156,0.05227736209242684,4,4
2013-04-29,77.38078308105469,78.19166164047908,77.3642352888259,77.73657531005915,526244,-0.001601480816043499,-0.0,0.008625814097887591,0.05058303829370492,0,4
2013-04-30,77.24839782714844,77.48834817627528,76.553361121492,77.43043090015163,779531,-0.0017108285627915887,-0.0,0.008395144418614171,0.036806729148973316,1,4
2013-05-01,76.5533676147461,77.57937496707846,76.42097791004817,77.09946688007581,693395,-0.008997341458881092,-1.0,0.008397989136557529,0.03012240884856565,2,5
2013-05-02,76.80987548828125,77.04155196759243,76.52854827565453,76.66093798442263,839942,0.0033507065923739088,0.0,0.007028920246152732,-0.0024797824265303525,3,5
2013-05-03,76.79331970214844,77.22357702581758,75.50253303505454,77.14911195565904,918163,-0.00021554241596621893,-0.0,0.007067841101818986,0.00021558888451522762,4,5
2013-05-06,77.4056167602539,77.73658735218564,76.73540167899435,76.80987410360312,778250,0.007973311486993095,1.0,0.006720353820639534,-0.009498447004947952,0,5
2013-05-07,77.15740203857422,77.45526972973887,76.85952699936477,77.33116125343892,741352,-0.0032066758469023737,-0.0,0.0067861604190492,0.005373342513350865,1,5
2013-05-08,77.88551330566406,78.14201143495733,76.74366419799146,76.85123219623607,861709,0.009436700146096655,1.0,0.006814170101240935,0.003983700264676537,2,5
2013-05-09,77.25668334960938,78.05928817974612,77.00845906653973,78.05928817974612,806885,-0.008073773021008757,-1.0,0.007072052634060085,0.00976159952189537,3,5
2013-05-10,78.07582092285156,78.07582092285156,77.2649423512133,77.53799562318667,1048880,0.010602805320225173,1.0,0.007303091495748317,-0.0003212417821237823,4,5
2013-05-13,78.61366271972656,78.97772892672907,77.6372986703734,77.81933177387465,886153,0.0068887113900020225,1.0,0.006546195625378079,-0.007468268442555326,0,5
2013-05-14,78.82878875732422,78.90326118463548,78.3737096879368,78.60538617147868,946798,0.0027364968143595014,0.0,0.006513754949531487,0.0068887113900020225,1,5
2013-05-15,79.7637939453125,79.97892266221258,78.8122514947987,78.82879929240293,1230814,0.011861214699958378,1.0,0.0061566687891372075,0.018930430667297715,2,5
2013-05-16,80.8228759765625,80.91388883962135,79.39143307320045,79.74722532488053,1314156,0.013277728890079166,1.0,0.0063389534373081025,0.021295019042558927,3,5
2013-05-17,81.8902587890625,82.00610069865857,80.83115585232163,80.98009335093265,1942134,0.013206444334021628,1.0,0.006760461383211757,0.03903842404112523,4,5
2013-05-20,82.43636322021484,82.5108356482112,81.49310213393312,81.74960031292366,1024902,0.006668734953677813,1.0,0.006663264217674139,0.06293618205839158,0,5
2013-05-21,83.26378631591797,83.58648301187104,82.08884144420381,82.41153814015688,1462100,0.010037113033392941,1.0,0.006616683479058379,0.06147468673767076,1,5
2013-05-22,82.57701873779297,84.14085139592962,82.49427976817682,83.18104260816483,1351870,-0.008248094501963621,-1.0,0.006729472246586074,0.07327218098587762,2,5
2013-05-23,83.32998657226562,83.63612813166141,81.98955637604887,82.24605454982004,876841,0.009118370292145794,1.0,0.007094536212004789,0.06692312431460001,3,5
2013-05-24,83.04865264892578,83.24723352342679,82.37843760495771,82.51082730397287,757648,-0.003376142669792248,-0.0,0.007214693322592776,0.07320970946612704,4,5
2013-05-28,83.5368423461914,83.82643611379635,83.1396732123756,83.1396732123756,813520,0.005878357826337721,1.0,0.007320748922779192,0.07004250442576265,1,5
2013-05-29,82.82525634765625,83.79333910256979,82.5439291344778,83.61957990573464,577460,-0.008518229544590805,-1.0,0.00726190667678888,0.07782651421837183,2,5
2013-05-30,82.841796875,83.32169758755194,82.46945682131096,82.91626194652046,1003484,0.00019970390763801582,0.0,0.007655808853476436,0.07035950076776287,3,5
2013-05-31,82.32051849365234,83.38789526285873,82.28741555860294,82.65976295655142,1182042,-0.006292456236001387,-1.0,0.007604829983582228,0.07240796191485277,4,5
2013-06-03,82.7259750366211,82.76734453083338,81.89027451330699,82.57703750941168,819107,0.004925340004995338,0.0,0.007405322227622146,0.07533503826937271,0,6
2013-06-04,82.5853042602539,82.94109657577506,82.00610934727735,82.57703036212757,488996,-0.0017004426518383298,-0.0,0.007411802587358609,0.07702264208516318,1,6
2013-06-05,81.58411407470703,82.56875198661409,81.32761589865524,82.46946521448209,513324,-0.012123103432443494,-1.0,0.007456627517620742,0.07542302612480278,2,6
2013-06-06,81.61720275878906,81.94817330417904,81.07109621526561,81.65029834371948,942142,0.0004055775374569581,0.0,0.008113767525176327,0.05398183606488227,3,6
2013-06-07,82.63494873046875,82.94109766123856,81.76615267561158,81.88199459894075,1045505,0.012469748255003577,1.0,0.008023679848930092,0.057801333409142064,4,6
2013-06-10,83.39616394042969,83.51200583574459,82.51082030320757,82.61838095424591,539863,0.009211782927872392,1.0,0.008176657588527834,0.0609797024276566,0,6
2013-06-11,83.1479263305664,83.53682146949163,80.97180360231499,82.60182717459504,682570,-0.0029766070540199197,-0.0,0.00788642826295636,0.07946860161000369,1,6
2013-06-12,82.61839294433594,83.88435803616228,82.46946279051534,83.47891501774116,514255,-0.006368569964393722,-1.0,0.007846827777696016,0.06496384345067208,2,6
2013-06-13,82.80870056152344,83.01556269504236,81.74132369611571,82.64322261157864,1033632,0.002303453388590171,0.0,0.008051564578892789,0.050941911190260036,3,6
2013-06-14,82.74250793457031,83.55338661533925,82.50255756330257,82.60184433153316,543006,-0.0007993438673022935,-0.0,0.008051213308023844,0.05048804969528886,4,6
2013-06-17,83.10658264160156,83.9753786929841,82.89145394031746,83.25552015727351,542657,0.004400092722825599,0.0,0.0077749548486060185,0.03734418640241799,0,6
2013-06-18,83.38790893554688,83.48719571284471,82.89972690303236,83.13967729621329,447092,0.003385126484607648,0.0,0.007347939935724978,0.028255696638428196,1,6
2013-06-19,82.75079345703125,83.6278634398343,82.4860213565098,83.34654354228306,516001,-0.007640382000801527,-1.0,0.006851586439834376,0.01828850181487529,2,6
2013-06-20,81.90680694580078,82.73423341505253,81.6751304736278,82.35361944360986,1400525,-0.010199134968641888,-1.0,0.006958398687641306,0.0038142177133222432,3,6
2013-06-21,82.29569244384766,83.07347550695188,81.88198289516137,82.4860067721304,826324,0.004747902067580467,0.0,0.006929773215954597,-0.01629735362944651,4,6
2013-06-24,81.94817352294922,82.99072853929802,80.87251557353878,81.7826809017696,1592818,-0.004222808151660651,-0.0,0.006806758685365865,-0.0034068351975579114,0,6
2013-06-25,82.1302261352539,82.7425166479526,81.32762126731745,82.63494862299795,870206,0.0022215579002953234,0.0,0.006515766355092066,-0.01658242256067166,1,6
2013-06-26,82.28742218017578,82.68459130033857,81.97300673027392,82.52737990136569,497144,0.0019139852928566903,0.0,0.006518564265351675,-0.011058897217205543,2,6
2013-06-27,83.39616394042969,83.90916755104877,82.77559233072941,82.77559233072941,564889,0.013474012563259308,1.0,0.0063802681356735355,-0.014956516561133726,3,6
2013-06-28,82.82525634765625,83.38790342596911,82.0557471342183,83.10657621279067,870439,-0.006845729657076749,-1.0,0.006822069020484003,0.006892916701363161,4,6
2013-07-01,82.95763397216797,83.59475344020181,82.65976632891736,83.01555859983515,530900,0.0015982760615442793,0.0,0.007000696240047819,-0.0001996640339502198,0,7
2013-07-02,82.09711456298828,82.94108883331228,81.83234249961744,82.77560353818906,672443,-0.010372998456879667,-1.0,0.006855550912955495,0.007739449291305878,1,7
2013-07-03,81.46826934814453,81.79923991006748,81.24485944261846,81.24485944261846,525080,-0.007659772431603207,-1.0,0.007155718587696445,-0.007601729364379528,2,7
2013-07-05,82.65977478027344,82.6763225761435,81.71650632741402,81.97301185948862,636242,0.01462539270396368,1.0,0.007328492411169478,-0.013525831527958387,4,7
2013-07-08,82.86661529541016,83.12311343523537,82.28741314760077,83.00727888410795,661385,0.0025023116223887865,0.0,0.0075508645098321635,0.013184683289952925,0,7
2013-07-09,79.31695556640625,81.24485418870675,79.08527912725943,81.24485418870675,2242912,-0.04283582376750594,-4.0,0.007561311923317066,0.015308200898695334,1,7
2013-07-10,80.13612365722656,80.53328544412491,79.1928552282878,79.1928552282878,1002553,0.010327780295784184,1.0,0.011747944456909895,-0.04015241995108909,2,7
2013-07-11,80.01201629638672,81.00492821657556,79.85480487495457,80.98838041937691,902449,-0.0015487068150525918,-0.0,0.01180303564978809,-0.039091010055711806,3,7
2013-07-12,80.01201629638672,80.16922771781887,78.90326979580729,79.43282135029902,1009304,0.0,0.0,0.01180021006750775,-0.03771483153665711,4,7
2013-07-15,80.54154968261719,81.31933271572922,80.11129235641815,80.31814712278474,1253512,0.006618173253738924,1.0,0.011757650094981925,-0.03154717194396728,0,7
2013-07-16,80.49192810058594,80.66568732707728,80.01201991598002,80.45883250469144,1172148,-0.0006160991715057351,-0.0,0.011863892787161505,-0.027378172384456723,1,7
2013-07-17,81.52619934082031,81.89853944404906,80.50019190843496,80.73186839869979,915835,0.01284937837421296,1.0,0.011864310410433027,-0.027199802014268748,2,7
2013-07-18,80.60777282714844,81.84063525325112,80.30162385842647,81.48484288896738,1181344,-0.011265415548594282,-1.0,0.012203703344392433,-0.019016343237173827,3,7
2013-07-19,80.16094970703125,82.7094205655636,79.62312428153018,82.7094205655636,1485846,-0.005543176600044886,-1.0,0.01236764290633734,-0.03333979882559823,4,7
2013-07-22,80.61603546142578,80.71532223867536,79.96236811902138,79.97891591522963,964258,0.005677150234094874,1.0,0.012324306806856632,-0.03129690534441565,0,7
2013-07-23,81.26142120361328,81.60894696660608,80.52501488337619,80.67395239664611,1450810,0.008005674534768081,1.0,0.012246807122395906,-0.01575902580635491,1,7
2013-07-24,80.9056167602539,81.27796416162415,80.5167289132719,81.26968291675324,1426948,-0.004378516128432541,-0.0,0.012339331989967983,-0.012567744550422089,2,7
2013-07-25,81.11249542236328,81.2696994941534,80.47537584450806,80.8559898723002,528107,0.0025570370809040455,0.0,0.012341709486067963,-0.012722147643758674,3,7
2013-07-26,81.37725830078125,81.38553219835887,80.47536672459982,80.62430422904113,565355,0.003264144162244298,0.0,0.012345673622505738,-0.012391670652587838,4,7
2013-07-29,81.11249542236328,81.53447894273175,80.84771597378493,81.02147519065045,612380,-0.003253524190251933,-0.0,0.01236248644723397,-0.011060789793629011,0,7
2013-07-30,80.60777282714844,81.55930798231003,80.55812208354115,81.35245315275712,844598,-0.00622250113976508,-1.0,0.011952180744202599,-0.027383376047100283,1,7
2013-07-31,80.04510498046875,80.88080540707921,79.83825018529848,80.71532010133413,1201830,-0.006980317492287558,-1.0,0.011938362974338963,-0.026773035403597212,2,7
2013-08-01,80.58293914794922,80.70704761840067,79.7637865027475,80.47537112551353,727151,0.00671913876072372,1.0,0.011983702579425253,-0.035108631384983324,3,8
2013-08-02,80.6408462524414,80.78150984923728,80.17748597712661,80.5167304496164,560350,0.0007186025367711402,0.0,0.011940626886882006,-0.018443710514056244,4,8
2013-08-05,81.07111358642578,81.12903822050842,80.45054919188296,80.50019257991573,464320,0.005335600430549148,1.0,0.011840109298094944,-0.01015638483944259,0,8
2013-08-06,80.6242904663086,81.07109555531792,80.22712140624802,80.83941911464801,538466,-0.005511496023066886,-1.0,0.011415895353965498,-0.01921927803542467,1,8
2013-08-07,80.15267181396484,80.50846411384087,79.73896222975128,80.27678762844658,874630,-0.005849585151274317,-1.0,0.011431796719863913,-0.02705944753635614,2,8
2013-08-08,80.93872833251953,81.29452063015763,80.1609452075155,80.26851322579563,521356,0.009806990843413521,1.0,0.0064798316256187,0.010536413577534542,3,8
2013-08-09,80.89735412597656,81.33589276302074,80.80634124820257,80.97182655583603,644856,-0.0005111793500509609,-0.0,0.0064412974661792535,0.010015516581835415,4,8
2013-08-12,81.03800201416016,81.25313066792438,80.29332194833778,80.82287336039593,382956,0.0017385968886518555,0.0,0.006428809727153023,0.011065060856738196,0,8
2013-08-13,81.25314331054688,81.63376464709788,81.02974072564832,81.22004771990177,321962,0.0026548198504341425,0.0,0.006432650021768807,0.01282289542576831,1,8
2013-08-14,82.03919219970703,82.04746609654849,81.09593121956439,81.29451209180266,1017685,0.009674073606677602,1.0,0.006304944379038811,0.00883511219654709,2,8
2013-08-15,80.66566467285156,81.6503024624576,80.41744042530915,81.41861866017193,1219639,-0.016742333633806505,-2.0,0.006611356734198384,0.01922259952808658,3,8
2013-08-16,80.1443862915039,80.44226126383656,79.83823742260884,80.44226126383656,893021,-0.0064622089641455105,-1.0,0.007080312790107327,-0.010555314425627627,4,8
2013-08-19,80.26850891113281,80.73186185410034,79.63966332676347,79.88788759277867,605746,0.001548737539488254,0.0,0.006785984096096398,-0.005748658217343383,0,8
2013-08-20,79.93753051757812,80.4008834152938,79.76377134392398,80.26022717551339,612031,-0.004123390331333021,-0.0,0.006685245445779316,0.0013417905413379838,1,8
2013-08-21,79.8630599975586,80.52500112206056,79.70584861308723,79.93753241548883,497610,-0.0009316089643669478,-0.0,0.006617092808685152,-0.008416501009558042,2,8
2013-08-22,79.7555160522461,80.40090217062452,79.68104361871163,80.10303448062092,373295,-0.0013466043664716043,-0.0,0.006331953011939587,-0.01720818052825923,3,8
2013-08-23,79.84652709960938,80.13612823261485,79.5652072128461,79.95409512422287,294958,0.0011411254276589844,0.0,0.006280807436420077,-0.01421533824302812,4,8
2013-08-26,79.8630599975586,80.23540739112336,79.63138354320019,79.78859492767157,293095,0.00020705844762147763,0.0,0.006252049311653457,-0.015607562264751462,0,8
2013-08-27,79.44108581542969,79.73896082572327,79.08529352181837,79.49072920113059,553948,-0.005283721687370901,-1.0,0.006189674531050769,-0.018607143258943082,1,8
2013-08-28,79.48245239257812,80.06165459671918,79.30041930363078,79.82997077584524,343496,0.0005207201880970125,0.0,0.006244284157450902,-0.020606068130814448,2,8
2013-08-29,79.33351135253906,79.89615838889996,79.12665658088144,79.2259506922597,449304,-0.0018738858144866644,-0.0,0.006133197064780325,-0.013960445687829615,3,8
2013-08-30,79.20114135742188,79.73896678685404,79.01910824819936,79.3169759327169,676051,-0.001668525606146054,-0.0,0.005968745789888456,-0.008889908109975253,4,8
2013-09-03,79.46590423583984,80.44226820268169,79.1266597514324,79.54865055664456,596084,0.00334291746154447,0.0,0.005744384947138691,-0.01714752285208143,1,9
2013-09-04,80.26023864746094,80.43399784595124,79.4162643479303,79.4162643479303,851466,0.00999591484246709,1.0,0.0058074450892960615,-0.014570060598365742,2,9
2013-09-05,80.88079071044922,81.25313074370769,80.25195254131782,80.3098698159891,464785,0.00773174953682898,1.0,0.006129052885026941,-0.010002020486623908,3,9
2013-09-06,81.22831726074219,81.7164992407053,80.5250066050806,80.88079888152014,540329,0.004296774886104915,0.0,0.006263219898633424,0.0031814263748195515,4,9
2013-09-09,81.5013656616211,81.60893366702055,80.74840431991143,81.17039509674629,439177,0.0033614927661547167,0.0,0.006166244189201642,0.013419957469090082,0,9
2013-09-10,82.79216003417969,82.91627585557737,81.9399117769322,81.9564669214239,973919,0.015837702375659957,2.0,0.005839585944795319,0.006951398183451696,1,9
2013-09-11,82.86661529541016,83.13966122825357,82.62665760056007,82.80041677529427,503081,0.0008993032818533919,0.0,0.00673994963832087,0.02342234710485669,2,9
2013-09-12,82.78388214111328,83.16450348516248,82.61012293875935,83.16450348516248,730177,-0.000998389447933179,-0.0,0.006738615843142162,0.022564886050997046,3,9
2013-09-13,83.32170104980469,83.54511096973613,82.68458892285904,83.1562157581728,547196,0.006496662089060301,1.0,0.006743210752058786,0.018839133702384547,4,9
2013-09-16,83.64439392089844,84.33115674764122,83.47890863681427,84.33115674764122,450584,0.003872855054901869,0.0,0.006570174987770995,0.015632880038307206,0,9
2013-09-17,83.89263916015625,84.01675498040873,83.28861520323278,83.56166853817933,342914,0.0029678646424597943,0.0,0.005227262081332541,0.03692685432057674,1,9
2013-09-18,83.16449737548828,83.84298633941033,82.1219348899122,83.7767878136352,775690,-0.008679447827096065,-1.0,0.004880881313165798,0.04676875127621627,2,9
2013-09-19,82.5439224243164,83.25550694893383,82.4529022104953,83.0900216631128,889180,-0.007462017696926337,-1.0,0.005427783396889041,0.03607876243922359,3,9
2013-09-20,82.38670349121094,82.84178982255726,82.04745905374469,82.62665382705958,1601897,-0.0019046700046223553,-0.0,0.005651272992959667,0.03260535933325004,4,9
2013-09-23,82.2791519165039,82.45291111798525,81.69168312979814,82.08057102167442,653819,-0.0013054482112943022,-0.0,0.0056765204614141335,0.03159963434570989,0,9
2013-09-24,82.05575561523438,82.68460128707855,81.93163979093991,82.4115479432397,550688,-0.00271510213785664,-0.0,0.005675496323781476,0.03164214826977774,1,9
2013-09-25,81.70823669433594,82.35363015913268,81.68341499923525,82.22124043721763,499589,-0.004235155941138102,-0.0,0.005749582117792246,0.027668435884117493,2,9
2013-09-26,81.80752563476562,82.47774075215976,81.53447230988495,81.87371681750311,387845,0.0012151644001463513,0.0,0.005872824715241608,0.023104257423065766,3,9
2013-09-27,81.60894775390625,81.70823453168107,81.19523080237757,81.70823453168107,568265,-0.0024273791355814422,-0.0,0.005687667111891357,0.02978861372607655,4,9
2013-09-30,82.03092193603516,82.0722914220747,80.88907268503809,81.32761128118827,571058,0.005170685246443485,1.0,0.005746895742081151,0.026754274652032395,0,9
2013-10-01,81.87371826171875,82.29570175520237,81.567569340069,82.1053947534309,742632,-0.001916395312964836,-0.0,0.005759565144573109,0.03400089744558832,1,10
2013-10-02,82.60185241699219,82.70114654298598,81.5758449565827,81.79098100489516,748568,0.008893380815390373,1.0,0.005766867514863879,0.03374417159262855,2,10
2013-10-03,82.57701873779297,82.74250402506877,81.89025589780496,82.35361617178587,633798,-0.0003006431269101384,-0.0,0.005974332019513763,0.03946281378546246,3,10
2013-10-04,83.13140106201172,83.21414738881248,82.42809035040462,82.45291204403155,650792,0.006713518272911667,1.0,0.005689088049350326,0.028865851003862186,4,10
2013-10-07,82.78388214111328,82.95764134346722,82.1715916579845,82.58530124528653,420437,-0.004180356838196508,-0.0,0.005636263065043232,0.027826265443170684,0,10
2013-10-08,82.8004150390625,83.3216925523345,82.68458049036401,82.77559335005569,699680,0.00019971155642384275,0.0,0.005715632182893501,0.019150524507084654,1,10
2013-10-09,82.85834503173828,83.1313909765531,82.02264470746329,82.8335233411227,689554,0.0006996340857525762,0.0,0.005689665988216446,0.015938989081910826,2,10
2013-10-10,81.9399185180664,82.43637449645557,81.37727134844343,81.72478979851132,1084266,-0.011084297101518037,-1.0,0.004524722355301741,0.0007994114120379869,3,10
2013-10-11,83.13968658447266,83.27207631703801,81.84890689908507,81.94820103552041,707479,0.014642046124828889,1.0,0.0051274863856607365,-0.011182992982640583,4,10
2013-10-14,83.26378631591797,83.56993521700615,82.56047564198475,82.79215211813704,575482,0.0014926653749076646,0.0,0.00609885853906009,0.004297991760677133,0,10
2013-10-15,82.29569244384766,83.45408946743024,82.16331009101592,82.98246263938007,816313,-0.011626829800859495,-1.0,0.005937051762751589,-0.000695073830191073,1,10
2013-10-16,83.67749786376953,83.71060080232655,82.41154009034092,82.53565590280853,734833,0.01679073811627152,2.0,0.006376554442631683,-0.01612423037372035,2,10
2013-10-17,84.85243225097656,84.93517856505161,82.593562953745,83.40444156107328,1394123,0.014041222756443705,1.0,0.00740974957572582,-0.0025644835892694173,3,10
2013-10-18,82.90799713134766,86.3583594506125,82.13849524917224,85.33235204234916,1582807,-0.022915490670646355,-2.0,0.00774499846787802,0.020296339528960816,4,10
2013-10-21,82.17987060546875,83.04039277229018,81.716510254705,82.98247548396147,817943,-0.008782343695088457,-1.0,0.009187579238818383,0.004410678537418278,0,10
2013-10-22,83.47064208984375,83.56993620825472,82.30397110172379,82.46946374842341,973337,0.015706662408508487,2.0,0.009388605897887259,-0.002510512946597654,1,10
2013-10-23,83.93399810791016,84.09948339811194,83.08174996557749,83.28860474131882,748219,0.0055511255989582065,1.0,0.009991931658413132,0.014481070181046052,2,10
2013-10-24,82.94937896728516,84.3891035210838,82.93283116933813,83.87609974059019,579672,-0.011730873815389065,-1.0,0.010012128048710938,0.022889832390100784,3,10
2013-10-25,82.92454528808594,83.28861148640486,81.56756726814581,82.80042947337223,900587,-0.00029938354582514926,-0.0,0.010341027623475057,0.01518992849634282,4,10
2013-10-28,82.94937896728516,83.4210132529112,82.50257372662493,82.89973557344408,1021992,0.0002994732031744718,0.0,0.010343042638743371,0.013654240788400163,0,10
2013-10-29,84.00847625732422,84.36427593247335,82.82526469847141,82.83353859686711,852281,0.012767995411475885,1.0,0.01031894548354199,0.01642505203499267,1,10
2013-10-30,83.72714233398438,84.47182245699264,83.66921770687597,84.47182245699264,775922,-0.003348875445355004,-0.0,0.010607982720949274,0.02410742528081178,2,10
2013-10-31,83.48717498779297,84.33942302159116,82.90798021986943,83.85124845830674,1013029,-0.0028660639728296244,-0.0,0.010633522587491347,0.022637594964735053,3,10
2013-11-01,83.68577575683594,83.76851472980361,82.86662318423697,83.50374266826324,711320,0.0023788176935199967,0.0,0.01051266973622324,0.010717950565218404,4,11
2013-11-04,84.99310302734375,85.05102765650669,83.89263059781702,84.00846516005534,830048,0.015621857581944232,2.0,0.010517955007338963,0.013426944154566911,0,11
2013-11-05,84.73660278320312,84.99310094133646,84.2401469130922,84.9269097645391,714580,-0.0030178948056303057,-0.0,0.010944132848921359,0.02239469011166184,1,11
2013-11-06,85.35717010498047,85.5061076060443,84.36426567796133,84.69522892160514,491208,0.007323485971759469,1.0,0.010918935196045974,0.023588174311048205,2,11
2013-11-07,86.32525634765625,87.02029308967256,85.12548984317158,85.66331519372767,1046203,0.01134159252802247,1.0,0.010997736720996118,0.03087852959084536,3,11
2013-11-08,86.85481262207031,86.89618210947619,85.77088796377292,86.03566003121442,591079,0.0061344303720500815,1.0,0.011201968768068483,0.041841426045740926,4,11
2013-11-11,87.42573547363281,87.72361048545262,86.59003506983194,86.59003506983194,853794,0.006573301286674216,1.0,0.010818941856520464,0.05998168161370887,0,11
2013-11-12,87.22715759277344,87.48366312515155,86.0853082400779,87.2106097968838,903497,-0.0022713893086923065,-0.0,0.010517687121540518,0.05155238208416124,1,11
2013-11-13,87.23541259765625,87.68222503404088,86.71413509589556,87.18576922073888,648697,9.463801309861353e-05,0.0,0.01056676404043921,0.0476001807294435,2,11
2013-11-14,88.857177734375,88.91509501266641,87.00374400057215,87.40090574780011,950290,0.018590674227662474,2.0,0.01009503866569516,0.060024042657871535,3,11
2013-11-15,87.98011016845703,89.36190977016804,87.76497414751104,88.72479030052723,893603,-0.009870531433485596,-1.0,0.01022630143322675,0.061900510923954766,4,11
2013-11-18,86.64795684814453,88.42691826673423,86.20114434512848,87.97183186633144,933412,-0.015141528213158617,-2.0,0.010256569543235764,0.03686020346746721,0,11
2013-11-19,86.01911926269531,86.70588220190649,85.28271293454199,86.2921725979662,820387,-0.007257385036225306,-1.0,0.009427646960398545,0.04510975836108799,1,11
2013-11-20,86.17632293701172,86.77207294299674,85.56402513619865,85.94464646137526,466648,0.0018275434073711239,0.0,0.009344774832101057,0.04671762840389615,2,11
2013-11-21,86.73896026611328,86.84652826846153,86.17631326100309,86.49900992000478,547662,0.006528908520647914,1.0,0.008819112016899016,0.032414760201026294,3,11
2013-11-22,87.01203155517578,87.02857935157073,86.39973369638452,86.76380726120703,359676,0.003148196476240095,0.0,0.008843799156289677,0.03341866492046419,4,11
2013-11-25,87.5746841430664,87.9966750216115,87.19407010613595,87.3926510233151,599809,0.006466376865753798,1.0,0.00830146525368492,0.04897749251978034,0,11
2013-11-26,86.92098999023438,87.65740348926295,86.896168301735,87.54156159488977,867995,-0.00746441918950147,-1.0,0.008326291089300903,0.056076748311679525,1,11
2013-11-27,84.62904357910156,87.84772949862767,83.83471998270409,86.79690036936209,2290752,-0.02636815815593352,-3.0,0.008602927566727552,0.0478799368047782,2,11
2013-11-29,84.27323913574219,85.52264898419779,83.80160497576664,84.48836779978525,452214,-0.00420428293067987,-0.0,0.01028785031294062,0.007386960809484311,4,11
2013-12-02,82.82525634765625,84.07466631574823,82.63494200765412,84.04984462306379,1820147,-0.017181999919970048,-2.0,0.010305119388718788,0.0065223389516801955,0,12
2013-12-03,82.74250793457031,83.17277264103434,82.34534616556031,82.8086991133907,830630,-0.0009990722242815275,-0.0,0.010980609703907074,-0.007928387087399957,1,12
2013-12-04,82.06401824951172,82.4777351576914,80.98009361744239,82.2129557486129,1037590,-0.008200013535909711,-1.0,0.010963806453682485,-0.011271543027891129,2,12
2013-12-05,82.11366271972656,82.56874912033278,81.55101565304452,82.04747154060298,964025,0.0006049480792409412,0.0,0.010433847128167447,-0.034462617241891924,3,12
2013-12-06,82.74250793457031,83.20586823044454,82.19640866517061,82.72596013986522,990215,0.007658228777227327,1.0,0.010439467411878785,-0.030954038483077984,4,12
2013-12-09,82.99073791503906,83.30515335628093,82.51910373111075,82.70941071451122,638687,0.0030000296904830748,0.0,0.010453769753751485,-0.03063201564900042,0,12
2013-12-10,82.03919219970703,83.14793846472213,81.41034664758303,82.8335230367035,1516459,-0.011465685680565496,-1.0,0.010096672817572847,-0.03862737944487693,1,12
2013-12-11,73.02027130126953,77.29805283435799,71.99426388162438,76.60301602414961,7146727,-0.10993429672592159,-11.0,0.010133323134900596,-0.055444485768651575,2,12
2013-12-12,72.6065444946289,73.59118229124452,72.15973937626316,72.85477609198166,3365706,-0.005665917138730658,-1.0,0.02532689185533036,-0.16477372588656003,3,12
2013-12-13,73.74839782714844,74.34414046784423,72.74721218077063,72.95406695817707,1996260,0.015726589668566326,2.0,0.025297901227259036,-0.1676153792194166,4,12
2013-12-16,74.33586883544922,74.50135413202491,74.08764456460761,74.08764456460761,1917341,0.007965881640950245,1.0,0.025784811884598583,-0.15460481436262696,0,12
2013-12-17,74.09591674804688,74.46825681971825,73.4339755770561,74.06282115910608,1702932,-0.003227944882617906,-0.0,0.02534510924446041,-0.1634230263573644,1,12
2013-12-18,74.55926513671875,74.91506474023834,73.59118247909302,73.67392144639295,1631346,0.00625335928088222,1.0,0.025363804830721176,-0.15781059371062223,2,12
2013-12-19,74.14555358886719,74.4765241451578,73.93042493169122,74.46825024865268,1710149,-0.00554876107071256,-1.0,0.02548434423573217,-0.1395150232175919,3,12
2013-12-20,74.46826934814453,74.6503024659876,74.22004504128398,74.38553036187267,1821427,0.0043524627392599324,0.0,0.02548553671187405,-0.13803402982501167,4,12
2013-12-23,75.16329956054688,75.60183819303897,74.48481054109695,74.50963223477765,1871246,0.009333239760857426,1.0,0.02553377907765043,-0.1358616054832703,0,12
2013-12-24,75.32050323486328,75.70111719497568,74.75785619173872,75.32050323486328,764399,0.0020914951210966315,0.0,0.025613073824154012,-0.1334539942610855,1,12
2013-12-26,75.04745483398438,75.5025412452359,74.72476548016475,75.46117175731595,331973,-0.0036251536985552058,-0.0,0.02559427600984176,-0.1343668009049841,3,12
2013-12-27,75.2708511352539,75.85831980147402,75.2543033430823,75.60182167477143,413220,0.0029767338781003794,0.0,0.025432589000647803,-0.14304624026524515,4,12
2013-12-30,75.39497375488281,75.75904729525182,74.78268328526148,75.17984506815338,571757,0.00164901310078025,0.0,0.025524850552988265,-0.13403136407315852,0,12
2013-12-31,75.60184478759766,76.11484854587991,75.45290726447766,75.58528964232214,421019,0.00274383055543459,0.0,0.025163994378579108,-0.1091123027473162,1,12
2014-01-02,74.6585693359375,75.81696647100183,74.5096318266248,75.60183777890317,1234189,-0.012476884053693071,-1.0,0.0252228509787278,-0.1028961795829062,3,1
2014-01-03,75.10537719726562,75.99899484957336,74.73303712114105,74.74958491580936,636592,0.005984682874348168,1.0,0.025128391525263777,-0.09860140942322415,4,1
2014-01-06,74.75786590576172,75.63493584661276,74.4434430811455,75.41980714747069,1080774,-0.004626982840272076,-0.0,0.025224583757475338,-0.09229996682411223,0,1
2014-01-07,76.27202606201172,76.29685509725716,74.22829298716113,74.60063299129163,1594913,0.02025419182188437,2.0,0.02520884038181289,-0.0890299122513839,1,1
2014-01-08,75.88314819335938,76.69402682161578,74.7495802412071,76.36305625285983,2030482,-0.005098564817672124,-1.0,0.025751274544220264,-0.07114086090220739,2,1
2014-01-09,76.59473419189453,77.35596945396072,75.7673151020589,75.88314965973153,1507147,0.009377391627479081,1.0,0.025633247815798847,-0.08290007050106651,3,1
2014-01-10,76.10655975341797,76.73539796925222,75.80868476547128,76.37960570233282,1368864,-0.006373472584336293,-1.0,0.025755052150438284,-0.07706888604475814,4,1
2014-01-13,75.04745483398438,76.12311295621126,74.93162026780853,75.89970302535548,1337902,-0.0139160792823253,-1.0,0.02569996389493346,-0.07231461314059906,0,1
2014-01-14,75.2708511352539,75.41978861284106,74.41032920211688,75.2294743067822,1826200,0.0029767338781003794,0.0,0.008658758925492878,0.027761928250732204,1,1
2014-01-15,75.36186981201172,75.76731279565448,75.28740474148893,75.58527237162335,1038055,0.0012092154583751569,0.0,0.008513265298639962,0.03669513070990571,2,1
2014-01-16,75.70940399169922,75.87488930881939,75.36188556055131,75.36188556055131,845995,0.004611538707232299,0.0,0.007888228379657613,0.021878061522704995,3,1
2014-01-17,75.9576187133789,76.40442382639641,75.56872352858709,75.77558563991934,1088806,0.003278519029246363,0.0,0.007774554555247663,0.018477421166495978,4,1
2014-01-21,75.51908874511719,76.17275604387261,75.17984424941203,75.95762735948601,903730,-0.005773350661722021,-1.0,0.007731309930223054,0.02512556760263185,1,1
2014-01-22,76.00726318359375,76.11483118910817,75.51080733575088,75.86659959116511,827255,0.006464252238585599,1.0,0.007784362484731482,0.012873297592705724,2,1
2014-01-23,75.58528137207031,75.94935491544199,74.87369677683523,75.77559571548821,697236,-0.005551861675431646,-1.0,0.007748293703616152,0.02510885015505626,3,1
2014-01-24,74.5510025024414,75.58528383819971,74.45171572668218,75.45290147052073,898259,-0.01368360150090131,-1.0,0.007848248976119849,0.01499983863870491,4,1
2014-01-27,74.38552856445312,74.98127129535015,74.1952142045366,74.57583557632488,805022,-0.002219607147239344,-0.0,0.008187796695520068,-0.008146223777898975,0,1
2014-01-28,74.71648406982422,75.37842526726027,74.08764581069518,74.31104839301445,1003252,0.004449192090963283,0.0,0.008177361376419705,-0.01241328231032568,1,1
2014-01-29,73.83941650390625,74.9316224531548,73.72358193435214,74.35242021320722,951221,-0.01173860864623033,-1.0,0.008215907780791303,-0.004410153081037982,2,1
2014-01-30,73.69047546386719,75.47771813697538,73.30158758862481,74.47653245982467,1322304,-0.0020170939464450033,-0.0,0.008553936770643665,-0.019017117645920067,3,1
2014-01-31,74.32758331298828,74.6337321659774,73.56635547662448,74.6337321659774,1938526,0.00864572857089918,1.0,0.008537155761652078,-0.022607585176130374,4,1
2014-02-03,72.69757080078125,74.70820869806742,72.65619396572495,74.46825832535151,2014884,-0.021930115840618214,-2.0,0.008762587857258692,-0.016854899218258446,0,2
2014-02-04,73.60773468017578,74.05454717448039,72.19283947027675,72.84650674326095,1684890,0.012519866473788,1.0,0.009597014292378823,-0.026266221715720794,1,2
2014-02-05,73.41741943359375,73.85595063327717,72.54862358247833,73.0285316116761,1277606,-0.002585533265069828,-0.0,0.009942163824390182,-0.01994054983781335,2,2
2014-02-06,74.73303985595703,74.86542221814797,72.99544052371614,73.41743134733198,1431953,0.017919731209747436,2.0,0.009913959316951729,-0.017930507458007283,3,2
2014-02-07,73.76494598388672,75.61837978856296,72.41624195346625,72.81340371588126,2661835,-0.012954027749122021,-1.0,0.009676142416628142,-0.02017759702362487,4,2
2014-02-10,75.58528137207031,75.62665820866438,74.53445227463766,74.93162140884925,2271197,0.024677512657315992,2.0,0.009992214459639307,-0.027914000142366557,0,2
2014-02-11,75.8086929321289,76.01554772735885,75.41980503533131,75.41980503533131,1879744,0.0029557548242606924,0.0,0.011283951659589467,-0.013179141235678316,1,2
2014-02-12,75.27914428710938,76.42098632727996,75.20467185524502,76.08174180490074,1161672,-0.006985328786681899,-1.0,0.011227591390078178,-0.003913812715410359,2,2
2014-02-13,75.96588897705078,76.05690183540645,74.41860425261908,74.74130090105662,997548,0.009122642086926591,1.0,0.010899044292598619,0.0030872393159437905,3,2
2014-02-14,76.07347106933594,77.07465688169195,75.83352066345209,75.89971185182146,1005230,0.0014161894731155034,0.0,0.01105858853297897,0.009233824665380252,4,2
2014-02-18,76.4126968383789,76.7850368775973,75.94934393750594,75.96589173053405,1029092,0.004459186156154038,0.0,0.011059348223275395,0.009442457559761808,1,2
2014-02-19,76.19758605957031,76.61957692492982,76.04037464087303,76.28860629062446,1084382,-0.0028151182684151843,-0.0,0.011056569831810305,0.009289372384397643,2,2
2014-02-20,76.69403839111328,77.12429578657546,75.91625523279316,76.28860268984572,886270,0.0065153288603505555,1.0,0.011059924564950191,0.0031592268195888007,3,2
2014-02-21,77.41389465332031,77.5793799578276,76.47890745908292,76.72713174182172,1860421,0.009386078465916992,1.0,0.011052701706226093,0.01555831334196367,4,2
2014-02-24,77.57937622070312,78.31578248366674,77.36424753962002,77.57937622070312,951686,0.0021376210062016288,0.0,0.011145654920029382,0.018506540175363018,0,2
2014-02-25,77.0580825805664,77.49662109681334,76.329950366764,77.48833985307061,850535,-0.006719487388680556,-1.0,0.011047849164393978,0.026382052331284322,1,2
2014-02-26,76.99191284179688,77.59592944014899,76.66921612359111,77.00846063780287,625301,-0.0008586995231856243,-0.0,0.010673822813989138,0.03362905922080528,2,2
2014-02-27,77.02501678466797,77.21532380741395,76.20586405333859,76.38789717718454,895931,0.0004299664945215387,0.0,0.010653390401845368,0.03503886209648144,3,2
2014-02-28,77.39734649658203,78.35716272785517,77.00845860461972,77.30632627290775,1114879,0.004833880308717786,0.0,0.010637533214023852,0.030897234306239252,4,2
2014-03-03,76.68574523925781,77.76139580588992,76.53680776344,77.01671577484348,622391,-0.009194129896373693,-1.0,0.010212220690944481,0.04818469810751491,0,3
2014-03-04,77.00019073486328,77.8772607089089,76.92571830092797,77.61248126298636,705966,0.004100442587138042,0.0,0.010480253245819318,0.04064663386327716,1,3
2014-03-05,77.41389465332031,77.45526414243608,76.78504902658378,77.03328065736683,611798,0.005372764853031953,1.0,0.010381555038237159,0.0359571413834463,2,3
2014-03-06,77.81932067871094,78.1833941818497,77.47180231720681,77.66211663959352,605746,0.00523712218854544,1.0,0.008869160784994489,0.06487594840635835,3,3
2014-03-07,78.87015533447266,79.00253768039403,77.92688703152385,78.18339252283286,1199851,0.013503518748258614,1.0,0.008618587543852368,0.057216622911089754,4,3
2014-03-10,77.45526123046875,78.52264544583626,76.86779246297839,78.32405720945813,1392726,-0.01793953743343879,-2.0,0.008838647507773818,0.07427032907103093,0,3
2014-03-11,78.82878875732422,78.87016559385009,77.38907177380653,77.72831627544508,1439984,0.017733172737853575,2.0,0.009353210326253513,0.03642594198976279,1,3
2014-03-12,79.40799713134766,79.90445307566742,78.60539225249067,78.6136661508271,1730053,0.007347675679840071,1.0,0.009338792369934613,0.06864836279475695,2,3
2014-03-13,79.32524871826172,80.34298227520284,79.27560532954591,79.55693256169117,1610860,-0.00104206649298888,-0.0,0.008019221112723865,0.05057486973502079,3,3
2014-03-14,79.12665557861328,79.33351034765074,78.72949383421786,79.09355999125422,1099514,-0.0025035299965308067,-0.0,0.008052324496482372,0.04638723674184919,4,3
2014-03-17,79.38316345214844,79.8878858705638,79.12665794635349,79.2507737507073,968914,0.0032417378399156593,0.0,0.00785386146113019,0.05110992331195696,0,3
2014-03-18,81.08766174316406,81.195229765758,79.37489136797005,79.37489136797005,891391,0.02147178591645682,2.0,0.007705839988976447,0.04498432811245068,1,3
2014-03-19,81.29452514648438,81.55102333780259,80.70704898422777,81.09594424235699,1216962,0.0025511082558469234,0.0,0.008781254904990675,0.06591247386698074,2,3
2014-03-20,80.18576049804688,81.650306408256,79.95408403260852,81.03800863439552,1154804,-0.013638860014738019,-1.0,0.008776149996939951,0.06388765885898606,3,3
2014-03-21,80.28506469726562,80.95527983467697,79.7886087677741,80.90562909809668,1822475,0.001238426855366237,0.0,0.009427769231649978,0.05233990530039434,4,3
2014-03-24,78.48126220703125,80.26850475230738,78.38197544498686,80.26023085547034,1520766,-0.02246747258703785,-2.0,0.009384910621172022,0.04682275678116388,0,3
2014-03-25,78.36542510986328,78.95289381037065,77.33114395051649,78.58055376869272,1967393,-0.001475984125515084,-0.0,0.010657256355780869,0.013787803319945224,1,3
2014-03-26,81.61720275878906,84.39734946163061,80.67393450001477,80.87251535764018,4918016,0.04149505530490005,4.0,0.010662164905022968,0.010132188829721223,2,3
2014-03-27,80.9801025390625,81.75787836133647,79.80515755941445,81.75787836133647,2096015,-0.007805955095146366,-1.0,0.013762443388106305,0.05916472387508431,3,3
2014-03-28,81.12075805664062,82.03919740452753,80.9800944533684,81.38553012040849,937951,0.0017369145403376418,0.0,0.01393793369502339,0.0518001118566902,4,3
2014-03-31,81.26142120361328,81.79098007214834,81.03801860773062,81.45173555526807,762187,0.0017339969490230978,0.0,0.013931147098679514,0.05317416915886897,0,3
2014-04-01,84.6207504272461,84.93517317429747,82.52736654298654,82.87488487435013,2823282,0.041339779367327134,4.0,0.013922287892728126,0.049925157410944276,1,4
2014-04-02,84.5132064819336,85.15032605343325,83.718882840212,85.04275802576292,1774169,-0.0012708933065413985,-0.0,0.01602413099058296,0.10347431798740736,2,4
2014-04-03,84.80279541015625,85.05930092071952,84.10775864972432,84.87726783337038,1693620,0.003426552373025471,0.0,0.01607897383877856,0.09757139138706905,3,4
2014-04-04,83.96710968017578,85.19997202024503,83.79335045978958,85.07586354000132,2425543,-0.009854459701930773,-1.0,0.01607969223557612,0.09544669971618625,4,4
2014-04-07,82.19639587402344,84.17393786202581,81.92334260779337,83.99190480055333,1498650,-0.02108818337199958,-2.0,0.016378258995201806,0.07900080529932851,0,4
2014-04-08,83.16449737548828,83.30515362816759,82.05574371218076,82.51910400043194,1453254,0.011777906940695804,1.0,0.017073378537743877,0.042173627342875886,1,4
2014-04-09,83.4789047241211,83.56992493272074,82.5025482070258,83.26377606930787,1020013,0.0037805476922834202,0.0,0.016552438531616354,0.07371011412680728,2,4
2014-04-10,82.45289611816406,83.56164965565375,82.31223988144599,83.29687027868691,1347563,-0.012290633296492826,-1.0,0.016230346960760086,0.05899007253698052,3,4
2014-04-11,82.28742218017578,83.13967035437867,81.05456002868864,81.45172914885143,1329172,-0.0020068905493766387,-0.0,0.016521800002999732,0.038344991648383786,4,4
2014-04-14,83.36306762695312,83.6112918598382,82.07228104143094,82.8666118131402,1031653,0.013071808768320814,1.0,0.016531792246436944,0.03734212636930723,0,4
2014-04-15,84.03330993652344,84.20706916046376,83.05694578369872,83.59477125322398,1423688,0.008040038936302452,1.0,0.01667426831789726,0.0535396323446391,1,4
2014-04-16,84.35601043701172,84.77799399331658,83.48720693065138,84.41392773155088,918163,0.0038401498254923006,0.0,0.016716074481681987,0.05857849803602333,2,4
2014-04-17,83.82643127441406,84.14085406501643,83.05692944040004,84.04984119555158,811424,-0.006277906693952673,-1.0,0.016167568516202064,0.040306362565981635,3,4
2014-04-21,83.61128997802734,84.09119798871633,82.89970553199036,83.67748114582889,731225,-0.00256650907256728,-0.0,0.016267183641193506,0.031144854138300815,0,4
2014-04-22,83.05693054199219,84.18222466765384,82.94936252860879,83.58648201548776,834588,-0.00663019834021028,-1.0,0.015924880634942698,0.04271992257358348,1,4
2014-04-23,82.61839294433594,83.33825876135504,82.38671646812665,82.65149588211774,974501,-0.00527996393310648,-1.0,0.01603865521678745,0.03452529876109023,2,4
2014-04-24,83.09002685546875,83.55338715433206,82.6101187617936,83.2224165620074,957390,0.005708582487807146,1.0,0.015155911641062187,0.052714885323722926,3,4
2014-04-25,82.32051849365234,83.71886582900629,82.22949828134229,82.74250192406667,1032468,-0.009261139885716085,-1.0,0.015141406663100336,0.06028936535445162,4,4
2014-04-28,82.0722885131836,83.85125717831225,78.70467285609367,80.7235845317473,2208457,-0.0030154083697601086,-0.0,0.01249156761451503,0.008617248706033864,0,4
2014-04-29,81.73304748535156,82.84180115490872,81.21176991364713,82.13021659811001,1351637,-0.004133441798415793,-0.0,0.012375850202435673,0.013487090530593715,1,4
2014-04-30,81.66686248779297,82.72596550588086,81.27797459091032,81.41035695713808,1263173,-0.0008097703388638688,-0.0,0.012417727294213457,0.007547876072403259,2,4
2014-05-01,82.01437377929688,82.61839031693677,81.37725430492789,81.61721201898452,909084,0.004255230100897345,0.0,0.01241678469243464,0.004989345228946895,3,5
2014-05-02,81.2779769897461,81.9895616213992,81.11249167903297,81.91508919015381,707712,-0.008978874746181087,-1.0,0.008216229983667942,-0.030800679913493445,4,5
2014-05-05,81.29452514648438,81.37726412818556,80.5167419782705,80.78979531397351,755902,0.0002035995155289516,0.0,0.008378104182267398,-0.0382807566635055,0,5
2014-05-06,81.26142120361328,81.37726312461088,80.57466561982915,81.09594324225165,736696,-0.00040720999121945933,-0.0,0.008306335908905928,-0.04136974785682257,1,5
2014-05-07,81.68340301513672,81.90680558631134,80.92217508488623,81.4600004439621,729246,0.0051928923377564384,1.0,0.008111913564273114,-0.032223194139565536,2,5
2014-05-08,81.88198852539062,82.70114113007995,81.57583961732924,81.74959881541217,976363,0.0024311610795293426,0.0,0.006876382862345766,-0.006241062682029841,3,5
2014-05-09,82.89144897460938,83.14794715153526,81.68340847324443,81.8075242868765,1014542,0.012328235640072682,1.0,0.006338661676586125,-0.015421350342648243,4,5
2014-05-12,82.6514892578125,83.50373736547775,82.41153155535683,82.94108299285294,1504936,-0.002894866958718212,-0.0,0.006892410016892465,-0.007037176056072236,0,5
2014-05-13,82.5439224243164,82.75077719458184,82.17985626511881,82.75077719458184,916184,-0.0013014506388452363,-0.0,0.0063604900743720475,0.0024085647563407697,1,5
2014-05-14,82.3949966430664,82.68459777142506,82.13022455694677,82.56048195240786,823530,-0.0018042004411232826,-0.0,0.0063504739572483844,0.0031171257689783793,2,5
2014-05-15,82.24605560302734,82.36189751901223,81.17867871016564,82.16331662592681,1504237,-0.001807646654617523,-0.0,0.005627589705466715,-0.01161270825851568,3,5
2014-05-16,82.19639587402344,82.4032506236909,81.83232975107846,82.30395652286832,804091,-0.0006037946578689724,-0.0,0.005276113560742773,-0.02126840338487368,4,5
2014-05-19,82.64321899414062,83.0072851641713,81.91507930603564,81.98955172829497,1197523,0.005436042728710344,1.0,0.005159693104302552,-0.02560119370036895,0,5
2014-05-20,82.36189270019531,82.50255630108043,81.91508020586205,82.46946071217657,938533,-0.0034041061973306697,-0.0,0.0052185796858257695,-0.014115026278526344,1,5
2014-05-21,82.98246765136719,83.41272502014418,82.46946395902907,82.46946395902907,480034,0.007534733974980723,1.0,0.005237017911666277,-0.014942925508748539,2,5
2014-05-22,82.98246765136719,83.37962942993734,82.67631874586586,82.95763861066804,884756,0.0,0.0,0.005346583750496813,-0.000896528322670842,3,5
2014-05-23,83.36306762695312,83.420984900083,82.39497768781149,83.10656214986386,536837,0.004586510697475843,0.0,0.005209707550750296,0.004406702842508103,4,5
2014-05-27,83.4789047241211,83.71886241622005,83.11483858580854,83.40443965639294,575714,0.001389549358792097,0.0,0.0051561039981111905,0.003286083562824116,1,5
2014-05-28,83.2555160522461,83.57821276228354,82.62667042775833,83.56993886448998,561397,-0.0026759894923543692,-0.0,0.0046843950584144626,0.01407165858118442,2,5
2014-05-29,85.14203643798828,85.15031033489367,83.20586373364867,83.54510820285664,1015939,0.022659404147568063,2.0,0.004671589423395209,0.01441689467294971,3,5
2014-05-30,84.87726593017578,84.9682787977877,84.41390565092979,84.9682787977877,812123,-0.003109750704698544,-0.0,0.006563389052634156,0.041708819841174805,4,5
2014-06-02,84.4718246459961,85.01792390689,84.32288714792617,84.99310221521897,596899,-0.0047767948193951915,-0.0,0.00663090294879293,0.03931096829956804,0,6
2014-06-03,84.84415435791016,85.19167269496104,84.31460295612038,84.37252757765741,980204,0.004407738479361933,0.0,0.006759350902545049,0.029963660678703707,1,6
2014-06-04,86.35009765625,86.44939179111493,84.65387490096093,84.65387490096093,1221152,0.017749523343554285,2.0,0.006347467411172676,0.04387630573794876,2,6
2014-06-05,86.60658264160156,87.19405136817835,85.70468378733153,86.2259613384214,969496,0.0029702917809382168,0.0,0.007189069801799957,0.06218835156064939,3,6
2014-06-06,85.58885192871094,86.87135743050959,85.48955781430652,86.71414603572808,926660,-0.011751193521885472,-1.0,0.007149017191860041,0.065777356078909,4,6
2014-06-09,85.24132537841797,85.86188965281117,85.06756620590099,85.63021320546953,528572,-0.004060418412697442,-0.0,0.007821113278863989,0.04781202507993587,0,6
2014-06-10,85.00138092041016,85.61367874177085,84.87727245503498,85.18341401767121,572455,-0.00281488417669018,-0.0,0.007941184519556515,0.04102656656885717,1,6
2014-06-11,84.43872833251953,84.72005553179791,83.80160885958865,84.72005553179791,561979,-0.00661933467195619,-1.0,0.007632863502544661,0.025454156875060585,2,6
2014-06-12,84.22359466552734,85.16685562523219,83.57820133370429,84.10775276421359,664877,-0.002547807993329654,-0.0,0.007775323607719564,0.02162379759585642,3,6
2014-06-13,84.20706176757812,84.34771803571589,83.69405803964803,84.1243154382761,442436,-0.00019629770036388994,-0.0,0.007798873770241116,0.0203488299547554,4,6
2014-06-16,83.40443420410156,84.10774474550733,83.25549673033855,84.04155357852045,578392,-0.009531594460473136,-1.0,0.0077779502300007585,0.021992416995434194,0,6
2014-06-17,82.7342300415039,83.70232007326044,82.51082747573065,83.5864781678756,1009188,-0.008035593898491955,-1.0,0.008096683145191423,0.014084305837902988,1,6
2014-06-18,83.01556396484375,83.30515772972072,82.41154004613027,82.84180476669994,829932,0.003400453756549293,0.0,0.008315843395095193,0.006543281633719866,2,6
2014-06-19,83.4954605102539,83.56165903594822,82.7921498555412,83.32170132087731,1900463,0.005780802086863934,1.0,0.008265222362083154,0.004505450964216617,3,6
2014-06-20,84.57940673828125,84.62077623128663,83.14795614789112,83.5947687164839,2017561,0.012982097726070174,1.0,0.00830531193421952,0.013763255953634701,4,6
2014-06-23,84.83589172363281,84.96828142866565,84.0663898814588,84.84416562094462,1281564,0.0030324755781891977,0.0,0.008609483593638449,0.019244294995218292,0,6
2014-06-24,84.5628433227539,85.10066867662489,84.05811355717462,84.76969809762066,534742,-0.0032185481325334164,-0.0,0.008618299837764116,0.022335128427999784,1,6
2014-06-25,83.72714233398438,85.39026911328259,83.65266991285743,84.52146583904825,1172264,-0.00988260275946351,-1.0,0.008628154983993705,0.014392173056415603,2,6
2014-06-26,83.05693054199219,83.70232392620498,82.51083127382898,83.69405002887116,773944,-0.00800471356491228,-1.0,0.008929516580996258,0.0029736567661453606,3,6
2014-06-27,84.16568756103516,84.18223535780416,82.22124061218497,82.65150537231332,1811999,0.013349361839014806,1.0,0.009088995773333969,-0.002385253490342798,4,6
2014-06-30,84.72834014892578,85.09240636579324,83.95883087614877,83.98365257074728,1512851,0.006685059009143179,1.0,0.008097644991681105,-0.011467295331422211,0,6
2014-07-01,86.4907455444336,86.68105253258102,84.20705433862064,85.34889626750518,1213819,0.020800659996526027,2.0,0.008222026382610074,-0.0017546015369123147,1,7
2014-07-02,87.13614654541016,87.14442044352874,85.84535965455444,86.4907530999823,973337,0.007462081600915216,1.0,0.009309583816355651,0.023900524309713678,2,7
2014-07-03,87.64087677001953,87.69879405711083,87.11131789586369,87.1195917940196,702590,0.005792432241037204,1.0,0.009386297984805564,0.027014143812800206,3,7
2014-07-07,86.8134536743164,87.54986003172058,86.34181941649858,87.06995187541709,744844,-0.00944106364743913,-1.0,0.008675030891425125,0.014948206762984473,0,7
2014-07-08,85.9612045288086,86.87964399174041,85.91156113839195,86.72243257404293,773594,-0.009817016941925272,-1.0,0.008934567919279228,0.0023886294367592154,1,7
2014-07-09,86.42455291748047,86.44937460925208,85.31579924870915,85.9446448324315,736812,0.0053902035367197065,1.0,0.008814899812521223,0.004350480135050683,2,7
2014-07-10,86.02737426757812,86.30870143922115,85.48954896135476,85.71295151057544,654284,-0.004595669129831337,-0.0,0.008825415330358842,0.0138809143782046,3,7
2014-07-11,86.54039001464844,86.66450582518671,85.38199292839377,85.94464735054383,550805,0.005963401201513285,1.0,0.008869259013755591,0.012070313870884641,4,7
2014-07-14,86.9623794555664,87.66569012408407,86.73896953052294,87.11958350557232,923867,0.004876213763845394,0.0,0.008781118763029578,0.024889783676662836,0,7
2014-07-15,86.99547576904297,88.40209711778459,86.8630860619976,87.17750886071386,639851,0.0003805819675561928,0.0,0.008771789931105256,0.03251802301855489,1,7
2014-07-16,88.05458068847656,88.3110788627927,87.34299610083585,87.63259721368277,759859,0.012174252857071854,1.0,0.008766911668669473,0.0331137786182496,2,7
2014-07-17,87.22715759277344,88.88201066218086,87.03685059199825,88.369006945469,1737503,-0.00939670701096651,-1.0,0.008669253995010274,0.055754187756918094,3,7
2014-07-18,85.63021850585938,87.85599230073822,84.09948144407022,86.87962837642901,2183431,-0.01830781984630858,-2.0,0.008757561746581146,0.05430554619310102,4,7
2014-07-21,86.79689025878906,86.87962922875742,85.28270097597637,85.92809433390367,1041082,0.013624533176332498,1.0,0.009864383545682868,0.03149595589235421,0,7
2014-07-22,87.3760757446289,87.76496355796147,86.80515486879753,87.10302247685932,608190,0.0066728829121984745,1.0,0.010177163078754733,0.03954023043120669,1,7
2014-07-23,87.40090942382812,87.50020353883308,86.58175685617941,87.30989655411368,580952,0.00028421600521166823,0.0,0.009923543818840542,0.033065602067906985,2,7
2014-07-24,87.78977966308594,88.1869486953139,87.10301693732526,87.58292492540764,705384,0.004449269942628176,0.0,0.009921790089664843,0.030235053207801288,3,7
2014-07-25,87.75670623779297,88.17869706332264,86.7058771448722,87.76498013546743,552085,-0.0003767343467531159,-0.0,0.009881774401328071,0.03816021568735195,4,7
2014-07-28,87.47537994384766,87.75669979216069,87.11958032584673,87.55811891451513,488065,-0.0032057526541960923,-0.0,0.009529806479004468,0.048127331131579965,0,7
2014-07-29,87.19403839111328,88.11247755452054,87.11129208602628,87.45881774974085,466415,-0.003216236990510657,-0.0,0.00932611030518196,0.053197841203890484,1,7
2014-07-30,87.59947967529297,87.90562853235863,87.05338047914611,87.54983629783676,618550,0.004649873909510438,0.0,0.009060471630150765,0.03598082446462558,2,7
2014-07-31,85.79571533203125,87.44228717210923,85.77916753597418,87.3099048036527,757997,-0.02059103946676133,-2.0,0.00901552357740512,0.03388641299145756,3,7
2014-08-01,85.40682220458984,86.33353546732417,84.56284791708002,85.4978350773368,811541,-0.004532780290208871,-0.0,0.009137854059543392,-0.008035891100571901,4,8
2014-08-04,86.14323425292969,86.21769933562528,84.94346759541158,85.39855403379585,509716,0.00862240309767981,1.0,0.008999340404858143,-0.019846233846467998,0,8
2014-08-05,85.16685485839844,86.29215623062562,84.9434523024878,86.10184926106572,541726,-0.011334371213233663,-1.0,0.009125118469809393,-0.017088401808437403,1,8
2014-08-06,85.18341827392578,85.54748448663874,84.57112777001565,84.85244765363319,550805,0.00019448194435356392,0.0,0.009223782933690921,-0.018967092613262904,2,8
2014-08-07,84.40562438964844,85.76260217272664,84.26496080393177,85.2744202449067,516118,-0.009130813250252334,-1.0,0.00899413730387233,-0.009048107912705494,3,8
2014-08-08,85.34062957763672,85.44819760091085,84.28980043135724,84.3725467603476,632518,0.011077522318559518,1.0,0.009084940729987927,-0.023360589782393637,4,8
2014-08-11,85.10066986083984,85.77915882243565,84.96828015778718,85.4068187528855,570709,-0.0028117875153308436,-0.0,0.009419776233236364,-0.007982862382912792,0,8
2014-08-12,85.0841293334961,85.44819553695307,84.90209623176762,85.12549882296977,411474,-0.00019436424379259964,-0.0,0.009320322477610289,-0.016636395486141153,1,8
2014-08-13,85.7708969116211,86.06876460006164,85.07586005851864,85.39028289169255,1064711,0.008071629615355791,1.0,0.009232353356425138,-0.021598421453382755,2,8
2014-08-14,86.83826446533203,87.169235059288,85.8370787860174,85.8370787860174,736696,0.012444402380573871,1.0,0.009440009270401686,-0.014076351058449399,3,8
2014-08-15,86.0108413696289,87.25197747184781,85.66332296708585,87.03684878171264,539863,-0.009528323726845644,-1.0,0.009458499747918842,-0.013813207826719132,4,8
2014-08-18,87.16922760009766,87.44227354051787,86.12667252276236,86.3997184631826,638687,0.0134679095335275,1.0,0.009464648252692654,-0.013944237743284016,0,8
2014-08-19,87.54158020019531,87.707065506738,86.87963897402456,87.09476766811676,407516,0.004271606051230448,0.0,0.009026295727534106,0.01797273347063766,1,8
2014-08-20,87.8311767578125,87.97183301522418,86.87963445764623,87.21060505352632,511811,0.0033081029261172734,0.0,0.008586426358186334,0.008579684585310776,2,8
2014-08-21,88.38555908203125,88.47657196389397,87.55813250669209,87.87255534012544,453378,0.006311908193458615,1.0,0.008495253099575795,0.005208531160333818,3,8
2014-08-22,87.88909912109375,88.22006973610706,87.52503291418797,88.22006973610706,553133,-0.005616980489728363,-1.0,0.008596562526444142,0.011265897170798622,4,8
2014-08-25,88.47657012939453,88.83236979525113,87.70706820651326,88.1207778115825,403908,0.006684230629004029,1.0,0.008649856612984166,0.0011313328087732,0,8
2014-08-26,88.06285095214844,88.76616161314507,87.70705867301,88.5344851412542,419156,-0.004676030915767182,-0.0,0.008767264554114517,0.008202950207029769,1,8
2014-08-27,87.51676177978516,89.08886857671959,87.45056324586548,88.26971591129254,691882,-0.006201129834645158,-1.0,0.008803510933686259,0.006715844031519369,2,8
2014-08-28,87.20233154296875,87.69878743899179,86.87963484315158,87.45055581695827,493187,-0.003592800172469768,-0.0,0.008887760065850117,0.003701209332962474,3,8
2014-08-29,88.72479248046875,88.79925755628791,87.12786416661932,87.12786416661932,489229,0.017458947605659025,2.0,0.008864025848678797,-0.004533681407656087,4,8
2014-09-02,88.16213989257812,89.09712697058337,87.98010681505383,88.74133471232936,561281,-0.006341548649037243,-1.0,0.008357367821235043,0.03414013318849207,1,9
2014-09-03,89.46118927001953,89.57703116819455,88.39381254125949,88.39381254125949,696887,0.014734775936975364,1.0,0.008433068410756795,0.03226109597413651,2,9
2014-09-04,89.34535217285156,89.92455434680724,88.89854704510431,89.46119407725138,678030,-0.001294830731775054,-0.0,0.00878752248670177,0.03851672212988677,3,9
2014-09-05,89.34535217285156,89.6184054660642,89.10540181521273,89.19642202896475,530551,0.0,0.0,0.00829432113680745,0.049062482363596116,4,9
2014-09-08,89.469482421875,89.68461847165011,89.03095112019528,89.34536660055007,430214,0.0013893307934282895,0.0,0.008296916581640721,0.04885849832349032,0,9
2014-09-09,89.56876373291016,89.99902107480932,89.22124536135948,89.54394204180562,449071,0.0011096667639924895,0.0,0.007878862417339965,0.05999431991462889,1,9
2014-09-10,88.6668701171875,89.8087119692308,88.33589954754044,89.6597744780853,399950,-0.010069287306588959,-1.0,0.007652752122398605,0.04954421096023198,2,9
2014-09-11,88.75787353515625,88.75787353515625,87.95526888698372,88.31934235327873,362120,0.0010263519829725176,0.0,0.008050258443996308,0.04190566610320756,3,9
2014-09-12,87.99665832519531,88.73306456318932,87.79807744569474,88.55103147797682,651025,-0.008576311933154002,-1.0,0.00803811410720707,0.0431777845109107,4,9
2014-09-15,87.59121704101562,88.39382181996615,87.37608836300255,88.22833652579214,363983,-0.004607462282049002,-0.0,0.008232679590616269,0.025950077400585636,0,9
2014-09-16,88.54276275634766,88.89855505042541,87.37609175453828,87.75670574149905,483293,0.010863483206158264,1.0,0.00790818216081359,0.008670746477023261,1,9
2014-09-17,87.80634307861328,88.79924738266519,87.59948097339463,88.42690735014035,503197,-0.00831710751742476,-1.0,0.007874744437044934,0.029437235427542063,2,9
2014-09-18,87.75670623779297,88.26970993774167,87.2188808448209,87.8311786649072,507271,-0.0005652990328486318,-0.0,0.007638517218374152,0.007308949454485125,3,9
2014-09-19,87.80634307861328,88.33589449012194,87.690501181456,88.18695700750342,630655,0.0005656187765958887,0.0,0.007587887732355965,0.0024574155173540113,4,9
2014-09-22,86.46593475341797,87.74016654932775,86.25080604596083,87.64087976806051,579905,-0.015265506775464233,-2.0,0.007554236935963642,-0.0002827433277786673,0,9
2014-09-23,85.19168853759766,86.40800294346714,85.07585396906812,86.32526396594604,775573,-0.014736973808866849,-1.0,0.008102288167118861,-0.02171875528706746,1,9
2014-09-24,85.95291900634766,85.99428849276681,84.91863775760584,85.01792452501185,607724,0.008935501594314,1.0,0.008591027890917242,-0.030691071025538585,2,9
2014-09-25,84.42218780517578,85.8205353286958,84.42218780517578,85.81226143083092,468161,-0.017808949583885902,-2.0,0.008710793946447403,-0.02852338330199855,3,9
2014-09-26,85.06757354736328,85.20822979836203,84.19877760979999,84.62903495600104,821318,0.007644740783985471,1.0,0.009405894466859218,-0.04134164528639794,4,9
2014-09-29,85.34062957763672,85.56403217423505,84.02502834428597,84.26497873707348,637523,0.0032098720921127644,0.0,0.00957791209020815,-0.027985361690880062,0,9
2014-09-30,84.19049072265625,85.23305312590905,84.18221682609315,85.23305312590905,472235,-0.013477037381522394,-1.0,0.009611716920859457,-0.02134922234750891,1,9
2014-10-01,83.7188720703125,84.78624891909264,83.65267354332185,84.2980669302285,857519,-0.005601804292807544,-1.0,0.008994772429794703,-0.051105239370502376,2,10
2014-10-02,84.52973937988281,84.86899119996392,83.34652802428185,83.71886808421709,641480,0.009685597637881349,1.0,0.008980232485314106,-0.05039882003408225,3,10
2014-10-03,84.82760620117188,85.17512453673027,84.02500887974209,85.03446095366277,941676,0.003523810950728512,0.0,0.008555484932466079,-0.05512390267082401,4,10
2014-10-06,83.9009017944336,85.34889256015346,83.38789813404563,85.23305800164374,543588,-0.010924561569503277,-1.0,0.008657974798858648,-0.05056498029063061,0,10
2014-10-07,81.88198852539062,83.57821101811555,81.82407124204434,83.57821101811555,1133620,-0.024063069953521254,-2.0,0.008831015313932775,-0.06093714161968811,1,10
2014-10-08,83.3713607788086,83.47064755567709,81.49310508789053,82.01438271058349,1061452,0.018189253586045062,2.0,0.009888648712106951,-0.08480538493234047,2,10
2014-10-09,81.45172882080078,83.63612590670083,81.41862588322095,83.46236671359314,664528,-0.023025076478009776,-2.0,0.010985628067292409,-0.06919156518205305,3,10
2014-10-10,81.95645904541016,82.85007670789868,81.58411161699969,81.67513183675618,726336,0.0061966790873133615,1.0,0.011720972017465726,-0.08137358730324817,4,10
2014-10-13,81.73304748535156,83.27205850867567,81.68340410177316,81.73304748535156,798504,-0.002725978680152674,-0.0,0.011884288730019923,-0.07662885802522201,0,10
2014-10-14,80.93045806884766,82.52738653107113,80.83943784190134,81.9150886808263,669998,-0.009819643842935766,-1.0,0.011833258504070746,-0.07118009887030385,1,10
2014-10-15,81.3110580444336,81.63375471003053,79.11010600987709,81.02145696545313,1118138,0.004702802686006757,0.0,0.011913293964395878,-0.07604368562488395,2,10
2014-10-16,81.09593200683594,81.3027867779238,79.85478868422193,79.85478868422193,961813,-0.002645716865227521,-0.0,0.011608927325101848,-0.08167471272400095,3,10
2014-10-17,81.64202880859375,82.20467582659474,81.3027843488496,81.60065197717763,485388,0.006733960486597246,1.0,0.01156899843462252,-0.07642285097523638,4,10
2014-10-20,81.86544036865234,81.90680985657416,81.17040357938967,81.3110671863679,522869,0.0027364773183475855,0.0,0.011776143498409103,-0.06967760859928329,0,10
2014-10-21,83.81816101074219,83.95882461769304,82.21295874729161,82.25432823520538,510530,0.023852808136088255,2.0,0.011821830528405814,-0.06765915196629968,1,10
2014-10-22,83.62783813476562,84.93517248888953,83.43753117846346,83.7602278189888,1058891,-0.0022706639430107867,-0.0,0.012871477687345955,-0.030622160625761508,2,10
2014-10-23,84.96002197265625,85.94466000839147,83.89264494973911,84.09949976573897,711320,0.015929908839013907,2.0,0.012508001576683471,-0.018356842430020115,3,10
2014-10-24,85.82881164550781,85.96120136312146,84.76143470258951,85.32408181739191,575831,0.010225864502850346,1.0,0.012868338871150211,-0.011551638329096003,4,10
2014-10-27,85.34062957763672,85.84535940554,84.95174167110216,85.81226381316165,661152,-0.005687857707821875,-1.0,0.012426685436256388,0.016661779052423498,0,10
2014-10-28,88.95647430419922,90.13969312747211,85.70469285166249,86.07703294924289,1669525,0.04236955767092243,4.0,0.012403327004275043,0.0032098720921127644,1,10
2014-10-29,88.28626251220703,89.41983799127925,87.66569810889797,89.25435268078793,995918,-0.007534154171851548,-1.0,0.015445071823184213,0.04236955767092243,2,10
2014-10-30,88.857177734375,88.88199942507131,87.93873109035064,88.28624945618596,1111620,0.006466637117966467,1.0,0.015198036213371777,0.048648864668614955,3,10
2014-10-31,90.42929077148438,90.57822827440128,89.56049479450569,90.44583856647026,1048997,0.01769258350528502,2.0,0.015109290864592555,0.061375715379287765,4,10
2014-11-03,83.76024627685547,86.87963802528313,82.45291163464013,86.705878822713,9688670,-0.07374872054986747,-7.0,0.01538629487701363,0.0697926130481552,0,11
2014-11-04,84.71177673339844,85.19995872363799,82.84180244244459,83.61957818943611,4204368,0.011360167846186098,1.0,0.022794155630308215,-0.012582695328984261,1,11
2014-11-05,84.57112884521484,85.1668715604888,83.69405889470217,84.85244873240897,1884865,-0.0016603109226033252,-0.0,0.022795972154610173,0.009664674891714187,2,11
2014-11-06,85.16685485839844,85.1916765481615,84.33115456282653,84.57111225995568,1495856,0.00704408255297051,1.0,0.02209195102560115,0.032841658687738695,3,11
2014-11-07,83.17276000976562,85.15030200518186,82.78386484912502,85.00963842350698,2302974,-0.023413977796271412,-2.0,0.021810059610645655,0.02153610140001727,4,11
2014-11-10,83.55339050292969,83.82643647631197,82.95764047365167,83.5120210142421,1384345,0.004576384060350769,0.0,0.021831854214535183,0.02112946175459607,0,11
2014-11-11,82.81697845458984,83.63612366583303,82.46118618052326,83.56993248853455,1301585,-0.008813670443619137,-1.0,0.021816276725047747,0.019485120222613617,1,11
2014-11-12,83.32170104980469,83.47891244425718,81.92335364213488,82.41153561985114,2177146,0.006094433830275525,1.0,0.021910619792467157,0.013261844536416545,2,11
2014-11-13,82.37845611572266,83.16451324146458,81.74961041512913,82.48602414810159,2153866,-0.01132051941088208,-1.0,0.021797631123420706,0.029546885536256395,3,11
2014-11-14,81.7826919555664,82.65149526799456,81.6089401107334,82.51083166460971,1766370,-0.0072320384266407745,-1.0,0.021964115542166193,0.013127342048676383,4,11
2014-11-17,82.80870056152344,82.94109026952324,81.53446891064074,81.76614538860743,1639960,0.012545547002958513,1.0,0.022023402398930234,0.008468488267359353,0,11
2014-11-18,83.7188720703125,83.85126177624993,82.74250809258419,83.0983003755109,1398895,0.01099125457370076,1.0,0.02214003620185888,0.01429008771529805,1,11
2014-11-19,83.52857208251953,84.24843060606571,83.4127301616112,83.82643976078536,1093694,-0.0022730835125578386,-0.0,0.022247015862454755,0.022639977178573467,2,11
2014-11-20,83.27206420898438,83.61130871608026,82.51911011432759,83.32170759596106,1154106,-0.0030708997788415626,-0.0,0.021645606271333166,-0.003454966378772517,3,11
2014-11-21,83.12312316894531,84.39736216490476,83.0321102966876,84.27324635469122,1681398,-0.001788607517465568,-0.0,0.021650625473100187,-0.004254252336499786,4,11
2014-11-24,84.11603546142578,84.19878178474806,83.13967146487796,83.3548074966895,1196825,0.011945079234600087,1.0,0.021342905415788746,-0.02162074303961614,0,11
2014-11-25,83.1810531616211,84.37254591156672,83.03211564937233,83.92573337482045,2116268,-0.011115387151519496,-1.0,0.021390629516744822,-0.01995572525408107,1,11
2014-11-26,84.52146911621094,84.76142683487069,82.88317131246211,83.09829999108783,1879744,0.016114438368379558,2.0,0.021486027491923004,-0.025305372443391705,2,11
2014-11-28,86.5817642211914,86.99548116285354,84.70350855792158,84.80280268137291,1317881,0.02437599732380069,2.0,0.019509528013640972,-0.04985590113230154,4,11
2014-12-01,86.08529663085938,87.07820833860258,85.58057422820211,86.58175248473097,1891034,-0.005734089560287758,-1.0,0.02030349066909786,-0.01930649505952242,0,12
2014-12-02,86.75553131103516,86.87964713961858,85.29099245632182,86.54867649542612,1830274,0.007785704486212186,1.0,0.020261923672991546,-0.03119479117153301,1,12
2014-12-03,87.51676177978516,87.7070687872206,86.23424876909877,86.82172493591847,1693736,0.008774431523228765,1.0,0.01990972785789303,-0.040625768809055884,2,12
2014-12-04,86.70587158203125,87.57466752232997,86.02738262407952,87.51675024232462,1962155,-0.009265541608981298,-1.0,0.011258834487953107,0.04484842953437784,3,12
2014-12-05,87.82291412353516,88.63378557419544,86.71416028072686,86.9541180349385,1644034,0.012883124534964097,1.0,0.0113148685723451,0.02353975947061704,4,12
2014-12-08,87.14440155029297,88.61721388044631,87.05338134267753,87.83116433742099,1651716,-0.007725917319115205,-1.0,0.011575090901470478,0.038450300034091445,0,12
2014-12-09,86.70587158203125,87.15268407191788,86.03565652122315,86.29216202876277,1251067,-0.005032221926598801,-1.0,0.011692607632471094,0.023219675015385688,1,12
2014-12-10,85.88673400878906,86.87964592751378,85.54748947062704,86.35009437380292,1407974,-0.009447313755069242,-1.0,0.010374879760791524,0.04247919116608356,2,12
2014-12-11,86.05221557617188,87.00375796046787,85.84536077246894,86.53212371743304,935274,0.0019267418803685654,0.0,0.010650716058885883,0.027926377275827807,3,12
2014-12-12,84.33116912841797,86.0770350903951,84.298073536351,85.43992289897257,1419964,-0.020000024824816554,-2.0,0.010392174457960751,0.039064901689886966,4,12
2014-12-15,83.86781311035156,84.9931072881995,83.40445279403787,84.59594550167013,1407625,-0.005494481137345741,-1.0,0.011376233098651137,0.012115308087743859,0,12
2014-12-16,84.31461334228516,86.3087107518822,83.3134276888703,83.89262988733178,1687102,0.005327433914912083,1.0,0.011138654397907198,0.018079447768925228,1,12
2014-12-17,85.68814849853516,86.03566691664422,82.65150296317483,83.73542770821868,2757632,0.016290594261210378,2.0,0.011015985820878035,0.030959134826405332,2,12
2014-12-18,88.07112121582031,88.12076459745367,85.81225182693775,85.81225182693775,2410993,0.027809828535691805,3.0,0.011231761482594034,0.034772287422532466,3,12
2014-12-19,87.54158020019531,88.9068321421614,87.1444184037106,88.2200692222159,2566969,-0.006012652141981323,-1.0,0.01246063433461715,0.051986476141872906,4,12
2014-12-22,88.65034484863281,89.37847734764982,87.54159095417943,87.54159095417943,1284358,0.012665577270845496,1.0,0.012558441131506972,0.04804353788918192,0,12
2014-12-23,88.64205169677734,89.01439914326514,87.97183658036128,88.99784399956066,1132688,-9.354900840630176e-05,-0.0,0.01269000834835907,0.06458685383552876,1,12
2014-12-24,89.10541534423828,89.75908268938478,88.24489319757623,88.73307523190141,913624,0.005227356977769215,1.0,0.012662980745228796,0.0663946242324771,2,12
2014-12-26,89.56876373291016,90.17278026058466,88.84890529870425,89.36190895899543,957506,0.0052000025686635976,1.0,0.01251344175252436,0.05931544271485012,4,12
2014-12-29,89.69287872314453,90.01556805262099,89.00610853526207,89.31225741886237,815033,0.0013856950242663313,0.0,0.012104659945108759,0.07679285520559254,0,12
2014-12-30,90.66924285888672,90.88437154580932,89.40328508225443,89.47775016109699,1181460,0.010885637183704722,1.0,0.011765167010795271,0.061184568382540494,1,12
2014-12-31,89.27915954589844,90.8264443701729,89.18814668166992,90.66095908716866,1040267,-0.015331365622538007,-2.0,0.010867843325151252,0.0472094634991842,2,12
2015-01-02,92.19170379638672,93.19288947454667,90.5947754586194,90.76026075540652,2407618,0.03262289055253631,3.0,0.011408922418936469,0.03710114316890367,4,1
2015-01-05,92.99429321289062,94.28507243598544,92.41509109587552,93.00256710895982,3527851,0.0087056577051281,1.0,0.013206463310893882,0.06266081716290617,0,1
2015-01-06,91.51322174072266,93.08532850516649,89.96593667046898,92.94466489004444,3318448,-0.015926477001952932,-2.0,0.013204963203855403,0.06258836960727998,1,1
2015-01-07,93.11840057373048,93.4493711087447,91.6869577860216,91.76970409379643,1896971,0.017540403479135103,2.0,0.013588187077552384,0.055444343860187484,2,1
2015-01-08,95.6255111694336,96.32054789527626,94.62432556481656,94.80635864310662,2350116,0.0269239009718385,3.0,0.013799737180171521,0.060297321069834764,3,1
2015-01-09,95.9813232421875,96.5108747927119,94.756734822347,95.60898311191744,2358846,0.0037208906744923276,0.0,0.014520609701665842,0.09732248392624498,4,1
2015-01-12,95.8489227294922,97.20590072124348,95.71653301975068,96.91630695698626,2146765,-0.0013794403767617425,-0.0,0.014357046856687768,0.1069760500750041,0,1
2015-01-13,95.865478515625,97.69409086748064,95.02978539557397,96.70117898372072,1733196,0.0001727279312206953,0.0,0.01405737062192973,0.11599217080118196,1,1
2015-01-14,94.9470443725586,96.03924309692675,94.36784941534124,94.76501125183056,1867754,-0.009580447073204934,-1.0,0.014083808002751726,0.11403846924506666,2,1
2015-01-15,95.08770751953124,95.8406616949177,94.7484629760625,95.24491894319078,1382948,0.001481490528769891,0.0,0.013312195159484555,0.12588317408448302,3,1
2015-01-16,96.84183502197266,96.92458134649758,94.57469154182506,95.15388642132308,1322304,0.018447468639215314,2.0,0.013103081595074945,0.13378069599140208,4,1
2015-01-20,96.99903869628906,98.04986770212824,96.54395231777433,97.56995963264708,1277490,0.001623303340759108,0.0,0.013375463982264134,0.14857711116852013,1,1
2015-01-21,95.97303771972656,97.13143481096726,95.61724542962352,96.8914770863575,1028045,-0.010577434481335302,-1.0,0.01323194679504123,0.13200063714700594,2,1
2015-01-22,98.35601043701172,98.6373302650848,95.74134893138084,96.30399593557009,1195777,0.0248296060425246,2.0,0.012710203531196528,0.08972199280332105,3,1
2015-01-23,97.04869842529295,98.5297923681588,96.93286384793832,98.51324457139388,1152476,-0.013291633179407847,-1.0,0.013244686391462169,0.12353478440856702,4,1
2015-01-26,96.96595001220705,97.07351068071968,95.9978599073289,96.80873861018296,1089853,-0.000852648355192609,-0.0,0.013758006003663075,0.09473571243292978,0,1
2015-01-27,96.22126007080078,96.50258727746429,95.61724351866827,96.02267918587992,1458841,-0.00767991177637628,-1.0,0.013771417815160725,0.09390462152098777,1,1
2015-01-28,95.559326171875,97.09833721401644,95.31936845222462,96.41984823797418,2175749,-0.006879289446414694,-1.0,0.014017207023891112,0.07985872350262957,2,1
2015-01-29,96.08060455322266,96.1716174249901,94.7898177692605,95.89857146164388,1584670,0.005455023619673538,1.0,0.014201705907945514,0.06688227222638043,3,1
2015-01-30,94.97184753417967,95.90684199966684,94.86428687131308,95.4765773040694,1515062,-0.011539863057676736,-1.0,0.01420371962031086,0.07121775910209283,4,1
2015-02-02,95.56759643554688,95.57587033259652,93.29217187428638,93.76380605024649,1685705,0.006272899989155256,1.0,0.014451789217446899,0.04745385027632043,0,2
2015-02-03,96.71771240234376,96.75080799060684,95.07114075386215,95.54277493074213,1464778,0.012034580858927058,1.0,0.013891358553543218,0.07043566406352153,1,2
2015-02-04,96.8501205444336,97.16454338888872,95.80756522737398,96.4529587135666,1910008,0.0013690164789983417,0.0,0.012363697765253619,0.04909344788716696,2,2
2015-02-05,95.98959350585938,97.1562645917598,95.59243169501674,97.1562645917598,1364557,-0.008885141636756355,-1.0,0.012278702312361972,0.04146305325119126,3,2
2015-02-06,95.27799987792967,96.33710283895782,94.92220759177248,95.7579079737829,785584,-0.007413237226452707,-1.0,0.011853242757095851,0.04891502757731847,4,2
2015-02-09,94.01204681396484,95.34419580500398,93.50731700064892,95.06287592987402,1379689,-0.013286939960817534,-1.0,0.011499053636132217,0.023191971628520713,0,2
2015-02-10,95.4765853881836,95.60897510173422,94.21890147956334,94.3761128866464,943538,0.01557820113327435,2.0,0.010276405623952656,-0.016872739666823233,1,2
2015-02-11,96.5853271484375,96.71770949751394,95.10423348575476,95.10423348575476,1127450,0.01161270855829244,1.0,0.010844935439586608,-0.005258709058743816,2,2
2015-02-12,96.67634582519533,96.89147450342048,95.71652964843103,96.56877781206084,1009188,0.000942365465283812,0.0,0.011140560859296537,0.0076829702199534555,3,2
2015-02-13,96.72599792480467,96.84183984569204,95.9647699110878,96.6349850461424,1101959,0.0005135909842839403,0.0,0.011140961077191869,0.008458386920148442,4,2
2015-02-17,97.02387237548828,97.24727496983304,95.89030425969784,95.89030425969784,910714,0.003079569682136407,0.0,0.010901285633431842,0.018736270981387415,1,2
2015-02-18,96.8087387084961,97.50377549792138,96.3784739898764,96.85010819642758,5651104,-0.002217327155935478,-0.0,0.010910823408052465,0.020361883848754703,2,2
2015-02-19,96.92457580566406,97.02386257176516,95.60069347329988,95.80754825072088,1756243,0.001196556206736421,0.0,0.010166653002069176,-0.0003417563645820021,3,2
2015-02-20,100.18463134765624,101.77328574467874,97.62788688861312,100.29219201140718,3509809,0.03363497353373668,3.0,0.010163740860503376,-0.0007676662740766504,4,2
2015-02-23,101.69054412841795,103.06406991343007,101.16099263824836,102.31111584016934,2827356,0.01503137517705655,2.0,0.012229639148944284,0.04388309183490624,0,2
2015-02-24,101.11962127685548,102.6917279230496,100.54870030929148,102.23664151966028,1798846,-0.0056143160257013935,-1.0,0.011483996320118369,0.03390269365939469,1,2
2015-02-25,101.27681732177734,101.32646069889722,100.04395535366724,101.2354478408441,1428461,0.0015545553171276705,0.0,0.011100307218543663,0.04194721740339746,2,2
2015-02-26,103.022705078125,103.072348465933,101.30166082033764,101.988423743859,1909309,0.017238769962533596,2.0,0.011081607620264246,0.044457536991362456,3,2
2015-02-27,101.7981185913086,102.99788525476794,101.65745497525366,102.99788525476794,1648457,-0.011886568945047249,-1.0,0.011310266917021193,0.07068547015825444,4,2
2015-03-02,102.07115173339844,103.17163148096266,101.57470321268308,101.79810578180935,966586,0.0026821040100553084,0.0,0.011585428453121665,0.06528711188494962,0,3
2015-03-03,102.48487091064452,102.79101980539448,101.3926723839106,102.39385069272817,1320674,0.004053242960623038,0.0,0.011572795804364603,0.06234918283489144,1,3
2015-03-04,102.51795196533205,103.50258968807525,101.65743003195342,101.93875719503512,1284358,0.0003227896409838671,0.0,0.0110868213390282,0.07910789956740572,2,3
2015-03-05,102.00495910644533,102.96477524200768,101.77328264353596,102.89857671828824,973104,-0.005003931985104404,-1.0,0.011093542131436603,0.07272711451388925,3,3
2015-03-06,100.69761657714844,101.75671931453272,100.09359279914698,101.35955027698184,1522046,-0.01281646050102958,-1.0,0.01105397640548805,0.05466678825184279,4,3
2015-03-09,100.25910186767578,101.1196239646371,99.89503567450492,100.96241256103455,1080890,-0.004354767514648139,-0.0,0.01155475147000018,0.03972629059299582,0,3
2015-03-10,100.38321685791016,100.95413783597016,99.3654833656875,99.38203116087382,1008373,0.0012379423705408676,0.0,0.011383960759835625,0.044478866988386434,1,3
2015-03-11,100.3170166015625,101.37611956351212,100.15153130450511,100.42458461646515,787330,-0.0006594753427892064,-0.0,0.011175761911591073,0.05358232736330848,2,3
2015-03-12,102.83238983154295,102.83238983154295,100.96240821222554,101.29337880049644,838313,0.025074242787452183,3.0,0.010606399418911033,0.06706555171673068,3,3
2015-03-13,102.37730407714844,103.07234084726362,101.84775260220565,102.45177650140012,705500,-0.004425509852878262,-0.0,0.01133987250928892,0.07704301964143911,4,3
2015-03-16,103.9825210571289,104.47896962999152,102.931684581647,103.08889599066974,993008,0.015679422255257203,2.0,0.011313364239185907,0.05996746192938307,0,3
2015-03-17,103.65155029296876,103.7425631702454,103.01443075985487,103.51916057797656,927242,-0.003182946141287557,-0.0,0.011642231314981294,0.07557355596729098,1,3
2015-03-18,104.92576599121094,105.46359131895508,103.41157676803046,103.65980836424666,945866,0.0122932623259433,1.0,0.011717961428415406,0.07159969932332011,2,3
2015-03-19,104.4706802368164,104.99195777424548,104.07351849821612,104.61961772580231,680242,-0.004337216412912848,-0.0,0.011878211317913024,0.08144277714603931,3,3
2015-03-20,104.91749572753906,105.34775306541567,104.05697370374234,105.34775306541567,1431371,0.004276946313643171,0.0,0.011940765906947594,0.07914514361551017,4,3
2015-03-23,106.0593490600586,106.431689133683,104.55343362296009,105.09953288747876,940046,0.010883345285755075,1.0,0.01192737671035651,0.08246535881571448,0,3
2015-03-24,105.9931640625,107.69766059988648,105.91042507915344,106.12555378389922,1339182,-0.0006240373728968462,-0.0,0.009956928506106784,0.05863891131181753,1,3
2015-03-25,104.99197387695312,107.11018728646108,104.8182146711605,106.05935815371733,1449646,-0.009445799589080206,-1.0,0.009571133546794229,0.04231091465739989,2,3
2015-03-26,104.09008026123048,104.37140748352022,102.74965002850584,104.02388907859488,1459772,-0.008590119629331205,-1.0,0.009758596793115245,0.03829476961247247,3,3
2015-03-27,105.20709991455078,105.38085910381729,104.39622124862588,104.77683521596322,1201597,0.01073127862440848,1.0,0.010020808542643037,0.027777955645217567,4,3
2015-03-30,105.31465911865234,105.77801939962274,104.64444406247785,105.2236462507017,682570,0.0010223568959597529,0.0,0.009596643526841614,0.021203042909514913,0,3
2015-03-31,104.33003997802734,108.54990430434134,104.08180834233568,107.43288398786213,1326844,-0.0093493075784985,-1.0,0.009129066013610609,0.03454425853842835,1,3
2015-04-01,104.15626525878906,104.15626525878906,103.19644914701736,104.15626525878906,1002088,-0.00166562496549294,-0.0,0.009434019140704603,0.022130525680056357,2,4
2015-04-02,103.6019058227539,104.64446111378388,103.35368152167072,104.4624280001776,924449,-0.005322382044496088,-1.0,0.009426591516140585,0.01630869350073949,3,4
2015-04-06,104.11490631103516,104.65273908463,102.18700720762092,102.79103116662088,1020013,0.0049516510744398445,0.0,0.009521276392472553,0.010573307763584783,0,4
2015-04-07,103.0640640258789,104.41276804106307,103.02269454027046,103.99078459176974,710040,-0.01009310119356921,-1.0,0.009478989562403789,0.02068475124222191,1,4
2015-04-08,103.9246063232422,104.10663944344398,102.61727888689204,103.030988519702,764399,0.008349586303400658,1.0,0.009297140071891188,0.023500530888111326,2,4
2015-04-09,104.3134765625,104.56170081297896,103.26264023921922,103.89975968097733,523567,0.0037418495293430887,0.0,0.009334458762329486,0.03656031609383681,3,4
2015-04-10,104.3134765625,104.48723574224827,103.77564388171618,104.3134765625,512975,0.0,0.0,0.009343543544495483,0.03915255784393734,4,4
2015-04-13,103.57707214355467,104.56171003161953,103.47778537382683,104.03215854893917,425209,-0.007059532892704445,-1.0,0.009335715427390905,0.039838305566946675,0,4
2015-04-14,102.98960876464844,103.5439819687532,102.741377131259,103.32057937713816,602719,-0.005671751158326188,-1.0,0.007865674432320707,0.007241709671744756,1,4
2015-04-15,103.75910949707033,104.76029522120446,103.00615540353756,103.00615540353756,915253,0.007471634678993144,1.0,0.007908274718089752,0.005980863561699135,2,4
2015-04-16,103.83357238769533,103.9576808435516,103.03096763294006,103.59361467695268,433823,0.0007176515969145036,0.0,0.007289509379299408,-0.002148549177181769,3,4
2015-04-17,102.93995666503906,103.68464420729488,102.46005589652827,103.28748241678792,581418,-0.008606231126476738,-1.0,0.007256032256190254,0.0017560962109306466,4,4
2015-04-20,103.71773529052734,103.79220036749427,102.95650733380089,103.46123712181956,429632,0.007555653321470901,1.0,0.006927059543611967,-0.01892585017047399,0,4
2015-04-21,104.18109130859376,104.56997916841108,103.85839462558154,104.08179719534245,564656,0.004467471419121294,0.0,0.007114467449572501,-0.007207236945162676,1,4
2015-04-22,104.4706802368164,104.90921880705514,103.45294685211532,104.36311957946891,1372007,0.002779668791958123,0.0,0.007120741843757679,-0.007018890546698464,2,4
2015-04-23,104.56998443603516,104.86785944275064,103.99078956568304,104.46241642026456,3178768,0.0009505461148873184,0.0,0.006690319985505794,-0.014979055003841002,3,4
2015-04-24,105.02507019042967,105.9104139595084,103.5605242065572,104.48724481100967,1314738,0.004351973052773017,0.0,0.006699996138088336,-0.013427088803818044,4,4
2015-04-27,103.93286895751952,107.01089121792393,103.53570716522356,105.91041871725024,1982874,-0.010399433496495636,-1.0,0.006463813027364296,0.0003152270812178948,0,4
2015-04-28,102.1539077758789,104.18110092926158,99.50615023851095,103.74256229829967,3355463,-0.01711644448463867,-2.0,0.006595248692632112,-0.0015103389613728702,1,4
2015-04-29,99.82882690429688,102.25318889092075,98.81110085617992,101.85601979980528,1473740,-0.022760567091404393,-2.0,0.0070992120289793785,-0.029020780357520315,2,4
2015-04-30,98.92694854736328,100.2260093037181,98.24018562858714,100.05225009954636,1614817,-0.00903424777091888,-1.0,0.008463233098136026,-0.05208992043714333,3,4
2015-05-01,99.10069274902344,99.7957294604912,97.93402188390448,99.04277547241551,1625642,0.0017562878893102596,0.0,0.008450772580604535,-0.051788453563345604,4,5
2015-05-04,98.6208038330078,99.7709271279558,98.3560317405291,98.73664575674236,1371425,-0.004842437552187273,-0.0,0.008500405981907747,-0.04853834281792302,0,5
2015-05-05,97.05697631835938,98.35603720223293,96.99078512857528,97.86785513343996,1467222,-0.015856973923031648,-2.0,0.00849260524177891,-0.048079250571586685,1,5
2015-05-06,96.98249816894533,97.66926106264737,96.57706249002872,97.14798346916426,1154455,-0.0007673652347230941,-0.0,0.008811063764765075,-0.06778981264787165,2,5
2015-05-07,97.9588623046875,98.3477501889013,96.99077219491878,96.99077219491878,973337,0.010067426125086376,1.0,0.008685683875896149,-0.0590076270949933,3,5
2015-05-08,97.96713256835938,99.29100757471184,97.79337337674706,98.97658478073836,841223,8.442588528789763e-05,0.0,0.008803779863185597,-0.05740453805520451,4,5
2015-05-11,97.18934631347656,98.09123783139796,97.13970293121764,97.73544556245528,994056,-0.007939257121158394,-1.0,0.00870404453876892,-0.06083915715663235,0,5
2015-05-12,96.2295379638672,97.12316300518248,96.13025119130604,96.4860434890718,1093229,-0.009875653927268635,-1.0,0.008741924975293849,-0.06829539656608963,1,5
2015-05-13,96.44467163085938,97.33828930217436,95.98131132615964,96.63497862163656,1494110,0.0022356302601489464,0.0,0.008823277802547809,-0.07093784394198754,2,5
2015-05-14,97.3796615600586,97.40448325329515,96.5274133520489,96.98249977218516,2382592,0.009694573203358203,1.0,0.008892640960416835,-0.06354949020872125,3,5
2015-05-15,97.04869842529295,97.66099629777514,96.93286384793832,97.61962680586277,1193449,-0.0033986884885763846,-0.0,0.009036635634367827,-0.061483256438239375,4,5
2015-05-18,98.24845886230467,98.42221806530176,97.0238705434703,97.30519776662528,2338709,0.01236245778128886,1.0,0.00899702232228542,-0.06534374004843935,0,5
2015-05-19,97.91748046875,98.77800251747924,97.8761109827639,98.6207911226884,2254784,-0.003368789672503092,-0.0,0.009512787350718864,-0.045575090127541684,1,5
2015-05-20,98.91867065429688,99.73782325460644,98.058148566104,98.24018166083458,2014418,0.010224836063529974,1.0,0.009249077262077797,-0.05592346193763342,2,5
2015-05-21,99.58887481689452,99.7543600983041,98.62078481844205,98.91865979458792,1258866,0.006775304987062469,1.0,0.009552379875092333,-0.05051224351940342,3,5
2015-05-22,100.46595001220705,103.80047750990676,99.16689672904836,99.64679745773113,2911746,0.008806959581832086,1.0,0.009699815076883651,-0.04672895216969686,4,5
2015-05-26,99.1420669555664,100.56524338098014,98.8938426959493,99.91985001871468,1597706,-0.013177430328183637,-1.0,0.009976240282564088,-0.039246772828378185,1,5
2015-05-27,98.8359375,99.65508280051348,98.7035477829316,99.07588789190036,1082287,-0.0030877856894350186,-0.0,0.010162359072180379,-0.056015227832709846,2,5
2015-05-28,98.3891143798828,99.15861620926194,98.04159600247732,98.83592687142286,989167,-0.004520856799857809,-0.0,0.010009184308931569,-0.049040611585568605,3,5
2015-05-29,97.59478759765624,98.860752702676,97.37965891407391,98.52978210575984,1443127,-0.008073319769498544,-1.0,0.009440939529435406,-0.0368541299884082,4,5
2015-06-01,98.19882202148438,98.36430733765845,97.39621713583348,97.75200946340098,999178,0.006189207832679733,1.0,0.008278635881614675,-0.02237869937891135,0,6
2015-06-02,97.63617706298828,98.00851719567189,97.23073398789586,97.8099362814436,896978,-0.005729650793295571,-1.0,0.008210272229043839,-0.007360244468981092,1,6
2015-06-03,97.11487579345705,97.87610367090824,96.75908354446877,97.5782286979738,1171100,-0.005339222460491566,-1.0,0.008277869023003436,-0.01477805699849244,2,6
2015-06-04,99.0676040649414,99.3572051642454,96.5025857015106,96.5025857015106,2273176,0.02010740636313435,2.0,0.00829107030266566,-0.015269882023074,3,6
2015-06-05,98.75318145751952,99.15861711886384,98.20708219487912,98.77800314926996,1626806,-0.003173818630112235,-0.0,0.008707580188147957,0.02071595286450001,4,6
2015-06-08,99.72955322265624,100.11844111992109,98.67045020352752,99.12552928397128,1604807,0.009886990481989821,1.0,0.00874792090110592,0.01825776116314959,0,6
2015-06-09,99.21654510498048,99.6550763701645,98.95176568792884,99.58061129239348,1460587,-0.005143992939890207,-1.0,0.008738548291373441,0.018075862421321753,1,6
2015-06-10,99.8619384765625,100.374942167418,99.11725095884066,99.17517558957924,1437540,0.006504896647017144,1.0,0.008836570566342166,0.012753384771666099,2,6
2015-06-11,100.2342758178711,100.5486986114093,99.99431810004488,100.11843390760863,1051674,0.0037285210660713552,0.0,0.008696371422226687,0.027498818177721818,3,6
2015-06-12,99.19173431396484,100.18464621496751,99.16691261864648,99.53097884607186,826673,-0.010401047899029847,-1.0,0.008318505903323989,0.041616513377707554,4,6
2015-06-15,98.70353698730467,98.89384397000636,98.01677413092936,98.55459949039825,1096372,-0.0049217541162746015,-0.0,0.008744939502162945,0.028483301738221556,0,6
2015-06-16,99.6881866455078,99.94468483586394,98.64563139171608,98.96832076718488,1106731,0.009975829521993385,1.0,0.008630550962988355,0.013594988995002666,1,6
2015-06-17,99.3572235107422,100.0688081965017,99.02625286415008,99.99433575959368,736579,-0.0033199834995746302,-0.0,0.008806318432107187,0.02719756434700349,2,6
2015-06-18,99.48958587646484,100.0853358597007,99.24963551257704,99.68817410290586,799202,0.0013321866397397741,0.0,0.008481641365524553,0.011285313390935414,3,6
2015-06-19,100.14327239990234,100.55698937850696,99.36549653091949,99.82884955361544,908735,0.006570401491560851,1.0,0.008434428638860944,0.016055411150173393,4,6
2015-06-22,99.91985321044922,101.35957012791307,99.63852600559233,101.09479806573349,743214,-0.0022309954937456133,-0.0,0.008266109224544306,0.012379884783179529,0,6
2015-06-23,99.20826721191406,100.20945286099985,98.93521390832932,99.87848227703688,985559,-0.007121567693223363,-1.0,0.008163707365782136,0.0033234474650229995,1,6
2015-06-24,98.15745544433594,99.0841688336035,98.15745544433594,99.04279934034268,1003135,-0.01059197783722532,-1.0,0.008062370200955042,-0.012518498059692518,2,6
2015-06-25,100.07705688476562,100.9954961562691,98.0581379187504,98.51322428018462,1544395,0.019556348845231275,2.0,0.00787783212501854,-0.009931319181309295,3,6
2015-06-26,100.63143157958984,100.75554737974744,99.91984706196143,100.36665953370276,1453370,0.005539478398755904,1.0,0.008971875296858091,0.012557369476721147,4,6
2015-06-29,98.7862777709961,100.38321343242194,98.7035387978879,99.87848365233064,1359668,-0.018335760305013715,-2.0,0.008951512951687288,0.022790297624281974,0,6
2015-06-30,100.30047607421876,100.35011946251984,98.90212851938242,99.46477563092812,1446386,0.01532802265040134,2.0,0.009724746667145547,0.012208543126830618,1,6
2015-07-01,101.1030731201172,102.05460806265154,99.90330655915206,100.64798671835666,1648108,0.008001926584122465,1.0,0.010180111102261843,0.021402029163594127,2,7
2015-07-02,99.9115753173828,101.05342453773429,99.630248123777,100.87139145600212,1512269,-0.01178498106896142,-1.0,0.01016330966071796,0.03550831424803036,3,7
2015-07-06,99.48131561279295,99.48131561279295,98.59597185074482,98.86075126364118,1607135,-0.004306404970826128,-0.0,0.010479330821322467,0.02879784895028581,0,7
2015-07-07,99.75436401367188,99.94467099255596,98.37256443148134,99.8040073956303,1602595,0.002744720445210902,0.0,0.009619739283336187,0.004176052825304533,1,7
2015-07-08,97.6609878540039,99.49787396458848,97.43758526894771,99.13380042310312,1406927,-0.020985309067591884,-2.0,0.009601326996337376,0.01013823090431809,2,7
2015-07-09,98.82765197753906,99.33238174420842,98.5132291920016,98.5545986774556,1275628,0.011946061054381563,1.0,0.010424319852185828,-0.020741749078470706,3,7
2015-07-10,99.5061492919922,100.2921989738387,99.406855170516,99.82883865369026,772780,0.006865460231791687,1.0,0.010742428661023196,-0.0039196398849600245,4,7
2015-07-13,101.07825469970705,101.25201389901548,99.84539250918938,100.15153407136587,751246,0.015799077935391148,2.0,0.010753848872785746,-0.003562810716455367,0,7
2015-07-14,102.38558197021484,102.76620330759614,100.987234478056,101.18581537040392,957157,0.012933813255796123,1.0,0.011279290133082601,0.008420062647726212,1,7
2015-07-15,101.57471466064452,102.59244820409728,101.11962822598085,102.29457317966126,752875,-0.007919741178071482,-1.0,0.011305203776444972,0.032198727830897056,2,7
2015-07-16,102.34420776367188,102.44350187929037,101.1692629110648,101.70708827955907,714580,0.007575636373660322,1.0,0.011409741430068671,0.02908890360949412,3,7
2015-07-17,101.194091796875,102.14563414204063,101.1361745116724,101.9966966320468,1420080,-0.011237724067908794,-1.0,0.011331592277416898,0.026643288513301222,4,7
2015-07-20,101.30165100097656,101.56642305833202,99.98604256723428,101.19408298977498,658242,0.0010629000388429066,0.0,0.011621506349943272,0.018487516269355186,0,7
2015-07-21,100.17635345458984,101.65744723742309,99.65507586868384,101.50850973458653,1136646,-0.011108383084258655,-1.0,0.01162119715208624,0.018213616114170383,1,7
2015-07-22,100.26738739013672,100.5073377981683,99.8536777630354,99.91159505337698,766960,0.0009087367667874879,0.0,0.01183018828222266,0.0003303372647480707,2,7
2015-07-23,101.59125518798828,102.66690594054764,100.18463384263468,100.18463384263468,1140720,0.013203373821843334,1.0,0.011819324525501728,0.003478129405930286,3,7
2015-07-24,101.09480285644533,101.5581558242281,100.87140027026275,101.34302713575435,614359,-0.0048867624543500465,-0.0,0.012017574357587109,0.02402005440720001,4,7
2015-07-27,100.7059097290039,101.1940843645168,100.20117995089043,100.94586009812116,1341976,-0.003846816220549387,-0.0,0.011800195754198281,0.02992485286841129,0,7
2015-07-28,101.11962127685548,101.34302385580764,97.51204768363682,100.86311576009518,2962264,0.00410811588877813,0.0,0.011090607593689903,0.006283686429371826,1,7
2015-07-29,104.52034759521484,104.93405719307778,101.54988593567728,101.6822756522894,2120692,0.03363072641508924,3.0,0.011061525225946563,0.0048512645562388546,2,7
2015-07-30,103.94113159179688,104.87612603439698,103.3371150709694,104.4789569370959,1285289,-0.005541657837392133,-1.0,0.012416430395266938,0.058045205807949696,3,7
2015-07-31,105.32293701171876,105.90213922191772,104.16454728740857,104.22246456921091,1472926,0.013294115609098656,1.0,0.012193689012195374,0.03629748990308035,4,7
2015-08-03,105.37258911132812,106.60545127628104,104.99196778184267,105.76147699027727,1573030,0.0004714272220098792,0.0,0.012382163242943884,0.04173823565766477,0,8
2015-08-04,105.09125518798828,105.72837464756428,104.76855850971069,105.47186914512062,1011283,-0.0026698966563554194,-0.0,0.011981205677367655,0.054658469517647745,1,8
2015-08-05,105.36432647705078,105.83595338149274,104.0900873403019,105.49670885132517,1200200,0.002598420663774803,0.0,0.011939250985949409,0.05639189168979897,2,8
2015-08-06,103.84185028076172,105.59599000480202,103.32057270197492,105.50497713367174,1069716,-0.014449636297164337,-1.0,0.011939255996623434,0.056237764822098635,3,8
2015-08-07,103.2130126953125,103.91632341896654,102.0546155365699,103.89150172491443,781859,-0.006055724004811247,-1.0,0.011362898020300266,0.06328896074651369,4,8
2015-08-10,103.58534240722656,104.15627070530913,103.37021373231906,103.80047843017776,519610,0.0036073911824781035,0.0,0.011332257162668205,0.044373822811960784,0,8
2015-08-11,103.00615692138672,103.58535182125097,102.16218259138525,103.27921024946298,568847,-0.0055913845760424685,-1.0,0.011286397492578622,0.04099438219907725,1,8
2015-08-12,102.559326171875,102.72481144930606,101.3430119545718,102.33592361915814,868344,-0.004337903314388658,-0.0,0.010936217588080475,0.019073362786162784,2,8
2015-08-13,102.4435043334961,103.31230031080707,102.25319734304168,102.75791978639212,876259,-0.0011293155162194202,-0.0,0.010635758417955417,0.0016969596530760356,3,8
2015-08-14,102.6503448486328,103.16334846620624,102.04632102321176,102.6089753669034,811657,0.002019069110163807,0.0,0.010480753474198001,0.00855320810650717,4,8
2015-08-17,103.22956085205078,103.30403328251174,101.65745409085766,102.41868210329316,1068436,0.005642611374292894,1.0,0.010361523191652502,0.0029912497409509964,0,8
2015-08-18,103.56053161621094,104.69410708646288,103.37022461283335,103.7508386195885,1331267,0.003206162667247048,0.0,0.010081412446059881,0.020114504898779417,1,8
2015-08-19,103.62672424316406,104.1314540400692,102.50969663268604,103.01442642959115,810493,0.0006391684739359693,0.0,0.01009295893935129,0.022298556765008692,2,8
2015-08-20,101.07825469970705,103.27920700696212,101.07825469970705,102.82412059047078,857402,-0.024592783011040065,-2.0,0.009700471798876002,0.034442966524413254,3,8
2015-08-21,99.53923797607422,101.07824898987496,99.2082673915121,100.49077289565751,1685705,-0.015225992259216281,-2.0,0.011268457517297487,0.008087049345519182,4,8
2015-08-24,95.46002960205078,97.9671306596355,95.01321711173428,96.28745605742743,2407268,-0.04098090820229039,-4.0,0.011366196157704614,-0.02019875832931617,0,8
2015-08-25,94.9552993774414,97.73544637577282,94.69052732181363,97.73544637577282,1739365,-0.005287346198335263,-1.0,0.014338116285441583,-0.05573751661987936,1,8
2015-08-26,97.47067260742188,97.56168547405468,95.17042637809314,96.48603478013337,1287384,0.02649007739928244,3.0,0.014347677616681636,-0.057103007827814634,2,8
2015-08-27,99.1420669555664,99.58060554347702,97.61133721651436,98.08296404459124,1175989,0.01714766404533119,2.0,0.01565064831578555,-0.03608546613760699,3,8
2015-08-28,98.96831512451172,99.52269566040049,98.34775075532828,98.98487026789051,835170,-0.0017525540508708248,-0.0,0.014133555132646101,-0.051456781032506504,4,8
2015-08-31,97.47895050048828,99.72954609223584,97.29691741171683,98.91866741604824,777203,-0.015048903501587052,-2.0,0.014115838840730022,-0.04784262390768135,0,8
2015-09-01,95.7744598388672,96.68462533654886,95.2283605402582,95.73309034989173,2302159,-0.01748573053843605,-2.0,0.013910188474121465,-0.07447557705647456,1,9
2015-09-02,96.29573822021484,96.68462611580716,94.96358188011372,96.41158013832408,1270972,0.005442770256544938,1.0,0.014197290409510501,-0.09108753380179657,2,9
2015-09-03,97.23899841308594,99.01796726532504,96.50259211805329,96.57706454616157,923168,0.009795451079195105,1.0,0.014357361261528789,-0.08369408997960803,3,9
2015-09-04,96.3040008544922,96.98248979198029,95.70825088594486,96.1798850530376,1094975,-0.009615458549066092,-1.0,0.014607823145869033,-0.07711649982154645,4,9
2015-09-08,98.12433624267578,98.36429395991806,96.69289322867836,97.44585462148623,1042362,0.01890197055191889,2.0,0.014467565762518174,-0.07258970642269091,1,9
2015-09-09,97.2224578857422,101.91396402574752,97.00732917920791,98.75319522278194,1111853,-0.009191179186202159,-1.0,0.015249501837790145,-0.04930266368310188,2,9
2015-09-10,97.23899841308594,97.6444414486785,96.68462521736522,96.95767854035525,966120,0.0001701307260013607,0.0,0.015257641750879358,-0.0614264950389396,3,9
2015-09-11,98.06641387939452,98.06641387939452,95.98957759292108,96.75908674041136,1177153,0.008509090794966756,1.0,0.015258676193050548,-0.055988483413687784,4,9
2015-09-14,97.87610626220705,98.43875328861256,97.40447210058136,98.3229187334382,823646,-0.0019405993311993885,-0.0,0.015443124397756788,-0.04380793497951607,0,9
2015-09-15,99.24137115478516,99.60543735818256,97.58651809566574,98.21536372773998,886735,0.013948908929014792,1.0,0.015441808806296807,-0.0445845551751165,1,9
2015-09-16,99.20000457763672,99.8536719225815,98.75319203414364,99.49787960663213,779996,-0.0004168279485369242,-0.0,0.01581414185447437,-0.033209568841434334,2,9
2015-09-17,99.66334533691406,100.80519457588548,98.86074792402503,99.37375158964356,763118,0.004670773567502451,0.0,0.01573262038507338,-0.03903490667938858,3,9
2015-09-18,98.79454803466795,99.56405719649068,98.46358480636418,98.57114546744876,1587812,-0.008717320287705776,-1.0,0.015759032981549844,-0.037631964788859995,4,9
2015-09-21,98.3311996459961,100.02742209107676,97.66098456535234,99.29100848328116,1721323,-0.004690019822847558,-0.0,0.015821560872081142,-0.046630598851674754,0,9
2015-09-22,97.23899841308594,97.61961975532382,96.61843403508604,97.59479071392492,1222200,-0.011107372195622633,-1.0,0.014983992507233979,-0.027177507782184862,1,9
2015-09-23,96.64325714111328,97.57824434469474,96.32883432460274,97.13143916169076,977178,-0.006126567341241618,-1.0,0.014817304482711022,-0.023108872538698533,2,9
2015-09-24,95.41039276123048,96.19644243670332,94.8063688355736,96.0226832365621,1612838,-0.01275685874372623,-1.0,0.011750601104754574,0.012395004945997545,3,9
2015-09-25,93.49076080322266,95.964758912295,92.8122718478714,95.8323692104608,1635304,-0.020119736461119087,-2.0,0.012048653191095963,0.004792711799897598,4,9
2015-09-28,89.58531951904297,92.44821306524418,88.36073121233308,92.44821306524418,2544620,-0.04177355335036559,-4.0,0.011248717946587805,-0.040831890226395884,0,9
2015-09-29,88.41864776611328,90.9753923774988,87.51675617609047,89.58531877877178,2204732,-0.013023023852492877,-1.0,0.01339726373812452,-0.0963944744142422,1,9
2015-09-30,89.75080108642578,90.131415064227,88.86545732135116,89.53567240523952,1315436,0.015066429468999942,2.0,0.01349744825673852,-0.10659641265111908,2,9
2015-10-01,91.16568756103516,91.57940443679544,88.78270245823758,89.60185496508234,1718879,0.015764611095191228,2.0,0.013996612300525582,-0.0792801868955677,3,10
2015-10-02,92.91156768798828,93.00258791315298,89.94938731586288,90.18106380566812,1210793,0.01915062754047958,2.0,0.014253099601062275,-0.04812109914883289,4,10
2015-10-05,93.85482025146484,94.06994890901322,92.78743616415626,93.66451328347478,970310,0.010152154214469356,1.0,0.014921164333320712,-0.035143513044029406,0,10
2015-10-06,91.25672149658205,93.9706702208914,90.48721225380268,93.81345881318477,902100,-0.02768210250599512,-3.0,0.014934976207406638,-0.03480268428151223,1,10
2015-10-07,92.39856719970705,92.68816833311077,90.66924899358276,91.39738142815202,886386,0.012512455898032293,1.0,0.015909652211674178,-0.05240986161661343,2,10
2015-10-08,92.4316635131836,92.82883267444528,91.15743174275288,92.19998701348108,1041082,0.00035819076506915515,0.0,0.015537874345016847,-0.058352181142994675,3,10
2015-10-09,92.9612045288086,93.83000042077634,92.13377812025756,92.48129647704468,725754,0.005729000166154963,1.0,0.015479347534264182,-0.04927662267280719,4,10
2015-10-12,93.16806030273438,93.35009337978228,90.98365603011622,92.91982870345969,1542649,0.0022251838815370295,0.0,0.015570747879113314,-0.04399257452349137,0,10
2015-10-13,91.92691040039062,93.11840288642532,91.7117817517012,93.07703340553176,844948,-0.013321624366878893,-1.0,0.015417847342202879,-0.04994934945499596,1,10
2015-10-14,92.29927825927734,92.82055587836746,91.182250590916,92.15034074695951,1647409,0.004050694810310285,0.0,0.015602666157695741,-0.060782923320209625,2,10
2015-10-15,95.4683074951172,95.64206669061694,92.12551329313212,92.38201146361084,2550208,0.03433427969975833,3.0,0.015214015771548687,-0.06995160198542949,3,10
2015-10-16,97.14797973632812,97.78509921989688,95.64206429700371,95.81582348815483,1466640,0.017594029739103068,2.0,0.017295004472980283,-0.037617912402402975,4,10
2015-10-19,97.13142395019533,97.34655261010072,96.40329165633504,96.99076035978068,1341277,-0.00017041822359797898,-0.0,0.017756091734901943,-0.02523862300711155,0,10
2015-10-20,97.28864288330078,97.7850987625598,96.27090943302636,97.2472660489964,617269,0.0016186206966972705,0.0,0.017669680571434903,-0.016834168661706173,1,10
2015-10-21,96.01441192626952,98.06642679238684,94.78154969661963,97.69408668891374,1378991,-0.013097427605807233,-1.0,0.01765133457364217,-0.010602502221559784,2,10
2015-10-22,90.61131286621094,95.72480133750604,89.27915674718922,95.57586385266676,3203212,-0.05627383380952933,-6.0,0.017717147553018595,-0.012593573636106248,3,10
2015-10-23,92.6302490234375,93.39147703422434,90.95057424323612,91.63733717176773,1974842,0.02228128136944174,2.0,0.021496468119127723,-0.062414538306535206,4,10
2015-10-26,97.42102813720705,97.7685465282212,94.0616861400847,94.30991041307598,2194140,0.051719380702057505,5.0,0.02204122433464634,-0.029138793556278908,0,10
2015-10-27,99.84539794921876,100.2342858574203,96.8170189688179,97.33829659514484,1974028,0.024885487849679144,2.0,0.024401968017351314,0.042039098839474986,1,10
2015-10-28,101.6160888671875,101.8477653702552,99.16691207003278,100.10189932874196,1999985,0.017734326812631984,2.0,0.022662792853347265,0.11452856880188755,2,10
2015-10-29,102.06288146972656,103.01442375573332,101.3182013140996,101.359570800958,1177735,0.004396868719509728,0.0,0.022403498192950823,0.149260833936121,3,10
2015-10-30,101.5581512451172,102.51796742432964,100.84656668206551,101.41749499040908,1023272,-0.004945286840241425,-0.0,0.02232959448978481,0.1371807296900318,4,10
2015-11-02,102.98133850097656,103.11372822025338,101.50024459041474,101.99670052666934,825974,0.014013520711148031,1.0,0.022351674739049338,0.1139953414723529,0,11
2015-11-03,102.6503448486328,103.14680067351448,101.89738354094295,102.88202129436044,1012680,-0.003214112936982483,-0.0,0.0222213086146798,0.10838016259508354,1,11
2015-11-04,101.84774780273438,103.36193708000036,101.53332502191935,102.87375511484474,1028976,-0.007818746708371238,-1.0,0.02226220525657204,0.09371414886952145,2,11
2015-11-05,100.88794708251952,102.2531989755252,100.49077795223369,102.244925077897,1523676,-0.009423877708850892,-1.0,0.021223714441831448,0.1160574928888829,3,11
2015-11-06,100.74727630615234,101.04514394761696,99.95294545014512,100.73900240911289,1063896,-0.0013943268788303431,-0.0,0.02139824620221792,0.09187783036141473,4,11
2015-11-09,101.65745544433594,101.73192787578844,100.00260233260268,100.47423657165336,1188211,0.00903428034538356,1.0,0.021418259206201124,0.08996498036392797,0,11
2015-11-10,102.50141143798828,102.81583420770733,101.26854939717894,101.53332143880752,1079028,0.008301958670551945,1.0,0.02144118882611437,0.09354709805672079,1,11
2015-11-11,100.19290161132812,102.94822685157052,100.03569022196515,102.94822685157052,690485,-0.022521736962195615,-2.0,0.021450140410761438,0.10017758344358252,2,11
2015-11-12,99.00969696044922,100.15153898446592,98.93522452963845,99.94468418429284,401464,-0.011809266243918537,-1.0,0.02192691301241626,0.08991916703101088,3,11
2015-11-13,99.03450775146484,99.72954450627452,98.36429268817784,98.9848643684195,466764,0.0002505895056474916,0.0,0.022208640713908427,0.07270282961825214,4,11
2015-11-16,99.99431610107422,100.03569293479752,99.0345072930881,99.0345072930881,576762,0.009691655680443167,1.0,0.021064930276403767,0.03735480757873533,0,11
2015-11-17,102.11253356933594,102.4931475496177,99.03451144106396,99.03451144106396,1046902,0.02118337872445286,2.0,0.020841075620354893,0.02929897639118595,1,11
2015-11-18,102.7579345703125,103.20474714351764,101.83122117720129,102.6007304952693,771499,0.006320487587729184,1.0,0.02126777264450874,0.05128216406767283,2,11
2015-11-19,99.53097534179688,102.56762087892244,98.89385579221174,102.41868336421132,1257236,-0.0314035041868963,-3.0,0.0212816629341474,0.05621716497343088,3,11
2015-11-20,100.50732421875,100.99550621552068,99.63852824078316,100.2342782531284,1069949,0.009809497732743644,1.0,0.022316221093206738,0.0366253705561177,4,11
2015-11-23,100.20946502685548,101.01206254456729,100.0274319183806,100.2011911286541,1235702,-0.0029635570761613605,-0.0,0.017921649374759836,0.10921386126642574,0,11
2015-11-24,100.26738739013672,100.35840762300418,99.12553794423052,99.29102326468004,1260845,0.0005780128979404608,0.0,0.017554440408262557,0.08182225658812903,1,11
2015-11-25,100.7969207763672,101.26855495683856,100.20945203609293,100.40803291522728,676866,0.005281212565857452,1.0,0.013716244372051864,0.02921709314051668,2,11
2015-11-27,101.0037841796875,101.88912798830518,100.7721076922498,101.18581728011232,258059,0.0020522789954988685,0.0,0.01266952898606204,0.009529961787847041,4,11
2015-11-30,100.56523895263672,101.61606792028668,99.92811951547895,101.1278859715582,1646129,-0.004341869273636334,-0.0,0.012051792858539325,-0.0060256667455512725,0,11
2015-12-01,103.6929168701172,104.23901616257128,100.49077884666517,101.32647925477204,1310082,0.03110098429690522,3.0,0.012035333039124244,-0.01467372364490871,1,12
2015-12-02,102.74964141845705,104.45413770893524,102.22008995761408,103.57706787228776,1240358,-0.009096816640250083,-1.0,0.013826880354957372,0.021020130819904503,2,12
2015-12-03,100.11843872070312,103.14681754336532,99.3323890471128,102.84894253010974,1419149,-0.025607901511189857,-3.0,0.01366494499851076,-0.0022498938729303974,3,12
2015-12-04,103.2130126953125,103.39504579973904,100.28392788040874,100.28392788040874,981019,0.030909131366323006,3.0,0.014756948517952744,-0.024665344589569593,4,12
2015-12-07,103.18820190429688,103.22957139875489,102.352501376019,102.9896209828532,963908,-0.00024038433108108936,-0.0,0.016220637786735357,0.01340495908876127,0,12
2015-12-08,103.5108871459961,103.74256363724206,101.66572706986672,101.6740009678382,1304378,0.0031271524820104535,0.0,0.016055315930535986,0.022800095435542067,1,12
2015-12-09,101.67398834228516,104.00733015311832,101.35956556232398,103.41985407791626,1283194,-0.017745947835613674,-2.0,0.01604914583333831,0.027431122122305807,2,12
2015-12-10,101.4340362548828,102.7413633860774,101.16098296429354,101.45885794529214,615174,-0.002360014506311736,-0.0,0.016471622767083534,0.0001626334032949206,3,12
2015-12-11,100.25910186767578,101.07825447633223,99.71300257791953,100.62316806084664,926660,-0.011583236067375324,-1.0,0.01637137864015935,-0.010413273028452186,4,12
2015-12-14,99.02626037597656,100.98725535995152,97.33003752053304,100.4659776542332,1735408,-0.012296554315102015,-1.0,0.015795248712349195,0.0006607280085015876,0,12
2015-12-15,101.56642150878906,102.20354097302504,99.5888792878066,99.9694932477228,1144212,0.02565138906758846,3.0,0.01581404294170111,0.00016729084156241747,1,12
2015-12-16,100.96240997314452,103.1799100140182,99.76264340674796,102.14562874464332,1126403,-0.005946960882069474,-1.0,0.01676669350606648,0.02556597508091074,2,12
2015-12-17,100.68109130859376,102.05461718603205,100.28392950125206,100.77211153630034,1250136,-0.002786370339471711,-0.0,0.016724282851711087,0.009681489006752697,3,12
2015-12-18,100.74727630615234,101.913947225023,100.32528551300854,100.54042153212195,2491542,0.0006573726674825586,0.0,0.016053145887932357,-0.014018281700651447,4,12
2015-12-21,102.99787902832033,103.59362170095464,100.07706825238712,100.07706825238712,1062034,0.022339092476592715,2.0,0.015979362650526185,-0.019566939259414107,0,12
2015-12-22,102.88204193115234,103.4364151416552,101.4175031998206,103.23783424147838,656729,-0.0011246551701917795,-0.0,0.015116523606149138,0.03483240945462307,1,12
2015-12-23,103.13854217529295,103.7508326404292,102.68345576419831,103.2957535773786,462457,0.002493148846251181,0.0,0.015012625375451494,0.023627310057860784,2,12
2015-12-24,103.17990112304688,103.5025977918348,102.5841511658866,102.7413625519126,186938,0.0004010038040254127,0.0,0.014983805343947535,0.029229545808397317,3,12
2015-12-28,102.93167114257812,103.1137115697162,102.01323185023882,102.88202776138232,446743,-0.0024057978130131996,-0.0,0.014984387306173817,0.029047468062348925,0,12
2015-12-29,103.5936279296875,104.33004160219546,103.22128781839798,103.42814261933164,481896,0.006431031185653691,1.0,0.014980535265098923,0.021178725994489334,1,12
2015-12-30,102.7579345703125,103.87496232930287,102.6007304952693,103.2874934784275,548244,-0.008067034392715833,-1.0,0.01502479473436845,0.025641056630042902,2,12
2015-12-31,102.30284118652344,103.15508937266183,101.96359669157472,102.4021279569217,702474,-0.004428790688447148,-0.0,0.015116606952645967,0.021803713097211297,3,12
2016-01-04,101.68228149414062,102.0711694202395,100.72247252665969,100.83003320730052,932597,-0.006065908680399024,-1.0,0.013496601760231547,-0.013405695640088311,0,1
2016-01-05,100.94586181640624,102.59244088327252,100.58179563387222,101.90567800530062,1086710,-0.007242359897056683,-1.0,0.013416673885423475,-0.010387967389292374,1,1
2016-01-06,99.98605346679688,101.20236791909502,99.29101663691225,99.94468397645718,1626224,-0.00950814954014656,-1.0,0.012239073619841747,0.008264442656874982,2,1
2016-01-07,98.12433624267578,99.69645020654109,97.74372227165313,98.496683664461,908618,-0.01861976905348428,-2.0,0.010223838192197495,-0.031265042500422835,3,1
2016-01-08,96.18815612792967,99.83710620811928,96.097143264765,98.50495006290858,1653695,-0.019731905344639977,-2.0,0.010879678966103758,-0.04907407599095137,4,1
2016-01-11,95.66688537597656,97.42102507083148,94.72362435064656,96.79218683662606,1499581,-0.005419282091859823,-1.0,0.011434994265503554,-0.0707435828246562,0,1
2016-01-12,95.25318145751952,97.61134518252663,93.86310785491598,96.2543671708338,1014426,-0.004324421317064564,-0.0,0.010970077559114994,-0.05908200380696882,1,1
2016-01-13,92.48131561279295,95.89858261096347,91.5959717442678,95.16216891355444,1232094,-0.029099981778170303,-3.0,0.010974165817157086,-0.06093472196878835,2,1
2016-01-14,92.41510009765624,93.24252652538644,91.33944941562868,92.7377967718732,1488407,-0.0007159880317225698,-0.0,0.012255497060294617,-0.0775768594570907,3,1
2016-01-15,91.90210723876952,92.05931864590082,89.86664753999807,90.56995824914335,1873924,-0.005550963623310867,-1.0,0.012112184014617994,-0.06676168779088998,4,1
2016-01-19,90.95884704589844,93.06877919425467,89.60186900123328,92.99431411289616,1513549,-0.010263749343857875,-1.0,0.01014871675085802,-0.09515265110707127,1,1
2016-01-20,90.76026153564452,91.63733141174308,88.01320999418887,89.80871923392742,1976705,-0.002183245684212687,-0.0,0.01021869659671951,-0.09908205370599787,2,1
2016-01-21,90.18933868408205,91.46357776197463,89.84182027157394,91.0002174292824,1094509,-0.006290449607598947,-1.0,0.010225797943328268,-0.09853716963139869,3,1
2016-01-22,93.46595001220705,93.78863938524836,90.95884867425664,90.95884867425664,1368398,0.03633036205756435,4.0,0.01014987664147498,-0.10479625861037356,4,1
2016-01-25,91.8359146118164,93.8217308922795,91.71179879802366,93.33355623091342,746357,-0.017439884794171023,-2.0,0.012283495019842798,-0.09254490583725883,0,1
2016-01-26,93.25080108642578,93.98721465377452,91.48011366210208,91.98484341921018,819572,0.015406679190706596,2.0,0.01256916664538818,-0.10736691371977136,1,1
2016-01-27,93.35009765625,95.1207851272085,92.1255094414526,93.32527596479407,1462100,0.0010648334241352142,0.0,0.013267000510034557,-0.09586853643967641,2,1
2016-01-28,90.84300231933594,94.10305761534244,90.44584053494292,93.61487560850216,876026,-0.026856911774705616,-3.0,0.013280556714218947,-0.09526858777538827,3,1
2016-01-29,92.9612045288086,93.07703908237546,90.55339772134892,91.1987837067798,1002786,0.023317175295755277,2.0,0.014117363848120564,-0.11744362730201174,4,1
2016-02-01,92.89502716064452,93.97895196124564,91.88556744715017,91.943492085167,1000924,-0.0007118815693010205,-0.0,0.015283783266927583,-0.10263588227738762,0,2
2016-02-02,90.46239471435548,92.40684163322204,90.05695900367725,91.92693349018693,1448365,-0.02618689633495941,-3.0,0.015295046470899071,-0.09598195458978642,1,2
2016-02-03,90.06522369384766,91.10777885589832,88.28625492199761,90.91747186740118,833657,-0.004390454417683043,-0.0,0.01599780564379967,-0.11573917532338995,2,2
2016-02-04,89.63496398925781,90.60305412866428,88.7992635638636,89.48602647949957,744611,-0.004777201309713042,-0.0,0.016000165181786968,-0.11424859503140072,3,2
2016-02-05,87.84771728515625,89.48601498598671,87.3347136387873,89.31225580492696,914788,-0.01993916909829685,-2.0,0.01599685571826585,-0.11204914816339817,4,2
2016-02-08,83.5202865600586,86.95410073863523,80.91389146466966,86.93754559677151,3183656,-0.04926059388715465,-5.0,0.01628616258844823,-0.12140029294857102,0,2
2016-02-09,84.83589172363281,85.76261231081888,82.43635863059325,82.7921509110889,1512152,0.015751923487812514,2.0,0.018669730389130074,-0.14883208632870892,1,2
2016-02-10,86.54039001464844,88.38554998554748,84.77797636678955,85.00137894732327,1240126,0.02009171184960623,2.0,0.01910581457783024,-0.11802143695527767,2,2
2016-02-11,83.9009017944336,86.62313148810875,83.55338342281735,86.30043480760173,1492714,-0.030500073084580137,-3.0,0.019923925772896887,-0.09539868811930541,3,2
2016-02-12,85.24132537841797,85.82879406719708,84.01673727439562,84.19877034331611,1345933,0.015976271474036796,2.0,0.020710855249215936,-0.11918005770913542,4,2
2016-02-16,86.46593475341797,86.79690538706502,84.74489039767124,85.70469935681184,1399361,0.01436638120727829,1.0,0.02051230036415146,-0.07828597794486258,1,2
2016-02-17,87.54158020019531,88.9068321421614,85.64677674690148,86.54866836093919,1681631,0.012440106613602842,1.0,0.020881721605797248,-0.06437438619826963,2,2
2016-02-18,89.88319396972656,91.1408778596194,86.78862395729807,87.63259826505531,2415882,0.026748589232411746,3.0,0.021137369480295112,-0.047447519644410185,3,2
2016-02-19,89.95765686035156,90.47066055070016,87.71533510796176,89.83354104951322,1570120,0.0008284406387482068,0.0,0.021949908559567206,-0.011825711419023333,4,2
2016-02-22,91.48838806152344,92.61368948704056,90.3217171511088,90.44583295384489,1749376,0.017016130194988932,2.0,0.021947069960612194,-0.00884312871859394,0,2
2016-02-23,90.52029418945312,91.84417643440172,90.23897435603178,91.05812686249588,702358,-0.010581603770516756,-1.0,0.02221096308000544,0.014403580250119674,1,2
2016-02-24,91.16568756103516,91.24843387540449,89.02266015666977,89.61012886171495,920957,0.007129819642778257,1.0,0.02078453190923942,-0.03151581749684462,2,2
2016-02-25,91.61251068115234,92.95293352787752,90.31344997435896,91.41392244278028,676866,0.004901220317326427,0.0,0.02052138193945366,-0.007298093056667954,3,2
2016-02-26,91.8690185546875,92.25790647880932,91.32291921161422,91.71180713573604,739722,0.0027999218843364204,0.0,0.020249536727241398,-0.017568646984115976,4,2
2016-02-29,90.88438415527344,92.01795972679326,90.776823470911,91.67044128122444,907804,-0.01071780688315438,-1.0,0.02026040454044913,-0.015865854870515395,0,2
2016-03-01,91.9931182861328,92.45647856345636,90.14795842190348,91.78626351255672,1277374,0.012199390920283104,1.0,0.019505189623105185,0.000455531354985661,1,3
2016-03-02,90.90921020507812,91.9765872030156,90.28036452503208,91.63734266741888,965305,-0.011782490921585231,-1.0,0.01899059252421842,-0.010413873696911824,2,3
2016-03-03,92.60543060302734,92.78746372857464,90.73545595369008,90.80164714550902,1500280,0.0186583998928469,2.0,0.019154829839955985,-0.02137699956890371,3,3
2016-03-04,92.8122787475586,94.0203192520091,90.9092014418638,92.92811331573654,1583622,0.0022336502641830958,0.0,0.01868309150992293,0.023689798345917445,4,3
2016-03-07,92.53093719482422,94.22715944653888,92.3571780214301,92.51438940193364,1279469,-0.0030312966832718446,-0.0,0.0186383667655627,0.030500729816080874,0,3
2016-03-08,91.2815399169922,92.0675895792946,91.19051969556511,91.90210427964504,1072044,-0.013502481610030648,-1.0,0.01861237786824391,0.032308521994982575,1,3
2016-03-09,91.96002960205078,92.53922448115628,91.01676118254414,91.65388069319104,1012214,0.007432934256757395,1.0,0.018288696755797997,0.03908835355037921,2,3
2016-03-10,92.1999740600586,92.69642993085378,91.41391709428864,92.2578913398361,1103821,0.0026092255412069054,0.0,0.014034969492008139,0.10105021653539525,3,3
2016-03-11,95.559326171875,96.51913500634495,92.47303019022785,92.72952835656282,1766254,0.03643549953309244,4.0,0.013808162356410185,0.08680385373228017,4,3
2016-03-14,95.1787109375,96.08060989615798,94.85602157160896,95.41866867250027,746822,-0.003983025515378991,-0.0,0.015151990486246675,0.10421649539249778,0,3
2016-03-15,93.15152740478516,94.74845586971192,92.91156966391242,94.5746966616516,801647,-0.02129870758646868,-2.0,0.013013544341476136,0.13441821126903108,1,3
2016-03-16,94.38438415527344,94.87256615861187,92.91983814525808,93.14324807691516,826673,0.013234960121812689,1.0,0.014096642234107771,0.0927977362065977,2,3
2016-03-17,92.94465637207033,94.75672071037349,92.28272254352926,94.42575012208108,1150614,-0.015253876963742141,-2.0,0.014058470524325122,0.09157883303334624,3,3
2016-03-18,94.88084411621094,95.75791404100994,93.12669691856856,93.16807375645148,1330219,0.020831619801678247,2.0,0.014544736699789767,0.06172011242564879,4,3
2016-03-21,94.42575073242188,94.8146386043638,93.58177646162538,94.78154301492938,640782,-0.004796472755150272,-0.0,0.014111646128673693,0.05560160832922367,0,3
2016-03-22,94.23543548583984,94.86428102215352,93.565220466359,94.20233989930612,846344,-0.0020155015459853987,-0.0,0.014201530773199198,0.04966885563734169,1,3
2016-03-23,94.2602767944336,94.78155443496463,93.95412785919042,94.45885770301048,822832,0.00026360899661237447,0.0,0.013824854186935054,0.030026186738245864,2,3
2016-03-24,94.34300231933594,94.35955746172996,92.80399866040304,93.59832218139503,718886,0.0008776287076130984,0.0,0.01355081363282202,0.041316509612230545,3,3
2016-03-28,94.43402862548828,94.88911504359854,93.39974732363744,94.6491573139583,774176,0.0009648442800689327,0.0,0.01350144772567374,0.034852090115303325,0,3
2016-03-29,95.76618957519533,95.84892855628604,93.8796599778372,94.5829707092864,949591,0.014106789354398908,1.0,0.013482368493430577,0.030798391217067955,1,3
2016-03-30,97.51204681396484,98.28155600933884,95.78272878377004,95.94821407915896,985908,0.01823041353648791,2.0,0.013758502703216133,0.04242094975889965,2,3
2016-03-31,96.9163055419922,97.24726878944776,95.68343603233237,96.68462171631616,1046436,-0.0061094120309996836,-1.0,0.013863013250894911,0.07292410814346528,3,3
2016-04-01,97.99195861816406,98.1988134082267,95.96476550985308,96.56878208467953,720400,0.011098783328113981,1.0,0.01386086202452084,0.05351690808595544,4,4
2016-04-04,97.86785125732422,98.79456461782397,97.34657361428472,98.15745239724995,683966,-0.0012665055642314682,-0.0,0.013572007864601186,0.07791013030592042,0,4
2016-04-05,97.05697631835938,98.10780554445242,96.866669299685,97.12317485618853,1094975,-0.008285406581910237,-1.0,0.013161769750961253,0.05682626407575753,1,4
2016-04-06,98.9517593383789,99.32410674747317,96.80873183906556,96.94112153909616,1695482,0.019522378420324893,2.0,0.01337946111920123,0.0457342242651535,2,4
2016-04-07,98.01676940917967,99.34892557196136,97.53686135294268,98.22362417623468,776039,-0.00944894699650467,-1.0,0.013834626018372527,0.06939108516793269,3,4
2016-04-08,98.06641387939452,99.04277779623824,97.8347374194839,98.74490281346502,570942,0.0005064895580020323,0.0,0.013615148955163279,0.07378523081788746,4,4
2016-04-11,97.33830261230467,98.51324765571545,97.01560586919544,98.13263362211556,692580,-0.007424675159278249,-1.0,0.01359857320911424,0.06640259147119232,0,4
2016-04-12,97.27210235595705,97.84302335313848,96.81701592895934,97.34656743678946,1088224,-0.0006801048977739255,-0.0,0.01379353475716425,0.05573026028075678,1,4
2016-04-13,97.84303283691406,98.12435273981542,97.11490036157642,97.71891700878535,881148,0.005869416483543777,1.0,0.011426227894566016,0.017923694658555922,2,4
2016-04-14,98.47186279296876,98.86902456186247,97.52032050944123,97.8016477154332,762420,0.006426926249341047,1.0,0.011417614318611845,0.027992834460256688,3,4
2016-04-15,98.92694854736328,99.05933826198088,97.82647603695702,98.66217646617244,763351,0.004621480100882369,0.0,0.010202744344915558,0.05711484863865257,4,4
2016-04-18,98.31465911865234,99.7130066650254,98.23191279060688,98.85248453279242,1647176,-0.00618930875460888,-1.0,0.009927373768472846,0.048128347000885086,0,4
2016-04-19,98.45531463623048,99.10898196544746,98.0664267370929,98.74491576012151,857053,0.0014306667880359392,0.0,0.009304023290898548,0.057776347303766906,1,4
2016-04-20,98.47186279296876,98.95176353536374,97.84301720218384,98.71181316416624,1120932,0.00016807784119543534,0.0,0.008327591036890469,0.037673258003918075,2,4
2016-04-21,100.11843872070312,100.94586523083302,97.92576030586991,98.28155995106329,2622026,0.016721283430944922,2.0,0.00820060159693963,0.04284966790481248,3,4
2016-04-22,100.75555419921876,100.96240898145312,99.06760565578554,100.2921939025004,1796052,0.0063636177976464925,1.0,0.008739795206270827,0.06242877962555049,4,4
2016-04-25,103.5108871459961,105.45533399778328,101.18581894338745,103.66809855549867,2912328,0.027346710250130357,3.0,0.008748318516319922,0.0689078965782195,0,4
2016-04-26,104.86785888671876,105.12435705644307,103.552250404071,103.83357761425997,2099623,0.013109459093020304,1.0,0.010183815133764774,0.09717609786922332,1,4
2016-04-27,105.08299255371094,105.2402039612099,103.68464502999664,105.08299255371094,1392493,0.0020514738193002646,0.0,0.01031846114059149,0.11048803501341187,2,4
2016-04-28,103.89976501464844,106.1586344673345,103.65154075142692,104.25555728915737,870206,-0.011259933794307564,-1.0,0.010123083152091372,0.09728697591335278,3,4
2016-04-29,103.6929168701172,104.04043526968287,102.86549035971215,103.5688010565454,913507,-0.0019908432372496287,-0.0,0.010165496227984688,0.06550696462017869,4,4
2016-05-02,104.1397476196289,104.4789848328315,103.41988165333656,103.74257841628425,913391,0.004309173307096792,0.0,0.01001810576883941,0.06992230347852879,0,5
2016-05-03,103.701171875,104.24727106796288,102.78273265720073,103.19644216300942,1004416,-0.004211415474433489,-0.0,0.009861179745414355,0.06273768876709918,1,5
2016-05-04,102.74964141845705,103.81702558532268,102.38557524838023,102.98959913149194,942491,-0.00917569627554371,-1.0,0.009944691229744517,0.05960405324868345,2,5
2016-05-05,103.00615692138672,103.6432764548684,102.34421569408796,102.69173410361536,795012,0.0024965099574896232,0.0,0.009996109900339036,0.058652817304188476,3,5
2016-05-06,102.84066009521484,103.1550828777672,101.64916748914696,102.4186693034598,1048531,-0.0016066692624808754,-0.0,0.009230126736347467,0.040973476470926196,4,5
2016-05-09,103.37849426269533,104.04043547230852,101.78156587073217,102.5510677506788,712484,0.00522978136257124,1.0,0.008898377864081099,0.04921495286074373,0,5
2016-05-10,104.8347625732422,104.88440595774092,103.27092248109354,103.80048130792213,924216,0.01408676263794617,1.0,0.008909728005619608,0.05416819248467464,1,5
2016-05-11,104.85956573486328,106.27446072738982,104.80991501109489,104.99194807013212,869974,0.00023659291071265187,0.0,0.00894180601327026,0.07701449234013968,2,5
2016-05-12,104.0569839477539,105.24020276546318,103.0475243313014,105.04162187089034,614010,-0.007653872886892343,-1.0,0.008922200471202903,0.07800246108735998,3,5
2016-05-13,104.93405151367188,105.1491801989953,103.91631802212446,103.91631802212446,1287733,0.008428723691994877,1.0,0.009234346578542448,0.06350938774759096,4,5
2016-05-16,105.44705963134766,105.9600633474338,104.47069558678378,104.950603711131,1018733,0.004888862197500732,0.0,0.009281952387946699,0.06562472301645683,0,5
2016-05-17,104.41277313232422,105.71183382812164,103.53570325444043,105.40568492360384,1006627,-0.009808585489622934,-1.0,0.009284367192402792,0.06590834125306855,1,5
2016-05-18,104.48723602294922,104.9092194543101,103.43639969684544,104.40448970720507,690252,0.0007131588252198284,0.0,0.009496303803620107,0.062026498065891555,2,5
2016-05-19,104.33830261230467,105.34775479793748,103.50260226563675,103.9494074047764,546614,-0.0014253742018004445,-0.0,0.00950318986172871,0.061265574225274566,3,5
2016-05-20,104.76029205322266,105.11608434468704,104.23074056480954,104.75201815565576,602486,0.004044434597388458,0.0,0.00953222843318269,0.05957478261246818,4,5
2016-05-23,104.75202941894533,105.0002610687308,103.18819647825804,104.5534485079438,630888,-7.88718140756206e-05,-0.0,0.008992834896746058,0.04636362084579382,0,5
2016-05-24,106.04280090332033,106.36549024412724,103.43640570076398,105.17400495181612,749383,0.012322162076809917,1.0,0.008953451921799417,0.03966506116203328,1,5
2016-05-25,105.5628890991211,106.97778426342448,105.2981097003524,106.22483024799936,1320442,-0.004525642477481995,-0.0,0.007257342255790889,0.024460361872400194,2,5
2016-05-26,105.33948516845705,105.8690439960735,104.5037921359763,105.56289509512143,810726,-0.002116311258346437,-0.0,0.006814281894779599,0.006627676199178589,3,5
2016-05-27,105.91868591308594,106.23310870711026,105.35603885159408,105.50497635129211,473050,0.005498420119508296,1.0,0.006822530390027752,0.002440857540434216,4,5
2016-05-31,105.86904907226562,106.5558119839574,105.33949021925795,106.026260478994,776272,-0.0004686315770670024,-0.0,0.006388968170486252,0.01943142891760008,1,5
2016-06-01,106.10900115966795,106.28276036483508,105.19883564404124,105.43051213491594,734018,0.002266498939067052,0.0,0.006362679296110295,0.02098631485961744,2,6
2016-06-02,107.20118713378906,107.20946103077137,105.4884169780178,106.09244084989976,1099049,0.010293056782973986,1.0,0.006325204174682322,0.01890972068831731,3,6
2016-06-03,106.65509796142578,107.374956459044,105.5711732661166,107.374956459044,946798,-0.005094059002180185,-1.0,0.00652654708273061,0.03375097113664194,4,6
2016-06-06,107.54871368408205,107.59009052018446,105.68701324101468,106.33239929885748,1033050,0.008378556109708502,1.0,0.006244198096362762,0.03800944206767021,0,6
2016-06-07,107.21773529052734,107.73073894929624,106.53097244649872,107.48251469094386,960533,-0.003077474218119769,-0.0,0.006406972179037664,0.04409985673149763,1,6
2016-06-08,108.78983306884766,108.80638820957476,106.96950239315996,107.27565125390292,1176338,0.014662665407550346,1.0,0.006457092615372787,0.04256171820814836,2,6
2016-06-09,108.54991149902344,109.2118527740154,107.9376209632873,108.69057512216597,552318,-0.002205367570261685,-0.0,0.006997968474912947,0.05234491800975127,3,6
2016-06-10,107.8134994506836,108.54163187555208,107.25912623393349,107.78867775638732,891973,-0.006784087045031528,-1.0,0.006531606331485503,0.03543813935941009,4,6
2016-06-13,105.5298080444336,107.67283582841496,105.38087053062056,107.13501040789504,1345817,-0.021181868855806973,-2.0,0.006783977898542271,0.02817037906955777,0,6
2016-06-14,105.73666381835938,106.32413263287712,105.14918765579708,105.14918765579708,1117324,0.001960164410027998,0.0,0.00817994410642077,0.014154014856121222,1,6
2016-06-15,104.57827758789062,106.2662264726616,104.47070955231524,105.9766253101439,837847,-0.010955388496640017,-1.0,0.00799409379661794,0.007648730732396469,2,6
2016-06-16,105.37258911132812,105.46360198391268,103.4281350204944,103.77565341190513,911645,0.007595377756818955,1.0,0.008290786136382608,-0.00823903527034675,3,6
2016-06-17,104.00733184814452,105.48841820961636,103.49432818512196,105.16572152745208,1067388,-0.012956474493961534,-1.0,0.008168135098584052,0.009192514959712073,4,6
2016-06-20,105.50496673583984,106.861937207992,105.04160648434694,106.11725712541386,2054576,0.01439932032755098,1.0,0.00867645786726283,-0.004592945445502039,0,6
2016-06-21,106.1007080078125,106.60543773580504,105.182268760895,105.51323931525218,908851,0.005646570871532974,1.0,0.00923255665231843,0.011181551686442637,1,6
2016-06-22,107.3666763305664,108.0037958135743,105.7532002278816,106.37376456827865,1192402,0.011931761309836864,1.0,0.009269246742850379,0.012795076534426464,2,6
2016-06-23,108.54163360595705,108.889152027734,107.79695337301912,108.02862987152224,1209163,0.010943407354560453,1.0,0.009587330028106671,0.02496034612526743,3,6
2016-06-24,107.2508316040039,107.68108891805846,104.41276018798,105.41394575266496,2089147,-0.011892229360018547,-1.0,0.009511913659035514,0.023564378546686138,4,6
2016-06-27,103.86666107177734,107.755554087067,103.03923468085092,107.10189421887604,2212415,-0.03155379293208416,-3.0,0.009861225015195268,0.01598992334605276,0,6
2016-06-28,104.64444732666016,105.12435541677318,104.01560908434594,104.90922673777212,1502840,0.007488314795691009,1.0,0.012128471263778954,-0.013981690667316138,1,6
2016-06-29,107.05225372314452,107.7059210018518,105.62081070626182,105.6870092326886,1199851,0.023009404301865155,2.0,0.012186132770883347,-0.012030347388102824,2,6
2016-06-30,107.7886734008789,108.02862378409144,106.15036816308074,107.3253130819385,1639610,0.006879067484547363,1.0,0.013222539635602966,0.01117611484420955,3,6
2016-07-01,108.63262939453124,108.69882056548497,107.30047329474448,107.96241439645328,1136297,0.00782972799482895,1.0,0.01328952012421523,0.015829686669875054,4,7
2016-07-05,108.1692886352539,108.41751291907896,107.50734741432804,108.02862502360053,633449,-0.004265207993765618,-0.0,0.013212490404660953,0.01335285829396371,1,7
2016-07-06,109.19529724121094,109.37733034413344,107.7804019075759,108.03690009203947,933295,0.00948521173525263,1.0,0.013195495379998477,0.014197077334041408,2,7
2016-07-07,109.19529724121094,110.03099767428242,109.06290752598248,109.38560424208244,1143863,0.0,0.0,0.013229629447383129,0.015310118556746577,3,7
2016-07-08,111.95062255859376,112.2236758863452,109.55936318444162,109.87378600183892,1480142,0.02523300349919233,3.0,0.013201457259276805,0.018444354801236962,4,7
2016-07-11,112.15747833251952,112.8856107488112,111.73549483836464,112.20712172052733,767658,0.0018477411665798193,0.0,0.01393159863597502,0.029054088976731895,0,7
2016-07-12,112.7366714477539,113.1669288050388,112.43052255042976,112.74494534508462,906058,0.0051641060751850265,1.0,0.013906369862792332,0.033234175723197534,1,7
2016-07-13,112.4470672607422,113.75439443944296,112.4387933636384,113.32413709395976,825043,-0.002568855220689392,-0.0,0.013787944196450911,0.045663780715347935,2,7
2016-07-14,112.79458618164062,113.0014409582806,112.4305200112238,112.84422956450376,858916,0.0030905112010843894,0.0,0.012769019759947344,0.06554791811424576,3,7
2016-07-15,112.68701934814452,113.08418111128655,112.51326015826444,113.00144213898352,521588,-0.0009536524503303001,-0.0,0.012766331275371337,0.06675000050508273,4,7
2016-07-18,112.87732696533205,113.33241335968134,112.25676262544889,112.62910269898752,582582,0.001688815786311526,0.0,0.012394568756872101,0.07753753405853403,0,7
2016-07-19,113.1917495727539,113.62201427456924,112.68701979557018,112.8607789861402,1280516,0.00278552492227635,0.0,0.012367212151365999,0.0712209685393137,1,7
2016-07-20,114.28395080566406,114.70593424503184,112.95179461605728,113.34068246771672,1316600,0.00964912404864049,1.0,0.011792859479357936,0.08830548348282852,2,7
2016-07-21,114.08538818359376,115.22723765206042,113.70477414345324,114.10193598116116,833075,-0.0017374497527473665,-0.0,0.01162994653857151,0.08320920181705538,3,7
2016-07-22,114.86314392089844,114.9955336177998,114.27566785566756,114.32531858453268,596783,0.006817312450680069,1.0,0.01168529542471533,0.0752556728951641,4,7
2016-07-25,114.05227661132812,114.8466075235144,113.79577843692005,114.80523803539118,763817,-0.007059421167582958,-1.0,0.011553910712682894,0.06982117586700265,0,7
2016-07-26,114.18465423583984,114.2508454098312,113.24138591820322,113.54753479399984,1011400,0.0011606749855843645,0.0,0.01162476337706199,0.050769855052823276,1,7
2016-07-27,113.85369873046876,115.67403708450335,111.61965078817566,114.19294323813662,1538226,-0.0028984236768586635,-0.0,0.011160621495079253,0.06465052557762241,2,7
2016-07-28,114.60665130615234,115.08655941883634,113.17520821387818,113.85369722021385,771848,0.006613334341171395,1.0,0.008031850877513621,0.09615248584711744,3,7
2016-07-29,115.47544860839844,115.54164713905702,114.16812131545558,114.42461949613038,943073,0.007580688313850503,1.0,0.008017349108926384,0.09520050259708457,4,7
2016-08-01,115.53336334228516,116.203578401008,115.0120857797278,115.73194422115792,1096954,0.0005015328763355864,0.0,0.006845086485214994,0.07868302247085568,0,8
2016-08-02,115.3265151977539,115.72367697833688,114.18466589352282,115.58301337120088,1294601,-0.001790375858083837,-0.0,0.006835444995930773,0.07185068427925478,1,8
2016-08-03,115.94707489013672,116.38561348906411,115.00381386224323,115.01208775950354,835286,0.00538089346858972,1.0,0.006841276621685948,0.061619476952103014,2,8
2016-08-04,115.91398620605467,116.50972888841608,115.49199537651003,116.2035873235043,1083684,-0.00028537748031498555,-0.0,0.006659413357013907,0.0719038310505069,3,8
2016-08-05,116.4683609008789,116.93172122516197,116.00500057659583,116.24495831061934,901634,0.004782638514723825,0.0,0.006548473988730049,0.061529105507192705,4,8
2016-08-08,115.30168914794922,116.72486570337064,115.1279299459312,116.50145576645872,921888,-0.01001707024899745,-1.0,0.006526887485105545,0.06660601549169165,0,8
2016-08-09,115.8146743774414,116.10427545061232,115.16101451074935,115.61609351368304,553366,0.0044490695087211485,0.0,0.00487183314306698,0.029933434158452732,1,8
2016-08-10,115.96361541748048,116.04636173294172,115.020354448699,115.63264485172196,406702,0.0012860290877620972,0.0,0.004916207931576471,0.03260768786258894,2,8
2016-08-11,116.65038299560548,116.7083076232032,116.06291425885406,116.06291425885406,509134,0.005922267735897657,1.0,0.004845622882617178,0.028623729335685244,3,8
2016-08-12,115.88088989257812,116.62557007789816,115.74022628360687,116.1787649059238,713532,-0.006596575881421263,-1.0,0.00485599951808218,0.03738039450256747,4,8
2016-08-15,115.64920043945312,116.49317470421316,115.5250919799618,116.2780460263844,467346,-0.0019993758534282424,-0.0,0.005173075989042324,0.027362161743892832,0,8
2016-08-16,114.92105865478516,115.8808747510207,114.33358995060104,115.55817808673535,767076,-0.006296124676185566,-1.0,0.005200803430672636,0.02628679956612401,1,8
2016-08-17,114.38324737548828,115.80641655330896,114.1019201597611,115.12792755494438,944120,-0.004679832274365192,-0.0,0.005452843830319026,0.018105776814512975,2,8
2016-08-18,114.77212524414062,115.04517853840156,114.2177521067478,114.4246068776504,604116,0.0033997799290990116,0.0,0.0055638683965618975,0.01052636616389191,3,8
2016-08-19,114.22604370117188,114.52391873232692,113.84542968805408,114.31706392937546,576064,-0.004757963153571798,-0.0,0.005206457096648284,0.004271592249262435,4,8
2016-08-22,114.54045867919922,114.78040905849184,113.71303217605283,114.30878219753586,526943,0.0027525682220939096,0.0,0.005303929117330168,0.001232896866264488,0,8
2016-08-23,114.24258422851562,114.92107322961743,114.2343103308458,114.74731403050708,499938,-0.0026006046607327526,-0.0,0.005116313953681219,-0.0028093018411671222,1,8
2016-08-24,112.79458618164062,114.74730673607012,112.51325898266232,114.192933583301,690834,-0.012674766214834765,-1.0,0.004902028546339726,0.0016685998985890294,2,8
2016-08-25,112.0499038696289,113.45653258139332,111.83477518591678,112.41397740489154,972988,-0.006602110413459927,-1.0,0.005627160787637948,-0.012173860520067192,3,8
2016-08-26,112.56289672851562,113.5475345275866,111.87614125583671,112.04161919042686,909084,0.004578253449316616,0.0,0.005760318090527347,-0.015843094084365794,4,8
2016-08-29,113.96953582763672,114.33360201343552,112.60428395686924,112.68702293180354,602370,0.012496472105845813,1.0,0.00564633800368204,-0.01783277457585919,0,8
2016-08-30,113.87852478027344,114.325337325042,113.48136297250886,113.93644206739278,394480,-0.0007985559184949809,-0.0,0.006096875545477035,-0.013040977964663192,1,8
2016-08-31,113.29932403564452,113.77095825062702,112.50499311293952,113.57237000891764,578624,-0.005086127922244166,-1.0,0.006091653039410761,-0.014323469118690868,2,8
2016-09-01,112.63738250732422,113.4730829163453,112.1161049074054,113.29932371637236,541842,-0.005842413747429331,-1.0,0.006164010384775685,-0.017577841129017946,3,9
2016-09-02,113.94471740722656,113.98608689588168,112.64565667910232,113.13383868936528,691882,0.011606580966290858,1.0,0.006084983946582547,-0.028544854503216532,4,9
2016-09-06,114.49081420898438,114.49081420898438,113.70475720142971,114.11019287751138,842736,0.004792646944799639,0.0,0.006711165696199877,-0.01698905251457261,1,9
2016-09-07,116.22013092041016,116.33596548477,114.11019154499957,114.18466397013192,954014,0.015104414475288763,2.0,0.00671158187728373,-0.016979260947765362,2,9
2016-09-08,115.1113739013672,115.94707426033736,114.88797132850868,115.36787941113084,991030,-0.00954014601654729,-1.0,0.007206020469817593,0.007965553490568933,3,9
2016-09-09,111.7189483642578,114.18467287044096,111.7189483642578,114.18467287044096,885688,-0.02947081093842374,-3.0,0.007455530341501296,-0.006072636994014613,4,9
2016-09-12,113.3324203491211,113.6633909566879,111.15628970657596,111.70238900464793,1041780,0.014442241074473783,1.0,0.009791097236548682,-0.03660343839696156,0,9
2016-09-13,110.32886505126952,111.54517940179925,109.1870157771208,110.86669042481932,1680816,-0.026502172005143043,-3.0,0.010287878127746269,-0.028443649830188655,1,9
2016-09-14,110.0392608642578,110.76739320509292,109.70001638527184,110.65155129703513,646951,-0.0026249176666246488,-0.0,0.01162785577958865,-0.04791147916153693,2,9
2016-09-15,111.43760681152344,111.91751488373544,109.69174105651614,110.09717670736164,733669,0.01270770029063173,1.0,0.011627928054694975,-0.048508243497388914,3,9
2016-09-16,112.01680755615234,112.62083146380358,110.51917332932054,111.47070827885092,933761,0.005197533949275579,1.0,0.01203379692555457,-0.030311692948511437,4,9
2016-09-19,111.71066284179688,113.0014422472672,111.35487056446544,112.63737607269752,783256,-0.0027330248114953992,-0.0,0.012091888611554157,-0.020688692388384222,0,9
2016-09-20,111.42932891845705,112.73666338759224,111.09835835280364,112.73666338759224,509366,-0.002518416023887138,-0.0,0.01205622482864021,-0.026674267779144833,1,9
2016-09-21,113.12556457519533,113.28277597982816,111.39624647227808,111.67756634263884,473166,0.015222524206168098,2.0,0.012033218991105866,-0.024484037896220445,2,9
2016-09-22,114.04400634765624,114.36670306138812,113.53927653233774,113.73785742970097,490742,0.008118781779430817,1.0,0.012530764267877671,-0.012352788877567522,3,9
2016-09-23,113.67993927001952,114.2012168771048,113.05936754099432,113.81232898325808,398554,-0.0031923385480415734,-0.0,0.012659291381609464,-0.0017382124380360686,4,9
2016-09-26,113.37378692626952,113.489628840356,112.82768764222308,113.01799463447968,748103,-0.0026931079108233336,-0.0,0.012350155522928868,0.007849251620579922,0,9
2016-09-27,114.01089477539062,114.02744256884772,113.05107866661908,113.5723562046476,547895,0.005619533989240644,1.0,0.012267805454699158,0.011815119968161314,1,9
2016-09-28,113.26622009277344,114.39151418991496,112.2981300409901,114.05226971173896,846577,-0.006531609843815844,-1.0,0.012286644463261021,0.012863901773666475,2,9
2016-09-29,112.0830078125,113.43998580323036,111.42934050993442,113.274500503189,521006,-0.010446294396549094,-1.0,0.01207149008417626,-0.006171085367294604,3,9
2016-09-30,113.75440216064452,114.2177624740375,111.85132486912454,112.45534879087288,772081,0.014912111842506404,1.0,0.012276265862186362,-0.015766949661824792,4,9
2016-10-03,112.80287170410156,113.63029824397864,112.50499668013694,113.3158754240209,551620,-0.008364779195087269,-1.0,0.012686528495577136,0.0040166005302628704,0,10
2016-10-04,112.5298080444336,113.32413891940872,111.57827312195458,112.56290363338178,537768,-0.0024207154972459843,-0.0,0.012759006729139847,0.001469220902452939,1,10
2016-10-05,113.05108642578124,113.39860480831857,112.38914524989237,113.08418201496694,511229,0.00463235822051522,0.0,0.012493543220244428,-0.012417507322750487,2,10
2016-10-06,113.75440216064452,113.77923120168474,112.3974315072153,112.84423667723344,563492,0.006221220486235746,1.0,0.012490183716132376,-0.012575050611266958,3,10
2016-10-07,114.9045181274414,115.21066701784486,113.48134903437924,113.84541520478848,1083218,0.01011051831798726,1.0,0.012077916866267926,-0.021216021185298972,4,10
2016-10-10,115.09483337402344,115.8395209106442,114.80523960515708,115.21894918813426,561863,0.0016562903677204144,0.0,0.012140232199897688,-0.001797005516614214,0,10
2016-10-11,112.9269790649414,115.11965004635,112.38914634326656,114.65629709715508,501102,-0.018835374669140537,-2.0,0.010091360861714582,0.030217658322011953,1,10
2016-10-12,112.96007537841795,113.52272244778575,112.58773529798276,112.96007537841795,461642,0.0002930771171831825,0.0,0.010554212200593788,-0.0035774519147365735,2,10
2016-10-13,112.8359603881836,113.40688135912656,111.6444677133136,112.3560522896308,553482,-0.001098750950887517,-0.0,0.008653459714789024,0.023848793567537552,3,10
2016-10-14,112.35604858398438,113.6385614369896,112.33950078955012,113.37378202995392,561979,-0.004253181366544845,-0.0,0.008626462038176184,0.02541546991464938,4,10
2016-10-17,112.50498962402344,112.89387750155976,112.11610174648712,112.3974289568143,347338,0.0013256165726380775,0.0,0.008285499309013023,0.008241757865585786,0,10
2016-10-18,114.441162109375,114.97071359044196,113.30759407017209,113.59718782903992,793499,0.017209658805551475,2.0,0.008216749817077068,0.004358114451944006,1,10
2016-10-19,114.20948791503906,114.79695669001082,113.67993642338952,114.79695669001082,665110,-0.002024395681289204,-0.0,0.008973630666871598,0.024442601969384192,2,10
2016-10-20,115.6905746459961,115.83123089689116,113.65510778004986,114.00262615481904,968448,0.012968158407809405,1.0,0.008964068249733153,0.024949975231534527,3,10
2016-10-21,114.81351470947266,115.23549819462224,114.37497608062937,114.95417097249302,779182,-0.007581083759045759,-1.0,0.008799894371483803,0.022674009013195162,4,10
2016-10-24,115.5664520263672,116.06290786791072,115.15274249910252,115.37614505598198,771732,0.006557915405688952,1.0,0.008841049076583118,0.006747468687399616,0,10
2016-10-25,114.52391815185548,116.01327860399262,114.26741261298191,115.78987600578095,835519,-0.009021077105264563,-1.0,0.008901124359239104,0.01659494866430844,1,10
2016-10-26,104.63616180419922,111.04871075942305,101.93048745248858,110.78393137772817,4645990,-0.08633791532128143,-9.0,0.009130226581422155,0.01014459564920367,2,10
2016-10-27,102.559326171875,104.9174895382568,102.5510522754056,104.71890867494814,1701652,-0.019848163354945103,-2.0,0.02095580900609978,-0.08222664149474734,3,10
2016-10-28,102.60072326660156,103.38677297861692,100.94587016544632,102.02152100717498,1547305,0.00040364047104968215,0.0,0.021240290063961473,-0.09452857093781974,4,10
2016-10-31,103.70945739746094,104.36312466227348,102.69172396319313,102.90685263640876,1281913,0.010806299366705296,1.0,0.02122017858123232,-0.08460055391947585,0,10
2016-11-01,102.46003723144533,104.1148826224582,101.25199693634748,103.9907741780612,1018267,-0.012047311762776625,-1.0,0.02105572710697048,-0.08830378932498861,1,11
2016-11-02,102.61726379394533,103.9742344231186,102.02978767802888,102.1373556938,747754,0.0015345159610360426,0.0,0.021107667117528244,-0.0916894607061689,2,11
2016-11-03,100.63972473144533,103.22956514838462,100.58180744271088,102.57589778334564,973337,-0.019271017267337043,-2.0,0.021143329338075913,-0.08808816457390733,3,11
2016-11-04,100.85484313964844,101.83120713831788,100.10188907080382,100.74728247155292,946332,0.002137509902547352,0.0,0.021289327741254128,-0.10978542610012021,4,11
2016-11-07,103.54397583007812,103.74255671619008,102.28629198600647,102.3193875756845,734484,0.026663396686921415,3.0,0.02119731128370696,-0.11339832811726491,0,11
2016-11-08,104.30520629882812,104.86786072909103,102.64208674502832,103.2543772129607,620063,0.007351760086933723,1.0,0.02209522218632848,-0.09886941333989341,1,11
2016-11-09,100.71420288085938,105.06645738245535,98.88559040425768,105.06645738245535,2661020,-0.03442784445179792,-3.0,0.022211830646428125,-0.09374553799589147,2,11
2016-11-10,104.42932891845705,104.8761414631368,101.26029365904108,102.50970371725036,1586765,0.03688780659856383,4.0,0.02296522626340916,-0.10814755061373582,3,11
2016-11-11,103.27920532226562,104.9588726561524,102.94823472440603,104.090076673782,834937,-0.011013415561537232,-1.0,0.024722041666841353,-0.07552001387554652,4,11
2016-11-14,105.49671173095705,105.82768237176664,103.64328496007724,103.98252949950482,851233,0.021470986359471533,2.0,0.02476988779917374,-0.08469600500620877,0,11
2016-11-15,105.93523406982422,106.66336642813128,105.20710171151715,105.96005576185144,636824,0.004156739406110832,0.0,0.025380299262677996,-0.061050000774102386,1,11
2016-11-16,105.09125518798828,105.8938599351927,105.05815960007128,105.81938751433596,754039,-0.00796693271362059,-1.0,0.02541013520655707,-0.058395237190407845,2,11
2016-11-17,105.18228149414062,105.9683311448649,104.73546898725492,105.09126127405423,835170,0.0008661644205267827,0.0,0.025022507001578587,-0.08170055903880735,3,11
2016-11-18,104.2555694580078,105.75321115344724,104.19765217103946,104.92578459939108,759976,-0.008810533703668022,-1.0,0.025040376741922648,-0.07904077485763539,4,11
2016-11-21,104.35485076904295,104.76856032124569,103.76737468118452,104.30520003826548,635777,0.000952287839885102,0.0,0.024769175393037347,-0.09884128610285237,0,11
2016-11-22,103.20471954345705,105.19881677015788,102.50140895101238,104.45412934730122,891508,-0.011021348956086086,-1.0,0.024788542336517186,-0.0910926206457019,1,11
2016-11-23,104.26383972167967,104.30520921092928,102.28629730706164,102.46005650995426,766843,0.010262323107972371,1.0,0.024702484280432792,-0.10696644455338777,2,11
2016-11-25,105.50496673583984,105.52151452895995,104.29691905372567,104.48723337069336,328248,0.01190371482072039,1.0,0.02490595808531916,-0.08958895744879458,4,11
2016-11-28,104.015625,105.52154067951858,103.51916903923414,105.28985682233422,861360,-0.014116318709135434,-1.0,0.01650811536053738,0.008303103981072812,0,11
2016-11-29,105.6787338256836,106.075902962055,103.97423740771669,104.3300370553132,534276,0.01598902881834907,2.0,0.016198941626509773,0.01419957484592338,1,11
2016-11-30,104.13145446777344,105.9931549128101,103.90804453593378,105.30639201813842,838080,-0.01464135026884772,-1.0,0.016533620247887203,0.02999989143433246,2,11
2016-12-01,102.31111145019533,104.47068680618226,102.0711537341676,104.17281915752304,807350,-0.01748120226383154,-2.0,0.01675152003306147,0.0040690317055196434,3,12
2016-12-02,102.99787902832033,103.808757735113,102.40212900764192,102.70000401798112,604931,0.006712541466811439,1.0,0.016992450308345685,-0.001453501143217406,4,12
2016-12-05,103.63499450683594,104.21418936170984,103.27920222700652,103.42813237834032,668136,0.006185714546028898,1.0,0.017052258949362867,0.003709076039478898,0,12
2016-12-06,103.5191650390625,104.27211917570378,102.898593275074,103.96597024285492,745426,-0.0011176675246100665,-0.0,0.016485767467225836,0.029762300954055743,1,12
2016-12-07,104.56998443603516,105.17400834698356,102.11253400074236,103.12199358613286,1054118,0.010150964766535209,1.0,0.016495038181287475,0.026417391733235096,2,12
2016-12-08,105.13262939453124,105.7035577039144,103.84184997149366,104.56170843319192,768822,0.005380558881504349,1.0,0.015598313478596809,0.009908916455369399,3,12
2016-12-09,105.73666381835938,106.10073003412312,104.55344494310492,105.00025748865748,815615,0.00574545150546335,1.0,0.015561446848863065,0.00793271136756668,4,12
2016-12-12,106.86194610595705,108.23547183364045,105.55461890430936,106.0345269888824,681406,0.010642309365186176,1.0,0.01336892128397243,0.04986844748641217,0,12
2016-12-13,107.24256896972656,107.92105794610148,106.79575646770752,106.93642007101224,674771,0.003561818567220598,0.0,0.01100119421407484,0.023294386861371974,1,12
2016-12-14,105.37258911132812,107.22601563348935,104.83476372919664,106.86194944706328,782557,-0.017436917787061912,-2.0,0.010649269390287892,0.0383752337665062,2,12
2016-12-15,105.39740753173828,105.76147370686178,104.61962444994263,105.32293510843718,1061335,0.0002355301375762675,0.0,0.010447397392316626,-0.0011765543929508349,3,12
2016-12-16,105.71183776855467,106.57235988346436,104.90095904064626,105.76148115555594,1362346,0.002983282456181069,0.0,0.010404268800316,-0.005076937270289572,4,12
2016-12-19,105.76148223876952,106.83713305641244,105.17401344243837,105.59599693235953,590264,0.00046962072803546917,0.0,0.010268568097289462,0.005905178118353227,0,12
2016-12-20,106.20828247070312,107.05224935280717,105.56288911564148,105.74492219680714,759976,0.00422460259137547,0.0,0.010267898924850645,0.00550663796602624,1,12
2016-12-21,106.26620483398438,106.74611292476293,105.72837946171396,106.22483534720446,648232,0.0005453657844172177,0.0,0.010081156545907972,0.01873005943804129,2,12
2016-12-22,104.93405151367188,106.93642290641606,104.6196287092524,106.34067288792778,832493,-0.012536001661051843,-1.0,0.010081507915726479,0.018315910097668642,3,12
2016-12-23,106.1007080078125,106.34893224955886,105.04987906954352,105.17399486443824,375506,0.011117997230752241,1.0,0.01017613501258577,0.016756326434147706,4,12
2016-12-27,106.48133850097656,107.49079811395364,106.13382009965947,106.13382009965947,305084,0.0035874453649831217,0.0,0.010217374320615829,0.01761750086162306,1,12
2016-12-28,105.54634857177734,106.85367581757863,105.18228238443804,106.49788352776778,388078,-0.00878078677786942,-1.0,0.009925825673742776,0.009254273001017443,2,12
2016-12-29,106.05107879638672,106.23311189079658,105.37258980411978,105.39741149680604,399718,0.0047820718711659715,0.0,0.009596176208683013,0.014716284902170695,3,12
2016-12-30,106.2248306274414,106.43995929718226,105.35603470344616,106.1669060004794,708061,0.0016383787230329627,0.0,0.008998763407145213,0.0035233670694549968,4,12
2017-01-03,106.7957534790039,107.87967809217868,106.07589503593296,106.8784924503713,1118371,0.0053746647388395186,1.0,0.008332268618526121,0.02010320676271582,1,1
2017-01-04,107.64801025390624,107.69765364070636,106.67992012303893,107.19292383077264,1373520,0.007980249655431093,1.0,0.00721833672416894,0.04383338197818021,2,1
2017-01-05,106.828857421875,108.2189310339042,106.034533842455,107.29221774189948,981019,-0.00760954921599688,-1.0,0.007264259776542948,0.045147834785095986,3,1
2017-01-06,107.01917266845705,107.30877380930158,106.4399777348127,106.72957887565724,857984,0.001781496602837107,0.0,0.007499143838579282,0.03081838263452985,4,1
2017-01-09,108.1692886352539,108.38441732764151,107.1019117231309,107.1019117231309,832260,0.01074682169670571,1.0,0.007475709894779633,0.03381023821119333,0,1
2017-01-10,109.26974487304688,109.74137902495627,107.83830197210644,108.37612729703756,765912,0.010173462834758062,1.0,0.007510791146414051,0.03442005101779877,1,1
2017-01-11,111.65274047851562,112.46361916453372,109.5345345660251,109.55935625824344,1928282,0.021808375303130623,2.0,0.007700573128672777,0.03935139359056916,2,1
2017-01-12,111.41278839111328,111.61136927384774,110.41987662939728,111.41278839111328,836101,-0.0021490926812361977,-0.0,0.008821210142184668,0.05595104334215839,3,1
2017-01-13,111.14801025390624,112.52153600225007,110.97425106101991,111.13146245915937,780462,-0.0023765506727786434,-0.0,0.008681012469454694,0.042586181994513916,4,1
2017-01-17,110.86669158935548,111.2142099788714,109.7662117905257,110.8170408565361,647300,-0.002531027446268319,-0.0,0.008725013870216333,0.036416894165246516,1,1
2017-01-18,111.19764709472656,111.92578676096224,110.7425680698781,111.44587869741063,910132,0.002985166244492188,0.0,0.007623632730647204,0.05213976921666741,2,1
2017-01-19,109.83240509033205,110.87496020925504,109.68346759505108,110.84186462098006,746706,-0.012277615939404685,-1.0,0.007607278551316894,0.05503208948703664,3,1
2017-01-20,109.55107879638672,110.39505304456895,109.16219093486502,109.98961738877348,612031,-0.0025614143085909147,-0.0,0.008267290753975266,0.03897924214314519,4,1
2017-01-23,109.66692352294922,109.97306507292654,108.88086653452248,109.0380779322078,1024204,0.001057449436694391,0.0,0.008318984044949457,0.035831537885047116,0,1
2017-01-24,110.08063507080078,110.1964769838265,108.78984827665236,109.53453579175488,626930,0.0037724368894600513,0.0,0.008299816527612549,0.03256470184611193,1,1
2017-01-25,111.77685546875,112.34777642972048,109.99789405903076,110.2461183274394,1428694,0.015408890009203313,2.0,0.008309962481027862,0.035895045304154216,2,1
2017-01-26,110.73430633544922,112.19884502957731,110.72603243765388,111.77686154592678,1018034,-0.00932705727790184,-1.0,0.008149960565462811,0.065210518953293,3,1
2017-01-27,110.5688247680664,111.60310611570118,110.16338171826077,111.10665018707115,871138,-0.0014944019866933722,-0.0,0.008355822757282666,0.04367170035562373,4,1
2017-01-30,109.6338348388672,110.2544066129388,108.75676486556854,109.98135326881656,669300,-0.008456180403115243,-1.0,0.0083832413667801,0.038386879096681925,0,1
2017-01-31,111.04872131347656,111.1562819772277,108.69883163276268,109.61727096347178,968914,0.012905564023085292,1.0,0.008362975775834289,0.03872693202939326,1,1
2017-02-01,112.8359603881836,113.092465906462,111.39624344056917,111.45416072299926,890809,0.016094188690942923,2.0,0.008687257285460749,0.047124862602153206,2,2
2017-02-02,112.9352569580078,113.01799593470427,112.05818706480456,112.58773855979436,796525,0.0008800081949282834,0.0,0.009195803107195697,0.06223714099323141,3,2
2017-02-03,113.92816162109376,114.06882522977192,112.76149795933496,112.91870936338182,584212,0.008791804170199535,1.0,0.009188101110722671,0.05748827344722951,4,2
2017-02-06,107.4494171142578,112.2484830366282,105.9104061664347,112.2484830366282,4272229,-0.05686692749755062,-6.0,0.009213069854511606,0.05833968832656278,0,2
2017-02-07,108.06171417236328,108.13618659670172,107.0853575429482,107.25911673567944,1086478,0.005698467935422835,1.0,0.015856128912161645,0.00580891443902809,1,2
2017-02-08,108.7981185913086,109.08771232271164,107.97069218435016,108.3926756104752,751828,0.006814665347346871,1.0,0.015896200830705125,0.009741632998191863,2,2
2017-02-09,110.73430633544922,110.93288723058149,107.8052215991488,108.79813342285436,1067854,0.017796150974023428,2.0,0.015793341733862775,0.005813387182151963,3,2
2017-02-10,111.71066284179688,112.33122717879549,110.5853613810912,110.74257277666132,1269924,0.008817109517893718,1.0,0.016113608500610156,0.013403174539337703,4,2
2017-02-13,111.64447021484376,113.0593655016906,111.42934152723916,111.84305110709754,928523,-0.0005925363369014836,-0.0,0.015502950750868976,0.0005187724280928396,0,2
2017-02-14,112.43052673339844,112.70357270351457,110.99080241189462,111.8595984041624,871487,0.007040711618246931,1.0,0.015495168210374744,0.0020794903985095203,1,2
2017-02-15,112.8359603881836,113.51444937454072,110.95770482946644,111.85132249860796,1175058,0.0036060816093705927,0.0,0.015552548145172587,0.011538816363535709,2,2
2017-02-16,115.11965942382812,116.6503966956436,113.43171808904566,114.63975864078736,1837723,0.020239106644619698,2.0,0.015547158096553725,0.01776249268916752,3,2
2017-02-17,115.5002670288086,115.99671554885244,114.41633507686475,114.74730565558971,1042129,0.003306191200403097,0.0,0.016105588864222895,0.03527064134514002,4,2
2017-02-21,115.54164123535156,116.1373838925733,114.79695372876952,115.01208975736203,1081822,0.0003582174102909619,0.0,0.015781314487102266,0.051604641943468366,1,2
2017-02-22,115.02864074707033,115.73195143812264,114.92934662742022,115.22722163832644,1163651,-0.004439961928845104,-0.0,0.015747129085010456,0.05468282471320052,2,2
2017-02-23,116.06291961669922,116.50145087822612,114.96243981806354,115.45889570986218,1256887,0.008991489970772593,1.0,0.01582061691586313,0.048890924007721326,3,2
2017-02-24,118.23077392578124,118.43763606714126,115.8395219338674,116.0049998900846,1506332,0.018678267927787928,2.0,0.015884157315589446,0.054344567889264006,4,2
2017-02-27,118.17284393310548,118.90097625433673,117.75086049404209,118.32178142572884,721564,-0.0004899738938706211,-0.0,0.016030846197288597,0.05773930953743456,0,2
2017-02-28,117.70948791503906,118.3466073931616,117.32887394682704,117.71776181225916,825625,-0.003921002513307625,-0.0,0.01581101794510188,0.06717464391859362,1,2
2017-03-01,118.1066665649414,118.44591107445292,117.17167201529048,118.44591107445292,989982,0.003374227999267232,0.0,0.015856019542338513,0.06458116166063266,2,3
2017-03-02,117.43644714355467,118.1645795232454,117.37024861482752,117.9990942234935,560699,-0.005674695941216945,-1.0,0.015633236525529025,0.07728300062227178,3,3
2017-03-03,117.73432159423828,117.91635468829747,116.71658810779844,117.3537002629836,749383,0.002536473624065616,0.0,0.015610206628194935,0.05752183144951628,4,3
2017-03-06,117.85015869140624,118.16458150100183,116.90689761066366,117.4612708022958,904894,0.0009838855450086115,0.0,0.015309746517696107,0.04341134855593132,0,3
2017-03-07,117.56884002685548,118.14803491760102,117.088931909815,117.57711392466425,579323,-0.0023870877025069515,-0.0,0.015309335775641817,0.04351964006444797,1,3
2017-03-08,117.58538818359376,118.08184409777644,117.17994514558688,117.57711428575958,654401,0.0001407529132251284,0.0,0.015260942210895061,0.03195591286612709,2,3
2017-03-09,118.42935943603516,118.5451940027138,117.378523001999,117.5522895481051,831794,0.007177518103895997,1.0,0.007367018466053773,0.09433249003629074,3,3
2017-03-10,119.09957885742188,119.38089873475144,118.23077548753967,118.7934299382875,704220,0.005659233694907506,1.0,0.007387821856708198,0.09594189156702648,4,3
2017-03-13,119.3478012084961,119.5215604100471,118.2142257754994,119.21541149587529,790123,0.00208415809237561,0.0,0.0073732110959250086,0.09468417652340011,0,3
2017-03-14,118.3962631225586,119.06647825944997,118.03219691082283,119.05820436136706,606677,-0.007972816225371382,-1.0,0.00670686262629256,0.07778524251512331,1,3
2017-03-15,119.37261962890624,119.67049463712492,118.37970783353998,118.85961593610476,527641,0.008246514548664097,1.0,0.007045385932609928,0.05984746765158655,2,3
2017-03-16,119.29814910888672,119.97663806996552,119.04991749734664,119.3974358750678,652073,-0.0006238492566471576,-0.0,0.007096723603882861,0.06922106754764257,3,3
2017-03-17,118.9423599243164,119.50500699142547,118.5534647025386,119.39743897722416,743796,-0.0029823529302669405,-0.0,0.007087274796128085,0.061083253587997266,4,3
2017-03-20,118.8513412475586,119.48846074755168,118.37970704569186,119.14094235629072,893952,-0.0007652334863351706,-0.0,0.007197156393985969,0.05411749512411901,0,3
2017-03-21,117.88324737548828,119.4719091258338,117.43644222848911,119.07474001422555,767658,-0.008145418149332007,-1.0,0.005968782480349546,0.03241567810752288,1,3
2017-03-22,117.74259185791016,118.58656612178947,117.2047591418338,118.17284921311872,1042944,-0.0011931764751109686,-0.0,0.0063123092587242715,0.020631816773941436,2,3
2017-03-23,117.08065032958984,118.43762826553946,116.71658415380487,117.80878268115976,929338,-0.005621937804113686,-1.0,0.006329151322154822,0.019048981813192256,3,3
2017-03-24,117.4943618774414,117.99081776592575,117.06410451624798,117.2792331968447,1015474,0.003533560384973322,0.0,0.006384197345282373,0.01783911875505484,4,3
2017-03-27,117.93289947509766,117.96599506443802,116.72485902786778,116.95653550129413,972173,0.0037324139699033143,0.0,0.00614323192201599,0.012333329761732292,0,3
2017-03-28,118.24732971191406,118.41280766903036,116.90689947491782,117.59366238912756,687575,0.002666179142680969,0.0,0.004621633241854729,-0.0025194324691688585,1,3
2017-03-29,118.47901153564452,118.80170826264258,117.87498757279062,118.06530192813376,500753,0.0019592985676286645,0.0,0.004659817379218356,0.0006303121455784044,2,3
2017-03-30,119.13267517089844,119.45537188782826,117.60193791399657,117.74260152753575,501451,0.005517126002163364,1.0,0.004585964690197631,0.006537481678289936,3,3
2017-03-31,118.7106704711914,119.3395160356948,118.44589841900924,119.1492090565516,479801,-0.0035423085992289938,-0.0,0.004680187093498025,0.008687135415788472,4,3
2017-04-03,119.60430908203124,119.72842490692582,118.1149485754756,118.1149485754756,888598,0.007527870976490769,1.0,0.0045629530063842644,0.010850322524480926,0,4
2017-04-04,118.74376678466795,119.57119323037396,118.561733701417,119.37261235301324,570244,-0.007194910484145445,-1.0,0.004797025562189048,0.01588311260872355,1,4
2017-04-05,118.77688598632812,120.50620418804822,118.55347603916526,119.1574999990614,613428,0.00027891318051431746,0.0,0.005100494759678658,0.007582578616645463,2,4
2017-04-06,119.165771484375,119.165771484375,118.11494234751952,118.90099205163382,1600616,0.003274083966906094,0.0,0.0050614112813448684,0.010275222237428716,3,4
2017-04-07,118.6444854736328,119.13266746644136,117.87497627193964,119.00027775943424,631586,-0.004374460923206924,-0.0,0.005096381872738804,0.01344030346962577,4,4
2017-04-10,118.72722625732422,119.58774834391848,118.49554977756408,118.68585676951776,473864,0.000697384150313507,0.0,0.004978481440320258,0.0018164924527337423,0,4
2017-04-11,118.60311126708984,118.91752670516038,117.85842378733436,118.42107083467124,593640,-0.0010453793468178096,-0.0,0.004816468735072504,-0.003126397285950211,1,4
2017-04-12,117.96598815917967,118.85133186242894,117.7839550804194,118.69412047422092,593407,-0.005371892027987268,-1.0,0.004792630303432855,-0.00623966201191517,2,4
2017-04-13,117.57711029052734,118.11493567560572,117.33715256540172,117.77569117984385,576413,-0.0032965253351464607,-0.0,0.0046143726442674105,-0.0036341937830717264,3,4
2017-04-17,117.9163589477539,118.437636556123,117.4281769307649,117.7756953363443,917581,0.002885329094993949,0.0,0.00423437048973145,-0.015041215849669665,0,4
2017-04-18,117.65157318115234,117.89979745117203,116.7414077270216,117.33715038389522,595270,-0.0022455388630078232,-0.0,0.004306684915639486,-0.011582662190941617,1,4
2017-04-19,118.15630340576172,118.247323625535,117.36197251226758,117.94117472453928,963908,0.004290042291506202,0.0,0.004288806031967628,-0.010852203907719682,2,4
2017-04-20,120.52274322509766,121.32534068317275,118.60311815652504,118.60311815652504,1378176,0.020028045488265755,2.0,0.004413856034352338,-0.005847959598109687,3,4
2017-04-21,118.56173706054688,120.3241580116494,118.34660838298127,120.28278117715912,976363,-0.016270839113645574,-2.0,0.005923815710884365,0.022390762965681654,4,4
2017-04-24,119.65393829345705,120.10074342581952,119.04991442261434,119.67048608739316,844948,0.009212088655148554,1.0,0.007023667335563367,0.006957084855285345,0,4
2017-04-25,114.92105865478516,116.12909899767848,111.03216558620642,114.90451086154418,3140588,-0.039554733477006665,-4.0,0.007137661122781246,0.0219787638403377,1,4
2017-04-26,114.7555923461914,115.9801806847796,113.93643970512169,114.87143426607284,1481656,-0.0014398258294051614,-0.0,0.011344502193630427,-0.02190150388101575,2,4
2017-04-27,115.57474517822266,115.91398969239478,114.75559253579948,114.95417343589264,805255,0.007138238889134563,1.0,0.011292836702646677,-0.026941651931293054,3,4
2017-04-28,115.96361541748048,116.2201209125628,115.18583973157828,115.42579008513373,1091366,0.0033646644745628507,0.0,0.011411683716004511,-0.022601648089666138,4,4
2017-05-01,116.67521667480467,117.18822039055291,116.2035897967472,116.30287657189852,872534,0.006136418347792549,1.0,0.01143415928554259,-0.021230731802714953,0,5
2017-05-02,116.724853515625,117.91634611191736,116.48489580815158,117.46953363279142,944935,0.00042542745781792846,0.0,0.011452478980953858,-0.02062791331235103,1,5
2017-05-03,116.3359603881836,116.8655118461896,115.8643335578638,116.6834787621264,658940,-0.003331707993014077,-0.0,0.01143992741213592,-0.01672820941608888,2,5
2017-05-04,116.58419036865234,117.00617381052736,115.99671429116562,116.2945892783971,561863,0.002133733882803579,0.0,0.011292003498211477,-0.027326345672094687,3,5
2017-05-05,117.80878448486328,117.93290029379509,116.02154916763855,116.65866131099482,833890,0.010503946652960616,1.0,0.011230047985016638,-0.018186861293795986,4,5
2017-05-08,117.65157318115234,118.2142202484292,117.1137478060731,117.65157318115234,580720,-0.0013344616396677722,-0.0,0.011498207753087616,-0.008150588335648745,0,5
2017-05-09,117.51918029785156,118.2142170527706,117.4695369147984,117.65157000070369,419389,-0.0011252963281411787,-0.0,0.0114700100914165,-0.012706654640516457,1,5
2017-05-10,117.2461395263672,117.73432152543648,116.840696502711,117.13029761274484,812356,-0.002323371987383971,-0.0,0.0114376427780397,-0.009484681662944361,2,5
2017-05-11,116.77450561523438,117.85015638656624,116.49317840203632,116.90689532427136,885338,-0.004022596505420695,-0.0,0.011442271008853712,-0.012474701697713142,3,5
2017-05-12,115.27686309814452,116.96481166768642,114.4411627108692,116.30287047586262,844133,-0.012825081204150046,-1.0,0.011467335918673577,-0.015417855672753111,4,5
2017-05-15,116.27804565429688,116.68348131675876,115.14447763964068,115.34305852223514,692231,0.008685026025560427,1.0,0.011732214983491944,-0.022795765991520667,0,5
2017-05-16,114.30049896240234,116.55936835523038,113.83713868888466,116.55936835523038,873233,-0.0170070513377385,-2.0,0.011906575998942046,-0.01104861850253458,1,5
2017-05-17,113.77923583984376,114.72249695236792,113.03454827938316,114.30051345814395,1027463,-0.004560462353974892,-0.0,0.012407823467584522,-0.030664617001561867,2,5
2017-05-18,114.39979553222656,115.1941264480552,113.49790394678428,113.886791833014,828884,0.005454068027458847,1.0,0.012425908735014694,-0.03291360443898361,3,5
2017-05-19,115.30168914794922,115.57474247171076,113.85369824714722,114.65630307477106,420902,0.007883699542702294,1.0,0.012455673387594169,-0.031792699714334294,4,5
2017-05-22,116.0877456665039,116.3442438454702,114.90452684884428,115.01209486792033,612846,0.0068173894447118855,1.0,0.011664817445445829,-0.04332007335243926,0,5
2017-05-23,115.59127807617188,116.74967508346646,115.49198396490068,116.41043061301808,702823,-0.0042766580355370065,-0.0,0.011340087326961045,-0.020866693213001386,1,5
2017-05-24,116.40216827392578,116.6834881457141,115.24377115161124,115.80641824323206,632285,0.007015150375096146,1.0,0.011116018826648902,-0.033953418293021786,2,5
2017-05-25,117.32887268066406,117.48608407419312,116.17875689121948,116.44352894744908,519726,0.007961229764702482,1.0,0.00707173413635991,0.012888061043622834,3,5
2017-05-26,115.9222640991211,117.72605469996844,115.71540930011813,117.57711718723384,665226,-0.011988597089578779,-1.0,0.0072296954103118856,0.022424008119008798,4,5
2017-05-30,114.61492156982422,116.27804844199656,114.36669729764102,115.40925246728948,686294,-0.011277751857736384,-1.0,0.007622643828753683,0.0030068759430319503,1,5
2017-05-31,115.01210021972656,115.36789253655311,114.18467366383533,114.72249908815348,943888,0.00346533107960445,0.0,0.007977315187519768,-0.011630319068621886,2,5
2017-06-01,117.55227661132812,118.23903208233396,115.0120801009087,115.57472712127432,1082171,0.02208616647073347,2.0,0.007886543998653434,-0.014254239267568858,3,6
2017-06-02,117.1468505859375,118.2390491979316,116.90690019858926,117.79224401486326,711088,-0.0034488998178326957,-0.0,0.009320801890690227,0.007088662532289014,4,6
2017-06-05,115.77332305908205,117.08893159145082,115.44235245154329,116.90689849210892,827255,-0.011724835281404777,-1.0,0.00932316864975882,0.006970245443009837,0,6
2017-06-06,115.2520523071289,115.6988648582863,114.59838495097156,115.58302293434669,629258,-0.004502511789241104,-0.0,0.009676048047678517,-0.006955208137623514,1,6
2017-06-07,116.22840881347656,116.25323050669267,115.27686648526024,115.50027642029367,860662,0.008471489112799713,1.0,0.00938908319606848,-0.021702389927152455,2,6
2017-06-08,115.73194122314452,116.2532187721983,115.43406623852997,116.22839708148766,619830,-0.004271482294219253,-0.0,0.00961291386421587,-0.012096432960437165,3,6
2017-06-09,116.34423828125,116.41871070567764,115.57473643310875,115.89743312685955,579323,0.005290648818591093,1.0,0.009647023341169583,-0.015208062804533684,4,6
2017-06-12,116.43524169921876,116.47661118012915,114.03570893381608,116.17046967334934,887434,0.0007821910161873724,0.0,0.009725142963523309,-0.007692374766116505,0,6
2017-06-13,117.19647979736328,117.69293565586716,116.29458829436749,116.33595777889862,502382,0.0065378667750009,1.0,0.009690200943025626,-0.002905290964223539,1,6
2017-06-14,116.75794982910156,117.79223104183608,116.16219985323082,117.7012108268389,545450,-0.0037418356679309595,-0.0,0.00933285048133003,0.016652228796202095,2,6
2017-06-15,116.17048645019533,117.1964864651579,115.98017211443748,116.5262787334924,642644,-0.005031463637089395,-1.0,0.00920283538522045,0.004127212253218326,3,6
2017-06-16,116.47663116455078,116.79932786710408,115.86434069789496,116.1704896052449,888365,0.002635305435229496,0.0,0.00841851303604344,0.016360274056267166,4,6
2017-06-19,117.40335083007812,117.41162472761256,116.22840594388109,116.65866331175944,713066,0.007956271195877385,1.0,0.008335163190745454,0.023707272287395886,0,6
2017-06-20,119.52154541015624,120.91161884811086,117.71775509068836,117.71775509068836,1452090,0.018042028316072933,2.0,0.008417256998322587,0.026254900927733305,1,6
2017-06-21,120.97781372070312,121.00264275974853,119.38915936419184,119.38915936419184,1019548,0.012184148937745887,1.0,0.009082071927637382,0.03659839065143533,2,6
2017-06-22,124.39508819580078,126.15750174735598,120.71304235270055,120.89507543578934,1726910,0.028247117136593225,3.0,0.009304509847798228,0.04212389538726491,3,6
2017-06-23,125.45418548583984,126.05819463933578,123.65867642653278,124.70123149607429,2123602,0.008513979976219055,1.0,0.010793781104604256,0.07616327344202745,4,6
2017-06-26,126.01685333251952,127.36555757675237,125.44593963807829,125.44593963807829,1028743,0.004485046429504536,0.0,0.010822710907964885,0.07776502230278237,0,6
2017-06-27,124.3620147705078,126.30645440363216,124.3620147705078,125.28044689863196,1075187,-0.013131882904940606,-1.0,0.01077961762784385,0.07404810472782497,1,6
2017-06-28,126.57119750976562,126.83597688253346,124.62674373886674,125.18112417284138,933179,0.017764127923904693,2.0,0.01086411012188961,0.07280526080969363,2,6
2017-06-29,125.81000518798828,127.10906603402468,125.34663748081564,126.63742442836998,895698,-0.006013945800888987,-1.0,0.010749056870663451,0.10431692292925021,3,6
2017-06-30,127.53931427001952,128.10195402238412,126.2237057217257,126.2237057217257,1119186,0.013745401881569475,1.0,0.011003529111686354,0.09388494730235086,4,6
2017-07-03,125.43766021728516,127.83719355705804,125.43766021728516,127.53931852711592,612497,-0.016478480104455073,-2.0,0.010468445736993827,0.08495826662474837,0,7
2017-07-05,126.8690948486328,126.94355992708644,124.73434108976755,125.7438006859585,800134,0.011411522096857363,1.0,0.011282867193977373,0.07077279149955151,2,7
2017-07-06,124.9329071044922,126.21541994049012,124.72605967680686,126.21541994049012,687109,-0.015261303365099677,-2.0,0.010861885450120781,0.09584048808798817,3,7
2017-07-07,125.3135223388672,125.52038446473844,124.29578889606849,125.07357932031792,610169,0.0030465570936939468,0.0,0.01153672184835226,0.08399724433162636,4,7
2017-07-10,125.37145233154295,125.80999831932692,124.6184982186074,125.4459321099046,521006,0.00046228045939922247,0.0,0.011490147451102028,0.07816603202380956,0,7
2017-07-11,125.330078125,125.72725460768596,123.9813740124588,125.15632627290216,372364,-0.00033001297961787746,-0.0,0.011372744833460837,0.08329170846458323,1,7
2017-07-12,126.14095306396484,126.84426370021906,125.90926925218082,126.04165160400768,516583,0.006469914892705209,1.0,0.011403942263234337,0.07723493639648638,2,7
2017-07-13,126.11614990234376,126.7201591673836,125.54522153403396,126.231984477211,367824,-0.00019663052338370068,-0.0,0.0114009473826859,0.08335716251457903,3,7
2017-07-14,126.8442611694336,127.34898357179031,125.72724100992008,126.11612885673946,480732,0.00577333884402309,1.0,0.011417197410258349,0.0761086862028868,4,7
2017-07-17,127.15868377685548,127.64685838491911,126.68704226633145,126.90217827956052,339422,0.0024788083002185157,0.0,0.01130111099566883,0.08638650605886244,0,7
2017-07-18,126.85255432128906,127.05940177328904,126.19061308271124,127.00975838480905,607957,-0.0024074600843119187,-0.0,0.011117898110185927,0.09458682374865512,1,7
2017-07-19,128.25918579101562,128.2674596897415,126.91875541306744,127.05941169140692,452563,0.011088712223830122,1.0,0.011211340627955717,0.08908158703594227,2,7
2017-07-20,129.17759704589844,130.09602894359497,128.12675341289116,128.47428645580223,788028,0.007160588531875289,1.0,0.011285366751498799,0.09246614244127938,3,7
2017-07-21,129.53341674804688,129.99676974334116,128.2095342516756,128.9955839728626,581185,0.002754500085816014,0.0,0.010863861661089613,0.08078921338078415,4,7
2017-07-24,130.6421661376953,130.80764410542434,129.3762009002102,129.51687186886937,1218010,0.008559562601556658,1.0,0.010691882178790206,0.07072043016991314,0,7
2017-07-25,129.8478240966797,130.55940864923843,127.81235720556865,130.55940864923843,1203227,-0.006080288351759222,-1.0,0.009147959312082975,0.05021965121373184,1,7
2017-07-26,133.35610961914062,135.87975125820097,129.86437787321302,130.06295141549057,1745418,0.027018439060240373,3.0,0.009212471947470496,0.03502185753169429,2,7
2017-07-27,132.47076416015625,134.3159168832618,131.899835809487,133.62915396130435,1096954,-0.006638956861540812,-1.0,0.010740899769532259,0.058240275745142345,3,7
2017-07-28,132.44593811035156,132.7769087135214,131.17997298141148,132.09841971182766,725056,-0.0001874077647402439,-0.0,0.010346974308352545,0.06520278241400312,4,7
2017-07-31,131.48611450195312,132.76035345695726,131.41164942704475,132.57831302220492,798737,-0.007246908603559699,-1.0,0.00979872496342114,0.046414513855987494,0,7
2017-08-01,132.7686309814453,133.14924495968515,131.56058317113332,132.31355192626268,784885,0.009754006986594232,1.0,0.009853993023694654,0.045116517605125805,1,8
2017-08-02,132.263916015625,132.6858995049008,131.26273028077782,132.52868074860515,655099,-0.0038014624545676945,-0.0,0.009655644835820747,0.04100160598601432,2,8
2017-08-03,132.8513641357422,133.3064578670754,131.89982188378482,132.31354612973996,784070,0.004441484403408857,0.0,0.008803990202984106,0.05441950835590603,3,8
2017-08-04,131.27102661132812,133.33958961776014,130.7745632599734,133.21546643187588,735066,-0.011895531029695205,-1.0,0.00858232781783637,0.04715308558200726,4,8
2017-08-07,130.9069366455078,131.204796967086,129.64924539226817,131.18824917144278,592942,-0.0027735744529394646,-0.0,0.008264876287405786,0.05073218620883302,0,8
2017-08-08,130.2615509033203,131.48613194138494,130.0464148511856,130.59252153178713,526594,-0.004930111105839963,-0.0,0.008339066430931697,0.04463536099093246,1,8
2017-08-09,130.5263214111328,130.94831963572133,129.40930100178147,130.1788029707064,492372,0.0020326067513891655,0.0,0.008474408741927845,0.03900488094247767,2,8
2017-08-10,129.4093017578125,130.40221369284444,129.28519327696728,130.1208864401719,694908,-0.00855781149153756,-1.0,0.008459583091018208,0.041460464749333736,3,8
2017-08-11,129.25209045410156,130.09605746883324,128.87147643803735,129.5085959962609,513790,-0.0012148377402202426,-0.0,0.008692317781146382,0.02591029015129065,4,8
2017-08-14,129.49203491210938,130.2615515469573,129.26863965665078,130.2615515469573,463272,0.0018564067874244916,0.0,0.008703649765029811,0.024865495451503072,0,8
2017-08-15,129.70716857910156,130.28637084514722,129.3513762604939,129.64925129171482,441971,0.0016613660225373028,0.0,0.008642635230270718,0.02087420998210554,1,8
2017-08-16,129.4423828125,130.72489575486344,129.05349492011186,129.9222982767063,610169,-0.0020414119705348677,-0.0,0.008637573631167749,0.02004176770749133,2,8
2017-08-17,127.88682556152344,129.96366199198607,127.77925019889712,129.2107079340409,514372,-0.012017371877569794,-1.0,0.008630761160334384,0.020416053149796998,3,8
2017-08-18,127.3489990234375,127.93647516140224,127.00975451640114,127.60550455219388,536022,-0.004205488217605358,-0.0,0.008752022131062185,-0.002903185664213659,4,8
2017-08-21,127.20832061767578,127.84544003170744,126.84425448052708,127.44000441261984,437664,-0.0011046683275133251,-0.0,0.00863103225163572,-0.014155690028908152,0,8
2017-08-22,128.58187866210938,128.74735663163906,126.77809531378736,127.20835273065424,521472,0.01079770598152785,1.0,0.00859607959586723,-0.017949778433572816,1,8
2017-08-23,127.1421356201172,128.7142347944762,126.45537279441216,128.11848483345608,941094,-0.011197091355116706,-1.0,0.008731095118562411,-0.015770463216404518,2,8
2017-08-24,127.77098083496094,128.15988341995916,126.86909659134696,127.3655451506118,1039219,0.004946001667949229,0.0,0.00895662802961165,-0.020837380182419762,3,8
2017-08-25,128.06057739257812,129.45065094434224,127.78752408146278,128.18470055004207,848672,0.002266528406722035,0.0,0.006454151316356497,-0.04188131162592079,4,8
2017-08-28,126.77809143066406,129.028679923872,126.72015944701344,128.59014862196054,761954,-0.01001468202023259,-1.0,0.006427682975227367,-0.03329177419287954,0,8
2017-08-29,126.49673461914062,126.79460958161472,124.70122564409324,126.24022913810934,710389,-0.0022192857484159,-0.0,0.006673400718517467,-0.042793661780440195,1,8
2017-08-30,127.29106903076172,127.85372341907087,126.0002823141037,126.3229789932682,696188,0.006279485506188731,1.0,0.006567328112077238,-0.03794605918435889,2,8
2017-08-31,129.7981719970703,129.94711684986737,127.65514434345172,127.8537325818184,763584,0.019695827723017256,2.0,0.006299468416575464,-0.04125644672384321,3,8
2017-09-01,130.4104766845703,131.07241791922957,129.47548211879857,130.0050409849615,644274,0.004717359867855597,0.0,0.007855406848370876,-0.018642605578557014,4,9
2017-09-05,129.90574645996094,130.31945603292377,129.2934486500102,130.17051118116083,636126,-0.0038703196049976185,-0.0,0.007864952160386256,-0.01837307028837032,1,9
2017-09-06,131.1302947998047,131.24614403263078,129.22722535862553,130.617298583864,695839,0.009426437037727053,1.0,0.007487501519151491,-0.010400468302952715,2,9
2017-09-07,130.76622009277344,131.792227153186,130.2780455954192,131.46953055456763,649512,-0.0027764347482561735,-0.0,0.0077679666146584945,0.001706236201231448,3,9
2017-09-08,130.36083984375,131.0310550101018,129.82300705254343,130.54288030566426,463621,-0.003100037981795589,-0.0,0.007712116141313687,0.0038742759160581564,4,9
2017-09-11,131.73434448242188,132.0322194744526,130.59250259304343,131.46129118171976,895116,0.010536175129879144,1.0,0.007732849682713713,-0.0012678022761521968,0,9
2017-09-12,131.2875518798828,131.69298757305515,130.55114557463514,131.69298757305515,643226,-0.0033916182169083653,-0.0,0.007802486033736943,0.017966581173281204,1,9
2017-09-13,128.42465209960938,131.70953655627852,128.2095307522786,131.70953655627852,988934,-0.021806330754744807,-2.0,0.007846006667978285,0.01574799617267364,2,9
2017-09-14,127.49793243408205,128.3088037406053,126.68704643147156,128.2757081522645,880450,-0.007216057434273115,-1.0,0.00925530253236022,-0.00824284530878261,3,9
2017-09-15,127.09246826171876,127.8206152142815,126.5050069364772,127.4896446707841,928756,-0.003180162725955671,-0.0,0.009360821251342468,-0.01703249071906321,4,9
2017-09-18,127.21662902832033,127.78754273005434,126.5960572387012,127.3572853050732,578624,0.0009769325303043974,0.0,0.009371810255257547,-0.018154135451795117,0,9
2017-09-19,126.47193145751952,127.6799645808756,126.12441306640504,127.23315941975356,706548,-0.005853775378964254,-1.0,0.009018560529342582,-0.005240543975193912,1,9
2017-09-20,127.54757690429688,128.2260658632431,126.00028465573484,126.54639126018904,1140022,0.00850501320238517,1.0,0.009062126999413053,-0.006887117862281467,2,9
2017-09-21,127.33244323730467,127.94474103032998,126.31470978006134,127.79581087877185,695956,-0.0016866934850015003,-0.0,0.009259406674793884,0.002666934717586056,3,9
2017-09-22,128.3087921142578,128.63976266376272,127.40689332543332,127.70476828959632,594455,0.007667714936825387,1.0,0.008937986454781334,-0.009717041295437934,4,9
2017-09-25,124.37854766845705,124.59366900426063,121.36671670241472,123.80761934664844,2456273,-0.03063113899709169,-3.0,0.008747363015583489,0.009176002026790142,0,9
2017-09-26,124.79226684570312,126.33954458742078,124.0641344147667,124.31235135979792,1070647,0.0033262904656909953,0.0,0.010994110111831741,-0.026550889289061907,1,9
2017-09-27,123.67523956298828,125.48729664045212,123.1870502063171,124.79225984119846,1063663,-0.008951093773270191,-1.0,0.011013342127650892,-0.025521597773651927,2,9
2017-09-28,123.90689849853516,123.9317201896017,122.4920033233936,123.50146284836111,866016,0.001873122998309551,0.0,0.010973016535484341,-0.024474669342792188,3,9
2017-09-29,124.91636657714844,125.4872949029475,123.24497313182702,123.60903197377552,555926,0.00814698851190454,1.0,0.0109888740077973,-0.020473541300516596,4,9
2017-10-02,125.25559997558594,125.79343266337315,124.46955038213083,125.03220476048486,689204,0.002715684163195675,0.0,0.011057448688243625,-0.01865568787893046,0,10
2017-10-03,124.87499237060548,125.72724787830587,124.11376442902964,125.33834531415434,492372,-0.003038647414204565,-0.0,0.010056376758713566,-0.03499719565840187,1,10
2017-10-04,125.91753387451172,126.1657654619902,124.684664529585,124.85843104964572,610285,0.008348681222035026,1.0,0.009952870045206133,-0.042446622807412626,2,10
2017-10-05,125.50385284423828,126.50503862167872,124.77572040538875,126.07478121619296,532530,-0.003285333007599256,-0.0,0.010193285728536604,-0.030700817278152104,3,10
2017-10-06,125.4790267944336,127.00975670332386,125.338355832847,125.55349187616774,489811,-0.0001978110571274616,-0.0,0.009889012119728636,-0.04290726230850195,4,10
2017-10-09,123.50975036621094,125.603134720207,123.2615260801274,125.32180749434056,433124,-0.01569406839159526,-2.0,0.009895405929135381,-0.0404324090318493,0,10
2017-10-10,123.68351745605467,124.4695671554365,123.16223249173116,123.80762592561328,448955,0.0014069098943889635,0.0,0.010342277895866255,-0.05255481236351922,1,10
2017-10-11,123.51800537109376,124.17167260012414,123.09602194488411,123.542827061101,825276,-0.0013381903131896022,-0.0,0.00995066666050398,-0.0611141085340996,2,10
2017-10-12,124.3288803100586,124.63502919194607,123.20358624155794,123.74969283002466,752992,0.006564831876362254,1.0,0.009956205263529532,-0.05917961297577956,3,10
2017-10-13,123.78279113769533,124.41163670911564,123.16221946337032,124.24614407112162,274471,-0.004392295426464021,-0.0,0.009147827113604477,-0.031892411017582445,4,10
2017-10-16,123.8407211303711,124.4033755827886,123.30288837178767,123.76625604886873,410310,0.00046799714357170785,0.0,0.009080138089290667,-0.029138835630197257,0,10
2017-10-17,123.89037322998048,124.50267111312289,122.95538595625868,123.66697796976428,614359,0.0004009351621678814,0.0,0.009078621957636476,-0.025585679276063922,1,10
2017-10-18,122.4506378173828,124.3123381883063,122.07002384590707,124.07239516686592,810959,-0.011621043468204473,-1.0,0.00907260405080057,-0.02614639158218357,2,10
2017-10-19,125.2059555053711,125.80170546596548,121.86316159196296,122.69885455928252,1756476,0.022501456399904196,2.0,0.00930417964283522,-0.031795937594955026,3,10
2017-10-20,125.53693389892578,125.9837390491826,124.78397985250244,125.4376471313326,805488,0.0026434716481236187,0.0,0.010483031755881438,-0.018358807401592347,4,10
2017-10-23,125.57829284667967,125.96718068320438,125.01563848536216,125.96718068320438,625883,0.0003294564115066123,0.0,0.010507881347782386,-0.014100957248049273,0,10
2017-10-24,124.82537078857422,125.66106395159458,123.89037614480948,125.18943702839668,820038,-0.0059956385856010375,-1.0,0.010339043878763748,-0.021280687181176594,1,10
2017-10-25,126.3561019897461,128.0605986223205,124.73435904122908,124.73435904122908,1469899,0.012262981407558549,1.0,0.007920278675584418,0.003592445228643548,2,10
2017-10-26,126.9187469482422,127.62205768521248,125.77690491195948,126.89392525372013,1473857,0.004452851501716593,0.0,0.008326298948841477,0.012531506827875294,3,10
2017-10-27,128.58187866210938,129.4423934958431,127.00976447112892,127.45658438103844,1060055,0.013103909027288196,1.0,0.008065080846590241,0.026226004467143182,4,10
2017-10-30,127.56415557861328,128.5818892633998,126.36438141624562,128.30883589507349,842852,-0.007914980665125415,-1.0,0.008469674899648621,0.03772978115201142,0,10
2017-10-31,127.18352508544922,127.87028801904933,125.84309481060671,127.29935965870116,688622,-0.002983835791783185,-0.0,0.008592128795357536,0.02119649389441358,1,10
2017-11-01,125.19769287109376,128.24261942616283,124.94946124916795,127.11732527410078,763700,-0.015613910787747542,-2.0,0.008626312915902537,0.015391927468624722,2,11
2017-11-02,125.61140441894533,126.1078676706043,124.86672423754504,125.48729595407468,673258,0.0033044662274850367,0.0,0.009312583415629214,0.0025841883499826412,3,11
2017-11-03,127.20832061767578,127.3324290634926,125.97545127155136,125.97545127155136,538699,0.012713146597775005,1.0,0.009154636080714663,-0.0024311900507159034,4,11
2017-11-06,125.55348205566406,127.91164566541656,125.33834602917076,126.76980374653894,543704,-0.01300888616386453,-1.0,0.009532115014509802,0.01358099958535064,0,11
2017-11-07,126.09132385253906,126.34781468802878,124.3868274007769,125.95892678974602,702590,0.004283766472016559,0.0,0.009990423327288504,0.0005933681758023557,1,11
2017-11-08,125.5948486328125,126.69532103958063,124.11376226190228,125.6610398098655,562096,-0.0039374257050959205,-0.0,0.009343950528724509,0.020901778836680318,2,11
2017-11-09,125.84307098388672,125.88444046650108,123.60074215358544,125.07356921508736,814451,0.0019763736632218976,0.0,0.00940566194377613,0.015453402491054868,3,11
2017-11-10,124.49437713623048,125.59484955104423,123.98136611814444,125.3962760184334,542075,-0.010717267443583922,-1.0,0.009396277171620261,0.01882369785528515,4,11
2017-11-13,124.00621795654295,124.56885773179728,123.69179512797916,123.90691648177756,537535,-0.003921134358970679,-0.0,0.009631973134107595,0.0013311213433206959,0,11
2017-11-14,124.03929138183594,124.544013779328,122.82296977606988,123.84897706062928,689088,0.0002667077977054344,0.0,0.00962151075056206,0.001804990958711672,1,11
2017-11-15,123.59249114990234,123.98965295265198,122.47547082415232,123.62558674212409,527059,-0.0036020862982697466,-0.0,0.009621257289297856,0.0016034326161247225,2,11
2017-11-16,124.9577407836914,125.76862686627229,123.89036386617416,124.33716904892616,687458,0.011046380092243568,1.0,0.009655013828582013,-0.0024044005382498623,3,11
2017-11-17,124.41165924072266,125.09842221618676,123.85727864275916,124.47785042947297,545334,-0.004370129769823872,-0.0,0.009565778467974897,0.020474396956980945,4,11
2017-11-20,124.70950317382812,125.0983910068068,122.21067620123428,123.49318159962816,1596659,0.0023940194586520303,0.0,0.00825441971322492,-0.006343917599146209,0,11
2017-11-21,126.46366119384766,126.83600128816292,124.84190375668426,125.2556133396914,723193,0.014065953077966098,1.0,0.008250194953871427,-0.006591133775529778,1,11
2017-11-22,125.69412994384766,127.29933939816088,125.66103435675736,126.44709863841211,645787,-0.006084998984968837,-1.0,0.0088256189478802,0.007050329536243405,2,11
2017-11-24,125.01566314697266,125.97547943076114,123.60904166228356,125.53694812809776,453262,-0.005397760398024087,-1.0,0.008828863384899148,0.006959796312120847,4,11
2017-11-27,125.3962860107422,125.49557278495936,124.34544219925638,124.75916648400498,695374,0.0030446014058420623,0.0,0.008473066634805248,-0.010608421925537237,0,11
2017-11-28,125.12322998046876,125.69414361596316,124.06412699011722,125.69414361596316,1304611,-0.002177544797858255,-0.0,0.0084376259863328,-0.0119955560081354,1,11
2017-11-29,129.92230224609375,130.17051918748558,124.71779993357798,125.139783430033,1206370,0.03835476646801794,4.0,0.007839823836441757,-0.026898414594869413,2,11
2017-11-30,130.9565887451172,132.0074179266407,128.48259025923673,129.88921176684948,1198571,0.007960807968629746,1.0,0.011517638114716615,0.018485966193122483,3,11
2017-12-01,129.4837646484375,131.30411051314223,128.20954017845202,131.02278326524495,765796,-0.011246658994350178,-1.0,0.011578903641509862,0.02966629252596209,4,12
2017-12-04,130.65870666503906,132.4873115871547,129.50030217102773,129.59132974430372,944586,0.009074048934178514,1.0,0.011292665872576,0.03423443099512036,0,12
2017-12-05,128.43292236328125,131.13033059527103,127.9943910869659,128.32536169265953,667438,-0.017035101284630816,-2.0,0.01140420294824341,0.04018187894197678,1,12
2017-12-06,128.67288208007812,129.44238397396543,126.93529004738654,128.623238692871,721214,0.0018683660885496778,0.0,0.01183829324159229,0.009626742493409779,2,12
2017-12-07,128.46600341796875,129.47546291630684,127.97782881045087,128.6232221533299,432077,-0.0016077875832503086,-0.0,0.011426029050632473,0.02484518926389545,3,12
2017-12-08,129.29342651367188,129.90572421879108,128.4577189172023,128.540472574497,782557,0.006440794246638681,1.0,0.011419645943174133,0.018833013191350334,4,12
2017-12-11,128.904541015625,130.35253164714092,128.45772122489728,128.81351346057411,613894,-0.0030077747069821026,-0.0,0.011422117039281985,0.02944848392367172,0,12
2017-12-12,129.09487915039062,129.8312855302889,128.4577595553532,129.40930199854014,560815,0.0014765820758986248,0.0,0.0114622228494115,0.024327680561214926,1,12
2017-12-13,129.29342651367188,129.71540991192438,127.91162707713592,128.5487464706179,530784,0.0015379956555050533,0.0,0.011132056647798788,0.03695349235834122,2,12
2017-12-14,128.9459228515625,130.65041912683202,128.74733462598016,129.63268569990768,588402,-0.0026877133005105414,-0.0,0.011055555021968923,0.04263664068024231,3,12
2017-12-15,131.61026000976562,132.189447609069,129.26864382843047,129.51687548304042,1197640,0.02066243817007085,2.0,0.011098068185003689,0.03955707433560107,4,12
2017-12-18,133.5960235595703,134.11730838671804,132.11493742822992,132.26388224859423,879053,0.015088212344974705,2.0,0.011740363714893053,0.0648726211864985,0,12
2017-12-19,135.65631103515625,136.40927963641917,133.67877647111646,134.04284258008448,764050,0.015421772450190163,2.0,0.011909703529473424,0.06912963311998599,1,12
2017-12-20,134.89511108398438,136.67407251736313,134.6965375450516,135.41639601585862,589450,-0.005611238764812065,-1.0,0.012058314056466622,0.0903826205924676,2,12
2017-12-21,133.52984619140625,135.34190303781077,132.9920282131819,135.20124679479005,647533,-0.010120936790126711,-1.0,0.012243292149346885,0.08167467314787458,3,12
2017-12-22,132.9837646484375,133.2319815671705,132.08186575544497,133.2319815671705,346057,-0.004089584153238457,-0.0,0.012367885777186994,0.05587522084092855,4,12
2017-12-26,133.24850463867188,133.89389789980575,133.01683555750523,133.29816270929243,268302,0.0019907692561889068,0.0,0.012304809218576983,0.05799502894722619,1,12
2017-12-27,133.0085906982422,133.63743630514455,132.4376623742751,133.41402637487744,357348,-0.0018005000587455466,-0.0,0.012164739950674653,0.06585448002639804,2,12
2017-12-28,133.09133911132812,133.52159651115934,132.37975447834563,133.52159651115934,389474,0.0006221283351064422,0.0,0.012211922885014685,0.06070598204836686,3,12
2017-12-29,131.98255920410156,133.51328875785276,131.96601141199983,133.51328875785276,410543,-0.00833096965309732,-1.0,0.012169149655435996,0.06368209270255543,4,12
2018-01-02,134.2910919189453,134.33247610377197,132.1480642257718,132.38802195654225,553366,0.017491195266745585,2.0,0.00932121916254307,0.015857608142637147,1,1
2018-01-03,134.91165161132812,135.19297880574925,134.14214979724025,134.8040909502004,477822,0.004621004144916618,0.0,0.009901698360938588,0.02546266060975455,2,1
2018-01-04,134.42347717285156,135.9790285971437,134.38210768774667,135.4246628006511,425442,-0.0036184749993496412,-0.0,0.009498032318147397,0.04191944046134233,3,1
2018-01-05,137.74974060058594,137.9235071650958,134.53933571925378,135.2674681790986,990797,0.024744661406557844,2.0,0.009428972606739623,0.028813774480900056,4,1
2018-01-08,137.30288696289062,138.2378812514843,135.73078801868863,137.74969202019963,872069,-0.0032439526618854853,-0.0,0.00974798136707597,0.07254228951476649,0,1
2018-01-09,141.1090850830078,141.8123958211078,137.19536958342755,137.45187512332342,1050976,0.027721180554243663,3.0,0.009851050653144261,0.06706933693644723,1,1
2018-01-10,141.0511474609375,141.59725405474862,140.1161530122978,140.5050408671264,667088,-0.0004105874688098421,-0.0,0.011138868215023402,0.09841577793857526,2,1
2018-01-11,140.89395141601562,141.69654886221645,140.64571979600248,141.10079885262004,549408,-0.0011144612982706414,-0.0,0.011180622846673515,0.09093827323094672,3,1
2018-01-12,142.01927185058594,142.63156976846176,140.97671648883411,141.42352173070188,582000,0.007987003155639938,1.0,0.011126996747530472,0.0930099925567196,4,1
2018-01-16,141.4896697998047,142.67289577995632,141.36556135269203,142.17643259933354,578508,-0.003729085805611154,-0.0,0.011135022160071522,0.10011545605258965,1,1
2018-01-17,142.85494995117188,143.0038948134547,141.43178068985273,141.96961345995285,502615,0.00964932742651059,1.0,0.011266280461853143,0.09432995640225483,2,1
2018-01-18,143.23556518554688,144.1457380750026,142.7142949033226,142.7142949033226,482478,0.002664347539270473,0.0,0.011201789767558085,0.10786713369464884,3,1
2018-01-19,144.29464721679688,144.6256030625699,143.3265572796543,144.02159394794865,742050,0.007393987868013596,1.0,0.010612458771269819,0.088331298600266,4,1
2018-01-22,145.84193420410156,145.85020810079186,144.112616315394,144.5345997426864,352110,0.010723107316517044,1.0,0.010343241326541843,0.08008190193217879,0,1
2018-01-23,145.4447784423828,146.03225452370398,145.1055339680559,145.3372177809897,496912,-0.0027231931877901294,-0.0,0.01012612010527628,0.07508403472880554,1,1
2018-01-24,144.66700744628906,147.1161839197058,144.62562326370144,146.23910671764176,776388,-0.005347534675518517,-1.0,0.010015167853968448,0.07820644702112522,2,1
2018-01-25,144.55941772460938,145.41994704658748,144.03814755040457,145.06415480194417,532763,-0.0007437060016578512,-0.0,0.009737569123884982,0.08340578209697358,3,1
2018-01-26,145.96603393554688,146.28873058328006,144.51804331688845,144.59250838265328,1213354,0.009730367160285303,1.0,0.009627630679487891,0.08704561122009036,4,1
2018-01-29,147.37269592285156,150.35970554236786,147.12447896816658,148.53110049574016,663480,0.009636913118608259,1.0,0.009693736282781692,0.09544219150046707,0,1
2018-01-30,146.84310913085938,147.40576345712398,144.6173282101552,146.5948775520855,641248,-0.0035935204189344594,-0.0,0.009649467885567652,0.10799381565659427,1,1
2018-01-31,144.3856658935547,147.22372995412462,143.60787553638434,147.01686784609382,733436,-0.016735162118603264,-2.0,0.009786645419701005,0.10332580700858518,2,1
2018-02-01,143.17764282226562,144.4767035768094,142.08544421129284,143.86440574008435,770684,-0.008366641271576492,-1.0,0.01049407363956835,0.09397534616882686,3,2
2018-02-02,140.38096618652344,142.95426633962077,140.31477499464248,142.29232502862993,778134,-0.01953291436159388,-2.0,0.01039010808147238,0.06617379288779635,4,2
2018-02-05,135.05233764648438,141.46487307516256,135.05233764648438,140.43059174510913,1051325,-0.03795834068387127,-4.0,0.01149255335492672,0.04053997197330328,0,2
2018-02-06,139.5618133544922,140.62919035494053,132.619718554261,133.52987678628315,1557316,0.03339057869410533,3.0,0.01440061293094991,0.004678204186194135,1,2
2018-02-07,140.38096618652344,144.66703690999378,139.47908180496407,140.0086260361024,1037124,0.005869462515154966,1.0,0.015233296346037513,0.01315481790387163,2,2
2018-02-08,136.90576171875,141.49796603605702,136.86439222984768,140.07479683346352,1463846,-0.02475552464253561,-2.0,0.015244137212568338,0.022418168268120597,3,2
2018-02-09,139.07359313964844,140.2319974635529,136.15279003192694,137.98966858223068,1091483,0.01583447908753377,2.0,0.01497233155748577,-0.02978775861090155,4,2
2018-02-12,139.41285705566406,141.03461451779123,137.73318230847673,139.73555376851635,852630,0.002439456034438958,0.0,0.015434825137662898,-0.01402012218182569,0,2
2018-02-13,141.49795532226562,142.3584847145425,138.3289204475017,138.80056197745375,741235,0.014956283879678622,1.0,0.015447897979417605,-0.010512121673544095,1,2
2018-02-14,142.88803100585938,143.02042805842805,140.44712843562593,140.77809902291628,556858,0.009823998378123644,1.0,0.015709482569333744,-0.003670744973743978,2,2
2018-02-15,143.93885803222656,143.98851611129885,142.11852717567476,143.50032678643876,664877,0.007354199081405888,1.0,0.01582902431200484,0.009883132867814615,3,2
2018-02-16,147.10792541503906,148.10911118136235,143.0535389607514,143.707206308024,931782,0.022016760631121457,2.0,0.015771152254462784,0.0075874730376872535,4,2
2018-02-20,144.3112030029297,147.4471420801078,144.09606699517468,146.5866127451741,895931,-0.019011364644147544,-2.0,0.016455769716002138,0.027034907318415957,1,2
2018-02-21,143.77337646484375,146.0818965880647,143.77337646484375,144.31948305608722,499822,-0.0037268522948632476,-0.0,0.016975532184060695,0.00011473596874278513,2,2
2018-02-22,141.66343688964844,144.741458655154,141.0428652594257,144.1953520934973,863455,-0.014675454017115896,-1.0,0.01681736379076709,-0.014183559416888425,3,2
2018-02-23,142.62327575683594,142.71428863295597,140.48023334648084,142.54879598028558,1132805,0.0067754876506009865,1.0,0.01709473622800105,-0.025998468925664042,4,2
2018-02-26,144.66700744628906,145.21309936417748,142.7556489934607,143.67409568202484,625068,0.014329580348004134,1.0,0.01714923244571359,-0.014127144298688221,0,2
2018-02-27,145.08071899414062,145.84194694834133,143.67409764952563,144.7993917860001,777901,0.002859750506729375,0.0,0.017452892043062385,0.000744259511923584,1,2
2018-02-28,142.89633178710938,147.25686752321886,142.89633178710938,146.2391338780351,860429,-0.015056357744680504,-2.0,0.01732888736742785,-0.006065212005398224,2,2
2018-03-01,140.94361877441406,142.8218672986995,138.8585080822504,142.5736356364637,918978,-0.013665242405274003,-1.0,0.01746908327140824,-0.030374446960551804,3,3
2018-03-02,142.50741577148438,143.27693229997132,140.31474483517977,140.31474483517977,377951,0.011095195445302464,1.0,0.017671647754325906,-0.040175466124106496,4,3
2018-03-05,143.9636993408203,144.28638134125256,140.9104989180939,141.79583533709652,573037,0.01021900201791004,1.0,0.0175387813067456,-0.013008563630236059,0,3
2018-03-06,142.91282653808594,144.36910567324998,142.37500861723922,144.36910567324998,699448,-0.007299567929596851,-1.0,0.01758957387728328,0.005490078639794893,1,3
2018-03-07,141.8620147705078,143.2272665205682,140.67880344529587,141.8537408737459,1041314,-0.0073528163498892685,-1.0,0.017091643834386914,0.018035638451144642,2,3
2018-03-08,142.97906494140625,143.24382966616315,141.70482591916098,142.813572292345,875794,0.007874202073793413,1.0,0.014748620333109396,0.0504225046577762,3,3
2018-03-09,145.41998291015625,145.51099579386073,142.52398616384255,143.47552858174947,1138043,0.017071855727622154,2.0,0.013022027838533581,0.024485577428218885,4,3
2018-03-12,145.30409240722656,146.08188273555825,144.7497266676833,145.21307954934545,551503,-0.0007969365737120482,-0.0,0.013444047756348158,0.035895298775316054,0,3
2018-03-13,144.50982666015625,146.1564061358066,144.2781427788115,146.13985833685993,824810,-0.005466231087589146,-1.0,0.012022153925071305,0.06134388051344053,1,3
2018-03-14,144.26153564453125,145.4447615669181,143.62443095103686,144.91520282625152,821086,-0.0017181600820054266,-0.0,0.01177299262942503,0.03908889817097849,2,3
2018-03-15,143.831298828125,145.5937124224057,143.7485598556441,144.29466646619304,468743,-0.002982339086327057,-0.0,0.011798284983972186,0.03477927854911722,3,3
2018-03-16,143.831298828125,144.4932400001472,143.3348502971521,143.84784662262118,693046,0.0,0.0,0.011433949358244554,0.016490298397210834,4,3
2018-03-19,141.1421661376953,143.65754849626018,140.5216091414768,143.65754849626018,827255,-0.018696436118839088,-2.0,0.011247507354347696,0.006601447410433892,0,3
2018-03-20,141.07595825195312,141.72135155983315,140.58778367090844,141.42347659495883,621227,-0.0004690865072709549,-0.0,0.011859063542541279,-0.019429721291140845,1,3
2018-03-21,140.30645751953125,141.94476249021636,140.24026634820785,141.2910952812254,398437,-0.005454513596481081,-1.0,0.010642286117697124,-0.04100368587258507,2,3
2018-03-22,137.10433959960938,140.19890940041986,136.92229916610884,139.42939287672934,665575,-0.022822313217309542,-2.0,0.009943015895423672,-0.027750759470261843,3,3
2018-03-23,134.44830322265625,138.1551708651868,134.29935837536286,137.68352932752654,1025135,-0.019372372783455605,-2.0,0.010994380892360415,-0.046385756731985195,4,3
2018-03-26,136.30999755859375,136.47549019313905,133.778082227572,136.05350675398324,663713,0.013846915813094274,1.0,0.011304241553586883,-0.050931516454824965,0,3
2018-03-27,134.64686584472656,137.70006596177814,133.78635120421634,136.971933667166,771616,-0.012201098552234058,-1.0,0.011690731728558227,-0.044265412954095584,1,3
2018-03-28,133.65399169921875,135.9211279366854,132.34665702571186,135.04406535305165,991612,-0.0073739120422808835,-1.0,0.011253142109705662,-0.06926348846527919,2,3
2018-03-29,133.83599853515625,135.07714184893828,132.91755189511406,134.249708074388,1231163,0.0013617762823507906,0.0,0.011192123010906977,-0.07876117084437229,3,3
2018-04-02,132.6610870361328,135.0275248743202,130.94004267164104,134.2662821258012,1498766,-0.00877874048748406,-1.0,0.010939966287303137,-0.06340493936157465,0,4
2018-04-03,135.25918579101562,136.0369615930203,132.61970946376812,133.57951102126424,1044690,0.019584482631106237,2.0,0.010753432185532858,-0.05876485796450126,1,4
2018-04-04,135.5653076171875,135.87145647723187,133.24851377408964,133.6953335677143,622391,0.0022632239310154123,0.0,0.011440497624826764,-0.05086212490226849,2,4
2018-04-05,136.57479858398438,137.5263409690656,135.54051721657154,136.053528299206,659639,0.007446528795165719,1.0,0.011128497534209398,-0.0583368707673344,3,4
2018-04-06,133.75328063964844,136.45896290879696,132.2721940834939,135.84666505229995,801880,-0.020659140438716417,-2.0,0.011294322839346107,-0.044348909105177414,4,4
2018-04-09,134.5724334716797,136.50861392738312,133.70364472346475,134.2083672359179,695490,0.006124356936247244,1.0,0.011957704583504739,-0.057159304722811055,0,4
2018-04-10,136.64097595214844,137.28636934124862,134.7958233522968,136.2438141810301,744494,0.01537121999732638,2.0,0.011885993136245238,-0.05879624036687925,1,4
2018-04-11,135.83837890625,136.88093406949042,135.2674505920632,135.2674505920632,557672,-0.005873765466806291,-1.0,0.011748732281007056,-0.06037001780856821,2,4
2018-04-12,136.44241333007812,137.75800720962818,136.0369629330394,136.62443908736262,688157,0.004446714019202158,0.0,0.011755635054206024,-0.06514416314199967,3,4
2018-04-13,136.37619018554688,137.37737581213736,135.32536117689045,137.1622544898517,1092880,-0.00048535600415566815,-0.0,0.011856011499923201,-0.05582605360845294,4,4
2018-04-16,137.7662811279297,138.60197413498048,137.03813408809242,137.3691046712594,817826,0.010193061856996533,1.0,0.01186398155117734,-0.0546600687685338,0,4
2018-04-17,137.99795532226562,139.00741490323253,137.4684111873826,138.93294982590197,880915,0.0016816465715643325,0.0,0.012187055798426239,-0.04216757930721926,1,4
2018-04-18,138.6764373779297,139.76863587912877,137.97312673500008,137.97312673500008,1128032,0.004916609482217282,0.0,0.01220621587667368,-0.04055684370082813,2,4
2018-04-19,139.22256469726562,139.57835702021734,137.17882364084562,138.29584399949556,719236,0.003938140679570434,0.0,0.011656659344204972,-0.01746982370498773,3,4
2018-04-20,136.6658172607422,139.28876068061092,136.15282085244004,138.99088563549458,809562,-0.018364461551782174,-2.0,0.011702009236726079,-0.013137557792642807,4,4
2018-04-23,137.86557006835938,137.9896785279716,136.59960499596454,136.93884948165882,770684,0.008778733641406467,1.0,0.012295812461947504,-0.025947774059381867,0,4
2018-04-24,137.4187774658203,139.39632749089685,136.98024612549435,137.97315808750653,962977,-0.003240784499839444,-0.0,0.011416878588032316,0.005552198208846226,1,4
2018-04-25,142.90457153320312,144.00505859983883,133.31472827891665,133.31472827891665,1832020,0.03992026540002702,4.0,0.01053377611841841,0.022093802390683592,2,4
2018-04-26,142.71429443359375,144.1043681097354,141.72138256547984,142.98734776914063,1397615,-0.0013314976390742528,-0.0,0.013288478292702724,0.04837923918071119,3,4
2018-04-27,144.40223693847656,144.70011195572752,142.4329610831494,142.81357507850103,856820,0.011827424236527495,1.0,0.012899955490234602,0.0599154576547698,4,4
2018-04-30,141.2828369140625,145.2048259030118,141.25801522208792,145.10553913511342,886386,-0.021602158599129617,-2.0,0.012819047751852138,0.08041843795766446,0,4
2018-05-01,141.39041137695312,143.9306009761856,140.48023849413548,142.78875894566417,1082520,0.0007614121094980941,0.0,0.013962962909272496,0.05564151992298316,1,5
2018-05-02,141.44003295898438,142.05233071854892,140.75327012771012,141.33247229984812,685247,0.000350954364924716,0.0,0.0137248735747945,0.06580169464797692,2,5
2018-05-03,140.36441040039062,141.06772116628156,137.9979725526863,141.00152997816753,967866,-0.0076047957292662005,-1.0,0.013203672713671153,0.045696320969420556,3,5
2018-05-04,141.73793029785156,142.23437888363995,138.46960825919612,139.76865435884318,609820,0.009785385722370421,1.0,0.013376247112850083,0.035400670477987894,4,5
2018-05-07,141.5807342529297,142.9708080071878,141.05944924703792,141.88688319834247,547546,-0.001109061241345466,-0.0,0.013435718688605075,0.03780442488218072,0,5
2018-05-08,140.66226196289062,141.92822700860847,140.3643869700107,141.53105055404373,1059240,-0.0064872688709061155,-1.0,0.012438064100953106,0.058521582243426185,1,5
2018-05-09,142.20126342773438,142.2095373247403,140.04996202967223,140.9684086855908,686527,0.010941111307094964,1.0,0.012572504387622866,0.04525316466460816,2,5
2018-05-10,143.97195434570312,144.59251126888262,142.58188097266992,142.8218239671461,505991,0.012452005525735776,1.0,0.01237580410660544,0.04069267975320345,3,5
2018-05-11,145.57717895507812,145.98261465622352,143.7320262067234,144.1043663156193,651025,0.011149564626458774,1.0,0.012440739600391758,0.059876858844631675,4,5
2018-05-14,146.570068359375,146.97550399841617,145.20481660385497,145.43650041020135,588518,0.006820364369083176,1.0,0.012569180899196212,0.06694960461378963,0,5
2018-05-15,145.4861602783203,146.6280022536892,145.09727238879805,145.7840352927836,600275,-0.007395153002160426,-1.0,0.012564189258885564,0.07474822518475421,1,5
2018-05-16,146.3466796875,146.7521300814664,145.46961710777933,145.90814839763965,604349,0.005914785348197338,1.0,0.012682304598246166,0.05603605677082868,2,5
2018-05-17,145.87501525878906,146.95066580963268,145.42821018593648,146.28872474817737,728198,-0.0032229253831935756,-0.0,0.012699345911401516,0.06049889902888528,3,5
2018-05-18,145.8005828857422,146.36323732295668,144.94005343447816,146.08191010434942,1420429,-0.000510247576768541,-0.0,0.012758067061588454,0.051909163639972666,4,5
2018-05-21,147.01686096191406,147.7698295943927,145.92466258973084,146.3300981942437,665226,0.008342065937589682,1.0,0.012769738078470845,0.047248218726470226,0,5
2018-05-22,146.18121337890625,147.60438273195322,146.00744681105795,147.60438273195322,507504,-0.005684025475311216,-1.0,0.011912248324521866,0.07573981489038561,1,5
2018-05-23,145.27099609375,146.0984297949567,144.27808446995326,145.55232325823857,785584,-0.006226636543212538,-1.0,0.012012465827030756,0.06031704149501316,2,5
2018-05-24,145.13035583496094,145.65989994162484,144.13744410186814,145.23791649648436,414733,-0.0009681234559602014,-0.0,0.012105607197317753,0.05714079816990614,3,5
2018-05-25,150.70718383789062,152.5192406049429,146.42112920873842,146.5286898604558,1761598,0.03842633728033795,4.0,0.00860503895777874,0.015575319094957463,4,5
2018-05-29,149.02755737304688,150.78169743063347,147.14930883122906,149.97909984042414,1734593,-0.01114496616598215,-1.0,0.01187249128099695,0.056006228640369526,1,5
2018-05-30,151.4849853515625,152.1634743550545,149.17647971702056,149.4991764233686,847625,0.016489755464247358,2.0,0.012043146139944283,0.03203080875084341,2,5
2018-05-31,149.4247283935547,151.063033966453,149.3833588962708,151.063033966453,800017,-0.01360040371807425,-1.0,0.011218812400029947,0.072210812440761,3,5
2018-06-01,150.9388885498047,151.04644921642975,148.24148041804304,149.91288117988685,678612,0.01013326356707167,1.0,0.011808953528694415,0.05682363420799241,4,6
2018-06-04,151.46017456054688,152.19658090093807,150.3431542025183,151.94836395210237,626814,0.003453622957944269,0.0,0.011904177377796196,0.06715818281500852,0,6
2018-06-05,150.88095092773438,151.60908319582887,149.37502831755577,150.897498720369,590148,-0.003824263602581257,-0.0,0.011645648045373056,0.07904969734497147,1,6
2018-06-06,152.75096130371094,152.78405689685107,150.05355289407458,151.228505234907,646835,0.012393946117639665,1.0,0.011668338989859809,0.06450651996024948,2,6
2018-06-07,152.21311950683594,154.8691433151937,151.61736953094257,154.4471598723055,674189,-0.003521037067685806,-0.0,0.011799281019109686,0.07889651872285097,3,6
2018-06-08,154.6953887939453,154.9436056995212,151.7083797654011,151.98143305762136,1311362,0.016307853719520482,2.0,0.011688615046452444,0.08211767237891165,4,6
2018-06-11,156.34197998046875,157.50864361621734,153.536996463214,154.5547299439645,759161,0.010644087062715801,1.0,0.011908479006377396,0.08786226693801735,0,6
2018-06-12,156.36680603027344,157.11976011592122,155.10084089316095,156.25095676595876,752759,0.00015879324163470265,0.0,0.011851364426069476,0.08591968964360186,1,6
2018-06-13,155.34906005859375,157.26867765850278,154.97671999450532,157.0701041289021,831562,-0.006508708577718458,-1.0,0.011762142575441056,0.07411619838109895,2,6
2018-06-14,155.4566192626953,156.47435268061665,155.11737479005487,155.43179757172797,599111,0.0006923711289981149,0.0,0.01193104791199551,0.05989621071673068,3,6
2018-06-15,156.72259521484375,156.83842978076856,154.48853999939192,155.4235345126205,1201830,0.00814359631743411,1.0,0.011712650190374336,0.06853200995408182,4,6
2018-06-18,153.82659912109375,156.15166721459633,152.70957885909422,155.63865617226026,1051441,-0.018478484801633166,-2.0,0.011748276939558731,0.07089956225518645,0,6
2018-06-19,154.9849853515625,155.05945042105955,152.56890466860875,153.0405314715099,640666,0.007530467663507734,1.0,0.012613665927840937,0.05450956661905537,1,6
2018-06-20,154.86915588378906,155.00155294255856,154.05001062252222,154.73677352110778,797573,-0.0007473592845829158,-0.0,0.012636371202429662,0.06299290636593513,2,6
2018-06-21,155.20840454101562,155.25804792835063,154.00037136093096,155.00983099167556,1005230,0.002190550179540729,0.0,0.012599444870772147,0.053410846011119784,3,6
2018-06-22,156.49087524414062,156.90458472298218,155.09252809408372,155.46486809464955,687342,0.008262894699017975,1.0,0.012458345362467012,0.06175342886715973,4,6
2018-06-25,155.1504669189453,157.21075539982138,154.15755521412817,156.45780139842554,879402,-0.008565408833608679,-1.0,0.012326364977517544,0.07723413105221577,0,6
2018-06-26,151.60910034179688,155.30769407086234,151.4105121116367,155.042914662678,1184603,-0.022825368479223118,-2.0,0.012576725607770659,0.06904214508630457,1,6
2018-06-27,148.4317626953125,149.59842606959862,146.09842125065566,148.97785450400798,1315087,-0.020957433553270843,-2.0,0.011019222333313303,0.005984562121978287,2,6
2018-06-28,148.52281188964844,148.77104351584174,145.77576029444648,147.57126956931432,1042595,0.0006134077550694617,0.0,0.011716652059353098,-0.003997882594579338,3,6
2018-06-29,148.54762268066406,150.34313182375843,148.05943336177614,148.70482672486,601439,0.0001670503722623895,0.0,0.01108622489571982,-0.019554238032498894,4,6
2018-07-02,149.5819091796875,149.77220881884978,146.96724004684353,148.09254887145812,553831,0.006962659383966452,1.0,0.010696682679598562,-0.005869883267115683,0,7
2018-07-03,148.86204528808594,150.8478687573532,148.57244419514024,149.86323091977266,413104,-0.004812506375599268,-0.0,0.010564722332037814,-0.00899025680627974,1,7
2018-07-05,149.59017944335938,149.90460223129492,148.36558388023275,149.1433743009614,622740,0.004891335154399545,0.0,0.0105688729422011,-0.017153877446657306,3,7
2018-07-06,150.04527282714844,150.74030964669586,149.64811102970543,149.9211643579752,656030,0.0030422677844395007,0.0,0.010613973983055346,-0.008554900247104258,4,7
2018-07-09,150.69894409179688,151.37743313317023,150.22731720053554,151.12920149225363,825392,0.00435649355912382,0.0,0.010241992387789141,-0.01771307004204603,0,7
2018-07-10,152.6599578857422,152.89991564697218,150.7568729856785,151.17887121655303,606444,0.013012790539201013,1.0,0.010281549622510003,-0.009947732626102934,1,7
2018-07-11,152.62680053710938,153.55350621970825,151.41875301703277,152.04759846342188,459780,-0.00021719741765968692,-0.0,0.01003561665070641,-0.013157670206410121,2,7
2018-07-12,153.9010772705078,154.422362254701,152.817152506781,153.25569850811476,517514,0.008348971012391848,1.0,0.00970246855517063,-0.023763159733703687,3,7
2018-07-13,154.90225219726562,155.20012721077666,153.52872639368536,153.65284955536646,454309,0.006505314611918278,1.0,0.009917793734053897,-0.01576887590380438,4,7
2018-07-16,154.26513671875,155.10084449720983,153.7355925556078,154.9105301488988,514604,-0.004113016237519029,-0.0,0.009943862554358687,-0.002876154262919872,0,7
2018-07-17,152.9495391845703,154.09965505644968,151.54291778716345,153.462535539537,725870,-0.008528158481966197,-1.0,0.009980190209235783,-0.0076644053472686435,1,7
2018-07-18,153.82659912109375,154.48854031992786,152.52753841617522,152.85023511800904,858566,0.005734309113968994,1.0,0.00993639523163676,-0.024074741903687413,2,7
2018-07-19,154.72019958496094,155.0677179243724,152.48614471955247,153.404591293742,776272,0.0058091413901943945,1.0,0.009197877954375648,0.0,3,7
2018-07-20,154.6788330078125,155.8124009062967,153.70246914140347,153.70246914140347,541842,-0.00026736377835212544,-0.0,0.009135250264465797,-0.0017084607647698258,4,7
2018-07-23,155.77935791015625,156.0937807765386,153.66115153375264,154.50511864619045,762304,0.007114903060382982,1.0,0.009133995980744351,-0.0012289269279635029,0,7
2018-07-24,152.64340209960938,153.70250517858642,151.17886330466217,153.66113568676187,1023272,-0.020130753217993735,-2.0,0.009255940853834176,0.003678624046352663,1,7
2018-07-25,148.65516662597656,152.64336091488218,144.5511377912155,152.64336091488218,2405406,-0.02612779470828508,-3.0,0.010060551079251816,-0.024585926422411752,2,7
2018-07-26,144.41879272460938,149.05236680376785,143.91405553809176,147.8360596701256,2244541,-0.02849799302318301,-3.0,0.011355605809633098,-0.04186452301404975,3,7
2018-07-27,143.95541381835938,147.2651047946705,143.61616935434077,144.4187667340604,1696297,-0.0032085776200443394,-0.0,0.011929425474422248,-0.04742662281470722,4,7
2018-07-30,142.8052978515625,144.94832551094208,142.5819026158985,143.97197619993804,1485031,-0.007989390161095788,-1.0,0.011139814142715527,-0.030157621223846687,0,7
2018-07-31,145.08071899414062,145.22964914758032,142.01097078901006,142.9873347720448,993125,0.01593373058850589,2.0,0.011220063573505924,-0.038495864475916464,1,7
2018-08-01,144.68356323242188,146.63627658352,144.50979668343612,145.2544768737445,657078,-0.002737481344676773,-0.0,0.011867595414859695,-0.023338668259783035,2,8
2018-08-02,146.03225708007812,146.16463943487938,143.98024240413463,144.57597769682764,687458,0.009321679792262838,1.0,0.011727829780257718,-0.032746914209935696,3,8
2018-08-03,148.03463745117188,148.16703452332337,146.1812107058582,146.1812107058582,850418,0.013711904555414156,1.0,0.01193309602034173,-0.01900946747393839,4,8
2018-08-06,148.39866638183594,148.76273252058854,146.88448455185576,147.46368669372467,694326,0.0024590794217611567,0.0,0.01229485698719803,-0.010398690595705085,0,8
2018-08-07,149.0358123779297,150.17766907245934,148.15047591047173,148.2994060726685,1085081,0.004293475215298326,0.0,0.01228728991992191,-0.010974064122695748,1,8
2018-08-08,148.79586791992188,149.97080549875798,148.0511730277736,149.44124664604212,671395,-0.0016099785291829871,-0.0,0.012286064265346737,-0.011036120550745876,2,8
2018-08-09,148.8868865966797,149.6894841087556,148.52282038228643,148.66347665072217,514954,0.0006117016421907095,0.0,0.011892631471058672,-0.025311745262712404,3,8
2018-08-10,148.5972900390625,149.69776261425548,148.26631940705585,148.96135626466085,427421,-0.0019450776642383483,-0.0,0.011897264366719066,-0.024503651568849927,4,8
2018-08-13,148.74620056152344,149.2426637919976,148.01806820650972,148.54762702620383,340354,0.0010021079282251932,0.0,0.011698337380519189,-0.03446231388051291,0,8
2018-08-14,149.4247283935547,149.85500055748977,148.7131436480893,148.7462392459164,282154,0.004561648159548071,0.0,0.011568541407191482,-0.03974152440277334,1,8
2018-08-15,148.28285217285156,148.68001395178248,147.18237970921024,148.68001395178248,569196,-0.007641815601602819,-1.0,0.011638914715744167,-0.031377201797838206,2,8
2018-08-16,148.00978088378906,150.07006930237435,147.8112073664813,148.7792973516153,923401,-0.0018415567616960615,-0.0,0.011613549933382665,-0.030511285202940552,3,8
2018-08-17,150.74856567382812,151.21193329598796,147.99324041610905,147.99324041610905,764864,0.018504079755306435,2.0,0.011497626435989946,-0.03781412493378755,4,8
2018-08-20,148.12567138671875,150.7237785010414,147.65402975958156,150.53347882728704,689088,-0.017399132624482005,-2.0,0.012226690092857963,-0.02566978275484888,0,8
2018-08-21,146.93418884277344,148.5476727948091,146.2970691618134,147.86090971472368,870090,-0.008043727551010793,-1.0,0.012725121046326742,-0.042366246846216926,1,8
2018-08-22,146.1067352294922,147.4885349657345,145.9329686771781,146.7852242507401,729712,-0.005631457319757338,-1.0,0.012612756770371455,-0.05678010993269178,2,8
2018-08-23,145.5606231689453,146.63627394627727,145.28756985178617,146.21429047217032,521588,-0.0037377610257944838,-0.0,0.011992676988899248,-0.04282312094859886,3,8
2018-08-24,144.5511474609375,146.2390958653162,144.3277522504152,145.87502971504523,996733,-0.00693508784196506,-1.0,0.010663181485157557,-0.02081692501692367,4,8
2018-08-27,144.1208953857422,144.79938433087713,143.31002408881,144.79938433087713,1054817,-0.0029764694556407845,-0.0,0.00874277650600533,0.0009164647746398025,0,8
2018-08-28,144.17056274414062,144.46843778130994,142.9873511899161,144.18711054086728,725754,0.0003446228825148001,0.0,0.008738556958096031,0.001149533477022402,1,8
2018-08-29,143.92230224609375,145.2875539867189,143.80646769222764,144.40221764714065,548942,-0.001721991600237116,-0.0,0.00854023470275269,0.009560323833344375,2,8
2018-08-30,143.0286865234375,143.80646217602003,142.78045493573114,143.40930045334142,641131,-0.006209014924790757,-1.0,0.007778739320100078,-0.007984636112078114,3,8
2018-08-31,143.03700256347656,143.49208169494867,142.32541787233532,142.61501902730495,900354,5.8142462475263557e-05,0.0,0.00786832119060525,-0.011437904016269984,4,8
2018-09-04,139.95895385742188,143.0204281170914,139.85139319273685,142.77219650249995,860894,-0.021519247823224785,-2.0,0.007541988000532861,-0.02051091023649032,1,9
2018-09-05,139.7521209716797,140.29822769883347,139.00744066817222,140.26513210277454,829117,-0.0014778110298887537,-0.0,0.00801869409766793,-0.054552662355211945,2,9
2018-09-06,140.4223175048828,141.00151975104927,139.77692407540331,139.8679516485474,580952,0.00479560902935372,0.0,0.00793922089566609,-0.058265654408971135,3,9
2018-09-07,138.73434448242188,140.66225053432558,138.2627176880651,140.4222928408737,707712,-0.012020689107358207,-1.0,0.007962452654103135,-0.05779479935469811,4,9
2018-09-10,139.74380493164062,140.50503280362233,138.52749805499107,139.0156726457376,863921,0.0072762116185776105,1.0,0.008205013094652765,-0.06761964279085264,0,9
2018-09-11,141.31591796875,142.01095466472796,138.8667417398794,139.35491632792431,1392028,0.011249965877760504,1.0,0.00848774318841036,-0.0614095833020325,1,9
2018-09-12,142.30055236816406,142.53222146394742,140.4802070104944,141.12560031234818,758812,0.006967611388490669,1.0,0.009038635182900994,-0.04900070565485015,2,9
2018-09-13,142.7556610107422,143.1693706066568,141.37386126096882,142.300581924845,838546,0.003198221194536499,0.0,0.009240759553823797,-0.04333319553055315,3,9
2018-09-14,143.12799072265625,143.48378300675745,142.52396682059748,142.92941718516036,927010,0.0026081607501788895,0.0,0.009196545506740664,-0.04463161790227599,4,9
2018-09-17,141.74620056152344,143.54998379495913,141.5476270107353,143.3265885503225,605862,-0.00965422733985244,-1.0,0.009161404481029957,-0.034763705813982804,0,9
2018-09-18,141.7544708251953,142.341946956726,141.03461232986655,141.28284395807628,750664,5.8345575677520856e-05,0.0,0.009326988326607633,-0.042318691946335085,1,9
2018-09-19,141.49795532226562,142.22608766399136,141.2580123047999,141.80410421305055,788377,-0.0018095761032187463,-0.0,0.008083632868082093,-0.0596628883892214,2,9
2018-09-20,142.457763671875,143.20244376709067,141.70480967995886,142.12679310776952,1091134,0.006783195894409788,1.0,0.007369192983793316,-0.04474387189206275,3,9
2018-09-21,142.38331604003906,143.92231979916352,142.14335831024985,142.78875172410474,1031304,-0.000522594416176636,-0.0,0.007485787240907085,-0.030465511166284265,4,9
2018-09-24,140.25682067871094,142.09369924898724,139.23081338711523,141.53104487433947,879984,-0.014935003766383237,-1.0,0.007425717985766184,-0.025484240569777272,0,9
2018-09-25,141.1090850830078,142.48261096645857,140.6622798848037,140.6622798848037,706781,0.006076456033815125,1.0,0.007996931053943272,-0.03643706913839262,1,9
2018-09-26,141.36558532714844,142.6894677718808,141.01806692021063,141.5972691638032,501335,0.0018177443641544944,0.0,0.00807756879091041,-0.023812072324502664,2,9
2018-09-27,141.29112243652344,142.17645891530273,141.05943859627718,141.27457464051218,592476,-0.0005267398741545248,-0.0,0.008090088564960638,-0.01911804704806419,3,9
2018-09-28,143.7071990966797,144.08781308929386,141.12562542979774,141.21665300114228,907920,0.017099989146463823,2.0,0.00808568692300676,-0.019972456601472288,4,9
2018-10-01,143.4920196533203,144.66697156283522,143.00384513761966,144.16223456055516,881963,-0.0014973463035391488,-0.0,0.008986404312828733,-0.0014945782971582666,0,10
2018-10-02,143.4258575439453,143.77337591082832,143.08661307398603,143.08661307398603,565238,-0.00046108563761837473,-0.0,0.008882707322899681,0.0032394419689150133,1,10
2018-10-03,142.15162658691406,144.14572403362357,142.11853099736746,143.38449608187614,532530,-0.008884248481072055,-1.0,0.008883820339953668,0.0027185621447582964,2,10
2018-10-04,141.0511474609375,142.1350720554782,140.73672467905945,141.9695941155882,468044,-0.007741586588907001,-1.0,0.007689196139804174,0.015666541289854896,3,10
2018-10-05,139.91757202148438,141.34074101297742,139.1646180429719,141.34074101297742,772198,-0.008036626853865636,-1.0,0.007899317308400636,0.009295218421200513,4,10
2018-10-08,140.8277130126953,140.96011003762973,139.0156564061391,139.7603363980891,804790,0.006504836941218395,1.0,0.008043025290268757,-0.003594481933976712,0,10
2018-10-09,142.5487823486328,142.94595879862518,140.0665103646595,140.78636879912915,944120,0.012221098384111118,1.0,0.007682740279105396,0.015089043294097104,1,10
2018-10-10,141.04290771484375,143.55000198383266,140.89397753288208,142.73913048986017,817477,-0.01056392491733904,-1.0,0.007963680728195461,0.020072284552179687,2,10
2018-10-11,139.21429443359375,142.1185503811262,138.51098366762727,141.15046016658548,1410768,-0.012964943157205977,-1.0,0.007979358238998228,-0.0019319143790059723,3,10
2018-10-12,140.54644775390625,141.98616484788835,139.38804320318414,140.1906554295763,926544,0.00956908430799075,1.0,0.008281193201694246,-0.021688306076180663,4,10
2018-10-15,140.27337646484375,142.11852903705469,139.74381764722702,139.86794080240244,622973,-0.0019429255838656623,-0.0,0.008555262725804737,-0.015475486164220786,0,10
2018-10-16,143.72373962402344,143.94713485199142,140.66226534634038,140.98496203838172,729944,0.024597420024636163,2.0,0.008524658718898915,-0.019944486353783764,1,10
2018-10-17,144.0464324951172,144.9400427754606,143.2603681811513,143.351395745478,579323,0.0022452301334345837,0.0,0.009931456266466243,0.013951266804090867,2,10
2018-10-18,142.6480712890625,145.22135591459724,142.1350603255664,144.1208836168857,752642,-0.009707711477700665,-1.0,0.009935781966191378,0.016168531804179986,3,10
2018-10-19,142.81356811523438,146.21428691024596,142.6067206800681,143.6078916584485,1388652,0.0011601757014751968,0.0,0.010186262121511679,0.008128145485759575,4,10
2018-10-22,140.12440490722656,143.69061560885416,139.71069542637437,142.86318195106503,901052,-0.018829886008015495,-2.0,0.010084435694682266,0.0024976135676177957,0,10
2018-10-23,139.50387573242188,140.21546029567617,134.5889602722592,136.525140425907,1306823,-0.004428416129335422,-0.0,0.010904961414643081,-0.015864998762757265,1,10
2018-10-24,128.49913024902344,135.88802966426428,128.36673318702435,135.49086787044416,2884974,-0.07888487273648448,-8.0,0.010451011650423662,-0.0053683303431912854,2,10
2018-10-25,129.6078643798828,131.81708307836638,124.54401892194656,128.242612576345,1648340,0.008628339574833888,1.0,0.019989869622526194,-0.08936316769800146,3,10
2018-10-26,127.86202239990234,129.95540692860496,126.17407359992202,128.1433496492474,1106615,-0.013470185534909973,-1.0,0.020147861125153266,-0.08317244200599383,4,10
2018-10-29,130.82420349121094,131.97433425316962,128.9790505071325,129.0121461036101,1174942,0.023167012657159924,2.0,0.020236461163218665,-0.09504560375089566,0,10
2018-10-30,131.08065795898438,131.2709722606283,129.2024101106522,129.6657629767936,911994,0.001960298331116217,0.0,0.020600911781817693,-0.08964753113587343,1,10
2018-10-31,132.84310913085938,133.9435816866808,131.27100967856853,131.55232221914616,988352,0.013445547186881512,1.0,0.020637824453481824,-0.08649513557842481,2,10
2018-11-01,136.0121307373047,136.50032007723394,133.15751855885625,133.15751855885625,1039219,0.02385537064872234,2.0,0.02098032081557845,-0.07378549861445594,3,11
2018-11-02,134.44003295898438,137.76628672002485,133.24853293278386,136.57478669382434,639618,-0.011558511507746894,-1.0,0.021756548409434532,-0.04318976853814316,4,11
2018-11-05,134.8702850341797,135.45776112671783,134.2497133528887,134.44002768430505,870323,0.0032003270582845467,0.0,0.021823915013392085,-0.04687033477543312,0,11
2018-11-06,136.3017120361328,136.99674871055035,134.54757255765458,134.54757255765458,658591,0.010613360842163022,1.0,0.021807522997535952,-0.036073288825578476,1,11
2018-11-07,141.4813995361328,141.97786272950322,137.6338759199012,138.02276376025904,1110456,0.038001631987035545,4.0,0.021901289396188545,-0.03213856761385092,2,11
2018-11-08,141.87030029296875,142.2509289673805,140.70363666567724,140.96841607984234,1141535,0.0027487765749492077,0.0,0.023371383482848045,-0.007487842371669551,3,11
2018-11-09,140.78639221191406,142.26749350843707,139.69419353302007,141.77930410984212,804324,-0.007640133832214069,-1.0,0.023253354301296218,0.005866247311050898,4,11
2018-11-12,138.5937042236328,141.10079801297434,138.17172075938305,140.33129616120928,740420,-0.01557457332226242,-2.0,0.023127383799814837,0.011292646238064474,0,11
2018-11-13,136.061767578125,139.52040312046964,135.3832787034608,138.90810541482918,935623,-0.018268771007247997,-2.0,0.023300723941747446,-0.013893937281806323,1,11
2018-11-14,135.59014892578125,137.83247802643083,134.49795036482192,137.10434565245794,657776,-0.0034662099481616027,-0.0,0.023624853103010258,-0.03002429251265859,2,11
2018-11-15,135.94595336914062,137.7745730611642,132.08188122467956,134.9033981000969,781626,0.002624117210418664,0.0,0.02287578403642594,-0.056591838756209656,3,11
2018-11-16,135.94595336914062,137.34430095945908,134.57242747360254,135.30883381093233,916184,0.0,0.0,0.022879874757811905,-0.056235194344373296,4,11
2018-11-19,133.79464721679688,136.3017411792633,133.0499670058535,135.8218403999699,738558,-0.015824716359906676,-2.0,0.022824892875626526,-0.046983585963392915,0,11
2018-11-20,133.2154083251953,135.6811321195425,132.53691948475796,133.13266936808947,710971,-0.004329312895926085,-0.0,0.023006253639388272,-0.06315170902501543,1,11
2018-11-21,132.95895385742188,134.45658817424714,132.95895385742188,133.76982525060538,534160,-0.0019251111489100303,-0.0,0.022718239320652395,-0.04930616181103897,2,11
2018-11-23,133.79464721679688,134.64688810156198,131.78400182959643,132.49558644859468,456986,0.006285348486354314,1.0,0.022712266603315514,-0.046915699227981444,4,11
2018-11-26,134.23316955566406,134.80409787082667,133.49676329180957,134.0428699146684,998363,0.003277577601117576,0.0,0.014377997300982725,0.041210527709495404,0,11
2018-11-27,132.82656860351562,134.87030976021234,131.50268602634156,134.15872507939477,1627738,-0.010478788192251898,-1.0,0.014302291634706279,0.03568691759494169,1,11
2018-11-28,136.59959411621094,137.20361796372345,132.85135727749486,133.364368261874,1375033,0.02840565372096382,3.0,0.014157097300918582,0.038827371180522485,2,11
2018-11-29,133.88565063476562,134.82064512941903,130.39391897037794,134.82064512941903,1528798,-0.019867873685894377,-2.0,0.014589925831533167,0.04414619367728845,3,11
2018-11-30,120.50618743896484,127.63031405840952,117.8253272299782,126.59603284040678,4425877,-0.09993201760134396,-10.0,0.015361966299643062,0.021398982271350286,4,11
2018-12-03,122.51683807373048,122.56648880919946,119.14922201391512,119.76151250295231,1813396,0.016685040639792925,2.0,0.026615140098976784,-0.09286836007234545,0,12
2018-12-04,118.59484100341795,123.36908552505504,118.3300615918275,122.78988331771734,1252348,-0.03201190246153984,-3.0,0.026280046692221577,-0.09922124291721568,1,12
2018-12-06,118.80997467041016,118.85134415894414,115.1610314727854,116.90689736936112,1469201,0.0018140221376576893,0.0,0.026921238176346615,-0.11786066699641873,3,12
2018-12-07,117.46127319335938,120.19177706652744,117.23787060222296,118.29697362070326,1566744,-0.011351752921353597,-1.0,0.02690028616399984,-0.11907967985460566,4,12
2018-12-10,115.46717834472656,117.25442116005112,112.65393542636676,117.25442116005112,1578617,-0.01697661530835126,-2.0,0.026661863204801666,-0.1382259882236765,0,12
2018-12-11,116.6421127319336,118.58656678263,115.74022118199282,115.74022118199282,1370028,0.010175483666009955,1.0,0.024677786358509698,-0.1838702562789004,1,12
2018-12-12,116.54283905029295,119.05820699576935,116.4683666178547,117.6846810992631,992659,-0.0008510963949083239,-0.0,0.024911560105993494,-0.1778257148179554,2,12
2018-12-13,115.59955596923828,117.4033463920418,114.99553942792568,117.2626827912298,1320674,-0.008093874224632591,-1.0,0.024973662717858,-0.17220096900508186,3,12
2018-12-14,113.69647979736328,116.82414523993172,113.32413972296854,114.8052334712956,1279352,-0.016462659877183428,-2.0,0.02492321173978387,-0.16591048188806257,4,12
2018-12-17,110.70948791503906,114.04400843797993,109.96480035122212,112.79459839763764,1547887,-0.026271630288359105,-3.0,0.024890153082749982,-0.16437599024957428,0,12
2018-12-18,107.9624252319336,111.68583328067508,107.2839362693909,111.6279160002778,1794190,-0.024813254354618897,-2.0,0.02516900477778887,-0.18349903151416447,1,12
2018-12-19,106.24138641357422,109.38559977046162,105.74493051279558,108.07826516360676,1948070,-0.015941090751361853,-2.0,0.025231627631455887,-0.2058430386759803,2,12
2018-12-20,103.91631317138672,107.1184510011776,103.04751722501612,106.19173042635316,1365954,-0.021884816460663536,-2.0,0.0251364742662203,-0.21850276686727232,3,12
2018-12-21,102.6999969482422,106.69645822767949,102.269739605632,104.2638296228046,1648108,-0.011704766903522401,-1.0,0.02522496507958402,-0.22331486847150317,4,12
2018-12-24,99.96949768066406,102.08771094133742,99.00141494386638,101.9553212347871,679078,-0.02658714068856527,-3.0,0.025169295414081787,-0.22906818183119793,0,12
2018-12-26,103.04752349853516,103.10544813051544,98.77800858156776,99.96950128742014,1013262,0.03078964973599585,3.0,0.025251104414080953,-0.24811759734612504,2,12
2018-12-27,103.09716796875,103.10544186595246,99.5392378627787,101.3678426249572,1406810,0.00048176286561174564,0.0,0.026718673274792618,-0.22980832460688794,3,12
2018-12-28,103.022705078125,104.50379894679604,101.72365166083868,103.74256359351834,1045156,-0.0007222593218814133,-0.0,0.026645586919172307,-0.23195460324731831,4,12
2018-12-31,104.55343627929688,104.9092285674035,103.29575242469043,103.40331309204494,739722,0.014858192667442482,1.0,0.02676075527103243,-0.22438179227797794,0,12
2019-01-02,104.6113510131836,105.1988271127527,102.41867270749606,103.63499439307046,1214052,0.000553924729284061,0.0,0.02589559977862043,-0.23459921710785658,2,1
2019-01-03,102.35247802734376,103.8170239294716,101.16925931944434,102.58415449150372,1112900,-0.021593000797352824,-2.0,0.025981194941225638,-0.2186515095739504,3,1
2019-01-04,105.87731170654295,106.97778408852564,103.33711512369084,103.63499010980776,1508893,0.034438186032560214,3.0,0.01653116286437146,-0.1506454547889149,4,1
2019-01-07,105.06643676757812,108.05343858680556,104.338304418565,106.23310771427272,1911404,-0.00765862795243899,-1.0,0.018205143365788653,-0.13581420014426004,0,1
2019-01-08,106.20828247070312,106.8205728898809,105.15744612046618,106.0096942475738,1423805,0.010867844558685613,1.0,0.017268328367644928,-0.11407245139314226,1,1
2019-01-09,107.30877685546876,108.8395142393154,106.75440360135217,106.89506722655668,983114,0.010361662566845453,1.0,0.017573269030476974,-0.10606594467059938,2,1
2019-01-10,108.30994415283205,108.47542944569666,106.79575482532718,106.79575482532718,862058,0.009329780160589607,1.0,0.01782881129094895,-0.0864327114961374,3,1
2019-01-11,109.15392303466795,109.21184031780828,107.63145974544072,107.63145974544072,794430,0.007792256643074369,1.0,0.017806275168672645,-0.06198500989195943,4,1
2019-01-14,108.5167999267578,109.63382015280187,108.22719882457878,108.42577970822812,1698974,-0.005836923586409304,-1.0,0.017726242441589664,-0.06419799437682483,0,1
2019-01-15,109.74966430664062,109.92342350189104,108.11136647201263,108.22720103681696,791520,0.011361046222473803,1.0,0.017729336347552898,-0.06886771584542917,1,1
2019-01-16,109.24493408203124,110.81704073052796,109.12081827218984,109.52626129152672,1249903,-0.004598922719245668,-0.0,0.017969835136080504,-0.050604793535317216,2,1
2019-01-17,111.9175262451172,112.28159244774166,108.60782013390508,109.57591027364126,1718180,0.02446422056586295,2.0,0.017687124660715203,-0.03915288954650009,3,1
2019-01-18,113.9364242553711,114.03571836581156,112.5960015267068,113.07590224104614,1374451,0.01803915863751482,2.0,0.017635363676697446,0.010911786810948065,4,1
2019-01-22,112.28157806396484,113.36550263510682,111.5286167135019,113.36550263510682,918978,-0.014524294598689202,-1.0,0.01700797817076062,0.05533405729450469,1,1
2019-01-23,112.5298080444336,113.94471060436211,111.77685400368745,112.5298080444336,839593,0.002210781009217122,0.0,0.01693295904723135,0.0568534716487743,2,1
2019-01-24,112.82769012451172,113.36551552281628,111.8761551422942,112.34778201050264,784303,0.00264713932472449,0.0,0.015967430332578945,0.0828887651050596,3,1
2019-01-25,113.68821716308594,114.87970992801584,113.21658292637431,113.80405908474611,799552,0.007626913549542591,1.0,0.01556735617478116,0.09861434739256691,4,1
2019-01-28,112.94353485107422,113.3406966493552,111.85960278169726,112.90215801321816,732971,-0.00655021541012879,-1.0,0.013833637535614727,0.13722905286814635,0,1
2019-01-29,113.04280853271484,113.56408608809498,112.2153820921011,113.19174602682968,661501,0.0008789673687079613,0.0,0.012886742151059269,0.09603347093227077,1,1
2019-01-30,114.49081420898438,114.54045759428972,112.57118180064964,113.28277373024628,885222,0.01280935687165341,1.0,0.012880909497472236,0.09646861072827417,2,1
2019-01-31,115.30168914794922,115.988452058213,113.78750706468102,114.30878467073504,913856,0.007082445387144531,1.0,0.012946283083951541,0.1113163270384212,3,1
2019-02-01,116.6586685180664,116.81587992628069,114.55701027399924,114.98727500912368,861942,0.011768946145931825,1.0,0.012763684893746803,0.10280152667522269,4,2
2019-02-04,116.6421127319336,116.87379655345433,115.52509250318973,116.58419545057532,649163,-0.00014191646744410313,-0.0,0.012813964691634745,0.1151626222986506,0,2
2019-02-05,117.4198989868164,118.1066618764654,116.62556808084447,117.27096148269392,1011516,0.006668142720205328,1.0,0.011334032718287874,0.139612005297735,1,2
2019-02-06,116.8655242919922,117.57711625788724,116.0960223883309,117.1220298252422,1551263,-0.004721301070838457,-0.0,0.009330167903048463,0.10901851486620395,2,2
2019-02-07,122.0121078491211,123.7000638443984,118.84307269765424,119.72841651065283,1891267,0.044038509973822526,4.0,0.00915151672539458,0.11230120566965951,3,2
2019-02-08,119.83596801757812,121.63147708978173,117.9659865267048,121.20949366014534,1274114,-0.017835441661527285,-2.0,0.01245828097666054,0.14880031020911533,4,2
2019-02-11,119.38916778564452,120.29933326013176,119.09129277652362,119.72841228268668,865900,-0.0037284317832528835,-0.0,0.013518339539579639,0.11673966966357185,0,2
2019-02-12,121.292236328125,121.92108189144076,119.22367390442622,119.86906726171938,667554,0.01594004362185797,2.0,0.013626383969207125,0.10229184143220493,1,2
2019-02-13,121.78870391845705,122.93882714693572,121.26742631384484,121.6314925124904,807700,0.004093152252457211,0.0,0.013832208334752566,0.11120363754220586,2,2
2019-02-14,121.43291473388672,121.70596806390029,119.38089985391932,120.18350469992018,926544,-0.002921364405097382,-0.0,0.013606672019220077,0.12230275865724916,3,2
2019-02-15,124.2544174194336,124.65157917434306,121.93763071840362,122.28514909096027,1936198,0.023235073387886995,2.0,0.013660972255382348,0.10645363246490747,4,2
2019-02-19,123.93997955322266,124.9328911677154,123.68348877561152,124.17166333876324,1239660,-0.0025305970825126867,-0.0,0.014036701483959099,0.137392946075942,1,2
2019-02-20,123.90689849853516,124.39508781501809,123.1291227862758,123.89862460151298,728315,-0.0002669118940211712,-0.0,0.013510704109745137,0.1074224360693461,2,2
2019-02-21,122.72369384765624,124.0806718178534,122.17758722215238,124.0806718178534,560582,-0.009549142664505572,-1.0,0.013211643281460206,0.08750910262741596,3,2
2019-02-22,123.08775329589844,123.16221836909487,122.01209524675592,122.71540588578551,621692,0.00296649682574035,0.0,0.012902245028945136,0.09299936787264151,4,2
2019-02-25,121.7059555053711,124.02274957829022,121.64803087731975,123.75797017359628,573503,-0.011226119199735152,-1.0,0.012897116050636167,0.09382354271230886,0,2
2019-02-26,121.5653076171875,122.69060186246251,121.11849506953604,121.70597123485804,482362,-0.0011556368593432786,-0.0,0.013336929776647941,0.07868870993513832,1,2
2019-02-27,121.73077392578124,122.23550368213104,120.67167103155192,121.32533093249104,607492,0.001361130998942528,0.0,0.01334523218800191,0.06928677967393804,2,2
2019-02-28,122.65750122070312,122.85608211769257,121.48255628646758,121.73906181661032,622391,0.0076129253518664175,1.0,0.01316433148001955,0.07780205468417245,3,2
2019-03-01,123.0629425048828,124.21305838104742,122.45891857661498,123.41873480442212,768706,0.003305474839652378,0.0,0.01317532782978168,0.08505355460277486,4,3
2019-03-04,121.6480484008789,124.05586303727404,120.30761808611793,123.55939974494582,648930,-0.011497320600372896,-1.0,0.013019041033006261,0.07487175591442119,0,3
2019-03-05,121.9376449584961,122.6409556828021,120.63031028618454,121.8383508341512,663480,0.0023806099762722077,0.0,0.013391102617655875,0.05504133807429623,1,3
2019-03-06,120.150390625,122.04519380348566,119.21539620682292,121.8714346242188,856588,-0.01465711703801087,-1.0,0.013226759451924837,0.04525147172935684,2,3
2019-03-07,120.6468505859375,121.15158037823716,119.84425313519978,120.16694983421463,705966,0.004131987905782175,0.0,0.013724703260868951,0.030077283503335606,3,3
2019-03-08,121.22605895996094,121.38327036869636,119.91872430249072,119.91872430249072,868460,0.004800857802838898,0.0,0.013688067621935083,0.0274821527438327,4,3
2019-03-11,123.29460906982422,123.36908884415084,120.9861034679007,121.59012003552328,585608,0.017063576326823426,2.0,0.013633462904610085,0.037312412658790706,0,3
2019-03-12,125.28043365478516,125.52866528029416,123.70006041978657,123.97309904214944,940978,0.01610633749474255,2.0,0.010328250205660899,0.010511261901065216,1,3
2019-03-13,128.19297790527344,128.565317995533,125.51211749853408,126.14096311197764,1176688,0.02324819738822037,2.0,0.009956549213649597,0.04543265037428834,2,3
2019-03-14,126.44709777832033,128.0522925256284,126.3229746314893,128.0522925256284,1114996,-0.013619155709474251,-1.0,0.010857651308185837,0.07374044298085392,3,3
2019-03-15,127.72134399414062,128.31709405266022,126.39746150680332,126.47194128618506,1139672,0.01007730693870279,1.0,0.011071351016078585,0.04249951692085374,4,3
2019-03-18,128.1598663330078,128.61494534300107,127.46482962505004,128.18468802285727,985210,0.003433430350429978,0.0,0.01120301230894262,0.048712564341400144,0,3
2019-03-19,129.04522705078125,129.94712604068317,128.34191631329168,128.34191631329168,666390,0.006908252506076629,1.0,0.011139806487134158,0.05539644349197115,1,3
2019-03-20,127.5145034790039,129.15279418494362,126.87738389509852,128.73081066056793,630772,-0.0118619154443812,-1.0,0.010156114478415973,0.038556453209834585,2,3
2019-03-21,129.32655334472656,129.8561122165832,126.65396668326152,126.94356781354978,478171,0.01421053932128613,1.0,0.01055379904213464,0.02884076581799233,3,3
2019-03-22,127.688232421875,130.79107610222948,126.8690872159902,129.06175812618264,680358,-0.012668093910185085,-1.0,0.01090591331735317,0.043739734525398255,4,3
2019-03-25,126.52985382080078,127.50621785334484,125.84309090849564,127.50621785334484,668834,-0.009071929175485827,-1.0,0.011092096595348825,0.0404529754489098,0,3
2019-03-26,125.05704498291016,127.46485219730208,124.38682984611606,126.76981536626296,993241,-0.011640010585774574,-1.0,0.011345061247891827,0.027964606004527992,1,3
2019-03-27,124.86669921875,125.3052304028486,123.0960119942698,124.51090699465392,1008839,-0.0015220715009391927,-0.0,0.01136838326482025,0.0275343097519265,2,3
2019-03-28,124.62677001953124,125.56176456948918,123.26979932908392,124.9080972439166,448722,-0.001921482674883901,-0.0,0.011372711009896131,0.027157349956771215,3,3
2019-03-29,126.57949829101562,126.89392110744386,125.13978127142188,125.13978127142188,575482,0.01566861013230425,2.0,0.011394918280302717,0.023790172364431594,4,3
2019-04-01,128.0771026611328,128.30878644437405,126.77805690560945,127.46481966327808,704453,0.01183133438145001,1.0,0.011752232467075767,0.03197519133587656,0,4
2019-04-02,130.38563537597656,131.20478054999745,129.30171080870616,130.50974382777164,1272019,0.01802455448224549,2.0,0.01196076353307022,0.04074467954519334,1,4
2019-04-03,129.6409454345703,131.66813816989955,128.8962653881403,131.0392926696876,1357690,-0.00571144159599235,-1.0,0.012033257061476283,0.07182677478148936,2,4
2019-04-04,130.27809143066406,130.37737820483727,129.37619247699172,129.8064498611642,515536,0.0049146972351825635,0.0,0.012195244125933135,0.06317409589709722,3,4
2019-04-05,131.54400634765625,132.09011285023306,130.41043856052602,130.70831349865114,691183,0.009717020744550275,1.0,0.01150748602871668,0.08429186749191286,4,4
2019-04-08,131.37026977539062,131.55229549997017,130.04638753955788,131.36199587881882,483875,-0.0013207486763513465,-0.0,0.011576863533355738,0.09032275363008035,0,4
2019-04-09,130.43527221679688,131.81707169518006,130.26979428936698,131.27097983857553,620528,-0.0071172690761186486,-1.0,0.011637622828639681,0.0836801171502255,1,4
2019-04-10,132.06532287597656,132.19770523756108,130.11259486607648,130.5842364213975,666506,0.012497008144164878,1.0,0.011464873113188324,0.05791545308301971,2,4
2019-04-11,130.62559509277344,132.58658214180244,130.1622274734212,132.38800861586878,491208,-0.010901633766156604,-1.0,0.011280151676868034,0.054157612831125856,3,4
2019-04-12,130.27809143066406,132.7438158619187,130.22844804357746,131.2544554649663,709109,-0.002660302996993602,-0.0,0.010591381192611495,0.01897621248253989,4,4
2019-04-15,131.61851501464844,132.17288083852102,130.1622355865957,130.66697272197834,716326,0.01028894090529242,1.0,0.010096103766246627,0.030297205073539946,0,4
2019-04-16,126.27335357666016,132.54523292605728,126.0333958333758,132.54523292605728,1238729,-0.04061101462353833,-4.0,0.010105225773727156,0.03051307556461813,1,4
2019-04-17,119.2816162109375,127.17525311813516,116.27805889407595,126.68706373126956,2764034,-0.05536985569546937,-6.0,0.013634232514577176,-0.014719996285309622,2,4
2019-04-18,120.15868377685548,122.26861595634404,118.26388029473226,119.31470943545116,1599336,0.0073529148395086175,1.0,0.017992300873384513,-0.07566037941102322,3,4
2019-04-22,119.35606384277344,121.5073725887013,119.0168193694716,120.1586685924992,1101610,-0.006679666494787684,-1.0,0.01803870473521637,-0.05768614158749097,0,4
2019-04-23,125.18113708496094,126.3064311651886,120.1338468218489,120.1338468218489,1306474,0.04880416674816623,5.0,0.017632867193551463,-0.07709545521851402,1,4
2019-04-24,127.39036560058594,128.35845571259765,124.85017615283724,125.04876439225816,920724,0.017648254098583394,2.0,0.020868630998778562,-0.019634505775213196,2,4
2019-04-25,128.01918029785156,128.35842471520877,125.56173041994325,126.78632575911932,649745,0.004936124441601741,0.0,0.02114759914942686,0.006800859669085391,3,4
2019-04-26,127.93646240234376,128.28398077255022,126.81116832169592,128.15987231750756,1307870,-0.0006461367375993898,-0.0,0.020979017869885857,0.023686273055198104,4,4
2019-04-29,128.64804077148438,128.8714506759416,126.92699679693638,128.39980917720817,902216,0.005561966899653603,1.0,0.02097394007402201,0.02458432234374941,0,4
2019-04-30,132.32183837890625,134.1504433666677,128.30882138760964,128.30882138760964,2095316,0.028556965076114826,3.0,0.02097881513331975,0.03226650864274938,1,4
2019-05-01,133.3478240966797,134.35728360351976,130.07948787073812,133.22370094748882,1389583,0.007753714204268514,1.0,0.02158683706744679,0.04536548307916788,2,5
2019-05-02,137.04641723632812,137.5180587994286,132.30528278473534,133.28163210970163,1609463,0.027736434131590215,3.0,0.02151540429076204,0.04115272227458311,3,5
2019-05-03,136.48374938964844,138.94947327970826,134.38209162107108,137.60076944219114,1607950,-0.004105673523076447,-0.0,0.02197331161274839,0.05108524294984429,4,5
2019-05-06,136.8892059326172,137.14571144492712,134.0428676935782,134.20834563952812,824112,0.002970731275935279,0.0,0.021945692874347958,0.05278273721423665,0,5
2019-05-07,134.22488403320312,136.7568139976045,133.016851024115,135.97074972113455,788843,-0.019463345420569933,-2.0,0.021939910515173442,0.050746172509532395,1,5
2019-05-08,135.28402709960938,136.38449977835748,132.57007060098795,133.9601444470047,888830,0.007890810068751808,1.0,0.022385556435243235,0.020380082376855846,2,5
2019-05-09,137.286376953125,137.97313986728528,133.9932333419509,133.9932333419509,1123260,0.01480108107693523,1.0,0.022423879229741712,0.029791803966835673,3,5
2019-05-10,137.63388061523438,138.15516551644814,134.779268592273,136.98848725948733,870905,0.002531231938825318,0.0,0.02250583045349615,0.052524939150975,4,5
2019-05-13,134.05943298339844,135.2591923363708,133.37267002590622,135.11026216557997,747637,-0.02597069570267052,-3.0,0.022393352296561225,0.04216517718649948,0,5
2019-05-14,135.1433563232422,136.86440064787595,134.06770545735725,134.27455291459128,1002088,0.008085394035479698,1.0,0.023065827023658773,0.026287634427129003,1,5
2019-05-15,136.8230438232422,137.46016344268497,133.81121230228123,133.90222519188998,911063,0.012428931363687834,1.0,0.02308829320195474,0.03734522696141496,2,5
2019-05-16,136.51686096191406,139.11496749275855,136.2107120767993,137.21189770215105,1038637,-0.002237801855392685,-0.0,0.023131373618497205,0.03954252794916058,3,5
2019-05-17,136.03695678710938,137.89039804498577,134.79582804615697,134.9861276929024,820154,-0.0035153472722946333,-0.0,0.021006266832118023,0.08112168636619854,4,5
2019-05-20,137.01332092285156,137.96486324568173,135.70600099927086,135.99558741848642,1058891,0.007177197717456618,1.0,0.016180093545302,0.14046875879466403,0,5
2019-05-21,137.65872192382812,139.22256215424463,137.27810791293126,137.50151785901622,856588,0.00471049819557301,0.0,0.01617962257327719,0.14026982167428304,1,5
2019-05-22,138.5606231689453,138.72610113460271,136.83957884566163,137.32775354044034,684316,0.006551718863235134,1.0,0.015908095015585346,0.15334502070346923,2,5
2019-05-23,137.55111694335938,137.8903613542473,135.9045382618179,137.68349927108758,888714,-0.007285664588524976,-1.0,0.012695540883195022,0.10688100775841058,3,5
2019-05-24,138.01449584960938,138.41165760387975,136.8395583808893,137.80764842347227,752759,0.0033687760343001916,0.0,0.012611691070864932,0.0797607518815906,4,5
2019-05-28,136.73199462890625,138.35373719751527,136.58304978936684,137.81591920562735,2555562,-0.009292510998994086,-1.0,0.012608874690750917,0.07807670326042193,1,5
2019-05-29,135.44949340820312,136.52514418000035,134.53932058771866,136.52514418000035,693511,-0.009379671701446823,-1.0,0.01289451965497468,0.0687492217730834,2,5
2019-05-30,135.17645263671875,136.50033515442848,134.18354074843646,135.71428542057183,472468,-0.002015812422874963,-0.0,0.013169873503878304,0.05286868417063628,3,5
2019-05-31,134.54759216308594,135.35018960527674,133.00031456066415,134.0345958267822,872302,-0.004652145113785866,-0.0,0.011764768947474033,0.021573266308757333,4,5
2019-06-03,135.4329376220703,137.36082912155234,134.77099646369984,134.77099646369984,606095,0.0065801657595718765,1.0,0.011724454898449362,0.008997282666842743,0,6
2019-06-04,137.70835876464844,137.9483164956193,134.89511595938785,136.5251472974799,732854,0.016801091245083555,2.0,0.01005672419052131,-0.011773234549251055,1,6
2019-06-05,138.04759216308594,138.6764377340209,133.5298533033831,138.6764377340209,938300,0.0024634190798633604,0.0,0.010697916540784768,0.0089725654554218,2,6
2019-06-06,138.37030029296875,139.5121569700587,136.91403550048767,138.09724697035645,820387,0.0023376585192560473,0.0,0.010692582811329484,0.00846221747417375,3,6
2019-06-07,138.1634521484375,139.62799083126995,137.55115432412833,139.28047243045776,560350,-0.0014948883112437805,-0.0,0.009671482715716332,0.030884111315307106,4,6
2019-06-10,138.5440673828125,140.2485638112354,138.2213706723005,138.73436703234432,576180,0.0027548185026968763,0.0,0.009577512392561384,0.02128429431442047,0,6
2019-06-11,137.85731506347656,140.09135581918213,137.02160723263012,139.5369899275212,576064,-0.004956923326340346,-0.0,0.009059285591089533,0.00916107233361485,1,6
2019-06-12,137.741455078125,137.8986738323748,135.5570578829312,137.58425101996363,795361,-0.0008404340770615804,-0.0,0.00912140413966155,0.001623397140612548,2,6
2019-06-13,139.01568603515625,139.08187721368884,136.87265845363788,137.76628345209073,673374,0.009250889329639467,1.0,0.006907507986939491,0.027465595018461242,3,6
2019-06-14,137.67526245117188,139.42112834866637,137.12917050614757,139.42112834866637,844366,-0.009642247016968919,-1.0,0.006969044755125288,0.028653496681346535,4,6
2019-06-17,137.4601287841797,138.89157174419992,137.4187446032467,138.10552213995155,563027,-0.001562616719677501,-0.0,0.006881462836903328,0.006228619128153978,0,6
2019-06-18,137.4270477294922,139.39630889685102,137.2863767700525,138.684724290074,597830,-0.00024065927320238156,-0.0,0.006870491960231855,0.006909533486334496,1,6
2019-06-19,140.24853515625,140.3643697018634,137.3608131472608,138.22961632761775,613195,0.02053080142063113,2.0,0.006815306418065827,0.010218480148436626,2,6
2019-06-20,138.9991455078125,141.05116032613398,138.17172634071994,140.66227243583518,643226,-0.008908397132601498,-1.0,0.00799048179584582,0.023612406528122243,3,6
2019-06-21,141.32421875,142.10199455867672,139.98378848189097,140.3809502842772,1544861,0.016727248456767096,2.0,0.008235307248481833,0.009737294994835777,4,6
2019-06-24,140.099609375,141.6138060503543,139.00741085105977,141.45658730670715,822948,-0.008665247795682562,-1.0,0.008883422738965654,0.019945028521451302,0,6
2019-06-25,140.1741180419922,141.10909801502373,139.01571340524902,140.0913643564459,661385,0.0005318263721403316,0.0,0.008952424474284551,0.018527602598022108,1,6
2019-06-26,139.14810180664062,140.66228400361334,138.33721567227238,140.66228400361334,723775,-0.00731958402651911,-1.0,0.008934894146756106,0.015647792495188995,2,6
2019-06-27,141.46487426757812,141.6634625157639,139.49561306217248,140.09962231255625,577810,0.016649687856733264,2.0,0.00883351338784323,0.017670386395603588,3,6
2019-06-28,143.06179809570312,143.18590655538208,141.0594267696906,141.58071169251733,1075652,0.011288482998998317,1.0,0.009143921815433602,0.044410508360090306,4,6
2019-07-01,144.82423400878906,147.1493023841515,143.88923938027438,144.6421935438019,988120,0.01231940277939847,1.0,0.009303214330612458,0.058333720889805596,0,7
2019-07-02,145.7757568359375,145.8336741182546,143.3100325161085,144.62562630271776,548477,0.006570190642891216,1.0,0.009365497783104467,0.07637923266026747,1,7
2019-07-03,145.80885314941406,147.11618774112503,145.3537740900049,146.29702779888297,554180,0.00022703578561289461,0.0,0.009365336802613932,0.07636856584126628,2,7
2019-07-05,147.09962463378906,147.14099411705735,144.8655696646954,145.5688802724295,493303,0.008852490479794861,1.0,0.008878712446141742,0.0588235489656066,4,7
2019-07-08,145.5275115966797,147.08307765663193,144.41049145397784,146.24737000171555,886153,-0.010687403458868205,-1.0,0.008976860704161788,0.06557182438944165,0,7
2019-07-09,144.5511474609375,145.8584819216732,142.8549251598728,144.64216032448363,783721,-0.0067091378463758344,-1.0,0.009466405613215828,0.05172505435456243,1,7
2019-07-10,144.2284393310547,145.37856966334567,143.83127762560545,145.00622964598168,539398,-0.002232484041470695,-0.0,0.009641724796940082,0.046232887302477765,2,7
2019-07-11,144.75804138183594,146.34668867896923,143.07836650506857,145.6764882040528,593407,0.003671966868930898,0.0,0.009688647098233989,0.041029342184213835,3,7
2019-07-12,145.17173767089844,145.65991233389332,143.4175978686908,144.38568799302476,919676,0.002857846687572163,0.0,0.009562740743103327,0.05005701957260622,4,7
2019-07-15,144.4684295654297,145.75094252316748,143.2024644034775,145.75094252316748,613894,-0.004844662719841075,-0.0,0.00953463500082802,0.05394369174159719,0,7
2019-07-16,144.8407440185547,145.9908597102587,144.27808966930118,145.29582301816248,709924,0.002577133663354214,0.0,0.009535328171415277,0.03922394433168108,1,7
2019-07-17,143.86441040039062,144.60909062762738,143.09490847865192,144.60909062762738,607724,-0.006740738766427445,-1.0,0.00916280390780486,0.05204625318890632,2,7
2019-07-18,144.7745819091797,145.0807308345458,143.01216813586925,143.82303954072714,490975,0.006326592562093447,1.0,0.009344308400335358,0.046590103420214524,3,7
2019-07-19,143.3431396484375,145.2131141085481,143.2852223614567,144.87386958871446,513790,-0.009887386596910797,-1.0,0.00936797789217806,0.05346497870019151,4,7
2019-07-22,142.4412078857422,144.35256609281964,142.36674281961635,143.65752941680705,537419,-0.006292116699183392,-1.0,0.008777735219706418,0.022065146625166676,0,7
2019-07-23,145.60198974609375,146.15637026693696,142.8549382263817,143.97197316551097,896513,0.022190080435760873,2.0,0.008646518120826034,0.02476319092002055,1,7
2019-07-24,147.3643798828125,147.64570704709448,145.17170923359157,145.26272209094927,807234,0.012104162448549394,1.0,0.009201362592458419,0.030269199673844005,2,7
2019-07-25,142.12680053710938,145.10553576976486,139.8348428547524,145.10553576976486,2393417,-0.03554169162092069,-4.0,0.009174666877187314,0.05185432379306021,3,7
2019-07-26,137.79107666015625,142.82181093391696,136.86435626400683,142.74734587346106,1718064,-0.030506026031459577,-3.0,0.012371791532349661,0.013930406856793809,4,7
2019-07-29,138.42820739746094,139.22254561356235,136.50031587758062,137.26981770609976,1286453,0.0046238896795622875,0.0,0.014047468854380374,-0.009752379866238448,0,7
2019-07-30,141.1752471923828,141.21663137088512,135.89628079478263,137.37736704962745,902566,0.019844508908754888,2.0,0.013555383130204563,-0.021465871905229195,1,7
2019-07-31,138.61029052734375,141.29942550300052,136.09492214176458,141.29942550300052,1706191,-0.018168600488042586,-2.0,0.01406061439110379,-0.01318696485317683,2,7
2019-08-01,137.35255432128906,139.7851829186738,136.64096978513305,139.01568110335648,712368,-0.009073902098246989,-1.0,0.014239632900344036,-0.04290679335523506,3,8
2019-08-02,136.3348388671875,138.08897874769198,135.54051525611465,137.1622727668033,683268,-0.007409512397716034,-1.0,0.014178560841509017,-0.0577819158512638,4,8
2019-08-05,132.1977081298828,135.83011091229932,129.78162710548798,134.79582960152726,1232210,-0.03034536712464908,-3.0,0.014196745193751597,-0.06497557643168828,0,8
2019-08-06,133.75328063964844,133.85256741764607,130.34428763417176,132.80173826223708,886968,0.011767015720403284,1.0,0.015095428949406684,-0.10130492542727576,1,8
2019-08-07,133.9849395751953,134.1338697145041,130.71660344616654,132.652783433699,667787,0.0017319869422194323,0.0,0.015460590241643282,-0.08090725133583532,2,8
2019-08-08,136.061767578125,136.301710565836,134.29933952635534,134.53929721015183,667205,0.01550045855537463,2.0,0.015493454037259444,-0.07309667250201202,3,8
2019-08-09,136.47549438476562,136.897477836882,135.0192296972573,136.0617848298263,555926,0.0030407278547448513,0.0,0.0160392037739149,-0.05662317217608048,4,8
2019-08-12,135.63153076171875,136.80648310094173,134.97786340591762,135.93767969393505,494816,-0.006183993887338368,-1.0,0.01602735386848894,-0.05721648979225269,0,8
2019-08-13,137.51803588867188,137.95656709168188,135.81353975868834,136.3182621325548,529969,0.013909045458370572,1.0,0.0159926048535407,-0.06571669570290017,1,8
2019-08-14,135.39154052734375,136.7236817734218,135.02747443408987,136.3678895755581,659057,-0.01546339247493056,-2.0,0.016409020490336004,-0.04811012134391601,2,8
2019-08-15,135.39154052734375,135.9872756915238,134.6137502724105,135.55701843514817,497028,0.0,0.0,0.016616473929968983,-0.06523857327051885,3,8
2019-08-16,137.4766845703125,137.89866803636085,135.80528380493163,136.04524152707546,718421,0.015400844357388976,2.0,0.016607224230747064,-0.05889482916216693,4,8
2019-08-19,139.52041625976562,139.9093041104889,138.16343838264424,138.61024351171764,524848,0.01486602397956327,1.0,0.016969410245336537,-0.05040869220707067,0,8
2019-08-20,138.1882781982422,140.63745487660483,137.9979638483289,139.8596790731446,593174,-0.00954797940857055,-1.0,0.017274586326042805,-0.02666833863167406,1,8
2019-08-21,139.48731994628906,140.1906305719114,138.7343512433953,139.0405001234539,569196,0.009400520543307644,1.0,0.017337605445901717,-0.029857439084000514,2,8
2019-08-22,138.957763671875,139.93412760778529,138.3123703126108,139.8596625346595,482594,-0.0037964474091120026,-0.0,0.01668356370150095,-0.04199578460752962,3,8
2019-08-23,137.2367401123047,140.31476252606743,136.5582510636351,139.23083776706395,737045,-0.01238522781378526,-1.0,0.01637381647022998,-0.057046460057869064,4,8
2019-08-26,136.70718383789062,138.46133847683876,136.1279962532692,137.98969687542655,547429,-0.0038587063054741355,-0.0,0.01474801683314432,-0.03440632172345204,0,8
2019-08-27,135.63980102539062,137.79111739153177,134.9116686046372,137.27810632013026,724706,-0.007807803383366618,-1.0,0.013198045744876959,-0.007866204753874673,1,8
2019-08-28,135.87973022460938,136.19415298063228,134.30761644449478,135.15987185310806,519260,0.0017688701797331507,0.0,0.013245208770611496,-0.020143339457283638,2,8
2019-08-29,138.88331604003906,139.20601276019616,136.81475335024794,137.2119151528823,423812,0.02210473784768885,2.0,0.012390504500520134,-0.03751023690829536,3,8
2019-08-30,138.6433563232422,140.86086384245326,138.4033985870374,139.48733800088215,793848,-0.001727779287237774,-0.0,0.012830378200207462,0.001969734798596745,4,8
2019-09-03,138.66818237304688,139.63627255012312,137.17054801540485,137.4518752501222,610402,0.000179064114307792,0.0,0.012664755499094427,0.009397728410159178,1,9
2019-09-04,139.16461181640625,140.10786537343853,137.60904585357582,139.49558235981152,354671,0.003579980892977064,0.0,0.012534723127903153,0.01711480004118715,2,9
2019-09-05,141.06771850585938,141.15873138779972,139.7438359841874,140.67883058693388,781626,0.013675220047779213,1.0,0.010294686260037376,0.0527006389526703,3,9
2019-09-06,143.0866241455078,144.58425838892964,140.40576376609314,141.08425275851073,849371,0.014311606234452379,1.0,0.010388575171590756,0.054686044568261094,4,9
2019-09-09,142.71429443359375,143.92232765400774,139.97551657213742,143.79821918152692,705151,-0.0026021280055879004,-0.0,0.010694809013858024,0.06793065399118547,0,9
2019-09-10,144.0712890625,144.59255940287227,141.49798886882866,142.5322703465484,561281,0.009508470292284965,1.0,0.010377700720515467,0.04889343254819134,1,9
2019-09-11,144.1043701171875,144.1705613034327,141.48142679350758,143.97198774469717,554413,0.0002296158721335484,0.0,0.010495255877071964,0.05565683943462796,2,9
2019-09-12,142.97906494140625,145.54407608510593,142.87976347353424,144.87386098338868,487483,-0.007808959401204407,-1.0,0.010317613207850414,0.06246954014221129,3,9
2019-09-13,142.5819091796875,144.31950123972734,142.09371980562346,143.07835775566082,597248,-0.0027777196744258603,-0.0,0.010251419021012119,0.03971136598515246,4,9
2019-09-16,142.9376983642578,143.38450354247297,141.44004937890932,141.81238947677005,393316,0.002495331887595542,0.0,0.009524729591104356,0.0531079609873526,0,9
2019-09-17,141.80409240722656,142.87974303595448,141.42347847374353,142.86319524302417,414617,-0.00793076962903383,-1.0,0.009507398588710893,0.055735814863485,1,9
2019-09-18,141.696533203125,142.15161220945112,140.8939358456204,141.76272437552353,467230,-0.0007585056416614666,-0.0,0.009301279281516153,0.031477394515582846,2,9
2019-09-19,141.5807342529297,142.93771241266643,141.53107616505767,142.3171406232105,549175,-0.0008172320633230701,-0.0,0.00879107650501441,0.015597121924491475,3,9
2019-09-20,142.88803100585938,143.80647769220977,141.41521850565675,141.63035453102611,840408,0.009233577999350207,1.0,0.008479450584779164,0.024549521123786944,4,9
2019-09-23,142.38331604003906,142.58190428125914,140.91877736033902,142.1930016965328,1248972,-0.0035322410300384632,-0.0,0.008471442296682003,0.02438007311976298,0,9
2019-09-24,141.01805114746094,143.69891132858316,140.22372764790137,142.9542312107352,654284,-0.009588657790454924,-1.0,0.008463872248394611,0.024651752285341333,1,9
2019-09-25,138.966064453125,140.55472646758454,138.71783279859602,140.55472646758454,737278,-0.01455123424014848,-1.0,0.00825905288591451,0.02755319772286846,2,9
2019-09-26,138.1800079345703,139.64454670209406,136.82302984377634,139.3963150597054,605164,-0.005656463839917025,-1.0,0.008899524450225137,0.016523496072547106,3,9
2019-09-27,136.88092041015625,139.10668677067576,135.8466392475471,138.87501766602134,578857,-0.009401414458082735,-1.0,0.008807165825961812,0.01872759241739219,4,9
2019-09-30,139.0074005126953,139.66106773821392,136.94711207664395,137.04639883613953,508319,0.015535255725686037,2.0,0.009086276638792726,0.007368208517134267,0,9
2019-10-01,138.97434997558594,141.6055675238349,138.7012966023748,139.01571947211926,660221,-0.00023776098961258985,-0.0,0.008387449828647156,0.0008934440521313203,1,10
2019-10-02,136.061767578125,137.8903721028329,135.83008379045646,137.86555041444902,659988,-0.020957697574930934,-2.0,0.008377725038786655,0.0023873747803107026,2,10
2019-10-03,136.0535125732422,136.51686551683105,133.22370743978553,135.97075890438657,1265384,-6.067101015772014e-05,-0.0,0.00955995397773331,-0.018796055088614816,3,10
2019-10-04,138.30410766601562,138.37029884751178,136.24381896541814,136.24381896541814,577810,0.01654198447512978,2.0,0.009508290086370571,-0.022355534230702245,4,10
2019-10-07,138.1634521484375,139.90931805022998,136.93058260208764,137.69181058556418,599460,-0.0010170017358976935,-0.0,0.009747585419479317,-0.019590668007641754,0,10
2019-10-08,135.2674560546875,137.27810138558192,135.10197809959578,137.27810138558192,472817,-0.02096065239191225,-2.0,0.009104528771457208,-0.03440693374709736,1,10
2019-10-09,136.8230438232422,137.77458630287867,135.2922990175503,135.9873359303805,335348,0.011500088890011861,1.0,0.010036585976016458,-0.052180045513039564,2,10
2019-10-10,136.11141967773438,137.5925059638992,135.7969969086361,136.47548582678192,596084,-0.0052010547757375125,-1.0,0.010164334276419678,-0.05031012970331261,3,10
2019-10-11,137.15399169921875,138.94122707875275,137.0546902309587,137.26982626675257,591778,0.007659695446222248,1.0,0.010163015833587676,-0.05546639864532321,4,10
2019-10-14,136.89744567871094,138.35371002413254,136.77333725020927,137.0463757929129,435220,-0.0018704962016010684,-0.0,0.01033069003628772,-0.04074074232178437,0,10
2019-10-15,138.82537841796875,139.34664861504083,136.8809244838045,137.94830126455855,395644,0.014083043914365989,1.0,0.010328854735412531,-0.03986805572797303,1,10
2019-10-16,140.64569091796875,140.91047027854452,138.8253603691695,139.1314945124871,625184,0.013112245907369369,1.0,0.010869893856853581,-0.028770016541118215,2,10
2019-10-17,141.07595825195312,142.33364928229224,140.72843990894742,141.00976708111125,500287,0.0030592286985551276,0.0,0.011196273240358533,-0.008169027209251278,3,10
2019-10-18,138.5606231689453,141.0428955264317,137.18709726963152,140.8774175607743,805372,-0.017829650878681824,-2.0,0.011219949676509139,-0.004379605747179882,4,10
2019-10-21,139.04049682617188,140.04995630791396,137.8241899277325,138.94121006615717,761954,0.0034632758301140765,0.0,0.0118661804668861,-0.021331370400926475,0,10
2019-10-22,138.69296264648438,141.14213865335765,138.5192108362821,139.41282096663485,690950,-0.0024995176773712213,-0.0,0.011683763586968775,-0.02692691719945195,1,10
2019-10-23,139.87620544433594,140.21544990614987,138.34546106976742,138.4530364232797,525313,0.008531383101733514,1.0,0.01167577640207716,-0.025918439717452113,2,10
2019-10-24,135.91285705566406,138.6268132393138,132.40457725107413,138.6268132393138,1855998,-0.0283346862040027,-3.0,0.011693189609872798,-0.00809715985885373,3,10
2019-10-25,137.09608459472656,137.65045047660203,135.51569653987465,135.70601089675625,645322,0.008705780782592987,1.0,0.012860428319266533,-0.02197088483059706,4,10
2019-10-28,135.5487518310547,137.76625878750482,135.4163694976902,137.3773562910767,658591,-0.011286483988554363,-1.0,0.01298052630388804,-0.0078442848285043,0,10
2019-10-29,136.59959411621094,137.12087899723855,135.36673942732682,135.66459970667245,393316,0.007752504327490861,1.0,0.013052970783197311,-0.009732317514448252,1,10
2019-10-30,137.58424377441406,137.76628421247105,136.1445268490334,136.839563619637,375739,0.007208291244009457,1.0,0.012683644607650908,-0.017321425964400228,2,10
2019-10-31,136.3348388671875,137.92350078542222,135.76392520126782,137.26155954416518,500636,-0.009081017367621791,-1.0,0.01280233774972424,-0.010002609844306343,3,10
2019-11-01,137.79107666015625,138.73433015143354,136.92227353325032,137.17877899312745,445696,0.010681332849832748,1.0,0.01209136402751107,0.002006965615125589,4,11
2019-11-04,137.38565063476562,138.46958993485592,136.64097050658555,138.46958993485592,402162,-0.002942324243467187,-0.0,0.012306619492780778,0.012771181383344876,0,11
2019-11-05,136.64097595214844,138.93294840358496,135.95421307606588,137.43531419047284,892672,-0.00542032358675415,-1.0,0.011773665169394354,-0.006640851430587569,1,11
2019-11-06,136.7485809326172,136.7485809326172,135.4164243789041,136.04527010941237,631121,0.0007875015508262972,0.0,0.011827082843108384,-0.011019384450913772,2,11
2019-11-07,137.18707275390625,138.42820136281154,136.53340551419305,137.6090561870123,474330,0.003206554819791041,0.0,0.01085443148940802,0.01094960252176902,3,11
2019-11-08,139.34664916992188,139.47904621599244,136.96366399760683,137.53459227408536,578974,0.015741836112281415,2.0,0.010584585067560357,0.002660582022530722,4,11
2019-11-11,137.21189880371094,138.9825862565218,136.88092822493684,138.21308443710038,389242,-0.015319710799846953,-2.0,0.011029477182283039,0.023768979119073386,0,11
2019-11-12,137.4518585205078,137.95658094505768,136.2603585410993,136.68234199377008,682802,0.0017488258590470096,0.0,0.011484734508074442,0.0004222050249851339,1,11
2019-11-13,138.3289337158203,139.04879222943987,137.23673509846955,137.37739136357894,520657,0.006380962794923839,1.0,0.01148110532392279,0.00404984066027092,2,11
2019-11-14,140.16578674316406,140.2319926106485,138.0227593926241,138.5440442595587,766610,0.013278877946947265,1.0,0.011135108785427115,-0.0035760370892256033,3,11
2019-11-15,141.94479370117188,142.50743347722087,139.74383389811643,140.51335052221145,961231,0.012692162612175872,1.0,0.011145057823169404,-0.003412149861630631,4,11
2019-11-18,139.36318969726562,142.30055519915683,138.89983680039495,142.06887140267847,988003,-0.018187380717472057,-2.0,0.011475077425374828,0.006158635815658009,0,11
2019-11-19,141.6882781982422,142.25920652847532,138.32065489259082,139.73555017560594,830747,0.016683663067896815,2.0,0.011503653028293134,0.005792168871395331,1,11
2019-11-20,141.38214111328125,142.3171357145313,140.15754537386778,141.6055510646849,627512,-0.0021606380489189725,-0.0,0.012032786094053062,0.019043238714693045,2,11
2019-11-21,140.4140167236328,141.58069489051042,139.59487159478817,141.11732730385705,575365,-0.006847571991944412,-1.0,0.012028129623629676,0.019389437037633517,3,11
2019-11-22,140.4636993408203,142.11027865090531,140.1492764963578,140.66228760430346,626232,0.00035382947049567015,0.0,0.012013805897115886,0.003844908986402995,4,11
2019-11-25,142.96253967285156,143.03700476342297,140.12446006737107,140.96844184878523,1078097,0.017789936786215987,2.0,0.010075368317353383,0.033483530430770125,0,11
2019-11-26,143.53343200683594,144.27811219375636,142.73083453587986,143.1693658110951,715976,0.003993300170036074,0.0,0.010577398952737328,0.0427908287495371,1,11
2019-11-27,143.64926147460938,144.2615445175524,142.77218434896113,144.10434048254865,521123,0.0008069859833625959,0.0,0.010130174034590324,0.05890633493795061,2,11
2019-11-29,142.55706787109375,143.43414511689517,142.01924982368587,143.30176275349345,260736,-0.007603196788510291,-1.0,0.010072865275439706,0.05160825992206819,4,11
2019-12-02,142.81356811523438,143.8974927637691,142.09370964868012,142.49914531769383,741584,0.001799281143833209,0.0,0.010240003909798203,0.03614384874501497,0,12
2019-12-03,140.9022216796875,142.1019808693155,140.1989110211948,141.8372014612025,515419,-0.013383507328971977,-1.0,0.009935744379435243,0.047520716655250705,1,12
2019-12-04,142.16818237304688,142.77220630840048,140.49678152655406,141.1090793597594,582233,0.008984675175933488,1.0,0.010297117980549443,0.02257871187990257,2,12
2019-12-05,141.46487426757812,142.64810046651112,140.8525764231015,142.64810046651112,1039918,-0.004947014822369145,-0.0,0.010390685287631818,0.03481099893754869,3,12
2019-12-06,142.05235290527344,143.2521122251326,141.95306612748652,142.5488014902971,638687,0.00415282338274392,0.0,0.010375010364422265,0.03530345331490459,4,12
2019-12-09,139.9010467529297,141.7627472575681,139.82656697587328,141.64691268717368,533112,-0.015144459830090495,-2.0,0.01038611894863704,0.038784841030779615,0,12
2019-12-10,138.6267852783203,139.52041019370097,135.2426146295609,136.52512737875682,800948,-0.009108305507247283,-1.0,0.011020241783406605,0.019783015589901254,1,12
2019-12-11,138.5275115966797,139.1149730030892,137.66698218625518,138.89985167254878,648581,-0.0007161219344538061,-0.0,0.010686261178810797,-0.0051659935555662395,2,12
2019-12-12,139.96722412109375,140.80291711720372,138.65988959989528,138.99086017872924,683384,0.010392971820686103,1.0,0.010112372044706684,0.009588182981497884,3,12
2019-12-13,137.8407440185547,140.24855093152092,137.55114292586111,140.09133219156175,505292,-0.015192700404627058,-2.0,0.010339002067014588,0.018299975188845075,4,12
2019-12-16,138.4364776611328,139.21426806248988,137.55114129554087,138.7095309564982,640433,0.004321898048504025,0.0,0.010828919345268867,-0.0035291943930439995,0,12
2019-12-17,138.5937042236328,139.99205167110892,138.4199376818313,138.4199376818313,670697,0.0011357307348203172,0.0,0.010444674489519705,-0.012337597656409516,1,12
2019-12-18,138.9163818359375,139.22253069432236,137.88210071288592,138.89156014710244,694675,0.0023282270584530362,0.0,0.01000801073855158,-0.023608400069916713,2,12
2019-12-19,139.91757202148438,140.86911421335955,139.47904080807925,139.55350587705792,750780,0.007207142687672974,1.0,0.009226319139254263,-0.003206067988962613,3,12
2019-12-20,138.84194946289062,140.46369229966692,138.82540166643736,140.24857094577456,1139207,-0.007687544481036257,-1.0,0.008572313141787326,-0.012497195952090978,4,12
2019-12-23,139.91757202148438,140.01685878012262,138.38682767871364,138.86674307097095,902915,0.00774710066197426,1.0,0.008707571175321071,-0.017966849493072257,0,12
2019-12-24,139.82655334472656,140.72845221456885,139.57006253528616,140.11615443856903,190547,-0.0006505164107896144,-0.0,0.008785089821109572,-0.0035355779553373212,1,12
2019-12-26,139.12322998046875,140.35609931682274,138.56886423079425,139.95066370094816,241879,-0.005029969969465253,-1.0,0.008785047382869282,-0.0045360189079727276,3,12
2019-12-27,140.11618041992188,140.27339918965745,138.69301107413855,139.23084387615873,401929,0.007137200880058092,1.0,0.007808206500016231,-0.026855354564688794,4,12
2019-12-30,139.2969970703125,140.016855445468,138.49439973159565,140.00030765275574,376670,-0.00584645789768401,-1.0,0.007943068694483326,-0.023808053211960445,0,12
2019-12-31,139.97552490234375,140.01689439563268,138.56062944750286,139.02398246842873,452330,0.004871087290480247,0.0,0.007995028830093384,-0.030297854368476207,1,12
2020-01-02,138.5771484375,140.8277365811063,136.78991321849807,140.62916305459885,948544,-0.009990149819544158,-1.0,0.007977097186391764,-0.018108838848203135,3,1
2020-01-03,138.37030029296875,138.68472310444832,135.83838470167376,136.50032591572668,647882,-0.0014926569558078029,-0.0,0.00819400811795447,-0.029663985947862237,4,1
2020-01-06,140.182373046875,140.1989208425358,137.88212657740215,138.19654939104615,674305,0.01309582150266042,1.0,0.007721809408760495,-0.017969350351867086,0,1
2020-01-07,139.96722412109375,140.22372962630968,139.2390917868765,139.3466524487692,612962,-0.0015347787393306112,-0.0,0.008029198674445922,-0.013968029224437517,1,1
2020-01-08,143.83958435058594,144.1871027591799,139.78519801829356,140.66227528573958,998130,0.027666192952015667,3.0,0.007971977797419465,-0.010586728007488277,2,1
2020-01-09,144.7248992919922,146.41284752497577,144.09605381553567,144.2615317324532,963326,0.006154876944363563,1.0,0.01003816521377838,0.012581498361412535,3,1
2020-01-10,146.93418884277344,147.28170733274325,144.7580650045579,144.9483647012052,849254,0.015265441963264736,2.0,0.00942023237955785,0.03448046066146748,4,1
2020-01-13,148.29110717773438,148.39866783230082,146.88448598752086,147.15753926827568,847392,0.009234871377776566,1.0,0.00952836811936685,0.059926395521431086,0,1
2020-01-14,149.25918579101562,150.1362481459415,147.17407585399164,148.04286431304246,1160392,0.006528231069992341,1.0,0.009591043503013045,0.0704812745751271,1,1
2020-01-15,147.4720001220703,150.1694086481389,147.20722066943077,149.2013184187346,919909,-0.0119737064052301,-1.0,0.00948446390213959,0.0663866968018374,2,1
2020-01-16,147.06654357910156,149.06890024757655,146.21428805130213,148.15874213356642,1307638,-0.002749379832328369,-0.0,0.009195514114776614,0.06987234559775124,3,1
2020-01-17,146.4542236328125,147.46368305995307,145.26272379273846,146.99204158322138,1197989,-0.004163557063267209,-0.0,0.00928378265232519,0.06233953697589434,4,1
2020-01-21,148.63035583496094,148.90340912343984,146.08189276669313,146.33010966886798,753806,0.014858787600447787,1.0,0.009406054293691391,0.05671628053534139,1,1
2020-01-22,148.5724334716797,149.2343745803254,148.25801071026865,149.06060805866505,689786,-0.00038970749249611636,-0.0,0.009773416294933394,0.06992677084331067,2,1
2020-01-23,148.74620056152344,148.78758474413593,146.99206085242903,148.34076489749168,658824,0.0011695782709035818,0.0,0.009760946677687772,0.06185685847140321,3,1
2020-01-24,146.6031951904297,149.24268639924966,146.37152603079696,149.10201542766856,648348,-0.014407126790491498,-1.0,0.0094671977945703,0.07133471646679812,4,1
2020-01-27,146.85968017578125,147.30648533144986,144.48496874946866,144.86558272594013,788959,0.001749518385451232,0.0,0.01015931570221416,0.047782584219791424,0,1
2020-01-28,149.4164276123047,149.54882467588467,146.8679641654773,147.48853590526994,830048,0.017409458017770385,2.0,0.010138249067152902,0.05029893580881817,1,1
2020-01-29,148.91995239257812,150.3596691657985,148.73791197376056,149.67290636513948,576413,-0.0033227619456596136,-0.0,0.010493591405982368,0.07398618931777956,2,1
2020-01-30,148.14218139648438,149.5901721117989,145.345486726836,148.20837257047148,599227,-0.005222745398436701,-1.0,0.010558212501912084,0.06283194379315615,3,1
2020-01-31,145.13035583496094,147.34784841827388,144.41877129732416,147.04169953169708,615872,-0.02033064136852858,-2.0,0.01053305200515277,0.06349874377914344,4,1
2020-02-03,147.76156616210938,148.62208080861495,146.048796069688,146.0818916563931,792800,0.018129979162599064,2.0,0.011680956443801951,0.0368266590621007,0,2
2020-02-04,151.01333618164062,151.3691284262333,148.96132167885364,149.10197791896087,928639,0.02200687299134163,2.0,0.011873406652789761,0.06627656744395827,1,2
2020-02-05,152.51097106933594,152.9660647702471,151.70009981795624,151.70009981795624,578392,0.009917235957848991,1.0,0.012506694321790131,0.0913710229861684,2,2
2020-02-06,152.14694213867188,153.48737248751067,151.50982255843718,153.48737248751067,562794,-0.0023869032379222332,-0.0,0.012413124731379854,0.08794684919721285,3,2
2020-02-07,150.8644256591797,152.27104702747363,150.5913723438559,152.0310893023602,522636,-0.008429459451924193,-1.0,0.012433823886829376,0.08701835800530522,4,2
2020-02-10,151.89041137695312,152.1138065790062,150.58307696578032,150.58307696578032,516700,0.006800713377527856,1.0,0.011463625316900516,0.048838025640228766,0,2
2020-02-11,154.00038146972656,154.81952680670142,151.78287381724846,152.5358279667651,603767,0.013891397578330578,1.0,0.011475244070222925,0.04951125977641224,1,2
2020-02-12,155.1504669189453,155.72139519063902,153.66110670976295,154.24856807897922,869624,0.007468068833614172,1.0,0.011401699324050567,0.04809086763676418,2,2
2020-02-13,161.12445068359375,162.47315448335397,155.7710196596385,155.96131926304142,1896854,0.038504452376346476,4.0,0.011354396224111427,0.046256042400368846,3,2
2020-02-14,161.57957458496094,161.8195176080708,158.41053963565233,160.50392384137797,756018,0.002824673098566155,0.0,0.013834664581418413,0.07949436967444812,4,2
2020-02-18,157.98855590820312,160.87627861140203,156.47437377076167,160.36326753675797,921422,-0.022224459285660525,-2.0,0.013363124510718806,0.0956627322557031,1,2
2020-02-19,157.1280517578125,158.8242744645479,156.73916382447658,158.30298945648508,657078,-0.005446623304099396,-1.0,0.014513564877453521,0.07426578515613946,2,2
2020-02-20,156.2261505126953,158.30298722482385,155.9365493674197,156.5984906434526,746590,-0.0057399123519161765,-1.0,0.014550168484522152,0.0728816681433595,3,2
2020-02-21,156.84669494628906,157.12802214396086,155.29112881003226,155.5310865221769,517980,0.003972090661885197,0.0,0.014436885157890099,0.0511052714303446,4,2
2020-02-24,155.18357849121094,156.62329546786688,153.59493135673054,153.81005269581033,1018500,-0.010603452343370345,-1.0,0.01442498394473774,0.055691767855351015,0,2
2020-02-25,152.668212890625,156.6895035618314,151.12092052645207,156.15994471212102,1093578,-0.01620896763073676,-2.0,0.014712633426120383,0.04327759569915823,1,2
2020-02-26,151.9152374267578,155.72139152423227,151.3194874786769,153.74384205796335,680591,-0.004932103740590943,-0.0,0.014818719762752756,0.041370296822775154,2,2
2020-02-27,151.07957458496094,155.0181268922935,148.75450607547182,150.25215528642573,1073674,-0.005500849394385221,-1.0,0.014896706364904387,0.034424405969871286,3,2
2020-02-28,145.3703155517578,149.56535776212016,141.5641612037427,147.68709493153236,2067497,-0.03778974787880718,-4.0,0.014524342288985144,0.01113095125638841,4,2
2020-03-02,155.52284240722656,155.90345644304998,146.12329670111936,146.12329670111936,1618891,0.06983906457748623,7.0,0.016767237145981505,-0.02383587144496846,0,3
2020-03-03,149.79702758789062,156.3998914699964,149.14337501352216,154.893968700355,1116974,-0.036816552029979355,-4.0,0.022756312142344186,0.04982146841073409,1,3
2020-03-04,158.22848510742188,158.96489129804593,153.6528292319667,153.6528292319667,2072851,0.056285880002420186,6.0,0.023843852795001886,0.032155035561523215,2,3
2020-03-05,154.75331115722656,160.98382022148277,152.91643251516982,154.95188468821257,2018725,-0.0219630109448119,-2.0,0.026462433618697434,0.07083654577557219,3,3
2020-03-06,148.6965789794922,152.03938094170084,144.80768501899936,151.28642678437453,1805364,-0.03913798116785261,-4.0,0.026671231828542773,0.02476585889796823,4,3
2020-03-09,145.7012939453125,148.80413780937192,139.9755069739683,148.80413780937192,2071920,-0.020143604208895716,-2.0,0.028011530601348242,-0.025010607847415933,0,3
2020-03-10,141.24974060058594,149.62327735652056,137.56769465293527,149.0854446409866,1694551,-0.03055259994051529,-3.0,0.028326857556808194,-0.04236462529417506,1,3
2020-03-11,131.55230712890625,138.7591802978257,127.828906381594,138.35374463388172,2202055,-0.0686545223406907,-7.0,0.02899382206651201,-0.06373063110527089,2,3
2020-03-12,113.26622009277344,124.73433382572117,112.968345100218,123.7000525969449,2226499,-0.1390024047105045,-14.0,0.03224584657112185,-0.13389985624288625,3,3
2020-03-13,124.9577407836914,125.0984117441,110.98253203702023,120.74615039893068,2431363,0.10322160200403752,10.0,0.042939378877257406,-0.2645068862050881,4,3
2020-03-16,100.87139129638672,117.78395681696028,100.59006410322608,116.6503814953884,2127676,-0.19275596162545428,-19.0,0.04982200886106225,-0.19460286994190856,0,3
2020-03-17,102.95650482177734,105.46359855777506,93.9458412823019,104.2969276107846,2075063,0.020671009872997637,2.0,0.06268331289008583,-0.3739535441801336,1,3
2020-03-18,89.1633071899414,98.90210135909156,83.78504714491191,96.44465144042506,1819332,-0.13397111387680283,-13.0,0.0631285248342352,-0.3628123784442737,2,3
2020-03-19,94.74845123291016,97.71890542075928,81.10421344482758,88.07112922248488,1382017,0.06263948948271869,6.0,0.06792268662922442,-0.4356343934066439,3,3
2020-03-20,88.73307800292969,100.44114390204577,88.07941063736992,96.759104806341,1947023,-0.0634878264679336,-6.0,0.07045710403585993,-0.3969984978942551,4,3
2020-03-23,86.3169937133789,89.76735618260207,83.01556875802757,88.24489279952219,1302632,-0.027228676655068895,-3.0,0.07094498764403864,-0.4320216064229335,0,3
2020-03-24,97.4458465576172,98.14915716049352,89.86663396131132,91.4056375126082,1513084,0.12893003295726868,13.0,0.0706550798210472,-0.44967285575932925,1,3
2020-03-25,101.62435913085938,105.00853041372892,96.27091927223591,98.23191394989207,1315087,0.04288035581661798,4.0,0.07827843954102899,-0.37206083591418015,2,3
2020-03-26,113.39861297607422,114.54873621942323,101.88912868882456,102.28629783179105,1850527,0.11586054707664539,12.0,0.0794328863179991,-0.33434500079158336,3,3
2020-03-27,106.49788665771484,110.2874934940833,104.55343985290098,109.11254857420568,1232210,-0.0608537100874007,-6.0,0.08449215244776914,-0.2535402314020898,4,3
2020-03-30,109.17874145507812,109.700019031849,102.06288112184268,105.91041239156992,1130477,0.025172845034752367,3.0,0.08519484539955824,-0.295087460033687,0,3
2020-03-31,104.57827758789062,108.61611667287578,101.82295163858794,108.1858518786196,1482587,-0.04213699302515195,-4.0,0.08538479793401797,-0.24896124053465374,1,3
2020-04-01,96.1219711303711,99.5971549080701,94.5829601219553,99.13379462169566,1584786,-0.0808610225045312,-8.0,0.08363093174381014,-0.32756966134878673,2,4
2020-04-02,95.98959350585938,98.26501104204743,92.4978614944267,95.89858062539504,1044224,-0.0013771838316982699,-0.0,0.08474274035222358,-0.3583185682775093,3,4
2020-04-03,93.75552368164062,95.80753814105796,91.34771698515036,95.24489114839146,1084615,-0.023274083602431106,-2.0,0.0831556201101646,-0.39334821134960807,4,4
2020-04-06,104.59480285644533,105.85248667605735,98.49668339533272,99.60542971624636,1069018,0.11561216608005864,12.0,0.08315755648449555,-0.39416143680191296,0,4
2020-04-07,110.4198760986328,117.1882106138466,107.73901582449464,110.66810036384678,1985202,0.0556918038287455,6.0,0.08810433651776442,-0.2965890434448344,1,4
2020-04-08,116.79933166503906,120.14213336569236,111.3631529746085,111.98371735904472,1315436,0.05777452204988709,6.0,0.08933490883771264,-0.24214896718708778,2,4
2020-04-09,121.46600341796876,123.83244098335632,117.49436359991354,119.70358976424082,1764391,0.03995461006842871,4.0,0.09035346895426698,-0.1731005581432229,3,4
2020-04-13,116.21185302734376,122.61612131438372,115.02863429575685,122.3844448455857,625999,-0.04325613951868723,-4.0,0.08963365347197848,-0.07667143154740763,0,4
2020-04-14,119.71185302734376,119.97663242078,116.98134951723276,118.26386230436653,733436,0.030117409789313543,3.0,0.08448821535929225,0.026006279119737963,1,4
2020-04-15,117.0641098022461,117.98254919598986,114.52391296328136,116.66694066469825,763118,-0.02211763629197927,-2.0,0.08168651889152645,-0.04198129482373214,2,4
2020-04-16,114.6231918334961,117.86669915225764,112.84423045312232,117.86669915225764,1065176,-0.020851121431439523,-2.0,0.0689120235719268,0.1605283549453671,3,4
2020-04-17,122.88919067382812,123.28634513791452,116.93172675163984,117.95773422301548,1623664,0.07211454076710222,7.0,0.06916672855650474,0.1133166576693172,4,4
2020-04-20,120.48135375976562,122.5830115748046,118.38796249289852,120.21657438481068,1118953,-0.01959356149112712,-2.0,0.06239552498835358,0.37824845832649157,0,4
2020-04-21,122.60785675048828,126.59604449492836,120.481376839452,126.59604449492836,2237208,0.017650058904241872,2.0,0.06198058187911973,0.2715918011535512,1,4
2020-04-22,127.5310287475586,131.94120696817586,124.64330638362216,131.92465917391138,2471638,0.040153805209148796,4.0,0.059431759469747936,0.38176043827128536,2,4
2020-04-23,132.11495971679688,135.2095295303274,128.6645976280453,128.6645976280453,2121274,0.03594365241349973,4.0,0.05873065732893288,0.4774730126843101,3,4
2020-04-24,135.46604919433594,137.01332691473496,129.76508360181973,133.62915564987932,2076227,0.02536495098452507,3.0,0.05339931673613364,0.3557782541165644,4,4
2020-04-27,147.6870880126953,148.97787469267064,140.74499470357438,143.54996327623005,2932698,0.09021477256509791,9.0,0.05309329197039056,0.3330076602982499,0,4
2020-04-28,145.5937042236328,155.30768523240766,144.50977965690922,153.0819041253987,2222658,-0.014174453686042976,-1.0,0.05090979728475618,0.30237120311035515,1,4
2020-04-29,143.54168701171875,148.76273622677934,131.4033662919393,136.52512874743545,2598746,-0.014094134240599798,-1.0,0.04844299532107898,0.3671041632175507,2,4
2020-04-30,136.07005310058594,141.0925142245959,135.90456046780082,139.561784525789,1957499,-0.05205201406419879,-5.0,0.04883160213109825,0.3147402607748446,3,4
2020-05-01,131.58543395996094,133.5050518561151,127.19180289036552,133.0086032594118,1721672,-0.032958164110584054,-3.0,0.049447910987112285,0.3011311358253028,4,5
2020-05-04,130.44357299804688,131.5440455305246,128.77217210609388,129.7816317597271,1205788,-0.008677715515696849,-1.0,0.04583785731503587,0.3689423178961908,0,5
2020-05-05,134.6634521484375,136.45068761455468,131.86674233198286,132.13152176668993,1014077,0.03235022664132181,3.0,0.0460039428125572,0.3589345285651655,1,5
2020-05-06,131.64334106445312,136.41758578460698,131.4447528234809,135.53223464206792,712368,-0.022427102794419285,-2.0,0.04524323145910664,0.43632552899715216,2,5
2020-05-07,132.5369873046875,134.4069768686722,131.95779961248826,132.90105359833274,603767,0.006788389241783488,1.0,0.0401447826507073,0.2586030803569799,3,5
2020-05-08,138.39511108398438,138.5275081340182,132.88446046356182,134.37383542589714,773245,0.04419991655483857,4.0,0.03886752234225108,0.20030009077621624,4,5
2020-05-11,139.72726440429688,140.66225884789665,135.22607341441983,136.52513401990225,1084732,0.009625725286669162,1.0,0.03812933080476457,0.1848964297234028,0,5
2020-05-12,135.1433563232422,142.67292708052608,135.13508242495283,141.22493609553055,1450693,-0.03280611053681892,-3.0,0.037458480381341634,0.15034051069821142,1,5
2020-05-13,131.3040771484375,138.31236138884904,129.43408836740633,138.31236138884904,1575008,-0.02840893758492813,-3.0,0.036816514784031695,0.1629050979115183,2,5
2020-05-14,135.49087524414062,135.69773739822227,128.40810966460896,129.02040753244478,1316950,0.03188627639467745,3.0,0.03725885076107342,0.09683438880898376,3,5
2020-05-15,138.5357666015625,139.64451278063902,134.94473399375698,136.31825954732383,1074605,0.022473036298092275,2.0,0.037152835576465856,0.15740747076984118,4,5
2020-05-18,138.25445556640625,142.9376871073344,138.2461816692407,142.05233602235776,1113715,-0.0020306022196081575,-0.0,0.03669219723325068,0.20861899224375358,0,5
2020-05-19,138.1882781982422,140.00860923700725,135.78874490783377,137.36911820873132,731690,-0.0004786635475358958,-0.0,0.03384205768869196,0.12503349406344877,1,5
2020-05-20,141.09251403808594,143.91403042375734,140.38092951905008,141.13388352220585,953316,0.021016513684882776,2.0,0.03336839857054431,0.14696817296544795,2,5
2020-05-21,142.5819091796875,144.0629957056982,140.30648435759517,141.3738612876133,682453,0.010556159919296038,1.0,0.03342978089709954,0.15076242075754287,3,5
2020-05-22,140.79466247558594,143.1528263352757,140.1078995327885,142.88804689677917,634264,-0.01253487707089962,-1.0,0.03258573296813743,0.11801740000013172,4,5
2020-05-26,139.47906494140625,145.03108562661112,139.1315318338681,145.03108562661112,967982,-0.009344086707887889,-1.0,0.03205821085530811,0.06569810699253864,1,5
2020-05-27,144.68356323242188,144.79939780102012,137.98141212746984,141.12562553993203,1000691,0.03731383124200027,4.0,0.03176885744246372,0.02962377489368828,2,5
2020-05-28,145.3455047607422,148.24976044846838,143.34313332266592,145.80058383445464,944935,0.00457509832859837,0.0,0.025983336236328803,-0.020337084444479347,3,5
2020-05-29,145.06417846679688,147.03343963026202,142.44950918449578,145.34550568903146,1320907,-0.001935569279616911,-0.0,0.025817195986971787,-0.0017047403540841888,4,5
2020-06-01,146.4708251953125,148.2084175198933,144.02992204164164,144.02992204164164,613428,0.009696720054410912,1.0,0.025615284663396944,0.010606615309974865,0,6
2020-06-02,148.78759765625,149.0854579850784,146.19775000633686,147.43889349414383,1178084,0.01581729643325347,2.0,0.02261101163993277,0.0764368930394852,1,6
2020-06-03,148.2663116455078,151.5594699963858,148.1173814821414,151.0050894405667,663247,-0.0035035582195939163,-0.0,0.02110615456427578,0.13072999935177765,2,6
2020-06-04,149.46607971191406,151.63392906931958,147.28994176078348,148.23321017965836,1199851,0.008091980255601205,1.0,0.02095493598054114,0.13663178827313938,3,6
2020-06-05,148.7213897705078,153.7521401419927,148.2001195059985,152.13038267090732,777086,-0.004982334070991801,-0.0,0.02009973311881477,0.10992312559431383,4,6
2020-06-08,150.9554443359375,152.7013102670981,148.29940555073418,148.68829344674566,894418,0.015021743468623283,2.0,0.019244429611697603,0.12972968148607844,0,6
2020-06-09,148.0594482421875,151.8904393204018,147.7615879179857,150.59137856661172,658358,-0.019184442843314886,-2.0,0.019344884345769496,0.13896842991389313,1,6
2020-06-10,144.88209533691406,148.88683705886592,144.50975534826298,147.8691038375972,767309,-0.021459980723932626,-2.0,0.018052700192652777,0.06983149247474763,2,6
2020-06-11,135.32537841796875,141.40695802543186,135.20126994699197,140.81948187063057,1135948,-0.06596202861866252,-7.0,0.018774530725267618,0.03689209084994194,3,6
2020-06-12,138.7839813232422,140.80290014110685,134.48965290930826,140.80290014110685,892206,0.025557681387678333,3.0,0.02280095616975612,0.0013468815610231388,4,6
2020-06-15,141.08425903320312,142.101992567093,134.4814092578612,134.91994054434062,717024,0.01657451881714911,2.0,0.0224399986882444,0.056966275055943205,0,6
2020-06-16,143.74029541015625,145.28757308164165,139.97551025775624,144.87386349594578,902449,0.018825887417589504,2.0,0.021686681405922243,0.04128236517022854,1,6
2020-06-17,140.8443145751953,144.5263611589919,140.54645422156608,144.5263611589919,674189,-0.020147313783496767,-2.0,0.02152987880006951,0.03756812364248363,2,6
2020-06-18,139.36318969726562,140.6043329479972,138.65160521103144,139.83483118666493,599460,-0.010516043067815395,-1.0,0.02205527816968868,0.018732553668370677,3,6
2020-06-19,134.33248901367188,142.54053437820724,134.33248901367188,142.54053437820724,2074364,-0.03609777226340605,-4.0,0.022199937973177316,0.008502251524821425,4,6
2020-06-22,136.6078643798828,137.04639558667677,133.56293822943852,134.3738241676848,1152127,0.016938384622497082,2.0,0.0230608689487829,-0.04791200348580715,0,6
2020-06-23,134.26626586914062,137.97313359678583,134.09251402207755,137.97313359678583,973220,-0.017141022746908652,-2.0,0.02327674183643126,-0.04189903778238757,1,6
2020-06-24,129.980224609375,133.91876189027388,128.78872445979923,132.66108524983105,1130360,-0.03192195174283696,-3.0,0.02340456411753473,-0.04636821092260757,2,6
2020-06-25,133.48020935058594,133.60431780639004,128.84663595143363,129.9719300389855,1186000,0.026927055648113596,3.0,0.024261991465800128,-0.06810226564123878,3,6
2020-06-26,134.00979614257812,135.39986992225403,132.6776396543737,133.25682726517852,1267014,0.003967530426935539,0.0,0.023491219128098505,-0.07743349438967506,4,6
2020-06-29,134.0676727294922,134.96955681504824,131.75915279767835,134.87027005981324,690485,0.0004318832546577056,0.0,0.023481066878619165,-0.0779914634224439,0,6
2020-06-30,137.443603515625,138.08070838275466,133.1161636423842,134.26627959785495,1052838,0.02518079651419325,3.0,0.023495096602219538,-0.07580441879951527,1,6
2020-07-01,138.20481872558594,139.04051177104094,135.0771531841656,137.33601539381405,872418,0.0055383822199801536,1.0,0.024162748829786695,-0.061631534250251474,2,7
2020-07-02,140.88568115234375,141.63863523318005,139.22255423870885,139.97550831954516,1247110,0.01939774930771998,2.0,0.02387033192866427,-0.0711267544967954,3,7
2020-07-06,142.8052978515625,143.9554284047037,141.48968934607765,142.83011954441406,786282,0.013625349883094273,1.0,0.024375076538966808,-0.04977955147903401,0,7
2020-07-07,143.24383544921875,144.39396605316745,142.11026733732422,142.20955411311647,1154688,0.003070877651276449,0.0,0.024520697505451848,-0.044563835976629496,1,7
2020-07-08,144.3525848388672,144.60907565549817,142.2757484373616,143.24382381488604,888598,0.0077402939272839255,1.0,0.02453268133243286,-0.036830978581772866,2,7
2020-07-09,143.24383544921875,144.484978930977,140.91878193955088,143.82303770018444,723892,-0.007680841952958928,-1.0,0.024338269886879406,-0.0437404528608869,3,7
2020-07-10,142.8797607421875,144.41050525836687,141.32420922962456,143.4755107536783,654750,-0.0025416431072897705,-0.0,0.024056212621689613,-0.03252485977856434,4,7
2020-07-13,147.49679565429688,151.37741508610316,145.2792883389166,147.28165963167226,1422990,0.03231412824409996,3.0,0.02361337745748228,-0.01382044199505994,0,7
2020-07-14,155.42352294921875,155.53108360957506,148.20837619056954,150.16937794435628,1488756,0.05374169153817099,5.0,0.019316031889232706,0.08994186736160636,1,7
2020-07-15,156.17649841308594,157.93063828793623,154.041744530153,157.2107797622051,1007908,0.004844668616302172,0.0,0.02169981025584572,0.11989526073056922,2,7
2020-07-16,157.58309936523438,160.52046506860353,154.9436086503159,155.762768542577,637988,0.009006482834747587,1.0,0.02155448373325614,0.10697323346561971,3,7
2020-07-17,160.23089599609375,161.19898622799008,158.60086447893957,158.60086447893957,784420,0.016802541906619783,2.0,0.02134668785340281,0.09630426816348425,4,7
2020-07-20,161.7450408935547,162.41525592274246,159.18830392418914,160.52046008581146,681988,0.009449768648225332,1.0,0.0207181120519963,0.13764546676499423,0,7
2020-07-21,162.8455352783203,163.68951694957974,161.8526381414447,162.07603338400182,675004,0.006803883313429404,1.0,0.020359808808060556,0.16060088209023116,1,7
2020-07-22,165.54293823242188,166.04767537859703,163.05239218023664,163.4578278590452,932830,0.01656418120086256,2.0,0.01777423382618057,0.2122572616200573,2,7
2020-07-23,164.45899963378906,167.0405730371656,163.14339124138272,164.90580476280158,792218,-0.006547779145438137,-1.0,0.01776643904514308,0.21181118659519949,3,7
2020-07-24,164.4424591064453,164.82307307702837,160.58666132089746,163.82188741889712,944353,-0.00010057538584440362,-0.0,0.01711545907318218,0.22487207467343318,4,7
2020-07-27,166.56063842773438,166.84196558620232,163.08545516686007,163.78049181903492,1051441,0.012880975709065101,1.0,0.01443101992139824,0.265134443340427,0,7
2020-07-28,162.6221160888672,171.0618433821393,161.38097280640417,167.98382156203047,1672202,-0.023646177008237124,-2.0,0.013992212931773286,0.24783021571581942,1,7
2020-07-29,161.0251922607422,165.07130437179467,160.66939998266264,163.99565364030042,1206253,-0.009819844105658615,-1.0,0.015832107396374587,0.213509167015278,2,7
2020-07-30,161.21554565429688,161.6209814141424,158.42712403484896,160.01577147718987,873233,0.0011821342417430714,0.0,0.016273555438496918,0.201073972438099,3,7
2020-07-31,159.62684631347656,161.42235551495727,156.84669924122576,160.97555036294202,745426,-0.009854504628400096,-1.0,0.015910718077488815,0.17295779163683966,4,7
2020-08-03,162.19186401367188,163.87152387314003,159.0972943001455,159.22140275397217,609238,0.016068836536168307,2.0,0.01636548502703453,0.1550020309380482,0,8
2020-08-04,161.1575927734375,162.49800824589445,159.68476554987225,161.50511116172362,546614,-0.006376837990758832,-1.0,0.016255257454662126,0.15123029315015435,1,8
2020-08-05,160.12330627441406,162.64694778173,159.69303422976515,162.01810220516992,682686,-0.006417857708246433,-1.0,0.016423708035119382,0.12851270364598877,2,8
2020-08-06,157.0204620361328,160.83490532526056,155.88689393432944,159.89163687536492,928057,-0.019377842679339286,-2.0,0.016634608513158903,0.11783732802364977,3,8
2020-08-07,159.78408813476562,159.80063593181944,156.49092956016057,156.49092956016057,940279,0.01760042011592633,2.0,0.01747894076015376,0.08775649713100786,4,8
2020-08-10,155.0429229736328,159.9991934390979,154.87743032361368,159.45310149503774,886968,-0.029672323549100876,-3.0,0.017493465893745015,0.11546921117879827,0,8
2020-08-11,154.00863647460938,156.97908321610456,150.6410132649106,155.22494348320853,1052140,-0.00667096878197615,-1.0,0.019039756562376022,0.08512865760877464,1,8
2020-08-12,155.63864135742188,156.5488140932038,153.619737058849,154.79467449209184,616571,0.010583853737846871,1.0,0.01802140641505457,0.04414903246830493,2,8
2020-08-13,157.69895935058594,157.7899869284613,153.8348871668726,154.86916854816272,587587,0.013237830754591062,1.0,0.013823063866222545,0.0013840788326062725,3,8
2020-08-14,157.07839965820312,158.13750271685717,155.95309071781077,157.55002655204254,491557,-0.003935090598811253,-0.0,0.014084240186212706,0.009748335716127432,4,8
2020-08-17,155.3573455810547,157.93890453165176,153.71076646113303,157.6741251096169,1044341,-0.010956656554264588,-1.0,0.013978778769643586,-0.0032027527638702757,0,8
2020-08-18,154.33132934570312,156.424713516921,153.5038955362182,155.46489735204045,603650,-0.006604233816651206,-1.0,0.013612240132895227,-0.030415797058002347,1,8
2020-08-19,151.17884826660156,155.28286310434726,150.77339789487294,155.28286310434726,800599,-0.0204267085138623,-2.0,0.013423039674162973,-0.04583578888660067,2,8
2020-08-20,150.32659912109375,153.35497801493767,150.07836748819804,150.2852296316259,679892,-0.0056373570461714095,-1.0,0.013824531201107226,-0.0716426581286318,3,8
2020-08-21,149.4495086669922,150.8230343804637,148.81240388932406,150.32658585457315,931549,-0.005834565933305225,-1.0,0.013044996329015995,-0.09191777839514015,4,8
2020-08-24,148.16700744628906,150.16110479784334,147.05826116112215,150.07007723484614,720400,-0.008581501753617937,-1.0,0.013040324761077719,-0.09126585349673433,0,8
2020-08-25,148.58071899414062,148.96133295698093,146.429417570752,147.94359952500992,987188,0.0027921975005233968,0.0,0.013029703830391967,-0.09897353608426018,1,8
2020-08-26,148.34901428222656,148.62206754426043,146.26390432938007,147.92703089331158,1231396,-0.0015594534303148277,-0.0,0.012518466491966139,-0.10794818994041433,2,8
2020-08-27,144.1870880126953,147.45542431645163,140.70363038510354,143.93058250741973,3402488,-0.028054964097121604,-3.0,0.011812329656331019,-0.08776851605375058,3,8
2020-08-28,146.79348754882812,146.94241770055294,142.61499305016457,144.36913276202796,1286918,0.01807651137183197,2.0,0.012862127847613218,-0.10456813627510875,4,8
2020-08-31,145.41998291015625,147.04999970267718,145.4034351131191,146.13984147345295,800483,-0.009356713718072895,-1.0,0.01377502484803599,-0.08945823460719315,0,8
2020-09-01,144.06298828125,147.04998287332748,142.6563669097138,145.33722729163946,975665,-0.00933155541453079,-1.0,0.013765525620903928,-0.08900046409123907,1,9
2020-09-02,146.3880615234375,147.08309833609482,143.1776421917624,144.79939965332568,735066,0.016139282337031213,2.0,0.012976044373023498,-0.11177426095117637,2,9
2020-09-03,144.56771850585938,147.5878235467704,142.7887569518153,146.52044661434394,826440,-0.012435051046062795,-1.0,0.01380770641299718,-0.09164651193793683,3,9
2020-09-04,145.3951416015625,146.67763978721072,141.67172611347956,144.99797983015551,883360,0.005723429160083171,1.0,0.013912065704113453,-0.09714755540892983,4,9
2020-09-08,143.74856567382812,145.62681390560368,141.63863361364122,144.3194939992295,874746,-0.011324834582482901,-1.0,0.013669740680566707,-0.07403697762585326,1,9
2020-09-09,145.3951416015625,146.75211955992083,143.15281253287517,144.7414743145908,907454,0.011454555529065491,1.0,0.01286376382714499,-0.10035744264731017,2,9
2020-09-10,150.25213623046875,152.6185739351485,146.1315586663369,146.47080318100743,1608764,0.03340548092188844,3.0,0.012013380677984194,-0.06222651886994579,3,9
2020-09-11,150.15283203125,151.5677272118536,148.6717309781263,151.5677272118536,577228,-0.00066091705389415,-0.0,0.014353901763769002,-0.024391490828892137,4,9
2020-09-14,151.5263671875,152.2544995658998,149.45778992220264,150.4258800262415,695257,0.009147580752683737,1.0,0.014104710554279917,-0.03524709081450916,0,9
2020-09-15,153.8348388671875,156.226097610494,151.76627675407585,152.2544659952837,736463,0.015234785354755864,2.0,0.01391636535236601,-0.03914161633345614,1,9
2020-09-16,153.3301544189453,155.40699094099637,152.77577387477692,155.18358100455313,805372,-0.00328069019968813,-0.0,0.014390489382557149,-0.020649311414386085,2,9
2020-09-17,151.4684295654297,152.10554904681553,149.60672920093455,152.10554904681553,714463,-0.012141935554495165,-1.0,0.014218595907401483,-0.013048569763646767,3,9
2020-09-18,151.749755859375,152.6847503326964,149.62327609913186,151.16227976508333,902798,0.0018573262742107577,0.0,0.014387247628977098,-0.01855034744021755,4,9
2020-09-21,152.51927185058594,153.21430867316514,147.76986336035387,149.43297563888436,880566,0.005070953734673811,1.0,0.01367068360655368,0.0037763721533758954,0,9
2020-09-22,152.9909210205078,154.1493108836003,150.70722219179976,151.79114696936784,690368,0.003092390648074428,0.0,0.013639066811980075,0.01458605956837955,1,9
2020-09-23,147.8443145751953,152.74266746573497,147.5464395797306,152.74266746573497,818408,-0.03363994680849469,-3.0,0.013561557478988637,0.023696380035659326,2,9
2020-09-24,147.1575469970703,149.00269949504928,146.03225292501568,147.52988705544198,500404,-0.004645207900610182,-0.0,0.015438133505118933,-0.0021778996326879962,3,9
2020-09-25,149.7556610107422,150.4672455753737,146.34666833995922,147.07481539538668,523218,0.017655322928993966,2.0,0.015456413719954296,-0.009578443331711428,4,9
2020-09-28,152.3041229248047,154.08308414903442,151.4601413953021,151.4601413953021,495748,0.017017466297181816,2.0,0.015941989503467265,0.009482009269300207,0,9
2020-09-29,154.2899627685547,156.0854719778967,152.4861649657568,153.31359879084178,641946,0.01303864797363663,1.0,0.014895073166634343,0.0562951580754214,1,9
2020-09-30,155.77935791015625,157.07841887177665,153.760438324371,153.8845468126439,768938,0.009653221213331564,1.0,0.014674259669663164,0.051068173015734075,2,9
2020-10-01,154.654052734375,158.42711217153766,153.8017970861099,156.48265781442623,541260,-0.0072237117348388225,-1.0,0.014492972001264499,0.07123763043212739,3,10
2020-10-02,155.54763793945312,157.12802580383712,151.7580313199384,152.65993021369917,522985,0.005777961775194518,1.0,0.014407564228436646,0.07351690104087227,4,10
2020-10-05,159.74270629882812,160.76871381954504,156.87981979763524,156.9791065814204,832958,0.02696966932412015,3.0,0.014127148478797294,0.06257051511368728,0,10
2020-10-06,158.1292266845703,162.1422289173727,158.09613109219237,159.9412838477067,453378,-0.010100490042027399,-1.0,0.014585487031605176,0.10496802432663221,1,10
2020-10-07,159.28759765625,161.07483291360467,158.83251861881777,159.38688442163436,611333,0.007325470414083268,1.0,0.014943324479744745,0.0875826038115084,2,10
2020-10-08,160.735595703125,161.14931996977336,158.2864191736322,160.20605156771225,385633,0.009090463213588418,1.0,0.014528447859822432,0.10809869239099501,3,10
2020-10-09,161.9767608642578,162.88693379859671,160.79353458000827,161.75335090595095,400882,0.007721781573667208,1.0,0.014485030537097113,0.10550871186329691,4,10
2020-10-12,160.23089599609375,163.04413911039455,160.0323077320804,162.68007287311173,406352,-0.010778489820691961,-1.0,0.012960871115731118,0.07803299791894402,0,10
2020-10-13,160.72732543945312,161.81125012334093,158.22023157085232,158.95663785623836,649046,0.0030982129899059796,0.0,0.013312973415898405,0.06711870717660706,1,10
2020-10-14,159.58546447753906,163.07719584231427,158.49326602597114,161.36442574669357,446510,-0.007104336234003972,-1.0,0.013242721262523818,0.06072182962433059,2,10
2020-10-15,159.47792053222656,160.42944814365907,157.2107697285124,158.3029682945317,532763,-0.0006738956186553846,-0.0,0.013098363045318914,0.03738181580127198,3,10
2020-10-16,164.7320556640625,167.4377375659723,160.84316239667592,160.95072305824095,886386,0.03294584676236867,3.0,0.013059791461961073,0.04009495807643715,4,10
2020-10-19,165.4105682373047,166.5441363824139,164.16115082095456,164.55003873362446,713881,0.004118886093583907,0.0,0.014275926724998004,0.08756693481728695,0,10
2020-10-20,169.79591369628906,171.30182185429942,166.66824811697572,166.66824811697572,1068436,0.02651188195359433,3.0,0.014266671674637387,0.0900219726916005,1,10
2020-10-21,168.09970092773438,170.60679493570314,167.99212555587144,169.2994602457873,759161,-0.009989714897312929,-1.0,0.01507564186640816,0.11327513983038173,2,10
2020-10-22,169.83729553222656,170.16826615867564,167.02405255545418,169.2663671601774,710040,0.010336690635988521,1.0,0.015434452779126319,0.0987560556302638,3,10
2020-10-23,171.68246459960938,174.76048730854973,170.52407464526905,171.26875495135144,788494,0.010864333782521163,1.0,0.01273236458342457,0.14875770515913467,4,10
2020-10-26,167.10678100585938,170.1599815357988,165.54294085302666,169.83728482794726,917814,-0.026652014836932914,-3.0,0.012488731032548857,0.1666575592145969,0,10
2020-10-27,170.8550262451172,175.80302306638396,167.08196704521936,167.56186783229364,1335806,0.02243024021344997,2.0,0.014289615218791105,0.11586286540361623,1,10
2020-10-28,168.79473876953125,172.2699229684472,167.0819683646306,168.14934531886271,713998,-0.012058688122116745,-1.0,0.014557264582826216,0.12180171464873224,2,10
2020-10-29,165.0878448486328,168.79471231180665,161.8112347197676,168.55475460594226,1031071,-0.0219609565317066,-2.0,0.014940228626501547,0.09400984834466963,3,10
2020-10-30,165.29473876953125,165.70844838965957,162.2829074577229,164.6245236004093,621576,0.0012532353371512706,0.0,0.015942878723748607,0.05975430290221828,4,10
2020-11-02,171.46728515625,171.93892667460167,167.3384342249134,169.1174102457899,807234,0.03734266699997679,4.0,0.01578054279899585,0.06880315030238537,0,11
2020-11-03,174.16468811035156,175.6209674120935,172.88219003173432,173.064215759398,910015,0.015731297965343893,2.0,0.01744470119449634,0.10234579854561088,1,11
2020-11-04,175.17416381835938,178.88930544300936,174.13988254532867,175.41412154131322,1141651,0.0057960986176957,1.0,0.01689411112388867,0.09028256842315208,2,11
2020-11-05,177.41651916503906,181.01581206159943,176.3077726506116,177.90469388458644,700728,0.012800719568468066,1.0,0.01657156269766529,0.1077911875695794,3,11
2020-11-06,177.0110626220703,180.18009771743183,176.62216003658654,177.5571545683346,623322,-0.002285337041200708,-0.0,0.016652578906936635,0.11381251130368675,4,11
2020-11-09,164.28526306152344,174.89284076314743,160.93418754238394,174.1729822732713,1756825,-0.07189267931641796,-7.0,0.01670727336333115,0.10125614583222586,0,11
2020-11-10,166.44483947753906,166.72616669616698,159.51929316266504,165.36918868544615,1166212,0.013145283854260725,1.0,0.02360488355138942,0.014252058041833715,1,11
2020-11-11,168.38099670410156,170.50747630444278,167.14812732773424,168.12449121370193,740071,0.01163242568913514,1.0,0.0235881195858651,0.03878118163676003,2,11
2020-11-12,166.75926208496094,169.35736883906117,165.44365356444322,168.84437248484582,581651,-0.00963133994265708,-1.0,0.023679810336058624,0.04761897980770935,3,11
2020-11-13,165.14576721191406,168.4306513388141,164.930631190092,167.8928186323026,766610,-0.009675593744381206,-1.0,0.023737354886061574,0.044952700616612606,4,11
2020-11-16,169.20843505859375,170.85501414842622,162.53939442000546,166.80890190093342,828535,0.02460049636916506,2.0,0.023875938166545735,0.035540008678142776,0,11
2020-11-17,169.43182373046875,169.9696416988311,165.7415042360567,167.2639599757678,789308,0.0013201982028712145,0.0,0.023398767180791775,0.027173699596512835,1,11
2020-11-18,164.6824188232422,170.48267071458673,164.3431743348977,170.1682479183586,729130,-0.0280313627195673,-3.0,0.02339133553235629,0.02431075315209008,2,11
2020-11-19,164.46730041503906,166.1469752419626,163.01930943544303,165.1457894644153,628444,-0.001306262136178682,-0.0,0.023492726446705296,-0.030115535537523552,3,11
2020-11-20,167.743896484375,170.18479913078187,164.31008204511124,164.31008204511124,888132,0.019922477362170676,2.0,0.023406299667663156,-0.02160860782409646,4,11
2020-11-23,164.1363525390625,170.19311143340676,163.8881208608113,169.14228212065606,713881,-0.02150626056101268,-2.0,0.023725098676142985,-0.012325908990080126,0,11
2020-11-24,164.45899963378906,166.27933043355014,162.94481771563798,165.08784519082113,673374,0.0019657259938792304,0.0,0.024012161201227785,-0.04395388939776468,1,11
2020-11-25,162.5559539794922,164.9472134126769,161.670602790948,164.65761228191778,603418,-0.011571550711937384,-1.0,0.023337284172993755,-0.015844846966308723,2,11
2020-11-27,165.48501586914062,166.2710655098081,162.9944698934098,163.73087614996197,252355,0.01801879179410415,2.0,0.022841416027216618,-0.04857376717567985,4,11
2020-11-30,165.3526611328125,166.81719999320796,163.68126010796038,165.48504351256707,678496,-0.0007997989161313557,-0.0,0.023127909042772666,-0.019607974303687548,0,11
2020-12-01,166.6930694580078,167.78526803475106,165.14577711888876,166.4613856279999,479568,0.008106360768628251,1.0,0.022609643815828345,0.0016040931688368065,1,12
2020-12-02,164.5251922607422,167.67767927453798,163.85497721326624,166.69305614185868,478171,-0.013005202941636096,-1.0,0.022673077225394585,0.008459620063444584,2,12
2020-12-03,162.7048797607422,165.84909323150566,162.07603412737177,164.93064647518133,957274,-0.011064035087800628,-1.0,0.021214295447015283,-0.040486398843848304,3,12
2020-12-04,164.53347778320312,164.8727222794007,162.10084902687464,163.00274794957627,1255723,0.011238741119196316,1.0,0.020914238824016364,-0.06579869015898554,4,12
2020-12-07,163.2758026123047,165.45192586602528,162.22497352478797,163.82189455209874,728431,-0.007643886143071765,-1.0,0.02106217747362123,-0.06074346697718358,0,12
2020-12-08,167.2225799560547,167.69422141881108,162.63037664071507,162.63037664071507,737394,0.024172457159016725,2.0,0.02077739820412033,-0.07970349446197955,1,12
2020-12-09,167.44602966308594,167.66115100959803,165.228522141802,167.06541566162971,589100,0.0013362412366200171,0.0,0.021653482622912484,-0.05529870574764384,2,12
2020-12-10,171.76516723632812,172.35264333624897,167.41292090758387,167.8349043655733,925962,0.02579420713607017,3.0,0.014693588621361988,0.019239501721945773,3,12
2020-12-11,168.92709350585938,171.68241871969343,167.69423878959353,170.9211908189527,1012796,-0.016522987612289874,-2.0,0.015455399001535159,0.03196451013734802,4,12
2020-12-14,168.88575744628906,171.68245269778515,168.88575744628906,169.85384765551993,990680,-0.00024469763086809593,-0.0,0.015760969111159946,0.003243221102423366,0,12
2020-12-15,170.25924682617188,170.68950415032342,168.9519123642436,170.12686447907492,613312,0.008132653698282644,1.0,0.01559832245686946,0.012751887569787401,1,12
2020-12-16,167.11505126953125,171.89756980305364,166.5358490483235,171.27699809405794,1007558,-0.01846710598837975,-2.0,0.01548863739596726,0.03096343128005352,2,12
2020-12-17,167.71080017089844,168.3148093846754,166.48620455616347,168.14105753712104,814102,0.0035649027232522723,0.0,0.015133536097144858,-0.012371627858490664,3,12
2020-12-18,169.71315002441406,169.9117382525808,166.77579896037426,167.36327505161714,1468386,0.011939301771115574,1.0,0.015154825930050655,-0.010157616920349666,4,12
2020-12-21,169.5559539794922,169.68006244289845,166.3951928466201,167.54530869578232,681638,-0.0009262455201571873,-0.0,0.013971756032896358,0.030548076941786295,0,12
2020-12-22,168.2899627685547,169.79588537143968,167.51218712632337,169.406997550324,456288,-0.007466509911475128,-1.0,0.013968149029156917,0.030940214569167956,1,12
2020-12-23,168.84437561035156,169.4401256488005,167.5949582483995,168.10796930819956,505176,0.003294390423981275,0.0,0.013434888965266123,0.003255357098674194,2,12
2020-12-24,168.68716430664062,169.62215889494215,167.7521844144283,169.62215889494215,239784,-0.0009311018098331347,-0.0,0.012484067651573375,0.028683609684628575,3,12
2020-12-28,167.5701141357422,170.69777937501857,166.7013255839865,169.94482537787388,960184,-0.006622022342303802,-1.0,0.012493754290213094,0.025709536615610373,0,12
2020-12-29,167.3053436279297,168.59613037505844,166.16350172643976,167.94246310429676,662200,-0.0015800580501963424,-0.0,0.01228404584128042,0.03084574900826187,1,12
2020-12-30,166.7344512939453,168.38103052668382,166.3041791926251,167.5618705113963,464203,-0.0034122779440565187,-0.0,0.011698366701786417,0.010999955187655841,2,12
2020-12-31,168.42237854003906,168.57130868959592,165.86562673728048,166.43655503608989,433241,0.010123446192400909,1.0,0.011727694481315295,0.008356624874775731,3,12
2021-01-04,169.52285766601562,169.97793672598516,166.04767374458578,168.22379697021998,918745,0.0065340433706970735,1.0,0.011801465180982323,0.010374211043410408,0,1
2021-01-05,172.74981689453125,173.85856329563256,169.8952045651639,170.44131121590186,744029,0.01903554053385048,2.0,0.011443510435722382,0.030376292752498646,1,1
2021-01-06,179.67538452148438,180.75930935690093,171.5004344642327,171.5004344642327,880100,0.04009015900249202,4.0,0.011675390620719756,0.06173715962643622,2,1
2021-01-07,180.6186065673828,182.32310276855955,179.48503863086137,180.9909466150882,739722,0.005249589688707035,1.0,0.014140360877292207,0.09202933617092146,3,1
2021-01-08,176.69662475585938,181.3301981389449,173.875093605579,179.9732202425102,999410,-0.021714162710364415,-2.0,0.013873441153716711,0.1062178453733178,4,1
2021-01-11,179.55123901367188,179.71671695621208,175.91883651795453,176.68007914190125,758695,0.016155454365677446,2.0,0.014294955620565191,0.056655296206375994,0,1
2021-01-12,182.1990203857422,182.44723732233453,179.3526672480192,179.55125549338166,787097,0.014746661658339821,1.0,0.014585833837049346,0.07229320023259156,1,1
2021-01-13,182.0831756591797,183.9200692122945,181.77702673366056,181.88460210495472,763700,-0.0006358142119383681,-0.0,0.013923046650483236,0.06074487230032122,2,1
2021-01-14,182.1990203857422,183.80421536006045,181.65291373306184,182.95197448558287,644274,0.0006362187288480037,0.0,0.01322901252223596,0.07788023744612627,3,1
2021-01-15,185.103271484375,185.18601046117035,180.4531499393286,181.9342364083185,731225,0.01593999294005033,2.0,0.01321740248136353,0.07882999218384157,4,1
2021-01-19,186.78294372558597,188.0902783260303,182.94369359604292,187.2876661734564,1077748,0.009074243949020344,1.0,0.013455902020194341,0.08718483685857192,1,1
2021-01-20,190.2333221435547,190.30778722801625,186.0051837727216,186.99809565381025,945052,0.018472663237591336,2.0,0.012453926335589605,0.11769073046767864,2,1
2021-01-21,189.0252685546875,190.9448862278989,188.3302317823702,189.15765091280977,739140,-0.006350378447134264,-1.0,0.01276593437913876,0.13429380785081024,3,1
2021-01-22,189.39761352539065,189.6127348628962,187.56899398006485,189.3562293413207,712717,0.0019698158534577903,0.0,0.012969577595539187,0.11379270567716926,4,1
2021-01-25,186.5347137451172,190.167116467394,184.77230006670283,190.167116467394,828535,-0.015115817601839332,-2.0,0.012916193234434936,0.11702130818890799,0,1
2021-01-26,183.66354370117188,187.2793837353373,183.6469959067861,186.43541682948805,588402,-0.015392148658552096,-2.0,0.013395056495644491,0.10841259143692428,1,1
2021-01-27,177.7391815185547,182.02523657027817,176.11742420618685,181.0240509327117,1015474,-0.032256603914037285,-3.0,0.014115210431877074,0.08776820689022569,2,1
2021-01-28,181.8597869873047,183.2167651079372,178.20256224109258,178.80658621588157,889994,0.02318343897808406,2.0,0.016178790541843704,0.05366156488029672,3,1
2021-01-29,189.4058837890625,193.86570555708403,181.95077888383037,183.5559884671687,1084499,0.04149403739422941,4.0,0.016628898076531666,0.08527578396221047,4,1
2021-02-01,193.95672607421875,196.8278861669516,189.5630953125116,190.0430107749866,1064245,0.024026931973372134,2.0,0.018457554468647396,0.13209703696184505,0,2
2021-02-02,193.11273193359372,196.72031278241656,193.10445803636472,195.7108532322115,749267,-0.004351455903117585,-0.0,0.018720811237134462,0.163267246624885,1,2
2021-02-03,188.6446228027344,193.1789239031073,186.4519520183359,192.856227238314,619364,-0.023137309933535466,-2.0,0.018881068336112104,0.14659781917095427,2,2
2021-02-04,185.1611785888672,190.43188625838556,184.83848190101733,188.0158053961677,758346,-0.018465642763164536,-2.0,0.019973069611315463,0.1127975625233466,3,2
2021-02-05,187.45315551757807,187.99926213976397,185.5087014463179,186.8739533056947,614708,0.012378280081053017,1.0,0.020355592943627952,0.07184587467269754,4,2
2021-02-08,186.9732666015625,190.04301500504175,184.93779952984025,189.33141569325392,747637,-0.0025600471471954878,-0.0,0.018695901707685668,0.043287905111808245,0,2
2021-02-09,187.6434631347656,188.88459179224284,184.81365805216905,186.7663859509249,852281,0.0035844511110312283,0.0,0.018709584940012812,0.035182754174382325,1,2
2021-02-10,189.6458282470703,192.07018308721933,188.4874385087905,189.4638025020678,753806,0.010671115736478498,1.0,0.017916533974372945,0.061952730529128086,2,2
2021-02-11,196.2735137939453,198.16830979928076,188.6611900943855,194.44489427243104,1374800,0.0349477001847911,3.0,0.01775471612181153,0.05622121734637431,3,2
2021-02-12,197.14231872558597,200.49339444648476,195.94255940225412,197.58085002483656,1036076,0.0044265011353123995,0.0,0.018944162072101627,0.0772479093378513,4,2
2021-02-16,195.57847595214844,197.8787076180409,192.9389850988861,196.14938957185575,1249903,-0.007932557471916235,-1.0,0.018918158307158473,0.08270474749734014,1,2
2021-02-17,201.0229339599609,208.88347505178547,194.7593286588793,195.27233972586797,1624362,0.02783771568577187,3.0,0.019085120310192712,0.07343319156206207,2,2
2021-02-18,200.91537475585935,201.3787277422636,197.1340416939868,199.9803801889207,687808,-0.0005350593685146121,-0.0,0.019639770841525874,0.08600421995745067,3,2
2021-02-19,203.86102294921875,204.55605980491444,199.5087613547008,201.69315870229025,1331616,0.014661138785116767,1.0,0.01963049432499972,0.07566232091853187,4,2
2021-02-22,201.77589416503903,203.38108908926256,198.8633499351192,201.70141439029712,837964,-0.010228187585908044,-1.0,0.019503919284289503,0.0716367703202927,0,2
2021-02-23,204.49810791015625,208.73451951442647,196.6706633617568,202.3219701331088,1895923,0.01349127335741418,1.0,0.01961965961082827,0.06745460915275792,1,2
2021-02-24,202.3054351806641,204.3574499372521,195.67776405729808,198.35035051858029,1200317,-0.010722215241499855,-1.0,0.019741447774522095,0.07972906365444365,2,2
2021-02-25,195.71087646484372,202.5040408180429,194.4697329488033,200.485121477969,907105,-0.03259704174497957,-3.0,0.019552844231730447,0.0845457723064682,3,2
2021-02-26,198.50755310058597,199.97209173163185,193.832609998436,196.414168872004,1305542,0.01428983757192781,1.0,0.0207331909767448,0.06559457865668405,4,2
2021-03-01,199.8231506347656,204.60566883780356,199.55837123513152,200.23686018014504,1006860,0.006627443206218997,1.0,0.019179118543259915,0.1168474581945973,0,3
2021-03-02,201.60211181640625,204.3077936974512,200.06310819384143,202.1978617911158,903380,0.008902678073033687,1.0,0.01874920157754529,0.09877589732751035,1,3
2021-03-03,198.5158233642578,202.06547226147157,197.54773329335745,201.27942262698377,598412,-0.01530881013269858,-2.0,0.016795043926552938,0.06439202301089253,2,3
2021-03-04,194.36215209960935,199.450819412708,192.39287635318988,197.17539476815855,796292,-0.020923628123219573,-2.0,0.01653714658415545,0.02350574472109046,3,3
2021-03-05,196.76168823242188,197.60565516753945,191.0441752403713,196.7368665399824,769870,0.012345696458345268,1.0,0.017199321827336907,0.006469900526523853,4,3
2021-03-08,199.0536956787109,203.33147778039717,195.934303515981,196.53003893528083,695956,0.011648646984476096,1.0,0.01649495154718442,0.04302834244141418,0,3
2021-03-09,197.93663024902344,202.71087494831824,197.5394684649025,200.5099299922744,842270,-0.005611879879339199,-1.0,0.015912962700782112,0.07502931875742025,1,3
2021-03-10,192.4756622314453,200.53477761139308,191.6647760669452,200.0548767885548,1141069,-0.027589476544627956,-3.0,0.015899397631658506,0.055925837591260574,2,3
2021-03-11,196.33970642089844,196.85270276506213,193.36924493579716,193.36924493579716,1268644,0.020075494972485064,2.0,0.01719959231605497,0.029428782680511967,3,3
2021-03-12,197.5146484375,197.58911351713408,193.55128976444772,195.95082298083096,583862,0.0059842302813819526,1.0,0.01766849047257734,0.04634450431074799,4,3
2021-03-15,198.52407836914065,199.02054155132024,196.1493672010025,197.3491409778648,617735,0.005110658574571936,1.0,0.017586986348582644,0.0414921871109033,0,3
2021-03-16,197.5312042236328,198.7640738206899,196.09976107285203,198.10213258276636,494234,-0.005001278200932768,-1.0,0.01592617232717163,0.011466471108058318,1,3
2021-03-17,197.5560302734375,199.65768860654967,196.27353195576276,197.13404676638208,491441,0.0001256816607899669,0.0,0.01594768530614055,0.0019726129861958874,2,3
2021-03-18,198.52407836914065,200.07964439159437,197.15882666227583,198.20965560604984,664178,0.0049001191933411015,0.0,0.015838401174962723,0.01011130857657827,3,3
2021-03-19,198.7640838623047,200.1707053899329,197.20024356728015,197.96976021510253,878005,0.0012089490359843413,0.0,0.014609253270069891,-0.012430699033165848,4,3
2021-03-22,201.1470489501953,201.97446810682504,196.9354586960696,198.25105250981497,508319,0.011988911887830911,1.0,0.014613958953561752,-0.01070744783055444,0,3
2021-03-23,197.5725555419922,201.16358863185076,197.1753937749853,200.253415839398,470140,-0.017770548595461566,-2.0,0.014487252171101866,-0.013312863635043581,1,3
2021-03-24,207.2038116455078,210.91895369963447,203.7203534436399,204.7877304299737,1784412,0.048747945164218986,5.0,0.014828979128130094,-0.020831718478763417,2,3
2021-03-25,205.59860229492188,206.71562259433475,201.2215192776457,205.61515009064257,1254559,-0.007747006861689387,-1.0,0.018160863328754,0.013230947528083181,3,3
2021-03-26,209.21441650390625,209.2888815753537,205.3420711316853,206.33498283924467,433939,0.017586764543261024,2.0,0.018078041848612798,0.0162781939660539,4,3
2021-03-29,208.1636199951172,209.1068884688753,205.987496613459,207.66717141192763,572921,-0.005022581743402199,-1.0,0.016688862142114073,0.0689973918822453,0,3
2021-03-30,209.78536987304688,210.31491402944067,206.95557925083256,208.4118440510261,718304,0.007790745942868105,1.0,0.01658557348252797,0.04864332235075408,1,3
2021-03-31,211.01821899414065,214.54306102535784,209.85982924297787,210.86928883748223,835054,0.005876716387991365,1.0,0.016602353589820918,0.04985518047651105,2,3
2021-04-01,209.09034729003903,211.0016912963125,207.1541668925356,211.0016912963125,827371,-0.009136043860531018,-1.0,0.01655661454011933,0.046706391579416584,3,4
2021-04-05,209.06549072265625,211.85391158038905,207.72506062429056,209.61985651775052,485621,-0.000118879554723339,-0.0,0.016280756066617007,0.05326791460032876,0,4
2021-04-06,208.40353393554688,210.43900062139025,207.89052296785337,209.18130958738053,467113,-0.0031662651967153677,-0.0,0.01538620131793943,0.07564918614150518,1,4
2021-04-07,208.7593536376953,208.95792717692228,206.6080521195425,207.83263303303917,493420,0.0017073592536029913,0.0,0.015317040856471495,0.05916723833642479,2,4
2021-04-08,208.52767944335935,210.99340387525555,206.98040176107003,208.2298044246737,505409,-0.0011097667735551209,-0.0,0.015184609574151693,0.04875899402867723,3,4
2021-04-09,210.7865295410156,211.10095231529328,208.8834451017606,210.12458840528228,561630,0.010832375364680624,1.0,0.01509769487426952,0.05350727240840336,4,4
2021-04-12,211.5395050048828,213.2936447837301,210.0997880322154,211.82083222052677,615872,0.0035722181370261286,0.0,0.013500846985012405,0.09513341633578642,0,4
2021-04-13,210.2073516845703,213.0536900797624,210.15770829806183,211.7711918400287,643110,-0.00629742099605346,-1.0,0.013015722532281955,0.07741581599088354,1,4
2021-04-14,209.43783569335935,212.3917345603392,209.00757834318068,210.5962253887905,750431,-0.003660747281406529,-0.0,0.013179836029908437,0.06426208560975,2,4
2021-04-15,214.64236450195312,215.60218078560663,210.5466085220204,210.58797801320085,847741,0.024849993275397386,2.0,0.013250112478145318,0.054974476717758014,3,4
2021-04-16,216.95086669921875,217.67899907481032,212.44140149142137,215.66007989881183,680940,0.010755109796811047,1.0,0.013971664963968138,0.08662509979409672,4,4
2021-04-19,215.5525054931641,218.1257903363499,214.26999267203337,216.1647885681021,651956,-0.0064455202568669545,-1.0,0.014014664779780719,0.09817385173683046,0,4
2021-04-20,215.13055419921875,215.9910837640608,211.69673923084449,214.92370672888916,552551,-0.0019575337014986482,-0.0,0.014218162466770533,0.0857751224129113,1,4
2021-04-21,216.2558441162109,216.65300592024528,214.468593953923,215.9496951910808,385168,0.005230730340377798,1.0,0.014266185632152173,0.08234118568549875,2,4
2021-04-22,219.1435394287109,220.4426001367648,216.5040485245873,216.5040485245873,588169,0.01335314346903016,1.0,0.01414963736313453,0.07511318333960038,3,4
2021-04-23,218.3988800048828,220.2936762165015,217.1660103605051,218.63883775426476,555694,-0.003398044157584379,-0.0,0.013415939531830767,0.1091800621171497,4,4
2021-04-26,218.97805786132807,220.11989979998145,218.19199351373828,219.25937037519225,432193,0.0026519268616775893,0.0,0.009027990501888426,0.05402925877892617,0,4
2021-04-27,218.5726318359375,220.2109371972217,217.53835044916096,218.14237442366863,428818,-0.0018514458907444853,-0.0,0.008714869466911142,0.06507561538387296,1,4
2021-04-28,217.37283325195312,218.9283846525356,216.6447009330311,217.1163277521254,440458,-0.0054892443482355,-1.0,0.00810371764726694,0.04473026041136374,2,4
2021-04-29,220.9224853515625,223.36338784539973,217.40593215671964,222.49459926600892,907571,0.016329787151897923,2.0,0.00812488679366703,0.044240262813703746,3,4
2021-04-30,219.98751831054688,222.93314338900623,218.23336386416463,220.26055692802427,784187,-0.004232104484646615,-0.0,0.008622632274043869,0.05308814187212074,4,4
2021-05-03,221.19554138183597,223.3220211190529,219.76409839515244,221.7499218812729,717722,0.005491325510494471,1.0,0.00870653790116354,0.042504857443874444,0,5
2021-05-04,226.36697387695312,226.82205296779944,220.8976921043545,222.30431356341495,982765,0.023379460828236276,2.0,0.008347097644581688,0.05789456208136312,1,5
2021-05-05,228.54307556152344,229.3705093799168,222.90831636193283,226.4496913677676,811308,0.009613158877819217,1.0,0.009450143752233272,0.0827562841408811,2,5
2021-05-06,230.09036254882807,230.0986364459393,226.30075601496827,228.02180009452076,727034,0.0067702203775064085,1.0,0.009387982535165153,0.09663723664208668,3,5
2021-05-07,230.14002990722656,232.1920447810883,229.1471180621881,230.11520821330728,563260,0.0002158602292086087,0.0,0.009379193609071636,0.10217989536484673,4,5
2021-05-10,229.262939453125,232.24993382692705,229.2132813752357,231.49697981075124,843551,-0.003811116451384544,-0.0,0.009342631674448935,0.10364259805489073,0,5
2021-05-11,228.45208740234372,230.54547182253617,227.40125824314936,228.12939067659988,714230,-0.00353677769601779,-0.0,0.00941204139077978,0.08765460464832131,1,5
2021-05-12,224.98516845703125,231.81970202646835,224.39769231547848,229.46981215634588,917465,-0.01517569388283424,-2.0,0.009556851460629926,0.07994999514190293,2,5
2021-05-13,228.84097290039065,229.90834984472136,224.7121213909209,225.05963980758884,746008,0.0171380383418287,2.0,0.01019676067598356,0.07030114148736333,3,5
2021-05-14,227.1281890869141,231.83624257792263,226.81376628126628,229.3622443169285,608074,-0.007484602917774308,-1.0,0.010493686729469218,0.0926438966617269,4,5
2021-05-17,221.19554138183597,227.54189970108072,220.73218844684277,226.65654862062365,1127683,-0.026120261553302382,-3.0,0.009663972910178231,0.05817036452208546,0,5
2021-05-18,220.9473114013672,224.07497680183184,219.2676367925105,221.60097867110431,998479,-0.0011222196384160776,-0.0,0.011339734486683415,0.01956514277724475,1,5
2021-05-19,220.95559692382807,221.1790068556469,216.851567351422,219.33385420602332,646486,3.749999223034983e-05,0.0,0.011224252411610246,0.02502780422737505,2,5
2021-05-20,223.08209228515625,224.76175229232555,221.2038293422264,222.1140021719186,800017,0.009624084616699058,1.0,0.011204279811417072,0.02707678017328541,3,5
2021-05-21,222.58560180664065,225.58088465410376,221.7168132675563,223.8598406731232,679427,-0.0022255954004634093,-0.0,0.011321108134028078,0.03156561246630196,4,5
2021-05-24,224.45562744140625,226.22631509266236,224.0419031495062,224.1991219074895,680125,0.008401377355890638,1.0,0.011014730873549783,0.015706885025690953,0,5
2021-05-25,227.08680725097656,228.81612523996367,225.33266757047917,225.4485021308605,989633,0.011722494283451068,1.0,0.011090556068304516,0.027732502274682158,1,5
2021-05-26,227.666015625,229.5359899166388,226.5158997988748,227.1281829021696,884058,0.0025506033619262514,0.0,0.011317608609516005,0.037029963042158,2,5
2021-05-27,227.88943481445312,228.68375838880817,226.71448255229424,227.624655390972,1167143,0.0009813462445844578,0.0,0.011287439034456748,0.04160348764930499,3,5
2021-05-28,227.1116180419922,229.61045243612585,226.3255684563856,229.1967282053035,567450,-0.0034131322195529723,-0.0,0.011160272660879931,0.048380477933553045,4,5
2021-06-01,218.22511291503903,227.1116618620911,217.61282973961468,226.0111892906937,2095549,-0.03912835989442898,-4.0,0.010744165378076334,0.02801495140062671,1,6
2021-06-02,218.0430603027344,220.0868011248599,215.6104316090427,218.80428825116545,946332,-0.0008342422642050318,-0.0,0.01389172456178897,-0.008011388141666909,2,6
2021-06-03,219.4165802001953,220.49223091537272,217.6955361166941,217.6955361166941,506806,0.006299305722245352,1.0,0.013828532007856534,-0.014252010051412523,3,6
2021-06-04,220.3846893310547,221.3113952820262,219.38350360337725,219.63173523485716,623438,0.004412196790124501,0.0,0.012813188771757971,-0.0307040976769688,4,6
2021-06-07,218.4898681640625,221.78302631130072,216.14825231220183,220.55843070388087,1046436,-0.008597789495920272,-1.0,0.012638653901834442,-0.03569736781752775,0,6
2021-06-08,215.4697723388672,219.2262835966513,213.35156632575573,218.96151886707872,1249670,-0.013822589809645236,-1.0,0.012571326448033856,-0.050417124195298646,1,6
2021-06-09,214.46031188964844,216.47095722359452,214.319655627607,215.95796086594328,906290,-0.004684928369586672,-0.0,0.01279737937274695,-0.06374491901418977,2,6
2021-06-10,215.96620178222656,217.26526231763432,214.8077974873798,214.9898379065449,836450,0.007021764909830974,1.0,0.01280138878414584,-0.06456615970634494,3,6
2021-06-11,213.9307403564453,217.03358388680076,212.86336359282737,216.23926041064004,846926,-0.009424907272452487,-1.0,0.012989111427570713,-0.05465428555322127,4,6
2021-06-14,214.9898681640625,215.31256486920464,212.8468404915084,213.41775412669205,722262,0.0049507976546638854,0.0,0.012769296302487144,-0.049134030373638504,0,6
2021-06-15,215.48629760742188,216.88465966973396,214.48512668621152,215.9248435371076,605047,0.0023090829702754334,0.0,0.012100275064039802,-0.06052720612386675,1,6
2021-06-16,214.3775634765625,215.80073261422663,213.47567926746183,215.13051753240947,642644,-0.00514526511973068,-1.0,0.01210339144977974,-0.051256920271738116,2,6
2021-06-17,215.2794647216797,215.8503930408666,212.49104369786423,214.48514117018408,603068,0.004207069203003622,0.0,0.010851503825798735,-0.03082330621440521,3,6
2021-06-18,215.2877655029297,216.4461553848537,214.3527708812105,214.493441852244,1035378,3.855816559528158e-05,0.0,0.010921221913425238,-0.025652480873104788,4,6
2021-06-21,219.54067993164065,220.2853600359291,215.4449246619673,215.6352389844834,852863,0.019754556970647208,2.0,0.01092122780933216,-0.025651449883174027,0,6
2021-06-22,221.1872711181641,221.6258023689911,219.0690652432746,220.0950725916824,638221,0.007500164375167984,1.0,0.01162343256517442,-0.015874928898321206,1,6
2021-06-23,218.31614685058597,221.47690838454025,218.1423802836792,221.09629435237528,612497,-0.012980513087682555,-1.0,0.011752505333165094,-0.006282215368500266,2,6
2021-06-24,219.2593688964844,220.3350343442384,217.6293523222073,219.2510949990736,655681,0.004320441064508129,0.0,0.011892403894104099,-0.027352758586651982,3,6
2021-06-25,221.12109375,223.27239534828396,219.6068969765545,220.0950863375139,859265,0.008490970592889724,1.0,0.01159460376368299,-0.034468925999039945,4,6
2021-06-28,223.4544219970703,223.7522969947,220.42604333327105,221.8492124472113,723892,0.010552264406345602,1.0,0.011772138915178901,-0.02874790889203449,0,6
2021-06-29,228.3693084716797,229.08089298425995,224.0087738358733,224.678988864709,835752,0.021995028922156656,2.0,0.012047781448668209,-0.019461248043349588,1,6
2021-06-30,228.2452087402344,229.08917563303996,225.1671867672654,228.19555066175715,653935,-0.0005434168552499452,-0.0,0.013016048117241386,0.005537763503824511,2,6
2021-07-01,230.0159149169922,230.446172295485,228.2617751159783,229.0560986910556,611216,0.007757911706146814,1.0,0.009381204743558616,0.0459163278293111,3,7
2021-07-02,229.9828338623047,230.77715748758789,228.83270321959813,230.3965434714693,433124,-0.00014382072083762854,-0.0,0.0094303246627988,0.05491050528108743,4,7
2021-07-06,230.4958038330078,230.85987001087705,227.6908350751261,229.92487552622055,652306,0.0022304706924789475,0.0,0.009408430115153034,0.048156131375617806,1,7
2021-07-07,232.72987365722656,232.73814755506157,229.69322088698155,230.48754447131947,683268,0.009692453342175833,1.0,0.009395793921778289,0.04587938723258822,2,7
2021-07-08,229.30430603027344,231.87759082700535,228.1707233758136,231.0832673360667,508901,-0.014719071398622607,-1.0,0.00919226507262717,0.06517467200113525,3,7
2021-07-09,232.5312347412109,232.71327515000044,229.59386938508004,230.4957681408249,466182,0.014072691293077755,1.0,0.009276244693345308,0.06420637819048136,4,7
2021-07-12,232.89532470703125,235.12937973699815,232.1754662863752,232.9449680883059,749965,0.0015657679976865957,0.0,0.009400651928409371,0.08426231731333567,0,7
2021-07-13,231.4390869140625,233.27596571469817,230.84333687749853,232.34097117065863,461060,-0.0062527566613911345,-1.0,0.009385494615794354,0.0783878346940392,1,7
2021-07-14,229.3953399658203,232.65538789372,227.3019556909008,231.6955863773804,695723,-0.008830604093253536,-1.0,0.009188126550007756,0.08184119088470077,2,7
2021-07-15,229.15538024902344,229.8255953427704,227.3433232050768,228.80786185582457,724241,-0.0010460531449010269,-0.0,0.009584896025472203,0.06700535204182145,3,7
2021-07-16,228.7416534423828,230.70265519058333,227.5667159905001,229.5028813518329,1738783,-0.001805442255778722,-0.0,0.009627251621912655,0.06343365120367994,4,7
2021-07-19,227.39295959472656,229.5194393762508,224.6128125346657,227.21920775151656,925613,-0.005896144525316949,-1.0,0.009513277365985008,0.06700370007419498,0,7
2021-07-20,229.0147247314453,231.49699687716813,227.111640112202,227.54191217838328,710156,0.007131993618488375,1.0,0.009709843728577272,0.05626869654617361,1,7
2021-07-21,229.6022186279297,229.81733998158745,226.57383961548317,229.30434359600667,581302,0.0025653105806768828,0.0,0.00973761780888579,0.06376098147727216,2,7
2021-07-22,232.5891876220703,232.72985857223603,227.74875195709615,230.1151894571416,584095,0.013009321129344276,1.0,0.008948679036711158,0.04582995142140378,3,7
2021-07-23,234.7984313964844,236.4946538977341,233.31733023445915,233.31733023445915,730759,0.009498480118533381,1.0,0.009190119959984849,0.051548701000135866,4,7
2021-07-26,232.5891876220703,236.3043291661565,232.1672041637483,234.02890453639696,498425,-0.009409107894266633,-1.0,0.00859444754211964,0.07549732250074381,0,7
2021-07-27,234.26890563964844,234.4509461100208,231.3811973789064,232.08450817172212,488182,0.007221823313246389,1.0,0.00904012427542671,0.060794750950319054,1,7
2021-07-28,234.31851196289065,235.22041088105817,231.57146041686568,234.29369027032448,628676,0.0002117494983244761,0.0,0.009004722466106025,0.05945978136537877,2,7
2021-07-29,243.80908203125,245.0005673535024,235.212135169926,236.3291554150541,1374917,0.04050286078063858,4.0,0.008840417600224986,0.04861881840925375,3,7
2021-07-30,245.0419464111328,247.30909727585552,244.1317882630019,245.06676810447703,751711,0.005056679470721193,1.0,0.011441811585344231,0.06760879411904441,4,7
2021-08-02,246.2499847412109,247.95448109865416,243.80908211754655,245.6045913470629,1237798,0.004929924642580241,0.0,0.011415882356057465,0.07359075690396977,0,8
2021-08-03,248.293701171875,248.38472873108367,243.9993577627112,247.45799352222065,1840168,0.00829935657787706,1.0,0.011379123607176593,0.07057802861196483,1,8
2021-08-04,248.293701171875,252.14951336263616,247.5821166680192,248.1364824394865,2078671,0.0,0.0,0.011399994993229277,0.07961840891365557,2,8
2021-08-05,247.3256378173828,251.1069706495494,244.09041161494827,249.2369816292689,1177386,-0.0038988639257588886,-0.0,0.011424888037139192,0.07721571084114665,3,8
2021-08-06,246.77952575683597,248.7818970936704,244.42137683366573,247.3752757586898,797107,-0.0022080689465362457,-0.0,0.011448008162715524,0.06271547322563942,4,8
2021-08-09,249.17909240722656,249.51833692059768,246.36583482837895,247.23462350871856,782674,0.009723524036410636,1.0,0.01078838847293378,0.07620973207653337,0,8
2021-08-10,249.59278869628903,251.5703531977397,248.0868804707336,249.28663977314304,559768,0.0016602367600986323,0.0,0.010616828914771443,0.07159407072578183,1,8
2021-08-11,248.21926879882807,250.3788591087582,248.0289838356912,250.3788591087582,416363,-0.005503043195419832,-1.0,0.010616054675387593,0.07169514463316173,2,8
2021-08-12,248.6577606201172,249.31144256454667,246.67196657652255,248.26887276909443,837382,0.0017665502900361396,0.0,0.010583337977921234,0.07250366439181621,3,8
2021-08-13,249.9154815673828,250.7429007496774,247.12707510206704,249.41075909932263,703987,0.005058040191985302,1.0,0.010217782346986929,0.08397040958707769,4,8
2021-08-16,253.456787109375,254.45797256827797,249.93196061219405,250.3373961939134,798620,0.014170012677015231,1.0,0.01015681185833119,0.09059399476372465,0,8
2021-08-17,252.74530029296875,254.22640166224107,251.7689508400012,253.19212022144168,359676,-0.002807132626119868,-0.0,0.010283074931538613,0.10804824261365953,1,8
2021-08-18,248.59158325195312,254.218097995222,248.4426530992378,252.92731122067167,416945,-0.016434398725518773,-2.0,0.010141326196319788,0.11149131768822862,2,8
2021-08-19,250.51947021484372,251.173122714698,246.0761821832677,247.4000790637338,468743,0.007755238281485388,1.0,0.011157541680877613,0.08548296858843751,3,8
2021-08-20,253.40719604492188,254.2594515584971,251.0076776417885,251.0076776417885,698051,0.011526951688033193,1.0,0.011182275233806067,0.09110213181698579,4,8
2021-08-23,251.2972869873047,253.88711981013645,251.19800021605045,253.88711981013645,461526,-0.008326160782123782,-1.0,0.011128562242878904,0.08950548662940583,0,8
2021-08-24,249.9734039306641,251.13180837661145,246.9781354369779,250.9580418312841,555461,-0.005268194784400881,-1.0,0.011377098339680541,0.07026816786079815,1,8
2021-08-25,251.7523193359375,251.97572922589129,248.7322150059116,250.1719317062937,295889,0.00711641869615387,1.0,0.011179992954224673,0.07474215154335151,2,8
2021-08-26,249.57623291015625,251.9343966454256,249.03012626557611,251.7523708946245,377369,-0.008643759197616285,-1.0,0.011178260606898941,0.07462968100078116,3,8
2021-08-27,248.6577606201172,250.53603809209656,248.17787459913248,250.0064792974569,404257,-0.003680127227377872,-0.0,0.011471382338555243,0.06511530318049297,4,8
2021-08-30,250.85873413085935,251.61996203714503,247.8882728816626,248.7736239374229,355835,0.008851416924423594,1.0,0.0076917634510021765,0.019887194309872847,0,8
2021-08-31,251.02423095703125,254.22636156016296,250.3870967601054,251.31383206614737,779414,0.0006597212042278588,0.0,0.00783588645001251,0.023737926526126607,1,8
2021-09-01,252.3397979736328,252.5218530918223,247.53247297834187,250.70976685568783,444997,0.005240796920623847,1.0,0.007788072000047801,0.019387803093014133,2,9
2021-09-02,255.12831115722656,255.90608707032135,252.85288601596184,253.29141736746115,656962,0.011050627788348866,1.0,0.007671359745752786,0.01629560791377882,3,9
2021-09-03,253.72991943359372,254.5821750368404,250.80084190077736,254.57391583472588,704453,-0.005481131111204074,-1.0,0.007986421273288684,0.02752631239976755,4,9
2021-09-07,251.09043884277344,252.5301558905387,246.4403023846768,252.5301558905387,878122,-0.010402717175461373,-1.0,0.008045407544871687,0.025894127566910896,1,9
2021-09-08,254.0774383544922,254.3504916760468,249.66725980917687,251.36348232660583,807583,0.011896110124643755,1.0,0.008411848655637679,0.017468682106899003,2,9
2021-09-09,250.84225463867188,256.17085143359,250.39543469263785,254.4001782321081,625534,-0.012733061765628051,-1.0,0.008538730789039413,0.019657933175470488,3,9
2021-09-10,249.01356506347656,252.36465513432344,248.7488003492932,252.07505403209777,637988,-0.00729019749016957,-1.0,0.0090426912286286,0.005006017797666518,4,9
2021-09-13,246.1258850097656,249.69206720682487,244.68615332001076,249.1956333415445,547196,-0.011596476894641716,-1.0,0.009107979897017438,0.0031999782631388918,0,9
2021-09-14,245.57977294921875,248.60813702934163,245.2653501453878,247.1105174805126,615523,-0.002218832287896766,-0.0,0.009452731547862421,-0.010182170080022646,1,9
2021-09-15,247.97930908203125,248.83156468092525,244.9095752954301,245.5632426423608,935623,0.009770902969719275,1.0,0.009373977207346507,-0.017348699612252938,2,9
2021-09-16,245.60459899902344,249.5514245640284,245.42257324920627,248.26063773551692,550805,-0.009576242839769544,-1.0,0.009067049420270097,-0.02161109232786118,3,9
2021-09-17,244.85992431640625,246.52305127574516,242.9154701322103,243.92492976488057,1333129,-0.0030320062639387357,-0.0,0.009252899389701448,-0.028252558151103835,4,9
2021-09-20,243.1884765625,246.1672114986594,241.2605705458929,242.8492321177284,818408,-0.006826138489475331,-1.0,0.008597487688996605,-0.01501120386591992,0,9
2021-09-21,243.3953399658203,245.69557132863184,242.9154245851407,244.99226074640544,669416,0.0008506299568316056,0.0,0.008469631611144559,-0.029263169230146935,1,9
2021-09-22,241.1613311767578,245.0916090490298,240.48284215389612,245.0750465570708,884407,-0.009178519150679798,-1.0,0.007961375192495474,-0.039508965157117104,2,9
2021-09-23,245.53012084960935,247.4993965784248,241.5419260083073,242.7416998980444,748568,0.018115630941054395,2.0,0.007997930469617824,-0.040334521442959015,3,9
2021-09-24,245.2239532470703,247.15184464633447,243.5856482304633,245.66248446546615,455939,-0.0012469655514345535,-0.0,0.00906613482899033,-0.017775023307228244,4,9
2021-09-27,240.55731201171875,244.59515063732167,239.59751044000376,244.1731671381604,523334,-0.019030119911042198,-2.0,0.008882147385795519,-0.025931701865100854,0,9
2021-09-28,234.1695709228516,239.2416903094272,232.6636481633964,239.2416903094272,663946,-0.02655392611202767,-3.0,0.009578491739965925,-0.036136938174253896,1,9
2021-09-29,237.3965301513672,239.1175742877249,235.1790374758682,235.1790374758682,576878,0.01378043789292649,1.0,0.011007930465747126,-0.058265584235674406,2,9
2021-09-30,232.8704833984375,239.9449732519143,232.8704833984375,237.9095066146088,673374,-0.019065345015968904,-2.0,0.011316926535787569,-0.05366448182932171,3,9
2021-10-01,231.24876403808597,232.5478247352013,226.1932068998703,232.46508575986607,769870,-0.00696403999633044,-1.0,0.011842531149312302,-0.07231870600452595,4,10
2021-10-04,227.5749969482422,231.7452174818373,226.75583703880127,229.610463831938,806652,-0.01588664529786943,-2.0,0.011690562068037202,-0.08358187691721408,0,10
2021-10-05,228.45208740234372,230.29725487664797,227.2275063810276,228.6093061641621,514954,0.0038540721338602424,0.0,0.011421823006672476,-0.1079978701070311,1,10
2021-10-06,227.88119506835935,228.32801503379,224.27362792344516,227.69916927925848,531832,-0.0024989587115434864,-0.0,0.011597396384984516,-0.09962495588883724,2,10
2021-10-07,231.0998077392578,232.91186457455035,228.34448260358693,229.1470799657208,645904,0.014124081936348176,1.0,0.011538692956263337,-0.09243380146763425,3,10
2021-10-08,230.30548095703125,231.69555434974416,228.98159873614537,231.39767938043624,594455,-0.0034371589920264567,-0.0,0.011706437542145016,-0.09043554108561058,4,10
2021-10-11,226.89649963378903,230.06553440323512,226.29247576944695,229.61872927568123,476542,-0.014801998237628733,-1.0,0.011551830118413533,-0.08187126890253404,0,10
2021-10-12,226.6979217529297,228.4355136572144,225.597449329564,228.03007799556255,433823,-0.0008751914691493834,-0.0,0.011773134077694163,-0.08881871726164647,1,10
2021-10-13,226.2759552001953,227.5501942572224,223.73575098401565,227.5501942572224,442786,-0.0018613604812586226,-0.0,0.011675384389658944,-0.07893506713471066,2,10
2021-10-14,228.1293792724609,230.0241900412216,227.54191783380332,228.12110537467825,812006,0.008190989938041904,1.0,0.011678130576646838,-0.07860508020347057,3,10
2021-10-15,224.7286529541016,229.3374196131631,224.1660132272408,229.3374196131631,932597,-0.014907007283344043,-1.0,0.011590921368123135,-0.08004671794211671,4,10
2021-10-18,226.9544219970703,227.44259661995733,222.80074931769343,224.14945332354,561397,0.00990425125461547,1.0,0.011778287047993762,-0.084998188674003,0,10
2021-10-19,228.41070556640625,230.8433343772584,227.6660253768111,229.70976629736745,479801,0.006416634478947136,1.0,0.01217166119358161,-0.07312549152060743,1,10
2021-10-20,230.55372619628903,232.25822256082213,229.0229963752515,229.72630705455327,550456,0.009382312552157268,1.0,0.01233478392109823,-0.060766740287119814,2,10
2021-10-21,231.52182006835935,233.16839917728396,226.45797427712708,231.60455904466508,693977,0.004198994690053803,0.0,0.012602377229846966,-0.05276031074109555,3,10
2021-10-22,233.45797729492188,234.0454386649159,231.1494572107636,231.21564838528835,478288,0.00836274190480557,1.0,0.012586103070624995,-0.03997121371557388,4,10
2021-10-25,232.56439208984372,233.71450803199696,230.81025218476648,233.49111277980336,677215,-0.003827606216039947,-0.0,0.011977175917675555,-0.04916766836147912,0,10
2021-10-26,234.6246490478516,235.71684755400577,231.27357375935455,232.46507372685892,544170,0.008858866740063753,1.0,0.011978755098785087,-0.051624488511820554,1,10
2021-10-27,232.0844573974609,235.2038488391167,231.6872956443716,234.6908378316479,602370,-0.010826618859950288,-1.0,0.011588534812862344,-0.024662160190658255,2,10
2021-10-28,236.0064392089844,237.4544299288346,229.75938261482327,236.75939320761955,1176571,0.01689894211574372,2.0,0.01029943383125062,-0.008904288961086415,3,10
2021-10-29,237.48753356933597,237.7936824564537,233.10219177720305,236.0064472121636,780462,0.0062756523309943635,1.0,0.010533559118673234,-0.005855565544687802,4,10
2021-11-01,238.9438323974609,240.4662883639376,234.74050130201567,237.59512828329187,900587,0.006132106415176475,1.0,0.009684839873621225,0.019826686935667803,0,11
2021-11-02,236.84214782714844,239.7546770721501,236.17193279355183,239.15892710982277,714347,-0.008795726381489177,-1.0,0.009568674433809854,0.03327614913482346,1,11
2021-11-03,237.8764495849609,237.8764495849609,233.317326304492,236.34570506274449,631819,0.004367051081496376,0.0,0.00903059401095596,0.04072130507822824,2,11
2021-11-04,235.1873016357422,238.4556232319821,234.5915516565684,237.71921700310008,503314,-0.011304809508930647,-1.0,0.009036718344869986,0.04125312353140931,3,11
2021-11-05,227.4095001220703,233.48280507261893,226.7227372762975,231.67902203935805,1012680,-0.03307066946036963,-3.0,0.009449146467141813,0.03206103322914022,4,11
2021-11-08,232.1837615966797,232.44854101731755,227.54191397027145,229.08091771606928,472002,0.02099411621786529,2.0,0.011661496751590377,-0.015968458188209134,0,11
2021-11-09,228.8243865966797,232.6057190531436,226.01114414432425,231.64590294575183,1185534,-0.014468604423058196,-1.0,0.012559011070552059,0.008155605467326632,1,11
2021-11-10,234.8563537597656,235.6258556511962,228.8823349886558,228.8823349886558,798853,0.026360683198149326,3.0,0.012538945106390167,0.008496768200489058,2,11
2021-11-11,237.37176513671875,238.21574695969144,232.4651370710837,234.8150273619038,531948,0.010710425060614481,1.0,0.013742713073760461,0.035988119978124455,3,11
2021-11-12,245.93556213378903,247.52420923192932,240.36699400065467,244.92610255447212,1528216,0.03607757220888419,4.0,0.013849780978518047,0.04903662842437906,4,11
2021-11-15,236.0726318359375,243.395353840168,235.29485614219303,243.20503951710117,797340,-0.04010371746273156,-4.0,0.015654702098944148,0.07805300184533337,0,11
2021-11-16,238.60459899902344,241.2937187586946,236.51121459964884,236.82563742406964,521356,0.010725373557259887,1.0,0.017949653369722308,0.05047856040036325,1,11
2021-11-17,239.72987365722656,242.5017468678076,238.0336512019066,239.36580747384724,420670,0.0047160644133592555,0.0,0.01796746993510135,0.051332672434571514,2,11
2021-11-18,237.8764495849609,240.02775111749915,235.170767526198,238.00883194533083,464203,-0.007731302085929204,-1.0,0.01795295603678025,0.04955620649545023,3,11
2021-11-19,234.4261016845703,239.3575506549793,233.27597107421164,239.3575506549793,725056,-0.014504789803322926,-1.0,0.018011351287070057,0.03176146189212936,4,11
2021-11-22,234.7901611328125,237.38826791166164,233.06911691193764,233.4828264975532,571757,0.001552981709912249,0.0,0.018338235682994964,0.01254431057665939,0,11
2021-11-23,236.569091796875,237.08208808909805,231.97687337657052,233.9130533836695,384120,0.00757668317735094,1.0,0.018257002175379237,0.005706311060031721,1,11
2021-11-24,234.76535034179688,237.02421272004557,233.17668841179423,235.61759124597708,316026,-0.007624586294759372,-1.0,0.018293592733831632,0.017219745770385098,2,11
2021-11-26,239.37408447265625,244.91783096564404,234.98872772432225,236.92490792653035,724124,0.01963123656940624,2.0,0.018291959204261066,0.0005996867529318717,4,11
2021-11-29,241.54193115234372,244.0821352396507,237.95918659356428,239.37408184267565,575249,0.009056313194735655,1.0,0.018580140151631293,0.03140937207488803,0,11
2021-11-30,236.0891876220703,241.3185257300312,235.37760307883792,240.14357355672615,1237332,-0.022574728554415224,-2.0,0.018335281210599182,0.023454834376182454,1,11
2021-12-01,236.18849182128903,241.27714434527203,235.13766278847004,236.18021792408783,528922,0.00042062154653899064,0.0,0.019009551141571983,-0.005888081476316254,2,12
2021-12-02,241.0041046142578,243.47810273850692,236.80077380648703,236.80077380648703,733669,0.020388854494284514,2.0,0.01895658487635908,-0.01153133164612774,3,12
2021-12-03,240.2180328369141,244.1152146325736,238.099827052516,241.632927992148,583397,-0.0032616530685312117,-0.0,0.01937399198170226,0.017572703276389934,4,12
2021-12-06,239.34100341796875,242.81618755907067,237.5868635513215,241.2357995514341,497261,-0.0036509724461059045,-0.0,0.01937940424297647,0.009843695145268505,0,12
2021-12-07,245.0088653564453,245.57979372941213,241.0620542235793,242.19562237515132,531133,0.023681115469289526,2.0,0.01921468015788419,0.017661250217751112,1,12
2021-12-08,245.60459899902344,246.38237477678257,240.35045350615744,245.5301339195528,500636,0.0024314779047338586,0.0,0.018142688379277943,0.07739063330655882,2,12
2021-12-09,233.30905151367188,240.71451308244264,232.969807020435,236.48637511126304,2860064,-0.05006236664729735,-5.0,0.017705560797796758,0.05780265299369525,3,12
2021-12-10,238.62115478515625,242.1128868670678,233.46629564619928,235.48521503014868,1694551,0.02276852628314363,2.0,0.020865878899860125,0.019598719278538956,4,12
2021-12-13,241.9722137451172,246.4320359873621,238.58805706849284,238.6211526617625,1327076,0.014043427804957487,1.0,0.020662467435984273,0.01603022854234415,0,12
2021-12-14,243.80908203125,244.65304896416777,240.7393338094465,242.5100213459524,1191005,0.00759123643869164,1.0,0.020753683372482352,0.019380774313022098,1,12
2021-12-15,254.1519012451172,255.21101899249007,243.9414847432025,245.3150106202209,1246411,0.04242179629937448,4.0,0.01922967635009341,-0.008646492943473638,2,12
2021-12-16,256.609375,259.01718217511745,253.48995381710944,253.5396265969672,1210211,0.009669310923283936,1.0,0.01910674141994683,0.07658350427399041,3,12
2021-12-17,254.78073120117188,258.11527360660426,254.40013190978408,255.2771944516801,1583389,-0.007126176893685665,-1.0,0.01908869366351357,0.07545862936636127,4,12
2021-12-20,256.013671875,257.9498231337244,251.11531764758183,255.67442730092267,1004416,0.004839222605317772,0.0,0.019229860982200902,0.0627825698747313,0,12
2021-12-21,250.3705596923828,257.55262635713746,247.9213977464521,256.5348928309119,922004,-0.0220422297812769,-2.0,0.01907146644701124,0.07624639732804295,1,12
2021-12-22,251.71926879882807,255.11171375515843,250.56915295113097,251.36347650809532,764166,0.005386851825160077,1.0,0.019496985461095892,0.0680148579583788,2,12
2021-12-23,249.80795288085935,253.72992771835573,246.9864212364733,253.3824239824545,1398779,-0.007593045725459491,-1.0,0.019497557216696312,0.07210313917898525,3,12
2021-12-27,253.8623046875,254.63179183617797,250.90010247901805,252.4556539632285,1245014,0.01622987482938254,2.0,0.019619716289072216,0.05596192208977002,0,12
2021-12-28,254.01950073242188,256.3942122040799,253.8457341876235,254.3504860269034,499705,0.0006192177492259088,0.0,0.01967762664747609,0.08134485910250255,1,12
2021-12-29,255.4013214111328,257.2050899075869,252.8611319256019,255.88949607517503,1178084,0.005439821252804178,1.0,0.01935315306850499,0.061182129602833424,2,12
2021-12-30,259.265380859375,260.6471658074564,257.0561473905248,257.080983778705,621925,0.015129363571388943,2.0,0.019312720133498003,0.0573788169725602,3,12
2021-12-31,259.9852600097656,262.43445153159627,259.10819737762006,259.18267716012195,555810,0.0027766111619085265,0.0,0.018570297791894817,0.09816710994154021,4,12
2022-01-03,246.7216033935547,259.80317782100184,245.3232413719396,259.0667863192038,1130593,-0.051016956175564454,-5.0,0.018550673725080243,0.100753292444419,0,1
2022-01-04,240.1270294189453,246.61404407395543,237.6447573769396,246.15896503014585,1486079,-0.026728806411370987,-3.0,0.021799834617573524,0.02372365727317427,1,1
2022-01-05,237.115234375,242.7334612771044,237.00767369474733,240.25944806257644,934459,-0.012542507402157899,-1.0,0.02263339878570721,-0.0003788367463259945,2,1
2022-01-06,238.75352478027344,243.20507293300503,235.0963002240753,237.47928570976416,998246,0.006909258317339795,1.0,0.022792220004210297,-0.009299572623090446,3,1
2022-01-07,236.03956604003903,241.3433697118069,235.1376817800862,238.75352210994424,748219,-0.01136719863186142,-1.0,0.02219992076209101,-0.025531078506369265,4,1
2022-01-10,241.293701171875,241.87290338981717,235.52655946933808,235.5679289568928,822366,0.02225955258257306,2.0,0.022297483815017043,-0.038944844672971435,0,1
2022-01-11,241.5584716796875,242.07975659582812,236.93317209250512,240.2511371368204,804790,0.001097295563566858,0.0,0.019902799390138348,0.034223488571917704,1,1
2022-01-12,233.9875640869141,237.95093773788963,229.9414514526837,237.95093773788963,1324981,-0.03134192537371494,-3.0,0.019313991123931316,0.012309541026133575,2,1
2022-01-13,229.8669586181641,233.4993612015268,227.84803949393603,233.31732076425288,1022341,-0.017610360981489603,-2.0,0.020269135804876732,-0.03299820890432392,3,1
2022-01-14,228.4355010986328,232.50643467803351,224.9685913779183,229.4366866998799,1066340,-0.006227330487758809,-1.0,0.020455405549391962,-0.057184594178894876,4,1
2022-01-18,224.8775787353516,227.5584388703954,223.75228468096915,225.69672391168757,1001855,-0.01557517262496344,-2.0,0.017666362780431544,-0.1011851574609397,1,1
2022-01-19,225.07618713378903,228.16248338681007,224.306685219079,225.33269267072208,1141651,0.0008831845289083429,0.0,0.017482187068272547,-0.12365797728414407,2,1
2022-01-20,224.1246337890625,230.4709774280993,223.7688415157822,226.83030102776905,826906,-0.004227694439131957,-0.0,0.017546349717221705,-0.11658866008955948,3,1
2022-01-21,224.703857421875,227.74878432534308,224.1329437310364,225.71331712404796,2315545,0.0025843818371060756,0.0,0.017383894929918427,-0.12455990280670437,4,1
2022-01-24,225.1837615966797,225.98635910051905,218.62228121070575,225.32441786367195,1226740,0.002135718453215807,0.0,0.01708766053073347,-0.10251485758566481,0,1
2022-01-25,221.7913055419922,225.1009968676344,219.54070250799788,222.5359857228595,1075769,-0.01506527837812588,-2.0,0.01700340766695577,-0.10541706770710246,1,1
2022-01-26,220.75701904296875,225.04307427878408,219.226274532972,220.50878742316883,907804,-0.0046633320296119996,-0.0,0.017134746929618874,-0.11215274380087137,2,1
2022-01-27,219.8716583251953,223.58679977814813,218.68017305514516,221.3113752042053,918629,-0.004010566556894468,-0.0,0.016400366084867987,-0.13040646458040817,3,1
2022-01-28,223.47097778320312,223.68609911978768,215.5773415000376,218.30784526385344,1052954,0.01637009283244839,2.0,0.016330828642107147,-0.13443000363659907,4,1
2022-01-31,224.53009033203125,225.09273008625144,219.7144760010172,222.238117737316,1099514,0.004739374031180077,0.0,0.016902019095871315,-0.12502027574293462,0,1
2022-02-01,225.8539581298828,226.39177615547,221.26173934046733,225.88705371939048,1015124,0.005896170958172409,1.0,0.01639073097746456,-0.13397581432664973,1,2
2022-02-02,226.03598022460935,228.17073388993083,223.1896420041808,225.1092596450864,811541,0.0008059282920420685,0.0,0.016494683865279965,-0.1312816806560524,2,2
2022-02-03,230.0490264892578,232.02657636267952,224.902441297027,224.902441297027,1111853,0.017754015359239483,2.0,0.013019540586561849,-0.0838419614838063,3,2
2022-02-04,229.59390258789065,231.97688786232263,228.30313053197585,228.87404413683265,577926,-0.0019783778628091886,-0.0,0.012766550796323656,-0.041969464887289254,4,2
2022-02-07,227.1778259277344,230.44616235435265,226.2511200288172,229.51116786196607,624835,-0.01052326143213389,-1.0,0.01253481062996953,-0.03172015415599272,0,2
2022-02-08,230.181396484375,231.5962918042263,225.78776566710124,226.2759550335142,1325214,0.013221231184755045,1.0,0.012530169068900482,-0.04848388673294868,1,2
2022-02-09,233.04428100585935,234.0785622548645,231.63764498681184,231.67902916932903,972406,0.01243751478273225,1.0,0.012785648995979178,-0.024818591450343264,2,2
2022-02-10,233.49107360839844,240.1187442039521,228.46859778440975,237.53718551684983,2345809,0.001917200459117252,0.0,0.012045966203217537,-0.03418829470454987,3,2
2022-02-11,228.58447265625,236.93318821096645,224.7121121474485,234.5419288832001,1989509,-0.02101408364920021,-2.0,0.012056421044577825,-0.033397288926329316,4,2
2022-02-14,225.62225341796875,230.52887985342616,224.50523328724165,227.69081574720545,988702,-0.012958969626672312,-1.0,0.01093912224495624,-0.023091361507815544,0,2
2022-02-15,218.9532470703125,228.39416134411664,217.00051899444597,226.69793879857332,1982990,-0.02955828268988081,-3.0,0.010629864151123767,-0.018465921443047817,1,2
2022-02-16,223.0903778076172,223.99226209056732,216.3385830521669,218.4402413411424,1343372,0.01889504171626255,2.0,0.012308510814997122,-0.04150954638274951,2,2
2022-02-17,216.71917724609372,222.9496864606626,216.2061809159165,222.4863335144295,1067155,-0.028558831735081336,-3.0,0.012692291343722503,-0.007947439392513522,3,2
2022-02-18,218.8291015625,220.92248568855675,216.18133694300903,216.5785133928024,901634,0.009735752706417689,1.0,0.014102483626249645,-0.03712969370112784,4,2
2022-02-22,220.52532958984372,221.5596108338439,218.05960533795272,218.85392886573425,1074372,0.007751382312645827,1.0,0.014305312100316131,-0.023627622439514884,1,2
2022-02-23,222.1470947265625,225.23339077238236,220.4343244561151,220.8976774142341,1921415,0.007354099140153725,1.0,0.014414782878662012,-0.018595710282739875,2,2
2022-02-24,224.8197021484375,224.96035841966057,218.32441275155688,219.25939265245364,1127916,0.0120308006961094,1.0,0.014512459522753396,-0.013485283523933966,3,2
2022-02-25,228.89059448242188,230.28894191398064,224.38940329079,225.05961836594668,675702,0.01810736467970475,2.0,0.0143607124314982,0.013654262050736499,4,2
2022-02-28,224.4473419189453,227.27713245519817,222.31257347431875,225.50644489564863,1280167,-0.019412123829394834,-2.0,0.014785325060139307,0.036844017348639735,0,2
2022-03-01,222.61875915527344,226.05257417325552,221.22041145128247,223.74405349839432,1129895,-0.008147045752639026,-1.0,0.015456249011462817,0.02081070215508385,1,3
2022-03-02,223.7688446044922,226.7972085697038,219.73100638942677,222.13053946692548,2297969,0.00516616593131114,1.0,0.015168085022989485,-0.003813553940576808,2,3
2022-03-03,223.77713012695312,226.5324556257821,221.18728258188528,226.5324556257821,1150381,3.702714949249675e-05,0.0,0.015175137846529461,-0.003390395142198299,3,3
2022-03-04,222.69317626953125,223.28892625652176,219.7310035210537,222.2960145102333,1191005,-0.004843899181327993,-0.0,0.015114060110020084,-0.009195446562576315,4,3
2022-03-07,220.71566772460935,223.1317488535757,217.4638787954217,222.51945099917367,1267247,-0.008879969193705706,-1.0,0.015143079569317605,-0.014788813496667164,0,3
2022-03-08,214.9815826416016,220.09507156527545,214.063135961847,219.43313039544847,1134318,-0.025979510843617493,-3.0,0.014635911263811774,-0.040571172619521145,1,3
2022-03-09,219.78892517089844,221.2120942933808,215.9083056733309,219.6234325285164,936438,0.02236164824086928,2.0,0.015553351693488936,-0.06364419865503756,2,3
2022-03-10,220.277099609375,220.76528894267727,216.1565223973189,216.95913452438384,642994,0.0022211057181200644,0.0,0.016391993747939995,-0.03252474455489496,3,3
2022-03-11,219.673095703125,223.288935874392,219.5158769544115,220.8811288273536,722146,-0.0027420186089298637,-0.0,0.016072549593551984,-0.04302822480995905,4,3
2022-03-14,219.81375122070312,222.85867775767508,218.50641663470864,220.88112808372588,887666,0.0006402946939310095,0.0,0.015729957189006896,-0.0573761572050685,0,3
2022-03-15,224.6707305908203,225.1175357424179,220.83975447272456,221.00524711529732,665342,0.022095885007851646,2.0,0.015713711666034382,-0.05857749581739624,1,3
2022-03-16,226.73101806640625,227.71565593132829,223.92604931881905,225.225109976577,703871,0.009170253152994023,1.0,0.016021607689788005,-0.01712164444045705,2,3
2022-03-17,226.98751831054688,228.21209916825268,224.64590256122892,226.2593859743786,696421,0.0011312975451178708,0.0,0.01590224057922758,0.004914252169902378,3,3
2022-03-18,227.732177734375,227.91421814990863,223.28063045512627,226.16835254204815,1576056,0.003280618376598765,0.0,0.014350264928607264,0.036694003618289894,4,3
2022-03-21,228.91542053222656,230.578547405798,227.1778285813507,227.55018336004852,656845,0.00519576464609961,1.0,0.013815646197379976,0.020806813688579062,0,3
2022-03-22,229.56082153320312,232.6884871484012,227.9225309938768,229.32915239613624,629258,0.002819386302050031,0.0,0.012046116233127267,0.05627671459957373,1,3
2022-03-23,224.8031463623047,228.9568195179893,223.47926389583984,228.55964302117877,1180878,-0.020725118245886298,-2.0,0.011937614571992305,0.04904155751714789,2,3
2022-03-24,224.5962677001953,226.13527140183228,223.6281776155748,225.8208633004513,691532,-0.00092026586574534,-0.0,0.012874057818831634,0.019398301231052795,3,3
2022-03-25,226.68138122558597,226.9875301299756,224.2735741741648,225.87050987628652,1004998,0.009283829810448951,1.0,0.012796067614749839,0.011025005646134955,4,3
2022-03-28,228.7168426513672,228.7168426513672,224.68727830288276,226.4993352966675,561164,0.008979393961586979,1.0,0.012686952553007334,0.008280764805565388,0,3
2022-03-29,228.9898834228516,231.18255426946075,227.99697171040015,229.28775840619565,621227,0.0011937938995625341,0.0,0.012199452341840887,-0.0007591042849427465,1,3
2022-03-30,222.5773468017578,228.67547367056065,220.91421995607635,228.6423780812026,1173312,-0.028003580443125564,-3.0,0.01135665041398077,0.020238785031130968,2,3
2022-03-31,218.1588897705078,223.83503305394623,218.1506158733505,222.2711930107672,1055981,-0.01985133300733144,-2.0,0.012881914587086542,-0.0001860236472108756,3,3
2022-04-01,217.75347900390625,218.9780747075227,216.0241608199111,218.75466476264967,725638,-0.001858327969252338,-0.0,0.013527727675535037,-0.025070312374807502,4,4
2022-04-04,217.8858337402344,218.9035671661102,215.45320513381435,217.77827307853528,1230581,0.0006078191583143155,0.0,0.013525939695739097,-0.02691808193102463,0,4
2022-04-05,218.64707946777344,222.0560720632945,217.36456662184548,217.5548662567894,840059,0.0034937825670970923,0.0,0.01350502797879235,-0.021587291581302903,1,4
2022-04-06,219.16831970214844,219.61512478436984,216.17303707106072,217.6044945663308,770917,0.002383934126372944,0.0,0.013411416184347881,-0.009372185845079706,2,4
2022-04-07,224.9685821533203,225.1340747786521,218.2747206896975,218.2747206896975,822715,0.02646487621502258,3.0,0.012062970258426203,0.019474863888813143,3,4
2022-04-08,228.9898834228516,230.13999917579983,224.55488365233683,225.2499203814441,888481,0.017874946052647944,2.0,0.012453388500667168,0.023566505811857485,4,4
2022-04-11,225.4071807861328,230.68616344550625,225.1093057283036,228.3279993757744,782906,-0.015645680862254374,-2.0,0.012976103004289318,0.039553743121401475,0,4
2022-04-12,222.2960205078125,227.83149298805503,221.75820248245043,224.31493964346097,548011,-0.013802400914956658,-1.0,0.01350317527156875,0.026102810017104128,1,4
2022-04-13,222.5194091796875,223.48749916818016,220.7404479338692,221.5761408809444,547196,0.0010049152988196308,0.0,0.013901183017670054,0.011292602365977844,2,4
2022-04-14,222.61045837402344,224.2984070329142,221.01353728849057,223.47926174531383,1675694,0.00040917416899310943,0.0,0.013005593050832223,-0.00957544138248645,3,4
2022-04-18,221.02175903320312,224.1246022909284,220.1777775548628,222.38701065444567,702590,-0.007136678808463803,-1.0,0.012823255661612893,-0.018173780224353564,0,4
2022-04-19,224.34800720214844,224.8610181673805,221.56786046332803,221.60095604868675,587587,0.015049414969345198,2.0,0.012887936381010186,-0.026282323018228082,1,4
2022-04-20,229.91661071777344,230.3551566848854,224.1908384132786,225.2168458089397,771150,0.0248212747020633,2.0,0.013339923639960219,-0.014860309008127182,2,4
2022-04-21,228.6175537109375,232.27476325303712,228.20382945663303,230.8515941429617,574434,-0.005650122463011442,-1.0,0.014412614385244587,0.004373624910104956,3,4
2022-04-22,222.18017578125,227.0123373715329,221.83265741137407,226.23456166183135,729944,-0.028157846259814656,-3.0,0.014457221989409585,-0.004109010483433928,4,4
2022-04-25,218.52296447753903,222.09744984611007,213.98867760904676,220.68255459258185,785118,-0.016460565353552115,-2.0,0.015065679513860968,-0.011667855292502805,0,4
2022-04-26,206.94729614257807,216.2889231569051,206.82317298475485,216.0572393322444,2077624,-0.0529723196948062,-5.0,0.015466249630850675,-0.027040980176764484,1,4
2022-04-27,209.37164306640625,211.62223126413596,203.53002185435105,206.95556222985357,1932822,0.011714803570846977,1.0,0.018935662395775207,-0.08705648861107462,2,4
2022-04-28,199.1281280517578,201.1801428266473,191.97089803236668,198.07729897159092,2128141,-0.04892503523698055,-5.0,0.01903965388121174,-0.08458143860637668,3,4
2022-04-29,198.81370544433597,206.5832332840602,198.50755653770597,198.739240366096,1322770,-0.0015789964506678356,-0.0,0.021353401247445787,-0.1304064394668092,4,4
2022-05-02,201.0725860595703,201.25461180973096,197.2415950554023,198.34208223845403,1439053,0.011361795255442342,1.0,0.020788498287581024,-0.10676576794037951,0,5
2022-05-03,202.97564697265625,207.5513032650944,199.4921892207693,199.8314337088556,991728,0.009464546860316947,1.0,0.020800891144157972,-0.0783204559250894,1,5
2022-05-04,209.9177398681641,210.98511671195936,200.8988096805032,201.31251924307625,966586,0.034201604966151544,3.0,0.02099594763737957,-0.06786496408162968,2,5
2022-05-05,208.46974182128903,210.4555652880757,204.38226032911712,208.29598998339097,893486,-0.0068979308170165066,-1.0,0.022519290016754477,-0.03657004099481731,3,5
2022-05-06,208.0891265869141,209.1565033871557,205.38344470180195,207.2037755204985,654983,-0.0018257576905391648,-0.0,0.0225176013705366,-0.04654687211582187,4,5
2022-05-09,199.6246032714844,206.24401613680703,199.1695241480272,206.05370177109077,791869,-0.040677393645045856,-4.0,0.02249513733510568,-0.05055107020161975,0,5
2022-05-10,199.11155700683597,201.8337865595304,196.93543402243648,200.9153399477929,762071,-0.0025700552749537975,-0.0,0.02298007883583506,-0.1126556367971574,1,5
2022-05-11,197.4153594970703,201.0974056066323,196.60448813555908,198.09384849624115,805721,-0.008518830023047874,-1.0,0.022368758794814165,-0.13047880530530886,2,5
2022-05-12,202.42127990722656,202.70260713244545,195.54537681759467,195.54537681759467,1054933,0.02535729956832733,3.0,0.02227524357991897,-0.12418336093569815,3,5
2022-05-13,202.4047088623047,205.20969219829635,201.10566295050447,202.7522272309308,576878,-8.186414456756719e-05,-0.0,0.023213557301632232,-0.08940664144677046,4,5
2022-05-16,200.55130004882807,202.36335712355248,197.1340333416492,201.20496735857708,729828,-0.009156945131832295,-1.0,0.023202606088673902,-0.09039526211010163,0,5
2022-05-17,204.9945831298828,206.42602627739225,201.97447807576975,201.9910258718756,1038754,0.022155344193595106,2.0,0.02320063788105013,-0.09909309062259886,1,5
2022-05-18,201.19387817382807,205.8741629248234,200.38064358286837,203.50082850389225,589566,-0.01854051408590951,-2.0,0.023916142408940026,-0.07251401840898675,2,5
2022-05-19,204.4966583251953,206.47997170847023,199.2852854905753,199.542523873179,697120,0.016415907786785144,2.0,0.02375008380226036,-0.10320630576164369,3,5
2022-05-20,206.25592041015625,207.45917647353477,201.5092507806817,205.69162606631505,948660,0.008602889159016636,1.0,0.023290501333535066,-0.11056161759352634,4,5
2022-05-23,207.04425048828125,208.2143291796817,205.3928723439769,207.8989899729789,700844,0.0038220967260349514,0.0,0.0234866997007049,-0.09781240739306984,0,5
2022-05-24,206.7537841796875,209.2183967562329,205.47584619783527,207.27658837961,1704096,-0.0014029189794391161,-0.0,0.022914244510893553,-0.06812455359595626,1,5
2022-05-25,205.30157470703125,207.80767735905872,203.58381262741617,207.0940188903428,785467,-0.007023859216981232,-1.0,0.022709959089266835,-0.05385786489758715,2,5
2022-05-26,207.58367919921875,209.07738057530517,205.8991087749369,205.8991087749369,663713,0.011115864529748887,1.0,0.019591589374259512,-0.007952369836293882,3,5
2022-05-27,213.989990234375,214.6538607239,207.4591742424449,208.6956370823885,756367,0.030861342567341632,3.0,0.019573811757721504,-0.008539665835360588,4,5
2022-05-31,204.7372894287109,211.84899513225503,204.23939397663636,209.39268044158592,3070516,-0.04323894213710633,-4.0,0.017254048594361665,0.07463467029004689,1,5
2022-06-01,203.957275390625,206.18954407292503,201.2105151604421,203.41788980359888,914089,-0.0038098288800365587,-0.0,0.020045466186785942,0.029794646053882934,2,6
2022-06-02,206.4550323486328,206.75377548761213,202.27265788075923,204.80366918151145,640084,0.012246471488815747,1.0,0.019948900047537733,0.01434650733641063,3,6
2022-06-03,202.1897125244141,205.04434674925412,200.09852493101897,204.61283535829668,784652,-0.02065980071154694,-2.0,0.02001794988907633,0.01714188587582277,4,6
2022-06-06,200.80389404296875,204.18133267973303,200.50515083989052,202.79550557087572,807700,-0.006854050407129386,-1.0,0.01902369802807145,-0.03681455101700071,0,6
2022-06-07,203.71661376953125,204.02364022329704,198.86205551131755,198.86205551131755,884989,0.014505295031475907,1.0,0.019023090662062966,-0.03677199247885021,1,6
2022-06-08,196.97003173828125,202.8120828363947,196.46383825969536,202.48014761244772,1168656,-0.03311748564053074,-3.0,0.019344862942686267,-0.021012692441459868,2,6
2022-06-09,190.68817138671875,198.3309648158385,190.24834726592235,196.0323122830426,2001847,-0.03189246758059805,-3.0,0.018623152329952222,-0.013297817451854876,3,6
2022-06-10,186.35641479492188,189.43510990206093,184.68014267367624,188.2816420154805,1059356,-0.022716440984753117,-2.0,0.01984740686150228,-0.042304855362202964,4,6
2022-06-13,179.634765625,183.80884301330292,178.77172805990637,181.9085096108571,1043642,-0.03606878345088793,-4.0,0.020321459154586746,-0.056018664050871636,0,6
2022-06-14,177.46885681152344,179.54344820266343,176.25730286751326,179.19491696686327,1072277,-0.01205729194981131,-1.0,0.02052444252793078,-0.11256975695771732,1,6
2022-06-15,181.7010498046875,183.26943312885604,178.20743913964685,178.56426841742942,1030606,0.02384752496410547,2.0,0.02053365755231689,-0.12319798383616176,2,6
2022-06-16,181.02056884765625,181.6346512038168,176.4564559747182,177.53525647339362,1180529,-0.003745057927638351,-0.0,0.021522335030018623,-0.09399216180374359,3,6
2022-06-17,187.7256622314453,188.97042309848845,181.81722659720432,182.17405588404824,2544504,0.037040505542947244,4.0,0.02064465940243085,-0.11694950137797955,4,6
2022-06-21,190.4807281494141,191.9578334335449,189.01192087836444,190.09070679567853,1465243,0.014676021835374309,1.0,0.02240408145370881,-0.06694147985331067,1,6
2022-06-22,193.56773376464844,194.70460584458957,189.7421873669894,190.14050675870263,1130942,0.016206393398564112,2.0,0.02233158117078814,-0.06853867584228568,2,6
2022-06-23,198.84548950195312,200.28111953492197,193.99094524988027,194.555239646848,1002088,0.027265679225865647,3.0,0.02259156187088439,-0.061516714867027034,3,6
2022-06-24,201.28518676757807,201.29349951911377,198.07372323548847,200.2645017381562,910946,0.012269311573199992,1.0,0.02349500071052847,-0.03959907588350142,4,6
2022-06-27,200.24789428710935,201.4345690662965,198.2562975320802,200.28110107703785,713648,-0.005153347333335945,-1.0,0.02369104226496503,-0.026449805665258008,0,6
2022-06-28,195.80828857421875,202.3058981241149,195.6174195342317,202.18142792776817,708061,-0.02217054880250191,-2.0,0.023670797542650307,-0.02461588727282582,1,6
2022-06-29,199.1608123779297,200.0736380064536,195.36016037174056,196.02403087631765,866365,0.01712146011858029,2.0,0.023937653822355808,-0.05672599440584691,2,6
2022-06-30,194.4805450439453,197.3849674997052,193.7253963845615,197.08622429336089,1009304,-0.02349994096781971,-2.0,0.023155099316186523,-0.06929846503662851,3,6
2022-07-01,199.9408721923828,200.3806816167757,195.0448234778401,195.27718257889757,507504,0.028076469793951286,3.0,0.02180814949151185,-0.0500970996215957,4,7
2022-07-05,199.1524810791016,199.4927142873583,195.3518297081466,197.22726872874185,636010,-0.003943121306996367,-0.0,0.022780120039921838,-0.019692375231772696,1,7
2022-07-06,202.38058471679688,203.21041546153305,198.75419105233783,198.75419105233783,767891,0.01620920623335409,2.0,0.022593288506721404,-0.03537114686165499,2,7
2022-07-07,202.8038024902344,203.9323764543943,201.11923218738215,201.53414756872849,736812,0.0020911975031090435,0.0,0.022459640196120227,0.0009440252424304241,3,7
2022-07-08,202.43040466308597,204.7124469398516,201.24372970891503,202.04868128129576,426839,-0.0018411776434340554,-0.0,0.022402212501162713,0.009959510281397854,4,7
2022-07-11,201.34329223632807,202.93656965072017,200.78729590049917,201.5424445436664,453262,-0.0053703020974898985,-1.0,0.022181873820377573,-0.006313717289157417,0,7
2022-07-12,199.0861358642578,203.04446496459627,198.2563050796477,201.25200570844945,513440,-0.011210487059190921,-1.0,0.020904335963308394,0.022202669408398545,1,7
2022-07-13,199.4014434814453,200.04041986417928,196.1816822714396,196.92023479519608,637872,0.0015837748611611246,0.0,0.01971815071262591,0.04404030106570089,2,7
2022-07-14,199.4678649902344,199.85788635464976,195.34357550890988,196.953463785344,683501,0.0003331044531544869,0.0,0.018875415788722958,0.07000042741152224,3,7
2022-07-15,202.9033660888672,203.48425643015972,199.3931594819481,202.76229987917188,674072,0.01722333118069419,2.0,0.016604816951778376,0.11040791183282073,4,7
2022-07-18,199.8910675048828,203.96556868411463,199.18570693430095,203.24361208782133,770684,-0.01484597639777474,-1.0,0.01631628005347374,0.1433181558404688,0,7
2022-07-19,204.09007263183597,204.34731105433215,200.62965355935037,202.12335496824625,587820,0.021006467069123014,2.0,0.016446456685162605,0.10010959055959212,1,7
2022-07-20,203.54237365722656,205.56717741027728,203.0444781020299,204.23113826425103,651607,-0.0026836139923248625,-0.0,0.016697352194571243,0.1274413395728229,2,7
2022-07-21,206.70399475097656,206.8201816495944,203.3016626848913,204.42195318052063,841456,0.01553298724458374,2.0,0.01516853328304279,0.08425439142295299,3,7
2022-07-22,204.4219665527344,208.75370565760812,203.17720580457345,207.52555567226693,603534,-0.011040077870732024,-1.0,0.015199899619327455,0.08517012066877894,4,7
2022-07-25,204.87838745117188,205.78291503890975,203.74981352383475,204.62113432234057,473166,0.0022327390061562813,0.0,0.015269441934615866,0.05607459764592382,0,7
2022-07-26,204.9033050537109,205.15226019859549,202.7374350883071,204.8535169725186,619481,0.00012162143039606832,0.0,0.01419617729127481,0.030339626834530176,1,7
2022-07-27,207.01939392089844,208.1645640437185,202.87021014783977,204.34731556206157,847741,0.010327255905573818,1.0,0.013982151963722987,0.01797508472548781,2,7
2022-07-28,209.4342041015625,210.9694102413562,200.2645162845752,206.13146219081565,1130244,0.011664656798226147,1.0,0.014052653699270407,0.03381558471761159,3,7
2022-07-29,217.5748748779297,218.3549174765685,209.002660088066,210.15612796217744,1245713,0.03886982458901245,4.0,0.013088073798655469,0.06958804260310458,4,7
2022-08-01,214.04808044433597,217.8570451892597,213.0688854554076,216.4795161078096,885571,-0.016209566640322914,-2.0,0.01496336464137325,0.09245826164364734,0,8
2022-08-02,209.5254669189453,213.7327509182689,209.21842571344845,213.48379580104316,754039,-0.02112896091383909,-2.0,0.014357832009208687,0.10061435911735606,1,8
2022-08-03,209.76612854003903,213.1103750831481,209.6582543737844,210.8947024960829,749034,0.0011486031967027355,0.0,0.014362537389043093,0.04793714572446306,2,8
2022-08-04,209.4425048828125,212.83653972272705,209.060781530854,210.52958884539987,469092,-0.0015427831913519263,-0.0,0.014294163404827533,0.053294075993568946,3,8
2022-08-05,211.33450317382807,211.9153787434354,207.5504476343744,208.09813115651383,685014,0.00903349724581548,1.0,0.013968568759194918,0.034894257153658126,4,8
2022-08-08,212.28050231933597,214.0065624522994,211.82409693565623,212.3219923779505,456288,0.004476311871941752,0.0,0.014059477939069795,0.04206381033710871,0,8
2022-08-09,209.8242034912109,213.8655123718941,209.5171622954022,211.60834984070456,549175,-0.011571005350411445,-1.0,0.01403946296624411,0.04865918078187881,1,8
2022-08-10,215.01898193359372,215.1600628835045,211.60835144339316,211.64154349303783,487250,0.024757765576841173,2.0,0.014273388972533415,0.04212164786164485,2,8
2022-08-11,214.71194458007807,217.9815089178334,213.5169865547098,215.67455825377323,498308,-0.0014279546426765322,-0.0,0.014751031382479319,0.08002991268161108,3,8
2022-08-12,215.27621459960935,215.7077259429048,213.2265172953068,214.8612992795592,505758,0.0026280327376981827,0.0,0.014788002175660111,0.07678229821870586,4,8
2022-08-15,215.88201904296875,217.9981006374403,214.3966011295041,215.11027441231127,354205,0.002814079783435952,0.0,0.01477087209584162,0.0792526134981637,0,8
2022-08-16,215.05218505859372,216.3384360042519,214.04808128836717,214.6455676905843,312418,-0.0038439235840659336,-0.0,0.014444356820672853,0.06396470006523791,1,8
2022-08-17,210.78326416015625,214.319907665315,209.11897872241693,213.71243549934815,497610,-0.019850627870971693,-2.0,0.01395379103538406,0.07584689872818129,2,8
2022-08-18,208.3866729736328,211.14108574529547,207.096853248704,210.70005099496456,550921,-0.011369931080972728,-1.0,0.014247689331132728,0.03279528221048911,3,8
2022-08-19,207.4630126953125,209.8013394989196,206.48107476604648,208.9775178597824,516350,-0.004432434498520821,-0.0,0.01450309665223637,0.023799954915354693,4,8
2022-08-22,202.619873046875,208.1203769345742,202.5116835674913,206.3728655828076,481430,-0.023344593262753288,-2.0,0.01416846443185764,0.0036720042360591787,0,8
2022-08-23,198.7587127685547,202.17050950429424,198.3509477888835,202.0789770631364,829466,-0.019056177561749155,-2.0,0.014895325061749228,-0.008815557037479715,1,8
2022-08-24,193.7241973876953,198.95841024103345,192.5425525011483,198.95841024103345,1164815,-0.025329784595263694,-3.0,0.01542807092789655,-0.029869791336949447,2,8
2022-08-25,197.2691802978516,197.31078595795995,192.3595054852592,194.8809119477288,949940,0.01829912296945424,2.0,0.01628423812919115,-0.05455796656420564,3,8
2022-08-26,190.69517517089844,196.90300472187707,190.35399403171613,196.00429304499616,542890,-0.033325049138579255,-3.0,0.016687182214583332,-0.0470980686320257,4,8
2022-08-29,191.11956787109372,192.7256200005928,188.7645991965214,189.68827426676583,473632,0.0022255030826812128,0.0,0.01768156724215922,-0.08947453932394345,0,8
2022-08-30,189.7382354736328,191.87686991737849,189.5385283000444,191.8519065206799,586772,-0.007227582255693421,-1.0,0.014777336199801481,-0.12159173719703942,1,8
2022-08-31,187.4581451416016,190.84499355389983,185.6024588667972,190.3789806172783,866714,-0.012017031392431599,-1.0,0.014597467907732758,-0.11357188964385512,2,8
2022-09-01,188.97265625,189.02258304194444,185.99357275742804,187.1169699161356,466764,0.00807919606403007,1.0,0.014244654101958345,-0.10532047536675071,3,9
2022-09-02,187.8492584228516,190.5787079459888,187.03375793068912,189.57180663873456,447442,-0.005944763911569395,-1.0,0.0144772016029554,-0.0991269297610653,4,9
2022-09-06,188.14878845214844,191.12788599365007,187.0004281792707,187.23341981783648,679427,0.0015945233524563562,0.0,0.014458651206124669,-0.10309868320206916,1,9
2022-09-07,193.00857543945312,193.50785812029469,188.34021364665324,188.6897159572379,738209,0.025829488604656392,3.0,0.014184417839306922,-0.10971097654891115,2,9
2022-09-08,198.2760467529297,198.33429466684072,192.4510041021132,192.51758792656616,925031,0.02729138485936855,3.0,0.015621987150438383,-0.09078519538686536,3,9
2022-09-09,198.31765747070312,200.03188430949572,197.93487067524265,198.28437294761815,522054,0.00020986255503308016,0.0,0.016974025205255056,-0.05503729572725369,4,9
2022-09-12,200.77249145507807,201.13031485278367,198.32597558565217,198.5839454156213,482594,0.012378292561959992,1.0,0.01580399101300702,-0.07767372123475413,0,9
2022-09-13,190.08770751953125,197.3357229191813,189.7715045450656,197.3274017882744,733087,-0.05321836601274377,-5.0,0.016186801466950913,-0.06492164724352911,1,9
2022-09-14,185.53585815429688,190.37064216701103,183.8632517096094,190.07938780311508,1035145,-0.02394604798296429,-2.0,0.019460908619175203,-0.1170055276516545,2,9
2022-09-15,186.50119018554688,189.69663812282508,186.04351311270372,187.0587356295455,744029,0.005202940503539866,1.0,0.01974777782568928,-0.14056826512555376,3,9
2022-09-16,186.3929748535156,187.46644506466887,184.15448721259585,185.8520717925549,1300421,-0.0005802393642829751,-0.0,0.019918015951530234,-0.13276310057146257,4,9
2022-09-19,186.0268402099609,186.12669378468425,183.46381355218668,184.2044237913536,599227,-0.001964315682189355,-0.0,0.019718434541554367,-0.1157126463707695,0,9
2022-09-20,183.24742126464844,184.1627750454097,181.67465393082483,184.1627750454097,589682,-0.01494095659623873,-1.0,0.019688849139747108,-0.10729972528762,1,9
2022-09-21,177.58053588867188,185.0865219803122,177.44739777901407,184.07129955421485,644740,-0.030924775567741092,-3.0,0.019801487354693868,-0.11672245146766447,2,9
2022-09-22,177.27264404296875,178.06319593048164,175.08409762613746,176.6235809607797,555461,-0.0017338152752064406,-0.0,0.020204131310001774,-0.12357789382490836,3,9
2022-09-23,176.132568359375,177.73029928975492,173.60284126792445,176.59024530954332,503546,-0.006431199183317915,-1.0,0.01999979720279208,-0.10810126724157987,4,9
2022-09-26,175.10906982421875,176.5237214687895,173.59456458967455,175.5001778316015,561863,-0.005810955604008128,-1.0,0.019468762368347454,-0.09080759794355808,0,9
2022-09-27,171.95518493652344,177.27260898349536,171.5058291131128,176.21578107844806,548593,-0.018010973908212158,-2.0,0.01876512515099103,-0.11233437701811233,1,9
2022-09-28,176.43214416503906,177.13946980753337,172.47112352306746,173.70269515965404,712252,0.026035616373930592,3.0,0.017907209388760732,-0.09827196843119113,2,9
2022-09-29,173.08694458007812,175.600044814452,172.62094638389635,174.93432465991427,861826,-0.01896026146931451,-2.0,0.019086505310358843,-0.0768493978385355,3,9
2022-09-30,170.432373046875,175.7830820582404,170.24929338220142,173.8774691313257,838196,-0.015336636391862557,-2.0,0.019366885444848603,-0.0877592797887522,4,9
2022-10-03,176.24908447265625,177.2393434402682,171.22291423265756,172.17988867497004,878471,0.0341291464866329,3.0,0.019447397910567373,-0.09082439219627247,0,10
2022-10-04,179.75245666503906,180.52635149558776,177.83850763853587,177.83850763853587,705850,0.019877392287540374,2.0,0.021044541374853003,-0.06733022665729582,1,10
2022-10-05,178.93695068359375,180.3266389099391,175.7831084941023,177.73034214945514,560466,-0.0045368280165704045,-0.0,0.021616717516914966,-0.04310265489356635,2,10
2022-10-06,174.9759063720703,178.05485797037605,174.3018651773606,178.05485797037605,704453,-0.02213653634082302,-2.0,0.021608962390675605,-0.048960388447558456,3,10
2022-10-07,171.0980987548828,173.87747488150038,169.63350572901248,173.13684984717543,1167841,-0.022161951880058872,-2.0,0.021029343150180676,-0.09342936719948836,4,10
2022-10-10,171.1813201904297,172.4877970170133,169.96637581462986,171.63067609244476,556974,0.000486396027498337,0.0,0.020043210502816617,-0.1370712622282263,0,10
2022-10-11,170.0079345703125,171.69719777774213,167.9109212328098,170.59044320183486,954713,-0.006854635884405269,-1.0,0.020048138434759787,-0.13683268361659728,1,10
2022-10-12,170.44900512695312,171.73882471380304,168.5600197951416,170.37411495132667,649279,0.002594411594702306,0.0,0.01956212429093938,-0.1532309364784119,2,10
2022-10-13,174.160400390625,175.25052776770227,166.69603484565857,167.62804593980715,631470,0.02177422661345285,2.0,0.01664312598393725,-0.10331389992990614,3,10
2022-10-14,173.63612365722656,177.57218085230014,173.63612365722656,175.88291750862643,735066,-0.0030103096468688806,-0.0,0.017033220295136903,-0.06131137062578884,4,10
2022-10-17,176.77334594726562,177.53891959189858,175.44190581052067,175.86629828961233,632983,0.01806779732212993,2.0,0.01693256628088244,-0.06898114974773661,0,10
2022-10-18,177.23931884765625,181.00063226442657,176.25739592759925,180.55959758541968,596434,0.00263599072526266,0.0,0.017557671285492932,-0.05160939629731187,1,10
2022-10-19,173.76927185058594,176.23243001214965,171.93854918590688,176.23243001214965,893952,-0.019578313771635214,-2.0,0.017591700761271787,-0.04723792197075727,2,10
2022-10-20,175.71649169921875,179.19487188631737,173.32822389688306,174.3684095009674,1099398,0.011205777798891425,1.0,0.017788238461366773,-0.051723234895480585,3,10
2022-10-21,176.1741943359375,177.63878734941133,171.97184565599068,175.21723467336406,2262467,0.002604779052282735,0.0,0.01675305698703146,-0.010496894719485006,4,10
2022-10-24,178.67063903808594,180.4264864461122,177.5971687458701,178.1879986361541,822017,0.014170319958370925,1.0,0.01676213800460473,-0.006196385871951038,0,10
2022-10-25,189.90463256835935,190.8200012595352,179.15327382720466,179.3946013906929,1742275,0.06287543152447528,6.0,0.016978393491325953,0.01441000209303911,1,10
2022-10-26,191.35256958007807,193.66594732381893,189.53848922735227,190.6202805345738,1307870,0.00762454813311364,1.0,0.02161920255188267,0.08449341178611114,2,10
2022-10-27,179.99374389648438,183.8549111482192,172.0550452133118,177.97162044228236,1820845,-0.05936071675713872,-6.0,0.021024498638067022,0.11280488373011321,3,10
2022-10-28,186.6426239013672,187.2584023605409,177.77191418913503,179.05342745224905,1333711,0.03693950612364971,4.0,0.024744745079830505,0.02018679616631358,4,10
2022-10-31,184.62049865722656,188.91437946836524,184.62049865722656,185.4859258120366,1074256,-0.01083420925977352,-1.0,0.025459065483292163,0.07831716802313515,0,10
2022-11-01,185.20301818847656,186.8673184623817,184.15451123291413,185.79384811120968,752410,0.003155226724479432,0.0,0.02530742642183612,0.0832478323026653,1,11
2022-11-02,186.8839569091797,191.7769892685351,183.74675723843689,184.83686983108413,1250252,0.009076195070387483,1.0,0.024355687912850938,0.050802724692788015,2,11
2022-11-03,186.05178833007807,187.30000225160333,182.92291022574648,183.94645362258808,1205788,-0.004452862583094963,-0.0,0.0240861300266798,0.03967400711206892,3,11
2022-11-04,189.72154235839844,189.7548416583909,183.78000427687988,187.94906776794417,1303098,0.01972436847427539,2.0,0.024084974864723118,0.039761701645766756,4,11
2022-11-07,194.53140258789065,195.1388747634765,189.430341923272,191.37756064585577,1017220,0.025352209188801655,3.0,0.023705072963811982,0.08427237950676969,0,11
2022-11-08,196.04592895507807,196.91135624267508,193.29983715638053,193.61605495222943,1018616,0.007785510961414888,1.0,0.023334992912960473,0.13695829470658616,1,11
2022-11-09,191.8435516357422,196.50357700607955,191.7103987634572,195.08060452467348,1128964,-0.021435677556450594,-2.0,0.02329698642144782,0.14525304943896855,2,11
2022-11-10,202.2703857421875,202.6115669070612,196.7449180534984,197.4855283026171,1113948,0.05435071451472595,5.0,0.023931004924613496,0.12843881152146364,3,11
2022-11-11,207.18006896972656,208.4699035020697,201.41327344678564,202.5533276086563,1103938,0.024272872222614428,2.0,0.02612277679267334,0.1866915010242114,4,11
2022-11-14,203.98458862304688,207.3298160462757,203.98458862304688,206.4643889292159,919211,-0.015423686084140686,-2.0,0.02619182112822151,0.18959343516115967,0,11
2022-11-15,204.52549743652344,207.44634750518583,202.9693867834629,205.08304278643465,682686,0.0026517141178550308,0.0,0.026604419977554864,0.1747819769677128,1,11
2022-11-16,203.4738922119141,205.7773756628812,202.23035653379293,205.50195674644908,597132,-0.005141682762246913,-1.0,0.02652634498857115,0.15699285059375834,2,11
2022-11-17,194.4352569580078,202.3305157069965,190.454252678894,200.94509028592228,2088100,-0.04442159706903681,-4.0,0.026648762524056152,0.14801779613476973,3,11
2022-11-18,192.1067352294922,197.78196569977996,189.6947593149384,196.32977576870348,1101260,-0.011975820460476072,-1.0,0.02837966925171926,0.11892773035955018,4,11
2022-11-21,196.86392211914065,197.3897232424088,190.4709417904604,190.84650766847687,1063314,0.024763248846874086,2.0,0.02860672376570257,0.09327663767797789,0,11
2022-11-22,197.59005737304688,198.616593367812,196.129506744692,198.0490791000096,746124,0.0036885135990878393,0.0,0.02893450367657348,0.11743903731866068,1,11
2022-11-23,198.8753204345703,199.5429964840783,197.3730567348825,197.9155342604763,549990,0.00650469501659634,1.0,0.02887141632856341,0.10588991250503121,2,11
2022-11-25,201.44586181640625,201.45420739578296,199.1590693033232,199.45117940491724,245720,0.012925391527812247,1.0,0.025685771770409455,0.04723785694370464,4,11
2022-11-28,198.93370056152344,201.28725743425431,198.47467892610064,200.67800056421905,565006,-0.01247065207610143,-1.0,0.025764407602853655,0.0527470953668292,0,11
2022-11-29,200.1188507080078,201.55434962076865,197.8153670902004,198.8753001164091,731458,0.005957513197306863,1.0,0.021844407781648013,0.10522563870848511,1,11
2022-11-30,200.88665771484372,200.91169445040197,188.8518146706098,199.72657783042504,1941901,0.003836755028921335,0.0,0.020589729611595046,0.07220337201089855,2,11
2022-12-01,201.7796936035156,204.4503826857158,200.8866721674698,203.03992052083305,662665,0.004445471385857491,0.0,0.020325307518979485,0.08810592093469283,3,12
2022-12-02,201.61276245117188,201.8965269579735,198.2159635952924,199.3927495171156,871952,-0.0008272941115260446,-0.0,0.020323862436298246,0.08950542802801054,4,12
2022-12-05,197.28956604003903,200.319129643678,195.2030824602145,199.79334337114696,787912,-0.021443069171674378,-2.0,0.020322061715100564,0.0788125732437801,0,12
2022-12-06,195.4200592041016,198.28271111502636,194.585471736976,197.1476680091816,695257,-0.009475953916174285,-1.0,0.02099473949945621,0.06040134207161607,1,12
2022-12-07,195.0278167724609,197.06422694656987,194.43525102896487,195.47014727367227,845879,-0.002007175891964197,-0.0,0.020798144365605512,0.03003621399481471,2,12
2022-12-08,196.697021484375,197.0308594860112,193.0081123074652,195.58701494654255,608423,0.008558803249392621,1.0,0.020081443613805115,0.00255184601543168,3,12
2022-12-09,194.9276885986328,197.11431940219703,194.493703634454,196.46333454422395,509832,-0.008995219512679453,-1.0,0.02009653564789484,0.0033211224164013675,4,12
2022-12-12,189.9117584228516,193.0581751144306,188.3010023832913,193.0581751144306,1171566,-0.02573226108533666,-3.0,0.01959946754760689,0.016076312894511835,0,12
2022-12-13,192.89962768554688,195.1029496926608,190.68796009863505,194.33512670443108,698633,0.01573293453500968,2.0,0.016180774150604073,-0.061099538985841084,1,12
2022-12-14,192.47396850585935,195.30323835378536,190.0703380072816,191.9565129647628,837614,-0.0022066355689468464,-0.0,0.015559848565641401,-0.06892767897604268,2,12
2022-12-15,191.3639678955078,194.10976721469217,189.10221216966292,190.0119247722,1071113,-0.005767016802159075,-1.0,0.01530931677379311,-0.05642887139115482,3,12
2022-12-16,189.4444274902344,190.30406676167053,187.85869306028053,188.9603689923597,1333944,-0.010030835095986013,-1.0,0.015273752642951652,-0.06435153419001183,4,12
2022-12-19,191.13026428222656,191.6977932770073,186.0142022207774,188.6181413457619,844016,0.008898846032718843,1.0,0.01534432884042605,-0.06894970440270676,0,12
2022-12-20,189.26914978027344,193.0248088746473,188.5931281786042,190.98839848995007,896513,-0.009737413951382279,-1.0,0.012307687210605588,-0.016997908339715484,1,12
2022-12-21,193.56727600097656,194.2099152002233,190.53769755741664,191.2554469640904,727034,0.02270906920484883,2.0,0.012214891518140314,-0.01477087956249401,2,12
2022-12-22,193.38365173339844,193.6173427495758,190.25392645527668,192.24026303426592,482944,-0.0009486328028772695,-0.0,0.012007780839894986,-0.016745811435012414,3,12
2022-12-23,193.33355712890625,193.9177771937809,191.36392674526448,192.9997192094644,436267,-0.00025904260284237424,-0.0,0.011964927885206462,-0.02128854910804956,4,12
2022-12-27,194.42691040039065,194.79413070151335,192.27366206788776,193.1416467581652,395993,0.00565526899582891,1.0,0.011844486946222336,-0.027865515407113017,1,12
2022-12-28,193.0164337158203,196.50503372551356,192.35710337457027,195.1362995725501,407400,-0.007254534270311086,-1.0,0.011510116232967249,-0.03484286722361429,2,12
2022-12-29,196.53842163085935,197.314604915348,194.0513354298971,194.2432985622092,436384,0.01824708832940347,2.0,0.011319041959345076,-0.029744919181620033,3,12
2022-12-30,196.5301055908203,196.7471054916917,194.85258473680616,195.88748111492876,775690,-4.231254107989191e-05,-0.0,0.01201353568079699,-0.017891513290632766,4,12
2023-01-03,198.4496612548828,198.8001904047754,195.6788103725499,197.38138264680097,773944,0.009767234685453596,1.0,0.011968568055950549,-0.021686617586158863,1,1
2023-01-04,200.0520782470703,201.3957609128571,198.4496529899799,200.63628359028812,706897,0.008074677386974205,1.0,0.012144135182664068,-0.016503307588404237,2,1
2023-01-05,200.2774353027344,200.6696923840588,196.73876116744887,198.19929695332343,771499,0.001126491949690056,0.0,0.012294702100411973,-0.00774099905743586,3,1
2023-01-06,202.8229217529297,203.30698013256512,199.5679978821489,201.96328269147452,560582,0.012709801512824415,1.0,0.011300108138037265,0.015144588346293952,4,1
2023-01-09,203.1818389892578,205.0179407729175,202.04678077444007,204.03311782696025,689554,0.0017696088451251146,0.0,0.011330681247562441,0.037881794627318,0,1
2023-01-10,204.7174530029297,205.10136446015235,203.26526296399857,203.3570643329541,435103,0.00755783106064456,1.0,0.011296597647618105,0.04180953441277668,1,1
2023-01-11,212.17041015625,212.3456673391156,206.68712683202935,206.68712683202935,1118837,0.036406066234194734,4.0,0.011269677338516347,0.04077556161261864,2,1
2023-01-12,210.59298706054688,212.56263259210365,208.96552508220935,212.43743408705728,817244,-0.007434698809044349,-1.0,0.013243817664253607,0.08845701542750528,3,1
2023-01-13,210.07553100585935,211.82819148487343,208.10590030262148,209.7917813281869,700030,-0.0024571381122903135,-0.0,0.01169211817260547,0.10889914773811471,4,1
2023-01-17,212.62106323242188,213.04670259659937,209.24930098910704,210.30923402163987,771383,0.012117223811713318,1.0,0.01152979628353865,0.08904062452785855,1,1
2023-01-18,209.77511596679688,213.37220908665043,209.47466027125895,213.02167991242456,657194,-0.013385067416928575,-1.0,0.011559678654073273,0.10467438731045453,2,1
2023-01-19,210.8099822998047,211.0603496575796,208.42304305849615,209.4746304313741,436849,0.004933217785333621,0.0,0.012018772499665323,0.09621010827567211,3,1
2023-01-20,213.31378173828125,213.73107553454076,209.87525476790265,211.3107537281445,588286,0.011877044014527494,1.0,0.011551704265002058,0.1127800648064543,4,1
2023-01-23,215.18325805664065,215.25836826910188,212.03684130175088,213.49737694879943,515536,0.008763973443840056,1.0,0.011617934906636132,0.1160649127931832,0,1
2023-01-24,211.9784240722656,216.07628135716428,211.7864609264701,213.2970848849047,511578,-0.014893509900902546,-1.0,0.011110515858679934,0.136916704631745,1,1
2023-01-25,211.73638916015625,212.5459548226349,209.5747951805973,210.75156633234477,458034,-0.0011417903174278932,-0.0,0.011342335159866405,0.09511498250973038,2,1
2023-01-26,212.1620330810547,212.9548927231406,210.68479149914293,212.253834448928,404606,0.0020102539888713356,0.0,0.011346964023793042,0.09490325196702343,3,1
2023-01-27,212.23715209960935,212.97159271989375,209.15749994791588,211.0603661325784,556276,0.0003540643793036313,0.0,0.01131125011146965,0.09738855598459017,4,1
2023-01-30,209.5831298828125,212.5542893706509,209.23260074692985,211.2940476678837,431960,-0.012504984120552232,-1.0,0.011343183858026046,0.09160378911819045,0,1
2023-01-31,210.4177398681641,211.0436879969025,208.68178516126025,209.53307876689925,694559,0.003982238388262838,0.0,0.011662646819543944,0.08583049561149525,1,1
2023-02-01,208.7652282714844,210.3008740383992,204.80090052749424,208.8069561647801,869508,-0.007853480403862578,-1.0,0.011197054774042172,0.07061885468569118,2,2
2023-02-02,212.81301879882807,213.66431237956985,206.43672922812237,208.4647939906845,986723,0.019389198866392565,2.0,0.011441198024409929,0.06225571722908385,3,2
2023-02-03,208.0975646972656,211.9784220618601,207.03763167434803,211.90331184946467,559418,-0.02215773324478798,-2.0,0.011911214854890377,0.07237783855673796,4,2
2023-02-06,204.05813598632807,208.16433900230135,203.02323965279203,206.1279286534004,1234655,-0.019411225291434686,-2.0,0.01308694980748944,0.04021696010705211,0,2
2023-02-07,206.3449249267578,207.0042553458972,202.48075860869176,202.8145966079597,561630,0.011206556059999206,1.0,0.013894838743013104,0.018877317246842384,1,2
2023-02-08,205.2766265869141,207.1794926236768,204.8927151481234,205.67722918289527,614825,-0.005177245528199537,-1.0,0.013835145027455373,0.017364916861411173,2,2
2023-02-09,203.14007568359372,207.19620518072264,202.81459808476157,206.8540215995666,516700,-0.010408154785297774,-1.0,0.01389649961104838,0.010309915532199954,3,2
2023-02-10,205.2182159423828,206.29485499667192,202.05510788606335,202.6977471574571,702358,0.010230085086834206,1.0,0.013998097177148807,-0.007705143338772369,4,2
2023-02-13,207.08770751953125,207.36312645820905,205.15978977219592,205.31002502211516,589566,0.009109774044977259,1.0,0.011513334801228637,-0.03276703009032855,0,2
2023-02-14,203.53233337402344,207.03762473575676,202.656003121886,206.6704044418327,857170,-0.017168446104762092,-2.0,0.011653704575685112,-0.016644806600363382,1,2
2023-02-15,207.17950439453125,207.9389817366668,201.97164070407624,202.45571393692055,998130,0.017919369173670985,2.0,0.012192187665520491,-0.031146881316955533,2,2
2023-02-16,213.7310485839844,215.3000914410981,198.67498773545336,200.30243481799224,1536713,0.03162254977199419,3.0,0.012574399952207053,-0.025592755276283796,3,2
2023-02-17,213.8729553222656,215.5421453692438,212.1453462177399,214.323646270166,949940,0.0006639500401151022,0.0,0.014126121953838689,0.01885796892045888,4,2
2023-02-21,206.41168212890625,212.85473601232675,206.0694985625641,211.56112678223028,698982,-0.03488647352404439,-3.0,0.014097148335094642,0.014529544517037474,1,2
2023-02-22,202.8877868652344,205.90947114896943,197.89909095267893,205.90947114896943,1622849,-0.01707216969178682,-2.0,0.01584227707992794,-0.032356557336006175,2,2
2023-02-23,205.0724334716797,206.2359154323896,202.3855767389635,203.55741377898389,741119,0.010767758080462597,1.0,0.01601208809643675,-0.05713953447144959,3,2
2023-02-24,202.8124542236328,204.51162755623676,200.71987857133263,203.582518971408,652306,-0.011020395134478056,-1.0,0.01601222601645235,-0.03257874300561636,4,2
2023-02-27,201.43133544921875,204.89664136694697,200.2008940600644,204.89664136694697,678845,-0.0068098321658844885,-1.0,0.01614714634970939,-0.04214643959840758,0,2
2023-02-28,200.35157775878903,201.13001242000692,199.02906690925175,200.8203095712743,1327542,-0.005360425616112385,-1.0,0.01615440312353227,-0.050577841265955326,1,2
2023-03-01,199.11279296875,201.0547097752261,198.94539403716945,199.43086580544332,451865,-0.006183054827401779,-1.0,0.01615481156556812,-0.05600138441003044,2,3
2023-03-02,200.43528747558597,200.84542969084563,196.86117191400865,197.8153754787552,856588,0.006641936397544956,1.0,0.01601965868115525,-0.04995791846374731,3,3
2023-03-03,200.3432159423828,202.0674991106839,199.7907697861869,201.9251951653904,446394,-0.00045935790230733353,-0.0,0.016082326437771063,-0.04744111593838318,4,3
2023-03-06,198.46826171875,200.39343848045397,197.3550143113404,200.07536566880992,802811,-0.00935871082438866,-1.0,0.016032963217641343,-0.040342026298313294,0,3
2023-03-07,193.7808837890625,198.71098968921976,193.42933122085657,198.49335624540169,728082,-0.02361777086721295,-2.0,0.01534246691407828,-0.06740544897602407,1,3
2023-03-08,192.4834899902344,194.2496228424682,191.82223455550897,193.35400893131543,638221,-0.0066951588487972336,-1.0,0.015435670634468619,-0.0687979262469054,2,3
2023-03-09,187.62034606933597,193.69719424983137,187.5450165580124,192.8350452423959,608539,-0.02526525221017739,-3.0,0.015014682575119837,-0.05672229602680079,3,3
2023-03-10,186.30618286132807,189.46178581427807,184.6237645094178,187.10137220810748,1167841,-0.007004374714894901,-1.0,0.015432934434242247,-0.0907440726447144,4,3
2023-03-13,183.51889038085935,185.3771074875443,180.8822534736591,185.3771074875443,948893,-0.014960815780028947,-1.0,0.015442646934073524,-0.09241404655270846,0,3
2023-03-14,186.01324462890625,188.18114962151347,184.44799055340616,186.0299845191957,601206,0.013591811953910238,1.0,0.015561339129847685,-0.09658943582011792,1,3
2023-03-15,183.4937896728516,184.4228982724159,181.0831411749004,182.8743988064977,770801,-0.013544492281078901,-1.0,0.015738990622672047,-0.09358317060347388,2,3
2023-03-16,183.3933563232422,184.54008355481085,179.9950094929233,182.5144822372536,727500,-0.0005473392303274593,-0.0,0.015530936433955464,-0.11393200557041472,3,3
2023-03-17,178.55532836914062,183.8035079137315,178.1870358502232,183.3933656616064,947147,-0.026380606424881825,-3.0,0.015335732176180754,-0.09894731081263952,4,3
2023-03-20,181.9620513916016,182.11271043617683,179.18311008035363,179.18311008035363,563376,0.01907936914331665,2.0,0.015093891478648166,-0.13816123418695747,0,3
2023-03-21,185.24319458007807,185.60311714531508,182.97484988444444,184.0629875266332,708992,0.018032019112683706,2.0,0.01367258467520556,-0.14864006611514546,1,3
2023-03-22,181.627197265625,186.64100246252465,181.6188273206112,185.6030846807492,571990,-0.019520270758934255,-2.0,0.014681936475078131,-0.1338633989465754,2,3
2023-03-23,179.6685791015625,182.7404833744237,178.9319940504897,181.76952494648563,542773,-0.0107837272916681,-1.0,0.01354684556493719,-0.12007307245237742,3,3
2023-03-24,182.8157958984375,182.9748397393882,177.6345911822691,178.92360746845628,841921,0.01751679015113683,2.0,0.013357696568751347,-0.11444359526231596,4,3
2023-03-27,183.9625244140625,185.46080410688435,183.06689565651536,185.3352549259288,517631,0.006272589903894676,1.0,0.013845632432527514,-0.1085306162142744,0,3
2023-03-28,184.71585083007807,185.5193953285166,183.3096405244667,183.3096405244667,637639,0.004094999339756766,0.0,0.014005740139907848,-0.09294266410673813,1,3
2023-03-29,185.6700897216797,186.7749672457429,185.00046427678868,186.48200425526684,363750,0.005165982709731898,1.0,0.014119102119230627,-0.08298353670675385,2,3
2023-03-30,188.0807037353516,188.35691191551624,186.20574688805007,187.5868472556222,435452,0.012983319054164388,1.0,0.01425538829829111,-0.07327862451268019,3,3
2023-03-31,192.0315093994141,192.28262264852896,189.00982506402255,189.00982506402255,706199,0.021005906430580312,2.0,0.014683505465961543,-0.05540623015182078,4,3
2023-04-03,192.92710876464844,193.998521248681,191.67994229290665,192.53370646192784,475378,0.00466381464185428,0.0,0.015450444561837846,-0.04192763750342865,0,4
2023-04-04,193.0359344482422,194.19103152919345,192.7262315975481,193.2702929226249,746357,0.0005640766831089827,0.0,0.015515032498376177,-0.03701701174581917,1,4
2023-04-05,195.8734893798828,196.4175507729251,191.86410657771373,192.41655278400543,576995,0.014699620253354695,1.0,0.015420281542414281,-0.027371264420131713,2,4
2023-04-06,194.3417053222656,196.69374921061257,193.6888198391348,196.2417572864021,492605,-0.00782027247519157,-1.0,0.014893911489203047,0.010798823650211897,3,4
2023-04-10,194.3417053222656,194.61791352408477,192.63416210485155,193.84784880381852,381326,0.0,0.0,0.014923526418829582,0.009653894638576466,0,4
2023-04-11,194.82717895507807,195.9906459924921,194.51747610146955,195.02805764929656,476774,0.002498041436898246,0.0,0.013705848903410917,0.035824255704366426,1,4
2023-04-12,192.76809692382807,195.98229006136287,192.15706111850892,195.9069605456442,468277,-0.01056876172150889,-1.0,0.013557843150219183,0.04573651804187495,2,4
2023-04-13,193.9985198974609,194.29146798608295,192.25749692306675,193.3037846967811,458383,0.00638291809312741,1.0,0.013311197310017663,0.05039920699048328,3,4
2023-04-14,191.972900390625,194.7769509780603,191.320014928871,194.0319961187145,522170,-0.010441417325794844,-1.0,0.013100201700857034,0.042928530624177785,4,4
2023-04-17,193.7557830810547,194.0152662634682,191.37024449869887,191.8891959968373,491208,0.009287158170772525,1.0,0.012931501486415354,0.04620925172939483,0,4
2023-04-18,192.72625732421875,195.11179618087368,192.11522148677827,194.37521114396884,460478,-0.005313522726726805,-1.0,0.013003645820741991,0.05650382852227254,1,4
2023-04-19,193.59674072265625,193.63859045131804,190.3490679783025,192.04824129541493,610052,0.00451668293943519,0.0,0.011356128934563302,0.07936435772883521,2,4
2023-04-20,193.80601501464844,194.28311681462415,191.63810974922828,192.5002439410017,570476,0.001080980450450797,0.0,0.010801419816122657,0.06394019655238758,3,4
2023-04-21,195.028076171875,195.98229466010395,194.1659419605969,195.14527028798796,607957,0.006305589416996105,1.0,0.010241661483205348,0.04622475040975815,4,4
2023-04-24,194.617919921875,196.27524352071325,194.03200885024884,195.58887823298045,838313,-0.002103062584889237,-0.0,0.008974822406044837,0.07378233605978934,0,4
2023-04-25,185.31854248046875,193.90646453019752,183.35988576736028,192.99411061342644,1546025,-0.047782739868657886,-5.0,0.008473129369260493,0.08320509292758405,1,4
2023-04-26,185.6114654541016,186.8419069096646,181.9369107117933,183.6946736006774,1057145,0.001580645788122892,0.0,0.013622818886343436,0.013689990898935411,2,4
2023-04-27,188.0723419189453,188.38204478307765,182.4809802061872,185.2850310084431,1152942,0.013258213649804063,1.0,0.01356586014283992,0.008963461690314922,3,4
2023-04-28,189.7631378173828,190.6169168631348,187.30226976005503,187.30226976005503,632052,0.008990135823194079,1.0,0.013831556572093128,0.018171104828220264,4,4
2023-05-01,192.2323760986328,192.66764300102923,189.8301125233363,190.27373450460243,611333,0.013012212538487056,1.0,0.013914753379693652,0.022044735917554847,0,5
2023-05-02,189.12701416015625,191.35350895875172,185.05904207247372,189.4953066446359,612380,-0.016154208783661028,-2.0,0.01391598511975012,0.02207388786211184,1,5
2023-05-03,189.16049194335935,192.08172195072987,188.8173093000853,190.8178006726484,579672,0.00017701217011101278,0.0,0.013622287395394653,-0.015125097169426782,2,5
2023-05-04,185.60308837890625,188.62477238928787,185.43568947529448,188.1058209214037,554879,-0.01880627147828684,-2.0,0.013570102736652458,-0.019523522875595334,3,5
2023-05-05,187.37762451171875,188.315088198149,185.569626973555,187.1348812107572,493885,0.009560919208358332,1.0,0.01411656878454258,-0.038504986600455315,4,5
2023-05-08,186.2978363037109,187.26042466537584,184.5149635248714,186.95909175157797,591545,-0.005762631535230711,-1.0,0.01385896639248335,-0.04337424576986493,0,5
2023-05-09,186.4736175537109,186.8586499199236,185.46080953098408,186.0634753505728,747870,0.000943549605769034,0.0,0.013823107065638933,-0.041390338760360246,1,5
2023-05-10,187.0846405029297,188.8424033007429,186.19738172561088,188.32343697312365,574667,0.0032767259907036106,0.0,0.013831184865273138,-0.0404858429924112,2,5
2023-05-11,184.213623046875,186.81679500268615,183.70304151021685,185.64495804531356,880333,-0.015346088531568824,-2.0,0.01384452727322442,-0.03974054592215592,3,5
2023-05-12,184.7911834716797,185.22643551015443,182.47260447053745,184.07970836134444,609005,0.003135275313800978,0.0,0.014033159852648117,-0.04437702095660234,4,5
2023-05-15,186.57408142089844,187.50319010931003,184.3057366537268,184.615439549864,558371,0.00964817647532401,1.0,0.013953088196211121,-0.04746085913772857,0,5
2023-05-16,182.12942504882807,185.56125147691563,181.87832667605736,185.26828850866104,657544,-0.023822474902307156,-2.0,0.014049465096626612,-0.028122818162048313,1,5
2023-05-17,182.30577087402344,183.06999439542477,180.13906630256338,182.47374044705944,623555,0.0009682445609657808,0.0,0.01465137995993548,-0.0600052181532198,2,5
2023-05-18,181.4659881591797,182.04544670699423,178.71980988025683,182.04544670699423,944819,-0.004606451626943064,-0.0,0.014662440144751668,-0.05406884663704736,3,5
2023-05-19,182.0874481201172,183.54031571328983,181.6759293370403,182.2889937287632,580720,0.0034246635815431414,0.0,0.014577838885381788,-0.06265990077206363,4,5
2023-05-22,183.5991058349609,184.75803787059672,181.15526083813265,182.74249222215056,539747,0.0083018227255649,1.0,0.014619344147374666,-0.06046544475745774,0,5
2023-05-23,183.8258514404297,184.87561288807535,181.2392301644751,183.0868061358388,827138,0.0012350038658281992,0.0,0.014688262416242253,-0.05860166680228096,1,5
2023-05-24,181.1216583251953,182.4989462719944,179.21528334017808,182.465355338272,693860,-0.01471062472467699,-1.0,0.014713846304829956,-0.05545259391209989,2,5
2023-05-25,179.1901092529297,180.84453749545085,176.72946868298715,180.05512063668215,822017,-0.010664373825451712,-1.0,0.010916910420529804,-0.022646865764745394,3,5
2023-05-26,181.0629119873047,181.2728553668945,178.7618281346625,179.69402148818605,693278,0.010451484974159486,1.0,0.011095871264022594,-0.03459568720855655,4,5
2023-05-30,177.9807891845703,181.2056533817245,177.67845583545483,180.42463426420332,585841,-0.01702238613587792,-2.0,0.01092330680769644,-0.037269860417123546,1,5
2023-05-31,178.48464965820312,179.6351987956628,175.55372137966373,177.19975170268293,1241406,0.0028309823545635826,0.0,0.01111766973944515,-0.06208976500036145,2,5
2023-06-01,178.40907287597656,180.23145562879637,177.6448492940888,179.1481032573216,1027579,-0.00042343575411829537,-0.0,0.010594709176424489,-0.07151618639607227,3,6
2023-06-02,182.2218017578125,183.43951782401547,179.53440779647516,179.9543093739229,754156,0.021370711816244947,2.0,0.010202140264725254,-0.056670599553290346,4,6
2023-06-05,182.8936767578125,184.2625671365802,181.77673332845,182.55775246395453,538583,0.003687127410215041,0.0,0.01147265723761055,-0.03668149788711961,0,6
2023-06-06,183.01123046875,184.00220780253207,181.54996512742972,182.68370393541483,644740,0.0006427434399121079,0.0,0.010829174409471938,-0.014597880050155831,1,6
2023-06-07,185.19471740722656,186.210887869143,182.650099843872,183.07839915167617,595386,0.011930890431608887,1.0,0.010580993718459933,-0.02330264381538083,2,6
2023-06-08,185.3794708251953,185.89174743258468,183.3051413656152,185.21151617229512,635660,0.0009976171056893524,0.0,0.01088851691161473,-0.005921265208287174,3,6
2023-06-09,182.71730041503903,184.4808991418805,182.21342145710415,184.0693952582919,520541,-0.014360653843200288,-1.0,0.01088881370158122,-0.005867568521860433,4,6
2023-06-12,188.5791473388672,189.41896537880567,182.4401510030152,182.4401510030152,829001,0.0320815101280123,3.0,0.011278559662384124,-0.023344193709062155,0,6
2023-06-13,192.3163146972656,192.5346557669104,188.9570721576632,189.04946214163508,685480,0.01981750056215348,2.0,0.012906580493238482,0.02369816205656705,1,6
2023-06-14,190.61990356445312,195.16327140190853,190.2503883658383,193.2569112729711,843434,-0.008820942391095987,-1.0,0.013530291354448897,0.040722349866541,2,6
2023-06-15,193.6264190673828,193.84476013509715,190.1160173567556,191.0062069264503,876026,0.015772306284443705,2.0,0.013607608656672283,0.0216848026946872,3,6
2023-06-16,196.74212646484372,197.6575093001296,194.6173953570348,195.01211868591696,1227205,0.016091334087920295,2.0,0.012692605142284,0.06312540664679767,4,6
2023-06-20,194.39065551757807,195.58317848378988,191.1489959761467,194.6677956533173,776155,-0.011952046008234296,-1.0,0.01299720603820919,0.07918759522317087,1,6
2023-06-21,195.65875244140625,195.9358925691457,192.50946806411105,193.70200591194583,569196,0.0065234458953378205,1.0,0.013327032544436379,0.07122363529115461,2,6
2023-06-22,197.27957153320312,197.54831390261177,195.0708782795992,195.7847154096868,646835,0.008283907934464985,1.0,0.013344860618045625,0.07453179481287764,3,6
2023-06-23,197.2123870849609,199.18594379100327,195.70073551542288,196.4985499642297,965654,-0.0003405545121579756,-0.0,0.013344539771785494,0.0745127032946431,4,6
2023-06-26,198.3461456298828,200.193721612834,194.90292567344272,197.9010508304539,590264,0.005748921564614928,1.0,0.013362401742569243,0.07282183403278975,0,6
2023-06-27,199.9501800537109,200.43726350364128,194.2142746077791,197.49793750528363,668602,0.008087046101824757,1.0,0.012702623162133437,0.09509899293082746,1,6
2023-06-28,199.82421875,200.03417702022335,197.65751383861544,199.4714989989363,574434,-0.0006299634422788358,-0.0,0.012240524017904056,0.11585500386898051,2,6
2023-06-29,201.95730590820312,202.0412981547676,198.91720721502327,199.3371087836678,963676,0.010674817955234062,1.0,0.012246408855901347,0.10361761310903228,3,6
2023-06-30,202.6711578369141,204.32557091128425,200.78157840514845,203.53615417280912,884524,0.0035346675154968032,0.0,0.01123061406618201,0.13471407129658575,4,6
2023-07-03,204.2272186279297,205.2829613620025,200.1411173186161,201.5194344372812,998900,0.007677761392510085,1.0,0.011221431578536058,0.13551029864488595,0,7
2023-07-05,204.7355499267578,206.5342161686886,202.7609190980918,203.4354226678272,1178800,0.00248904774908687,0.0,0.011123721131335685,0.14471318826874313,2,7
2023-07-06,204.75511169433597,206.00635911447745,202.14507216364908,203.66025901467776,1069100,9.554651151288951e-05,0.0,0.010614349264686426,0.12355134211035801,3,7
2023-07-07,203.6016082763672,206.5928720938383,203.4843084924807,204.2565569298096,663700,-0.005633575681816216,-1.0,0.01067574112144677,0.11953084067237785,4,7
2023-07-10,205.752197265625,206.29961616757708,203.68959145688285,203.9730858342807,932900,0.010562730852001101,1.0,0.010902353566152488,0.11250882120664762,0,7
2023-07-11,206.98388671875,207.37489592442788,205.10701568261496,207.0620915430946,721100,0.005986276061659135,1.0,0.010863801593442373,0.11100467738069653,1,7
2023-07-12,208.2840118408203,208.8021057453027,206.1138764644416,207.79524288066372,543600,0.0062812866386885435,1.0,0.010824519391475306,0.11654157710875501,2,7
2023-07-13,206.98388671875,208.02007453823697,206.15297351162812,207.98096466804213,395100,-0.006242078355317648,-1.0,0.009840658330923189,0.13992496259361853,3,7
2023-07-14,207.99073791503903,209.1246705142532,206.56352605396637,207.72679851220173,470100,0.0048643940948753794,0.0,0.008244888893907135,0.09759689573105579,4,7
2023-07-17,207.8147735595703,209.40816507120232,206.26049191597824,207.2869096693851,426100,-0.0008460201508617704,-0.0,0.007462311824605595,0.0815033464136794,0,7
2023-07-18,207.9418792724609,210.67898858615945,206.81771656742825,207.7561446706104,569500,0.0006116298216602978,0.0,0.0069769516195590355,0.09020500836264023,1,7
2023-07-19,212.23326110839844,212.6047302958596,206.21162386472548,207.2380416769951,811500,0.02063741008281772,2.0,0.006480276773031009,0.07393340368545598,2,7
2023-07-20,213.7875518798828,214.6477900699334,212.1159702977249,213.1032782814543,657800,0.007323502279364735,1.0,0.006981228682588011,0.07873826984544086,3,7
2023-07-21,214.2860870361328,214.88238574457867,211.92043222056145,214.06124258229403,665400,0.002331918541871536,0.0,0.006031422712425653,0.09978306987369945,4,7
2023-07-24,213.9048614501953,215.36138344991303,213.59204214638896,214.4424953900387,421200,-0.0017790496397146471,-0.0,0.006032437102887301,0.09520317574499959,0,7
2023-07-25,216.72015380859372,217.33600747112297,211.00156592812576,212.33101809552468,660600,0.013161422977073789,1.0,0.0061041625039021516,0.08427273938089463,1,7
2023-07-26,213.9243927001953,216.4953221772984,212.54606066688604,215.8501435766798,873100,-0.012900328184833332,-1.0,0.006343987551913366,0.09891755285751236,2,7
2023-07-27,211.19708251953125,215.69374825570372,206.4755723095158,210.25863950030416,1650900,-0.012748944364125214,-1.0,0.007383599826798895,0.0785407098325055,3,7
2023-07-28,209.81874084472656,214.39362611665703,205.65443462980176,213.24012360211003,711800,-0.006526329144140641,-1.0,0.008118491849153527,0.05624852382127976,4,7
2023-07-31,209.1247100830078,210.17068296724503,207.40424846663427,209.9751783383919,728800,-0.0033077634482248097,-0.0,0.008336301765498629,0.05001657034991691,0,7
2023-08-01,208.81190490722656,209.94585263295247,205.918385696072,207.0621183486359,899800,-0.0014957829500735764,-0.0,0.008196189826666431,0.035489699877767844,1,8
2023-08-02,210.11199951171875,210.7278531644885,207.5703949944244,207.68770968583675,669500,0.006226151737228847,1.0,0.008213196559222381,0.030299067394946366,2,8
2023-08-03,210.42481994628903,211.4903476793737,208.61638363514015,211.06022858213527,384900,0.0014888270793540492,0.0,0.008164162820326674,0.028814870629513045,3,8
2023-08-04,210.39547729492188,212.80022708345973,209.7405286941682,210.1608777460218,518600,-0.00013944482107508538,-0.0,0.008160318387434223,0.02778838370554837,4,8
2023-08-07,210.28759765625,211.79806736940716,209.51275719433448,211.38612516566727,326700,-0.0005127469471249979,-0.0,0.008162267745594764,0.02754688541796213,0,8
2023-08-08,209.76776123046875,210.1404772511548,207.11955284176267,208.67905150814272,381700,-0.0024720260803540173,-0.0,0.00801917667830495,0.032838588243405686,1,8
2023-08-09,212.07269287109372,213.9460608191576,210.75839895651828,210.7780045616117,507200,0.010988016590845806,1.0,0.007789514479908987,0.01951650586583864,2,8
2023-08-10,209.91488647460935,213.93623539310605,209.2969657157364,211.85690390321128,764000,-0.010174843197732986,-1.0,0.008024153467678818,0.024585518385102034,3,8
2023-08-11,213.8185577392578,213.86760168609,208.81637448460128,209.5421859858282,743900,0.01859644797092863,2.0,0.008300637862203596,0.007830051953461536,4,8
2023-08-14,213.80874633789065,215.10341967874865,213.21044612926613,213.4262275137609,861300,-4.5886575379183725e-05,-0.0,0.009042728115497226,0.0330203047631179,0,8
2023-08-15,212.01385498046875,214.4659026695486,211.7294090675131,213.2987255749688,985700,-0.008394845338017043,-1.0,0.009017192592731166,0.027972439932532955,1,8
2023-08-16,210.9839782714844,212.67098816942536,210.2875901878708,212.58271805021124,968500,-0.004857591543152795,-0.0,0.009256534872963828,0.02020588502431364,2,8
2023-08-17,208.8163604736328,211.42534262249225,207.7570891169105,210.787816254784,910200,-0.010273850249720828,-1.0,0.00934434535864989,0.01462956384575853,3,8
2023-08-18,210.31700134277344,211.1605062427413,208.61038593933603,208.61038593933603,670100,0.007186414252872142,1.0,0.008443387315346391,-0.01609974146804649,4,8
2023-08-21,211.4940185546875,212.40617309614055,210.33664428228823,210.6112724216146,590200,0.0055963959375580075,1.0,0.008436892842575372,-0.01623364179341613,0,8
2023-08-22,210.6603240966797,212.20021726007403,210.15029397659927,211.24882154031957,1562600,-0.003941929250317,-0.0,0.00852602853400321,-0.013029630248344248,1,8
2023-08-23,210.81723022460935,213.2496570614481,209.2871550374672,211.4449537620552,633400,0.0007448299939842862,0.0,0.008554130440710614,-0.015168132839613269,2,8
2023-08-24,208.4142608642578,212.64158889042216,208.05134761173903,210.4543664363268,624100,-0.011398353719908716,-1.0,0.007956911834087187,-0.027237538734850686,3,8
2023-08-25,208.1199951171875,209.93450136697015,207.63938839834427,209.3754422948689,512400,-0.0014119271198144157,-0.0,0.007853351959541628,-0.02575737982184989,4,8
2023-08-28,208.16905212402344,209.8462444116728,206.668400091448,208.6202205310646,1411800,0.00023571501050789756,0.0,0.007397071710306943,-0.014569743888669384,0,8
2023-08-29,207.2764892578125,208.44366630851877,206.0504654593582,208.24750549398823,803500,-0.00428768280925429,-0.0,0.007275699109702632,-0.007862446958081581,1,8
2023-08-30,208.2867431640625,209.0517808592252,206.83513509710144,207.53150827202847,821100,0.004873943542113235,0.0,0.007298718660291945,-0.00883788828427634,2,8
2023-08-31,204.1084442138672,209.4244815106424,203.92208620533847,209.30677305119184,837900,-0.020060321106966317,-2.0,0.007382660938074031,-0.0025149990533220867,3,8
2023-09-01,202.61761474609372,205.844503052117,201.98989111060084,204.7950343805468,766000,-0.0073041048032846945,-1.0,0.008413912884203241,-0.028573119630498356,4,9
2023-09-05,200.52842712402344,202.1467873372104,197.78213112846225,202.1467873372104,864500,-0.010310987150294437,-1.0,0.008484291298543495,-0.03710211182401435,1,9
2023-09-06,200.6755828857422,200.99924000088603,197.47810321607383,199.2435804928676,897400,0.0007338399040437427,0.0,0.008675078163618434,-0.046897634387203624,2,9
2023-09-07,201.3131103515625,201.5485123117589,199.52801249382267,201.12675233717087,812200,0.003176906012443581,0.0,0.00869180058369359,-0.04570889999047989,3,9
2023-09-08,199.4103240966797,201.37196225015228,198.97876130833788,200.60692456758687,583400,-0.009451874503155211,-1.0,0.00876968212076644,-0.04030481533154773,4,9
2023-09-11,198.0567779541016,200.400949784448,198.0175517783052,199.42993356474383,468200,-0.00678774355695777,-1.0,0.008391498394436495,-0.059707681375606114,0,9
2023-09-12,197.72329711914065,199.5672416143165,197.23288762285856,198.04696918262,899600,-0.0016837638095790197,-0.0,0.008276314925345283,-0.056490079001338844,1,9
2023-09-13,200.58729553222656,200.77365354352136,197.6448384261678,197.6448384261678,1015200,0.014484880915981213,1.0,0.006695290520830112,-0.07527532123635694,2,9
2023-09-14,199.7339782714844,202.89221661256525,199.3318388942283,201.9898649388436,600300,-0.0042540942509744495,-0.0,0.007758123989806071,-0.06183774533137987,3,9
2023-09-15,197.78216552734372,200.7442433998369,197.27215037094732,198.8218463448713,886100,-0.009772061624325756,-1.0,0.007666399937484203,-0.05792016144471124,4,9
2023-09-18,197.3113555908203,198.2137072710307,194.87892867172656,197.64483045752868,724600,-0.002380446868240571,-0.0,0.0078057994087249545,-0.0625725841947733,0,9
2023-09-19,200.7442321777344,200.98943693902527,197.5173441042344,197.5173441042344,1230900,0.017398271765123985,2.0,0.007628233763396793,-0.05509628104195041,1,9
2023-09-20,201.2640686035156,202.4018223077225,200.234205594813,201.55831731544652,850500,0.0025895460115683555,0.0,0.008556762741220404,-0.04551590743459388,2,9
2023-09-21,201.2052154541016,203.58861348220483,199.98899446765975,200.7736526858122,1085400,-0.00029241756773756844,-0.0,0.008444535523411364,-0.048369925641782,3,9
2023-09-22,201.21502685546875,202.9020368584515,200.61672662224683,201.19542124960736,936000,4.876315628798977e-05,0.0,0.008447130187715875,-0.044883196126854874,4,9
2023-09-25,204.4223175048828,204.50078482976767,199.9792081252948,200.7540486386013,1019000,0.015939617927829275,2.0,0.008436560599315796,-0.0455475264470091,0,9
2023-09-26,201.4209899902344,204.7263452237206,201.3817638154102,203.6866794806128,938700,-0.014681995348070132,-1.0,0.009031769617583528,-0.019153887756150234,1,9
2023-09-27,200.9207763671875,202.90201995414185,199.70455543009757,202.15660290850545,757100,-0.002483423515449723,-0.0,0.009521655561126916,-0.03218818606631735,2,9
2023-09-28,199.36126708984372,202.9510682674043,199.0964567320724,201.3327228832487,809300,-0.007761811921798145,-1.0,0.009515163581223769,-0.034819180290630025,3,9
2023-09-29,197.19369506835935,200.64618270132047,196.9092491309981,200.30289000895,1090800,-0.010872583491895349,-1.0,0.009593322728712559,-0.03818678228442851,4,9
2023-10-02,195.7322540283203,196.73269368461305,193.03500154704665,196.15401401686108,1012300,-0.007411195573633345,-1.0,0.00966004896815636,-0.05325854121673712,0,10
2023-10-03,196.62478637695312,197.63502875094707,194.82008300652808,195.2124046205821,674100,0.004559965617642492,0.0,0.008876777343242135,-0.041037940482120394,1,10
2023-10-04,197.39962768554688,197.95870170248963,193.66270966866944,196.66401343132344,690500,0.003940710237356759,0.0,0.00889690169319232,-0.029577035425327636,2,10
2023-10-05,196.9386444091797,198.40987293894412,195.00644470891075,197.91946342902264,496100,-0.002335279360817899,-0.0,0.008724357838371952,-0.01560277255125253,3,10
2023-10-06,197.5271453857422,199.70456484652647,195.8205148725,195.8205148725,472900,0.0029882452899379075,0.0,0.00872462556473759,-0.018621789571131808,4,10
2023-10-09,198.527587890625,199.26320217956365,196.52670864368972,196.52670864368972,507900,0.005064835534017931,1.0,0.008720358507978098,-0.018806350759812407,0,10
2023-10-10,198.6943206787109,200.145928651032,198.1352466484817,198.1352466484817,544300,0.0008398469444850232,0.0,0.008580095633165424,-0.004426732718345705,1,10
2023-10-11,196.0559234619141,198.65508801306763,194.4277602125331,198.65508801306763,902600,-0.013278674537774537,-1.0,0.00844663091220075,0.0032189896816208208,2,10
2023-10-12,194.0746612548828,196.19323400152345,192.8976813843417,196.19323400152345,811200,-0.010105597280850143,-1.0,0.008939610103765757,-0.008432863913966915,3,10
2023-10-13,197.6938934326172,197.84102527581896,193.4861861206103,193.4861861206103,741400,0.01864865899717394,2.0,0.00849672859821007,-0.0324678303282544,4,10
2023-10-16,197.47808837890625,199.57704038191804,196.1245683734845,198.44910454971492,717400,-0.0010916121381588928,-0.0,0.009536641685049793,-0.010214009937228985,0,10
2023-10-17,199.0572052001953,200.50881307239095,195.91858751729532,196.5463110538753,753900,0.007996415370697507,1.0,0.009297302184130317,-0.0015374346196822541,1,10
2023-10-18,197.88023376464844,199.62609039190025,197.68407295736029,199.0277902016998,687300,-0.0059127296314804845,-1.0,0.009440905006690184,0.00884819631463829,2,10
2023-10-19,195.604736328125,198.8218365870384,195.44781665407223,198.1156456724124,674800,-0.011499367032433483,-1.0,0.008690608423306745,-0.014266902625377775,3,10
2023-10-20,196.0265045166016,197.41926583266405,195.49686879149507,196.56595801094903,570500,0.002156226870545064,0.0,0.008967575072897745,-0.028118940030668504,4,10
2023-10-23,194.1334991455078,197.723300308056,194.10407577254517,195.33009953302383,892300,-0.009656884796073406,-1.0,0.008997460790349519,-0.025738452782211096,0,10
2023-10-24,194.83970642089844,196.43844632822163,193.27040485512492,193.88831070543625,928500,0.0036377404131644475,0.0,0.009177452485154497,-0.0351938312989295,1,10
2023-10-25,193.8981170654297,194.6827752852019,191.37740496640447,194.00600775772477,1371600,-0.004832635876768854,-0.0,0.00835318048647627,-0.04687654068766478,2,10
2023-10-26,201.9702606201172,203.8043874875176,192.58382992482603,195.65378342969944,1634600,0.04163085065938832,4.0,0.007883579289907234,-0.0373490018352578,3,10
2023-10-27,195.14376831054688,202.35277947906124,195.10452716681337,200.96001819874732,1225700,-0.03379949250256287,-3.0,0.012317621740073156,0.00522337347040569,4,10
2023-10-30,194.3590850830078,196.1834089132505,191.2694964369257,195.33990402472736,946400,-0.004021051936899833,-0.0,0.014319531163343072,-0.021155056049057874,0,10
2023-10-31,195.89898681640625,196.8602002715576,194.10408613927,195.75186994373573,879100,0.007922972742646861,1.0,0.014158592530677264,-0.014374749579944113,1,10
2023-11-01,200.0380401611328,201.215020015595,194.4571774304517,195.2026094789628,1020900,0.021128508176541105,2.0,0.014184838368015727,0.0008518411485816113,2,11
2023-11-02,201.22483825683597,203.2551258914815,199.64571900050677,200.4794062065744,744700,0.0059328620433751755,1.0,0.014886636635627252,0.017359224373859394,3,11
2023-11-03,206.18777465820312,207.09992915898465,203.6082158580012,203.85342061190295,643800,0.02466363717501241,2.0,0.014913139885581472,0.019378002968589936,4,11
2023-11-06,205.5208282470703,207.49228422231155,204.9813897133372,206.40357441939247,628200,-0.0032346554602395994,-0.0,0.01574976642546452,0.0469645268290082,0,11
2023-11-07,203.70004272460935,205.7373305908736,203.58194343314844,205.7373305908736,799000,-0.008859372249473751,-1.0,0.015794752894339407,0.040468781370366136,1,11
2023-11-08,202.587890625,204.64486670856056,201.52495195070392,204.64486670856056,749200,-0.005459753884847762,-1.0,0.01595154592189403,0.02605408592801739,2,11
2023-11-09,201.05255126953125,202.9619033482693,200.74745140456636,202.39106504510025,527200,-0.007578633405639912,-1.0,0.016020624937982064,0.019595778746917425,3,11
2023-11-10,201.54466247558597,202.145025635348,199.67468674135748,201.8792871829381,650800,0.002447674515679177,0.0,0.015812731072078992,0.025485727334261465,4,11
2023-11-13,201.18051147460935,203.11938846735083,200.934461247284,201.79071123270796,646100,-0.0018068005200621018,-0.0,0.015595090705374903,0.03849034785067906,0,11
2023-11-14,204.75314331054688,206.1900831950221,202.4205920437942,202.9422173058299,766700,0.017758339561575465,2.0,0.01512953566488463,0.017636447851033576,1,11
2023-11-15,206.6034240722656,208.31593882039803,204.8909093241332,204.8909093241332,913700,0.009036641546998903,1.0,0.015556064975831355,0.03683980836234246,2,11
2023-11-16,207.400634765625,207.61716014762155,204.95982093496053,207.61716014762155,705900,0.0038586518928194202,0.0,0.01557829325287936,0.03790980017267365,3,11
2023-11-17,208.375,209.18203686779125,207.6958990274936,208.97536310433185,1287300,0.004697985787150971,0.0,0.015479250923484055,0.04811193528455093,4,11
2023-11-20,207.76480102539065,209.7528758873744,206.6132728397824,207.6368501119424,817700,-0.0029283694042440134,-0.0,0.015154607867485362,0.06528606572416029,0,11
2023-11-21,209.01470947265625,209.57571111134408,207.449833876914,208.5816587377488,584900,0.006015977880261092,1.0,0.015211369746110459,0.059881170343446755,1,11
2023-11-22,208.2569122314453,210.32372506897948,208.22738740646008,209.87100107406357,615500,-0.003625568952170255,-0.0,0.014947562170013882,0.07665452069142686,2,11
2023-11-24,209.35922241210935,209.43796028840237,207.28255785523984,208.7588592458756,221400,0.005293030463445092,1.0,0.01503115140840553,0.06886279012124263,4,11
2023-11-27,209.3985595703125,210.3237107373789,208.44388358027268,209.30998510139236,668200,0.00018789312335965036,0.0,0.014919785509890718,0.07973829545473321,0,11
2023-11-28,208.9753570556641,211.2488584941887,208.65056899048736,209.44776923332455,1187200,-0.0020210383276600963,-0.0,0.012143351521681417,0.03677917198001279,1,11
2023-11-29,210.7075653076172,211.11109127748048,209.0049019698729,209.3296900662716,756400,0.00828905511328637,1.0,0.009079978530212987,0.07087896715772124,2,11
2023-11-30,213.48301696777344,213.5519032203181,209.11316264785827,210.89456384185212,1410300,0.013172055099703206,1.0,0.008980170465836042,0.08411482394881209,3,11
2023-12-01,215.51046752929688,216.30766783790983,213.266490728122,213.7979525946261,841000,0.009497011004999445,1.0,0.009169063071139509,0.08976069982356116,4,12
2023-12-04,218.4925994873047,218.9748633339915,213.9652693466984,214.7624846894372,1438200,0.013837527207825273,1.0,0.008411632410479274,0.07734742529821248,0,12
2023-12-05,213.5912628173828,219.2405658244014,213.44362368606664,218.64020273289216,598200,-0.022432506553644926,-2.0,0.008693959901199385,0.08581326927657296,1,12
2023-12-06,214.4278259277344,215.9336519674341,213.6109374523233,213.7684131863643,521500,0.003916654170760037,0.0,0.009149770261648345,0.03590653311745773,2,12
2023-12-07,214.19163513183597,215.80572392015887,213.66015826455256,215.15614775690725,506300,-0.0011014932174802095,-0.0,0.009088977317865104,0.043338661860375494,3,12
2023-12-08,213.17788696289065,214.18176090810195,212.272409063651,214.18176090810195,508700,-0.004732902703326158,-0.0,0.00877513433323115,0.05150510656205731,4,12
2023-12-11,212.7349853515625,214.27035113099956,211.39647173559723,212.79405001123095,701200,-0.002077615167492719,-0.0,0.00874383144828787,0.052273590021692184,0,12
2023-12-12,214.1128845214844,216.0320730553356,211.95748239203908,213.5223580413553,1098100,0.0064770689580972984,1.0,0.008507064887022858,0.05810637073871172,1,12
2023-12-13,217.97097778320312,218.01033921199743,213.77828729289712,214.0243375215757,659600,0.018018968220156806,2.0,0.008545785734850785,0.06235948842069128,2,12
2023-12-14,219.53585815429688,220.2641722525609,216.53404229905823,218.90597015661683,913000,0.007179306103082261,1.0,0.009076188477254681,0.08345970584090545,3,12
2023-12-15,216.03208923339844,219.2209054330154,214.65421403352815,217.85286683538945,2135800,-0.015959893524254642,-2.0,0.00854443243599343,0.0721977431200127,4,12
2023-12-18,216.45529174804688,217.86270681187472,214.8116780849907,217.51823049771525,702400,0.0019589798726207253,0.0,0.009411224452228877,0.045636538714067365,0,12
2023-12-19,220.5102081298828,221.4058345266579,215.7565161212844,217.4296545982808,1064000,0.018733274428586633,2.0,0.009403304123021868,0.04365780747322279,1,12
2023-12-20,216.711181640625,220.2346223894388,216.61275555123015,219.91967091754557,613800,-0.017228347483215556,-2.0,0.010073638164188166,0.058237351553126926,2,12
2023-12-21,218.6402130126953,219.62441386356085,216.7997622272449,217.5083880412852,673800,0.008901392892911586,1.0,0.010923930153208491,0.043060136130282256,3,12
2023-12-22,220.48068237304688,221.71093345647745,219.7523683252792,219.85079441903895,458800,0.008417798972070623,1.0,0.0109940112560262,0.046051799724163844,4,12
2023-12-26,221.78965759277344,222.2423815535197,218.91577802426784,219.9787166966509,272300,0.005936915677319243,1.0,0.010988829819158599,0.05869562748542401,1,12
2023-12-27,223.0789794921875,223.18724219184455,221.4353657920946,221.4353657920946,410700,0.005813264303700771,1.0,0.010997094993860045,0.059373716798563736,2,12
2023-12-28,223.4726409912109,224.24031644727367,222.8919660981377,222.8919660981377,421400,0.0017646732108937968,0.0,0.010998592176141483,0.06533196765988891,3,12
2023-12-29,223.6989898681641,223.81710417443648,222.5278035486132,223.01990394123047,326100,0.0010128706402234844,0.0,0.010941750561351611,0.06937317461639858,4,12
2024-01-02,228.88575744628903,230.3915836123004,222.49830325722684,223.02976513205456,614900,0.023186370135966028,2.0,0.01088949171918084,0.061656184682217674,1,1
2024-01-03,223.11831665039065,228.62984709533183,223.1084800488423,228.62984709533183,1231800,-0.025197901609285478,-3.0,0.011559998330193009,0.07214972271466791,2,1
2024-01-04,221.6617126464844,224.132051329119,221.23849847939525,223.12817729295136,547100,-0.006528392763865409,-1.0,0.013028985761491247,0.03530152947238885,3,1
2024-01-05,221.8585357666016,223.36436174325289,219.9393472686844,220.6774978461688,638300,0.0008879436947737407,0.0,0.012839646330788924,0.014504441645236898,4,1
2024-01-08,222.4195556640625,222.5179667385081,220.12636587972352,221.651880201906,543400,0.0025287280271746315,0.0,0.011690034920481493,0.038706044620781865,0,1
2024-01-09,224.5847930908203,224.72258060833045,220.4806773717184,221.4451899942894,645000,0.009734923803319528,1.0,0.011681836600277098,0.03727002175091498,1,1
2024-01-10,221.8093414306641,226.0807845460637,219.91967759506608,224.51589377636185,1021200,-0.012358145990026381,-1.0,0.011785714965751808,0.048522707026291245,2,1
2024-01-11,219.447265625,221.65188094440916,217.12455100877523,221.65188094440916,510200,-0.010649126815078014,-1.0,0.012126572711151197,0.04048944564909762,3,1
2024-01-12,219.9492034912109,221.9372934288817,217.85286587618936,219.76220292539904,534000,0.0022872823900601524,0.0,0.012410275746395165,0.031552310318610166,4,1
2024-01-16,218.2662353515625,219.43743681226957,216.691507922127,218.43354770056155,1024000,-0.0076516218878495135,-1.0,0.012360749833797638,0.0272581399422549,1,1
2024-01-17,219.47677612304688,221.81917880841368,217.14422505691385,217.5674241880214,660100,0.0055461659909721295,1.0,0.011890709940390896,0.0013545728489279263,2,1
2024-01-18,223.72854614257807,224.50605821223425,216.93755121498236,217.88239064600648,834700,0.019372300316401025,2.0,0.0118475758184559,-0.00026912246476140655,3,1
2024-01-19,222.57701110839844,224.7028884998237,220.3231978214565,224.7028884998237,744900,-0.005147018804859127,-1.0,0.011967866315167448,0.03562645223906746,4,1
2024-01-22,222.2030334472656,224.82099633412915,221.30740705606087,222.70497048192868,478300,-0.0016802169247870369,-0.0,0.01206135815265495,0.028281680299492074,0,1
2024-01-23,223.1084899902344,223.7777393504358,220.59877485405303,222.55733992472423,527300,0.004074906309430304,0.0,0.011398811178859705,0.007676856920772135,1,1
2024-01-24,219.8212738037109,224.78163965929275,219.5456987571627,223.28565010823544,555300,-0.014733711777025538,-1.0,0.010673981788166696,0.029519973548103096,2,1
2024-01-25,223.06912231445312,223.22659805870637,218.5811687272312,221.5436229723549,482400,0.01477495082501612,1.0,0.011086079021245358,0.0054018461413913865,3,1
2024-01-26,221.366455078125,225.9134582343399,221.2286675587765,224.96863382101088,641500,-0.007632913146661036,-1.0,0.01140072699617914,0.011739985170341027,4,1
2024-01-29,223.5513916015625,223.6990157293292,220.11652505762308,221.1007259566381,911000,0.009870224116234727,1.0,0.011468535148686017,-0.0019081255602345637,0,1
2024-01-30,222.77386474609372,224.61431549970084,221.9766494558069,223.98442756675365,440300,-0.0034780676152290635,-0.0,0.011605212751283785,0.0021176899340780153,1,1
2024-01-31,218.7878570556641,223.96474824089384,218.2859049991336,223.96474824089384,790000,-0.017892618126334914,-2.0,0.011625450574366033,-0.0031268984069717787,2,1
2024-02-01,220.7463836669922,220.77592350632983,209.9103386167035,214.8313424571508,765900,0.008951715317682352,1.0,0.01225135966687286,-0.021954202007770984,3,2
2024-02-02,218.0398712158203,220.27401157072896,217.4296714342784,219.4866478094949,617300,-0.012260732910826744,-1.0,0.011195421716466284,-0.0355608573906433,4,2
2024-02-05,216.1698760986328,217.83317795339684,215.39236402771385,217.08519070683477,582200,-0.00857639067001903,-1.0,0.010141983824048097,-0.022761221538471377,0,2
2024-02-06,218.7681427001953,219.65391737293535,216.29780421061577,216.29780421061577,466300,0.012019559100718391,1.0,0.010206967580350725,-0.024775756183974873,1,2
2024-02-07,220.17556762695312,220.87434178519652,219.1323021638323,220.23461727213285,505900,0.006433408947876806,1.0,0.010599295954788377,-0.013929565773648789,2,2
2024-02-08,219.2799530029297,219.63426591063904,217.26233825118803,218.55163896549573,602500,-0.0040677293746820276,-0.0,0.010691040320768841,-0.010088987141484318,3,2
2024-02-09,219.0732879638672,220.07717714748532,218.6697619662335,219.21107549748425,386800,-0.0009424711937061625,-0.0,0.010456691743227803,-0.023620655766062426,4,2
2024-02-12,223.85646057128903,223.9351984344652,218.32525708814367,218.7484562077896,508800,0.021833664212912884,2.0,0.01013309634817196,-0.01233515887630987,0,2
2024-02-13,219.8015594482422,223.40373786548184,218.4728824035796,222.87226104053204,625200,-0.018113844526526535,-2.0,0.010958706878479524,0.02009227562590654,1,2
2024-02-14,224.5060577392578,224.9391085184935,220.8546659577144,220.92356722609884,1074500,0.02140338905158412,2.0,0.011717344794808036,-0.00067126427659292,2,2
2024-02-15,218.6205291748047,225.83472286287883,214.55577505277,223.41358227971924,1064000,-0.02621545549246873,-3.0,0.012456616013012409,0.02858812485423967,3,2
2024-02-16,213.2172698974609,219.84093736187296,212.5873819590316,219.84093736187296,1151400,-0.02471524196624475,-2.0,0.013787318009110226,-0.0039013100309170934,4,2
2024-02-20,212.2626037597656,214.3392682346133,211.3177793169964,211.88860261657453,857200,-0.004477433456278823,-0.0,0.014029210597788897,-0.046982275737037726,1,2
2024-02-21,214.4868927001953,214.6542200670452,210.6288270144024,211.89845457213204,803600,0.010478948722155046,1.0,0.014022925357804404,-0.04634084758919499,2,2
2024-02-22,214.3294219970703,214.87073546479837,210.6583420362957,214.0735201663008,979600,-0.0007341740147501774,-0.0,0.014292299629147898,-0.03472563190232736,3,2
2024-02-23,215.69744873046875,216.0222367932789,213.1286840679815,215.10692224941167,940000,0.006382822855824033,1.0,0.014235507393797803,-0.03934887459257308,4,2
2024-02-26,212.7647399902344,218.3240592376891,212.20188920152663,216.16155263638035,1239800,-0.013596399760383848,-1.0,0.014021394880673168,-0.018759899812629266,0,2
2024-02-27,212.9819793701172,213.74231611366528,209.48641620840127,212.2611488577005,1075100,0.0010210309278348983,0.0,0.013810142830612606,-0.04619367403836816,1,2
2024-02-28,212.1031646728516,213.00174313586385,211.17496406861585,212.95236787808707,642900,-0.00412623969344561,-0.0,0.013767672122572051,-0.03787599934709507,2,2
2024-02-29,213.1202392578125,213.37696951325665,209.5654315128197,212.3006581647388,1299200,0.004795188164823605,0.0,0.0135136285188764,-0.051210716456264294,3,2
2024-03-01,215.26296997070312,215.42096475745475,211.8365352524897,212.9523527165063,795900,0.010054093033832201,1.0,0.013601335907926797,-0.04333374338719642,4,3
2024-03-04,216.3491668701172,217.41559402042128,214.3545241076952,214.3940152710644,598100,0.005045906871775863,1.0,0.013335147614372444,-0.016110981351511455,0,3
2024-03-05,213.43618774414065,218.36354272613204,213.40656560548277,216.71451171625804,835500,-0.013464249334157685,-1.0,0.013220720050344512,-0.019919768214678557,1,3
2024-03-06,215.0655059814453,215.5098531807464,212.7351353741448,213.64358288991093,795300,0.007633748777680749,1.0,0.013275044295467386,-0.021113952443692408,2,3
2024-03-07,215.6184539794922,216.94162643739,214.61125603268067,215.70732039818404,576000,0.002571067803381677,0.0,0.01327957556601605,-0.0051088067270002036,3,3
2024-03-08,214.76927185058597,216.9515317711476,214.59153899579985,215.78633892109897,632400,-0.003938355522143722,-0.0,0.013003492111540383,-0.014397382917948565,4,3
2024-03-11,215.7863311767578,216.161565057458,213.20909940435632,214.11754689749225,512900,0.0047355905125916475,0.0,0.012919310823904313,-0.024554476387348867,0,3
2024-03-12,214.1372833251953,215.76656124413788,213.5843166391836,215.25310078839107,395500,-0.007642040358022961,-1.0,0.012961073032083104,-0.01593224450447228,1,3
2024-03-13,213.04122924804688,215.7468335975721,211.79705414453767,214.92725255300195,541000,-0.0051184644734841855,-1.0,0.01304989586279486,-0.022531293908758077,2,3
2024-03-14,206.38584899902344,212.06365706052057,204.88494362942117,211.8266799322745,1582600,-0.03123986973091708,-3.0,0.0119725005067435,-0.048313241867763534,3,3
2024-03-15,206.58334350585935,208.36073218043543,203.77898868338704,203.77898868338704,1388700,0.0009569188381557403,0.0,0.013127069798587113,-0.061035556266732516,4,3
2024-03-18,206.90919494628903,206.96845429595496,204.27271890665227,206.7117089823757,877600,0.001577336463336243,0.0,0.011937825397182671,-0.07983176228685096,0,3
2024-03-19,208.3212432861328,209.3185571703761,205.74401159925807,207.20542577300384,858100,0.0068244832725308235,1.0,0.010827415883589092,-0.05356923374360467,1,3
2024-03-20,206.73147583007807,208.25213442714784,204.9639559949169,207.65967649605665,1168400,-0.007631326651939996,-1.0,0.009732992396536463,-0.02296261749192574,2,3
2024-03-21,208.63722229003903,209.37780595083564,206.91907784000745,207.8670164881877,568900,0.009218462995578713,1.0,0.009812371289895655,-0.026057948181713364,3,3
2024-03-22,210.58248901367188,210.66148641188576,207.55104107668112,208.6372214008926,806700,0.009323680128987766,1.0,0.009740887506685995,-0.02727285726654083,4,3
2024-03-25,211.0663299560547,212.61662555337384,209.63453798266076,212.3006359791895,520500,0.0022976314158362765,0.0,0.010012052374638583,-0.017482121439443166,0,3
2024-03-26,210.83921813964844,211.7279124337113,210.10850356267292,211.0663262250713,559100,-0.0010760210615001764,-0.0,0.009904804076573135,-0.021470438346264387,1,3
2024-03-27,213.85093688964844,213.91018116947689,212.1525305542409,212.1525305542409,430700,0.01428443330692497,1.0,0.00947528110570114,-0.009050004482295093,2,3
2024-03-28,215.7172088623047,215.9245638434556,212.93260714914769,214.01880251255204,607600,0.008726975901065526,1.0,0.0100014477868059,0.0040799579480910175,3,3
2024-04-01,213.6337127685547,215.05562078557804,211.12559425407733,214.5618983295076,490600,-0.009658460281117054,-1.0,0.010113420721015247,0.017039086592731456,0,4
2024-04-02,209.28892517089844,213.44607446457212,208.16323868639583,213.42632134948624,802900,-0.020337556003453883,-2.0,0.010321477780346538,0.002409313693201298,1,4
2024-04-03,209.57530212402344,210.7701019647804,208.1533791174922,208.9334539258797,624100,0.0013683330491145451,0.0,0.010975616493643259,-0.027752310583737394,2,4
2024-04-04,208.5582275390625,212.16239511342584,207.98550773408635,211.0860838732936,498900,-0.004853026929475868,-0.0,0.010898681451145345,-0.03130987211131886,3,4
2024-04-05,208.6075897216797,209.40743269181868,206.12910861829803,208.350859489633,612700,0.000236682979135594,0.0,0.010581694960298767,-0.022854419658795977,4,4
2024-04-08,207.4819183349609,209.72342248508275,207.42267405149568,208.4989853803509,602400,-0.005396119039679403,-1.0,0.010399855003870424,-0.030027671012583412,0,4
2024-04-09,207.4127960205078,210.01964985028133,207.3634207640262,208.85445707960895,714100,-0.000333148618481105,-0.0,0.010393114762383205,-0.03773580365855489,1,4
2024-04-10,204.5689392089844,206.58333505635804,203.9665972729928,205.95137098148265,901900,-0.013711096258700595,-1.0,0.0103854204304315,-0.03425292532162616,2,4
2024-04-11,203.9073638916016,205.3490400189076,201.4486207623682,205.299664762392,861300,-0.0032339969104838717,-0.0,0.010600085416138482,-0.051983792979847565,3,4
2024-04-12,203.14703369140625,203.8086199618895,201.83373017517656,202.63357319525448,717000,-0.0037288020681760514,-0.0,0.010536307916065742,-0.047772715123401754,4,4
2024-04-15,200.7672882080078,205.70451231227068,200.45129863307312,204.35170266199836,669100,-0.011714399369539552,-1.0,0.010521910157845035,-0.04644263268459026,0,4
2024-04-16,199.3947296142578,202.12008701984695,199.3749915658206,201.67573985460908,691500,-0.00683656489063067,-1.0,0.008495911416124647,-0.027223575735767724,1,4
2024-04-17,197.4593505859375,200.23406824199037,197.3309779321572,200.23406824199037,683300,-0.009706269729718664,-1.0,0.008563308633462854,-0.03479764520026585,2,4
2024-04-18,196.9458770751953,197.6963448223348,195.57332930323756,197.0446275894652,768900,-0.0026004010912550335,-0.0,0.008703526139395366,-0.04567145680888951,3,4
2024-04-19,198.95037841796875,199.1083732055405,197.14335258654947,198.20979480184013,768200,0.010177929959956034,1.0,0.008455037895833382,-0.05460492665797523,4,4
2024-04-22,200.52044677734372,201.3301437753417,198.15056993326215,199.7107347121321,685900,0.007891758597595944,1.0,0.00881448233286283,-0.03763866813636518,0,4
2024-04-23,205.35890197753903,207.98550883478148,200.6685390469829,202.18919745173716,925400,0.02412948543630522,2.0,0.008736055135873139,-0.03890377480875251,1,4
2024-04-24,205.3292999267578,205.5267858981337,202.9594230686051,204.2233664332815,793500,-0.000144147882055079,-0.0,0.010163801356691142,-0.024805419769702186,2,4
2024-04-25,195.8596954345703,202.24846493068452,193.64781350786183,202.19908967388236,2098000,-0.04611910962325083,-5.0,0.010136362291604605,-0.027181171106217428,3,4
2024-04-26,195.90904235839844,197.6469548499932,194.53649468862957,194.6056230569143,931300,0.0002519503755922248,0.0,0.014089669868553657,-0.07104713647323668,4,4
2024-04-29,201.6066131591797,204.9342974812266,196.50152509419505,196.50152509419505,1396100,0.02908273519278426,3.0,0.013530311008199021,-0.0838990691002135,0,4
2024-04-30,198.84176635742188,201.93247358638916,198.40728820887804,200.6586763483518,890900,-0.013714067998229829,-1.0,0.015128167269307406,-0.06541247115862692,1,4
2024-05-01,198.7924041748047,201.52761555734168,195.93867409750516,198.23942240306775,765300,-0.0002482485622686825,-0.0,0.01524145474916802,-0.06923975724354903,2,5
2024-05-02,197.7358245849609,199.1182413017412,196.61013809637925,199.03925897553563,599300,-0.005314989746362242,-1.0,0.014740821152619049,-0.050153255780365,3,5
2024-05-03,198.7924041748047,200.37230689241505,197.17298015839413,198.59490315129236,555700,0.005343389808404764,1.0,0.014728831387552193,-0.05649271368844844,4,5
2024-05-06,198.5159149169922,200.5401799637141,196.8866368683113,199.8687246678644,813000,-0.001390844177171724,-0.0,0.014820740051441426,-0.04682540449011385,0,5
2024-05-07,198.9701385498047,199.9970745708107,197.11373739840263,199.4539919536013,620900,0.0022880968158267567,0.0,0.014811747596006624,-0.04837635494543424,1,5
2024-05-08,199.0787506103516,199.7897120855838,198.16041909350488,199.7897120855838,556900,0.0005458711610621947,0.0,0.014825129614419586,-0.04102420034219423,2,5
2024-05-09,203.561767578125,203.64076498108955,198.94053250880413,198.9997767942241,813700,0.02251881204814188,2.0,0.014830976516624392,-0.04018096072207711,3,5
2024-05-10,205.0626678466797,205.1910404972199,202.8804231907713,203.7493644031309,722900,0.0073731933378828884,1.0,0.015474925713034543,-0.004923384922236429,4,5
2024-05-13,207.728759765625,208.7458267140948,205.24040969392647,205.69462586868536,792800,0.013001351962019125,1.0,0.015541173668513543,0.005665827525936029,0,5
2024-05-14,208.54835510253903,209.4963088144582,206.0599897925628,208.68659678269256,536400,0.003945507294410122,0.0,0.015747192557524995,0.022553743419058137,1,5
2024-05-15,210.5331268310547,211.0959625705838,208.1928722493548,209.5950421531513,542300,0.009517081674126793,1.0,0.015474387266211894,0.03875664688198377,2,5
2024-05-16,210.45413208007807,212.3697775578881,209.6246669298585,210.28626825855636,676600,-0.00037521292808240236,-0.0,0.015422700851759017,0.05586104125392288,3,5
2024-05-17,207.94601440429688,210.83923574796063,205.5761527107347,210.83923574796063,730900,-0.011917645194188253,-1.0,0.01517971442137042,0.0658099069787279,4,5
2024-05-20,204.2332305908203,211.45145040315728,203.48277789059185,209.3975632019276,592500,-0.017854556261213128,-2.0,0.015489216503107429,0.05585360553093288,0,5
2024-05-21,202.7619171142578,204.85531039272945,202.4064363739296,203.66049552275584,594200,-0.007204084625729967,-1.0,0.01601225841809186,0.026553617112268002,1,5
2024-05-22,198.6640472412109,202.58420480613333,198.4468081519296,201.84362111100512,780900,-0.02021025413138955,-2.0,0.0160437471343733,0.011178263229200791,2,5
2024-05-23,194.61550903320312,198.6344169528813,194.5365116342301,197.61734992532516,677800,-0.020378816722142923,-2.0,0.015713932393753894,-0.032600752496526164,3,5
2024-05-24,197.8662109375,198.39147441592183,194.43713295091413,195.3191805960432,724600,0.01670320068757869,2.0,0.01624086431456684,-0.05217857800799186,4,5
2024-05-28,194.43711853027344,197.78692434022335,194.38756223698363,197.52923766409955,743600,-0.01733035868519117,-2.0,0.013311087668881756,0.010244657526285117,1,5
2024-05-29,190.78009033203125,193.465884231626,190.5818802756584,193.465884231626,942900,-0.01880828221424602,-2.0,0.013873156341203025,-0.007513302144738443,2,5
2024-05-30,191.7116851806641,192.61355828540832,190.6710635307636,190.7899865344812,1361600,0.0048830821235670285,0.0,0.012693278384476328,-0.053701228632814235,3,5
2024-05-31,193.1685791015625,193.3568839650517,190.2548441290565,191.77117312536728,1255700,0.007599400733061534,1.0,0.012522903120664258,-0.03585806597564278,4,5
2024-06-03,193.2676544189453,195.9237175025244,193.0694443673248,193.16855695436385,614600,0.0005128956160656006,0.0,0.012683282310715726,-0.02828993942996416,0,6
2024-06-04,194.92274475097656,195.74533088623343,191.39455418117228,193.1487442556949,726000,0.008563721316985129,1.0,0.01265450958997511,-0.022596664895671248,1,6
2024-06-05,196.2309417724609,197.76709610880752,194.0208702484026,194.992110069352,662800,0.006711361586640985,1.0,0.01275448478429408,-0.019465831402820655,2,6
2024-06-06,196.6372833251953,197.92567132828944,194.76417038427903,195.1804160242096,429700,0.00207073129784785,0.0,0.01285967115306743,-0.011510276873704206,3,6
2024-06-07,194.8434600830078,197.41031579211304,194.09024071457463,196.06246626815943,471200,-0.009122498093206977,-1.0,0.0128574256097201,-0.011724649948039456,4,6
2024-06-10,194.1695251464844,194.80380637731065,190.78008340152616,194.3479247764597,515000,-0.003458853257052086,-0.0,0.012991166465369113,-0.021274447997884693,0,6
2024-06-11,195.6561279296875,195.6957790139552,193.3667692931085,193.9415890353272,464800,0.007656210633885996,1.0,0.01183036317156083,-0.046139520909966314,1,6
2024-06-12,194.6056060791016,198.21308359564395,194.3974756874445,196.8850595649431,626300,-0.005369225394072141,-1.0,0.011841945684411362,-0.04587153778778119,2,6
2024-06-13,194.7245330810547,195.0020301939794,190.6611738575382,193.67400613606,632400,0.0006111180677126349,0.0,0.011333044002109936,-0.06317446703735163,3,6
2024-06-14,198.0941619873047,198.3121975906004,193.4658882672703,196.14176189026676,716100,0.017304593586301653,2.0,0.011253339941738742,-0.06628593169525332,4,6
2024-06-17,199.75914001464844,199.87806302370612,196.30033143991815,196.88505639772916,604300,0.008404982815447326,1.0,0.01180800627737651,-0.059083171522607114,0,6
2024-06-18,204.65501403808597,204.91268560925465,199.3032666933373,199.3032666933373,898900,0.02450888616700353,2.0,0.012052166285301223,-0.05081863662985797,1,6
2024-06-20,205.5271453857422,206.44882893952055,202.41520066651964,203.26751750668672,974400,0.004261470708428083,0.0,0.01318374143747957,-0.015826224780689513,3,6
2024-06-21,203.4161834716797,206.2209005079331,202.2368131674028,206.2209005079331,1070200,-0.010270964013539663,-1.0,0.01261393644921047,0.0063354763139120696,4,6
2024-06-24,206.14161682128903,207.5390227570158,202.65306214848644,204.04056287364352,638000,0.013398311299989585,1.0,0.012723372197198027,0.0032267714111875456,0,6
2024-06-25,205.98301696777344,206.4587392199082,204.3675907442439,205.49740462876423,599600,-0.0007693732879425763,-0.0,0.012123236619936839,0.037639269328884284,1,6
2024-06-26,201.4241485595703,204.7838598478106,200.87905953471684,204.7838598478106,500400,-0.022132253791177225,-2.0,0.011033205334842203,0.058410082480276015,2,6
2024-06-27,203.0692901611328,203.1684027480417,200.7006445096027,201.1763667798164,464900,0.008167548992150442,1.0,0.011807617340372311,0.017981532092885555,3,6
2024-06-28,201.6917266845703,203.6342216435584,200.0663799321349,203.3468041910627,712500,-0.006783711488179356,-1.0,0.011129059964953003,0.04439569818823119,4,6
2024-07-01,201.3151092529297,205.6658855316839,199.91770348095451,202.6926894836298,541900,-0.00186729241616157,-0.0,0.010274446513437164,0.05719483796002289,0,7
2024-07-02,200.91867065429688,202.09804081974613,200.13573569538264,201.3151058608319,420800,-0.001969244137233317,-0.0,0.010308346006964182,0.050093055429644595,1,7
2024-07-03,202.03858947753903,202.7224270110444,198.95637553312383,201.47367495074505,408100,0.0055739908073009214,1.0,0.010277571030148862,0.04012087053070679,2,7
2024-07-05,202.75216674804688,204.49643645442967,200.4528877000139,202.80172304385863,308200,0.0035318860241160266,0.0,0.010302109073362105,0.04538232269110587,4,7
2024-07-08,201.14663696289065,203.0098296012835,200.25466904393855,202.1773383082277,471500,-0.007918681269391104,-1.0,0.010203920404425923,0.040166795347935436,0,7
2024-07-09,197.5688934326172,201.13671979722164,197.5688934326172,199.89788804788856,582700,-0.017786742966692137,-2.0,0.010359155061805318,0.02505056106865,1,7
2024-07-10,198.57977294921875,198.9662878573088,197.18238220302132,197.89593539126145,383300,0.0051165924910459015,1.0,0.011154348862891308,0.00473770839216292,2,7
2024-07-11,204.40724182128903,204.65500817501183,199.10503580263844,200.1357523027017,709300,0.029345732375071654,3.0,0.010985441547322545,0.019175972673751485,3,7
2024-07-12,204.3279571533203,208.4210622036817,204.10992154970805,205.4181351713817,490200,-0.00038787602269996224,-0.0,0.012546759319702923,0.05272566159432657,4,7
2024-07-15,205.63616943359372,208.9859602698197,204.3180506103391,204.3180506103391,403800,0.006402512404564353,1.0,0.01250497712485121,0.044321786981030176,0,7
2024-07-16,214.56565856933597,214.7836941665933,206.40919458179675,206.40919458179675,590800,0.04342372822999829,4.0,0.012414985902765352,0.056681632028670936,1,7
2024-07-17,213.8520965576172,217.7668019684823,213.8124605944319,214.44674186260409,525800,-0.0033256114537462134,-0.0,0.015246712877342104,0.1018933011384977,2,7
2024-07-18,212.732177734375,216.28019360890883,211.2753104162088,212.20691429285463,475400,-0.005236884937157793,-1.0,0.015060197412500162,0.07954769798477135,3,7
2024-07-19,209.48150634765625,214.3872925875305,208.39134338959687,214.3872925875305,585800,-0.01528058153373324,-2.0,0.015143728323853238,0.06494339993041232,4,7
2024-07-22,212.42495727539065,214.59539295233893,209.5607788329118,210.09596262521973,594100,0.014051125462356762,1.0,0.014817986935602557,0.023583552703341448,0,7
2024-07-23,205.2397308349609,212.7619136200981,204.13964763189065,212.7619136200981,725500,-0.033824775264587714,-3.0,0.015070496196743527,0.033561561304723764,1,7
2024-07-24,207.6182861328125,209.82835763453036,206.14159331354912,206.57766448822863,509000,0.01158915619395473,1.0,0.01678354462808448,0.008964613002559352,2,7
2024-07-25,207.8462371826172,213.4953069458668,207.47954782330123,208.3913261778557,470500,0.0010979333952254589,0.0,0.01671886083296732,0.007163373094156045,3,7
2024-07-26,209.01568603515625,211.6717491609751,208.0741769331427,209.18418046029373,395600,0.005626509617836284,1.0,0.01671689206753853,0.009045504053061038,4,7
2024-07-29,208.86703491210935,211.4438110240652,208.7679223222426,210.0761359206855,561500,-0.0007111960153167729,-0.0,0.01591077896533646,0.037689311484619514,0,7
2024-07-30,211.1563873291016,212.82138503027977,208.23274748417296,209.05533356382335,677200,0.010960812547349041,1.0,0.01585329632852588,0.028550573778911126,1,7
2024-07-31,213.51513671875,215.38824975953216,207.66784166140476,210.9284553650548,848900,0.011170627701506008,1.0,0.01586480684845915,0.04692637025877233,2,7
2024-08-01,231.3047637939453,232.1273499286671,217.2415426982322,218.0343980793762,1694800,0.08331787314277617,8.0,0.01594824607080154,0.06060164838642268,3,8
2024-08-02,233.8914337158203,236.33936645645625,230.60108933866545,230.62091488089567,1194700,0.011182951355810822,1.0,0.023642568177958675,0.1512357863044551,4,8
2024-08-05,226.5278167724609,230.759654974826,225.6259436647606,229.9271637011598,935100,-0.03148305530636175,-3.0,0.023657479810889413,0.1576572293473788,0,8
2024-08-06,223.8519287109375,230.15510502477804,223.37622157096573,227.3404830231307,666200,-0.011812624602351773,-1.0,0.02512159049541833,0.11726459157380642,1,8
2024-08-07,217.4001007080078,222.9897088037912,217.3802751662705,222.9897088037912,1149900,-0.028821855769047278,-3.0,0.02524035342515842,0.11287930084675346,2,8
2024-08-08,222.73204040527344,224.73398159782653,216.01261829462484,217.1622426498928,532600,0.024525930208408653,2.0,0.025854649956175178,0.10037616211154332,3,8
2024-08-09,224.43667602539065,225.0808624832144,220.184997011889,222.29597114261185,515300,0.007653302223674441,1.0,0.02620817790479959,0.12162501294747163,4,8
2024-08-12,221.3445587158203,224.8232081982224,220.7796592608961,224.3375806732329,393400,-0.01377723714470147,-1.0,0.0256554271622261,0.09798788939979497,0,8
2024-08-13,222.54373168945312,222.81132357343856,219.1245591900341,221.443648524688,431300,0.005417675413346812,1.0,0.025954587230981308,0.08328082852475904,1,8
2024-08-14,219.35250854492188,221.92926953198375,218.4506353943441,221.92926953198375,574000,-0.014339757495324235,-1.0,0.025951165145843266,0.08222076059104655,2,8
2024-08-15,222.5536346435547,223.08881840610164,218.25241461399327,220.274181292891,608000,0.014593524003292835,1.0,0.024598864084082007,0.022309487955823437,3,8
2024-08-16,225.4673767089844,226.4782676432425,222.98971322866583,222.98971322866583,438300,0.013092313994765403,1.0,0.024739596304478948,0.04068951497790474,4,8
2024-08-19,224.13934326171875,227.0828085620177,223.0590856592406,225.0213908186209,308800,-0.005890135711206557,-1.0,0.024787914722359045,0.0598649396167561,0,8
2024-08-20,223.66363525390625,225.9430887293868,222.63293387777543,223.89159118717495,333300,-0.0021223762008485414,-0.0,0.02452383665851039,0.06997198544933281,1,8
2024-08-21,226.78549194335935,227.59815768849808,223.8122958135425,224.21863624734064,301900,0.013957819678237504,1.0,0.024429882635929257,0.05290657991728165,2,8
2024-08-22,228.12342834472656,228.50995837138944,225.93318226171843,227.1026321843277,304700,0.005899567868747901,1.0,0.023040124696630936,0.10497850986622081,3,8
2024-08-23,228.8270721435547,229.82804267710435,227.64770198793727,229.74877075891507,319300,0.0030844872178794613,0.0,0.02299230449164355,0.09876366188090491,4,8
2024-08-26,228.1333465576172,231.1560990482931,227.7666571992666,228.82708931224988,388700,-0.0030316587082068747,-0.0,0.022980654615184403,0.10094402114435863,0,8
2024-08-27,228.15316772460935,229.28298165261856,225.0907642081345,228.41083927925797,342400,8.688412847690508e-05,0.0,0.02304331761862152,0.09146519519709817,1,8
2024-08-28,228.6387939453125,229.72897197811375,226.408896705685,228.15318155816703,259900,0.002128509656676547,0.0,0.023035084714944542,0.09233689184420868,2,8
2024-08-29,228.35047912597656,229.91131519439145,228.10193709465304,229.35458347139505,406800,-0.0012610056865717256,-0.0,0.022991049738779325,0.08279364331500605,3,8
2024-08-30,228.54931640625,230.10021629993227,226.5908039285148,228.5393801858349,488600,0.0008707548196724701,0.0,0.02295828205304456,0.06948145520365712,4,8
2024-09-03,228.3703765869141,229.66278306970372,226.908948166108,227.88322872337795,333000,-0.000782937451529464,-0.0,0.013866063158156128,-0.011912627057477976,1,9
2024-09-04,226.7498779296875,230.8359097133003,226.5311597188039,229.0165801426608,358100,-0.007095923216686839,-1.0,0.013606325799833861,-0.023605213073405462,2,9
2024-09-05,226.01419067382807,227.20718945731065,223.02174990953745,226.7498805890469,430400,-0.0032444879908052338,-0.0,0.01179960854721478,0.000980282070389915,3,9
2024-09-06,222.60418701171875,228.36041374202543,222.50476413196705,226.0340639859306,488200,-0.015087564422140431,-2.0,0.011511233086424747,0.00965934032975313,4,9
2024-09-09,225.58670043945312,226.71010014286088,223.021744770676,223.04163238138648,674900,0.013398280902853665,1.0,0.010059344645016252,0.023937828394571925,0,9
2024-09-10,219.04507446289065,226.9785322027615,213.6069733657021,225.92471637094988,778900,-0.028998278550194212,-3.0,0.009005713145955009,0.012816566619627157,1,9
2024-09-11,217.0169677734375,217.78248152817488,212.66252141162587,217.454404204716,582700,-0.009258855486370399,-1.0,0.010926376647598147,-0.02402281863188016,2,9
2024-09-12,218.77664184570312,219.54215557289012,213.6666181338432,216.50993966502145,656700,0.008108463086180073,1.0,0.010706533517606183,-0.019551377126640457,3,9
2024-09-13,219.8404083251953,221.98780000465223,219.0947822111305,219.1643660934795,395500,0.004862340286960087,0.0,0.01080141336000855,-0.016927413839751493,4,9
2024-09-16,224.4434051513672,225.17909507322105,221.0135279292456,221.08312698406263,575000,0.020937901549759497,2.0,0.010399350260121069,0.0022242726263306256,0,9
2024-09-17,225.6861114501953,227.79375829203428,224.6621194457774,225.0697320373852,595600,0.005536835880697977,1.0,0.01091887804027591,0.008491303729274868,1,9
2024-09-18,225.89488220214844,228.87738657221132,225.26855143009868,225.3083266501218,511600,0.0009250491783105996,0.0,0.010601684460551555,0.0009701392033014677,2,9
2024-09-19,223.28021240234372,227.7241450719706,222.5345863191151,227.25688484622987,584300,-0.011574719065414296,-1.0,0.010513092773305014,0.007832355154087312,3,9
2024-09-20,220.92405700683597,222.87261816953944,219.0251921179278,222.0772957511804,894300,-0.010552459486477206,-1.0,0.010825298702327991,-0.0017142833752444853,4,9
2024-09-23,223.4094696044922,223.89661746287777,221.2521265227313,222.8924979149608,513400,0.011250076751846416,1.0,0.01056032924649824,-0.025845722697231843,0,9
2024-09-24,219.31350708007807,222.9123910456144,218.4485704460241,222.9123910456144,446400,-0.018333880527380164,-2.0,0.010801785380589636,-0.020664071088353664,1,9
2024-09-25,217.3350982666016,219.99946160733847,216.41051400566093,219.99946160733847,454100,-0.009020916403266077,-1.0,0.011397723255802832,-0.04157534759483472,2,9
2024-09-26,218.95559692382807,220.8842703755172,217.2257388966574,217.2257388966574,761700,0.0074562216142310955,1.0,0.01150040555116127,-0.047333055223859555,3,9
2024-09-27,220.80474853515625,224.1749779011869,218.59769406503327,220.3772483494216,450300,0.008445326985505153,1.0,0.011685993968162207,-0.04031314091541849,4,9
2024-09-30,222.17669677734372,222.5843093648486,219.7111639811184,221.70943652723864,485800,0.006213400079885689,1.0,0.011874442285880044,-0.03426385030717949,0,9
2024-10-01,217.92166137695312,222.4749534482509,217.72283077550225,220.36732176722663,323800,-0.01915158278122575,-2.0,0.011996235416585661,-0.027036432646269537,1,10
2024-10-02,217.72283935546875,218.65735990589815,216.23158703111625,218.32928257416424,284400,-0.0009123554777809018,-0.0,0.012600898878145958,-0.04650048924410721,2,10
2024-10-03,213.8157501220703,218.0310133461352,213.50754525463736,217.3251624586196,434400,-0.017945242882945633,-2.0,0.012600208487223352,-0.04662398595902417,3,10
2024-10-04,214.7403106689453,215.36664142939952,212.5730314816616,214.5514163018368,308600,0.004324099353518962,0.0,0.013026413268289253,-0.05704138818380278,4,10
2024-10-07,210.8034210205078,214.561390818492,210.25664063969128,213.50755977102375,397600,-0.018333258605119584,-2.0,0.013115334944449459,-0.04988129272445829,0,10
2024-10-08,211.41981506347656,212.8514197122604,210.0478580800916,211.5092865615748,297800,0.002924022959327477,0.0,0.013290878387608908,-0.05301232716970283,1,10
2024-10-09,214.32276916503903,214.7303817426656,211.55898295298928,212.10577846324412,401300,0.013730756980800951,1.0,0.012853532812992695,-0.06280017992363396,2,10
2024-10-10,213.646728515625,214.73038332385588,212.45372977433996,214.24323547116856,474600,-0.0031543109117513346,-0.0,0.011877984768410454,-0.021558600710063658,3,10
2024-10-11,215.1280517578125,216.20175521206176,214.1835950212366,214.223355073704,435100,0.006933517084391827,1.0,0.011738869780604882,-0.015529842170364239,4,10
2024-10-14,215.5853729248047,216.47018198599795,214.43213421117235,215.466062429386,351900,0.0021258090855906797,0.0,0.01169761911670178,-0.01667723783082775,0,10
2024-10-15,215.41635131835935,218.91582751657563,214.71050041430755,215.56548564541143,595500,-0.0007840124037742369,-0.0,0.01164727904158145,-0.019355110522249586,1,10
2024-10-16,215.42630004882807,217.37486113857648,214.0543431398609,214.7403215943445,345700,4.6183729358606485e-05,0.0,0.010524569886412514,-0.040219733018753145,2,10
2024-10-17,213.8753967285156,216.07249982196345,212.75198187642036,216.07249982196345,345200,-0.007199229248986527,-1.0,0.010398024303696225,-0.045460535145209424,3,10
2024-10-18,214.51165771484372,215.1181008697892,212.12564514481844,214.6309530339145,354100,0.0029749143476085482,0.0,0.010428541535658522,-0.05320831245250113,4,10
2024-10-21,212.8812255859375,215.49587744076192,211.72798691950604,214.50170931517653,710400,-0.007600669102439173,-1.0,0.010281138659718903,-0.03927152609340656,0,10
2024-10-22,219.22401428222656,221.4708440200142,211.21102138432371,212.56309068120228,878000,0.02979496514467672,3.0,0.010175928638755393,-0.0364054124746116,1,10
2024-10-23,218.6175842285156,225.11945284429063,217.88190945870227,219.38309800097295,1388500,-0.0027662574088724856,-0.0,0.01199873226879129,-0.018734457987278907,2,10
2024-10-24,228.728271484375,238.103269772623,221.4509534106546,224.2346272394515,1610800,0.04624828003446857,5.0,0.011325343248309683,-0.0031731873737642635,3,10
2024-10-25,227.29666137695312,230.2393905073156,225.9247045215616,227.94286458489177,819200,-0.00625899937131158,-1.0,0.014978863672337667,0.05242215044252796,4,10
2024-10-28,226.0539703369141,229.0662987715496,224.0556825447677,228.90722821867968,720500,-0.005467264818193374,-1.0,0.015052678740862968,0.038094776156952115,0,10
2024-10-29,226.7598114013672,229.13587269097857,224.34399006016915,224.40363772245027,645400,0.0031224448896036705,0.0,0.01505582399745275,0.02377313819825777,1,10
2024-10-30,229.2154083251953,230.567477628306,226.82941081137756,228.34053549088776,652100,0.010829065823668715,1.0,0.015019692346816289,0.02062824180258871,2,10
2024-10-31,226.9387664794922,230.34875593192325,226.36214713559323,228.69843317212303,566900,-0.009932324630084088,-1.0,0.014413238922377255,0.05182480198105077,3,10
2024-11-01,225.77560424804688,230.1598744802224,225.7557166365056,228.16160185970435,641400,-0.005125445288566066,-1.0,0.014652622906125323,0.042328710902841404,4,11
2024-11-04,225.84518432617188,228.28089334071703,224.30422060846283,226.09372637193772,401200,0.00030818244671171335,0.0,0.014030594458833309,0.055935328053001276,0,11
2024-11-05,227.7738800048828,228.509569944012,223.32994687689296,224.71184008688468,395200,0.008539901722790066,1.0,0.01403453657583648,0.05171303712206332,1,11
2024-11-06,233.0131378173828,233.2616798569799,226.8492830995337,228.67856404001785,566900,0.02300201327908047,2.0,0.013243196801477,0.08050371717033977,2,11
2024-11-07,237.6558990478516,238.9880807267335,232.38680482429223,233.6295150105184,718200,0.01992489039011791,2.0,0.013887719143783929,0.10213481053052242,3,11
2024-11-08,240.97642517089844,242.3583183379047,236.57226740353545,238.38164560754967,854700,0.013971991170218079,1.0,0.014151672656977993,0.10886911350443085,4,11
2024-11-11,242.49749755859372,246.543769281196,241.4933931707034,242.05012491724864,752700,0.006312121140549465,1.0,0.014150119016405015,0.12792003343629332,0,11
2024-11-12,242.83551025390625,245.5197764322872,241.57292760800664,241.57292760800664,737900,0.0013938811687359554,0.0,0.01414837257983979,0.12722397463810653,1,11
2024-11-13,244.7840881347656,245.7384810832809,242.74604035144105,242.74604035144105,624400,0.008024270745336848,1.0,0.014158806814683183,0.12640067811375255,2,11
2024-11-14,236.7909698486328,244.90338583879316,236.5324915829424,244.1875835355553,898900,-0.03265374946157518,-3.0,0.01408497460755919,0.13633011903077064,3,11
2024-11-15,233.8383026123047,237.8646715765318,231.02480486274436,236.54242608625628,2051400,-0.012469509450531824,-1.0,0.016413985573384107,0.09917391606764014,4,11
2024-11-18,237.248291015625,239.8033104890075,233.62951949073087,233.62951949073087,632100,0.014582676855014354,1.0,0.016642754054025117,0.0933389543123988,0,11
2024-11-19,234.8523406982422,236.45295204610323,229.84173983569588,230.8756680496237,584300,-0.010098914968475037,-1.0,0.016785583648758318,0.10599252993049779,1,11
2024-11-20,236.462890625,237.28803680545647,233.73886454715336,235.20029287992568,486700,0.0068577129015170435,1.0,0.01688746484343993,0.10320832685846804,2,11
2024-11-21,238.7693634033203,239.39569419383108,233.6295158744585,236.2740068012793,302700,0.009754058119749942,1.0,0.015904740596389313,0.07863589396999315,3,11
2024-11-22,238.27227783203125,239.56469945633725,237.42724400945573,238.8190733465225,436400,-0.002081864960411184,-0.0,0.01588367220868821,0.09217821725511599,4,11
2024-11-25,239.88282775878903,241.1156017337292,236.6816202517228,238.32199164169603,982000,0.006759283712783226,1.0,0.012685156822540632,0.04172639562970781,0,11
2024-11-26,238.048095703125,239.912764646756,236.7418399758184,239.02530742028935,604600,-0.0076484510075433,-1.0,0.012577698574616802,0.05537330071453517,1,11
2024-11-27,241.4583282470703,241.7674555586837,238.0780118893792,238.8458167585009,444100,0.014325813167597401,1.0,0.012656799595485088,0.05305868040421813,2,11
2024-11-29,240.47116088867188,241.9170161056811,240.09224144131065,241.30875788422424,293500,-0.004088354978538322,-0.0,0.012915971410160465,0.06481976129220968,4,11
2024-12-02,239.9426727294922,240.39138431279588,236.91134762211712,239.52387423739512,423500,-0.0021977194987816695,-0.0,0.012878351376364035,0.0491055668801621,0,12
2024-12-03,239.88284301757807,241.25889083844947,238.07800032184304,239.94266919911115,482500,-0.00024935002696069297,-0.0,0.012617030463735825,0.05730138773436555,1,12
2024-12-04,236.71192932128903,240.38142584746737,235.9640715874021,240.38142584746737,378800,-0.013218593111541055,-1.0,0.012509588917318955,0.0624834503998597,2,12
2024-12-05,234.22903442382807,236.94126633575263,233.38147146085447,235.93415673908828,465900,-0.010489099153473291,-1.0,0.012992186641310709,0.048115903057835974,3,12
2024-12-06,231.90570068359372,234.9768896660217,231.71624095999115,234.82732420802185,392200,-0.00991906808628329,-1.0,0.013198714308894318,0.02834018728928389,4,12
2024-12-09,235.32589721679688,235.92418948224332,231.6863290450765,232.99258476892345,594200,0.01474822103605633,1.0,0.012439790588179933,-0.004752681089840616,0,12
2024-12-10,233.87005615234372,238.86575538808592,231.98545533355832,238.58655639383653,657300,-0.006186488957107605,-1.0,0.012067764685107231,-0.009804098448175202,1,12
2024-12-11,228.87437438964844,234.2390119460271,228.18634285588783,234.2390119460271,581700,-0.021360929419032115,-2.0,0.01166239043288509,-0.02948989310267569,2,12
2024-12-12,231.1777801513672,232.8330422619233,228.6350608009691,228.6350608009691,442900,0.01006406142173577,1.0,0.012298334569374248,-0.05617840722522749,3,12
2024-12-13,231.3472900390625,232.4341881683393,229.33307084469112,230.68918680135536,318500,0.0007332447244035034,0.0,0.012584043338848062,-0.04800669428597926,4,12
2024-12-16,228.964111328125,233.30169212658757,228.3658342900225,231.5467248468678,549300,-0.010301303769476244,-1.0,0.012385001265401159,-0.05489244908887003,0,12
2024-12-17,230.29031372070312,232.06522812955075,227.91712227488895,227.91712227488895,464400,0.0057921845693866825,1.0,0.010489423076933688,-0.033053872474575696,1,12
2024-12-18,225.66357421875,231.2675165938901,225.5838009019076,230.210546772336,466100,-0.02009089929663499,-2.0,0.010293778896752624,-0.01517283033602923,2,12
2024-12-19,226.3216857910156,227.8174012021303,224.5068771222319,225.0353620169428,581600,0.0029163393983455688,0.0,0.01050240372008579,-0.048829505777607696,3,12
2024-12-20,227.95700073242188,229.113690968838,225.91285329388737,227.1991770681513,996900,0.0072256219535069555,1.0,0.010404493311454105,-0.03632348258426554,4,12
2024-12-23,227.18919372558597,227.93705142411528,224.6065954583135,227.2988801299784,510600,-0.0033682098131180283,-0.0,0.010419937144990132,-0.03597135208021873,0,12
2024-12-24,228.83450317382807,229.4527273719012,225.06530137003173,226.50117545440747,144100,0.0072420233606242945,1.0,0.010087425097928374,-0.04849939503408385,1,12
2024-12-26,230.40000915527344,231.02821452315004,228.3558616313232,228.375808764565,430800,0.00684121476321331,1.0,0.010301174078199055,-0.039609201473518874,3,12
2024-12-27,229.7718048095703,231.74616019876444,228.39575691385872,229.15358061316664,339800,-0.002726581253214122,-0.0,0.01030462148399629,-0.03953104393554552,4,12
2024-12-30,228.19631958007807,229.552435488454,226.3316506965589,228.8444568357973,266900,-0.006856738714299482,-1.0,0.010222219136256885,-0.03476730561153585,0,12
2024-12-31,228.66497802734372,231.0481506266131,228.0267915157097,228.97409010941408,437300,0.0020537511215257265,0.0,0.009594483609434361,-0.05492462721526836,1,12
