Date,Close,High,Low,Open,Volume,Daily Return,Daily Return(%),Monthly Volatility,Monthly Momentum,Day of week,Month_Number
2010-02-04,32.18047332763672,32.82983423801543,32.147593420994625,32.82983423801543,583500,-0.0241776337858991,-2.0,0.013529192998399546,0.0027492596764033816,3,2
2010-02-05,33.281917572021484,33.67646695550085,32.50103721206034,32.50103721206034,808100,0.03422709893576492,3.0,0.014203771458174834,-0.007101248880094446,4,2
2010-02-08,33.36411666870117,33.69290941388256,33.00244715748165,33.405214977948845,632900,0.0024697824727739626,0.0,0.01602934353946276,0.031067011606196404,0,2
2010-02-09,33.88197708129883,34.4573599016518,33.503864339293905,33.73402060303629,585200,0.015521478291779855,2.0,0.01596072950081592,0.025258568171606433,1,2
2010-02-10,33.93951416015625,34.19432564710756,33.46276482807778,33.84087442107727,512500,0.0016981617902451784,0.0,0.015907285768527228,0.024099193053894297,2,2
2010-02-11,34.60530090332031,34.64640234547896,33.832642078974565,33.92306023476392,523100,0.01961686133815288,2.0,0.01590606139914825,0.023550176511855092,3,2
2010-02-12,34.74503326416016,34.769691616969865,33.37232747176602,33.7011201420255,702100,0.0040378889127488105,0.0,0.01591285396632358,0.05991910024139058,4,2
2010-02-16,34.991634368896484,35.13959079149816,34.71216147460443,34.9258777008513,499900,0.007097449090391006,1.0,0.01591463790817853,0.060727516231403156,1,2
2010-02-17,35.3451042175293,35.3451042175293,34.654641591111634,35.205369264083686,396100,0.010101552985676054,1.0,0.01580268901811279,0.07472843995872536,2,2
2010-02-18,35.56702423095703,35.60812254519897,35.17247477015376,35.188914722970615,425300,0.006278663434175824,1.0,0.01558831318744691,0.09554186745082593,3,2
2010-02-19,36.01090240478516,36.01912081541418,35.550593019530886,35.68210953880337,607300,0.012480048118329368,1.0,0.015063235514171092,0.07851420924999752,4,2
2010-02-22,35.87116241455078,36.33147177510632,35.69854758019282,36.0191188827436,423700,-0.003880491209679149,-0.0,0.014320689177346965,0.11192906112614387,0,2
2010-02-23,35.29578399658203,36.00268657577813,35.057412423273064,35.74787504299929,662100,-0.01604013863056064,-2.0,0.014115495185301674,0.11754164393274324,1,2
2010-02-24,35.18069839477539,35.41907304256141,34.62997400396029,35.29577494595461,523200,-0.0032606047741504662,-0.0,0.014869158430905268,0.0962473999517548,2,2
2010-02-25,34.79436492919922,34.83546324304786,34.11212100403044,34.621746994074364,628900,-0.010981404099514536,-1.0,0.014900578895420204,0.08162797611891981,3,2
2010-02-26,34.68751907348633,35.01630883616684,34.30940943538309,34.695737484922724,561400,-0.003070780453395372,-0.0,0.015202300313379748,0.07191716990759867,4,2
2010-03-01,35.52592086791992,35.55879763328093,34.76969882381782,34.87655693414093,694900,0.02417012853117062,2.0,0.01525155354015999,0.06862554761458739,0,3
2010-03-02,35.706764221191406,35.978018777971855,35.509491030442746,35.55880776032949,521000,0.005090462086650316,1.0,0.015698241063331037,0.10255079740092343,1,3
2010-03-03,35.51771926879883,36.05200698482783,35.36976276699393,35.74787556916295,249500,-0.005294373671652419,-1.0,0.014140368863184958,0.13657817540759254,2,3
2010-03-04,35.58347702026367,35.87116845934027,35.38620065089578,35.56703706151622,272500,0.0018514069264186084,0.0,0.014328915504376656,0.11943119243994538,3,3
2010-03-05,35.978023529052734,36.01090344371975,35.62457228538545,35.71499048291911,201800,0.011087913318992948,1.0,0.014304361970885625,0.11000040934856936,4,3
2010-03-08,36.62738800048828,36.69314469470034,35.920485508001285,35.920485508001285,804900,0.01804892008342751,2.0,0.013331881801462596,0.09097711815431286,0,3
2010-03-09,36.59449768066406,36.783552434221534,36.38078143013796,36.38078143013796,239700,-0.000897970661292602,-0.0,0.011943750729724584,0.138186739131414,1,3
2010-03-10,36.29035949707031,36.6273706259965,36.16706144245838,36.46297426504719,420800,-0.008311035889814966,-1.0,0.010155511191617282,0.09953092701086752,2,3
2010-03-11,36.49586486816406,36.50408327760199,35.92869741332539,36.11775218640472,206500,0.005662808909631778,1.0,0.010532860123690679,0.0877062880886712,3,3
2010-03-12,36.98904800415039,36.98904800415039,36.101309346962566,36.67669516525833,452000,0.013513397689515871,1.0,0.010211457047688296,0.07714684950625172,4,3
2010-03-15,37.40004348754883,37.40004348754883,36.86575589777203,36.98905399867466,528400,0.011111274973941487,1.0,0.010425010400131909,0.08985201819931121,0,3
2010-03-16,37.063026428222656,37.40003763090126,37.03014652171731,37.301401046985696,323900,-0.00901114084100918,-1.0,0.009948692033527138,0.08076053411690931,1,3
2010-03-17,36.62738800048828,37.26031225223591,36.52052984484224,37.17811246496924,636100,-0.01175398961490759,-1.0,0.010330152298581807,0.06671437458238172,2,3
2010-03-18,36.48762893676758,36.61914538512495,36.3067926444264,36.5369487807514,406400,-0.003815698343513918,-0.0,0.010777614771136796,0.04674699141934879,3,3
2010-03-19,35.69031524658203,36.66847195015296,35.47660215467916,35.69031524658203,402500,-0.02185161692932358,-2.0,0.010697175057294306,0.03232483662253993,4,3
2010-03-22,36.446537017822266,36.46297696869616,35.427282012840855,35.59167838597979,326300,0.021188430699352168,2.0,0.01178416303905881,0.00346644169116872,0,3
2010-03-23,37.31783676147461,37.38359343141583,36.38077834611132,36.58627303502781,466100,0.02390624226456084,2.0,0.012375170058182616,0.012097297872191382,1,3
2010-03-24,36.87250900268555,37.4003189722617,36.64159292749488,37.11167387827336,274600,-0.011933375496427479,-1.0,0.013316732764153804,0.04032973144848517,2,3
2010-03-25,36.674564361572266,37.400301150926325,36.6663155651057,37.152890738828624,181400,-0.005368352912975438,-1.0,0.013066854878898427,0.04467176607427681,3,3
2010-03-26,36.81477737426758,37.01270767182611,36.35294525662326,36.71581379848599,348600,0.0038231677767992522,0.0,0.013118600119895822,0.0424626580755636,4,3
2010-03-29,36.77353286743164,36.98795441463192,36.616840319323536,36.85600196727917,291500,-0.0011203247656949022,-0.0,0.0127758217859593,0.05806723155256788,0,3
2010-03-30,37.19413757324219,37.36732775033249,36.83126905866247,36.87250361663822,202100,0.011437701874519979,1.0,0.012738280285134521,0.06013730153275132,1,3
2010-03-31,36.55086517333984,37.37556881560111,36.55086517333984,37.07042934884297,321500,-0.017294994369357997,-2.0,0.011952103001697469,0.046957732961362186,2,3
2010-04-01,36.92198944091797,37.03744746936295,36.54262644860006,36.76529685174196,160100,0.01015363838360872,1.0,0.012663676999682835,0.02363980524584952,3,4
2010-04-05,37.22712326049805,37.32608682028548,36.798276973426034,36.94672388610461,164100,0.008264284351967133,1.0,0.01271677481322568,0.03953717189697903,0,4
2010-04-06,37.05393600463867,37.37556993136305,36.89724344048944,37.12815946049775,328800,-0.004652179397464873,-0.0,0.012791694870201212,0.04619127690355751,1,4
2010-04-07,37.26012420654297,37.39207671091071,36.86426669343976,36.90550126118045,385300,0.005564542505780867,1.0,0.012707610291054753,0.029904713212417722,2,4
2010-04-08,37.672462463378906,37.705451363962034,36.7323008187228,37.202381641050856,315700,0.011066475638949358,1.0,0.012174609819825223,0.017274947535059093,3,4
2010-04-09,38.249759674072266,38.35696889328346,37.458041706542815,37.73019544606748,501100,0.015324116687475575,2.0,0.01236538598060427,0.029457018159438242,4,4
2010-04-12,39.39609146118164,39.89091236418631,38.24150515951131,38.24975395729165,1171100,0.029969646786733195,3.0,0.012506751728309997,0.05399230550912937,0,4
2010-04-13,39.44558334350586,39.72597960880652,39.239407398317546,39.33837097112927,303200,0.0012562637685260558,0.0,0.013857943142618755,0.07946726577090901,1,4
2010-04-14,40.19606018066406,40.2290459380841,39.64350705944496,39.64350705944496,365700,0.019025624000101438,2.0,0.013682699580495141,0.06641250510366836,2,4
2010-04-15,39.758975982666016,40.38575273551798,39.53630554252091,40.04762424774116,461000,-0.01087380693614104,-1.0,0.0140176855640658,0.07475971770049084,3,4
2010-04-16,39.58577346801758,39.97338517327686,39.12393831166597,39.71772592040452,256300,-0.004356312263272266,-0.0,0.014106634952494805,0.07273959560923648,4,4
2010-04-19,39.65175247192383,39.79195058047186,39.02497594454692,39.55278577013081,159000,0.001666735246680373,0.0,0.013797117043805722,0.08076976353022647,0,4
2010-04-20,39.73421478271485,40.16306097916603,39.6352512438397,39.89915611150287,413600,0.002079663713461688,0.0,0.013697398696402824,0.08671770754519614,1,4
2010-04-21,40.02286529541016,40.13007764588017,39.66824249046631,39.66824249046631,392900,0.0072645329541249914,1.0,0.012364786323276174,0.11330523443667517,2,4
2010-04-22,41.07024765014648,41.21869458235386,39.47032344812786,40.02287347112567,350500,0.026169599477837258,3.0,0.011825951339158884,0.09812532465948909,3,4
2010-04-23,41.14448547363281,42.13413098502071,40.938309456510176,41.07026198162881,364400,0.0018075815884706081,0.0,0.012020058781911185,0.10055274405792192,4,4
2010-04-26,41.17745208740234,41.91143780743181,40.96302738398125,41.18569773938255,458600,0.0008012401513843859,0.0,0.01143231400676993,0.11585803587806098,0,4
2010-04-27,37.77141571044922,41.59803904586677,37.63121764022627,40.69086654938194,1105500,-0.08271605464377785,-8.0,0.011221904654836364,0.1227795831856755,1,4
2010-04-28,37.77967834472656,38.71159127825129,37.63123142423687,38.04358328204268,706300,0.00021875362948220456,0.0,0.02231225464092369,0.025985172379455967,2,4
2010-04-29,38.20027160644531,38.406447512415326,37.7466852425102,38.12604815445632,589800,0.01113279096452291,1.0,0.02230639894217447,0.027360587869598163,3,4
2010-04-30,37.32607269287109,38.71982338483803,37.301332598786736,38.13428475422148,455800,-0.022884625601110264,-2.0,0.022299727187155324,0.027050876800728707,4,4
2010-05-03,37.66422271728516,37.88689313074479,36.74055530093055,37.37557763279793,613700,0.009059351815458028,1.0,0.022567260694111458,0.02120900602092135,0,5
2010-05-04,36.27046585083008,37.02919483849999,35.94883193333757,37.02919483849999,417800,-0.03700479568945014,-4.0,0.022546931798144796,0.020102743313842986,1,5
2010-05-05,35.42927932739258,36.15501965130071,34.8437403045329,35.932349217397224,435400,-0.023192051816953718,-2.0,0.023957617768253347,-0.025697860212666068,2,5
2010-05-06,34.72828674316406,36.08080083095357,33.243820138175494,35.165378866511695,590600,-0.019785685668365693,-2.0,0.024437422860396654,-0.04384572470365111,3,5
2010-05-07,34.08499526977539,35.1983436744698,33.85407616333964,34.7365086075923,945400,-0.018523559142038515,-2.0,0.02467834882211189,-0.0679503226920084,4,5
2010-05-10,36.64982604980469,36.71580384643896,35.18185468063172,35.627195369929524,550700,0.07524808965731733,8.0,0.024677016732113102,-0.09522783909044608,0,5
2010-05-11,36.54261779785156,37.07042760064878,35.89934684794719,36.014804849059765,498700,-0.002925204932962999,-0.0,0.029974582502681,-0.04182859285654805,1,5
2010-05-12,37.68895721435547,37.94461333092756,36.70755786314343,36.70755786314343,409700,0.03136993148233902,3.0,0.02908864238766891,-0.07243037462591195,2,5
2010-05-13,38.01884460449219,38.15079708902249,37.34258772802496,37.49928346627652,675300,0.008752892478836483,1.0,0.03004422198658527,-0.04453289773542146,3,5
2010-05-14,37.08692932128906,37.63947933379893,36.81477556874288,37.57350466851194,419800,-0.024511930672743598,-2.0,0.02977170562687715,-0.05416489990278217,4,5
2010-05-17,36.74054336547852,37.53225803658778,35.80038180028696,37.28484759511544,320800,-0.009339839187271437,-1.0,0.03011659153719218,-0.0672061237830145,0,5
2010-05-18,36.65807342529297,37.78791640787121,36.53436663439996,37.26835229051271,597700,-0.002244657607950451,-0.0,0.030148483159753735,-0.07187506655232578,1,5
2010-05-19,35.67667770385742,37.07042885411512,35.462256143968766,36.55911348361548,590600,-0.02677161208254919,-3.0,0.03012957257275911,-0.07549928716897414,2,5
2010-05-20,34.32416915893555,35.20660191885135,33.95305184261695,34.62106301199042,632900,-0.03791015957676014,-4.0,0.03052733991156971,-0.1021169564076182,3,5
2010-05-21,34.5963134765625,34.687031367602394,33.408738388031914,33.664397613144864,578300,0.007928649820096334,1.0,0.031227906963868388,-0.14238601095679537,4,5
2010-05-24,34.74475860595703,35.31380287644458,34.39838150731678,34.546828385877724,445600,0.004290778828070607,0.0,0.03050979846704331,-0.15763075569282303,0,5
2010-05-25,35.19010543823242,35.24783759166149,33.40049991578521,33.73038265483293,596900,0.012817669488687677,1.0,0.030553230299860037,-0.15554276093152275,1,5
2010-05-26,35.75090408325195,36.87250161693742,35.43751894283597,35.47050469983059,707300,0.01593625929890652,2.0,0.030829161722885634,-0.14540352415349322,2,5
2010-05-27,37.68070983886719,37.9693580131789,36.303456209477,36.45190312289562,780700,0.05397921549400153,5.0,0.025824766614947682,-0.05349313996293514,3,5
2010-05-28,36.90548706054688,37.72194503003461,36.4189117980429,37.72194503003461,539500,-0.020573465352307974,-2.0,0.02860240276198443,-0.0026196227759358592,4,5
2010-06-01,36.27871322631836,37.07042793771288,36.130266324682566,36.63333288467653,400900,-0.016983215346819347,-2.0,0.0288355488430343,-0.03389464240563067,1,6
2010-06-02,36.9549674987793,37.0126964960539,36.12201514496969,36.56735582051179,278500,0.018640525319689294,2.0,0.02864229014982532,-0.028059728521955152,2,6
2010-06-03,37.18588638305664,37.31783883652834,36.60034756740066,36.85600367638008,220000,0.006248656132222807,1.0,0.02888532612069587,-0.018831006385812588,3,6
2010-06-04,35.124114990234375,36.54260572615538,35.008657027262856,36.344675542494535,335800,-0.05544499791086577,-6.0,0.027669786466388978,0.02523873103784835,4,6
2010-06-07,33.829341888427734,35.107631833141745,33.804601787263806,35.107631833141745,315500,-0.036862796462391434,-4.0,0.029915517099826743,-0.008613337413337141,0,6
2010-06-08,34.29117584228516,34.48910293670263,33.48296357776474,33.854080812290555,724200,0.01365187520882305,1.0,0.030702272894723097,-0.02588509077296408,1,6
2010-06-09,34.25819396972656,34.99217979186258,34.04376923647632,34.38189764260623,459300,-0.0009618180697650303,-0.0,0.030576352559538268,0.006049012795158015,2,6
2010-06-10,35.86635971069336,35.899345462599335,34.9591838943981,34.9591838943981,414300,0.04694251373519309,5.0,0.02536865415702105,-0.06525630099384527,3,6
2010-06-11,36.06429672241211,36.41891960736341,35.462263327168,35.49525223413912,356700,0.005518737148552555,1.0,0.02760189501817189,-0.018506011006085177,4,6
2010-06-14,35.9488410949707,36.77354494835751,35.783899695094235,36.29521520331531,323000,-0.0032013830279312705,-0.0,0.026668950751766392,-0.043107069338722326,0,6
2010-06-15,36.608585357666016,36.724043336409785,35.99005777497242,36.07253000692795,632400,0.01835230963224599,2.0,0.026560762809193315,-0.054446775830660044,1,6
2010-06-16,36.476661682128906,36.69933216491878,36.130287472897855,36.270485658730486,323400,-0.0036036266970770336,-0.0,0.026417217161862627,-0.012897912347476614,2,6
2010-06-17,35.95708465576172,36.60035576322765,35.56947600651436,36.60035576322765,233000,-0.014244094782986827,-1.0,0.026348476727298686,-0.007182302143020514,3,6
2010-06-18,35.75090408325195,36.27871709310007,35.585965860294046,36.03955226541818,377700,-0.0057340736737601095,-1.0,0.02652881211572574,-0.01912235706985055,4,6
2010-06-21,36.62508392333984,37.29309492033904,36.31994449576979,36.31994449576979,515200,0.024451964572761886,2.0,0.025879708694312883,0.0020805294711201405,0,6
2010-06-22,35.73440933227539,37.02919376282178,35.668431532657785,36.798274610154806,373300,-0.024318704441161687,-2.0,0.02481785766708996,0.06703482766764357,1,6
2010-06-23,35.71792984008789,36.229245417271095,34.73653010875715,35.63545755602869,302300,-0.00046116593209266643,-0.0,0.025510832663705192,0.03289644882203713,2,6
2010-06-24,35.4034423828125,36.13997915259392,35.05586450998801,35.49447558481765,345100,-0.00880475040640305,-1.0,0.025509198486283895,0.028009152262868486,3,6
2010-06-25,36.280670166015625,36.30549625664666,35.196552292476035,35.58551121598435,414900,0.024778036376174484,2.0,0.0254712357152063,0.00606241276982078,4,6
2010-06-28,36.33859252929688,36.86823673608919,35.88342973639276,36.44617749534172,205500,0.0015965075346240365,0.0,0.025808323768565622,0.014818256946174557,0,6
2010-06-29,35.05585861206055,35.80066956720137,34.840688687716835,35.77584348244186,791600,-0.0352994936774772,-4.0,0.02278829792256191,-0.035618153567423705,1,6
2010-06-30,34.40208053588867,35.411716825439505,34.294495564806546,35.03103542859952,331300,-0.018649609567598757,-2.0,0.023616832682243967,-0.050117979623242714,2,6
2010-07-01,34.526222229003906,34.84069656347275,33.77313363742163,34.47656689133189,542200,0.0036085519009738665,0.0,0.023671800575093018,-0.05172820432529246,3,7
2010-07-02,34.36898422241211,34.733117076036294,34.06278417844302,34.733117076036294,224900,-0.004554161922172506,-0.0,0.023231453854023268,-0.06572175364125588,4,7
2010-07-06,34.87379837036133,35.24620549187434,34.46829084899188,34.799316946058724,700800,0.014688072963763288,1.0,0.023136452214799225,-0.07575191651013125,1,7
2010-07-07,35.999290466308594,36.04066832971173,35.031035203574994,35.05586129023116,390500,0.03227328678093766,3.0,0.020127685998579035,-0.007126631373990278,2,7
2010-07-08,36.15653610229492,36.644802581762434,35.8337842722439,36.44618752800613,464500,0.0043680204234439746,0.0,0.0194653835548083,0.064143978473999,3,7
2010-07-09,36.61170196533203,36.61997627713672,35.62689154332002,35.99929871311745,330700,0.012588757444832233,1.0,0.019319686898478572,0.054397675617455565,4,7
2010-07-12,36.73582458496094,36.82685777220301,36.24755825451302,36.57030998605974,326600,0.00339024445644287,0.0,0.019417238092911963,0.06869912633705177,0,7
2010-07-13,37.555137634277344,37.7620301901959,36.88480461660645,37.05859360591488,408800,0.022302835408567923,2.0,0.016657923041526756,0.024241793181156046,1,7
2010-07-14,37.24064636230469,37.53857203831172,36.91789459893997,37.488916706667645,385700,-0.008374121139836155,-1.0,0.017263436015009813,0.041338416310742865,2,7
2010-07-15,36.71101379394531,37.439276438349474,36.512395561133374,37.3151396482258,470400,-0.014221895162793818,-1.0,0.0173789683717711,0.03593454553712183,3,7
2010-07-16,35.4034423828125,36.57859338435247,35.353790204939806,36.57031591675442,337900,-0.03561795973470139,-4.0,0.017283643357539267,0.0027979348362840994,4,7
2010-07-19,35.3206901550293,35.726197713583154,34.60070509203524,35.527582668516146,405900,-0.0023374062580812094,-0.0,0.018972293991795043,-0.029422081128718247,0,7
2010-07-20,36.040653228759766,36.10686030800706,34.61723575114312,34.82412813839998,658600,0.020383607188036557,2.0,0.018741031721168658,-0.01769872354294011,1,7
2010-07-21,36.330322265625,36.84341475347921,36.015844798972296,36.25584084344222,577400,0.008037285978881314,1.0,0.01924875556718471,0.008104666243770486,2,7
2010-07-22,37.2158317565918,37.71237259850804,36.71928775774588,36.82687276436861,1374000,0.024373840795919532,2.0,0.018550731737096926,-0.00804808142779423,3,7
2010-07-23,37.819942474365234,37.92752743794605,37.03375049175787,37.18271331612257,777100,0.01623262706378803,2.0,0.018430705628459467,0.04145646876492193,4,7
2010-07-26,37.53857421875,38.09304458146954,37.22409674726177,37.90270386783766,893900,-0.007439679629495655,-1.0,0.018673201757876744,0.05885034893366514,0,7
2010-07-27,35.96617126464844,38.88749387244405,35.93306772555717,38.88749387244405,1059100,-0.04188765787796411,-4.0,0.018632775211117635,0.06030859408671674,1,7
2010-07-28,35.15517044067383,36.1151514384698,35.00620759990129,36.04067001808352,623700,-0.02254898966050778,-2.0,0.020331073008283344,-0.008668497575377798,2,7
2010-07-29,35.527587890625,35.7179286521791,34.666914150348475,35.53586220333184,670200,0.010593532765817315,1.0,0.020898277794234196,-0.03256653618790972,3,7
2010-07-30,36.139984130859375,36.37998021339976,35.064143650726095,35.18828042636543,652100,0.017237202877935065,2.0,0.019526911558292347,0.01345650334184545,4,7
2010-08-02,37.4971923828125,37.59649988442885,36.57031184463135,36.6282414836516,654900,0.03755420165761025,4.0,0.019306960535627443,0.05051739801485855,0,8
2010-08-03,37.44753646850586,37.70408426367939,36.85168515425947,37.19926613987937,592700,-0.0013242568616791406,-0.0,0.020767696186729658,0.08604967361047744,1,8
2010-08-04,37.85306167602539,38.06822853521885,37.41444733097261,37.48892877394914,695000,0.010829155820719638,1.0,0.02071193581876122,0.08957355929321342,2,8
2010-08-05,37.67926406860352,37.81995262132906,37.406167588616334,37.56340476455263,659400,-0.004591375168258693,-0.0,0.020632115694085882,0.0854298483355369,3,8
2010-08-06,37.82821273803711,37.98545301189884,37.15788325701589,37.207535421874894,616900,0.0039530673731416055,0.0,0.01966198496954976,0.04666685316665342,4,8
2010-08-09,38.43235397338867,38.50683540801833,37.88615783841427,38.06822426904886,535200,0.015970652368254346,2.0,0.019660073883067158,0.046234424420874776,0,8
2010-08-10,37.67926406860352,38.13443013013092,37.52202689266721,38.01856766915078,629800,-0.01959520630213296,-2.0,0.019761813399057138,0.04972869083717102,1,8
2010-08-11,36.04894256591797,36.92616455639268,35.96618368959976,36.92616455639268,367900,-0.043268400882702784,-4.0,0.020338221419918284,0.025681728783864433,2,8
2010-08-12,35.28757095336914,35.5854965458381,35.16343739445896,35.46135983000009,570600,-0.02112049781090275,-2.0,0.021939996298830696,-0.04010623214930353,3,8
2010-08-13,35.527587890625,35.83378797165292,35.04759567345666,35.0889767077799,330200,0.006801741541604844,1.0,0.022306645901488238,-0.05244472370147868,4,8
2010-08-16,35.71792984008789,35.89999629499032,34.948289298638244,35.2213889809919,291000,0.005357581551803436,1.0,0.022217526014494803,-0.03223626320871298,0,8
2010-08-17,36.78548431396485,37.10823608413646,36.04894757548525,36.04894757548525,328700,0.029888475582333207,3.0,0.020809650250853025,0.00888296267563149,1,8
2010-08-18,37.23237991333008,37.48065031011234,36.404809819436295,36.702732401417386,352300,0.01214869418466713,1.0,0.021747056422214712,0.04147127795369476,2,8
2010-08-19,36.46273422241211,37.15789312744939,36.2889421284561,36.909619609491926,397600,-0.020671407326352975,-2.0,0.021474629801806176,0.03306617882328888,3,8
2010-08-20,36.43790817260742,36.52066707149541,35.767578454725324,36.13998245046907,337700,-0.0006808608935703342,-0.0,0.021964030565453815,0.0036446678292307855,4,8
2010-08-23,36.04894256591797,36.69444601655835,35.991012930959386,36.69444601655835,264400,-0.010674751274055372,-1.0,0.02126631883500613,-0.020903028288400072,0,8
2010-08-24,35.08894729614258,35.48618026863252,34.30275565693398,35.40342142628439,558000,-0.026630330918028244,-3.0,0.020998406580896894,-0.046827144426453526,1,8
2010-08-25,35.02275466918945,35.17171748993639,34.45173262761175,34.848965763960805,433700,-0.0018864238472152683,-0.0,0.021651215915758443,-0.06525625902392074,2,8
2010-08-26,34.5924186706543,35.4117142010669,34.50138548317196,35.22964782610223,304200,-0.012287325842867958,-1.0,0.019731954413462583,-0.02623066515801975,3,8
2010-08-27,35.31241226196289,35.42827471994278,34.19519396534061,34.91517901967654,346000,0.02081362387994523,2.0,0.01929592114462192,-0.016007653012782397,4,8
2010-08-30,34.94827651977539,35.52757608151927,34.91517296609205,35.25447649902468,292900,-0.010311834249277063,-1.0,0.01971639888738691,-0.006056578603775398,0,8
2010-08-31,35.08068084716797,35.544121039035375,34.633792428966686,34.81585878236603,426000,0.0037885795975562964,0.0,0.019419178212845053,-0.03297476852145054,1,8
2010-09-01,36.03238677978516,36.18962389189474,35.41998379091207,35.61032444986409,244200,0.027129061056807346,3.0,0.01731508478498849,-0.06444513261083995,2,9
2010-09-02,35.71792984008789,36.33033317944076,35.37035187010665,36.11516315875065,557900,-0.008727063838959714,-1.0,0.018525623149494335,-0.03779019455420962,3,9
2010-09-03,36.11514663696289,36.61996473502889,35.76756882598992,36.15652449680324,309500,0.011120935582027647,1.0,0.01835673693877615,-0.05640578968780763,4,9
2010-09-07,35.511024475097656,36.015842621941005,35.295857688980625,35.95791298118147,341100,-0.016727667422702153,-2.0,0.018590224996710387,-0.04151135831084196,1,9
2010-09-08,35.395172119140625,35.87516111605457,35.27931281495206,35.502757111713976,262000,-0.003262433502538742,-0.0,0.01881378479308018,-0.061255557564565244,2,9
2010-09-09,35.77583694458008,35.99100682960253,35.436533501516486,35.89169619485626,251200,0.010754710392652633,1.0,0.018313976943879175,-0.0790266934039755,3,9
2010-09-10,35.444828033447266,36.18963921111571,35.362069131309,35.784131639890845,283100,-0.009252303772671278,-1.0,0.01819837891671541,-0.05051656849130148,4,9
2010-09-13,34.848968505859375,35.89998264296565,34.435183561656686,35.833775536567494,766000,-0.01681090191848611,-2.0,0.015714509978509827,-0.016758176231273292,0,9
2010-09-14,34.749664306640625,35.00620897600022,34.57587221428835,34.82414572995477,529800,-0.00284955921154606,-0.0,0.015460409878556043,-0.01242937486656015,1,9
2010-09-15,34.90689468383789,35.006202176658384,34.43518014678021,34.74965755712809,286500,0.004524658880437515,0.0,0.015376287339076332,-0.021896324241862053,2,9
2010-09-16,34.61723327636719,34.939984872306106,34.24482637454264,34.749644268468465,248600,-0.00829811445831119,-1.0,0.015360292475424819,-0.02270666748831951,3,9
2010-09-17,34.675167083740234,35.13032972685434,34.36068975560083,34.741371009337904,658600,0.0016735539466870009,0.0,0.01369294916083449,-0.05894311514540895,4,9
2010-09-20,35.295860290527344,35.38689033490997,34.55932036942918,34.77449032833436,222500,0.017900222522018172,2.0,0.013306521812551925,-0.068682497211904,0,9
2010-09-21,34.7579231262207,35.36204855410705,34.683441736101706,35.23791500852704,341700,-0.015240800475715077,-2.0,0.013449874434834835,-0.03200182204568569,1,9
2010-09-22,34.34415054321289,34.89862085593421,34.15380984674459,34.60897265629301,483500,-0.011904410442051705,-1.0,0.013778867046734864,-0.046105419620373955,2,9
2010-09-23,33.309688568115234,34.32759916912931,33.276585014359824,34.02139918921336,518800,-0.03012047055279654,-3.0,0.013819436455393191,-0.04729104105030957,3,9
2010-09-24,34.34415054321289,34.4269062697022,33.185551430790895,33.69864703719617,564000,0.031055888528716658,3.0,0.014144917273288544,-0.05070709910476401,4,9
2010-09-27,34.517948150634766,34.79104779925597,34.14554097384649,34.34415918711004,530500,0.005060471861232818,1.0,0.01591790467075893,-0.0193760922687658,0,9
2010-09-28,34.435184478759766,34.67518051045194,33.88898846414266,34.48483665295216,739700,-0.0023976996405992157,-0.0,0.015741715629518864,-0.0021527988756306904,1,9
2010-09-29,34.186031341552734,34.617925219410665,33.970085986799674,34.29400560310517,524500,-0.00723542333164251,-1.0,0.015006028148423625,-0.024841910450508653,2,9
2010-09-30,34.62620544433594,34.858765474654014,34.03650587671613,34.32720512252632,490000,0.012875846815485037,1.0,0.014926306395977314,-0.02181066576462909,3,9
2010-10-01,34.98334503173828,35.16607007462604,34.67603732462196,34.86706661111856,424900,0.010314141639818697,1.0,0.015199583009574738,-0.012955147729657557,4,10
2010-10-04,34.12787628173828,35.17438557044109,34.01159782392134,34.82555019699027,268000,-0.024453600684093635,-2.0,0.014071766962344086,-0.029113856777187253,0,10
2010-10-05,35.04979705810547,35.29066134844038,34.39365081961374,34.46840169701596,474200,0.027013716551138156,3.0,0.014881320586195733,-0.04451695732279026,1,10
2010-10-06,35.14946746826172,35.323885144094994,34.9418264727411,35.07471658314029,276500,0.002843680092954992,0.0,0.015950877633942456,-0.029498691769592966,2,10
2010-10-07,34.51823806762695,35.24913204473497,34.47670733645153,35.24913204473497,662800,-0.017958434255219813,-2.0,0.015571892403533202,-0.010181542554185685,3,10
2010-10-08,35.33219146728516,35.465081573581266,34.45179253285464,34.52654341566808,668400,0.02358038663687112,2.0,0.016031725989483853,-0.02477552725444876,4,10
2010-10-11,35.755767822265625,35.9301854445737,35.23251178699221,35.2491234417381,428700,0.011988397475221957,1.0,0.016733726205415442,-0.012400701567993,0,10
2010-10-12,35.573055267333984,35.755777180664424,35.00827153154897,35.755777180664424,360600,-0.0051100162591911635,-1.0,0.01681749747819113,0.00877250098448612,1,10
2010-10-13,36.20426940917969,36.42021456278767,35.622874224059764,35.75576428051441,273300,0.017744164427319742,2.0,0.01640223592671868,0.02077785347801231,2,10
2010-10-14,35.84714126586914,36.37039746063786,35.44847093549541,36.14614480573698,318500,-0.00986425493839671,-1.0,0.016765414050916725,0.04185954401467673,3,10
2010-10-15,35.77238845825195,36.19597783974821,35.45677327553807,36.07139198204932,318200,-0.002085321310917543,-0.0,0.016953839316180972,0.02693584148768724,4,10
2010-10-18,35.597984313964844,35.72256705063623,35.174394771569084,35.705958553760986,318900,-0.0048753843901322425,-0.0,0.016829838925201106,0.03336936758239939,0,10
2010-10-19,35.34049606323242,35.61458369238307,34.90029817582693,35.13285507206378,615200,-0.007233225579893587,-1.0,0.016890899593259012,0.02661320212231466,1,10
2010-10-20,35.19099044799805,35.50660560719997,35.14946288797536,35.50660560719997,788400,-0.004230433408939027,-0.0,0.016549321558118904,0.0012646177862694064,2,10
2010-10-21,35.465084075927734,35.77239187435489,35.1162455420683,35.38202577341345,610000,0.007788744347355436,1.0,0.016206866930645675,0.012459528154334487,3,10
2010-10-22,35.008277893066406,35.7225603537901,34.867080349287484,35.59797764047402,587600,-0.012880448327243332,-1.0,0.01600872341964087,0.03263826634187539,4,10
2010-10-25,35.93851089477539,36.48668310313769,35.332199449795176,35.332199449795176,1004700,0.026571801233708392,3.0,0.01468522788630357,0.050993851878192054,0,10
2010-10-26,34.47671890258789,35.481704002872924,32.591340937341855,35.04981023422791,1464900,-0.04067480693530934,-4.0,0.014275740064749418,0.04642305389258139,1,10
2010-10-27,33.970054626464844,34.14447223294171,33.58799293868601,34.14447223294171,610700,-0.014695838010415074,-1.0,0.017046806135488743,-0.0011944292826141512,2,10
2010-10-28,33.878692626953125,34.35211366213275,33.6959676069368,34.127861092571514,440900,-0.0026894863878299535,-0.0,0.017344891568316836,-0.013507401204190472,3,10
2010-10-29,34.061431884765625,34.31060364606523,33.704292241494,33.83718236895687,285500,0.0053939288574293975,1.0,0.017284938758094094,-0.008990184076326013,4,10
2010-11-01,33.828887939453125,34.377060321704384,33.5381916641501,34.377060321704384,386700,-0.006827192294769802,-1.0,0.017075898951914584,-0.016310581893768994,0,11
2010-11-02,33.63784408569336,34.368741338150244,33.57970485555649,34.210932140621246,701500,-0.005647358379078149,-1.0,0.016935030166303554,-0.033000191698014825,1,11
2010-11-03,33.455116271972656,33.779035718896594,33.20594771036579,33.65445302226824,603700,-0.005432209426240231,-1.0,0.016136728535134322,-0.0143587075855387,2,11
2010-11-04,34.4185676574707,34.46009838809426,33.92023057348717,33.97006554922548,467200,0.02879832721744835,3.0,0.014867596200669273,-0.04549757544927169,3,11
2010-11-05,34.601295471191406,34.61790713108518,34.26076436424444,34.4517937004976,795100,0.005308989483211235,1.0,0.016308854260037753,-0.02079405076196339,4,11
2010-11-08,34.676055908203125,34.77572272666925,34.08635607711458,34.37705228445371,542900,0.002160625375253966,0.0,0.01587468480059802,0.002406188966010747,0,11
2010-11-09,33.92853927612305,34.73418739714715,33.77073325141073,34.73418739714715,593600,-0.021557141159852633,-2.0,0.01496153847706608,-0.01857047445499005,1,11
2010-11-10,33.828887939453125,34.019917372988225,33.5381916641501,33.970085536280145,444900,-0.0029370948115072792,-0.0,0.01531611865391013,-0.05110304315727032,2,11
2010-11-11,33.92024230957031,34.0448282078467,33.4219050531668,33.53818353510422,529100,0.0027004839851871854,0.0,0.015304107358108558,-0.04903057425833457,3,11
2010-11-12,33.48834228515625,33.96176354079079,33.0315326907449,33.654455729037764,589300,-0.012732810705547548,-1.0,0.014658442617175142,-0.06308723078472767,4,11
2010-11-15,33.48003387451172,33.9949826349803,33.48003387451172,33.62122822482164,339800,-0.0002480985942446834,-0.0,0.014738795567428206,-0.06580159246781436,0,11
2010-11-16,32.81557846069336,33.27239114268081,32.632856556248235,33.26408372936294,675600,-0.019846318444862954,-2.0,0.014750768094641568,-0.06408167535180154,1,11
2010-11-17,33.372066497802734,33.3969824074579,32.50827905511614,32.89033778879844,569500,0.016958044417103357,2.0,0.015198640505465044,-0.07816189334574108,2,11
2010-11-18,34.45179748535156,34.62621518087238,33.71259596479626,33.71259596479626,1386300,0.0323543340541983,3.0,0.01582587094760614,-0.055698979491054845,3,11
2010-11-19,35.008277893066406,35.0331938020595,34.06973957800248,34.48502162575725,849900,0.016152434657479064,2.0,0.017557032288045393,-0.0210051764169239,4,11
2010-11-22,35.431861877441406,35.58136365835321,34.534854360320935,34.88368973688157,761600,0.012099537876980149,1.0,0.017855443651421738,-0.012880448327243332,0,11
2010-11-23,35.19099044799805,35.274048736393155,34.91690601716854,35.008268550228294,495500,-0.006798158964282819,-1.0,0.017819033143681367,0.012099537876980149,1,11
2010-11-24,35.739166259765625,35.83883621638638,35.38202350274976,35.46508179993373,506400,0.015577163495231083,2.0,0.016860940142042674,-0.02079998386594295,2,11
2010-11-26,35.83882522583008,36.03815874124259,35.43184761531012,35.4567635126494,192700,0.0027885084207084354,0.0,0.01452694401531904,0.036617386960305254,4,11
2010-11-29,35.68934631347656,36.06309768581968,35.27406419456099,35.49831691897754,830100,-0.0041708652951543135,-0.0,0.014025802594661164,0.05501229303026611,0,11
2010-11-30,36.536502838134766,37.02653560528693,35.29065714215633,35.332184698352386,1085700,0.02373695828489608,2.0,0.014057670485068476,0.05344520541158437,1,11
2010-12-01,38.305606842041016,38.53816689253304,36.98501009151269,37.076372629025634,915600,0.048420178902830235,5.0,0.014792205239443919,0.07266491208421999,2,12
2010-12-02,38.44679641723633,38.68766066306856,38.05643044422197,38.21423641475899,630400,0.0036858723000403604,0.0,0.0175322546202355,0.1323342023716627,3,12
2010-12-03,38.3886833190918,38.56310106331957,38.06476374599696,38.25579315658234,321700,-0.0015115199069870577,-0.0,0.017337310895175415,0.14296256083749093,4,12
2010-12-06,38.579708099365234,38.66276325283364,38.13120266659339,38.3720670473432,406600,0.004976070126855303,0.0,0.017222845460762217,0.1474682379523602,0,12
2010-12-07,39.01160430908203,40.01658630335528,38.90363006813536,38.97007356139786,977400,0.011194906104639468,1.0,0.016463115500431974,0.12089812926864596,1,12
2010-12-08,38.91192626953125,39.24415317219161,38.513255887349146,38.97837291740354,429100,-0.0025550869110906316,-0.0,0.016508365539222955,0.12746080104320345,2,12
2010-12-09,38.86208724975586,39.16939501833619,38.538167822286056,39.14447911417696,257200,-0.0012808160518749112,-0.0,0.016593020326145673,0.12215548309593283,3,12
2010-12-10,38.92853927612305,39.202626955537646,38.81226080668073,38.92853927612305,333800,0.0017099448606585632,0.0,0.015484664634152778,0.1454099728102578,4,12
2010-12-13,38.961761474609375,39.17770674470799,38.8703989174463,39.03651236971093,303500,0.0008534149779080291,0.0,0.015374395860521965,0.15074841791421778,0,12
2010-12-14,39.11125564575195,39.56806517422806,39.03650476521223,39.04480901045,427700,0.0038369459050253685,0.0,0.015404393206164572,0.14862863062793163,1,12
2010-12-15,39.6179084777832,40.96342144195453,39.1860147625929,39.1860147625929,991000,0.012954143856188871,1.0,0.014768798286494,0.16790659008188857,2,12
2010-12-16,40.0830192565918,40.16607756176834,39.57637785259156,39.80062735569229,367200,0.011739912496123273,1.0,0.014702410935506643,0.1833294024216694,3,12
2010-12-17,39.76739501953125,40.04978683392216,39.74247595143687,39.9418126544449,582700,-0.007874263039919116,-1.0,0.013237910265947096,0.22146313235353787,4,12
2010-12-20,39.76739501953125,40.06639848986861,39.526530760831776,39.99995186608279,323000,0.0,0.0,0.013655298913243226,0.19163717422622284,0,12
2010-12-21,40.42355728149414,40.52322726470549,39.86708079947656,40.00827518983292,229100,0.016500006139215984,2.0,0.012611177464533713,0.15429086207881637,1,12
2010-12-22,40.4650764465332,40.63118670098563,40.23251638726979,40.51490825552893,133800,0.0010271031999964375,0.0,0.012624107354226397,0.15468568333948984,2,12
2010-12-23,40.37343597412109,40.6983558190528,40.31511719057619,40.44841772126959,150300,-0.0022646805704964468,-0.0,0.01262936231632203,0.14205334697063488,3,12
2010-12-27,40.3067741394043,40.4400746265808,40.1068218195724,40.24845537489798,84300,-0.0016511310743906327,-0.0,0.012429290507326112,0.14726625935070436,0,12
2010-12-28,40.24845886230469,40.43174506171962,39.57362329980069,40.3567633325525,177100,-0.0014467860141305078,-0.0,0.012378052194788717,0.1278039853095505,1,12
2010-12-29,40.09016418457031,40.39842418433077,40.04017848157599,40.29844642207264,140700,-0.003932937613236875,-0.0,0.012464035208544989,0.1230406858675841,2,12
2010-12-30,40.09016418457031,40.41508396657239,39.86521898669164,40.00685256082328,144400,0.0,0.0,0.01245480131736442,0.1233090074679224,3,12
2010-12-31,39.39866638183594,40.26512119922656,39.39033331309369,40.0651688651616,184100,-0.0172485649984071,-2.0,0.011788115180070079,0.09726331395697874,4,12
2011-01-03,39.9318733215332,40.15681853345741,39.75691699385935,39.79857280833385,147400,0.013533629146977644,1.0,0.007473677240959659,0.028535236220178284,0,1
2011-01-04,39.573638916015625,40.13183398153633,38.90713615937305,40.13183398153633,351700,-0.008971139486321111,-1.0,0.007921942694392382,0.03862680490151549,1,1
2011-01-05,39.60696029663086,39.89855422598369,39.357022188880514,39.47365976062164,338700,0.0008420095176475684,0.0,0.008240403927397905,0.03086731542924559,2,1
2011-01-06,39.39866638183594,39.7235861438238,39.22371007586318,39.58195257841641,189500,-0.005259022990780737,-1.0,0.008202024050727334,0.02662674882401528,3,1
2011-01-07,39.35700225830078,39.93185993282937,39.01541960912283,39.498632615654,229200,-0.0010575008588200596,-0.0,0.007991123705834614,0.009921716361298127,4,1
2011-01-10,40.29011535644531,40.44007881732615,39.08207777852065,39.33201582061049,363000,0.023708947445247208,2.0,0.007969143013960586,0.011438035364443877,0,1
2011-01-11,40.76499938964844,41.10658212877102,40.44007961074338,40.47340553117844,202900,0.011786613887844188,1.0,0.009413545569340747,0.03674604756846733,1,1
2011-01-12,41.17324066162109,41.37319305402964,40.864983769037735,40.98995441156001,270100,0.010014504552557701,1.0,0.009664247680244587,0.047175161145894595,2,1
2011-01-13,41.05659484863281,41.23988424003612,40.806656791895925,41.18989535743481,114600,-0.002833049114275954,-0.0,0.009804196785176937,0.05676024654205869,3,1
2011-01-14,41.37319946289063,41.57315188627253,40.98996076105591,41.048279555763976,136300,0.007711419211093196,1.0,0.009872576535985065,0.04973860262888663,4,1
2011-01-18,41.5648078918457,41.639789633644014,41.31486981189637,41.48982615004739,263100,0.004631220970158001,0.0,0.009655185600757794,0.044305493463688395,1,1
2011-01-19,40.4650764465332,41.53981365038116,40.35676878352174,41.53148058038451,378300,-0.026458234768558797,-3.0,0.00942251921154307,0.036967989506185184,2,1
2011-01-20,40.68169021606445,41.04826582851681,40.06517336343538,40.29844846425643,530300,0.005353104171629708,1.0,0.011097601034593957,0.017544056548318032,3,1
2011-01-21,39.54030227661133,40.93162938385039,39.47365360806264,40.93162938385039,318300,-0.028056551568804045,-3.0,0.011137609656594398,0.022991075882243805,4,1
2011-01-24,39.9318733215332,40.25679312382319,39.55696463499286,39.60695351924321,269900,0.009903086784278203,1.0,0.012253757521449924,-0.02185000688415828,0,1
2011-01-25,39.84021759033203,39.8985363500738,39.29868261771959,39.76523587378776,328400,-0.0022953025635225055,-0.0,0.01247747057467698,-0.013176871807088375,1,1
2011-01-26,40.14015197753906,40.3650971693197,39.75691343367633,39.94019963657806,534300,0.007528432457151402,1.0,0.012477681921545674,-0.01320715888860291,2,1
2011-01-27,40.3067741394043,40.58170500377206,40.03184009690224,40.15681069406396,313900,0.004151009741031109,0.0,0.0125976992067767,-0.004133850089043545,3,1
2011-01-28,40.081844329833984,40.54839462465589,39.63195382142526,40.40676419319511,467500,-0.005580446819990481,-1.0,0.012627437264468702,0.0014488822366867105,4,1
2011-01-31,40.9399528503418,41.389843210444,39.99018643110458,39.99018643110458,587800,0.021408908069360022,2.0,0.012659120030450124,-0.00020752857728456586,0,1
2011-02-01,42.03969192504883,42.18132551895788,41.17323693329691,41.17323693329691,487600,0.02686224575605123,3.0,0.013488363415573697,0.021196936531842514,1,2
2011-02-02,41.631465911865234,42.431269157499074,41.54815108744364,41.789759311062895,815500,-0.009710490122320725,-1.0,0.01391813996281832,0.06703337411518295,2,2
2011-02-03,40.98994064331055,41.55646852368376,40.473401638782406,41.456490771993614,580100,-0.015409624775471809,-2.0,0.013978286673976456,0.042562305470791095,3,2
2011-02-04,42.5978889465332,42.71452650429272,40.99827952803598,41.02327556050951,949200,0.03922787586385712,4.0,0.014299711725540893,0.03578901930905665,4,2
2011-02-07,43.12275314331055,43.35603141092735,42.36460592435909,42.58955112270312,544300,0.012321366381233823,1.0,0.016464264881125994,0.07551522832103741,0,2
2011-02-08,44.04753494262695,44.072530976938,43.08943837764545,43.08943837764545,405200,0.02144533296014428,2.0,0.016438152620238813,0.09452316800224314,1,2
2011-02-09,43.02277755737305,44.0641887227941,42.93113286631445,43.8225805696641,515200,-0.023264806681887573,-2.0,0.01679162354608947,0.11917911464755648,2,2
2011-02-10,42.93946075439453,43.422673824216254,42.68118967240416,42.84781607439362,426500,-0.001936574245291589,-0.0,0.0173650350689382,0.06782463084932777,3,2
2011-02-11,43.06443786621094,43.24772726747173,42.5229059105127,42.78117387250563,361700,0.0029105421824286992,0.0,0.017286676553856087,0.053341381020558964,4,2
2011-02-14,43.26438903808594,43.472671287189705,42.8394914701587,43.0144509747884,204800,0.0046430693579744275,0.0,0.017204042895345124,0.045932677977245095,0,2
2011-02-15,42.65621566772461,42.989465440781466,42.29796985754013,42.91448368566993,238700,-0.014057135299563539,-1.0,0.01717023608671308,0.05377441060547783,1,2
2011-02-16,42.73119354248047,43.09776921299552,42.5062482975728,42.797842219785295,262800,0.0017577244859203756,0.0,0.01750248143121513,0.031010804614827192,2,2
2011-02-17,42.73119354248047,42.87282396808785,42.58123004587535,42.58123004587535,262500,0.0,0.0,0.017488832396378228,0.028061855925565204,3,2
2011-02-18,42.48957824707031,42.88947977860773,42.23130711751839,42.88947977860773,261200,-0.005654307202300757,-1.0,0.01628855933226798,0.05600179945147277,4,2
2011-02-22,41.764766693115234,42.31463182491933,41.448176714762695,42.03969766994948,541300,-0.017058572569028874,-2.0,0.016376591726845927,0.04443984557681824,1,2
2011-02-23,40.9399528503418,42.00635680483489,40.81498542462528,41.83140050195108,552900,-0.019749035085820488,-2.0,0.015513759959424467,0.056258154046022746,2,2
2011-02-24,40.55672454833984,41.089926659974125,40.38176820136021,40.93996316881008,694100,-0.009360741166529185,-1.0,0.016163432597573874,0.025244984644008372,3,2
2011-02-25,40.440086364746094,40.73168027191594,40.281789805309415,40.70668741648287,443500,-0.002875927109318721,-0.0,0.016315086183896304,0.017984514175486854,4,2
2011-02-28,40.40675735473633,41.15657474185141,40.29844969256748,40.60670971734534,533700,-0.0008241577356971064,-0.0,0.016264021468566446,0.007472178664766016,0,2
2011-03-01,40.04017639160156,40.97327987702912,39.84855712447752,40.68168603100006,483500,-0.00907226877713796,-1.0,0.01624408996945246,0.0024805561215648364,1,3
2011-03-02,40.21513366699219,40.5567163997612,39.97352551553408,40.06517020595851,271400,0.004369543072925142,0.0,0.016324349434492385,-0.0010395713802372475,2,3
2011-03-03,41.21489334106445,41.439838556228736,40.531727803810696,40.531727803810696,232500,0.02486028474630797,2.0,0.015619243852316935,-0.01770444597235432,3,3
2011-03-04,40.98161315917969,41.448166529570734,40.79832694570824,41.05659489409727,301700,-0.0056600942759771344,-1.0,0.01544754862272608,-0.01961952017761881,4,3
2011-03-07,40.9982795715332,41.12325019962818,40.6067110812301,41.05659835047484,502200,0.0004066802419118165,0.0,0.015356144859495678,-0.015609653382403055,0,3
2011-03-08,42.47291564941406,42.689530967184616,40.98994706000674,41.03993276554234,389100,0.03596824289438616,4.0,0.014978628413313435,0.00020343840688186177,1,3
2011-03-09,43.18941116333008,43.222737088919104,42.37294505521015,42.44792679871786,492800,0.016869468529785214,2.0,0.014564206933721914,-0.002933790857007068,2,3
2011-03-10,42.5978889465332,42.82283416998445,42.18132442417201,42.64787465521009,412300,-0.01369600096097412,-1.0,0.01478928706506732,0.001545773754240809,3,3
2011-03-11,42.96446990966797,43.097770446227386,42.15633361907529,42.15633361907529,233400,0.0086056133813317,1.0,0.014240389578649305,-0.03291094491398783,4,3
2011-03-14,42.61455154418945,43.17274647387264,42.49791080929284,42.63954439831406,332600,-0.008144365942701293,-1.0,0.013482566971595793,-0.0013552739040924022,0,3
2011-03-15,42.26462936401367,42.57288617186503,41.139906603012896,41.46482637049603,236600,-0.008211330812971873,-1.0,0.013595222382675676,-0.007566681194798752,1,3
2011-03-16,41.64811706542969,42.62287639870577,41.63978399628297,42.21464182015338,315600,-0.014586956229383552,-1.0,0.013681306914876845,-0.018572366013044128,2,3
2011-03-17,41.764766693115234,42.46459533160549,41.681451868214246,42.247979964998535,137500,0.002800837970712733,0.0,0.013939609977518575,-0.0373580214257373,3,3
2011-03-18,42.46458435058594,42.53956608453932,42.123001602161615,42.30628781327615,522200,0.016756173034867317,2.0,0.013676519985541135,-0.020898454320313342,4,3
2011-03-21,42.94780731201172,43.22274145871406,42.66454327213757,43.02278906310004,175300,0.011379434623363105,1.0,0.014204605703595809,-0.006239217063513269,0,3
2011-03-22,42.55624008178711,43.156090930845245,42.531244045230295,43.02279038903948,99100,-0.009117281061170601,-1.0,0.014428019939531005,0.0050692187971745906,1,3
2011-03-23,42.43083190917969,42.61476954101158,41.937547233300926,42.61476954101158,128000,-0.0029468809360602144,-0.0,0.01451944698043915,0.001568898479744174,2,3
2011-03-24,42.65655899047852,42.81541213739354,41.895730652097846,42.64819645205598,193900,0.005319883470161324,1.0,0.013999240780435514,0.01594801716381311,3,3
2011-03-25,42.489349365234375,42.93246828361143,42.39738056571287,42.81541824399292,215800,-0.0039199042117173954,-0.0,0.013201318650386436,0.041929851419513664,4,3
2011-03-28,42.45589065551758,42.67327195782872,42.34720319373526,42.51441565474598,282500,-0.0007874610982905317,-0.0,0.013018506264569246,0.04765238905304181,0,3
2011-03-29,42.75688552856445,42.7819667641472,42.25524168066677,42.3890135860644,92700,0.007089590358358322,1.0,0.012984930463055438,0.049846686097307025,1,3
2011-03-30,43.6514892578125,44.00264253110736,42.75688897044393,42.865579649008296,315300,0.020923033055118,2.0,0.013001550306453646,0.05816176124196337,2,3
2011-03-31,43.96084213256836,44.036085850041616,43.40902935610377,43.542804469943135,172200,0.00708688019620074,1.0,0.013279556403243305,0.09019223169477364,3,3
2011-04-01,44.512657165527344,45.06446682012842,43.95248497060107,44.22002885226373,248700,0.012552421796082402,1.0,0.0132944833757941,0.09314176341158298,4,4
2011-04-04,44.73001480102539,45.20657732039113,44.27853351235053,44.59624292171875,270200,0.004883052357215423,0.0,0.012597311375460378,0.08001388714446,0,4
2011-04-05,44.838714599609375,45.13970218681336,44.41231445461246,44.59625202220908,302400,0.002430131066746055,0.0,0.012412389066369064,0.09146544884131957,1,4
2011-04-06,44.78855895996094,45.23167790172825,44.57118075910562,45.09790596519239,174100,-0.001118578890949573,-0.0,0.012388901343483779,0.09367307770501543,2,4
2011-04-07,44.805267333984375,45.03936735495592,44.412310993604784,44.72166109488699,266800,0.00037305004696341904,0.0,0.010084780109340018,0.054520469695581664,3,4
2011-04-08,43.52608871459961,44.28691724022183,43.1582134784473,43.944126436136536,668100,-0.028549737463892333,-3.0,0.009544002371884838,0.03741324845906302,4,4
2011-04-11,43.902305603027344,44.09460569803001,43.56787744994918,43.56787744994918,433100,0.008643480256050218,1.0,0.011162552981264302,0.02178980674914288,0,4
2011-04-12,43.92739868164063,44.01100493903935,43.47591723718922,43.72673919875969,272000,0.000571566305427984,0.0,0.011163831316968893,0.0218281686084143,1,4
2011-04-13,43.4341049194336,44.27853942225694,43.266889250638535,44.12804563927874,457700,-0.011229751294451251,-1.0,0.010963642222021027,0.030807484530015916,2,4
2011-04-14,42.723445892333984,43.166567963243104,42.5645927359698,43.0996804093798,563300,-0.01636177442629072,-2.0,0.011116097141284002,0.027670313759232457,3,4
2011-04-15,43.06621551513672,43.27523423440706,42.49768753294414,42.823756224706266,136000,0.008022986340253002,1.0,0.01124934887864037,0.02581938638942405,4,4
2011-04-18,42.4809799194336,42.98262373840478,42.26359859233876,42.63983305125396,299300,-0.013589204175542657,-1.0,0.011342098475806152,0.031161405296106226,0,4
2011-04-19,42.723445892333984,43.09132105983394,42.363933263754,42.69000530477644,136600,0.005707636061131893,1.0,0.011236978091533784,0.000386099831151121,1,4
2011-04-20,43.93575668334961,44.29526932000528,43.350503331395664,43.36722522023712,310500,0.02837577273309666,3.0,0.011017806468076088,-0.0052240482976877445,2,4
2011-04-21,44.32034683227539,44.40395626945303,43.98591865168657,44.24509993350247,182600,0.008753465922928472,1.0,0.012444486029464824,0.032416317769409675,3,4
2011-04-25,44.27017593383789,44.6882134720434,43.77689151118046,44.22001028107884,277400,-0.0011320059977726338,-0.0,0.012492841156763189,0.04453164922950559,0,4
2011-04-26,41.77032470703125,43.15820969323367,41.53622462410235,43.15820969323367,1700000,-0.056468066233635206,-6.0,0.012490354438894031,0.03782810853823326,1,4
2011-04-27,40.8422737121582,41.79540215348846,40.34898919885417,41.76195837883676,1204200,-0.022217950216624205,-2.0,0.017826617575906138,-0.01692246807599851,2,4
2011-04-28,40.741947174072266,40.959328528452666,40.49112523310366,40.75866906205337,650300,-0.0024564386104701796,-0.0,0.018437325622060328,-0.03800690359912795,3,4
2011-04-29,40.64160919189453,41.02620295418685,40.55799977223974,40.71685607489722,300000,-0.0024627684521074666,-0.0,0.018327685252547188,-0.04712547066006656,4,4
2011-05-02,40.767032623291016,41.15162970784397,40.53293254611697,40.708507603997504,506100,0.0030860842838256186,0.0,0.017550713245337156,-0.06895251724726159,0,5
2011-05-03,40.332279205322266,40.767035612127,40.2486697506486,40.63326367402372,531100,-0.010664338069098722,-1.0,0.01745438028378957,-0.07265123583497535,1,5
2011-05-04,40.20685577392578,40.5747277071485,39.87242442417878,40.26538078172545,361500,-0.0031097531274635326,-0.0,0.01712307188730325,-0.09391436562997535,2,5
2011-05-05,40.96768569946289,41.36900142154909,39.922591676517406,39.956035450701386,576700,0.018922890409911464,2.0,0.016991399464190107,-0.10112133982562244,3,5
2011-05-06,41.34392166137695,42.171634371045776,41.08473718626025,41.770318634634535,585700,0.00918372506258014,1.0,0.017714088859144633,-0.08633228973473317,4,5
2011-05-09,41.15999221801758,41.51114555011235,40.91752958268721,41.268682914781984,387800,-0.004448766250715885,-0.0,0.017943078755044084,-0.07690886642866412,0,5
2011-05-10,41.2686767578125,41.46933304103777,41.06801728521311,41.277036107374336,482000,0.002640538395129788,0.0,0.017919891047611738,-0.0813581824831986,1,5
2011-05-11,40.71687316894531,41.251960921887374,40.532935557856014,41.15999211634272,392300,-0.013371002712431967,-1.0,0.017043879408334527,-0.051863423143507115,2,5
2011-05-12,41.009498596191406,41.318845607684445,40.44932959728848,40.56637964545478,326000,0.007186834461278879,1.0,0.017008165392665853,-0.0725572926143172,3,5
2011-05-13,40.34062194824219,41.26030324540618,40.16504694977196,41.09309078364783,274500,-0.016310285929985402,-2.0,0.017146882165898502,-0.06642551512317885,4,5
2011-05-16,40.19851303100586,40.5078600842171,39.88080343644091,40.17342859631978,217700,-0.0035227249946383488,-0.0,0.01730208609540475,-0.07122244091203322,0,5
2011-05-17,39.72193145751953,40.05636281418544,39.429306412467206,40.039640927414766,253800,-0.011855701555894216,-1.0,0.017044883103873757,-0.059099466547972934,1,5
2011-05-18,39.62161636352539,40.10654167131535,39.4544006301711,39.52128819926276,792400,-0.0025254334397465383,-0.0,0.016968156279140754,-0.0776544680700294,2,5
2011-05-19,39.40422058105469,40.05635814217944,39.10323303303606,39.78045501607797,965700,-0.005486797420784506,-1.0,0.016816919673301175,-0.06730926549554828,3,5
2011-05-20,39.03635025024414,39.33733783493741,38.9443846565868,39.33733783493741,591900,-0.009335810362086305,-1.0,0.01669825943862995,-0.07769095497689893,4,5
2011-05-23,38.50962448120117,38.77716828741837,38.334046267004965,38.71864327914422,410000,-0.013493212497233231,-1.0,0.015018598797099754,-0.11151296353938078,0,5
2011-05-24,38.25880813598633,38.89422721333578,37.899298655396514,38.576517674661055,421600,-0.006513082082565624,-1.0,0.014744709523187982,-0.13110733029829713,1,5
2011-05-25,38.7353744506836,38.96111199992312,37.95782408080454,38.16684292885,457800,0.012456381625987278,1.0,0.014692256297291133,-0.1357882066435787,2,5
2011-05-26,38.969459533691406,39.05306576496504,38.40928757816361,38.57650323008414,386800,0.0060431862690739635,1.0,0.009994227723859246,-0.07265804797147701,3,5
2011-05-27,38.85242462158203,39.103246602177,38.61832134223548,38.99455590781518,367700,-0.003003246991613806,-0.0,0.009226365362104817,-0.04585479720511454,4,5
2011-05-31,38.969459533691406,39.237003301014944,38.58486576683548,39.13667518561194,528800,0.003012293653466447,0.0,0.009227919805384954,-0.046377816563777485,1,5
2011-06-01,37.62337875366211,38.969460148259536,37.48960686789069,38.91093514757037,599700,-0.03454194120566467,-3.0,0.009297745561791759,-0.04114378567806842,2,6
2011-06-02,37.497989654541016,37.98291503693658,37.47290840696033,37.606680376349566,278300,-0.003332744247720898,-0.0,0.01161431149921885,-0.07711264880811741,3,6
2011-06-03,37.03813171386719,37.45616932506066,36.7120628874361,36.99632859062262,420500,-0.012263535856465335,-1.0,0.0115057408029249,-0.0702734783807416,4,6
2011-06-06,37.13009262084961,37.832395786224055,36.87090820872544,37.03812385559996,660900,0.0024828711041056106,0.0,0.011666459004251785,-0.07881054111457075,0,6
2011-06-07,36.13516998291016,37.389282741898256,36.11844809673214,37.18862329713575,742400,-0.026795587290853407,-3.0,0.010562225944548214,-0.09367366042508951,1,6
2011-06-08,36.16861724853516,36.34419549115795,35.83418903130571,36.076651641624686,451900,0.0009256152839689502,0.0,0.011114982306214584,-0.125985912055671,2,6
2011-06-09,36.11845779418945,36.285673511491744,35.90107640488412,36.22714848884212,553300,-0.0013868225594867445,-0.0,0.011221877222902788,-0.12126763637475779,3,6
2011-06-10,36.21041870117188,36.46959997656069,35.82582167843966,36.00139989747182,471000,0.002546091738092615,0.0,0.011099202032307449,-0.12479728860334893,4,6
2011-06-13,36.21041870117188,36.695340667281606,36.19369681415101,36.30238429572588,423100,0.0,0.0,0.01113333052891911,-0.11067781283388178,0,6
2011-06-14,37.08830642700195,37.23880025891041,36.55321866438284,36.55321866438284,339000,0.024244064479753247,2.0,0.010829841679931645,-0.1170236179250731,1,6
2011-06-15,35.94288635253906,36.737155508453775,35.80911440307581,36.71207426460905,616700,-0.030883590673446704,-3.0,0.012377040491535497,-0.08062135297301609,2,6
2011-06-16,35.94288635253906,36.218789602955525,35.86763943163005,36.01813327344807,748100,0.0,0.0,0.013702159479376586,-0.10586527604104046,3,6
2011-06-17,36.26057815551758,36.47795947932608,35.6251624484686,36.24385626988818,1028100,0.008838794966617103,1.0,0.013659436968993254,-0.09513749624743084,4,6
2011-06-20,35.95124053955078,36.07665311950827,35.71714045896282,36.07665311950827,459900,-0.008530962044788204,-1.0,0.013969800011370619,-0.08482839713479973,0,6
2011-06-21,36.03484725952149,36.16861919147419,35.90943786733894,36.11845671035095,474500,0.002325558693273333,0.0,0.014000469566824526,-0.08762970033631567,1,6
2011-06-22,35.90107727050781,36.19370558018611,35.524845884224376,35.89271791965968,640600,-0.0037122396565266724,-0.0,0.014020471129132113,-0.07688994927756798,2,6
2011-06-23,36.09336853027344,36.13517484603167,35.37434646409383,35.49139649371902,857200,0.00535614177582322,1.0,0.013840462412553893,-0.06773753953292239,3,6
2011-06-24,35.99263000488281,36.420815650984856,35.69877962244334,36.19412969764771,829200,-0.0027910535783362,-0.0,0.013942193792504049,-0.05659976646465559,4,6
2011-06-27,35.86668395996094,36.12695044274964,35.69876813713498,35.95064027000995,480500,-0.003499217614961414,-0.0,0.013504840919381884,-0.07080722684874896,0,6
2011-06-28,35.95063400268555,36.10175789661048,35.89186395535112,35.97582025076391,320900,0.0023406134455676852,0.0,0.013330516843325299,-0.07962069812766936,1,6
2011-06-29,36.07658004760742,36.61390814989166,35.84149660081198,36.118558205086856,288300,0.003503305252209543,0.0,0.013398473087508047,-0.07468750398873625,2,6
2011-06-30,36.16053771972656,36.57193136501273,36.09337330578431,36.21091343222943,296700,0.0023272070691942037,0.0,0.013411017353396833,-0.07423452931347219,3,6
2011-07-01,36.63908767700195,36.68946337836531,36.02619772268833,36.22769732541423,514500,0.013234038746451793,1.0,0.011420621695723148,-0.038881171292813765,4,7
2011-07-05,36.18572235107422,36.62230223165974,36.02620407273124,36.59711597790245,560500,-0.012373815907329666,-1.0,0.011874369725750327,-0.022905280668427785,1,7
2011-07-06,35.98423385620117,36.41241627820255,35.9170662277224,36.11856591042992,766400,-0.005568176666979396,-1.0,0.01187960697649013,-0.02301437257629879,2,7
2011-07-07,36.303253173828125,36.50474953995667,36.21929368566874,36.32004186873301,355000,0.008865530357039297,1.0,0.01189012504980001,-0.030860649240745608,3,7
2011-07-08,35.891876220703125,36.23610227389196,35.78273043718614,35.96743819348743,287900,-0.011331682897817275,-1.0,0.010557194531313636,0.0046515123907664435,4,7
2011-07-11,35.35456085205078,35.52247676374187,35.00193711722653,35.52247676374187,356700,-0.014970389548552232,-1.0,0.010854050669262363,-0.007651412989620021,0,7
2011-07-12,35.76594924926758,36.051405320576805,35.10268640355359,35.27059910207596,617600,0.011636077136931267,1.0,0.011316375920428296,-0.021149766318692698,1,7
2011-07-13,36.75664520263672,37.05889314864814,35.81632075050155,35.82471510334452,1087300,0.027699417299526186,3.0,0.011626632476610424,-0.012274628900933449,2,7
2011-07-14,35.91705703735352,37.24358853582045,35.891870784482975,36.71465480644318,682900,-0.02284180617285958,-2.0,0.013159188447967261,0.015084788330469001,3,7
2011-07-15,35.43850326538086,36.0178127726841,35.38813075360031,35.94225080228491,471600,-0.01332385811774528,-1.0,0.012974234383675986,-0.031580018137353116,4,7
2011-07-18,34.640899658203125,35.39651923693515,34.43100568663621,35.39651923693515,359200,-0.022506695646960284,-2.0,0.011459626978741356,-0.014032904375320787,0,7
2011-07-19,35.40492248535156,35.44690385239891,34.825616131204725,34.825616131204725,489000,0.022055513415844885,2.0,0.0124125314242057,-0.03622376571446284,1,7
2011-07-20,35.65678787231445,35.9758243938058,35.320956246533534,35.51405831040285,556500,0.0071138522352958145,1.0,0.013277583546929948,-0.023597408361670458,2,7
2011-07-21,34.86759567260742,36.53835358139841,34.59053721497874,35.723963709991224,2330500,-0.022133014407610063,-2.0,0.01327591261436467,-0.008190333986177634,3,7
2011-07-22,35.27897644042969,35.72395060141441,34.73325087479637,34.7668346763459,618100,0.011798369227547623,1.0,0.014081762506765223,-0.03239230011182148,4,7
2011-07-25,34.60731887817383,35.33774899869223,34.48977876713958,34.892774806140345,824300,-0.019038465115051917,-2.0,0.014362382778324554,-0.0173281939533656,0,7
2011-07-26,31.467304229736328,33.66699218272831,31.013932476780827,31.013932476780827,3905700,-0.09073267592589629,-9.0,0.014824298586428763,-0.041172373558128306,1,7
2011-07-27,30.157569885253903,31.173459329942823,30.082011116108426,31.173459329942823,1157600,-0.041622070162741776,-4.0,0.02441124334392044,-0.12572923330505636,2,7
2011-07-28,29.97286605834961,30.140781911319984,29.41874598545733,29.5950561898484,1460800,-0.006124625677966455,-1.0,0.025598152220113288,-0.1591759662276081,3,7
2011-07-29,31.04751968383789,31.156665459154024,29.418743418425223,29.64542931974571,1673200,0.035854216390124316,4.0,0.025495296184938645,-0.16627712167438802,4,7
2011-08-01,30.686506271362305,31.59325001017306,30.233134401956928,31.416936592474052,1207800,-0.011627769823542966,-1.0,0.027166842656433713,-0.13939958713195866,0,8
2011-08-02,29.385150909423828,30.518576877696404,29.36835901029117,30.518576877696404,1003800,-0.04240806530500818,-4.0,0.027104022404220374,-0.15138136193638585,1,8
2011-08-03,28.982160568237305,29.662218202939137,28.33568673832448,29.45232422709969,1476300,-0.013714081048237348,-1.0,0.027696642283537163,-0.19798355328949302,2,8
2011-08-04,28.176164627075195,28.81424081740761,28.13418327545029,28.64632501909041,1167200,-0.02781007093189014,-3.0,0.027703747073138333,-0.19907193541551804,3,8
2011-08-05,28.083812713623047,28.889804757828028,27.70600294204956,28.553973138045443,995400,-0.003277660912138658,-0.0,0.027944378828116446,-0.21698584053028014,4,8
2011-08-08,26.2871208190918,27.76477458617574,26.278724867979715,27.177070819241425,1177000,-0.06397606738274886,-6.0,0.027632341512668527,-0.22641057595716152,0,8
2011-08-09,27.05952453613281,27.067922086693976,25.447539121557533,26.757278371837405,1657300,0.029383351731697704,3.0,0.029886079611596145,-0.26760248872337067,1,8
2011-08-10,25.0025691986084,26.606158931756653,24.977381346809707,26.429847171893503,1914800,-0.07601594532001998,-8.0,0.03136573217931169,-0.23462422148673956,2,8
2011-08-11,26.329099655151367,26.765677888185348,24.8430499888532,25.128505911239195,1013500,0.05305576582972926,5.0,0.03377846142055699,-0.3009393089400415,3,8
2011-08-12,26.32069969177246,26.95037989355475,26.10240980785157,26.56417582294646,583900,-0.00031903724354143126,-0.0,0.035822922781143726,-0.28369143837798716,4,8
2011-08-15,26.941993713378903,26.975577521716165,26.53060166943222,26.580975780573983,498600,0.023604768447726743,2.0,0.03591776698844965,-0.26718105928336244,0,8
2011-08-16,26.19476318359375,26.790861177938076,26.17797128481581,26.648133241052815,639900,-0.0277347897017024,-3.0,0.03684783361899539,-0.23975362301212144,1,8
2011-08-17,25.674224853515625,26.5725705967023,25.422352783947545,26.37946856994253,452700,-0.01987184714859902,-2.0,0.036937745914313785,-0.24381977829520052,2,8
2011-08-18,23.88593482971192,25.03615290796245,23.64245705174762,25.010966656010236,783600,-0.0696531261997898,-7.0,0.03609697111328127,-0.27484024674427454,3,8
2011-08-19,23.197479248046875,24.09582672237568,23.138709196748422,23.55010115720138,1208900,-0.02882263501818949,-3.0,0.03764697603716522,-0.33011535096076217,4,8
2011-08-22,23.55010223388672,23.877537908234064,23.357000170402305,23.83555815441319,559400,0.01520091825794112,2.0,0.03771010018498109,-0.3346980541514306,0,8
2011-08-23,24.79267692565918,24.834655080151133,23.331815050516635,23.650853188201765,706500,0.05276302749906936,5.0,0.037853944019911,-0.33246072845530983,1,8
2011-08-24,25.13690757751465,25.279635571160156,24.490433629745944,24.64995352884721,306000,0.01388436806915383,1.0,0.04090938969146214,-0.2836001825817416,2,8
2011-08-25,24.162994384765625,25.397170350948823,24.03705672176897,25.33000434465377,569900,-0.03874435189554515,-4.0,0.037441808575291786,-0.20117378362012683,3,8
2011-08-26,25.43075180053711,25.447542099533592,24.179782446883227,24.515614048632965,604400,0.052466900235294656,5.0,0.03732523143318278,-0.19877515075972474,4,8
2011-08-29,26.4466495513916,26.513815581435797,25.66584345127505,25.774989250949663,974900,0.03994760983955792,4.0,0.03972828425270303,-0.15154087196633614,0,8
2011-08-30,26.12760162353516,26.42984784600928,25.82535379969715,26.312307737345115,771700,-0.01206383164855962,-1.0,0.0399586191056464,-0.14818800919679653,1,8
2011-08-31,26.21155548095703,26.84963327093171,26.05203723448616,26.32909718000745,647500,0.0032132247969614003,0.0,0.039961343974879444,-0.14856382174994198,2,8
2011-09-01,25.44754219055176,26.681719648259683,25.422355941285076,26.312305845831943,369600,-0.029147956936791952,-3.0,0.039164441897152506,-0.10799997040168419,3,9
2011-09-02,24.356101989746097,25.01936625252409,24.154603925052868,24.985784042424022,585200,-0.04288980808570575,-4.0,0.03948575329687335,-0.12195841539706576,4,9
2011-09-06,24.33930397033692,24.38128372412264,23.550102214167843,23.667643923404004,702800,-0.0006896842284634941,-0.0,0.0400463463686133,-0.13557780797668617,1,9
2011-09-07,25.556690216064453,25.724604431117875,24.658344281368738,24.73390463725624,355200,0.050017299065379994,5.0,0.04005958390403651,-0.13333334691659293,2,9
2011-09-08,25.01096534729004,25.5986674816394,24.851445487362653,25.330003465780965,433700,-0.021353503296423826,-2.0,0.03953338806146608,-0.02778663392062508,3,9
2011-09-09,24.389678955078125,24.9018207602282,24.112618975533515,24.7003227388652,640300,-0.024840560273665324,-2.0,0.03915851747101638,-0.07570566090720887,4,9
2011-09-12,24.574390411376957,24.59118231605082,24.00347846337892,24.045456623699412,674000,0.007573345128447206,1.0,0.03583957662471463,-0.024513090581282593,0,9
2011-09-13,25.0025691986084,25.330003265172163,24.557593425014588,24.675133530680792,438600,0.017423780613219586,2.0,0.03375022799018645,-0.06664524297286767,1,9
2011-09-14,25.4223575592041,25.808561685267016,24.591177651866907,25.12010973785826,442400,0.016789808969674525,2.0,0.03403465013622232,-0.05007961447073894,2,9
2011-09-15,26.144397735595703,26.26193947175281,25.405571514753824,25.67423559505996,463200,0.0284017788165436,3.0,0.033811145507765004,-0.056403997801401706,3,9
2011-09-16,25.808563232421875,26.673326994577284,25.50631539295708,26.05204101451606,1521600,-0.012845371561823637,-1.0,0.03391166907214046,-0.0019227296557348117,4,9
2011-09-19,25.170490264892575,25.35519802568394,24.68353620698092,25.288032003950065,351100,-0.024723304501031884,-2.0,0.03373526407206852,0.005232421998043524,0,9
2011-09-20,24.44005584716797,25.43075570129013,24.40647204129617,25.254443923191168,514300,-0.029019475188507005,-3.0,0.030293358218086073,0.05377873817116763,1,9
2011-09-21,22.97919464111328,24.46524286754128,22.954006785919432,24.46524286754128,733500,-0.059773235183665396,-6.0,0.030303703498017195,0.053565156189361085,2,9
2011-09-22,21.23287582397461,22.33271983278799,20.46046591211877,22.29913602727235,1575800,-0.07599564929983404,-8.0,0.0330745769777811,-0.02424225538825675,3,9
2011-09-23,22.78609085083008,22.79448680252334,21.08175269119934,21.21608471556342,924200,0.0731514204543926,7.0,0.034578600996955894,-0.14358276487684773,4,9
2011-09-26,23.995079040527344,24.0286628450177,22.408281109728684,22.945609170662845,817200,0.05305816594921642,5.0,0.03854106814284925,-0.09352052234091868,0,9
2011-09-27,25.0025691986084,25.539897226069723,24.49042742158192,24.59117722741284,982700,0.04198736567524608,4.0,0.039590130535844446,-0.006949277128671993,1,9
2011-09-28,23.955167770385746,25.12927453565881,23.955167770385746,25.02791204713425,560000,-0.041891751999668436,-4.0,0.03896228074251597,-0.016837197943934457,2,9
2011-09-29,24.478870391845703,24.884317140228973,23.929827718688923,24.605572299327704,451500,0.021861780576104994,2.0,0.03885067175086509,-0.09420784194853737,3,9
2011-09-30,21.775888442993164,23.735549156595887,21.674525959726605,23.735549156595887,1720500,-0.1104210245646362,-11.0,0.03920156807107635,-0.06310304540943079,4,9
2011-10-03,21.471803665161133,23.11048621640312,21.404229210012087,21.6322936003034,1371600,-0.013964288007265013,-1.0,0.04569740602710247,-0.16922563184723716,0,10
2011-10-04,22.16444396972656,22.16444396972656,20.71159226464481,21.201507505634183,1300000,0.03225813328804161,3.0,0.045461884398592445,-0.15623271181241039,1,10
2011-10-05,22.65435791015625,22.94999676178668,22.08842123227015,22.223570145397986,752800,0.0221035971440946,2.0,0.04545769803338332,-0.08998393999755072,2,10
2011-10-06,23.735546112060547,24.07341832777385,22.55299255151307,22.61211998787517,385200,0.04772539597865122,5.0,0.04579839326257412,-0.0692273724110668,3,10
2011-10-07,23.135820388793945,23.963609290714267,22.907757661271653,23.87069383177076,478400,-0.025266986503498567,-3.0,0.045669810456090205,-0.07125899670917357,4,10
2011-10-10,24.512651443481445,24.52109844972089,23.60039571394335,23.74399159781054,370800,0.059510794583899074,6.0,0.04575848878404797,-0.0749729141781913,0,10
2011-10-11,24.369064331054688,24.57178772046488,24.09031946922788,24.267701830798448,393300,-0.0058576736489655,-1.0,0.04738965844254454,0.0050419888113253375,1,10
2011-10-12,25.205303192138672,25.43336764807532,24.60557832035369,24.61402533106644,336900,0.03431559167490583,3.0,0.047391827353928544,-0.008355286820348251,2,10
2011-10-13,24.80829811096192,25.222191881777334,24.30148885305042,24.94344703159135,360300,-0.01575085521290509,-2.0,0.047831340290511094,0.00810852644461657,3,10
2011-10-14,24.926549911499023,25.179953703366248,24.183229329445,25.179953703366248,604900,0.00476662284563778,0.0,0.0478381846820548,-0.02415430775104732,4,10
2011-10-17,23.955167770385746,24.88431612820069,23.87914630676785,24.766061234173797,483900,-0.03896977899316756,-4.0,0.04741135980264744,-0.04658159795505923,0,10
2011-10-18,24.757617950439453,24.985682375603435,23.72710694906855,24.03963824775785,933700,0.033497998751055524,3.0,0.04807091169318346,-0.07181319802056285,1,10
2011-10-19,24.27614402770996,24.977229547937597,24.19167556275804,24.774506198714157,641100,-0.01944750596334921,-2.0,0.04839830458966423,-0.016403030298896892,2,10
2011-10-20,23.608842849731445,24.478863552846367,23.13582016433704,24.32682066190543,1140200,-0.027487939485645874,-3.0,0.04815233726179263,-0.006706687598547423,3,10
2011-10-21,23.92983055114746,24.242363463624763,23.63419165796133,23.92983055114746,1195100,0.013596079378353165,1.0,0.04661228670162679,0.027400795304271863,4,10
2011-10-24,24.875873565673828,25.433363288331105,24.031191972423137,24.09031942617432,956900,0.03953404569682606,4.0,0.04304749564302438,0.12701787311013457,0,10
2011-10-25,27.11427116394043,29.504721029647648,26.69193208263076,29.504721029647648,2986800,0.08998267306501195,9.0,0.04102684642678957,0.09171308622108909,1,10
2011-10-26,27.274770736694336,27.81536646693141,27.08049434752818,27.76468440889492,1559200,0.0059193762496319025,1.0,0.04388110665723187,0.12999299223581695,2,10
2011-10-27,28.87966537475586,29.18375129400884,27.60419746033905,28.15324183923526,1151600,0.05884172789406317,6.0,0.043133074427026324,0.09087872210398307,3,10
2011-10-28,28.66003799438477,29.00635721333068,28.389740224583253,28.71072003454889,527200,-0.007604914306350352,-1.0,0.0432529797361024,0.20557140954186748,4,10
2011-10-31,27.190296173095703,28.398190969123597,27.190296173095703,28.161681181550307,901100,-0.051281921593300916,-5.0,0.04332156646306818,0.17080721191823778,0,10
2011-11-01,26.28648567199707,26.89465569526005,25.847250960756188,26.767953808468,863000,-0.03324018595990641,-3.0,0.03661089414676709,0.24864233412459158,1,11
2011-11-02,27.21563720703125,27.266316031554258,26.35406174589611,26.827082904300852,1114300,0.035347118919894394,4.0,0.03750559077654732,0.22423276972525374,2,11
2011-11-03,28.026531219482425,28.14478610883149,27.080488882485856,27.44370216960316,687900,0.029795150717311758,3.0,0.03760178359413982,0.22789623074704224,3,11
2011-11-04,28.085664749145508,28.21236828501604,27.274771141747443,27.663323925850086,582400,0.0021099125396573104,0.0,0.037757727828507,0.2371364189897327,4,11
2011-11-07,27.916723251342773,28.24614852457544,27.13961780907128,27.99274471610448,576400,-0.006015221619701028,-1.0,0.03683120629048585,0.18327442800545346,0,11
2011-11-08,28.3559513092041,28.42352736063861,27.28320565920739,28.068759535014404,516700,0.015733510480683055,2.0,0.036177758315808585,0.20664505438780556,1,11
2011-11-09,26.759510040283203,27.53661546963233,26.48921221944836,27.240978235033037,513000,-0.05630004267931954,-6.0,0.034374201601184484,0.1567884190163642,2,11
2011-11-10,26.8946533203125,27.33388799276652,26.32026976573444,26.69192999712644,502600,0.005050289778320227,1.0,0.03701616720988488,0.09809345474878395,3,11
2011-11-11,27.95050048828125,28.144776773803667,27.19028613432136,27.2325227712548,422600,0.03925862718488027,4.0,0.03640760470321062,0.06702359877586095,4,11
2011-11-14,27.9674015045166,28.20391126401573,27.739337141197957,27.75623115576272,648000,0.0006046766941592008,0.0,0.03691225129328281,0.12665932839346605,0,11
2011-11-15,27.61263656616211,28.00963789495153,27.308553938417266,27.78157350748979,846500,-0.012684944587976754,-1.0,0.036932274454287754,0.12199247805308122,1,11
2011-11-16,26.82708740234375,27.47749100003886,26.79329936552724,27.28321462165074,862300,-0.02844890099270747,-3.0,0.03575366101796409,0.15267974037309218,2,11
2011-11-17,26.14288711547852,26.843972536364376,26.033077643270108,26.835525529955905,562500,-0.025504083861353388,-3.0,0.03604626176923793,0.08358919893048777,3,11
2011-11-18,26.49765014648437,26.590563983614192,26.05841553261083,26.34560727159726,749600,0.013570155026825903,1.0,0.03627048432632922,0.0768961942900721,4,11
2011-11-21,26.109102249145508,26.303378586743342,25.745888985139675,26.066868823094477,411500,-0.014663485070973925,-1.0,0.035579664802319964,0.12236124045299346,0,11
2011-11-22,25.847248077392575,26.210461293819968,25.63607775259542,26.03307738321746,534300,-0.010029229241748538,-1.0,0.03581591293150692,0.09106924904211455,1,11
2011-11-23,24.98567771911621,25.712104295989413,24.968783703118685,25.6107418111063,345800,-0.03333315622988664,-3.0,0.035034488725561246,0.039048860300493926,2,11
2011-11-25,24.63091468811035,25.188404400759172,24.5802342445338,24.88431851709536,109000,-0.014198655525538784,-1.0,0.029521841039030657,-0.07850454220045788,4,11
2011-11-28,25.5600643157959,25.99085210669778,25.255978437252875,25.49248985513103,777600,0.03772290389743671,4.0,0.029528327000446566,-0.0969341254636854,0,11
2011-11-29,25.940170288085938,26.049979794600944,25.55161753851528,25.66142543392804,418300,0.014871088256813936,1.0,0.027559782847682287,-0.11494596685533875,1,11
2011-11-30,27.984298706054688,27.99274410319697,26.818637345965627,27.13961721484317,519800,0.07880165763243263,8.0,0.027905516634405134,-0.09490105026489226,2,11
2011-12-01,28.170127868652344,28.49955637354801,27.570404752870463,27.84070258596101,866500,0.006640479525665155,1.0,0.031211937744972936,0.02920168753971253,3,12
2011-12-02,28.69383811950684,28.769859600704603,28.313730713517995,28.5417951571113,534800,0.018590978830354432,2.0,0.030167136180419024,0.07165819806266116,4,12
2011-12-05,29.23442268371582,29.656763368029072,28.71916653330106,29.099273793623727,632800,0.018839743988151803,2.0,0.029503351711408915,0.05431439658130399,0,12
2011-12-06,29.32734680175781,29.46249573172056,28.8036418787231,29.07393973864859,332300,0.0031785857051915833,0.0,0.02909868305610099,0.04309814349746355,1,12
2011-12-07,29.40336799621582,29.504728887171368,28.60091982248989,29.09928210114455,356200,0.002592160653736908,0.0,0.029099065928270246,0.04421052745956744,2,12
2011-12-08,28.42353248596192,29.19219248751485,28.347511025491663,29.0485949634248,317700,-0.03332392093245928,-3.0,0.02903424909828992,0.05325283814609372,3,12
2011-12-09,29.35268211364746,29.41180956084825,28.567128061174948,28.66004354169168,390600,0.032689449425205463,3.0,0.029908013464136168,0.002383315446584433,4,12
2011-12-12,29.04859733581543,29.116173404954157,28.398192170274683,28.879660385172947,586000,-0.010359693082038546,-1.0,0.02767342689670464,0.09690656030176004,0,12
2011-12-13,28.668479919433597,29.732780078613334,28.474203622295143,29.27665143896488,704000,-0.013085568710512807,-1.0,0.027869312929191474,0.08008818666854278,1,12
2011-12-14,27.02135848999023,28.769850386438023,26.996017467339588,28.38974310218808,746400,-0.0574540901391436,-6.0,0.026885224470089585,0.025687533983635547,2,12
2011-12-15,27.50282859802246,27.722444352669417,27.156509339638134,27.4183585214629,638600,0.01781813109842667,2.0,0.029812697494518342,-0.03382663256626073,3,12
2011-12-16,27.63797950744629,28.364406107646065,27.393021100922333,28.11099908175001,1187100,0.0049140730722347925,0.0,0.02996877218900513,-0.003976728838498977,4,12
2011-12-19,27.1480655670166,28.144790092914672,27.021363651763952,27.68866126468243,400400,-0.01772611273185487,-2.0,0.029247849890406633,0.030226617334228267,0,12
2011-12-20,28.448869705200195,28.71916749443029,27.798464642926582,27.806910039125853,349100,0.04791516857702005,5.0,0.028932037618332372,0.038449404883936555,1,12
2011-12-21,28.79519462585449,28.905004131316257,28.0518739478282,28.474214729537884,245200,0.012173591578261922,1.0,0.03053371449829942,0.07363745645100939,2,12
2011-12-22,28.752965927124023,29.26822228121427,28.676944445008985,28.95568773129413,162100,-0.0014665189549560864,-0.0,0.03028162786581831,0.10287953798935745,3,12
2011-12-23,28.66003799438477,28.938781159778507,28.507995096095968,28.84586891944965,132700,-0.003231942505506624,-0.0,0.03012487484481279,0.11241884788009404,4,12
2011-12-27,28.45731544494629,28.769849885557218,28.263039107979523,28.30527253389337,183600,-0.00707335243164009,-1.0,0.02887419850805641,0.14705865962792575,1,12
2011-12-28,27.59111213684082,28.380882408618536,27.429758538924947,28.346916128620386,234800,-0.030438686663231906,-3.0,0.028654311073298595,0.15534951930481844,2,12
2011-12-29,28.924394607543945,29.085745019529885,27.67604188684997,27.71850218058177,471400,0.04832289702896286,5.0,0.02889380091255719,0.07946176488256151,3,12
2011-12-30,28.66112899780273,29.20462840714285,28.6526382368183,28.92438794148836,171300,-0.009101853757469858,-1.0,0.030403396135203615,0.11504258785951893,4,12
2012-01-03,29.50185775756836,29.96043337324148,29.30653461444301,29.620747851984063,391500,0.029333413901109218,3.0,0.025478462361856257,0.02418607301392206,1,1
2012-01-04,29.99441909790039,30.189739107010485,29.213139061460005,29.34051998591588,301500,0.016695943163296922,2.0,0.026181234764621725,0.047274541852469154,2,1
2012-01-05,30.181236267089844,30.359571433692857,28.712088164075027,29.67170305456509,506800,0.006228397642231043,1.0,0.02612631309954813,0.04532614190464046,3,1
2012-01-06,30.045360565185547,30.393540126386,29.31503191498156,30.15575667127687,546300,-0.0045019925857860965,-0.0,0.02587419286339131,0.032386943077942876,4,1
2012-01-09,30.639812469482425,30.67377875569535,30.06234349020305,30.155754826678955,798200,0.019785147960104332,2.0,0.025908558305580642,0.024482738526647063,0,1
2012-01-10,32.23633575439453,32.25332051433292,31.12386151427952,31.17481255458297,649900,0.05210617024834141,5.0,0.026215545095955695,0.042051117185818,1,1
2012-01-11,32.27880096435547,32.440154588657514,31.67585647225892,32.074990292990655,600200,0.0013173088369744512,0.0,0.02702838741030431,0.13414248458792777,2,1
2012-01-12,32.508079528808594,32.72887812838461,31.888150481479396,32.321253682449424,625700,0.007103069432669251,1.0,0.02635900612270754,0.09968829558330272,3,1
2012-01-13,32.13443756103516,32.253327667459565,31.217279758025555,32.19388261424736,409200,-0.01149381855800835,-1.0,0.02612913257331925,0.11909291705206715,4,1
2012-01-17,32.39771270751953,32.75438320479184,31.760798328521226,32.70342888824691,357000,0.008192928411593137,1.0,0.02607417368018626,0.12089785197338232,1,1
2012-01-18,32.6694450378418,32.6694450378418,31.242757335945893,32.100466813633254,666500,0.008387392430305729,1.0,0.02167980210897161,0.19896683653121716,2,1
2012-01-19,32.09197235107422,32.669441270463864,31.91363721878058,32.56753270385726,770100,-0.017676231907174378,-2.0,0.021583264036476982,0.18785763876632067,3,1
2012-01-20,31.50600814819336,32.13443132529172,31.36164254398168,32.07498628361493,395000,-0.018258902770781127,-2.0,0.022318717504536453,0.16115479217386075,4,1
2012-01-23,31.35315704345703,32.37222026768968,31.09839204727704,31.61641604190021,414900,-0.004851490674964931,-0.0,0.022348959027803584,0.16052497627939344,0,1
2012-01-24,31.63339614868164,31.837210059320267,31.07291194381569,31.14084775435376,432700,0.008938146319242612,1.0,0.020445190166891163,0.10208796934121978,1,1
2012-01-25,32.3382453918457,32.42316595485631,31.08139903060832,31.58243812719928,226400,0.022281807487604777,2.0,0.020399268977472032,0.09856510989784395,2,1
2012-01-26,31.667375564575195,32.694929721186455,31.539991425700347,32.55905481815945,262000,-0.020745399731541103,-2.0,0.02069747522733712,0.12469250907223861,3,1
2012-01-27,31.947603225708008,32.15990787837129,31.42957935488768,31.50600915942694,249000,0.008849096464005335,1.0,0.021420349005511378,0.1049313881153835,4,1
2012-01-30,31.20879173278809,31.65887667215429,31.02196255515862,31.52300179010906,394300,-0.02312572519760736,-2.0,0.021253570501042356,0.12264993117548473,0,1
2012-01-31,30.74171257019043,31.70982121185221,30.53789869007187,31.54847085141249,493900,-0.014966268691105511,-1.0,0.020683468870095485,0.13111757068743857,1,1
2012-02-01,31.08141326904297,31.38713261915049,30.843632992076365,31.217288175811497,831800,0.01105015532485143,1.0,0.01874100123096523,0.06282993947857762,2,2
2012-02-02,32.813812255859375,33.14500705280474,30.809655470791316,31.208789323270327,572700,0.0557374586483772,6.0,0.018601936797412722,0.08444483367789823,3,2
2012-02-03,33.84135818481445,33.943266744055215,33.19595350718152,33.19595350718152,453300,0.031314433109538964,3.0,0.021119650429858645,0.11226257429301634,4,2
2012-02-06,33.51016616821289,33.78191586907785,33.3148462731857,33.5186601685904,513300,-0.009786605336371434,-1.0,0.02174608390909674,0.1282551622139383,0,2
2012-02-07,33.408260345458984,33.59508947685352,33.04309608292163,33.416751106198774,642300,-0.003041042000280214,-0.0,0.022016237120238598,0.11029799679720109,1,2
2012-02-08,33.11953353881836,33.53565218046088,32.82230825158275,33.38279253573609,299200,-0.008642377772893228,-1.0,0.021986262612507926,0.11192742297025826,2,2
2012-02-09,33.263885498046875,33.42523907861195,32.98364509100497,33.11951991492163,390200,0.004358514260453639,0.0,0.021924312313207447,0.08093133963550736,3,2
2012-02-10,33.23841857910156,33.32334239071235,32.61848933214759,32.72888866748553,406400,-0.0007656026517650627,-0.0,0.018953777940104,0.03187551313155268,4,2
2012-02-13,33.6120719909668,33.95175746955388,33.13650843353084,33.54413295154236,323000,0.011241612201736029,1.0,0.01896113107686058,0.029729035344459476,0,2
2012-02-14,33.27239227294922,33.57811155403192,32.84778288022604,33.467712204860376,335600,-0.010105884519968522,-1.0,0.019042902879234283,0.03396055621125971,1,2
2012-02-15,32.95816802978516,33.569603089008865,32.7628481820251,33.408252755514354,512800,-0.009443993103541382,-1.0,0.01899694942019674,0.035412311472782454,2,2
2012-02-16,33.654541015625,33.76493712410741,32.91571834771171,32.975166642410954,309500,0.021128995556139785,2.0,0.019091112454248244,0.017299225020152464,3,2
2012-02-17,33.83287811279297,33.94327746709091,33.58660387609476,33.713987995631825,280500,0.005299050047515852,1.0,0.019535337193016578,0.0301534347045731,4,2
2012-02-21,33.654541015625,33.90081199875022,33.39128202871782,33.832876181185085,408900,-0.005271118128745145,-1.0,0.01903917100515604,0.05424739067682993,1,2
2012-02-22,33.60357666015625,33.7309607342752,33.11103160188691,33.63754617852285,408500,-0.001514338152616257,-0.0,0.018528789407713915,0.0681943855700693,2,2
2012-02-23,33.92628860473633,34.03668794570187,33.29786532483132,33.484694480386494,325700,0.009603499884663025,1.0,0.01846953248884427,0.07177649171278122,3,2
2012-02-24,33.11953353881836,33.90081328784492,33.03461295375466,33.90081328784492,346600,-0.02377964401933841,-2.0,0.01847995635073154,0.07248328460459175,4,2
2012-02-27,33.2808837890625,33.65454213640842,32.35523516238419,32.76286303940023,322500,0.004871754913305937,0.0,0.01886845949466131,0.02415988058429619,0,2
2012-02-28,32.898738861083984,33.34032980139597,32.626985855450286,33.2723939796221,339100,-0.011482415262785262,-1.0,0.018187430102049096,0.050951750680983565,1,2
2012-02-29,33.22992706298828,33.68850267722281,32.728887924156695,33.00912839732712,424300,0.010066896585390506,1.0,0.018374107091893962,0.02977173682345602,2,2
2012-03-01,33.544132232666016,33.73096134756763,33.2129375213489,33.36579711726628,365900,0.00945548779213845,1.0,0.01755409587799657,0.06476172956342863,3,3
2012-03-02,33.92628860473633,34.30843767768448,33.23842027342965,33.408264665796864,693100,0.011392644454762735,1.0,0.017097848770066173,0.09116016734841992,4,3
2012-03-05,33.66304397583008,34.02820844115882,33.42526366892344,33.79891889970726,499200,-0.007759311134006519,-1.0,0.017104771618572292,0.0915297934192345,0,3
2012-03-06,32.58451461791992,33.19595300608796,32.45713378005935,33.13650796718403,546000,-0.03203897302586589,-3.0,0.012572045624293971,0.025880312636306302,1,3
2012-03-07,32.9072265625,33.03461067080498,32.58452253043652,32.72889140248299,242800,0.009903843846199356,1.0,0.012608844397335998,-0.03713927674033224,2,3
2012-03-08,33.62055969238281,33.88381858693399,33.000630591837854,33.18745969374588,327600,0.02167709662581241,2.0,0.012711047010726244,-0.01799273697081294,3,3
2012-03-09,34.699073791503906,35.0727288230329,33.28937099319691,33.57810545740495,444200,0.03207900490024995,3.0,0.013604895876680836,0.006354696255612913,4,3
2012-03-12,34.7585334777832,34.91988391946307,34.614164565111025,34.70757917222008,396200,0.0017135813663664567,0.0,0.01507562168462949,0.047692104444472916,0,3
2012-03-13,36.02385711669922,36.02385711669922,34.91987341115604,35.10670256915235,559500,0.036403251584960605,4.0,0.01506886875990258,0.04493305449311058,1,3
2012-03-14,35.811553955078125,36.35505668875212,35.53131344568784,35.90496853804573,457900,-0.0058934044995053725,-1.0,0.016787556927132356,0.08380177687963108,2,3
2012-03-15,36.287109375,36.32107889553337,35.50582983980319,35.70964048397984,504500,0.013279385209544747,1.0,0.016832982978670478,0.06543726208555167,3,3
2012-03-16,35.667179107666016,36.09178838275728,35.35296915116175,36.09178838275728,1294400,-0.01708403557107485,-2.0,0.016684548728356258,0.09060716396102886,4,3
2012-03-19,35.403934478759766,35.76909886186763,35.1406786952492,35.6756842653266,681600,-0.007380584489499742,-1.0,0.01707723706150505,0.08219543863702161,0,3
2012-03-20,34.257476806640625,35.225585445776574,34.15557148660309,35.16614040579537,634000,-0.03238221087565696,-3.0,0.016770151929325655,0.05198090392385879,1,3
2012-03-21,33.85834884643555,34.47827811207216,33.815888559106625,34.257482674254405,557900,-0.011650827714424938,-1.0,0.01839812341130681,0.01254988394520029,2,3
2012-03-22,33.50168228149414,33.51866704622227,32.71190853895568,33.391282930517626,903000,-0.01053408028132341,-1.0,0.018554614685725057,0.006055879077831561,3,3
2012-03-23,33.45072937011719,33.57811349108771,32.397699829543534,33.41675983925668,541600,-0.0015209060532789254,-0.0,0.018706173057051852,-0.0030322480161144583,4,3
2012-03-26,33.883827209472656,34.06216235785113,33.52715367320348,33.78191863367447,353200,0.01294733620195343,1.0,0.018578347012764274,-0.014017425842234643,0,3
2012-03-27,34.002708435058594,34.32540912233764,33.79889457616164,33.79889457616164,402800,0.003508494623438052,0.0,0.017997678079717774,0.023076824731196544,1,3
2012-03-28,33.9344596862793,34.053886629213274,33.4567519145434,33.99417315774628,358400,-0.0020071562507922858,-0.0,0.017986382774119247,0.021688866514816496,2,3
2012-03-29,34.12213897705078,34.2842179657011,33.38851246838167,33.6700216769299,343400,0.005530640313903934,1.0,0.017770505327739793,0.03148208293237853,3,3
2012-03-30,34.3780517578125,34.46335905126117,34.02829999002421,34.3780517578125,461400,0.007499904414955738,1.0,0.017690177423180763,0.026849650087142463,4,3
2012-04-02,34.019771575927734,34.53160233041145,33.72120092402842,34.09654651451435,540300,-0.010421770972037336,-1.0,0.01765081860728536,0.02486036959794702,0,4
2012-04-03,34.019771575927734,34.38658480982594,33.78944676016789,34.06242359644462,520300,0.0,0.0,0.017670177029936562,0.002755472969075523,1,4
2012-04-04,33.482357025146484,33.58472255584717,32.88521879679964,33.58472255584717,662500,-0.015797124021888598,-2.0,0.01757454399038491,0.010597009597640206,2,4
2012-04-05,32.96199035644531,33.7723919216952,32.885215402808136,33.37145569112983,548100,-0.015541518427461876,-2.0,0.01638093737568008,0.02755426673542627,3,4
2012-04-09,32.373382568359375,32.54399392758037,32.21130031273598,32.236894131810786,393800,-0.017857167656468387,-2.0,0.01666089760715533,0.0016641874647593813,0,4
2012-04-10,31.520339965820312,32.49282082050509,31.3667900146446,32.21131149196889,737000,-0.026350122689150046,-3.0,0.016344611774491,-0.03709566811007026,1,4
2012-04-11,32.09186553955078,32.211292485743726,31.827421088449327,31.92125422178648,494100,0.018131960960770632,2.0,0.01524836396356813,-0.09160860733008702,2,4
2012-04-12,32.77433776855469,33.166745137384176,32.100427486078104,32.126018068383615,337000,0.021266206171866475,2.0,0.015983599485117912,-0.07671980579781623,3,4
2012-04-13,32.50135040283203,32.75726916129924,32.08335583840102,32.66343271708023,340300,-0.008329302262350291,-1.0,0.014343073218899268,-0.09020464792589311,4,4
2012-04-16,32.69754409790039,32.97052097327201,32.19424237378254,32.76578668967277,337300,0.006036478258185429,1.0,0.01436564438707367,-0.09243395459460935,0,4
2012-04-17,32.98757553100586,33.47381899399052,32.979046428280824,33.02169845018736,272600,0.008870128968618607,1.0,0.0139994901325934,-0.09892122406345871,1,4
2012-04-18,32.55253219604492,32.91934558269364,32.484289585628055,32.774324747577154,283500,-0.013188096668457217,-1.0,0.014011459170796915,-0.07512799284102123,2,4
2012-04-19,32.21984100341797,32.86816043116188,31.86155673097755,32.629306418962834,324600,-0.010220132511454039,-1.0,0.014146097359119219,-0.08053913568350757,3,4
2012-04-20,33.07288360595703,33.22643349174052,32.29660507411418,32.39044147699751,456500,0.026475692491734204,3.0,0.012663582991501342,-0.05948003160663806,4,4
2012-04-23,32.68048858642578,32.68048858642578,32.01510448419028,32.55252922911159,559300,-0.01186455418300969,-1.0,0.013999711198540002,-0.023198568956832255,0,4
2012-04-24,36.33155822753906,37.00547145034864,33.269095228869745,33.35439929959478,1671700,0.11172016695704468,11.0,0.014047829737229112,-0.024512013700338176,1,4
2012-04-25,36.11830139160156,37.61967478784052,35.87091498552908,37.11637286872237,611400,-0.0058697409729002725,-1.0,0.028338575738143107,0.08612155584252901,2,4
2012-04-26,36.62158584594727,37.07370314518538,36.06709978699652,36.11828416685284,480500,0.013934333425290601,1.0,0.02834914538792972,0.06594515337111129,3,4
2012-04-27,37.26137161254883,37.312555986446256,36.36566622125629,36.758069992048775,629600,0.01747018191109695,2.0,0.028442111006361875,0.07701967082682382,4,4
2012-04-30,37.02253341674805,37.14196041903728,36.49363775783611,37.09930838309709,835000,-0.006409806871423562,-1.0,0.028556998627189065,0.09803933691670652,0,4
2012-05-01,37.39788055419922,37.95236685301899,36.78368074678559,36.96282452670933,1052300,0.010138342863413419,1.0,0.028661098864420243,0.08500037004268579,1,5
2012-05-02,37.77321243286133,38.06325078753518,37.20166808184766,37.2272586485673,530000,0.010036180476007406,1.0,0.028681766116932204,0.08784176653351095,2,5
2012-05-03,37.17607879638672,37.95235747033541,37.09930383944052,37.849988691646246,455900,-0.015808389014727364,-2.0,0.028500374521350562,0.11033115988319908,3,5
2012-05-04,36.78367614746094,37.09077601276887,36.65572003967713,37.09077601276887,510800,-0.010555245782508993,-1.0,0.028855706953975355,0.09277861297259204,4,5
2012-05-07,37.32962417602539,37.585542859830944,36.50216439524884,36.57040699122674,485800,0.014842127969369345,1.0,0.028692547090046167,0.09859876710098514,0,5
2012-05-08,36.77514266967773,37.08224249847409,36.38273877916744,36.96281551041803,815400,-0.01485365895282098,-1.0,0.02837660281437229,0.1325051604089813,1,5
2012-05-09,36.66425704956055,37.03959960244398,36.26332066628924,36.39128005580124,468000,-0.0030152329010162404,-0.0,0.02825602793895036,0.13596849485912177,2,5
2012-05-10,36.92869567871094,37.27844756767357,36.39980003851056,37.073713246605415,283400,0.007212436591663041,1.0,0.02734577201160552,0.1631935787912866,3,5
2012-05-11,37.423465728759766,37.995013412450845,36.5362923344464,36.8775118694464,570600,0.01339798335563902,1.0,0.027238347066602893,0.15071826015222234,4,5
2012-05-14,36.553340911865234,37.01399057956385,36.27183495103218,36.96280945258012,435000,-0.023250781293241984,-2.0,0.02708660004535227,0.14185268953521568,0,5
2012-05-15,36.715423583984375,37.21019292402756,36.19506042601179,36.47656639010824,619200,0.004434141122967139,0.0,0.027688696711988918,0.124671450841628,1,5
2012-05-16,36.39126586914063,37.46611195628536,36.34861384064478,36.91162907755701,517700,-0.008828924827797513,-1.0,0.02769067464795525,0.12288016109264865,2,5
2012-05-17,34.941070556640625,36.45950799848446,34.93254145346806,36.45097564117105,575800,-0.03985009253909344,-4.0,0.027863947109863133,0.10318097900027712,3,5
2012-05-18,34.62543869018555,35.32494223914763,34.429236792709894,35.12874034167198,415600,-0.009033262616937487,-1.0,0.029306047302499937,0.07337488666660175,4,5
2012-05-21,35.80265808105469,35.845310107185895,34.59985272096494,34.81311610576199,508900,0.0339986852268479,3.0,0.029278853093972462,0.07466199744785795,0,5
2012-05-22,36.195068359375,36.52775877810964,35.83678411710122,35.83678411710122,628100,0.010960367172513363,1.0,0.029613957336761625,0.0825381453767755,1,5
2012-05-23,36.37420272827149,36.45097767767737,35.290824332939984,35.76000313302439,629000,0.004949137465853015,0.0,0.029413709010263155,0.1075436728448742,2,5
2012-05-24,36.698368072509766,36.93722205096517,36.06710694555297,36.50216612532977,316000,0.008911957374293733,1.0,0.01647563183816966,0.0011737592003446817,3,5
2012-05-25,36.59599304199219,36.80925639712235,36.32301620775682,36.78366258169115,201200,-0.0027896344141326024,-0.0,0.016519692322818857,0.016060187178212226,4,5
2012-05-29,37.6367301940918,37.909707131260014,36.82632848818663,36.84338995352736,444100,0.02843855475940793,3.0,0.016260467362722568,-0.0006988447759401772,1,5
2012-05-30,36.212135314941406,37.26139112319251,36.01593332681075,37.210206722494135,416000,-0.037851186110052226,-4.0,0.017005627763116146,0.010073665173843338,2,5
2012-05-31,36.58746337890625,36.86897259038923,35.4187810179181,36.19505955757312,506500,0.010364704006007086,1.0,0.018930243492328188,-0.021889320557410552,3,5
2012-06-01,35.162879943847656,35.67471094062636,34.804595642788875,35.461447482944884,698900,-0.03893638157708157,-4.0,0.01893689548088665,-0.021670136469858603,4,6
2012-06-04,33.55913162231445,35.36760449771699,33.03876836117873,35.27376807303461,761800,-0.04560912883399382,-5.0,0.02047916699523587,-0.06910538767792962,0,6
2012-06-05,33.670021057128906,33.83210004279566,33.06435062828852,33.38851185376272,545600,0.0033042998866132933,0.0,0.02234392612521371,-0.09729232590350034,1,6
2012-06-06,35.1713981628418,35.1713981628418,33.86622724717912,33.90035017083933,507700,0.04459091674357607,4.0,0.02236459077620614,-0.08464774096666672,2,6
2012-06-07,35.46143341064453,36.391261847313984,35.393190823421335,35.57233127579066,417800,0.008246338301931777,1.0,0.024459304832821757,-0.05781536945045629,3,6
2012-06-08,36.14387512207031,36.17799804234494,35.043438603410216,35.43584242414609,303800,0.019244617202104797,2.0,0.024397452717505638,-0.03572275084921395,4,6
2012-06-11,36.23771286010742,36.87750299518165,36.126814992201766,36.55334174891792,872400,0.002596227928526984,0.0,0.024805981886316792,-0.014193167116050232,0,6
2012-06-12,36.36567687988281,36.6301214205095,35.72588666227684,36.39126744726183,504500,0.0035312388579651355,0.0,0.024755688421015106,-0.018711270623128495,1,6
2012-06-13,34.99500274658203,36.22004231761022,34.78940357361978,36.22004231761022,508400,-0.03769142364180844,-4.0,0.024569559622329734,-0.02826538986377325,2,6
2012-06-14,35.20060348510742,35.99730759467067,34.806535699371125,35.11493771183945,500500,0.0058751456604893,1.0,0.025408982558507615,-0.04263189427857106,3,6
2012-06-15,36.571285247802734,36.75118864849303,35.32054632305668,35.431914472447694,570400,0.038939155212927457,4.0,0.02542849302828361,-0.041258412705273306,4,6
2012-06-18,36.99961853027344,37.08528758922417,36.15151608827414,36.339981482084845,305000,0.011712284093062797,1.0,0.026854861896996568,0.004946774297696521,0,6
2012-06-19,37.47078323364258,37.93338299440026,37.11954832695146,37.1538126762351,277900,0.012734312462806319,1.0,0.025284732056533674,0.0589148512291815,1,6
2012-06-20,36.93108367919922,37.50505162380389,36.85398316610932,37.30801770544974,385600,-0.014403209857615118,-1.0,0.02521129457624294,0.08217497455890821,2,6
2012-06-21,35.76602935791016,37.11957167827072,35.66322970950996,37.016768761928624,470600,-0.031546713641258606,-3.0,0.02454220131350723,0.031517927959143544,3,6
2012-06-22,36.85397720336914,37.11097778277435,35.80883781012301,35.98873788891269,802700,0.030418468725502024,3.0,0.02548105528761279,-0.011853520960507069,4,6
2012-06-25,36.44277572631836,36.86254257802076,36.19434041607998,36.37424049538101,638000,-0.011157587545617464,-1.0,0.026333110637746484,0.013189965390629776,0,6
2012-06-26,37.16237258911133,37.41080458647084,36.13436718658608,36.57126776699128,619100,0.019745939996367756,2.0,0.026394056556825387,-0.006964678802239943,1,6
2012-06-27,37.57358169555664,37.90768278366093,37.11097868067083,37.43651449869489,464600,0.011065200572414335,1.0,0.026730916069036745,0.015476545382147266,2,6
2012-06-28,37.59071731567383,37.659249283438335,36.93108037774846,37.136679548981874,515400,0.0004560550084373727,0.0,0.026103119927876835,-0.0016778423154588662,3,6
2012-06-29,39.94657516479492,40.075073871786415,38.19896529900649,38.47309979545084,773500,0.06267126613566365,6.0,0.024603049889979894,0.03806961364588757,4,6
2012-07-02,39.58676910400391,40.05793753586415,39.0299348728748,39.98083700934587,577400,-0.009007181699724476,-1.0,0.02791019161784218,0.09181045843766533,0,7
2012-07-03,40.57192993164063,40.59762901010309,39.535359039750816,39.535359039750816,209400,0.024886113465043547,2.0,0.026295415012649495,0.12581134330353083,1,7
2012-07-05,41.37718963623047,41.45429012152533,40.01508324131392,40.26351850147948,571900,0.01984770519782053,2.0,0.023756492512051034,0.20896840801038974,3,7
2012-07-06,40.75182723999024,41.12019592323774,40.374893287152126,40.85462681477525,248100,-0.015113699159805982,-2.0,0.023820427937601526,0.2289029925471262,4,7
2012-07-09,40.5034065246582,40.589075591113,39.62103638178859,40.33207492763008,436000,-0.006095940529711075,-1.0,0.02305248565762307,0.15866383961511388,0,7
2012-07-10,39.86089324951172,41.04309992699886,39.53536068232969,40.63189831481636,287300,-0.015863191031977197,-2.0,0.02323441536343303,0.14218187560630913,1,7
2012-07-11,39.51824188232422,40.03224327578466,39.20983973907149,39.9465774661883,413300,-0.008596178842321778,-1.0,0.023540536876444407,0.10283950226387617,2,7
2012-07-12,39.88659286499024,40.20356013993183,38.738653884130194,39.20982216157087,469500,0.009321036693962226,1.0,0.02372209740642495,0.09052803732070491,3,7
2012-07-13,41.137325286865234,41.76269447349512,40.08362077230206,40.08362077230206,753200,0.03135721384146595,3.0,0.02374512519503285,0.09681975662757902,4,7
2012-07-16,40.60619735717773,41.24013192116103,40.237828650563216,41.068797107024544,376000,-0.012911095361299307,-1.0,0.022323153607547466,0.17551999023298048,0,7
2012-07-17,39.57819366455078,40.29779730455861,39.06418919715095,40.27209495702767,1221900,-0.025316423588854775,-3.0,0.0227827435906196,0.15356537493333855,1,7
2012-07-18,40.11790084838867,40.443433445852136,39.3126280901764,39.46682911758129,759600,0.01363647842072413,1.0,0.0226026939402221,0.08222047424293644,2,7
2012-07-19,40.16930389404297,40.709007555550784,39.55249970946261,40.40917073562839,536500,0.0012812994839523917,0.0,0.02263935080099941,0.08427876940309065,3,7
2012-07-20,39.5439338684082,39.76666689411428,39.14986598634484,39.62103439037195,536100,-0.01556835605825635,-2.0,0.02255879286974544,0.07201666011554209,4,7
2012-07-23,39.71526336669922,40.16073262595279,38.32745742652395,38.64442474386087,708400,0.004332636678514357,0.0,0.022606554133163252,0.0707493506528385,0,7
2012-07-24,38.087589263916016,39.06419361407689,35.72317890394444,38.80719298528829,2007300,-0.040983590811284665,-4.0,0.021133161201505928,0.11041857538249844,1,7
2012-07-25,36.03157424926758,37.52217957915212,36.01444044148343,37.52217957915212,988800,-0.05398123258476473,-5.0,0.0225695362664434,0.033472969653709495,2,7
2012-07-26,37.05957794189453,37.15381225421883,35.74030737317387,36.31427524941847,903800,0.028530634979065717,3.0,0.025538955364293795,-0.011283484006236577,3,7
2012-07-27,38.21609115600586,38.56732611068581,36.99105145037912,37.256620618235786,626100,0.031206864145204793,3.0,0.025951137679905,-0.0027660948441950994,4,7
2012-07-30,38.24177551269531,38.54161218699923,37.77917259892746,38.30174219396829,702500,0.0006720822541637084,0.0,0.026733656248146404,0.017100032295435996,0,7
2012-07-31,37.410831451416016,38.66157394442271,37.32516563466305,38.30177032458912,477600,-0.021728699835169674,-2.0,0.026733418577917334,0.017319653454711315,1,7
2012-08-01,36.459922790527344,37.94196338503654,36.42565516259929,37.62499272861334,461300,-0.025418003930855693,-3.0,0.023123724011426063,-0.06347837587873284,2,8
2012-08-02,36.562721252441406,36.79402283174453,35.825983614944235,36.00588375397752,625000,0.00281949203525933,0.0,0.023613905879082627,-0.07898715616982022,3,8
2012-08-03,38.25035095214844,38.53305060517909,37.41937926462448,37.505045033921135,594400,0.04615711418346202,5.0,0.022756311495310204,-0.09881730265122501,4,8
2012-08-06,37.61640930175781,38.37884568152708,37.57357642148951,38.18181181794149,677100,-0.01657348585333751,-2.0,0.0248068196162243,-0.07556914115172597,0,8
2012-08-07,38.64442825317383,38.64442825317383,37.787757277108575,37.91625596275411,532400,0.027329002701169003,3.0,0.024843182883466677,-0.07693932151232741,1,8
2012-08-08,38.70438003540039,38.99564818566528,38.39597808006825,38.59301193643286,414700,0.0015513693677597917,0.0,0.025724372251145926,-0.04589683759939156,2,8
2012-08-09,38.824317932128906,39.08131850224067,38.18181487287972,38.75578597180423,338000,0.0030988197361336844,0.0,0.025532355908382345,-0.029013730497007728,3,8
2012-08-10,38.95281982421875,39.20125185665592,38.473083030519525,38.661551640176285,276300,0.003309829996614111,0.0,0.02548794358970689,-0.017559585577254455,4,8
2012-08-13,38.601593017578125,39.03849375098871,38.06188942035545,38.82432601995719,304800,-0.009016723519005732,-1.0,0.02540536705196942,-0.023410699528339407,0,8
2012-08-14,39.2612190246582,39.63815294924,38.6444150863068,38.92711471275832,496500,0.017088051438180374,2.0,0.024354598568585076,-0.061640669431095585,1,8
2012-08-15,39.56106185913086,39.92086206338736,38.952826313112446,39.08132498551544,509000,0.0076371249268734065,1.0,0.024606774023610476,-0.033122489177918046,2,8
2012-08-16,40.28922653198242,40.46056134494832,39.20982276579488,39.62958962622457,400100,0.018406095252053944,2.0,0.024043809176390697,-0.00043285970969575427,3,8
2012-08-17,40.69187545776367,41.03454518984746,40.3063728261546,40.631908744840125,345200,0.009993960183415806,1.0,0.024198552139791,0.0042705545397605515,4,8
2012-08-20,40.4262924194336,40.78609584180256,40.152158034742776,40.53766053444537,215300,-0.006526684635259294,-1.0,0.024287444012671095,0.013009226276340824,0,8
2012-08-21,40.451995849609375,40.83749509171123,40.23782815157958,40.38346061762877,341000,0.0006358097326635281,0.0,0.02406001512538091,0.022313373119671187,1,8
2012-08-22,40.64046096801758,40.914595358484426,40.29779461390387,40.48625996488751,323400,0.00465898194761194,0.0,0.024050460411209482,0.018550361258032,2,8
2012-08-23,40.69187545776367,40.94887612285613,40.29780755342585,40.46057387879823,293100,0.00126510596881646,0.0,0.022029653767178334,0.06702633990332751,3,8
2012-08-24,40.44341659545898,40.99168523427165,40.357750846121576,40.50338327358294,296100,-0.0061058592043167215,-1.0,0.017721282772562783,0.1293393726362324,4,8
2012-08-27,40.57192993164063,40.94029863998821,40.28922699679443,40.72613093829495,224400,0.0031776082982091225,0.0,0.01711679298891357,0.09130807314832201,0,8
2012-08-28,40.357757568359375,40.88032722300103,40.160723697713074,40.53765763269652,378100,-0.005278831045062771,-1.0,0.015968701968792888,0.06164520505296478,1,8
2012-08-29,40.0236701965332,40.58050438619729,39.61246850836971,40.34063755175372,390300,-0.008278145069390508,-1.0,0.016064090162523338,0.05533168968479529,2,8
2012-08-30,39.91230392456055,40.16930458323154,39.60390182697908,39.852337213135336,292500,-0.0027825102352133646,-0.0,0.015291377888652952,0.06984177158720417,3,8
2012-08-31,40.70042419433594,40.99169236788572,40.06648969586487,40.40915602078616,417600,0.019746298566603482,2.0,0.013897913659591372,0.09468975438780047,4,8
2012-09-04,41.11161804199219,41.394317602913205,40.03221140008652,40.82034994616954,479800,0.010102937642440413,1.0,0.014286601225786148,0.11316725889537671,1,9
2012-09-05,40.32349395751953,41.15446567231455,40.00652667919205,40.99169613019362,420300,-0.01917034945371532,-2.0,0.010880714051963862,0.07480368202172105,2,9
2012-09-06,40.34063720703125,40.77753797574011,40.18643616679507,40.66617309952325,602800,0.0004251429583403965,0.0,0.011132076177032503,0.07196552531225286,3,9
2012-09-07,39.175559997558594,40.40059965014376,39.132727106001525,40.1007661413041,879900,-0.028880981812294926,-3.0,0.009692310026893932,0.04389271702365316,4,9
2012-09-10,39.07274627685547,39.45824869736485,38.75577907240952,39.22694724505922,1033000,-0.002624435252732371,-0.0,0.011818982498281843,0.012173814997869625,0,9
2012-09-11,39.44112396240234,39.94655985930319,39.124153417133535,39.124153417133535,517800,0.009427995742522732,1.0,0.011825509920098959,0.006398781947975385,1,9
2012-09-12,39.6981315612793,39.85233259219016,39.11559505960277,39.689566289757714,371700,0.006516234149968936,1.0,0.011975952298563358,0.012535784068705258,2,9
2012-09-13,39.37257385253906,40.13501004478621,38.97850622228929,39.63814287358834,685000,-0.00820083202751476,-1.0,0.011827036696107218,0.02840656195721869,3,9
2012-09-14,39.81806945800781,39.99796959169977,39.33833250022194,39.39830247939326,813500,0.01131487128926989,1.0,0.011430800640457928,0.0028362549774860746,4,9
2012-09-17,39.96369171142578,40.09219036289437,39.29548630561885,39.76665456354942,546200,0.003657190200332172,0.0,0.011577713281995652,0.0064964787798695856,0,9
2012-09-18,40.64046096801758,40.751829085375896,39.82662633453519,39.937991183953805,521500,0.016934603076179444,2.0,0.010853775439048615,-0.008079947136692356,1,9
2012-09-19,41.762691497802734,41.899758662257454,40.65758564617091,40.743254666416966,625400,0.02761362698785108,3.0,0.01128112348711975,-0.0012635074979392424,2,9
2012-09-20,41.95116424560547,41.96829805135829,41.28295889300252,41.582795591768,783100,0.004512945431514037,0.0,0.012668150646271449,0.033057671094436136,3,9
2012-09-21,43.33042144775391,43.947222355506526,41.3086773322623,42.533717143463726,2300500,0.032877685922457545,3.0,0.012681237814514988,0.03706043087638089,4,9
2012-09-24,43.4417724609375,43.92150925201486,42.83353701956516,43.30470527319247,721200,0.0025698114503189817,0.0,0.014379470424924521,0.06618922166884933,0,9
2012-09-25,42.72217559814453,43.66451552089942,42.65364362751038,43.57028120182993,560500,-0.01656462943449244,-2.0,0.014373715010623941,0.06757852697224775,1,9
2012-09-26,41.83980178833008,42.816405972455584,41.52283450897736,42.816405972455584,537400,-0.02065376581273115,-2.0,0.014884992421453282,0.056344374301487976,2,9
2012-09-27,41.728424072265625,42.13106029933619,41.03452297890112,41.96829406206504,776500,-0.002662003912636046,-0.0,0.015732585742435065,0.03124997649423311,3,9
2012-09-28,41.42861175537109,41.891214898352416,41.12877493250217,41.50571227920131,352700,-0.007184846386130483,-1.0,0.015685803903568173,0.03396290048039874,4,9
2012-10-01,40.47769927978516,41.53997261412183,40.41773257932439,41.53997261412183,768700,-0.022953037412909216,-2.0,0.015652779562884828,0.03510276673625934,0,10
2012-10-02,40.795997619628906,41.11431545496577,40.193781783759526,40.51209633726622,582300,0.007863548213144167,1.0,0.016539263823464267,0.014165941317075825,1,10
2012-10-03,41.4068603515625,41.673555247327215,40.46051420261809,40.77883233512207,434500,0.014973594655758093,1.0,0.01605483991204649,0.002348216933480307,2,10
2012-10-04,41.87140655517578,42.01766138238115,41.27779212927923,41.630520112521815,207200,0.011219063693046927,1.0,0.01623866397573597,0.007181481139193924,3,10
2012-10-05,41.78536987304688,42.585460607615225,41.51867186758039,42.15530443986154,287000,-0.002054783662820747,-0.0,0.015747906064329804,0.03838736294248113,4,10
2012-10-08,41.63051986694336,41.914424557109335,41.27779188578152,41.74236140687223,265700,-0.003705842656747782,-0.0,0.015768908827302183,0.03581333280882881,0,10
2012-10-09,40.43468475341797,41.51007530537057,40.34004985975309,41.51007530537057,554400,-0.028724962295629153,-3.0,0.014198972361498509,0.0626655973657495,1,10
2012-10-10,40.08195877075195,40.34865682231735,39.81526071918655,40.245416961293,472000,-0.008723351865286832,-1.0,0.015770715960862203,0.03485648198138658,2,10
2012-10-11,39.44531631469727,40.47769169631787,39.299064803898375,40.45188337837239,502200,-0.01588351656404685,-2.0,0.01582625312204355,0.01624788403496047,3,10
2012-10-12,39.20442962646485,39.47972928852851,38.68824358055319,39.32487281838884,638200,-0.0061068514778944705,-1.0,0.016178799234452455,-0.0063684419553038385,4,10
2012-10-15,40.30563354492188,40.34865178923177,39.144213148842574,39.25605467675202,482200,0.02808876264619009,3.0,0.016133280582179426,-0.004270592689824104,0,10
2012-10-16,40.91645431518555,40.93366095506654,40.46048656291652,40.51210648255952,303500,0.015154724452671964,2.0,0.017111244438722844,0.012244794726380626,1,10
2012-10-17,41.63051986694336,42.14670931765469,41.13154034127053,41.13154034127053,381100,0.017451794484860672,2.0,0.017391610464885066,0.023840705474348578,2,10
2012-10-18,41.578887939453125,42.02624737110656,41.34660326426937,41.51866306944511,281300,-0.001240242198638275,-0.0,0.01741525787824862,0.02436140918049423,3,10
2012-10-19,41.72514724731445,41.79397380774356,40.92505653239679,41.34661101044748,575500,0.0035176339510163412,0.0,0.016339671450460027,-0.004401142545117809,4,10
2012-10-22,42.71450424194336,44.3921104928526,41.75095216541561,42.64567768712105,1066300,0.023711288273346565,2.0,0.016327111906115344,-0.005387621591805836,0,10
2012-10-23,42.73172378540039,43.17048503401647,41.18316181544862,41.79398623446645,693400,0.00040313106198053283,0.0,0.015502226425063683,-0.014214429152349717,1,10
2012-10-24,43.1962890625,43.48879543852625,42.86937268128312,43.041432552731294,726600,0.010871671815362971,1.0,0.015487508477509975,-0.016344836670179164,2,10
2012-10-25,42.91236877441406,43.72106097275011,42.5940509322153,43.60061780297988,444400,-0.0065727935025885476,-1.0,0.015234820753618117,0.011097596452369407,3,10
2012-10-26,42.791954040527344,43.06725383489444,42.55106425908183,42.869382312807616,271100,-0.0028060612202446267,-0.0,0.01454520226110506,0.02563508764955813,4,10
2012-10-31,43.05863952636719,43.60063731471308,42.92098965905429,43.15327442548825,716600,0.006232140873662084,1.0,0.014547201472314265,0.025486943058762312,2,10
2012-11-01,44.69322967529297,45.02875098499074,43.01561984497276,43.540410932174446,761100,0.037961955298769556,4.0,0.01445023185787793,0.03934545962150837,3,11
2012-11-02,44.11681365966797,44.97712595900209,43.95335550425364,44.97712595900209,411500,-0.012897166300417373,-1.0,0.015293045392377295,0.10414451588193585,4,11
2012-11-05,44.81366729736328,44.91690385320452,43.90173508891134,44.10821148242476,246700,0.015795647506890997,2.0,0.015751932947582713,0.08140053519468937,0,11
2012-11-06,44.84809112548828,45.278247371475,44.693234614386526,45.166405828605576,227900,0.0007681546769331415,0.0,0.01578194887804073,0.08227638890936162,1,11
2012-11-07,44.409324645996094,44.61580106356983,43.652252105832126,44.46954625074024,294100,-0.009783392525324786,-1.0,0.015703869203864584,0.0710911052483989,2,11
2012-11-08,43.910343170166016,44.50395751072763,43.652250121305805,44.40932262705161,389400,-0.01123596181224673,-1.0,0.015926889515966637,0.06279601642683463,3,11
2012-11-09,43.27371597290039,44.22006164562148,43.11885946794297,43.7640938113217,270800,-0.01449834256130722,-1.0,0.016168917790368862,0.0547632676822023,4,11
2012-11-12,43.10164642333984,43.52320090907558,42.24993905440455,43.179074664318605,369300,-0.003976306302613586,-0.0,0.015047037670228284,0.07021276997200876,0,11
2012-11-13,43.13604736328125,43.643631624074615,42.77471786330809,42.83493944663695,339700,0.0007981351710681928,0.0,0.014891551912791871,0.07533782642357711,1,11
2012-11-14,42.18973159790039,43.42858058705204,42.00906673565931,43.37696064848365,325900,-0.021937934122967295,-2.0,0.014232323770094937,0.09356576124625504,2,11
2012-11-15,41.66493225097656,42.33597491235304,41.294997634619904,42.30156162668462,318900,-0.01243903023431292,-1.0,0.015200970701526388,0.07614705786767328,3,11
2012-11-16,42.31016540527344,42.36178533233186,41.363823048689234,41.656326123192585,309600,0.015486240333002055,2.0,0.014494007687959479,0.03372478203424589,4,11
2012-11-19,43.29952239990234,43.87593010243974,40.79601029644049,43.084444311164894,460300,0.023383434811757642,2.0,0.014509590012918796,0.034062362279779324,0,11
2012-11-20,43.92755126953125,44.17703936534224,42.938190720580906,43.30812530623494,415500,0.014504290921008689,1.0,0.014884541379907282,0.04009084052501222,1,11
2012-11-21,44.22004699707031,44.41791840300547,43.807094266092896,44.02217230930466,463500,0.0066585939595029675,1.0,0.015109155700746583,0.0564869203211551,2,11
2012-11-23,44.73625564575195,45.32126848212759,44.52977917568849,44.624414087724574,144500,0.011673634103460895,1.0,0.015132891913097645,0.059793671546993554,4,11
2012-11-26,44.93412780761719,45.16641260914121,44.202863392392544,44.67603467764568,444000,0.0044230827772466785,0.0,0.014519837422555866,0.047331730513761716,0,11
2012-11-27,45.13197708129883,46.04390919186715,44.94271062954358,45.01153389877351,748000,0.004403095894699893,0.0,0.0145200188482984,0.05154025691257669,1,11
2012-11-28,44.77925109863281,44.99432915701417,43.98776541906816,44.99432915701417,486500,-0.007815433878082256,-1.0,0.014401576102076492,0.044811442390296774,2,11
2012-11-29,45.19220352172852,45.36426663601176,44.53836762564932,45.06315864738929,210300,0.009221959120891077,1.0,0.014441867539990718,0.04350452742501254,3,11
2012-11-30,45.24382781982422,45.278241102378,44.73624338856532,45.20941453727043,372200,0.0011423275271558175,0.0,0.014474854934487906,0.05609113991214221,4,11
2012-12-03,44.572792053222656,45.59656275243101,44.48675883364732,45.56214946460087,190200,-0.014831542752612559,-1.0,0.01445537649689074,0.05074912532057407,0,12
2012-12-04,44.873905181884766,45.06317500448084,44.15984742889144,44.452350562965904,264600,0.006755536613065605,1.0,0.012419600437092426,-0.002694762113754634,1,12
2012-12-05,44.35771942138672,44.99434891594135,43.65226334264664,44.99434891594135,306600,-0.01150302739210729,-1.0,0.01214084565173395,0.017161065349307725,2,12
2012-12-06,43.93614959716797,44.56417719233575,43.37694528054258,44.39211407323324,412100,-0.009503866062498534,-1.0,0.011923550278241525,-0.010174304034327286,3,12
2012-12-07,43.94475173950195,44.68461752507479,43.746877032035634,44.18563812169633,375900,0.0001957873508000585,0.0,0.012082049855455341,-0.020334009886142868,4,12
2012-12-10,44.42652893066406,44.71043357953712,43.65224978996063,44.07380100080523,351700,0.010963247534495402,1.0,0.011910559212727635,-0.010461156754745349,0,12
2012-12-11,43.86733627319336,44.72764878210074,43.77270137212047,44.60720227411502,604400,-0.01258690856410205,-1.0,0.011888937942772088,0.011755448107013677,1,12
2012-12-12,44.32330703735352,44.7276550231466,43.60924598004507,44.04800725863591,728500,0.010394311642733634,1.0,0.011774136507672058,0.013717802757329922,2,12
2012-12-13,44.32330703735352,45.69653512331743,43.90011284614828,44.91059975931431,563200,0.0,0.0,0.011904730286842125,0.02834371109666356,3,12
2012-12-14,43.9864616394043,44.78967040640074,43.86554905850087,44.340564181173214,401500,-0.007599735228811966,-1.0,0.011908019187428275,0.027523608365723984,4,12
2012-12-17,45.04012680053711,45.247404535911166,44.19373228146241,44.23691816306719,711600,0.023954305981022772,2.0,0.01087123237500967,0.04258690381413377,0,12
2012-12-18,46.09380722045898,46.14562831449664,45.10059429439488,45.10059429439488,471300,0.023394259625159508,2.0,0.011337768848695855,0.08100804122827876,1,12
2012-12-19,46.49972534179688,46.69836790332024,45.48923554360689,45.9901628423689,491700,0.00880634831044591,1.0,0.011865182079525362,0.08942630639571925,2,12
2012-12-20,45.89517211914063,46.810658495363526,45.489248386206256,46.42200846325845,789400,-0.013001221366631177,-1.0,0.011084665601829573,0.07390850440192764,3,12
2012-12-21,45.264678955078125,45.62741993972661,44.73784281941024,45.05739792176181,1559900,-0.013737679475867126,-1.0,0.011336533506400409,0.04479240915425553,4,12
2012-12-24,45.22150421142578,45.67924565051365,45.13513572647092,45.30786940175982,237200,-0.0009538285623365006,-0.0,0.011795360713203043,0.0236234927130905,0,12
2012-12-26,44.66875457763672,45.58423736340984,44.61693349189427,45.3078648286911,266700,-0.01222315894678716,-1.0,0.011552957758278415,0.010846874837185938,2,12
2012-12-27,44.62556076049805,44.82420657322671,43.99508582181724,44.7119292213844,316500,-0.0009669805560305056,-0.0,0.011843309577083756,-0.005905827995964397,3,12
2012-12-28,44.37512969970703,44.781050202168416,44.26285227388397,44.34921749705735,203500,-0.0056118300033261015,-1.0,0.011796482201919485,-0.011220787422818734,4,12
2012-12-31,45.35969543457031,45.46333433318655,44.21101916918114,44.38375286328899,295000,0.022187331992626902,2.0,0.011737540077176135,-0.009024746707702702,0,12
2013-01-02,47.03520584106445,47.4670384395934,46.43927804115816,46.43927804115816,442800,0.03693830812667165,4.0,0.01257800260990368,0.003706212571848999,2,1
2013-01-03,47.03520584106445,47.4929506358476,46.67246803971834,47.095662141288805,293200,0.0,0.0,0.014913519377824778,0.0395938652311667,3,1
2013-01-04,47.259761810302734,47.544769619202846,46.92293290222926,47.24248811057828,274100,0.004774210407350488,0.0,0.014421857583249945,0.05524477319934373,4,1
2013-01-07,46.88837432861328,47.22520315641565,46.66381958033133,47.15610837398411,154100,-0.007858428977703613,-1.0,0.014400202823545143,0.05316801866803256,0,1
2013-01-08,47.35476303100586,47.37203343520434,46.655193054605455,46.93156564647745,265800,0.009946787643434485,1.0,0.01424325055662348,0.05705105988849435,1,1
2013-01-09,47.665672302246094,47.985230738708445,47.2942960720163,47.55339821933619,347700,0.006565533250301847,1.0,0.014038105836255133,0.07780867156502591,2,1
2013-01-10,47.55341339111328,48.24434498362446,47.06975962904461,48.071611261841234,378200,-0.002355131181639103,-0.0,0.014028156468011529,0.08467269504220232,3,1
2013-01-11,47.6052131652832,47.71749053609716,47.28565804255782,47.56203057485336,225100,0.0010892966556130812,0.0,0.013997245241538598,0.07038327179081016,4,1
2013-01-14,47.76068115234375,47.88159374371393,47.25975708886431,47.68295115865992,214600,0.003265776513189156,0.0,0.013529681958169134,0.08520865887117934,0,1
2013-01-15,47.639766693115234,47.916139261017065,47.38066782253488,47.5188541064858,258100,-0.0025316736761528125,-0.0,0.013450098971521213,0.07755229347154491,1,1
2013-01-16,46.897010803222656,47.61385436463287,46.80200712210847,47.61385436463287,473000,-0.015591089995827367,-2.0,0.01349570299708271,0.0748242826954848,2,1
2013-01-17,48.38251495361328,48.57252231283327,46.957466348704585,47.18202109953195,797800,0.03167588136104715,3.0,0.013930807352300305,0.06616920423558259,3,1
2013-01-18,48.90935134887695,49.07344651776696,47.94204414755094,48.37387666058628,368600,0.010888983257046014,1.0,0.014593592327501598,0.07420911952308962,4,1
2013-01-22,48.5811767578125,48.96118833216528,48.07161406092346,48.96118833216528,329500,-0.006709853678564248,-1.0,0.013984276744563637,0.06108291543268929,1,1
2013-01-23,49.125267028808594,49.591643633501214,48.64161343382226,48.64161343382226,593600,0.011199610781527536,1.0,0.014067341491631243,0.044762660439731095,2,1
2013-01-24,49.60029220581055,50.24804109936236,49.280737007485605,49.280737007485605,263600,0.009669671143433867,1.0,0.013749127976963815,0.07037984085303917,3,1
2013-01-25,49.83348083496094,49.86802823237784,49.41028345315678,49.85938973571304,450300,0.0047013559553803486,0.0,0.013235231620183563,0.09578358558635092,4,1
2013-01-28,49.56574630737305,50.507141526274445,49.38437740239917,49.9025752150735,395100,-0.0053725833135072065,-1.0,0.013177240362871469,0.10198636033805086,0,1
2013-01-29,49.72120666503906,49.7384803648677,48.667534037842,49.591655563634994,561700,0.003136447430892142,0.0,0.012816767851929069,0.1096290186740061,1,1
2013-01-30,48.81434631347656,49.78165019332352,48.486152690188646,49.78165019332352,1235800,-0.01823890473277978,-2.0,0.012751672780955379,0.11418670864191394,2,1
2013-01-31,49.66936874389648,49.74709871948963,48.38250984139019,48.84888969494909,455200,0.017515802115409373,2.0,0.013560917458218504,0.10003839186071928,3,1
2013-02-01,49.71256637573242,51.20670666450103,49.65211007982892,50.06666894943341,576300,0.0008697036609963682,0.0,0.013294325579788503,0.09501107245181384,4,2
2013-02-04,49.82483673095703,50.29121665973485,49.28936530974219,49.41027789247256,638500,0.002258389848073028,0.0,0.011017301174155556,0.05692247938097639,0,2
2013-02-05,50.783504486083984,50.887143370008566,47.66567311585828,49.22027284783062,1050600,0.01924076059302604,2.0,0.011000666469095647,0.059309422378610366,1,2
2013-02-06,50.45530700683594,50.89577799560993,50.29985034007975,50.86123060538835,752600,-0.006462678827885537,-1.0,0.011568472484026999,0.07456116029372506,2,2
2013-02-07,50.29985427856445,50.69713941335871,49.85938325530152,50.40349316272367,315500,-0.003080998560774262,-0.0,0.011503819307644448,0.07607285876929981,3,2
2013-02-08,50.550331115722656,50.73170334038869,50.26532326774198,50.48123960197229,203400,0.004979673216765956,0.0,0.011493453588156453,0.06219208077612537,4,2
2013-02-11,50.52439498901367,50.85258856271796,50.3084787711119,50.53303018809693,149200,-0.0005130753080451189,-0.0,0.011473632080592364,0.06051858023075929,0,2
2013-02-12,51.2844352722168,51.47443935651145,50.53304425266199,50.53304425266199,278300,0.015043035812074335,2.0,0.011438722856092749,0.06247672640163415,1,2
2013-02-13,51.66444396972656,51.76808285512301,51.146246248123546,51.32761512122253,253800,0.007409825134910619,1.0,0.011726767119489495,0.07728611768126092,2,2
2013-02-14,51.21533966064453,51.51762442176528,50.83532820352744,51.405347036513525,327500,-0.008692715426206643,-1.0,0.011755404663540506,0.08173591169964389,3,2
2013-02-15,51.275787353515625,51.483068391934864,51.025327020976974,51.24987845919584,266000,0.0011802653906354266,0.0,0.011996104019377915,0.07505437611737986,4,2
2013-02-19,50.956241607666016,51.80263302206596,50.58486534593877,51.32761786939326,511000,-0.006231903249901083,-1.0,0.011191436586522625,0.0933700565408333,1,2
2013-02-20,50.06667709350586,50.99943387818716,50.05803859575959,50.95625127332052,446000,-0.017457420054824646,-2.0,0.00948540358155239,0.05319538797270651,2,2
2013-02-21,49.91120910644531,50.3171294808875,49.5225591354934,50.08394279293739,506000,-0.0031052188019227156,-0.0,0.010222288145121869,0.023662668031999567,3,2
2013-02-22,50.24803924560547,50.42940813839979,49.9889403566677,49.9889403566677,417100,0.006748587044681731,1.0,0.010113143138615636,0.02737752432929552,4,2
2013-02-25,49.10799407958984,50.47258311230467,49.10799407958984,50.47258311230467,688400,-0.02268835128955482,-2.0,0.009941257979744567,0.022855289847858673,0,2
2013-02-26,49.71256637573242,49.9371178612853,48.84890124040113,49.47937639383845,447100,0.01231107699416012,1.0,0.011001577675389607,-0.009925306975571369,1,2
2013-02-27,51.04261016845703,51.39671275595113,49.669382418005085,49.669382418005085,349200,0.02675467974580137,3.0,0.011299878899811327,-0.002426369926454841,2,2
2013-02-28,51.016700744628906,51.58671961852226,50.68850706128997,50.97351814554721,245100,-0.0005076038185080067,-0.0,0.012639348358611385,0.029796058187553154,3,2
2013-03-01,50.5589599609375,50.92169775176902,49.80756888915022,50.71441995547134,283800,-0.008972371341351315,-1.0,0.012640413754726142,0.02605516170026423,4,3
2013-03-04,52.251739501953125,52.28628689729154,50.24803669701815,50.42940558061342,431500,0.03348129673402078,3.0,0.012073185098725691,0.0357397728171418,0,3
2013-03-05,52.8131217956543,53.31404583677896,52.502201834794434,52.57129332908503,359200,0.010743801049536206,1.0,0.013530782657677012,0.051991213566086936,1,3
2013-03-06,52.86493682861328,53.339951946369865,52.48492539333215,53.06357939441619,260200,0.000981101498969572,0.0,0.013642287451959697,0.06236965109561177,2,3
2013-03-07,53.0203971862793,53.24495194551171,52.787207226132125,52.94266719956357,262500,0.0029407082840184895,0.0,0.013648480095102333,0.061015756339997784,3,3
2013-03-08,53.42632293701172,53.68542180480856,52.864939311267854,53.49541443093448,224900,0.007656029986087498,1.0,0.013126987002462266,0.044047623787135004,4,3
2013-03-11,53.763160705566406,53.91862071093534,53.40042288945315,53.52133549482424,220300,0.006304715541659345,1.0,0.013025723093858644,0.05888411163117602,0,3
2013-03-12,53.30541610717773,53.789066500720345,52.95994871640055,53.789066500720345,419000,-0.008514093895920949,-1.0,0.012974455699035985,0.06885320994812227,1,3
2013-03-13,53.953163146972656,53.98770724917088,53.24495798528207,53.33132318270928,252400,0.012151617736039233,1.0,0.013216676662757979,0.054501818893094356,2,3
2013-03-14,54.81682205200195,54.84273094935293,54.022248488824296,54.091343274587885,324100,0.016007567576281412,2.0,0.013355123830459024,0.06786361635215132,3,3
2013-03-15,54.76501083374024,55.024109737813255,54.410908229428806,54.74773713418586,629400,-0.0009451700467524304,-0.0,0.013399417294825215,0.0688783402027402,4,3
2013-03-18,55.01546478271485,55.2400162478727,53.96179235903237,54.04816084149365,356500,0.004573247501675093,0.0,0.013394138808229974,0.060013553341065506,0,3
2013-03-19,55.188209533691406,55.51639994907606,54.42818320853792,55.14502363647955,313500,0.00313993077507968,0.0,0.013132096908936974,0.0741989635771263,1,3
2013-03-20,56.431884765625,56.57007436966999,55.43867499083435,55.43867499083435,329900,0.022535161811588544,2.0,0.013121778297339046,0.07630155248913084,2,3
2013-03-21,55.075927734375,56.38006067837384,54.79091664971276,55.99141399146514,682500,-0.024028207402279955,-2.0,0.0135401486661431,0.10745775169445015,3,3
2013-03-22,55.05000686645508,55.43865676349604,54.94636469749721,55.25728461512998,248100,-0.0004706387887815078,-0.0,0.014146411280244279,0.10005158983316842,4,3
2013-03-25,55.1104736328125,55.68913098838062,54.55772517710141,55.2832073193084,252000,0.0010983970720312985,0.0,0.014085784480630578,0.10295879126170404,0,3
2013-03-26,55.37038803100586,55.70827926570333,54.91986968972251,55.48301844257168,143400,0.00471624323037223,0.0,0.014100088532779415,0.09676863933814661,1,3
2013-03-27,54.91120147705078,55.08447825212577,54.486673543366045,55.08447825212577,266900,-0.008292998663797402,-1.0,0.01265146182350783,0.1275229027124687,2,3
2013-03-28,55.00649642944336,55.30972826608044,54.867875689126535,55.0758051471122,407400,0.0017354373939970635,0.0,0.012918013855168034,0.10457386291479231,3,3
2013-04-01,54.83322525024414,55.46567934379504,54.41736298703154,55.110466759052535,268800,-0.0031500130065813536,-0.0,0.011908812180315372,0.0776583769502428,0,4
2013-04-02,54.53865051269531,55.33571894796637,54.40002977156212,55.01515910377945,228900,-0.005372194252744933,-1.0,0.011968581131403097,0.07480931635935018,1,4
2013-04-03,52.30339813232422,54.668616874828366,52.0088285835336,54.659954522649166,664700,-0.040984739434482,-4.0,0.011805531575965773,0.07871385318908009,2,4
2013-04-04,53.065826416015625,53.25643125828736,52.29474799770634,52.50267754838403,335800,0.014577031529815931,1.0,0.013472678212796846,0.0009886490069705989,3,4
2013-04-05,53.35172271728516,53.40370344178383,51.83555655978165,52.1301228118873,224100,0.005387578420587014,1.0,0.013648425554428394,0.00478488322161863,4,4
2013-04-08,53.784912109375,54.00150727095274,53.04848657702276,53.23042571955288,229000,0.008119501489864511,1.0,0.013692944570771614,0.00920810499121627,0,4
2013-04-09,53.6982650756836,54.06214661838323,53.1697724213933,53.88886985066814,196700,-0.0016109914526809543,-0.0,0.013784916137586289,0.014419260580219584,1,4
2013-04-10,54.33073043823242,54.39137682008184,53.57698018883264,53.77624734419213,118000,0.011778134017130792,1.0,0.013701653592908931,0.005090040334471357,2,4
2013-04-11,54.67728805541992,55.07582239551967,54.1401329315907,54.226769682054055,326800,0.006378666629220042,1.0,0.013871945581473326,0.010556852038039688,3,4
2013-04-12,54.32206344604492,55.06715127938939,54.08814029104285,54.47801221604631,193900,-0.006496748869749158,-1.0,0.013763345791318651,0.025736070523938226,4,4
2013-04-15,51.54098510742188,54.209435727913736,51.36770832051153,54.04482459808781,472400,-0.051196110055453437,-5.0,0.013629274972742439,0.006837417447932648,0,4
2013-04-16,52.67593383789063,52.87520095666719,51.774897323004105,52.21675322962201,401500,0.02202031505807045,2.0,0.017205422038059248,-0.059759701893561945,1,4
2013-04-17,51.77489471435547,52.17343223680783,51.341704485368304,52.03481149573111,367200,-0.01710532795314268,-2.0,0.01803799609430394,-0.03814619889680637,2,4
2013-04-18,52.06081771850586,52.96185446260406,51.67094573259989,51.76624814081914,357700,0.005522425602752845,1.0,0.018280182755938186,-0.058902893598338335,3,4
2013-04-19,53.56830978393555,53.69826488051496,51.84421107415483,52.355375719317806,469900,0.028956365487394553,3.0,0.018325737599121594,-0.05666775279738567,4,4
2013-04-22,53.90620803833008,54.659958319512974,52.7712481351852,53.75025924843292,937500,0.006307801305611926,1.0,0.01881337795169773,-0.050743918860455595,0,4
2013-04-23,53.59430313110352,54.52999243757864,52.68460418439782,54.07947414002408,566300,-0.00578606655108771,-1.0,0.018217246027085732,-0.021238311257984588,1,4
2013-04-24,54.10546112060547,54.32205623853826,53.36037338612002,53.481666123365706,420400,0.00953754335141821,1.0,0.018248450754988297,-0.026443297979651947,2,4
2013-04-25,54.46934509277344,54.6772778821698,54.02749245965308,54.33072433483572,387100,0.006725457368468524,1.0,0.018391969756921596,-0.018236325075033477,3,4
2013-04-26,53.94952392578125,54.59064376138394,53.429693548421845,54.37404859706251,165100,-0.009543370975120369,-1.0,0.018426814590727904,-0.016273011085417455,4,4
2013-04-29,54.27007293701172,54.503996064065305,53.73291796284012,54.053477816219065,481900,0.00594164670797559,1.0,0.01845485786198499,-0.017513321970772155,0,4
2013-04-30,53.715606689453125,54.31340821926865,53.23043227794904,54.044832301008775,698700,-0.010216795695154768,-1.0,0.018505097446540643,-0.01338793670264471,1,4
2013-05-01,52.16478729248047,53.88888654256118,51.52366734982326,53.58565127888885,938400,-0.02887092769776267,-3.0,0.018620055414233443,-0.020382141588252467,2,5
2013-05-02,52.58932113647461,53.27376283865895,52.260095470047325,52.37272591211103,431800,0.008138322152333233,1.0,0.019588676459479686,-0.043526255195153074,3,5
2013-05-03,53.559661865234375,54.19211946531468,53.19578350833086,53.19578350833086,443800,0.018451288356463813,2.0,0.017515206053796747,0.005466623859257114,4,5
2013-05-06,54.07081604003906,54.10547205910973,53.33439381217679,53.47301458347956,280100,0.009543640811079834,1.0,0.017691430435036154,0.009306091746263734,0,5
2013-05-07,54.61662673950195,54.824556205768026,53.92352301031625,54.19209884632487,393200,0.010094367709537089,1.0,0.017770823484123063,0.013478352452917619,1,5
2013-05-08,54.85921859741211,54.90253696583959,54.30473554958916,54.59930508186756,324100,0.004441721731867743,0.0,0.01781671461941652,0.015463716449617193,2,5
2013-05-09,55.01516342163086,55.58697774178553,54.81589629717366,54.81589629717366,438500,0.002842636628916706,0.0,0.017823286747747157,0.021619944705703942,3,5
2013-05-10,54.95451354980469,55.21442703015556,54.8678768246808,54.99783191236663,278700,-0.0011024210063933504,-0.0,0.017663378373546708,0.012597529572633936,4,5
2013-05-13,54.94584274291992,55.30972422527922,54.67726693722837,54.91119003910672,233000,-0.0001577815237489011,-0.0,0.017619503702803727,0.005070212957595466,0,5
2013-05-14,55.89021682739258,55.94219755050335,54.9805145131958,54.9805145131958,244800,0.01718736190636272,2.0,0.017549769229206837,0.011482982370405903,1,5
2013-05-15,56.496681213378906,56.52267157520257,55.62163490887694,55.699612604307696,328800,0.010850993615918236,1.0,0.013260552724281562,0.08438394630808888,2,5
2013-05-16,55.51767349243164,56.52267160661036,55.27508466368309,56.3060764446798,464600,-0.017328588156350522,-2.0,0.012712137421802683,0.07253307340020898,3,5
2013-05-17,56.314720153808594,56.401356862823015,55.72558127857046,55.72558127857046,304100,0.01435662936210047,1.0,0.012730239405403961,0.072289452228252,4,5
2013-05-20,56.1241455078125,56.67862867462941,55.97686236255567,56.27142865306933,267200,-0.003384100027054915,-0.0,0.012947765245289974,0.08171025008296429,0,5
2013-05-21,56.384056091308594,56.79125606742265,55.80358262363791,56.17611996948864,239300,0.004630994042660541,0.0,0.011669642491813981,0.04771171116254669,1,5
2013-05-22,55.51767349243164,57.14646673056394,55.05848950175253,56.55732762571442,437800,-0.015365737389909095,-2.0,0.011646469571941084,0.04596591270557626,2,5
2013-05-23,55.604305267333984,55.99417387999289,54.76391505653317,54.93719183159246,303800,0.0015604359738552454,0.0,0.012151856066684799,0.03588758970562833,3,5
2013-05-24,55.379051208496094,55.43103523883478,54.62530094597511,55.24909609011937,149300,-0.004051018311530319,-0.0,0.012020252497009607,0.027702271003429146,4,5
2013-05-28,55.82090377807617,56.74793077985248,55.42236948487847,56.21943807127388,162700,0.007978695191373841,1.0,0.012010271134890727,0.01670124937564843,1,5
2013-05-29,55.51767349243164,55.864227073512495,54.66861754928154,55.50900783516568,292200,-0.005432199500926549,-1.0,0.011859227918866703,0.034687606416497596,2,5
2013-05-30,55.86422729492188,56.08948150505138,55.11913610115102,55.82090561838015,206500,0.006242224875246061,1.0,0.011915054329043832,0.022988739242490785,3,5
2013-05-31,55.439701080322266,56.29741940636641,55.439701080322266,55.58698751428055,294900,-0.007599249737375469,-1.0,0.011668696742700794,0.03999993182410866,4,5
2013-06-03,54.98051071166992,55.595640129134345,53.71559586041021,55.45702267377016,589300,-0.008282699215622746,-1.0,0.009600876733417227,0.06278016182601931,0,6
2013-06-04,54.53865051269531,55.78623718289403,54.3220553981135,54.99783109801541,403800,-0.008036669599011614,-1.0,0.009823110678916074,0.045469109003897,1,6
2013-06-05,54.174781799316406,54.98051608029766,53.992842653283205,54.469351356933,347100,-0.006671758651127679,-1.0,0.009314831227223288,0.01827846953037615,2,6
2013-06-06,55.06715393066406,55.18844668984278,53.95818447893048,54.088142895181846,479700,0.016472094611351462,2.0,0.009234602093541154,0.0019227703018271924,3,6
2013-06-07,55.57833099365234,55.74293885488216,54.6079820944676,55.335742116365886,286900,0.009282794306600728,1.0,0.009673079648854872,0.0082489018098999,4,6
2013-06-10,55.86422729492188,56.02883512386885,54.62529939439049,55.751593579897325,357100,0.0051440245894069925,1.0,0.009829739076926063,0.01310832371706705,0,6
2013-06-11,54.85056686401367,55.59565153815134,54.504013239546616,55.04116838298828,305100,-0.018145072079075453,-2.0,0.009867970155892842,0.015433270038368807,1,6
2013-06-12,54.72060394287109,55.30108072052178,54.495346418919205,55.27508705258038,335900,-0.0023693997814970835,-0.0,0.010696216509888251,-0.0018915040653905146,2,6
2013-06-13,55.18844604492188,55.48301558733354,54.54732293320949,54.70327170889684,519500,0.008549651654781165,1.0,0.010708360081395576,-0.00409928738562948,3,6
2013-06-14,55.45703887939453,55.66496842818149,54.729275543698414,54.729275543698414,274200,0.004866830898880847,0.0,0.010161403878029001,-0.012556236534884024,4,6
2013-06-17,56.00285720825195,56.62665247331288,55.61298847256951,56.01152286747815,298900,0.00984218306434359,1.0,0.009906334839733178,-0.018401830189950674,0,6
2013-06-18,56.45336151123047,56.69594701494402,55.76025440636955,56.15878867817885,409600,0.00804430926270916,1.0,0.009406487949286155,0.008739265990431955,1,6
2013-06-19,55.42237854003906,56.67862800406708,55.2750920915444,56.41871774079956,262200,-0.01826256122917158,-2.0,0.009033563692508467,0.002461902625871426,2,6
2013-06-20,53.022491455078125,54.8852076944315,52.944517071711175,54.74658693566576,663100,-0.043301769938061674,-4.0,0.009869842097366513,-0.012503833446796064,3,6
2013-06-21,52.76259231567383,53.48168666481396,51.58431389276517,52.76259231567383,1000400,-0.004901677236809787,-0.0,0.013489814113999606,-0.059619063779071446,4,6
2013-06-24,52.95318222045898,53.33439180593686,51.376369766836206,52.00882721867569,673700,0.0036122164666372303,0.0,0.013193822875853791,-0.0496252995387747,0,6
2013-06-25,54.00149917602539,54.40869577136568,53.68960166131069,53.69826401228415,577800,0.019797053011884724,2.0,0.013231667957342316,-0.04767837731501112,1,6
2013-06-26,55.08866500854492,55.40176814998403,54.32330214255539,54.51464368849143,539900,0.02013214168324784,2.0,0.014065494427828493,-0.024874966298797152,2,6
2013-06-27,56.5498046875,56.741146224013285,55.08866229566359,55.593103640442514,381800,0.026523417816141315,3.0,0.014693863223707975,-0.013117644465993727,3,6
2013-06-28,56.13233184814453,56.54979821135668,55.8105296067245,56.28018424196932,403700,-0.0073823922410071185,-1.0,0.01577510564893986,0.018591038315196373,4,6
2013-07-01,56.84550857543945,57.49780556187534,56.21060325568498,56.4976155222387,456700,0.012705275263181326,1.0,0.01582868104058668,0.004799217069758388,0,7
2013-07-02,56.62810134887695,57.341279438099264,56.34978811004656,56.77595380548756,310700,-0.0038245277773173436,-0.0,0.01593870083700573,0.02535741477177922,1,7
2013-07-03,56.79334259033203,57.36736064611258,56.21931789904156,56.35847781287316,261500,0.002918007800350786,0.0,0.01583381648533014,0.029966812164538892,2,7
2013-07-05,57.63695907592773,57.67174904496405,56.37585421702476,57.1151228113992,250900,0.014854143938682451,1.0,0.01568270055449663,0.04134117834675566,4,7
2013-07-08,57.402137756347656,58.11531556608195,57.14121629416089,57.958764015871566,346700,-0.00407414484290769,-0.0,0.015787326028982016,0.06390754446296643,0,7
2013-07-09,57.78483963012695,58.27188610706139,57.57609973814598,57.8370212853669,435700,0.006667031729789219,1.0,0.015550375211496797,0.04240247877389147,1,7
2013-07-10,57.99357986450195,58.106642342962616,57.4021633704166,57.72396576597425,279000,0.003612370229131301,0.0,0.015500323406820941,0.03970087976781134,2,7
2013-07-11,59.776493072509766,59.86346466866288,59.01112710114452,59.3851109365596,440700,0.03074328593222675,3.0,0.015488246122047581,0.03811656712512401,3,7
2013-07-12,59.59386444091797,60.15049744445946,59.1068180277676,59.663444395799374,495300,-0.0030551914674932235,-0.0,0.01599094200087081,0.089806295360785,4,7
2013-07-15,59.36774063110352,60.098310264245946,59.27206985026203,59.75911627235698,420800,-0.0037944142729429142,-0.0,0.016005778538336228,0.08905714021604405,0,7
2013-07-16,58.80242538452149,59.55039345528494,58.61978294429009,59.41993267354509,264500,-0.00952226311078197,-1.0,0.016064364574438158,0.07572770907120319,1,7
2013-07-17,58.77631759643555,59.254664810781954,58.27187292486232,59.18509149803768,274700,-0.00044399168767650377,-0.0,0.016312836051302303,0.06032392952682453,2,7
2013-07-18,60.4026985168457,60.567949210726646,58.62845654631688,58.83718972481884,672700,0.027670684161894332,3.0,0.016248917056417254,0.04952355159077371,3,7
2013-07-19,60.88106155395508,61.31592627934047,60.21137279648558,60.46358849796109,598100,0.00791956400716054,1.0,0.01712855025278601,0.06995751714146525,4,7
2013-07-22,62.93362808227539,65.31668508960261,61.47248223522966,64.3686831056165,1263200,0.03371436824407614,3.0,0.01641352354845251,0.0984923988776929,0,7
2013-07-23,63.74245834350586,64.2034137902165,62.55092686699318,63.75985000910482,678300,0.0128521155680561,1.0,0.01352187342869249,0.1869232537968195,1,7
2013-07-24,63.87294006347656,65.0296753181518,63.29021622392214,64.05558247210949,928100,0.0020470142407678082,0.0,0.013207904351277595,0.20809944216047005,2,7
2013-07-25,63.29891586303711,63.49025742655214,62.20305476732097,63.49025742655214,515300,-0.008986970066964028,-1.0,0.013244933276667918,0.2062153280525345,3,7
2013-07-26,62.68140411376953,63.52504278122063,62.542250845756975,62.994507261184566,297000,-0.00975548697553874,-1.0,0.013562763606869156,0.17216960323093056,4,7
2013-07-29,62.5161247253418,63.35106385714947,62.09865847719115,62.52482387420096,440400,-0.0026368169437900324,-0.0,0.01375747448862828,0.13782761125263931,0,7
2013-07-30,62.38568878173828,63.46415131064974,62.30740969029264,62.63790445231968,298700,-0.0020864368061291882,-0.0,0.013063724005926106,0.1055055816870154,1,7
2013-07-31,62.463993072509766,63.25545036417632,62.16828812980689,62.45529391669154,396200,0.0012551643221483388,0.0,0.0128650191830871,0.11140383318674574,2,7
2013-08-01,63.45545196533203,64.29039133698673,63.01188814318449,63.03798559725882,548200,0.0158724865967399,2.0,0.012769760712171,0.09883779102115064,3,8
2013-08-02,63.34239196777344,63.6902850448422,63.14235129191863,63.47285270111279,356700,-0.0017817223588662001,-0.0,0.012845125216629142,0.12056470999076652,4,8
2013-08-05,63.22064208984375,63.48155696931577,62.951021421559965,63.1423629811453,299300,-0.001922091574811824,-0.0,0.012933234190739882,0.11531368077208848,0,8
2013-08-06,62.10738754272461,63.15106030133714,61.907346835643935,63.0901795010099,405200,-0.017609035756661284,-2.0,0.012830587774370366,0.09687678016739909,1,8
2013-08-07,61.33332824707031,62.08999538507442,61.1680841358243,61.90735296600658,482200,-0.012463240304896206,-1.0,0.013599236815942946,0.08196993997591373,2,8
2013-08-08,61.35072708129883,62.59444068082193,61.23766462152774,61.6203411352585,412900,0.0002836766685549996,0.0,0.014034563371223928,0.06140864350678754,3,8
2013-08-09,60.92453002929688,61.3854854202753,60.45487548881691,61.22023475728045,390100,-0.006946894882552401,-1.0,0.014045320677971315,0.057888256331832366,4,8
2013-08-12,61.428985595703125,61.57684463780296,60.40270463055612,60.654926954716096,534400,0.008280007513618237,1.0,0.012629643505154647,0.019205491954747744,0,8
2013-08-13,60.8636589050293,61.62901829485686,60.35921432205962,61.5942283268409,292000,-0.009202930590365699,-1.0,0.012690575006306432,0.03079379348866551,1,8
2013-08-14,59.75910949707031,60.95064122804343,59.576467109492086,60.95064122804343,494800,-0.018147929779944838,-2.0,0.012857628889147989,0.025197493757106892,2,8
2013-08-15,59.315547943115234,59.75041268356479,58.21969357474909,58.76762075893216,756700,-0.00742249269923978,-1.0,0.013347852663671844,0.016269466884960337,3,8
2013-08-16,60.25485229492188,60.498375467360695,58.97634900410931,59.39382203936784,509400,0.015835719037906593,2.0,0.013468082657368001,0.009174279177918132,4,8
2013-08-19,59.30685806274414,60.167888429174326,59.25466977942347,60.167888429174326,354000,-0.015733077023203257,-2.0,0.01248707625806773,-0.0024476757753230105,0,8
2013-08-20,60.193973541259766,60.48968500031796,59.124210049585926,59.428614025448034,291700,0.014958058941127783,1.0,0.012795857946645822,-0.025857030922757818,1,8
2013-08-21,59.93306350708008,60.88106548458112,59.58517037720914,59.81999442445404,348300,-0.004334487637717599,-0.0,0.010726485831255262,-0.04353244242384968,2,8
2013-08-22,60.85498428344727,61.05501838578352,60.0635271219579,60.133107086035984,251100,0.015382507124106715,2.0,0.010173011109350373,-0.059762283028010676,3,8
2013-08-23,60.30704116821289,61.3159305870299,59.75041481145509,60.985435761301694,232500,-0.009004079479869698,-1.0,0.010887149890851646,-0.04724936376860156,4,8
2013-08-26,60.12438583374024,60.84626276583538,59.95914177417626,60.272244861940216,195300,-0.0030287563596955724,-0.0,0.010887680212789337,-0.04726581259776841,0,8
2013-08-27,59.11551284790039,59.689530844822734,58.85459135397527,59.52428675847877,315300,-0.016779763682404192,-2.0,0.010753849556135075,-0.040793889610197476,1,8
2013-08-28,59.51559066772461,59.87217631655738,58.75892360482156,59.00244680607507,357600,0.0067677298318225,1.0,0.011232767146976347,-0.05439575617301373,2,8
2013-08-29,60.44618606567383,60.61143675525907,59.3503252948863,59.43729689737561,339400,0.015636161676437554,2.0,0.01141765008123313,-0.04600571333042358,3,8
2013-08-30,59.70692443847656,60.42880143059721,59.60255452204063,60.42880143059721,454100,-0.012230078939870048,-1.0,0.01204775597684112,-0.03230352251886326,4,8
2013-09-03,60.30704116821289,61.089799056000295,59.73302314084185,60.18527956739147,557800,0.01005104073573082,1.0,0.011573821169791196,-0.05907337211786656,1,9
2013-09-04,60.36789321899414,60.62880793831291,59.63731740678909,60.159153480932304,461800,0.0010090372467705944,0.0,0.011910622528861808,-0.04791973756066614,2,9
2013-09-05,60.46358489990234,60.750597194099406,60.30703334265929,60.376613287102586,193300,0.001585141965465997,0.0,0.01193203529897252,-0.045123693410065724,3,9
2013-09-06,61.33332824707031,61.66382974058279,60.08092213981794,60.80279929768862,304000,0.014384581208802594,1.0,0.011410675782405793,-0.026467103316678342,4,9
2013-09-09,63.02059173583984,63.046682556244605,61.27243377812479,61.27243377812479,355800,0.027509733076487963,3.0,0.01158996101185246,0.0,0,9
2013-09-10,63.29891586303711,63.559837383377584,62.67270952262789,63.055392649657946,319500,0.004416399775551305,0.0,0.013046969138945697,0.027218335201279586,1,9
2013-09-11,63.85554122924805,63.88163205376443,62.89014090908331,63.142363271924616,233000,0.008793600310869953,1.0,0.012920229063840672,0.038972575292717915,2,9
2013-09-12,63.28151321411133,64.49913570529549,63.168444145006646,63.89032114194904,284600,-0.008989478502357318,-1.0,0.012933385981661915,0.03950180212180898,3,9
2013-09-13,63.3076057434082,63.69028881438398,62.81186023578454,63.4989472788961,225400,0.0004123246738521047,0.0,0.012924283078611161,0.03972574690021213,4,9
2013-09-16,63.53376770019531,64.3774000742722,63.316335239394526,64.30782672980516,225500,0.003572429475595218,0.0,0.012089848951900715,0.05938000542849209,0,9
2013-09-17,64.09904479980469,64.09904479980469,63.38586706098773,63.411964513018056,249100,0.00889727022450204,1.0,0.011859995884900928,0.0711149083731879,1,9
2013-09-18,65.02096557617188,65.4906202034634,63.31629691165529,63.925104779158325,439000,0.014382753740660892,1.0,0.011588112911682326,0.06379888686917878,2,9
2013-09-19,64.54261779785156,65.89939353470729,64.49913530927799,65.02097162072184,232600,-0.007356823665744083,-1.0,0.011000783919892457,0.09634817456325973,3,9
2013-09-20,64.3599853515625,64.92531087432006,64.22082544143336,64.5078377794424,638700,-0.0028296411351189654,-0.0,0.011012473900541114,0.07224384769367376,4,9
2013-09-23,64.0555648803711,64.43824126385955,63.35977877956074,64.20341727025318,241200,-0.0047299648924487014,-0.0,0.010964525020880606,0.07386443451133551,0,9
2013-09-24,64.72527313232422,65.2905986810219,63.725082797783706,64.01209514896239,341200,0.010455114293408618,1.0,0.010746938721716235,0.052593565418016075,1,9
2013-09-25,65.02969360351562,65.17755271108837,64.17736212356591,64.70789782732534,320200,0.0047032705535139385,0.0,0.010542529829971035,0.07326229041460786,2,9
2013-09-26,65.68197631835938,65.71676629853903,64.49045101587993,64.9687983134521,313800,0.0100305364933857,1.0,0.010440383215652129,0.081585993798587,3,9
2013-09-27,65.04706573486328,65.61239119901671,64.77745173132463,65.22100896898324,236600,-0.009666435437610699,-1.0,0.009384700519470948,0.11107851651991885,4,9
2013-09-30,65.4558334350586,65.62977665270512,64.07296030338753,64.19472188284179,244500,0.006284183545826272,1.0,0.00990674786062641,0.09294161420695435,0,9
2013-10-01,65.5430908203125,66.38070137516397,64.99340410916155,65.25516031987505,558400,0.0013330727098674888,0.0,0.009575757096628,0.08287780744250539,1,10
2013-10-02,65.05447387695312,65.07192783970594,64.24303768409285,65.04575355231309,349600,-0.00745489627120155,-1.0,0.008868826442803185,0.09774689345872534,2,10
2013-10-03,64.55716705322266,65.1679295043815,63.71955625370148,64.94980148398311,261000,-0.007644467691355072,-1.0,0.009138418934977237,0.07872103516898377,3,10
2013-10-04,64.51353454589844,64.9585108394961,63.80679535260386,64.50480756266973,248300,-0.0006758739473224917,-0.0,0.00945334453610685,0.06939572694762197,4,10
2013-10-07,63.457820892333984,64.26925757694448,63.43163993233847,63.98132692765744,303300,-0.016364219709793737,-2.0,0.009485981820638237,0.06698163287375047,0,10
2013-10-08,61.53826141357422,63.56248869516341,61.27651184539351,63.26583785321114,786000,-0.03024937591249144,-3.0,0.010020725593636889,0.034638469914848535,1,10
2013-10-09,61.84362411499024,62.384583741057824,61.11944449571666,61.68657174979227,252700,0.00496216003510086,0.0,0.010489613596007738,-0.02352136470693622,2,10
2013-10-10,63.78934097290039,63.78934097290039,62.27117223951924,62.27117223951924,311800,0.03146188286592544,3.0,0.010504577533718258,-0.022990784726799274,3,10
2013-10-11,65.06321716308594,65.1242927345535,63.45779833780237,63.54504820322204,321600,0.0199700478286291,2.0,0.012535474240190369,-0.001036719054811397,4,10
2013-10-14,65.06321716308594,65.22899656709993,64.3303103054751,64.56588560778201,205400,0.0,0.0,0.013075446753594157,0.028155204553125257,0,10
2013-10-15,64.53971862792969,65.03705023959478,64.11218957920606,64.81892222295677,293000,-0.008045998307216529,-1.0,0.013077320489027603,0.027731445520043696,1,10
2013-10-16,64.21688842773438,64.66187145707144,63.5886786584912,64.58334190754657,468800,-0.005002039163765515,-1.0,0.013225076012599424,0.015833327128988772,2,10
2013-10-17,64.46993255615234,64.67933364180196,63.75447274483735,63.94642651365804,289100,0.00394046075126675,0.0,0.013148817681811293,0.0018384615293056683,3,10
2013-10-18,65.83978271484375,66.24986459427983,64.59208975808215,64.59208975808215,601300,0.021247891914549344,2.0,0.012776625151504274,-0.008474697586180802,4,10
2013-10-21,67.27066802978516,67.76799956034893,64.59205668854912,65.52564418124734,1207500,0.021732837745511047,2.0,0.01349438760064937,0.020097804539861208,0,10
2013-10-22,67.73310089111328,68.00358412462717,67.07871692272923,67.77672915170074,710500,0.006874212414887504,1.0,0.014189304779821773,0.04522503636884356,1,10
2013-10-23,67.6720199584961,68.230427034734,67.11361288225817,67.46261896909122,354200,-0.0009017885171886952,-0.0,0.014131598556082139,0.05741165529662062,2,10
2013-10-24,68.26533508300781,68.80629490411495,67.8116317848204,67.92505594518273,350700,0.008767510189227501,1.0,0.014039267150620961,0.04552698943653044,3,10
2013-10-25,68.52709197998047,69.20765026200338,68.16935887152638,68.53581896370177,294100,0.003834404337931918,0.0,0.014103137679698447,0.04975636974733133,4,10
2013-10-28,68.41366577148438,68.71031664175105,68.09956093429733,68.41366577148438,429300,-0.0016552024202227678,-0.0,0.014000164158474526,0.043316535541361834,0,10
2013-10-29,68.62307739257812,69.17275761431578,68.274071224301,68.73650156815413,356600,0.003060961852171973,0.0,0.013770360693042357,0.051756370538582175,1,10
2013-10-30,68.125732421875,68.94588910142558,67.89887745841997,68.7975636724017,230100,-0.0072474885942219736,-1.0,0.013743963093303183,0.04838749720698132,2,10
2013-10-31,68.10828399658203,69.09422680830642,67.72438324650805,68.07338271807744,394500,-0.0002561209204315906,-0.0,0.01390210886017331,0.03940372004492221,3,10
2013-11-01,68.4049301147461,68.64923236675172,67.27066205130612,68.21297644338821,327700,0.004355507153563698,0.0,0.013746912714148714,0.0469423536558764,4,11
2013-11-04,68.98953247070312,69.12041061892899,68.3264214013008,68.58817769775253,189300,0.008546202078949294,1.0,0.01356205731939218,0.05960241499369445,0,11
2013-11-05,68.5969009399414,69.16402845674429,68.22172048575896,68.64052254914382,391400,-0.005691175410247218,-1.0,0.013591520146032364,0.0693807579496395,1,11
2013-11-06,69.7137222290039,69.8446003830633,68.68415762407058,68.89355867652192,519100,0.01628092922215707,2.0,0.013006913929742186,0.08098418721825751,2,11
2013-11-07,69.01567840576172,70.2284692112074,69.01567840576172,69.78349300954528,568200,-0.01001300462696808,-1.0,0.010670831111288817,0.1328516702882725,3,11
2013-11-08,69.7137222290039,69.86204769712614,68.37005271702384,68.6667036532683,434800,0.010114278948881728,1.0,0.011230157029423931,0.11597079558979217,4,11
2013-11-11,69.91436767578125,70.4029788071349,69.0593098452016,69.53046701289796,412000,0.0028781341802155413,0.0,0.009589784879850252,0.09287415680654809,0,11
2013-11-12,69.47811889648438,69.84457894672651,69.0593169201182,69.62645097582073,323500,-0.00623975863330295,-1.0,0.008891593704121245,0.07456056930808597,1,11
2013-11-13,69.36473083496094,69.74863839363854,68.87612605609188,69.1117014582635,846100,-0.0016319967109699185,-0.0,0.009114723935283635,0.06785557071873871,2,11
2013-11-14,70.3419189453125,70.41171484530722,69.08549955107296,69.32980184289994,266900,0.014087679698153499,1.0,0.00882286465271395,0.07476035392790226,3,11
2013-11-15,70.79561614990234,70.92649426831379,70.13250523155862,70.49896529445819,176200,0.006449883815972779,1.0,0.008888865129182143,0.09538036905152825,4,11
2013-11-18,69.81841278076172,70.99630939843132,69.52176187275582,70.80435567831513,260400,-0.013803162148790404,-1.0,0.00889945182136722,0.09811835289637427,0,11
2013-11-19,69.92308044433594,70.35933625277663,69.51299891932402,69.83583061399487,316500,0.0014991412638223345,0.0,0.008889118423019723,0.06042896713601964,1,11
2013-11-20,70.06272888183594,70.88288578297404,69.81841988617279,69.91439675599844,207300,0.0019971722729117403,0.0,0.007763712169043814,0.039428959043135814,2,11
2013-11-21,71.28423309326172,71.33658834377748,70.22849429274714,70.29829685560895,221100,0.01743443669580591,2.0,0.007679075800553859,0.03439423206782943,3,11
2013-11-22,71.31040954589844,71.52853754851967,70.93522911512038,71.28422859392366,213200,0.0003672123764377755,0.0,0.008385615921072084,0.053378237223907776,4,11
2013-11-25,71.4936294555664,71.67685616149716,70.79561725100741,71.31912307605779,157300,0.0025693290900263843,0.0,0.008271918222945254,0.044606453029021775,0,11
2013-11-26,72.06078338623047,72.15676026607518,71.12719554689203,71.41512618642618,227900,0.007932929618806872,1.0,0.00826335530084777,0.04328999509351106,1,11
2013-11-27,72.35743713378906,72.40106540655826,71.6419773948571,72.33126283282347,297700,0.0041167155506567354,0.0,0.008312987023600595,0.05330978209716486,2,11
2013-11-29,71.89500427246094,72.41851024408228,71.81647471551096,72.41851024408228,112000,-0.006390951360992547,-1.0,0.008319681079470849,0.05441842428382304,4,11
2013-12-02,71.34528350830078,72.57552828206605,71.22313239474434,72.01712128959764,376800,-0.0076461608107967205,-1.0,0.008271156811918286,0.05532816626828119,0,12
2013-12-03,70.21974182128906,71.10970079180561,69.76603202711534,70.95264842562788,382000,-0.01577597889677973,-2.0,0.008551224651870522,0.04752725104454547,1,12
2013-12-04,70.0452651977539,70.67347492886644,68.89354957629378,69.46941071539312,322200,-0.0024847232275391207,-0.0,0.009390427148195157,0.026530422639109652,2,12
2013-12-05,70.12374877929688,70.36805092421324,69.69621336895905,69.84454537700186,266200,0.0011204694752942057,0.0,0.009271989008649907,0.015302795790058443,3,12
2013-12-06,71.28423309326172,71.89499553319446,70.83052974813745,71.11846032738838,240400,0.0165490912018591,2.0,0.00915324924684409,0.0222582626683423,4,12
2013-12-09,72.09564208984375,72.40974684621246,71.33656114256625,71.50233384522912,365600,0.011382727447182495,1.0,0.009175663141482158,0.02252800186308823,0,12
2013-12-10,71.62449645996094,72.63661342788367,71.57214787773641,71.86007839344589,269200,-0.006535008444694679,-1.0,0.009067055580901737,0.044627014545508104,1,12
2013-12-11,70.26337432861328,71.79899696355255,70.14122320890937,71.79899696355255,281100,-0.01900358394992052,-2.0,0.009061017963880652,0.027408868295402344,2,12
2013-12-12,70.99629211425781,71.36274549613566,70.16740185707256,70.27210567621074,369700,0.010431007514907664,1.0,0.010075188138956496,0.004991916031487298,3,12
2013-12-13,70.29829406738281,71.43256237031339,70.15869560393482,70.99630635483832,375600,-0.009831471842947526,-1.0,0.010191434341429712,0.021851098473684383,4,12
2013-12-16,70.51641845703125,71.09227956314628,70.1150637421957,70.6734708808137,501000,0.0031028404393336206,0.0,0.010454185101662907,0.01345875953361797,0,12
2013-12-17,70.9439468383789,71.11845322811367,70.37681937777079,70.43789494999342,409600,0.006062820414059589,1.0,0.010015870779606351,0.0024807328878022616,1,12
2013-12-18,74.23331451416016,74.62594220892217,71.63322610692461,74.32056437335865,653900,0.04636572706160447,5.0,0.010004077568466925,0.002095195953411677,2,12
2013-12-19,72.9071044921875,74.30312909230017,72.83730858757278,74.21587256223916,767300,-0.017865429162800983,-2.0,0.013730905027496357,0.06323406043706203,3,12
2013-12-20,73.27354431152344,74.11987517069905,72.99434080019802,73.17756748043625,974200,0.005026119496697401,1.0,0.014468065722672039,0.0426758093163111,4,12
2013-12-23,73.6574478149414,74.04135515407056,73.35207000278733,73.70980305183714,366200,0.005239319416374899,1.0,0.014482180720034456,0.045827724396842795,0,12
2013-12-24,74.25948333740234,74.5648611504763,73.68362232697399,73.8843029794152,147200,0.008173450755088574,1.0,0.014081165236376234,0.03329228103744608,1,12
2013-12-26,74.04135131835938,74.7306364339342,73.84939765873895,74.44270594450356,184600,-0.0029374297967018625,-0.0,0.014148375644421875,0.04135544600407548,3,12
2013-12-27,73.99761199951172,74.40885674462687,73.91886641459226,74.3388562187312,330800,-0.0005907417688744143,-0.0,0.014188769383228226,0.03563564868918001,4,12
2013-12-30,74.47886657714844,74.51386684446979,73.88387538392223,74.07637351638047,294000,0.006503650112923864,1.0,0.014125232090100914,0.026877706878376095,0,12
2013-12-31,74.4263687133789,75.37135597879507,74.3476231124037,74.58386659094826,462700,-0.0007048692626807629,-0.0,0.014158110074034232,0.029318747697446135,1,12
2014-01-02,73.74383544921875,74.82881646188656,73.59508939821085,74.2863292933601,372900,-0.009170583973922453,-1.0,0.014054222816471111,0.03520918409469509,3,1
2014-01-03,74.52259826660156,74.97759498289423,73.85761333604641,73.98885596996047,373600,0.010560378540645399,1.0,0.014108968459028357,0.033618927881040817,4,1
2014-01-06,74.04133605957031,74.96881931306541,73.79633431138033,74.8288183140997,375300,-0.006457936494773775,-1.0,0.013643568664120727,0.061277018879724254,0,1
2014-01-07,74.73261260986328,74.96010433128892,73.98012356054878,74.3651131452174,268200,0.009336359756350054,1.0,0.013749454814956926,0.05704983556753729,1,1
2014-01-08,76.04508972167969,76.08008331164729,74.27761302550232,74.8551073942389,552300,0.017562307351251194,2.0,0.013817956394647096,0.06572472109373462,2,1
2014-01-09,76.34259796142578,76.53509612467118,75.52010823687522,76.11509952526126,384100,0.00391226101297204,0.0,0.013868846397090986,0.06678695164173676,3,1
2014-01-10,77.007568359375,77.22631499751328,76.40382550191569,76.40382550191569,326300,0.008710345412730192,1.0,0.013742996799905408,0.05890724804544467,4,1
2014-01-13,75.75634765625,77.0863244602834,75.45884871647844,76.96382686026527,250900,-0.01624802249677415,-2.0,0.013626391317613862,0.07515685506317338,0,1
2014-01-14,76.67506408691406,76.78006486944489,75.49383365481526,75.95757542866302,178700,0.012127253478913858,1.0,0.013409958426989844,0.07817690767236352,1,1
2014-01-15,76.9988021850586,77.24379730573062,76.4213079643748,77.24379730573062,206500,0.00422220838025722,0.0,0.013457709343323299,0.07998688105453633,2,1
2014-01-16,76.99007415771484,77.05132295674173,76.07134217231157,76.83257629227165,160500,-0.00011335276778423609,-0.0,0.013092729402221543,0.09531537296272319,3,1
2014-01-17,76.82380676269531,76.92005579845497,76.25506428110175,76.85880034332037,237600,-0.0021595952054667134,-0.0,0.01312773548185887,0.09180352380812251,4,1
2014-01-21,77.16504669189453,77.73378246673462,76.90254812226377,77.48878736207442,310700,0.004441851342426917,0.0,0.013194106941878015,0.08288036099417506,1,1
2014-01-22,77.48005676269531,77.7163001789524,76.85006541852019,77.37505598012706,185100,0.0040822896415595444,0.0,0.008925574633093675,0.039493483443678645,2,1
2014-01-23,76.8500747680664,77.24381606826965,76.56132758758775,77.24381606826965,253500,-0.008130892270231671,-1.0,0.007697936606371463,0.06272299938887071,3,1
2014-01-24,74.75886535644531,76.45633500531204,74.58386401207538,76.43008647256123,461300,-0.02721154687139038,-3.0,0.00804628027728219,0.048810665433861145,4,1
2014-01-27,74.82009887695312,75.48508382288746,74.26885309929663,74.8113471426174,325900,0.0008190803888723508,0.0,0.01026445006149061,0.01495324063183845,0,1
2014-01-28,75.6513442993164,76.22008695198869,74.94260725518444,74.94260725518444,257900,0.01110992146281875,1.0,0.010123266585047667,0.00754941341301274,1,1
2014-01-29,75.17884826660156,75.7475909007788,74.69760963431165,75.19635173722627,306300,-0.006245705705445248,-1.0,0.010352712742629345,0.021744511037277814,2,1
2014-01-30,75.9400863647461,76.70132709543014,75.14384536965633,75.95758315914001,424200,0.010125695134953538,1.0,0.010471108176581215,0.015963167393802324,3,1
2014-01-31,75.73884582519531,76.456334644681,74.89010766695594,74.89885940303783,391600,-0.0026499909228995255,-0.0,0.010598689099195877,0.01961925381992846,4,1
2014-02-03,72.62388610839844,76.20257801474465,72.44013972775254,75.80883672416311,691200,-0.0411276364573363,-4.0,0.010622616838721472,0.017634571382500797,0,2
2014-02-04,73.86637878417969,74.7676140557859,72.33515199341832,73.35013981330584,794300,0.017108595289526463,2.0,0.013914433366951718,-0.015187023213506845,1,2
2014-02-05,73.91886138916016,76.99881088738398,73.76136355441128,76.12382440002735,667900,0.0007105073491393554,0.0,0.014247255450770628,-0.008805644162785065,2,2
2014-02-06,74.9076156616211,75.38010930428969,74.382624950529,74.54012283141854,511000,0.013376210805730038,1.0,0.01417863157285039,-0.0016541391191484678,3,2
2014-02-07,75.82632446289062,76.70131086098195,75.37132779753792,76.04507106241346,462600,0.012264558058016517,1.0,0.014337892379785274,0.0023417226515471956,4,2
2014-02-10,76.1675796508789,76.48257533384303,75.54633334375376,75.81758370585017,440000,0.004500484368793245,0.0,0.014061263136711721,-0.002876783492395507,0,2
2014-02-11,76.4125747680664,76.90256508546913,75.8263353989428,76.01008176796883,526500,0.00321652753455548,0.0,0.014070116540876459,-0.0022925380484865032,1,2
2014-02-12,77.55879211425781,77.62879262673813,76.38631357048581,76.52630791983015,528500,0.015000375915489084,2.0,0.013950361517761842,-0.007726430063755618,2,2
2014-02-13,77.30504608154297,77.80378805591616,76.4300596931257,76.85880115427757,457000,-0.0032716604500625523,-0.0,0.013827459460665057,0.023792652546906545,3,2
2014-02-14,77.34007263183594,77.70756543776159,76.78008168691532,77.22632676589285,337700,0.00045309526438952474,0.0,0.01362656078587529,0.0082162565122188,4,2
2014-02-18,77.62006378173828,78.01381177383301,77.06007286800283,77.48881445104004,389200,0.0036202597227337208,0.0,0.013599593663945501,0.004432152671117295,1,2
2014-02-19,78.17127990722656,78.85377489046607,77.84753921934269,78.46877874745142,326500,0.007101464474936092,1.0,0.013618312744437425,0.008182738241463428,2,2
2014-02-20,78.66130065917969,78.91504758710568,78.04880600278712,78.1538068033277,295700,0.006268552242392422,1.0,0.013678455646316505,0.01753978618494556,3,2
2014-02-21,78.25878143310547,78.95002145203,78.22378117796316,78.722523131413,211800,-0.00511711887168298,-1.0,0.013707757416205796,0.019390307288472464,4,2
2014-02-24,78.43377685546875,79.09876835891207,78.31127929899448,78.31127929899448,317400,0.0022361122823368884,0.0,0.013751447635969494,0.010050646617299597,0,2
2014-02-25,78.44253540039062,79.28252157871044,78.23254052471485,78.44253540039062,192700,0.00011166802458095759,0.0,0.013608907742297088,0.02060768440605898,1,2
2014-02-26,80.0000228881836,80.65626281999886,78.46879638061465,78.7400400829006,498200,0.019855139559719293,2.0,0.011979239736613181,0.04927402290526772,2,2
2014-02-27,79.94752502441406,80.35001804413174,79.70252317815232,79.798772234565,279600,-0.0006562231093721893,-0.0,0.012562644878424246,0.06923171833479147,3,2
2014-02-28,80.39375305175781,80.76999749429012,79.91251450706004,79.94751476632082,302400,0.00558151146276864,1.0,0.012457394572574025,0.056789218551090315,4,2
2014-03-03,79.91250610351562,80.29749556366524,79.12501704200203,79.24751459872458,209400,-0.005986123672225618,-1.0,0.012298671009919031,0.06936664906946954,0,3
2014-03-04,81.72370910644531,81.78495787094099,80.75247392971768,80.82247442503122,298200,0.02266482546027926,2.0,0.012352162735848776,0.05230991863361467,1,3
2014-03-05,81.81999206542969,82.01249016960138,81.32999507055156,81.627493961258,233800,0.0011781520936471335,0.0,0.013040068793730285,0.07901973176437127,2,3
2014-03-06,82.2662353515625,82.51123720159237,81.9074943249214,81.94249458921139,200600,0.005453963938006234,1.0,0.008098247813430798,0.12662646478742734,3,3
2014-03-07,82.1262435913086,82.85248407836556,81.87249667382056,82.4937363646562,203800,-0.0017016915828912405,-0.0,0.007666950112618005,0.11371691296692954,4,3
2014-03-10,81.90750122070312,82.37999481497029,81.18126069568406,81.97750175517642,191800,-0.002663489294530641,-0.0,0.007754665360252608,0.11103231364643307,0,3
2014-03-11,81.07624816894531,82.30122386612189,80.80499782832747,81.93373115696892,137000,-0.01014868039397232,-1.0,0.007683653648193625,0.09344691453940412,1,3
2014-03-12,81.11124420166016,81.13749940363543,80.11376014634627,80.63875737597849,324600,0.00043164346532065245,0.0,0.008067758392607127,0.06923616228588259,2,3
2014-03-13,79.45752716064453,81.4962474420312,78.86253603444294,81.38250159276386,363000,-0.02038825883257478,-2.0,0.008084402700203473,0.06490510232097413,3,3
2014-03-14,80.1399917602539,80.48124255774536,79.22126015351743,79.22126015351743,292000,0.008589049068058685,1.0,0.009562936050818817,0.03984883904017633,4,3
2014-03-17,80.81375122070312,81.42623908186232,79.64126587497653,80.27125720394997,241400,0.008407281379125164,1.0,0.009220185682752562,0.03328055499102578,0,3
2014-03-18,81.33000946044922,81.69750894053468,80.8137705221199,80.98002012797716,289800,0.006388247444870876,1.0,0.009263729803253089,0.0453877892454666,1,3
2014-03-19,80.61254119873047,81.86377274059295,80.00005303514197,81.57503213525568,216200,-0.008821691605331194,-1.0,0.009299623238055348,0.051589514889734955,2,3
2014-03-20,80.07875061035156,80.44624996364952,79.53626332680712,80.27124868217041,246900,-0.0066216816942040735,-1.0,0.009611723959273785,0.038552885313348995,3,3
2014-03-21,79.46627044677734,80.77875014365802,78.25879152886922,80.4112574306795,510400,-0.007648473020694824,-1.0,0.009702686721532334,0.02440117016618859,4,3
2014-03-24,79.12503051757812,80.07001755233269,78.3987901107417,79.70251814396104,229200,-0.004294148036402046,-0.0,0.009813360358516288,0.010233364829363767,0,3
2014-03-25,79.70252990722656,80.06127763425607,79.02004139549248,79.3350371202341,154500,0.007298567670317002,1.0,0.009791296956411212,0.011069033642098214,1,3
2014-03-26,78.17127990722656,80.1312542029227,78.04003729085002,80.07000542340822,436500,-0.019212062675831865,-2.0,0.009896132058166359,0.016176105532897722,2,3
2014-03-27,78.37308502197266,78.40817956008216,77.10970842442572,78.11865464087786,300500,0.0025815761873875243,0.0,0.010819701254715342,-0.0034580153711185613,3,3
2014-03-28,79.15394592285156,79.4346956257637,78.39065453043376,78.74159333247415,197700,0.009963380931859334,1.0,0.00983812532041918,-0.020336717509255142,4,3
2014-03-31,79.75928497314453,80.42606108145984,79.25919285151049,79.76805358701299,220900,0.00764761684632842,1.0,0.010121839854388293,-0.009926249765957906,0,3
2014-04-01,79.46976470947266,80.45238500798686,79.20655901888563,79.93475562839082,552100,-0.0036299255161246213,-0.0,0.010192946270674238,-0.007892007208629814,1,4
2014-04-02,81.00511932373047,81.11917155828093,79.49608757503667,80.04881151822606,325400,0.01931998439747229,2.0,0.010140378961633242,-0.005540326735210321,2,4
2014-04-03,81.01387786865234,81.27708353855941,80.46115399416539,81.09284224706376,330400,0.00010812335065968348,0.0,0.009782992160174038,-0.008792916897333636,3,4
2014-04-04,79.27674865722656,82.3123559604712,78.69769881127183,81.2770905003451,354200,-0.02144236588997983,-2.0,0.00977728428881182,-0.009852288865204395,4,4
2014-04-07,77.79405212402344,80.7682462670778,77.27642263478633,80.46995266858866,523900,-0.018702791907043825,-2.0,0.010687808151855794,-0.036339169788923154,0,4
2014-04-08,77.0833969116211,77.89932659695901,76.15341498620776,77.79404297208981,690200,-0.009135084148456207,-1.0,0.011313032937663978,-0.05275039107893198,1,4
2014-04-09,78.96967315673828,79.25042274801457,76.57452297678881,77.19743592325813,866800,0.024470590564137584,2.0,0.011405018971130295,-0.05889697814224959,2,4
2014-04-10,78.51345825195312,79.21533564277884,77.67998470724659,78.88194756361601,797200,-0.00577708994539794,-1.0,0.012719631513668532,-0.025982640536318158,3,4
2014-04-11,78.08358001708984,78.96969892295257,77.62736429251126,77.98707168607507,724100,-0.005475217172115632,-1.0,0.012752516790135759,-0.03202744545809666,4,4
2014-04-14,76.79386138916016,78.82929766782905,76.39905956406257,78.71524544345826,403600,-0.016517155433285913,-2.0,0.012041856016731783,-0.0172915920322676,0,4
2014-04-15,76.37274932861328,77.19744761271654,75.45153603677115,76.5920851891853,694600,-0.005483668263702057,-1.0,0.01231042526866955,-0.041753565200056464,1,4
2014-04-16,77.61856842041016,78.04846479421002,76.76754428705219,76.79386351697482,925200,0.016312350972680356,2.0,0.012097041293193153,-0.05495354225002402,2,4
2014-04-17,78.33797454833984,78.70645708313468,77.47817527355451,77.61855339743676,939300,0.009268479728112622,1.0,0.012647784268743443,-0.04563433675541295,3,4
2014-04-21,76.03934478759766,78.60996101166558,73.75825346882849,78.50468409599215,1390800,-0.029342471183292806,-3.0,0.012785654289653952,-0.028216039546293925,0,4
2014-04-22,75.01284790039062,77.02196474680241,74.45134875568839,77.02196474680241,1057100,-0.013499549346122963,-1.0,0.014148591241971686,-0.050442917652510744,1,4
2014-04-23,74.22321319580078,75.67083042083146,74.03019667331728,74.97772867809324,747800,-0.010526659454902942,-1.0,0.014314453765498794,-0.05604167052698672,2,4
2014-04-24,74.64437103271484,75.15323176314676,73.36345059285394,74.55663803971582,713400,0.005674206475042354,1.0,0.014414619892541083,-0.06195027401206976,3,4
2014-04-25,73.6880874633789,74.45137880894484,73.34592399313223,74.2583621449902,492200,-0.012811194683612803,-1.0,0.014361181724636003,-0.06346296510787541,4,4
2014-04-28,73.3810043334961,74.4425890861163,72.38083335355311,73.91618436408302,481000,-0.004167337495839085,-0.0,0.014065188996017839,-0.05735088959996937,0,4
2014-04-29,73.17044830322266,74.02147255831811,72.89846727005218,73.38978417541841,310500,-0.0028693533454041686,-0.0,0.014015150922320805,-0.06369636574950421,1,4
2014-04-30,73.54769134521484,73.68806279426103,72.75808102683546,73.09146907521864,349500,0.005155674876131222,1.0,0.013696173932081964,-0.07559316910695524,2,4
2014-05-01,73.96004486083984,74.81106226215434,73.28448675321695,73.6617446501289,425400,0.005606613995394083,1.0,0.013603912367098668,-0.07787925418364983,3,5
2014-05-02,74.3987045288086,75.25849709895947,73.93370701961582,74.10917967221609,293000,0.005931035720626143,1.0,0.013756961473140305,-0.0693310200272439,4,5
2014-05-05,75.57437133789062,76.46926548926511,73.71440063969264,73.71440063969264,934000,0.015802248393005147,2.0,0.012941041135649927,-0.0815555220469446,0,5
2014-05-06,73.80211639404297,75.4164247566177,73.72315202109215,75.16199441159495,526700,-0.02345047550477075,-2.0,0.013623092289514646,-0.06714289790671146,1,5
2014-05-07,73.55644226074219,74.44256066558385,72.79315804795878,73.76700942404494,519000,-0.0033288223333471922,-0.0,0.013763749163824812,-0.06905722492296673,2,5
2014-05-08,73.4424057006836,74.61804918512053,73.07392312686228,73.55645791821931,446300,-0.0015503272936224777,-0.0,0.01330537908914339,-0.054472157543939526,3,5
2014-05-09,73.9688491821289,74.04781360004722,72.63528963161198,73.38980578966813,353100,0.007168113250413555,1.0,0.013221197996350497,-0.047234441615384815,4,5
2014-05-12,75.03040313720703,75.22341975236111,74.10919660160637,74.26711867822345,319100,0.014351365024813711,1.0,0.011953166106003112,-0.06332587909644483,0,5
2014-05-13,73.97758483886719,75.37256412977904,73.71437917836367,75.08303924194476,340300,-0.014031889131857267,-1.0,0.012516621470187986,-0.0443625232195074,1,5
2014-05-14,73.51261138916016,74.19693823627736,73.29327551797645,73.94250782247232,375700,-0.0062853288698164755,-1.0,0.012769281728797597,-0.05258461737184683,2,5
2014-05-15,73.28448486328125,73.68806197851897,72.31063326366045,73.22307109995373,443600,-0.0031032297937458875,-0.0,0.012397111825699303,-0.04272802461868608,3,5
2014-05-16,73.56526947021484,73.91620829639575,73.14414823367885,73.43366657369683,207200,0.003831433180671473,0.0,0.012374563477129183,-0.04043673289858907,4,5
2014-05-19,73.77579498291016,74.44257776601093,73.03005451563072,73.44240693815885,304500,0.0028617513972479802,0.0,0.011740059794070393,-0.05222073831922769,0,5
2014-05-20,72.52120971679688,74.05656068923544,71.8368762321725,73.3985531296189,607400,-0.017005377799099275,-2.0,0.01150015991326716,-0.05823713967246513,1,5
2014-05-21,72.88091278076172,73.38099822913247,72.40714656226332,72.79317978332097,294400,0.004959970543369607,0.0,0.010331655670391933,-0.046267298602165274,2,5
2014-05-22,72.84580993652344,73.43362831530654,72.4597767594848,72.60893020108475,489200,-0.0004816466053859658,-0.0,0.010105206515840494,-0.028420932937513577,3,5
2014-05-23,74.16182708740234,74.32852445412709,72.78439839254538,72.97741498694285,347300,0.018065790634020917,2.0,0.009883076485506011,-0.01855758057312551,4,5
2014-05-27,74.3987045288086,74.86369534440409,74.33729077379782,74.54785126332087,193300,0.003194061563870143,0.0,0.010633219476040186,-0.006464572460541107,1,5
2014-05-28,74.2057113647461,74.8812628829565,74.16184151435867,74.2846690631242,341300,-0.0025940393086786306,-0.0,0.01025509756999375,0.009643581342545282,2,5
2014-05-29,74.71456909179688,74.89003509890131,73.87231351561807,74.46013869597607,420400,0.006857393018572022,1.0,0.010224941510644884,0.011238699153011567,3,5
2014-05-30,74.50399780273438,74.67069518594536,73.9863684243826,74.57418687920203,317900,-0.002818343083847319,-0.0,0.010280921452473881,0.021103065846682867,4,5
2014-06-02,74.82862091064453,75.05673207349018,73.52138109227349,74.50400143634877,369500,0.004357123342154878,0.0,0.010268772830266582,0.013002535362134804,0,6
2014-06-03,75.60064697265625,75.74102506979565,74.68820942203834,74.68820942203834,507900,0.010317256320059975,1.0,0.010242298596696982,0.011743855096883138,1,6
2014-06-04,75.89019012451172,76.10075062752844,75.27605253504724,75.41642397252582,340100,0.003829903095408538,0.0,0.010399826819249872,0.01615542167649231,2,6
2014-06-05,77.1009292602539,77.39045416497746,75.41643167684151,76.00425010017838,399800,0.015953829259826025,2.0,0.00985082920610391,0.0041789138438093065,3,6
2014-06-06,79.4434585571289,79.53996687999145,77.60980711634046,78.49592594735114,703500,0.030382633767847445,3.0,0.008809459728686953,0.04469807950490168,4,6
2014-06-09,79.9786376953125,80.65418925376436,79.20657112153918,79.20657112153918,449400,0.00673660422020439,1.0,0.010646614724010616,0.0800339999522881,0,6
2014-06-10,79.67155456542969,80.21550990055844,79.40835555315383,79.91720965432683,220500,-0.0038395643978418326,-0.0,0.01059469361805498,0.08899806497716711,1,6
2014-06-11,79.074951171875,80.00493964448565,78.86439064888319,79.38202668933604,301300,-0.007488286086657636,-1.0,0.010708111586486276,0.07709604037855677,2,6
2014-06-12,78.28533935546875,79.04862368164078,78.13618591923952,78.97843461677968,405300,-0.009985612443692449,-1.0,0.010671909411083622,0.053905455196232355,3,6
2014-06-13,77.89054107666016,78.56609920053917,77.57469693705931,78.39940182308358,262800,-0.005043067859946793,-1.0,0.01039023119178322,0.05823053734431061,4,6
2014-06-16,77.88175201416016,78.4608017323608,77.07459788599925,77.97826030052693,225400,-0.00011283863712474584,-0.0,0.010339631937608345,0.059553450826609566,0,6
2014-06-17,78.21517944335938,79.16271209136026,77.37293043189197,77.57471570158096,334800,0.00428120093059281,0.0,0.010274523688039116,0.06273179322274713,1,6
2014-06-18,78.27658081054688,78.5573304365113,77.39046208432202,78.12743403597807,200300,0.0007850313407764542,0.0,0.010276918404302582,0.06320795134213686,2,6
2014-06-19,78.62751007080078,78.91702827677216,77.99582181486639,78.31166594283359,282400,0.0044831960801055,0.0,0.010288026186719004,0.06100626673937315,3,6
2014-06-20,78.56612396240234,78.6099871273056,77.8554710775231,78.6012118168847,618700,-0.0007807204926515432,-0.0,0.009225738562572448,0.08420019988427763,4,6
2014-06-23,78.26781463623047,79.12761423123699,78.14498707888666,78.73280563097487,148600,-0.0037969204935530687,-0.0,0.009277577425950409,0.07800686029746529,0,6
2014-06-24,76.82896423339844,78.39940978319932,76.82018892485229,77.72385159072896,583000,-0.018383679287833132,-2.0,0.009378587070678446,0.07443125012175256,1,6
2014-06-25,77.95199584960938,78.06605482833159,76.79390229305862,76.80267760533003,304900,0.014617294758774602,1.0,0.00989985557610228,0.035963746454800605,2,6
2014-06-26,78.27767944335938,78.4713499942587,77.25651660626731,78.04880217072976,308600,0.004178001989562086,0.0,0.010290437945299175,0.04776012355732462,3,6
2014-06-27,78.9114990234375,78.96431581637164,77.9783665281301,78.86748055180851,511100,0.008097066553138577,1.0,0.010236217586647037,0.05487405219523045,4,6
2014-06-30,78.84989166259766,79.4220983174006,78.268886684875,78.70023957763787,363100,-0.0007807146183035352,-0.0,0.010265550125522032,0.05617284530523259,0,6
2014-07-01,79.54534149169922,80.12634646570156,78.87629955884704,79.19321380513087,428500,0.00881992117474839,1.0,0.010220754363181263,0.05833101562375198,1,7
2014-07-02,79.07874298095703,79.75658296083108,78.68259697617218,79.3604436723205,210500,-0.005865818186108096,-1.0,0.01030185552422446,0.06303364305867798,2,7
2014-07-03,79.17559814453125,79.34285356455624,78.629799979317,79.17559814453125,343200,0.0012247939196192714,0.0,0.010329641111529321,0.04600616724297035,3,7
2014-07-07,78.70022583007812,79.97668092327575,78.25126293734773,79.14038368514984,263400,-0.0060040255532437525,-1.0,0.010324662367074881,0.04329160349485517,0,7
2014-07-08,78.10160827636719,78.62099130423476,77.73187730233171,78.62099130423476,308500,-0.007606300330108562,-1.0,0.009953563843947624,0.020742896164400282,1,7
2014-07-09,77.41495513916016,78.59457480602974,77.30931485049388,78.33928247895909,262400,-0.008791792542571786,-1.0,0.0075012454474952,-0.016890632723357224,2,7
2014-07-10,76.66667938232422,77.2564959156299,74.9588717521709,75.8831990662623,252500,-0.00966577782665956,-1.0,0.007488176808548302,-0.03205459145126954,3,7
2014-07-11,76.85157012939453,76.93960036396615,75.98005267318922,76.49063743649158,199500,0.0024116180400652887,0.0,0.0076836590385004335,-0.03771578450421398,4,7
2014-07-14,77.05400848388672,77.55578801014425,77.00119170731448,77.47656284528588,225600,0.0026341472809383593,0.0,0.007620709805686893,-0.02811738748529602,0,7
2014-07-15,76.93958282470703,77.46777082800665,76.51702839230242,76.89556435931755,175500,-0.0014850059254687409,-0.0,0.007398318786142599,-0.015728754345573526,1,7
2014-07-16,77.34456634521484,77.62626720402254,76.26177468138256,77.37097475130959,292400,0.005263656308489351,1.0,0.007335041493591756,-0.012208905456404406,2,7
2014-07-17,75.50466918945312,76.72831410319397,75.39903561148651,76.54344190920179,542200,-0.02378831820647409,-2.0,0.007444412737884385,-0.006897452292131789,3,7
2014-07-18,76.5962905883789,76.68432083770796,75.41666375528156,75.41666375528156,427100,0.014457667461421853,1.0,0.00894820390278031,-0.03465452963473803,4,7
2014-07-21,77.18608093261719,77.30932459345559,75.13494373737339,75.68954692742196,869100,0.0076999857265642735,1.0,0.009606643192826735,-0.021466065645288968,0,7
2014-07-22,78.38331604003906,79.11397973240686,77.32693309876274,77.32693309876274,587000,0.015511023398986357,2.0,0.009723195022687715,-0.01833237675828281,1,7
2014-07-23,80.19676971435547,80.97145193297779,79.19321021866445,79.92387395985534,687400,0.02313571007113402,2.0,0.010357065859845662,-0.00232680337457869,2,7
2014-07-24,79.36929321289062,80.75138905429775,79.23724447058487,80.1527739099526,486700,-0.010318077703280859,-1.0,0.011478009162212777,0.024645572220079348,3,7
2014-07-25,78.92911529541016,79.42208997823491,78.57698764355976,78.78826154815947,406800,-0.005545947301052401,-1.0,0.010910026136506436,0.03306473027249113,4,7
2014-07-28,77.94315338134766,79.36046220469429,77.64384254897419,78.71782878443197,418000,-0.012491739079708575,-1.0,0.010590341667363612,0.012534886825552372,0,7
2014-07-29,77.30054473876953,78.94673805379986,77.30054473876953,77.89036155496116,322300,-0.008244581014500096,-1.0,0.010931661801418073,-0.004273581746298105,1,7
2014-07-30,76.63150024414062,77.69668165581783,76.36740279292799,77.42377916522419,465900,-0.008655107113279548,-1.0,0.010897047068487847,-0.020414696268657884,2,7
2014-07-31,75.1085433959961,76.40260868985762,75.04692155896824,75.65434160701177,455500,-0.019873770489844733,-2.0,0.011026536930661747,-0.028134362288658954,3,7
2014-08-01,75.04694366455078,75.71598574669302,74.58037723015579,74.86207809901381,547100,-0.0008201428048010273,-0.0,0.011478339481392657,-0.055776969618844596,4,8
2014-08-04,74.80924224853516,75.16136320779603,74.14900537550585,74.83565064885205,488800,-0.00316736970766085,-0.0,0.011460818413837521,-0.050984615642880815,0,8
2014-08-05,74.28107452392578,74.94131163824599,73.94655680386407,74.41312329004568,338100,-0.007060193483241939,-1.0,0.011430895372287253,-0.055147747517177215,1,8
2014-08-06,73.89371490478516,74.193019071214,73.54158722006883,73.84089138649767,420700,-0.005214782118100003,-1.0,0.011448767064012298,-0.05615169790864061,2,8
2014-08-07,73.60321044921875,74.28105071415223,73.33911300163179,73.94653310131555,236200,-0.003931382471983325,-0.0,0.011409200419301059,-0.05387716673761889,3,8
2014-08-08,74.89727020263672,74.98530043976542,73.59439985779142,73.78807040924053,475100,0.01758156669416988,2.0,0.01132570697633434,-0.04923783373754409,4,8
2014-08-11,74.83563232421875,75.58389925383882,74.80922393036836,75.2845884522257,211400,-0.0008229656201248492,-0.0,0.011986040016016025,-0.023079246341996207,0,8
2014-08-12,74.08738708496094,75.0645315248771,73.94653332148795,74.57155678527585,330300,-0.009998515627102744,-1.0,0.011960182945696935,-0.026231576033925674,1,8
2014-08-13,74.60675048828125,74.67717735138571,74.42188500983855,74.45709844139077,259100,0.00701014604179151,1.0,0.01207499672132545,-0.03850054601047981,2,8
2014-08-14,74.4747314453125,74.82685918473155,73.92013478921515,74.82685918473155,437400,-0.001769532141592034,-0.0,0.012227363083543595,-0.03032031433989857,3,8
2014-08-15,73.99053192138672,74.98528617259852,73.38311198309992,74.95007274119165,444600,-0.006501527625934922,-1.0,0.01213183799558196,-0.03710454444974587,4,8
2014-08-18,74.80043029785156,75.23178313448138,74.28104051326467,74.5627412844093,484400,0.010945973159448785,1.0,0.011103059963442106,-0.020053558068934718,0,8
2014-08-19,74.9324722290039,75.56629386956956,74.83563696802675,75.23177633291473,362400,0.001765256304362861,0.0,0.010884394161430893,-0.023445786691918546,1,8
2014-08-20,74.87967681884766,75.17018271078565,74.57156756207011,74.61558604858608,346400,-0.0007045731788336562,-0.0,0.010721042289070169,-0.029197086785383797,2,8
2014-08-21,74.19300842285156,74.82683682111694,74.06976475833062,74.82683682111694,265500,-0.009170290593765729,-1.0,0.010005591245451377,-0.04469878793341309,3,8
2014-08-22,74.3426513671875,74.60674873950111,73.95531706174276,74.12257246235121,376400,0.0020169413199027098,0.0,0.008258016788735601,-0.07486288179546485,4,8
2014-08-25,74.43950653076172,74.79163421592804,74.29865948646137,74.6507871716277,306200,0.0013028209485808073,0.0,0.00819969197996468,-0.06333232465886107,0,8
2014-08-26,73.92892456054688,74.59795973935609,73.91131448326017,74.46591102481227,190800,-0.006859018738978984,-1.0,0.008232787135062349,-0.05688152905103594,1,8
2014-08-27,73.96414184570312,74.20183090908272,73.71765445870028,73.96414184570312,258500,0.00047636679913298785,0.0,0.007987728850882024,-0.05150200686852646,2,8
2014-08-28,73.44471740722656,73.96410029286929,73.20703519365378,73.72641807929651,519800,-0.007022652132706919,-1.0,0.007899493377884188,-0.04316144089723417,3,8
2014-08-29,73.73523712158203,74.00813281053921,73.22465245762498,73.44473135937112,253800,0.00395562437451602,0.0,0.007839244369633472,-0.041585807752181236,4,8
2014-09-02,73.7440185546875,74.45707860012257,73.41830615310681,73.67359842662387,316600,0.00011909411901656064,0.0,0.006773547761774424,-0.018284288475327704,1,9
2014-09-03,73.63838958740234,74.01692550393116,73.37429226283844,73.91128523085081,303600,-0.001432373355227723,-0.0,0.006776900457985588,-0.017361467985787304,2,9
2014-09-04,73.23344421386719,74.43067375955877,73.12780394232715,73.65599186747959,452000,-0.005499106862657865,-1.0,0.006757295524435695,-0.01565117659183002,3,9
2014-09-05,72.86373138427734,72.99578008951053,71.55206280252025,72.84612802450846,806200,-0.005048415154559116,-1.0,0.00669244149540899,-0.014103596599442714,4,9
2014-09-08,72.83732604980469,73.33030745565684,72.5380219072127,72.74929581470566,346900,-0.0003623933879174368,-0.0,0.006686869956713413,-0.013938716193048206,0,9
2014-09-09,72.1066665649414,72.96937224192106,72.06264809077305,72.96937224192106,284800,-0.01003138808752635,-1.0,0.0066444402489544575,-0.0104055841415025,1,9
2014-09-10,72.21231079101562,72.48520656547318,71.59609235957046,72.12428054599162,507500,0.0014651103858625003,0.0,0.00553098710721191,-0.037259083410453475,2,9
2014-09-11,71.73692321777344,72.335538151621,71.58727116338046,71.86016687624713,386200,-0.006583192921467029,-1.0,0.005573403304878478,-0.035054444677340535,3,9
2014-09-12,71.02388000488281,71.79855550184578,70.7421792135984,71.68411686410658,424700,-0.00993969605758005,-1.0,0.005364536101612359,-0.031725560310178924,4,9
2014-09-15,70.47807312011719,71.14711493578169,70.31961602473022,70.9798528027966,434800,-0.007684836209006063,-1.0,0.005291505052717761,-0.048023408873185125,0,9
2014-09-16,71.34078979492188,71.52565529804676,70.0819379930252,70.3020169324038,509200,0.012240923121356273,1.0,0.005416291650861712,-0.05366462218302992,1,9
2014-09-17,71.93060302734375,72.53802307699252,71.28797625610875,71.58728040352746,382300,0.00826754559512688,1.0,0.0062264396176474265,-0.03581190805980605,2,9
2014-09-18,70.75979614257812,72.00104489973586,70.50450370210714,71.97463649490747,361400,-0.016276895166867367,-2.0,0.005976501819185474,-0.03836645403081651,3,9
2014-09-19,70.27558898925781,70.92702058808518,69.83543123291714,70.92702058808518,572000,-0.006842969874371274,-1.0,0.006686347982518824,-0.05568581900879388,4,9
2014-09-22,69.33367919921875,70.22279338447248,69.21043551579196,70.10835474022674,354100,-0.013403086385843643,-1.0,0.00672864034152009,-0.06148648104783172,0,9
2014-09-23,68.82308959960938,69.24564413930496,68.63822408732898,69.00795511188977,455300,-0.007364236335162366,-1.0,0.0069815017432270105,-0.06549578359106045,1,9
2014-09-24,68.88470458984375,69.18400870865811,68.29489467363246,68.57659543333605,306100,0.0008952662630061781,0.0,0.006931136678759223,-0.07424488723594658,2,9
2014-09-25,68.68224334716797,69.48333403746557,68.06602490561389,69.45692563515286,531700,-0.002939132045078563,-0.0,0.0069171495280730315,-0.07462169216049919,3,9
2014-09-26,68.66464233398438,68.92873979870302,68.0660272347293,68.77908098668111,425100,-0.000256267301791957,-0.0,0.006879388222568692,-0.07096926195757036,4,9
2014-09-29,68.66461944580078,69.19485358198102,68.02835061835731,68.07253230156758,377400,-3.3333288884662693e-07,-0.0,0.006860169656203525,-0.07164957747734102,0,9
2014-09-30,67.93115997314453,69.15068398556699,67.73674163590132,68.77952538294393,339000,-0.010681767096010653,-1.0,0.006851611033235349,-0.06508429918685266,1,9
2014-10-01,66.88835906982422,67.99300230063935,66.83533161004418,67.5511450083133,660900,-0.015350847883836671,-2.0,0.006834218680069274,-0.07871510793227876,2,10
2014-10-02,67.8427734375,67.96649969629814,66.60557827159856,66.60557827159856,556800,0.01426876635857477,1.0,0.0072059068607594106,-0.092965634626749,3,10
2014-10-03,68.2404556274414,68.72649470568237,67.99301657056111,68.37301419140117,542400,0.0058618209396725796,1.0,0.008285831619528427,-0.07870373296286515,4,10
2014-10-06,67.8692855834961,68.61160262880882,67.57765814046287,68.39951300760626,450900,-0.0054391495562648995,-1.0,0.00854064828555286,-0.06817907637724252,0,10
2014-10-07,67.48926544189453,68.48786020216447,67.41856667775014,67.86042384034475,697600,-0.005599294855314851,-1.0,0.008545021520691694,-0.06854501829505477,1,10
2014-10-08,68.10790252685547,68.17860133226637,66.62326132427242,67.48046579880436,543600,0.00916645159656615,1.0,0.008530157707810323,-0.0734247246288704,2,10
2014-10-09,66.61439514160156,68.0548540604494,66.49951468628137,68.0548540604494,503200,-0.021928547640488683,-2.0,0.00882882705751995,-0.05545623211530004,3,10
2014-10-10,65.96044921875,67.13579111258038,65.9516101860021,66.46416621007637,551700,-0.009816885996810076,-1.0,0.009711889066764973,-0.07752023980529554,4,10
2014-10-13,65.09442138671875,66.58789449240973,65.06790428497354,66.0488280411165,670800,-0.01312950172851568,-1.0,0.009783760606411685,-0.08052302412646917,0,10
2014-10-14,65.90745544433594,66.04001402090773,64.99723022326384,65.37722788025803,895600,0.012490072732762147,1.0,0.009905504119651028,-0.0834854223362117,1,10
2014-10-15,66.26976013183594,66.87068636729788,64.43163877237096,65.1651168123991,738700,0.005497173044497039,1.0,0.010500500601091988,-0.06485162651923604,2,10
2014-10-16,67.35673522949219,67.44510535067893,65.138609454002,65.20930824783463,717900,0.01640227904090552,2.0,0.010102321662265518,-0.07108177071859245,3,10
2014-10-17,67.47161865234375,68.69114930135952,67.18883020690109,67.85161625798935,1055100,0.0017055966632013586,0.0,0.010711911955630236,-0.06358722998767086,4,10
2014-10-20,74.42647552490234,75.01856293406851,72.5883467772541,74.09065952276441,2339800,0.10307825736913756,10.0,0.010314668153070224,-0.046469572687982796,0,10
2014-10-21,76.52086639404297,76.88319272244368,75.11576300468636,75.11576300468636,1424700,0.028140401038335705,3.0,0.025116932834322005,0.059065837730353676,1,10
2014-10-22,76.75948333740234,77.82877764905564,76.73297296688196,77.01576148944969,900600,0.0031183251654602895,0.0,0.025393103655939445,0.10366083666457437,2,10
2014-10-23,77.67852783203125,78.38549558632927,77.10411189639578,77.66968879671758,720200,0.011973041696869968,1.0,0.025240471398730032,0.11531585960415836,3,10
2014-10-24,77.67852783203125,78.10270713616838,77.16597165917446,77.58131867020639,379100,0.0,0.0,0.025255196715639694,0.12766002691813894,4,10
2014-10-27,78.17339324951172,78.22641396837336,76.85666037419075,77.55479572210116,516900,0.006370684812031291,1.0,0.025211131373081615,0.13098413864249858,0,10
2014-10-28,78.60643768310547,78.96876402848127,77.97900091297116,78.182258306608,733800,0.005539537374456449,1.0,0.025168153926965108,0.13848103758083874,1,10
2014-10-29,77.63433837890625,78.93340012242,76.9538809972701,78.65061167597001,525500,-0.012366662742282597,-1.0,0.02512580665278304,0.1447880774341448,2,10
2014-10-30,78.20874786376953,78.4826972524525,76.65340816532722,77.32503319864219,538600,0.007398910029474237,1.0,0.025186856584385537,0.14283840301855166,3,10
2014-10-31,78.57990264892578,79.34873679803162,77.86409596189422,79.26036668418449,620200,0.004745693995801492,0.0,0.024676623413403168,0.16924303348700853,4,10
2014-11-03,79.03060913085938,79.32223661194574,78.0761955975995,78.52689200089583,531400,0.005735645715256643,1.0,0.024638294279001764,0.15826489200529714,0,11
2014-11-04,78.12922668457031,79.20735304924462,78.08503824882906,78.5180566018168,557400,-0.011405485244287417,-1.0,0.024638676794515712,0.15811959935213182,1,11
2014-11-05,79.11897277832031,79.18967156956049,78.12037763533202,78.72130387645795,497900,0.012668064637909149,1.0,0.02482647595899049,0.1511720804612262,2,11
2014-11-06,80.267822265625,80.40038084292433,78.92457190423207,78.97759938047739,749400,0.014520530878523896,1.0,0.024682353327612403,0.17231936457270347,3,11
2014-11-07,80.32966613769531,80.46222468875943,79.84362036452951,80.26780637949312,573400,0.0007704690413259385,0.0,0.024723973576418937,0.17853904301303047,4,11
2014-11-10,80.84223175048828,81.0985031057938,80.29432615488442,80.38269628521826,489500,0.006380776087309581,1.0,0.023823930079898657,0.20589049809638493,0,11
2014-11-11,80.77154541015625,81.33712242219627,80.43572942398823,81.0101454730879,358800,-0.0008743739355216995,-0.0,0.023436127169533628,0.22561675531324266,1,11
2014-11-12,80.75385284423828,81.22222733340875,80.30316316822324,80.32967353243487,322300,-0.0002190445388673412,-0.0,0.02297998572275185,0.240836675239825,2,11
2014-11-13,80.77154541015625,81.29293397910791,80.47107883001696,81.13386502308354,403600,0.00021909252988949746,0.0,0.02309385421912429,0.22526127430972198,3,11
2014-11-14,81.23107147216797,81.33711968668757,80.5506139700769,80.78038173043124,375800,0.0056892072533496485,1.0,0.02317344805273329,0.2188296026644838,4,11
2014-11-17,80.77154541015625,81.24875227822936,80.63898682310096,80.9836351041188,397800,-0.00565702327549833,-1.0,0.023136638051932636,0.20598290869360447,0,11
2014-11-18,80.85105895996094,81.46966331781678,80.45339002736017,80.71850040169124,512200,0.0009844252626456385,0.0,0.023311001885885155,0.19711883342153236,1,11
2014-11-19,81.30174255371094,81.45197241638697,80.28546942334809,81.16918401632321,380600,0.0055742447847613175,1.0,0.008815853796770289,0.08632121015738536,2,11
2014-11-20,82.0617446899414,82.16779287739972,80.60361413787683,81.01896111099543,491500,0.00934791939703361,1.0,0.006889412973823452,0.06247807147202078,3,11
2014-11-21,82.62733459472656,83.65244700884656,82.48593698910632,82.95431150106668,701800,0.006892248110519139,1.0,0.007031366783421484,0.06907630330486403,4,11
2014-11-24,83.37847137451172,83.88218842810996,82.49475677225466,82.62731531103469,553000,0.009090657268195246,1.0,0.00679828738039795,0.06370881247127147,0,11
2014-11-25,83.56407165527344,83.93523700567812,82.99849470691561,83.4315198253529,393000,0.002225997643061417,0.0,0.00688871638934089,0.07337862471860679,1,11
2014-11-26,83.0780258178711,83.91755213634296,82.64500073450824,83.46685572449175,276800,-0.0058164451273680084,-1.0,0.006858665105143178,0.0689579687113735,2,11
2014-11-28,82.77757263183594,83.49338628179385,82.32688288958455,82.91013121458441,156300,-0.003616518123502721,-0.0,0.0071083524959023115,0.0568857750912517,4,11
2014-12-01,81.50502014160156,82.6450063168366,81.02781333368019,82.60966365747261,443600,-0.015373155430568386,-2.0,0.006405014688093997,0.06624947620249366,0,12
2014-12-02,82.75989532470703,83.12221489970084,81.81432072461853,81.8938518231992,332100,0.015396293147653006,2.0,0.0074753004082550815,0.04214710461256521,1,12
2014-12-03,83.63475799560547,83.85568666882763,82.62732378508905,82.90127318237795,417400,0.010571094459048469,1.0,0.008013242887615818,0.053194169690644166,2,12
2014-12-04,83.71429443359375,84.30638164986588,83.07801878652784,83.71429443359375,573700,0.0009509974069927818,0.0,0.008178586512532523,0.05825779296629885,3,12
2014-12-05,84.33287048339844,84.88960816135601,83.60822490193671,83.60822490193671,291200,0.007389132931119313,1.0,0.0075293491919558135,0.07148499973731881,4,12
2014-12-08,83.69664764404297,84.87199022345142,83.23711880620614,84.20036492918796,339200,-0.007544185745233412,-1.0,0.007285839874331819,0.06589946155755455,0,12
2014-12-09,83.89984893798828,83.93519832374585,82.15893045711242,82.2914889681518,399100,0.0024278307395240173,0.0,0.007141368185142495,0.04271730914875427,1,12
2014-12-10,82.30033874511719,83.77614725970011,81.97336865624548,83.53754054068887,327300,-0.019064518150125886,-2.0,0.007136045877552233,0.04444413841049988,2,12
2014-12-11,82.6538314819336,83.74963577796285,82.49476257265452,82.53895100275732,258100,0.004295155308062126,0.0,0.00841752878685437,0.01803645153104161,3,12
2014-12-12,81.67289733886719,82.30033386219218,81.43429737621959,81.78778454572569,381800,-0.01186798150162971,-1.0,0.00843905396616024,0.023303826393553884,4,12
2014-12-15,81.71707153320312,82.74217672983167,81.31939600843222,81.92916110109078,429800,0.0005408672371773893,0.0,0.008902402774671712,0.011380812955161357,0,12
2014-12-16,81.57572937011719,82.69805119407137,80.98364193913591,81.47852018088619,687700,-0.0017296528183650128,-0.0,0.008902033077361397,0.0117061784350605,1,12
2014-12-17,83.54637908935547,83.95288699627254,81.31941452181825,81.58453159868941,944800,0.024157304316547945,2.0,0.008836612695866112,0.004242931820335638,2,12
2014-12-18,84.03243255615234,84.86312658078356,83.5905751800223,84.3770875123656,647500,0.005817768191689332,1.0,0.010140791309545313,0.03435409914603804,3,12
2014-12-19,84.79243469238281,85.32266898071556,84.02360711027663,84.067788806165,1044500,0.00904415251483548,1.0,0.010179499463133868,0.03934857053346552,4,12
2014-12-22,84.46546936035156,84.86313835716939,83.97058444570936,84.86313835716939,309500,-0.0038560672684708752,-0.0,0.010270071380223138,0.04293502241192182,0,12
2014-12-23,84.87193298339844,85.36681089687991,84.43007577715971,84.88077201534087,268300,0.004812186875003288,0.0,0.010205180086789938,0.02929165934129574,1,12
2014-12-24,84.55380249023438,85.19007800041292,84.26217509103479,84.89845060121334,138900,-0.003748359227617626,-0.0,0.010159457164626844,0.02716532488529677,2,12
2014-12-26,84.57148742675781,85.47288012534194,84.49195634628674,84.91613559321422,155300,0.000209156016673262,0.0,0.010054618553091062,0.01409633801564203,4,12
2014-12-29,84.74879455566406,85.28068941161185,84.49171057655046,84.49171057655046,217100,0.0020965355381719064,0.0,0.010049093381104705,0.012055608966019093,0,12
2014-12-30,84.58036041259766,85.18316958761025,84.30554278841349,84.58922047923515,221200,-0.0019874517855917873,-0.0,0.009943528061470225,0.020110838231227834,1,12
2014-12-31,84.27892303466797,85.43136710215117,84.04843286848981,85.01471414293175,284400,-0.0035639169242034363,-0.0,0.009912052079908468,0.021778698304912192,2,12
2015-01-02,83.81796264648438,84.78423730946994,83.34811541293352,84.29666318192123,264000,-0.005469462252074342,-1.0,0.009244877018951736,0.03403352196278475,4,1
2015-01-05,83.6229476928711,84.2168968156155,82.96693752170492,83.45451173494872,619000,-0.0023266486974371503,-0.0,0.00880268534385129,0.012784783228954488,0,1
2015-01-06,83.19739532470703,84.20799715137258,82.39068993409833,83.68496934783829,597400,-0.005088942448274181,-1.0,0.00852070446981834,-0.00014121285237644887,1,1
2015-01-07,83.91549682617188,84.63355455834781,83.47224997650076,84.36760374318108,295700,0.008631297874917898,1.0,0.008589642361449183,-0.006174562091026736,2,1
2015-01-08,85.44025421142578,85.64415072362651,84.27894971244035,84.42079194065124,536700,0.01817015262880939,2.0,0.008649020877830649,-0.004949121912181664,3,1
2015-01-09,85.0324478149414,85.98099551040623,84.9881272016778,85.43137391476245,306600,-0.004773000738916844,-0.0,0.009349294747633831,0.020832454064328543,4,1
2015-01-12,85.65303802490234,85.95444268677194,84.12826752426214,84.81973164352658,391200,0.007298275257364706,1.0,0.009426951867772626,0.013499414972609092,0,1
2015-01-13,85.36931610107422,87.72738499980923,84.36757424251239,86.56608082403346,428300,-0.0033124560479178555,-0.0,0.008361107208815286,0.04073736913973591,1,1
2015-01-14,85.87464141845703,86.14945228281178,84.53603412710468,84.60695524158648,348900,0.005919285060038693,1.0,0.008418404995945141,0.032853705272382516,2,1
2015-01-15,84.02189636230469,86.49521531983119,83.55205564612231,85.87467225381903,497400,-0.021574996128649104,-2.0,0.007875658260128215,0.05144600248668141,3,1
2015-01-16,83.88890838623047,84.15485923960631,82.58576814224004,83.69388542562082,497600,-0.0015827776071700717,-0.0,0.009459127393816758,0.028204936690187976,4,1
2015-01-20,84.86404418945312,85.42253278110138,84.00414422527318,84.45625113895552,368500,0.011624132700988943,1.0,0.009456776588844586,0.0283562161683919,1,1
2015-01-21,85.93671417236328,86.19379819505515,85.01475977618209,85.33389809652986,385300,0.012639864069116102,1.0,0.008267829952948816,0.01577166017797582,2,1
2015-01-22,87.19551849365234,87.53238365563219,85.94555916432476,87.53238365563219,347800,0.01464803877379195,1.0,0.008602987851923195,0.02266126968225568,3,1
2015-01-23,87.42603302001953,87.95792802052226,86.59272656907106,87.08916100108536,325300,0.0026436510769067834,0.0,0.008941867405840315,0.028340780754646744,4,1
2015-01-26,88.56072235107422,89.00396920291803,86.68135326442881,87.39055093274298,406400,0.012978849569839968,1.0,0.008864089694587938,0.035050579628433054,0,1
2015-01-27,87.9667739868164,88.32136606076385,87.1334677335373,87.75401062635561,417000,-0.006706679309855579,-1.0,0.009181860411104902,0.043463006414586225,1,1
2015-01-28,88.17951965332031,88.68482073581067,87.81605403014525,88.56071217263124,556200,0.002418477532616814,0.0,0.009297527461668382,0.04036449451195545,2,1
2015-01-29,88.3833999633789,88.89756782077825,87.71852983297212,88.42772734410285,514800,0.0023121050200789472,0.0,0.009289610390089922,0.0426625135296006,3,1
2015-01-30,87.15121459960938,88.47209540231657,86.92073105141812,88.02884844491702,635000,-0.01394136641360344,-1.0,0.009289803806122734,0.04288680950296686,4,1
2015-02-02,88.96851348876953,89.81954667905134,86.72568537843145,89.51814204981866,857500,0.020852249707697057,2.0,0.009895589991097237,0.030395403548419964,0,2
2015-02-03,89.59790802001953,89.89045253169019,89.16352804910242,89.26104288632598,426400,0.007074351437033277,1.0,0.01067760611980449,0.055643692221512,1,2
2015-02-04,89.5713119506836,90.24504896385324,88.95962921745003,89.58903884634708,498800,-0.00029683806155378356,-0.0,0.010551607293471732,0.06895831383915874,2,2
2015-02-05,89.5358657836914,90.39576577484874,89.16354004424502,89.67770802542927,341800,-0.0003957312472067098,-0.0,0.010507331002316211,0.07113315688965605,3,2
2015-02-06,89.70431518554688,90.3159913452439,89.41177059072014,89.70431518554688,346400,0.001881362294104738,0.0,0.010368297996553876,0.0761859242617664,4,2
2015-02-09,89.23445129394531,90.24505348259795,89.04828168140598,89.40288048311436,267900,-0.005237918495110128,-1.0,0.010307464903798321,0.06898390140460409,0,2
2015-02-10,90.09434509277344,90.4223501703758,89.12807028346782,89.53585654125447,259400,0.00963634321004081,1.0,0.00986758969709203,0.044407605262159144,1,2
2015-02-11,90.26278686523438,90.5287376764787,89.7397588367733,90.0766240027274,284000,0.0018696153713919639,0.0,0.009865473975651176,0.059529008136380845,2,2
2015-02-12,91.65457916259766,92.3017225116838,90.6085163710212,90.6085163710212,448400,0.01541933664690931,2.0,0.00981279716189538,0.053818859746595615,3,2
2015-02-13,92.43467712402344,92.63857361122076,91.5836441493476,91.7166195311364,361100,0.008511281908150758,1.0,0.01010084600900519,0.07362438108420499,4,2
2015-02-17,92.87791442871094,93.3300279753845,92.13326318798572,92.34601971913462,271600,0.004795140941454168,0.0,0.010148417114321302,0.07639083665689061,1,2
2015-02-18,93.41868591308594,93.41868591308594,92.41695065733484,92.41695065733484,253500,0.005822390475725747,1.0,0.008355889774339018,0.10540131144170872,2,2
2015-02-19,93.39212799072266,93.7999143599198,92.5854220847968,92.97547478905712,306800,-0.0002842891880109333,-0.0,0.008227605365529142,0.11359997060612237,3,2
2015-02-20,94.50023651123048,94.7395936216604,92.67406147102233,93.32119814918444,375600,0.011865116946665033,1.0,0.008170636925931837,0.10049113122904174,4,2
2015-02-23,94.32291412353516,94.60659178614422,93.65804396772558,94.31404729436984,344900,-0.0018764226867755696,-0.0,0.008134196493074428,0.09964917115275496,0,2
2015-02-24,93.79989624023438,94.47363334604329,93.463031069035,94.3583915998617,364500,-0.005544971634525386,-1.0,0.007906090442605486,0.08174038933436334,1,2
2015-02-25,92.81591033935548,93.76445855934288,92.36380331165948,93.61375621677756,366400,-0.010490266410943194,-1.0,0.008162615110992932,0.07290578103612799,2,2
2015-02-26,92.44355010986328,92.984311738653,91.82300730473212,92.81587579294197,315300,-0.004011814656892043,-0.0,0.008387397965663825,0.048048252942345826,3,2
2015-02-27,92.42581939697266,92.91338679132288,92.17760228517122,92.36376511902228,842800,-0.00019180043247535306,-0.0,0.008262869001194764,0.05089167102703818,4,2
2015-03-02,95.03211975097656,95.44877286254828,92.23080324031883,92.42583293198304,768200,0.028198834167860953,3.0,0.008282171468506655,0.04815516982114176,0,3
2015-03-03,94.9257583618164,95.35127160115093,94.20769377989654,94.78391610643092,358300,-0.0011192151605042833,-0.0,0.010030049963881772,0.07522588846268086,1,3
2015-03-04,95.09418487548828,95.39559627788628,94.1810973635543,94.77505333678866,367500,0.001774297267448821,0.0,0.00927673489077415,0.0892075204909637,2,3
2015-03-05,95.1916732788086,95.67924742803972,94.712965958675,95.27146121386863,364500,0.00102517733810914,0.0,0.00845363812120727,0.06885212696615417,3,3
2015-03-06,94.50909423828124,95.05872276908744,94.11017477720932,94.9878016496137,337700,-0.007170575083055186,-1.0,0.008418346739336465,0.06243187349351076,4,3
2015-03-09,94.83708190917967,95.2360012969174,94.44702258718978,94.6243185898712,288000,0.003470435025771046,0.0,0.008679321326589422,0.05512682777624489,0,3
2015-03-10,94.9700698852539,95.3689961177054,93.78217154568406,94.21655157517048,376500,0.0014022782375524567,0.0,0.00865369732925433,0.05920773847538818,1,3
2015-03-11,95.75021362304688,95.90091597162667,94.63322935007746,95.18285803499523,425000,0.00821462739508938,1.0,0.008656810775538567,0.058701241838981844,2,3
2015-03-12,96.3618621826172,96.96467816726424,95.96294272423155,96.05159074127168,210800,0.006387960260624492,1.0,0.008532585654658212,0.07301846130748468,3,3
2015-03-13,95.6172103881836,96.14910525196984,94.99666750766802,96.14910525196984,430300,-0.007727660897860256,-1.0,0.008442771101680664,0.0695661540509549,4,3
2015-03-16,96.09591674804688,96.68099906281662,94.987799642473,95.2537436897647,371800,0.005006487408698135,1.0,0.008773990059313697,0.05932038782431537,0,3
2015-03-17,95.8210906982422,96.18455632341237,95.0143850331478,95.28919588692364,365600,-0.002859913918353496,-0.0,0.00830598684751199,0.04845734524153089,1,3
2015-03-18,96.83173370361328,97.2572469970264,94.89917669054807,95.448798591491,352200,0.010547187451181994,1.0,0.008250492564936025,0.036635748396406154,2,3
2015-03-19,97.0355987548828,97.31927646590384,96.28208046905289,96.48597023078764,225600,0.002105353725190051,0.0,0.00844982192277456,0.0425700695286082,3,3
2015-03-20,97.31041717529295,97.66501603239776,96.87603712613016,97.37247146803053,602700,0.0028321402035593746,0.0,0.0084050202963104,0.03871723099554125,4,3
2015-03-23,97.469970703125,98.53376710396462,96.97353644077891,98.36533115206451,371300,0.001639634609156282,0.0,0.008393070325099648,0.04195524043482046,0,3
2015-03-24,97.47883605957033,98.33873593914257,96.99126863453895,97.27494631779284,388100,9.095474617848431e-05,0.0,0.008082525468656947,0.031425679993315025,1,3
2015-03-25,96.80510711669922,97.8954973186174,96.79624704955756,97.52317159636632,524400,-0.006911540700582308,-1.0,0.008052714702735952,0.03345869840176752,2,3
2015-03-26,97.31041717529295,97.68274969512888,96.2466273673892,96.74306170928952,346900,0.0052198698358401074,1.0,0.008118584680701844,0.03203853092510989,3,3
2015-03-27,98.2437515258789,98.36820696569544,96.78591857769702,97.24816226289217,323000,0.009591309724884534,1.0,0.0076664214004478915,0.0484238835723807,4,3
2015-03-30,98.9993667602539,99.53271925670906,98.9104690258906,99.02603336778492,267600,0.007691229443492542,1.0,0.007682713233304912,0.06274317039017285,0,3
2015-03-31,99.28382110595705,99.75494925386528,98.49268010627246,98.5726799282441,338500,0.0028732945978533486,0.0,0.007715080337161593,0.07112241369532901,1,3
2015-04-01,99.5060577392578,99.97718591492546,98.54601912736229,99.10603825999536,394600,0.002238397261761005,0.0,0.005198076440267925,0.04473962451981173,2,4
2015-04-02,99.61273193359376,99.906078218179,98.95493066247948,99.32827677998117,286700,0.0010720371880825752,0.0,0.005145504227039972,0.048251385677460235,3,4
2015-04-06,99.63938903808594,100.42164572234572,99.27493408632914,99.41715825859308,407500,0.00026760740293663154,0.0,0.005151091460812239,0.047516544403023664,0,4
2015-04-07,99.01710510253906,100.27937378653492,98.92821418345838,99.57712399649547,287400,-0.006245360811164891,-1.0,0.005162559124323972,0.04672379007615879,1,4
2015-04-08,99.7016143798828,99.76383872325124,98.71490923365168,98.94602434790878,261800,0.006913040697714701,1.0,0.005082004036049876,0.047699228318620834,2,4
2015-04-09,99.02603912353516,100.03051982994216,98.6615773809076,99.57716712972956,240700,-0.0067759710868228185,-1.0,0.0051785041629240644,0.05129356969630949,3,4
2015-04-10,98.84825134277344,99.30160404718876,97.48820001147288,98.84825134277344,395600,-0.0017953639500811747,-0.0,0.005551199818472438,0.042707868312425346,4,4
2015-04-13,97.9682159423828,99.33715835683844,97.64820307760382,98.95492114512714,426300,-0.008902892953957964,-1.0,0.0054198287628941955,0.03235541313696744,0,4
2015-04-14,99.12379455566406,99.23046096330386,97.5592883514932,98.2704293848282,321800,0.011795444085262119,1.0,0.005751726839989589,0.0166700157446249,1,4
2015-04-15,100.96387481689452,101.40833631182862,99.4527016649521,99.4527016649521,1005300,0.018563456629953068,2.0,0.005880246972071193,0.036673148622978546,2,4
2015-04-16,100.00384521484376,101.1772233940868,99.86161426853803,100.6172043023838,499200,-0.009508644589877657,-1.0,0.006911377353880752,0.050657283197691916,3,4
2015-04-17,99.01710510253906,100.38604695859718,98.5459771276633,100.38604695859718,528300,-0.009867021714863422,-1.0,0.007304456963563565,0.04365171055893957,4,4
2015-04-20,94.86587524414062,97.84376630185156,94.3502982134356,96.0036957381482,1530700,-0.041924371088202905,-4.0,0.007475154303974539,0.02256875215737497,0,4
2015-04-21,93.87918090820312,95.39923878602056,93.28360398417064,94.63476428158197,936500,-0.010400940626945188,-1.0,0.011988402828151211,-0.02236007752395086,1,4
2015-04-22,95.7370147705078,95.95924554461016,93.37248286067036,93.6124891126451,766800,0.019789625818330325,2.0,0.012123550931468326,-0.03526072918697776,2,4
2015-04-23,95.33699035644533,95.84367618776125,94.77697131613112,95.6125543121952,532100,-0.004178367322413168,-0.0,0.01298515481743424,-0.01777938292292558,3,4
2015-04-24,96.0037078857422,96.19038094835317,94.74143853935594,95.68369498356736,392900,0.006993272252503013,1.0,0.013004364603899502,-0.021972417703224223,4,4
2015-04-27,95.34591674804688,97.13264772973568,95.25702577285958,96.13705795652322,470800,-0.006851726377883116,-1.0,0.013040975181320691,-0.008278480906910413,0,4
2015-04-28,95.64813232421876,96.08370278125444,94.41252965287065,95.06144655502004,366900,0.003169675078697809,0.0,0.013050907651310993,-0.020187976624406745,1,4
2015-04-29,94.83028411865234,95.6836491887101,94.22581634628526,95.2302966639491,354500,-0.008550592527976963,-1.0,0.012867012845033917,-0.026420196311176203,2,4
2015-04-30,94.1902847290039,95.1503232421582,93.94138736232196,94.58141303775815,538300,-0.006748892461902467,-1.0,0.012794131412761239,-0.04211221523969744,3,4
2015-05-01,94.67030334472656,95.10587373347144,94.15472635612146,94.3947393737576,420800,0.0050962646211731855,1.0,0.012784381627747168,-0.051302783476849134,4,5
2015-05-04,95.49700927734376,95.89702196112842,94.65253504182276,95.10588094159336,413000,0.008732473684032627,1.0,0.01285155174234256,-0.04859758796999758,0,5
2015-05-05,94.93698120117188,95.97701950638368,94.50140403859032,95.17698743239598,352900,-0.005864351987667438,-1.0,0.013058799098957824,-0.04131723501965312,1,5
2015-05-06,94.69695281982422,95.05252332632998,93.97692746105896,94.87474146404875,411300,-0.002528291697405427,-0.0,0.013075860625881406,-0.04719426606596944,2,5
2015-05-07,95.78144073486328,96.1281201170094,94.15471022975092,94.51028073967971,324900,0.011452194423853035,1.0,0.013043725317191135,-0.04363036344317506,3,5
2015-05-08,96.55482482910156,97.15040164923168,96.51037596350302,96.60815804226404,245400,0.008074467123324158,1.0,0.013235706331430752,-0.039319058867822165,4,5
2015-05-11,97.35485076904295,97.98599211119289,96.57260091596012,96.57260091596012,361400,0.008285716859384396,1.0,0.0133540926864033,-0.024955196797791235,0,5
2015-05-12,97.82600402832033,98.15490128248412,96.60817676353676,97.15931160681502,433200,0.004839545801319067,0.0,0.013508784139565085,-0.015108012063378418,1,5
2015-05-13,99.4438247680664,99.63049779609037,97.7370873453786,97.92376715534728,560900,0.01653773713661777,2.0,0.013420906995631528,-0.0014516127776187382,2,5
2015-05-14,100.94612121582033,101.18613428910844,99.17716586275549,99.95941587440493,381000,0.015106985790799277,2.0,0.013666641120281837,0.003228591216033694,3,5
2015-05-15,101.39057159423828,101.5505780313727,100.80388584604236,100.96389228317678,317300,0.004402847509789254,0.0,0.013454133802899388,-0.00017584112244495298,4,5
2015-05-18,101.36387634277344,102.17279943025024,101.21276107872067,101.21276107872067,264200,-0.0002632912611606475,-0.0,0.01330006951182334,0.013866730588362186,0,5
2015-05-19,101.42613983154295,102.41284516567276,101.20390902262989,101.35502434502372,274900,0.0006142571793423812,0.0,0.01308036442859001,0.0237006650295839,1,5
2015-05-20,101.37277221679688,101.66611841271116,100.56384909144722,101.60389407860302,245700,-0.0005261721961884458,-0.0,0.008592158265528994,0.06915304971908243,2,5
2015-05-21,100.9905242919922,101.71054962143631,100.52828061777537,101.3816525114152,230100,-0.003770715907691624,-0.0,0.008063128237959486,0.07982165200100244,3,5
2015-05-22,101.33724212646484,101.67503049205264,100.8038895769252,101.15056907322324,252100,0.003433171942648583,0.0,0.007316152510983516,0.0548743820149149,4,5
2015-05-26,100.93722534179688,101.40835352126844,100.3771994226968,101.40835352126844,333300,-0.003947381794432103,-0.0,0.007151674890394357,0.06293728958283462,1,5
2015-05-27,102.24392700195312,102.5550554973672,101.0705488383367,101.21277978274824,270800,0.012945686348435403,1.0,0.007239220734558518,0.05138882200181527,2,5
2015-05-28,101.26610565185548,102.09280430594536,100.76831094640582,102.02168883889703,378200,-0.009563613006364324,-1.0,0.007261286129483063,0.0723472015286648,3,5
2015-05-29,100.09273529052734,100.94610061506911,99.85272904816505,100.94610061506911,252700,-0.011586999952008514,-1.0,0.007790073849775313,0.05873583928009651,4,5
2015-06-01,100.83942413330078,101.09721260906366,99.85271909163544,100.48385358804356,246700,0.0074599704025084534,1.0,0.008034657671005486,0.05549336080540024,0,6
2015-06-02,100.83942413330078,101.23054562933406,99.62159721992664,100.45718698398947,248500,0.0,0.0,0.007802414695415898,0.07059262453051507,1,6
2015-06-03,101.13277435302734,101.31945416521704,99.85272974821294,101.01721679581232,249100,0.002909082655398576,0.0,0.007822406400033882,0.06516426556816213,2,6
2015-06-04,100.0838623046875,100.93723456587767,99.9771958584982,100.81278585735951,190200,-0.010371633281594517,-1.0,0.007712962052077183,0.0590150950101076,3,6
2015-06-05,100.68831634521484,100.88388051192258,99.4793871710984,99.93273306816268,208700,0.006039475561876229,1.0,0.008021566041333271,0.054213658770225326,4,6
2015-06-08,100.15496063232422,101.08833256825817,100.11940289570394,100.52830669391987,215000,-0.005297096348914843,-1.0,0.007968187261982772,0.06326881010406038,0,6
2015-06-09,100.83055877685548,101.23946263473638,99.7638536503788,100.40387265709732,394800,0.00674552853164645,1.0,0.007913286325845379,0.045661454493751696,1,6
2015-06-10,102.56395721435548,105.27517570933487,100.70611096647627,100.9638995104207,1231000,0.017191201343395468,2.0,0.00786879678463553,0.04428296519953112,2,6
2015-06-11,102.41281127929688,102.97283029095804,101.9594586801747,101.9594586801747,532400,-0.0014736749552546335,-0.0,0.008438467370838984,0.0535063882709883,3,6
2015-06-12,102.24392700195312,103.0084013733034,101.79058112601692,102.0216962377686,399400,-0.0016490542075168202,-0.0,0.008464079874481136,0.04688740275692638,4,6
2015-06-15,100.98168182373048,101.59504104848044,100.68833551781124,101.22169490382667,387200,-0.012345429359325477,-1.0,0.007832542723540177,0.028157628092216003,0,6
2015-06-16,100.0127182006836,101.77278175927412,99.55936561900998,100.85719224985311,644500,-0.009595439544552997,-1.0,0.007712082242900647,0.0003522731481095942,1,6
2015-06-17,99.5771713256836,100.5549922461581,99.05270990647055,100.33276145185854,548600,-0.004354914883185512,-0.0,0.007918781427689396,-0.013589561355554891,2,6
2015-06-18,99.31937408447266,100.7949828019024,99.18603427229692,99.88828428660756,561400,-0.0025889191044378146,-0.0,0.007959756923941913,-0.017626644536046565,3,6
2015-06-19,98.09265899658205,99.7193898353583,98.03043465322722,99.11492187907808,709200,-0.012351216459009051,-1.0,0.00796166207547194,-0.020771427864349268,4,6
2015-06-22,98.33264923095705,99.04378344990867,97.93262987472497,98.30597584832032,358200,0.002446566713859344,0.0,0.008338056421756286,-0.03235694505029363,0,6
2015-06-23,98.039306640625,98.59044127554756,97.36372334329148,98.31487056711454,372700,-0.002983165740232052,-0.0,0.008364927166659219,-0.026318063795277347,1,6
2015-06-24,97.68376159667967,98.52823585207226,96.91928716714852,98.11044768044286,430100,-0.0036265560837616118,-0.0,0.008302806469319678,-0.03254416063271337,2,6
2015-06-25,96.82151794433594,98.30601813162706,96.55484504075665,97.70155683740218,262700,-0.00882688830006162,-1.0,0.008298452208592058,-0.032232545863037365,3,6
2015-06-26,96.7947235107422,97.15147314251966,96.18825117805046,97.00877056803536,487300,-0.00027674048251480343,-0.0,0.00774137313965037,-0.053034045313161804,4,6
2015-06-29,95.60855865478516,96.99988189884792,95.563969192028,96.19719672043384,377200,-0.012254437152510733,-1.0,0.007585144729391624,-0.04415477530542666,0,6
2015-06-30,96.04557037353516,96.87501050477454,95.77800640690272,96.5360952397822,366300,0.004570843080355713,0.0,0.007628069597671143,-0.044800220742559405,1,6
2015-07-01,96.42015075683594,96.99094751278636,95.97421536597255,96.60744280446649,263200,0.0039000276831506753,0.0,0.007470458354292831,-0.047539479731940726,2,7
2015-07-02,96.30423736572266,96.9820544532165,96.01883890666312,96.58071520918894,216300,-0.0012021697767887751,-0.0,0.0075779414219308205,-0.043824857335787226,3,7
2015-07-06,96.76798248291016,97.5260713073733,95.43909688677354,95.87611167661606,307100,0.004815417575307679,0.0,0.007494591526910908,-0.047744532058910605,0,7
2015-07-07,97.3120574951172,97.37448820072868,95.9118201225994,97.27638183413396,351700,0.005622469315231804,1.0,0.007409042179614904,-0.033131013786046104,1,7
2015-07-08,96.17935943603516,97.42798011983608,95.78694084727825,96.6788117922167,353200,-0.011639853151176882,-1.0,0.007388137493196339,-0.03353178375256538,2,7
2015-07-09,96.45582580566406,97.72228067478744,96.40230893207762,97.07121201421891,347200,0.002874487532980252,0.0,0.007671199327394566,-0.03969450111296802,3,7
2015-07-10,96.3131332397461,97.70445642242596,96.30421943024896,96.95528135414683,498400,-0.0014793566352898635,-0.0,0.0074976385594833625,-0.04338697537988445,4,7
2015-07-13,97.18719482421876,97.65096480211642,96.86612068396786,97.10692288693778,304900,0.009075206621063092,1.0,0.006068582249948578,-0.060945620122138666,0,7
2015-07-14,97.28529357910156,97.7490635207194,96.9285438062377,97.2317766902886,251500,0.0010093794255532362,0.0,0.006611168793966764,-0.05102502694537869,1,7
2015-07-15,95.93856811523438,97.52609748789482,95.43020189135508,97.00881064831626,660800,-0.013843052884166762,-1.0,0.006652993411980097,-0.04849807287582797,2,7
2015-07-16,95.80477142333984,96.74123859967747,95.6888306547524,96.36665445091644,490300,-0.0013946079717785942,-0.0,0.006772522239788447,-0.04994087657699309,3,7
2015-07-17,95.95635223388672,96.25959176875268,95.26069427166172,95.72447078276672,475800,0.0015821843556942383,0.0,0.006571209401812939,-0.04207411670283934,4,7
2015-07-20,103.80484771728516,106.26641316924156,98.5428083398704,106.26641316924156,2153800,0.0817923493409618,8.0,0.00659359802666266,-0.036361939625241924,0,7
2015-07-21,103.19837951660156,104.6610472269036,102.3600187054157,103.40351281455963,786400,-0.0058423880389028016,-1.0,0.01937476516822857,0.04516212143058351,1,7
2015-07-22,104.79483795166016,105.15158769706352,103.37676638933692,103.41243523988535,548500,0.015469801391617466,2.0,0.019180141641190435,0.052049975729554054,2,7
2015-07-23,104.69671630859376,105.9453368329028,104.4915898279434,104.9375252434513,347400,-0.0009363213397176606,-0.0,0.019384834460637726,0.06571763062668179,3,7
2015-07-24,104.54512786865234,105.5440191117788,103.83162829118808,104.85728138212936,312200,-0.0014478815122970223,-0.0,0.01935728078425185,0.06790551561500036,4,7
2015-07-27,103.18949127197266,104.16163438204468,103.01111976039611,103.9029909271528,299700,-0.012966999269280799,-1.0,0.01932408720419221,0.07024060253025599,0,7
2015-07-28,103.7334976196289,104.0634922876495,102.93081928863153,103.27864837991297,267300,0.005271916170440649,1.0,0.019475675860712676,0.06577022817694056,1,7
2015-07-29,104.3310546875,104.64320812309748,103.36783253956963,103.68890658887976,202800,0.005760502456614525,1.0,0.019463629372196607,0.07168545822765471,2,7
2015-07-30,104.88402557373048,105.58860446235752,103.74243181145113,104.07242652266194,272700,0.005300156198811301,1.0,0.019129830168551083,0.09123133070344935,3,7
2015-07-31,105.3031997680664,105.88291722979326,104.839429881346,105.22293465100208,278200,0.003996549446333431,0.0,0.01913094562678967,0.09202355887753377,4,7
2015-08-03,105.5083465576172,105.81157944452411,104.34891148599834,105.19618625064872,292800,0.001948153427461241,0.0,0.019130839248679827,0.09212855343519233,0,8
2015-08-04,105.78482055664062,106.19508040283198,105.18726861573816,105.40131575191718,283500,0.00262039931478264,0.0,0.019097263595556694,0.09557325247217574,1,8
2015-08-05,105.51724243164062,106.75694241984094,105.05347256449222,106.25749690069114,252400,-0.0025294567178164584,-0.0,0.01910158550000715,0.09317997381337273,2,8
2015-08-06,105.6599349975586,106.40018939625416,104.89292556351356,105.60642492685962,325100,0.0013523151537098155,0.0,0.019158626647964076,0.08431827614923404,3,8
2015-08-07,106.08805084228516,106.11481268753542,104.72348932525286,105.48157830088908,259400,0.004051827636809113,0.0,0.018834354517162935,0.09857183097407263,4,8
2015-08-10,107.907470703125,108.10368341241362,106.2931863657817,106.61426047108384,364100,0.01715009227141584,2.0,0.018830562487664786,0.09986151646275654,0,8
2015-08-11,108.29989624023438,108.30881685551248,106.63209501389152,107.09587174625143,295400,0.0036366855283729294,0.0,0.018963035946476085,0.12038168703865004,1,8
2015-08-12,109.218505859375,109.5039042654296,106.81937104306816,107.6220561864826,324700,0.008482091405728864,1.0,0.018950211831357887,0.11434326750674306,2,8
2015-08-13,109.69121551513672,110.56525211403178,108.51394603371712,109.3344657440686,345500,0.004328109527247603,0.0,0.01893512958173453,0.12266203699709943,3,8
2015-08-14,111.52848052978516,111.63550070383006,108.96880809770916,109.55743946826504,262300,0.016749427071440337,2.0,0.01840575399444028,0.14334847465498624,4,8
2015-08-17,112.0546646118164,112.11709530558082,109.89633856517747,111.0825285511368,396400,0.004717934643525545,0.0,0.018439821331435853,0.16412240092892416,0,8
2015-08-18,113.0268096923828,113.13382985268508,110.38686566433636,112.02791176813726,280500,0.008675632415072965,1.0,0.018402864074624752,0.1677670316050699,1,8
2015-08-19,112.34008026123048,113.08033488964722,111.68009756820696,112.24197389821444,263600,-0.006075810093387091,-1.0,0.007108264915369999,0.08883941528640227,2,8
2015-08-20,109.43260192871094,111.41255723359114,109.38801244794637,111.34120589904246,420800,-0.02588104197325325,-3.0,0.0071247284682021544,0.08858376253047928,3,8
2015-08-21,107.02450561523438,109.31661350498324,106.74802781981415,108.10366856365582,461000,-0.022005291577050334,-2.0,0.009222950601051997,0.0442556529281537,4,8
2015-08-24,103.61756896972656,106.0791347379848,97.91851404861973,102.02111912609314,598200,-0.03183323880753208,-3.0,0.010611722932777401,0.022233641977647656,0,8
2015-08-25,102.25301361083984,105.80265645325424,101.81599871710696,105.5975299295256,494200,-0.013169150487263304,-1.0,0.012818768936760285,-0.008872330235141557,1,8
2015-08-26,104.28646087646484,104.9375296041126,101.84273660317456,104.10808942462326,508900,0.01988642871068813,2.0,0.012828793139157173,-0.009075320069798276,2,8
2015-08-27,105.82049560546876,106.11481466879638,104.30431082145216,105.17834739618507,317900,0.014709816750048788,1.0,0.013526709414802565,0.0053306142135836065,3,8
2015-08-28,106.73908233642578,106.88177810569304,104.99993724715894,105.52613767770468,331600,0.008680612632752993,1.0,0.013843255213646485,0.014276103336921642,4,8
2015-08-31,105.27643585205078,106.97099182635252,105.00887187552723,106.34667814927576,404000,-0.013703007861403105,-1.0,0.013918053745810153,0.017686742595432126,0,8
2015-09-01,103.59971618652344,104.86617109914586,103.07350887219287,103.3053971872081,371300,-0.01592682780298249,-2.0,0.014254795438207044,-0.00025416052004667566,1,9
2015-09-02,106.1147918701172,106.1593813279156,103.86727362050188,104.34888467399088,319700,0.024276858819435088,2.0,0.014665757682362756,-0.018089851972530657,2,9
2015-09-03,106.49829864501952,107.6398922140856,105.80263368471265,106.28424474749384,233900,0.0036140746086721354,0.0,0.015644528257960186,0.0031192690193193595,3,9
2015-09-04,104.69671630859376,105.8383098835845,104.33105280618317,105.52615645361584,288300,-0.01691653631416956,-2.0,0.01564709245502019,0.009297591471976396,4,9
2015-09-08,107.639892578125,107.70232326400588,105.82047526960976,106.5072128142993,501200,0.028111447744513907,3.0,0.016101963893109007,-0.009116215043924458,1,9
2015-09-09,106.7747802734375,108.55852199052283,106.56964698202144,108.38906434998064,276400,-0.008037097436339402,-1.0,0.017243473583780464,0.014627865471360968,2,9
2015-09-10,106.1683120727539,107.44368772376528,105.67778035912072,106.69451263425594,344300,-0.005679882450991713,-1.0,0.016924842995648667,-0.010496867569102397,3,9
2015-09-11,109.14716339111328,109.2363559288278,105.8204885891943,106.33777536842328,385800,0.028057819326712696,3.0,0.01693678706266475,-0.01968223647003431,4,9
2015-09-14,109.54853057861328,109.8963597687594,108.54963248121824,109.21853581679716,235700,0.0036773029644550093,0.0,0.017980305852684998,-0.0006532086087459588,0,9
2015-09-15,109.86957550048828,110.18172894650996,107.93421052628432,110.11037764329504,340600,0.002930618239964655,0.0,0.01797325479259679,-0.001300787267725645,1,9
2015-09-16,110.66336822509766,110.90417042924236,109.70014579964575,109.70014579964575,329700,0.007224863853286134,1.0,0.017581594064102573,-0.01487427266485386,2,9
2015-09-17,110.3422622680664,111.39467013959428,110.06578448294424,110.88630402903456,277900,-0.0029016463368266576,-0.0,0.017627716977487082,-0.012416229092635511,3,9
2015-09-18,108.78148651123048,109.85172878828448,108.60310826209847,109.07580551897236,533500,-0.014144859138778276,-1.0,0.017508788512457907,-0.02375142173456668,4,9
2015-09-21,109.7803955078125,110.82388972431728,109.09365784812913,109.41473194483282,240400,0.009182711402632826,1.0,0.017713141310429444,-0.0316769735407435,0,9
2015-09-22,108.3266143798828,109.33442582104874,107.9520303190353,108.47823076578298,361800,-0.013242629717309051,-1.0,0.01692334782034532,0.0031781532465811058,1,9
2015-09-23,106.212890625,108.76364166501877,105.6866901175474,108.51391892897792,486700,-0.01951250638619917,-2.0,0.016447546264738357,0.012166454375688973,2,9
2015-09-24,104.70563507080078,105.23183558566762,103.19837121561558,105.23183558566762,364400,-0.01419089100513049,-1.0,0.015416267610056402,0.025047119721865796,3,9
2015-09-25,105.46370697021484,106.12368936229242,104.73237329130907,105.38344187585804,491900,0.007240029621151445,1.0,0.015465720394736865,0.023985811012820157,4,9
2015-09-28,102.7167739868164,105.50833436918148,101.94976443809328,104.75915924521308,370100,-0.026046239624160306,-3.0,0.014940772523666589,0.01128858035698932,0,9
2015-09-29,100.32801818847656,103.82617157410364,99.67491470150784,103.07464728511782,637300,-0.023255751768902266,-2.0,0.015651950792390127,-0.029330061259814744,1,9
2015-09-30,101.39265441894533,101.7684130751919,98.29710614581651,101.0974125494214,776800,0.010611554475926432,1.0,0.016176414812675826,-0.06006294983633542,2,9
2015-10-01,101.72370910644533,103.81723495750052,100.53380631916096,101.39268644433638,1019600,0.0032650756546142023,0.0,0.016228668655912035,-0.036891270127756726,3,10
2015-10-02,101.41053771972656,101.41948630399769,100.07748534566224,100.60533577957132,400200,-0.003078646949366104,-0.0,0.01592276950342716,-0.018108226056338772,4,10
2015-10-05,103.3340835571289,103.75457832260156,101.58053629161554,101.7057891801686,580200,0.018967908864841565,2.0,0.01485626727073447,-0.044331747416972433,0,10
2015-10-06,101.82209014892578,103.81720136685897,101.37475646852349,103.31618982905488,464600,-0.014632088040604785,-1.0,0.015512380218690855,-0.02971141443712244,1,10
2015-10-07,103.44144439697266,103.61142655676814,102.02786830571114,102.46625340842428,671200,0.01590376160692042,2.0,0.015405183884229234,-0.02745669836669007,2,10
2015-10-08,105.46337127685548,106.00017707883907,103.15513499655702,103.42353107177952,350800,0.019546583979660692,2.0,0.014443650700752594,-0.039004574239101086,3,10
2015-10-09,105.27552795410156,106.36702344668896,104.66715375294326,105.53498236018967,216800,-0.0017811238203339075,-0.0,0.01508734328110611,-0.012282010725975345,4,10
2015-10-12,106.51911163330078,106.69804923089288,104.88187527640434,105.37393831179696,282000,0.011812656781369002,1.0,0.015044081427265904,-0.008409139235825314,0,10
2015-10-13,106.08070373535156,107.29745183519069,105.69599651517052,105.84808832120792,377200,-0.00411576750150211,-0.0,0.01388643196562203,-0.024078058248708234,1,10
2015-10-14,104.63135528564452,106.35806373285912,104.5239995604063,105.94651752598035,278600,-0.013662696406340324,-1.0,0.01385738489161152,-0.03165562171345759,2,10
2015-10-15,105.40972137451172,105.5797103785941,104.04982981916604,104.9266001200969,388800,0.007439128421325103,1.0,0.014067267511033715,-0.047676712966097545,3,10
2015-10-16,105.35604858398438,105.49919183712774,104.34506992251995,104.92660517301135,406400,-0.0005091825481318146,-0.0,0.014074543150828487,-0.04747412748091695,4,10
2015-10-19,111.57396697998048,111.93183529341157,102.90463797372276,104.67608237103305,1184000,0.059018143519681265,6.0,0.014078422123653773,-0.045188612065687805,0,10
2015-10-20,111.0729522705078,113.96272397304062,110.5808825003452,111.64553882536788,557900,-0.004490426602493991,-0.0,0.01910524705242488,0.025670548898609757,1,10
2015-10-21,111.87818145751952,113.57804436620796,111.4487380240395,111.83344534907118,614400,0.007249552393733705,1.0,0.01905893529655982,0.011774021734174855,2,10
2015-10-22,114.32059478759766,114.9468592126801,112.02129993298033,112.25391535905534,590100,0.021831006709789325,2.0,0.018831115156636637,0.03278572950855807,3,10
2015-10-23,114.43690490722656,116.2530785497655,114.21323806798245,114.7589857017997,418600,0.0010174030308800486,0.0,0.018662528010824412,0.07633446481767536,4,10
2015-10-26,115.79679870605467,116.61094934227556,114.00747067501028,114.51743083617178,442900,0.011883350042807939,1.0,0.01822461768467566,0.09293931343662254,0,10
2015-10-27,113.69432830810548,115.79678838657308,112.91596525747887,115.65365198595538,589700,-0.018156550279824435,-2.0,0.018288893396407456,0.09797770278222928,1,10
2015-10-28,117.34459686279295,117.66667772061982,113.8732824674974,114.11484652375331,448100,0.032105986367195305,3.0,0.01769900517456895,0.10687207059966686,2,10
2015-10-29,116.63778686523438,117.90821296005466,114.98266033358198,117.01354554244531,591400,-0.0060233706234044115,-1.0,0.01740145344696214,0.16960943694062602,3,10
2015-10-30,118.82078552246094,120.18962567114218,116.69147255716018,116.69147255716018,490700,0.01871605005459198,2.0,0.01763597516737551,0.1503573659616162,4,10
2015-11-02,120.25222778320312,120.96796431014408,118.74917971147326,119.12493831652102,325800,0.01204706949586365,1.0,0.017801007278555336,0.16807366312336236,0,11
2015-11-03,120.49381256103516,121.27218257046512,119.09813344280585,120.14489278147782,335900,0.0020089838025085793,0.0,0.017653851962135723,0.18579617549756322,1,11
2015-11-04,121.11114501953124,121.43322589195547,119.858615877628,120.5564554926232,345300,0.005123354016069337,1.0,0.017528594824021748,0.1660606879473545,2,11
2015-11-05,121.9342269897461,122.47997470821824,119.5991442797643,121.10219277143456,393200,0.006796087759570968,1.0,0.016797046938661225,0.1894388029394518,3,11
2015-11-06,121.1648178100586,122.39946337784846,120.63696724035312,121.86267104734132,276300,-0.006310034505341955,-1.0,0.01671170392697027,0.17877537094130758,4,11
2015-11-09,119.41128540039062,121.31693175267591,118.40030664612934,120.43120591607624,466200,-0.014472290235411855,-1.0,0.016770336931731383,0.1488805671874902,0,11
2015-11-10,120.71749114990234,121.11114707304483,119.02656995389046,119.21445615413356,371700,0.010938712745047097,1.0,0.017313465079612428,0.13427391646472708,1,11
2015-11-11,120.9948501586914,121.88951775144604,119.54547937537892,120.02860752033112,299700,0.002297587583597549,0.0,0.017300237523426895,0.133294197622305,2,11
2015-11-12,119.54548645019533,121.23640775451014,119.28603883962153,120.0464981475412,311100,-0.011978722289379795,-1.0,0.01716667973122058,0.14059245365252693,3,11
2015-11-13,119.28601837158205,120.76221427307485,118.76710958792802,119.625996387107,230900,-0.0021704548311941574,-0.0,0.01707184325329658,0.14253978765576636,4,11
2015-11-16,120.8785400390625,121.29903490338432,118.99973261755886,119.23235493065684,202500,0.013350447011481803,1.0,0.01717393849315083,0.1316415299853515,0,11
2015-11-17,120.03750610351562,121.97893244326556,119.23231102028744,119.23231102028744,282000,-0.006957677808443807,-1.0,0.0171758237433698,0.14733365254017095,1,11
2015-11-18,122.33683776855467,122.51576853664312,120.23436370177342,120.61012241022192,300600,0.019155110262422337,2.0,0.012535470366508669,0.07585585914547388,2,11
2015-11-19,122.12213134765624,122.7304987825808,120.71749661750955,121.71953364495091,212600,-0.001755043082809049,-0.0,0.012834388094191943,0.1014097966048002,3,11
2015-11-20,121.95211791992188,122.78416574718727,121.460048092135,122.33683202220683,241400,-0.0013921590284923235,-0.0,0.012894812161480898,0.09156342869254064,4,11
2015-11-23,122.29209899902344,123.9740782157998,121.80897091901473,122.3099961709051,308700,0.0027878243108889755,0.0,0.012294347909827178,0.06675545335031918,0,11
2015-11-24,122.22052001953124,122.66785374134324,120.95903564765143,121.5316222655091,236000,-0.0005853115620557681,-0.0,0.012285034198213488,0.06864214038438954,1,11
2015-11-25,122.45311737060548,123.8935323683362,121.61212786675097,122.17577267285355,158400,0.0019030957406913629,0.0,0.012146829387360504,0.05547408378519081,2,11
2015-11-27,123.13309478759766,123.69672604050744,122.16685223062566,122.38156369781304,68700,0.00555296126054694,1.0,0.011179514469455037,0.0770380474808221,4,11
2015-11-30,121.60319519042967,123.41936897736822,121.02166682277527,123.38358828692216,509400,-0.012424763625141,-1.0,0.009102861984471208,0.04932905374052288,0,11
2015-12-01,123.27626037597656,123.75044683178344,121.182741166424,122.50684558295131,206000,0.013758398230629298,1.0,0.009495465151348956,0.042571180906685324,1,12
2015-12-02,121.18272399902344,123.58044027194686,120.73539019788156,123.29414008647484,313800,-0.01698247797725294,-2.0,0.00911383075923677,0.03749743644535486,2,12
2015-12-03,119.43810272216795,122.0684271686107,119.241274794098,121.72844917439132,454300,-0.014396617102529707,-1.0,0.00966575751086339,0.007737870914939382,3,12
2015-12-04,121.97000122070312,122.00578190795407,119.321779863301,119.62597713686569,562600,0.02119841525300159,2.0,0.010179520368610185,-0.008761527388241985,4,12
2015-12-07,122.98098754882812,123.16886005909272,120.2522492321416,120.98586940574351,448100,0.00828881133071091,1.0,0.011169500625719907,0.007091471235231017,0,12
2015-12-08,121.30797576904295,123.79515058772591,120.90537808213492,121.3706090533512,601100,-0.01360382456776843,-1.0,0.011216917000693556,0.008584632755904265,1,12
2015-12-09,119.7422866821289,122.70363371906149,119.089183274512,120.69958739398126,248000,-0.012906728325060457,-1.0,0.011545367725582893,0.0011815142511812926,2,12
2015-12-10,118.99075317382812,120.3864320042522,118.5702584426696,119.69753434765678,323100,-0.006276258196870943,-1.0,0.011451103682563624,0.0027719430423047697,3,12
2015-12-11,116.44992065429688,120.00175158654294,116.08310371685616,117.74718574972596,404100,-0.021353193015086314,-2.0,0.011258029627468042,-0.014303958437390185,4,12
2015-12-14,116.03836059570312,117.21037272107158,114.32060080300188,116.43201644119448,505700,-0.003534223606863063,-0.0,0.01210230768129625,-0.037562999569267674,0,12
2015-12-15,115.60894012451172,117.17460831292436,114.8037448025168,117.04041364310626,550500,-0.0037006768191734096,-0.0,0.011883830866743848,-0.0293371666186103,1,12
2015-12-16,116.69147491455078,117.59509782221936,114.06115711864648,117.59509782221936,614200,0.009363763640365175,1.0,0.011893802326402865,-0.030825727082414933,2,12
2015-12-17,113.03228759765624,115.73418724436836,112.90703469491024,114.60691111965444,658800,-0.031357794728141375,-3.0,0.011676037056810954,-0.0346386142913262,3,12
2015-12-18,111.12662506103516,112.98753469238204,110.61666497055518,112.7996553775494,1071400,-0.016859452968026045,-2.0,0.01333128310758094,-0.05835858085737278,4,12
2015-12-21,110.71510314941406,112.79073147684092,110.30355691841588,111.77081107267772,367600,-0.0037031801460277736,-0.0,0.012669232643447444,-0.09163399113460635,0,12
2015-12-22,112.12866973876952,112.65652024185655,110.6166796099766,111.42188165565835,231500,0.012767603959577212,1.0,0.01265533528155371,-0.09340672384572735,1,12
2015-12-23,111.94973754882812,113.1306983307646,111.75291643998128,112.6475839058656,163200,-0.0015957755528381856,-0.0,0.013199314764144713,-0.08055168166577298,2,12
2015-12-24,113.09490966796876,113.34541544863754,111.53818347249168,111.87816145405982,156000,0.010229341704719674,1.0,0.013122570829082102,-0.08457097011866566,3,12
2015-12-28,113.69432830810548,113.72116723644255,111.90499361075072,112.42390231116843,212600,0.005300138104327834,1.0,0.013475538149669937,-0.07466512456422347,0,12
2015-12-29,114.735107421875,115.13885565978876,113.79304189040184,114.2147313000358,239100,0.00915418675018742,1.0,0.013565013793206368,-0.07152769362327827,1,12
2015-12-30,113.55078125,115.08501483128993,113.30853780541652,114.510794711033,183800,-0.010322264897702937,-1.0,0.01370640922479719,-0.06820252004718175,2,12
2015-12-31,112.0614242553711,113.96350327333845,111.98067187234956,113.04835295179072,253500,-0.013116219705700205,-1.0,0.013643716819294653,-0.06621876939844928,3,12
2016-01-04,111.4692611694336,111.5230983723183,109.78251045756662,110.92196304871608,407100,-0.005284272352170438,-1.0,0.013230801031964709,-0.09097320186710467,0,1
2016-01-05,110.43746948242188,112.04347466044952,109.92606054769952,111.4692613598898,243800,-0.00925628891935859,-1.0,0.012919268182536966,-0.08015550821970396,1,1
2016-01-06,108.36490631103516,109.8183874141255,106.96526240483377,108.92117837780935,329200,-0.018766847711198298,-2.0,0.012757955448904965,-0.07535813977791483,2,1
2016-01-07,106.70506286621094,108.25723739313156,106.05009730752714,106.74095204635977,364600,-0.015317167719040348,-2.0,0.01181236259918945,-0.11154459927445382,3,1
2016-01-08,105.377197265625,107.6112526667611,105.17084302313135,107.2075044983473,298200,-0.012444260515087735,-1.0,0.011549947170974831,-0.13234504785672685,4,1
2016-01-11,104.7401885986328,106.40002406747313,104.0672817724682,105.78992844977292,340900,-0.006045033304373115,-1.0,0.0115178847043998,-0.13132507077480549,0,1
2016-01-12,106.2205810546875,106.74993796449994,104.46205210213525,105.85272889614704,380000,0.014133948734115886,1.0,0.011427538085550087,-0.12528655080156503,1,1
2016-01-13,103.78018951416016,107.13575694745136,102.954758669194,106.51668039114516,452500,-0.022974752315381486,-2.0,0.012266065454627991,-0.10732071004278176,2,1
2016-01-14,105.33235931396484,106.05909656078188,102.4971750137553,104.05832391862842,465800,0.014956320730103334,1.0,0.012376653279458543,-0.10879982630258,3,1
2016-01-15,103.86988830566406,104.47999073111538,102.0665030506421,103.25978588021276,427700,-0.013884346822058635,-1.0,0.013149380228067088,-0.09226260373532646,4,1
2016-01-19,104.53382873535156,106.09497057172788,103.72633921820456,105.17982034906916,509300,0.006392039507481462,1.0,0.013304668616275009,-0.10154103831593475,1,1
2016-01-20,103.29568481445312,104.4441182523662,99.67993311081516,103.03549334497642,467700,-0.01184443290633741,-1.0,0.013159251765679723,-0.10418624143796151,2,1
2016-01-21,102.63175964355467,105.4220807978163,102.2908226124672,103.48410564385485,480400,-0.006427424069950671,-1.0,0.01183820791836091,-0.0861400135318946,3,1
2016-01-22,106.51667022705078,108.04192302743004,104.2915885473312,104.32747773436114,537200,0.03785290827116872,4.0,0.011494911163527985,-0.07644311534535275,4,1
2016-01-25,104.10317993164062,105.4759088801197,103.06242084361028,105.4759088801197,412000,-0.02265833404541806,-2.0,0.014643172640676584,-0.03792104963942766,0,1
2016-01-26,108.05987548828124,108.32903413433328,103.9327077971891,104.5338431482138,393900,0.038007441840285594,4.0,0.014926410128491286,-0.07157393221400188,1,1
2016-01-27,105.21571350097656,108.05089768697522,104.42617191704451,107.89837377505016,237300,-0.02632024120380483,-3.0,0.01745643830264418,-0.034746504509224785,2,1
2016-01-28,103.82503509521484,106.22955568633871,103.55586963506228,105.8796446952376,389100,-0.013217402225275121,-1.0,0.01803685209718539,-0.06966888421525286,3,1
2016-01-29,107.50359344482422,107.51256745241592,103.81606351827976,104.6773834277056,675000,0.035430359799405675,4.0,0.018049088553183913,-0.0868055017322007,4,1
2016-02-01,106.52562713623048,107.12675552087696,105.1887808033068,106.9203944398692,332200,-0.009097056919270985,-1.0,0.019840235848067787,-0.06302790958708815,0,2
2016-02-02,104.74915313720705,105.52972744925424,103.70838738781076,105.16186846519334,313200,-0.016676494161837585,-2.0,0.019819138799009112,-0.061867950501393154,1,2
2016-02-03,105.3682632446289,106.39108130738502,103.32262711911667,106.30136174568364,408100,0.005910406804061852,1.0,0.019926273859368897,-0.06525234858251028,2,2
2016-02-04,106.05010223388672,108.00601814930783,105.0183173486137,105.0183173486137,361700,0.006471009090040836,1.0,0.02001225639898486,-0.05473255910013752,3,2
2016-02-05,102.57791900634766,106.68713836566408,101.2231313360164,105.88861596163773,725700,-0.03274097011129118,-3.0,0.020040561057052184,-0.039727162068246114,4,2
2016-02-08,102.70354461669922,103.10728604378336,94.7901592535756,97.69711532600624,1181400,0.0012246847232666447,0.0,0.020849888444555396,-0.05340278049129077,0,2
2016-02-09,102.25492095947266,104.7132719464689,100.83732895613969,101.12443559078768,585100,-0.0043681419068920535,-0.0,0.02064916368209598,-0.03750073466081838,1,2
2016-02-10,103.88783264160156,105.78094421037854,102.36257320939616,103.24184105574156,593400,0.01596902786493848,2.0,0.02051217736589138,-0.029629525050680616,2,2
2016-02-11,105.3682632446289,106.364166123391,102.01269550665408,102.51513737347663,598600,0.014250279030602275,1.0,0.0208142123870619,-0.00813781193671026,3,2
2016-02-12,107.21648406982422,108.70585441454725,106.56151843560173,106.88451424903172,462500,0.01754058355222554,2.0,0.020818228585040194,-0.008024036411736213,4,2
2016-02-16,107.4407730102539,109.10958222424736,106.8306706433621,108.5712582170278,485900,0.0020919259046363603,0.0,0.02047448446012488,0.0331112765524022,1,2
2016-02-17,110.35671997070312,110.50924387579116,107.88042092300778,107.95219929428292,486800,0.027140040775497143,3.0,0.020250857328706767,0.020016770819729857,2,2
2016-02-18,108.79559326171876,112.02554512410838,107.56641415105764,111.46030577286822,520900,-0.01414618619870911,-1.0,0.020702905876944334,0.062451512857603975,3,2
2016-02-19,108.82252502441406,109.6030996385339,107.44082177680414,108.3828943509086,315200,0.0002475446099228229,0.0,0.021021870670975742,0.040769237843155226,4,2
2016-02-22,108.95706939697266,110.58998959678168,108.12266470532968,109.80044125061347,678500,0.0012363651048201696,0.0,0.02078468955212489,0.05350504447391624,0,2
2016-02-23,110.73355865478516,111.23600046527844,108.76867514670391,109.53130160341254,393100,0.01630448825068953,2.0,0.020683640388720722,0.061631114728872394,1,2
2016-02-24,113.57771301269533,114.08912884457864,109.44158476458226,109.5941086906721,528500,0.0256846649964253,3.0,0.019363352077895756,0.039588999719439855,2,2
2016-02-25,115.44390106201172,116.15270396553206,113.7033199450008,113.7033199450008,562900,0.016430935258467505,2.0,0.019154204151187355,0.09101098628568471,3,2
2016-02-26,118.10860443115234,118.1803828014168,116.38596461577772,116.79867313189312,777600,0.023082236000577128,2.0,0.01778734068784661,0.06833272331996398,4,2
2016-02-29,115.92840576171876,119.05965708106132,115.91942490798716,118.00992396890136,572400,-0.018459270431092523,-2.0,0.01691927743119409,0.12253769423952177,0,2
2016-03-01,116.0181121826172,117.9201911863772,115.2554926246592,117.08579325408344,573200,0.0007738088030195822,0.0,0.017247126791315834,0.11657468408659133,1,3
2016-03-02,115.79380798339844,115.90146869796064,112.9406826797388,115.65923209019569,423300,-0.0019333550167209834,-0.0,0.0158304610967179,0.07920217794545659,2,3
2016-03-03,115.30032348632812,115.69509763618008,114.1698450765617,115.69509763618008,328300,-0.004261752037216571,-0.0,0.015615373978375102,0.08700423641078703,3,3
2016-03-04,115.8655776977539,115.87454485985567,114.2057423023916,115.31827962242164,439900,0.004902451218992576,0.0,0.01501298351584309,0.10072797758374707,4,3
2016-03-07,115.64128112792967,115.8386682264811,114.64537847262912,115.3631484955139,331200,-0.001935834389134361,-0.0,0.015010491070146672,0.09962501164846804,0,3
2016-03-08,115.3451919555664,117.02296847893368,113.61357823510612,114.878639421623,334400,-0.0025604106896369716,-0.0,0.015071198800655591,0.09044007211695293,1,3
2016-03-09,116.06298065185548,116.6371939823092,115.0850259264512,115.784847995119,235200,0.006222961565364393,1.0,0.01260578861086043,0.12446414465113786,2,3
2016-03-10,116.32317352294922,117.11272204206578,115.21064281727767,116.6551502541196,237400,0.0022418248233191385,0.0,0.012564642502625376,0.13007765296723828,3,3
2016-03-11,117.51642608642578,117.7676435007245,115.8745320420519,117.29212384577887,311900,0.0102580812347004,1.0,0.012375530570521032,0.13758020084972067,4,3
2016-03-14,119.0417251586914,120.0017456956136,117.2024570180488,117.2024570180488,429300,0.01297945421811808,1.0,0.012212482649816838,0.13118565570465757,0,3
2016-03-15,119.22117614746094,119.4454784724281,117.77666862705918,117.81255097530986,305000,0.0015074629381446325,0.0,0.01217241938104672,0.1297683144147248,1,3
2016-03-16,118.7635726928711,119.18526209530172,115.97325164439351,117.44467412617531,419600,-0.003838273278094939,-0.0,0.011905493067831435,0.11196685082322522,2,3
2016-03-17,118.70973205566406,119.5261956101346,117.17551218418456,118.77254326308064,378100,-0.00045334302418020833,-0.0,0.01205069383584985,0.10538643166255479,3,3
2016-03-18,119.13143920898438,120.10939397370214,117.92918213912988,118.099654081486,682600,0.003552422754375062,0.0,0.010953261273591242,0.07569101444097326,4,3
2016-03-21,119.0417251586914,119.633886591354,118.21629423300764,119.02379082945508,260600,-0.0007530677954422638,-0.0,0.01017805490934941,0.09500243196800895,0,3
2016-03-22,119.06863403320312,119.85816878714051,118.28805275205232,118.28805275205232,224400,0.00022604573712148301,0.0,0.010200685735559765,0.09390703011150214,1,3
2016-03-23,118.39571380615234,119.46338108970764,117.71382615745034,118.431596144878,262900,-0.005651532265526171,-1.0,0.010218385477722513,0.09280319939030424,2,3
2016-03-24,119.2391128540039,119.55314159135057,117.2832031126472,117.83050134409312,418700,0.007123560648761629,1.0,0.010048857853908367,0.06919451740239069,3,3
2016-03-28,120.0106964111328,120.0196772648477,116.94224262199222,118.3688019494274,314100,0.006470893137838329,1.0,0.008701899771080364,0.049846045418045826,0,3
2016-03-29,121.41413116455078,121.4860895203106,118.4993235745148,119.875757060214,371300,0.011694247224514731,1.0,0.008150292407568361,0.03955856746964903,1,3
2016-03-30,121.7649917602539,122.44870598773564,120.16365059349708,122.44870598773564,245400,0.002889783852487504,0.0,0.006961213993014518,0.027987179675171614,2,3
2016-03-31,121.62101745605467,122.63760404601004,121.11722670511809,121.43208906081924,235000,-0.0011823948913223248,-0.0,0.0052816909325296355,0.05034646996295078,3,3
2016-04-01,123.6632080078125,123.66320800781251,120.36155216801546,121.27917907295776,366500,0.01679142794949673,2.0,0.00532802042893593,0.048293367027195444,4,4
2016-04-04,123.18639373779295,123.6452140632067,122.02587647083504,123.52825770931354,418200,-0.0038557488334721723,-0.0,0.006101508757363215,0.06796045627536751,0,4
2016-04-05,123.28531646728516,124.14896749857728,121.8729041926181,122.9794454940792,349700,0.0008030329202002306,0.0,0.006077433338267022,0.06839590742692003,1,4
2016-04-06,124.3469467163086,124.44590663465142,122.60166109859352,123.2763840707654,348300,0.008611165379983854,1.0,0.006084933222607594,0.06403747270726368,2,4
2016-04-07,124.32892608642578,124.90468902830746,122.8715291426284,123.78915605000184,339500,-0.0001449221742768625,-0.0,0.006094363644472319,0.07528164253687364,3,4
2016-04-08,125.57938385009766,126.20912228238774,124.5628109977109,125.51641687050278,389100,0.010057657562348998,1.0,0.005996672328483149,0.07788564029890477,4,4
2016-04-11,125.33651733398438,126.56000153315902,125.08460818602802,126.2091462166849,412100,-0.0019339680500677359,-0.0,0.006137433537281956,0.08199344136083964,0,4
2016-04-12,126.1911849975586,126.59601601213294,124.97667822656236,125.54344988333035,364500,0.00681898365898248,1.0,0.006256173523339913,0.07748536717197574,1,4
2016-04-13,127.74749755859376,128.188321330014,126.07418471753834,127.02779060154236,245700,0.012332973662663393,1.0,0.006116028140631782,0.07381741599896063,2,4
2016-04-14,126.43401336669922,127.72049160030669,125.8582506283252,126.98278829915466,500600,-0.010281878056296878,-1.0,0.006066907953295231,0.0731321088324024,3,4
2016-04-15,126.70391845703124,126.9918067200797,125.49841724186872,126.62295503077436,693300,0.0021347506350937184,0.0,0.006755614234716737,0.06049963146074777,4,4
2016-04-18,123.40231323242188,127.44165909287965,120.60446184658936,123.6452173094729,1166000,-0.02605764103285424,-3.0,0.006584725010781032,0.06685842791791297,0,4
2016-04-19,125.13858032226562,128.81806495770132,124.18496067258728,128.81806495770132,753500,0.014069971983212248,1.0,0.009148392617438461,0.03952987758878446,1,4
2016-04-20,123.8431396484375,125.75035194225876,122.44870960857268,125.47146867974024,535800,-0.010352048668700098,-1.0,0.00952424940801611,0.05042448201052396,2,4
2016-04-21,123.27635192871094,124.91368583670132,123.15939558463435,123.8791026460887,390000,-0.004576658193062189,-0.0,0.009905290137098528,0.040333878590430805,3,4
2016-04-22,123.81614685058594,124.15799709704817,122.95249555330568,122.97049200646843,266700,0.004378738609876809,0.0,0.010001614699328509,0.0353385921462277,4,4
2016-04-25,123.15939331054688,124.436880527857,122.73656593452245,123.29434610366734,323200,-0.005304264078186738,-1.0,0.009871491452114476,0.04578234186170271,0,4
2016-04-26,123.58222198486328,125.57041118198876,123.43829155553432,123.66319915249434,525600,0.003433182503995047,0.0,0.009932677389785273,0.032877470845853685,1,4
2016-04-27,123.75316619873048,124.06804235653564,122.17881286424796,123.58223421176604,309100,0.0013832427603392983,0.0,0.009880002278919798,0.02976006039907597,2,4
2016-04-28,121.5670394897461,124.49083778816475,121.29714767059228,122.90747977033872,444800,-0.017665218403170146,-2.0,0.009597303442723264,0.019264932440274496,3,4
2016-04-29,121.40509796142578,122.00784857405438,120.7393803702705,121.39610660085567,379400,-0.001332117068903127,-0.0,0.01040417423895398,-0.0016256911584042744,4,4
2016-05-02,122.13384246826172,122.43072220661676,121.46812462522912,121.55807944676889,310900,0.006002585715696007,1.0,0.010405057780062432,-0.0017753468861326782,0,5
2016-05-03,120.57745361328124,121.7739636151477,119.48890858697416,121.61202301544348,347800,-0.012743305405992889,-1.0,0.009780420277224937,-0.012367183127370951,1,5
2016-05-04,121.51307678222656,121.70199146661886,119.54288413851783,120.46950229182757,387800,0.007759520050457214,1.0,0.010117263869496058,-0.021178801045714124,2,5
2016-05-05,121.82793426513672,122.04385048017008,120.8743283381269,121.76496728196182,434400,0.002591140733556152,0.0,0.010290612709144966,-0.014375107562212164,3,5
2016-05-06,123.05145263671876,123.15041253594002,121.27018817800712,121.66602777489224,224700,0.010043003511159165,1.0,0.010102183653919431,-0.020257935700816798,4,5
2016-05-09,123.38431549072266,124.3289302451505,122.50268145931685,122.88952970593492,267900,0.0027050704958890837,0.0,0.01038227444754471,-0.010274949602789962,0,5
2016-05-10,124.85972595214844,125.60642100351008,123.6092399570425,124.14003244809868,457900,0.011957844524709715,1.0,0.010131504955618419,-0.017479528025039714,1,5
2016-05-11,122.8265151977539,125.89425760142544,122.34072090962026,124.90465884950947,344500,-0.016283959770773015,-2.0,0.010499910226499312,-0.0038040899171103426,2,5
2016-05-12,124.38289642333984,124.68878119762611,123.24037567820471,123.73516142538304,515400,0.012671378188008786,1.0,0.010936793865195072,-0.026663271288480117,3,5
2016-05-13,123.70818328857422,125.3905016333062,122.83554061826332,123.9870802703692,253900,-0.005424484830046317,-1.0,0.010958003935737667,-0.026337902499504406,4,5
2016-05-16,123.64521026611328,125.0306351081528,123.33933921007836,123.90609705454986,288600,-0.000509044921579993,-0.0,0.01080722580331386,-0.021559309916226566,0,5
2016-05-17,122.2418212890625,124.427917254122,121.5041175417796,123.61825513238324,383400,-0.011350128112770141,-1.0,0.010784485403592309,-0.02414059666161983,1,5
2016-05-18,120.91029357910156,122.0708242261951,119.0480662003542,121.80093242031748,565100,-0.010892570937832358,-1.0,0.00948208222429958,-0.009404134436067246,2,5
2016-05-19,119.7228012084961,120.59544369211784,118.66123032307968,120.07365647416997,417500,-0.009821267780055432,-1.0,0.009134803786943731,-0.033788834205047524,3,5
2016-05-20,120.15463256835938,120.48749141959024,119.49790622797106,120.32556453864667,257000,0.0036069266297173996,0.0,0.009110064848726798,-0.03327062323870433,4,5
2016-05-23,119.83072662353516,120.21757470487158,119.084031992958,119.96567937494989,266600,-0.0026957424603661906,-0.0,0.009149980349403305,-0.025322937542447854,0,5
2016-05-24,121.91791534423828,122.65560513219764,119.53388655388694,120.5684697476407,390200,0.017417809100501502,2.0,0.009064899909870458,-0.03218821073361422,1,5
2016-05-25,122.55660247802734,122.87147849827798,121.70195664383152,122.4126720973347,285000,0.00523866514601834,1.0,0.009907246658999124,-0.010080253993929644,2,5
2016-05-26,122.76356506347656,123.47426700844444,122.20578490528833,123.0244518280858,189800,0.0016887102062601578,0.0,0.009950238829485944,-0.008299086149798796,3,5
2016-05-27,123.14142608642578,124.46388400729704,122.46670321770668,122.61963875401035,399600,0.0030779573952079975,0.0,0.00995312149236494,-0.007996572254682865,4,5
2016-05-31,123.56427001953124,124.03206805402218,122.115864185467,123.2943780905411,514700,0.0034338073428570315,0.0,0.009143618624139304,0.012950768590630046,1,5
2016-06-01,124.04107666015624,124.14003657934742,121.98991990535198,123.1054531101171,230100,0.0038587743896325577,0.0,0.009151032957208052,0.01778485495552662,2,6
2016-06-02,124.06803131103516,124.21197546906087,122.91650550137032,123.78014299498372,220100,0.00021730423182941827,0.0,0.00910285724384041,0.015615935381629642,3,6
2016-06-03,123.96012115478516,124.91374132802616,122.97053551703635,123.150458930511,297800,-0.0008697660074856728,-0.0,0.008563701603237587,0.028948842367736427,4,6
2016-06-06,124.35594940185548,124.87773686177688,123.39335167877348,124.44591796391184,289100,0.00319319022426634,0.0,0.008449296708001588,0.02013811547990141,0,6
2016-06-07,125.26453399658205,125.5614136572706,123.98706055582102,124.6707746752049,269200,0.007306321885658162,1.0,0.008456041640927737,0.020750701815373418,1,6
2016-06-08,126.93785095214844,127.18074126890048,125.2645379115062,125.3814805252968,384700,0.013358265920759838,1.0,0.00833006188483987,0.017985007998214453,2,6
2016-06-09,126.66797637939452,127.5226226037714,125.9032849681104,126.4250723022274,318000,-0.0021260370388312966,-0.0,0.008759917429722628,0.02880054443948321,3,6
2016-06-10,124.17598724365234,125.94826029020332,123.9240918212536,125.8493003937416,291300,-0.01967339502036569,-2.0,0.008443776730394729,0.014482255294546054,4,6
2016-06-13,121.26116943359376,123.41128543159016,121.0722547464346,123.0514387807262,562700,-0.023473280742590474,-2.0,0.00880950750419069,0.010986813748853352,0,6
2016-06-14,121.82793426513672,122.18779462352563,119.41693163664164,121.00027603174576,413300,0.004673918569236157,0.0,0.009799660012142313,-0.025097719055530043,1,6
2016-06-15,121.88189697265624,122.74554801400949,121.4320818677836,122.2327522053662,269900,0.0004429419890028541,0.0,0.009827854347050068,-0.015199067462266735,2,6
2016-06-16,121.360107421875,121.55802716231594,120.67639341770374,121.42308812440956,307300,-0.004281107890028113,-0.0,0.009830891211602123,-0.01426107238332952,3,6
2016-06-17,121.60301971435548,122.43968298826267,121.05424471064764,121.35112434156515,531400,0.002001582708196503,0.0,0.009563117713389841,-0.007212865923377665,4,6
2016-06-20,124.85972595214844,125.20158997566368,122.79058653709482,122.85355354142602,288600,0.026781458597351815,3.0,0.009258144623513018,0.005729256912280434,0,6
2016-06-21,124.82372283935548,125.2015659747318,123.86111168494566,124.96766700348104,384000,-0.00028834848481684716,-0.0,0.010602673459313762,0.04290682052039885,1,6
2016-06-22,124.64378356933594,125.82229709205828,124.40087953932417,124.86869114931407,215000,-0.0014415470547303189,-0.0,0.010608257654901575,0.03885901168512773,2,6
2016-06-23,127.60356903076172,127.70252892105236,125.40846872051138,125.7593240174927,431300,0.023745953281170573,2.0,0.01058476850875711,0.04016546574837743,3,6
2016-06-24,126.18213653564452,126.24511724353722,122.45766777262428,123.18636609384824,803100,-0.011139441521220594,-1.0,0.01112407028842651,0.0466350960026658,4,6
2016-06-27,123.27635192871094,125.12958834604832,122.22378601383303,125.04862490504318,811500,-0.023028494260063037,-2.0,0.011471421925742247,0.029582527455158436,0,6
2016-06-28,124.81957244873048,124.93689696738667,123.58320336621532,123.98930869247005,381600,0.01251838244622916,1.0,0.012653073630769313,0.004177028135092353,1,6
2016-06-29,124.7924575805664,126.48909072824304,124.40440548896903,126.08298553898476,476200,-0.00021723250314142906,-0.0,0.012922480113347797,0.013627797043108014,2,6
2016-06-30,128.69114685058594,128.73625895528676,124.79250257876822,124.94591953800868,411000,0.031241385461958204,3.0,0.01290875709849021,0.009939665898896388,3,6
2016-07-01,128.78138732910156,129.8823926066443,128.09552083263395,128.62797036688448,308000,0.0007012174553109318,0.0,0.014539607299422221,0.0374881476010549,4,7
2016-07-05,128.7362060546875,129.11525223409208,128.059359516502,128.27595536609348,224000,-0.0003508369908968856,-0.0,0.014537266284823006,0.037990092760077365,1,7
2016-07-06,131.38954162597656,131.8588260872772,128.60093517859983,128.78142496510378,401200,0.02061063979283273,2.0,0.014532803391730137,0.03852920483950317,2,7
2016-07-07,130.29751586914062,131.84975218144308,129.7560329618789,131.1007067936067,249600,-0.00831135981845943,-1.0,0.015096262185986328,0.05656015862491692,3,7
2016-07-08,133.03195190429688,133.3297660731224,131.03750444779143,131.2992261887956,308500,0.02098609491452219,2.0,0.01524359668910462,0.040178825657834816,4,7
2016-07-11,132.9236602783203,134.38565850412874,132.9236602783203,133.7358845749875,320200,-0.0008140271899075291,-0.0,0.015614450407447576,0.04800854045059988,0,7
2016-07-12,133.61851501464844,134.42170560474491,133.12215818470645,133.52827708132594,347900,0.005227472181199344,1.0,0.015598257291023617,0.04938646750137421,1,7
2016-07-13,133.6997833251953,134.11492203937678,133.4200222173799,133.97052476744568,345700,0.0006082114483756396,0.0,0.014759185945537491,0.07604149546617589,2,7
2016-07-14,132.53562927246094,134.49397103772023,132.43635785714903,134.27737510327145,407000,-0.00870722467741647,-1.0,0.013425866936488983,0.10257705702247333,3,7
2016-07-15,133.56442260742188,133.77198508411735,132.08438496178056,132.81537723358457,377800,0.007762390691532284,1.0,0.013743247050955192,0.08789195246486603,4,7
2016-07-18,134.64735412597656,135.36932662205686,131.3353195870812,135.10761864959878,731800,0.008107933964852876,1.0,0.013738440960084268,0.0958511963215225,0,7
2016-07-19,136.23568725585938,136.6778848801299,134.46685544733995,135.27906584453493,300000,0.011796244643595077,1.0,0.013609833544117012,0.1094861152183404,1,7
2016-07-20,136.2718048095703,137.0118304918773,135.5859384314783,136.6237645493188,374000,0.00026511081228752786,0.0,0.013667944322705837,0.12033144880674773,2,7
2016-07-21,135.54086303710938,136.92162974341878,135.45061126695728,136.1094188939968,260600,-0.005363851850956114,-1.0,0.012802354052966869,0.09139919834355137,3,7
2016-07-22,136.80429077148438,137.1923568176361,134.98132638691106,135.06254470919214,243100,0.009321378852583218,1.0,0.012939511414115187,0.08585820030016689,4,7
2016-07-25,137.2194366455078,137.27358219647857,135.9469611157514,136.30794063588033,265200,0.0030345968805678414,0.0,0.012925957563563985,0.09756208335399164,0,7
2016-07-26,139.6199188232422,139.65601124856065,136.5786121545821,137.55327288392775,537100,0.017493747507036916,2.0,0.012152836783026748,0.0753573562854497,1,7
2016-07-27,141.5421600341797,141.6053389943907,139.65601744915148,139.65601744915148,657300,0.013767671741530263,1.0,0.01202966800194431,0.1064951240843961,2,7
2016-07-28,143.46444702148438,144.01494962936545,141.424886980564,141.424886980564,505300,0.013581020572531077,1.0,0.010316207451549424,0.14816960284509095,3,7
2016-07-29,141.50608825683594,143.49150251872194,141.46096238874003,143.08539724682188,354900,-0.01365048139317171,-1.0,0.010348978832905475,0.14937460693844518,4,7
2016-08-01,141.1721649169922,142.28220341307215,140.7931324197263,141.45193978518293,245800,-0.0023597807271562576,-0.0,0.011179848401578207,0.13393141701275613,0,8
2016-08-02,139.94483947753906,141.01875807808125,139.5026279805048,140.82924870112532,261100,-0.008693820344646386,-1.0,0.009702985326027648,0.09698427880899274,1,8
2016-08-03,140.19754028320312,140.39608311416592,138.92506498580067,139.58385868645897,211700,0.0018057172140644173,0.0,0.010093788091130049,0.08668529187303475,2,8
2016-08-04,141.1090087890625,141.68658412256448,140.0531295279955,140.45021515174355,340700,0.006501315957599507,1.0,0.010058058684114605,0.0890296100822392,3,8
2016-08-05,142.59805297851562,143.4914955496887,141.24435962427327,141.75876970871622,346500,0.0105524388714191,1.0,0.009347380353507819,0.07397443542922244,4,8
2016-08-08,143.23876953125,143.34706056453822,141.05481314691505,142.7063202569466,343100,0.004493164803806238,0.0,0.009063126326290916,0.09440346600105998,0,8
2016-08-09,142.273193359375,144.0330060744092,141.86708802916846,143.85250257610983,346900,-0.006741025317620775,-1.0,0.008224694628900952,0.07672455737773354,1,8
2016-08-10,142.92294311523438,142.9500158812833,141.67755456554116,142.44463922106212,211800,0.00456691623008787,0.0,0.00847997892222149,0.07033761379635717,2,8
2016-08-11,143.7081298828125,144.014963820264,142.4537075898341,143.1215210101127,186100,0.005493776929467842,1.0,0.008473602202408611,0.0696342726123389,3,8
2016-08-12,143.24781799316406,143.50050630195653,142.02046887739493,143.50050630195653,181000,-0.0032031026360429538,-0.0,0.008464655837792453,0.0748568644518599,4,8
2016-08-15,142.37246704101562,142.9500424415082,141.3887863038536,142.9500424415082,275800,-0.0061107454508676495,-1.0,0.008147786216440064,0.08082497347699213,0,8
2016-08-16,140.84725952148438,142.77852776819805,140.65773643094042,142.08362813017433,273300,-0.010712798276452218,-1.0,0.008364835935633124,0.06594603758729023,1,8
2016-08-17,141.0638427734375,141.37067656974517,139.81844072074625,140.55846622175935,278700,0.0015377171887400731,0.0,0.008796204082265457,0.04604550483559566,2,8
2016-08-18,142.07469177246094,142.72446599761676,141.04588487771215,141.49711621348771,255300,0.0071658972217776284,1.0,0.00851601244718605,0.03543972665921613,3,8
2016-08-19,141.86708068847656,142.28221943440747,141.19926735306456,141.6053726622578,221900,-0.0014612812556149546,-0.0,0.008590920702886674,0.04258318124574423,4,8
2016-08-22,143.01321411132812,143.01321411132812,141.2714545615263,141.2895076648175,277000,0.00807892442199698,1.0,0.00846442251930356,0.046673877601289604,0,8
2016-08-23,143.03125,143.7351694683233,142.93197859957075,143.45540836815397,220200,0.0001261134419217047,0.0,0.00841642665385715,0.04538544299180658,1,8
2016-08-24,143.27487182617188,143.9878245657261,142.51680699995677,142.93194560696688,206700,0.0017032769144635918,0.0,0.008425060026302418,0.042354155479492395,2,8
2016-08-25,143.96983337402344,144.06008512710875,142.7063914537339,143.4103110622501,186300,0.004850547335995659,0.0,0.007642444797723968,0.02617787657903481,3,8
2016-08-26,143.75323486328125,145.27839857800743,143.17565945710226,144.41204235398092,188700,-0.0015044714970217088,-0.0,0.00714418220236122,0.017151591718379322,4,8
2016-08-29,145.03472900390625,145.5671784806312,143.21175121780786,143.9427435113595,176500,0.008914541240367724,1.0,0.006530490046171649,0.0020129575500584806,0,8
2016-08-30,146.36134338378906,146.38842992425657,144.60154448239453,145.34157024992018,233400,0.009146873917674547,1.0,0.005985786090586309,0.024936317514945072,1,8
2016-08-31,145.3596649169922,146.34334589564642,144.4030429455762,146.19894856745302,167300,-0.006843873140534584,-1.0,0.006168403734768852,0.03675780186446853,2,8
2016-09-01,146.9027862548828,147.15547455280108,144.98053748741657,145.9551982524496,197300,0.010615883978350116,1.0,0.006023473609776713,0.03869256958433387,3,9
2016-09-02,147.24571228027344,148.02183019882244,146.65008401872876,147.75108882807686,190500,0.002334373868141837,0.0,0.0063213863495743495,0.04782712990637994,4,9
2016-09-06,146.41546630859375,147.58865610431906,145.53104347395063,147.58865610431906,202500,-0.0056385069474849114,-1.0,0.006246092371436604,0.04348909785330868,1,9
2016-09-07,146.1085968017578,146.713258478442,145.1519892555065,146.09055747594465,370300,-0.0020958817710498012,-0.0,0.006142229435607278,0.02677044496991332,2,9
2016-09-08,146.30718994140625,147.10136120600535,145.77474046649664,146.03646225618607,276600,0.0013592159804114434,0.0,0.006138003940616779,0.020035268942195872,3,9
2016-09-09,140.5224609375,145.1159923787876,139.60194520727873,144.9715950543437,670500,-0.03953824146457152,-4.0,0.005878699839231944,0.028353876698624214,4,9
2016-09-12,141.28045654296875,141.74974073067511,139.60187634317285,139.7643129251789,393000,0.0053941241877757395,1.0,0.010630001339825834,-0.016795639142408003,0,9
2016-09-13,140.10731506347656,140.80221510342443,139.4665605748648,140.11633473187055,357500,-0.008303635960684952,-1.0,0.010627095809930905,-0.016893082818789762,1,9
2016-09-14,140.296875,141.07299357017664,139.56586855409188,140.65785461708646,243700,0.0013529624519430516,0.0,0.010743463930562965,-0.02192356556410069,2,9
2016-09-15,141.18121337890625,141.5241534812338,139.29507035707022,140.56753181529288,180300,0.006303336256821446,1.0,0.010689227084536509,-0.01457860556997781,3,9
2016-09-16,140.19754028320312,141.4429290395802,139.76434841356604,140.99169783657084,542400,-0.006967450358024041,-1.0,0.01053156901499594,0.0023710355356323376,4,9
2016-09-19,141.20826721191406,142.14682187863065,140.29678531064732,140.95557888739495,488100,0.007209305717270409,1.0,0.010639192638193467,-0.006141208641435747,0,9
2016-09-20,140.83827209472656,142.27318392587267,139.71922759417708,142.27318392587267,314500,-0.0026202086074198494,-0.0,0.010640707252874594,-0.006098373677519531,1,9
2016-09-21,142.273193359375,142.68833212678663,140.79315555851142,141.68659830135263,394700,0.010188432755574572,1.0,0.010650378696968488,-0.00725191911158829,2,9
2016-09-22,143.32003784179688,144.1773742857536,142.35441032674558,143.49150788468464,347900,0.0073579882316803236,1.0,0.010742822409722819,-0.005174492137328346,3,9
2016-09-23,141.8580780029297,143.14859272647396,141.59635617489946,142.7695601411571,483100,-0.010200666012110338,-1.0,0.010868676146698869,0.00201905417030801,4,9
2016-09-26,141.65953063964844,142.20101361310807,140.7390150929607,141.1451204378134,369500,-0.0013996197190627724,-0.0,0.011091924998003572,-0.00988864135897538,0,9
2016-09-27,142.31825256347656,142.78753665234353,141.3345723027845,141.74067744274683,278800,0.004650036046665917,0.0,0.011027277364250318,-0.01604713070947994,1,9
2016-09-28,142.56263732910156,142.86126582575983,141.3047854354925,142.70742941380857,187200,0.0017171709265892954,0.0,0.011086764557023815,-0.00998226092908061,2,9
2016-09-29,141.24143981933594,142.8069644513987,140.51749324344826,142.58073200944207,330500,-0.009267487853186096,-1.0,0.010893394246965225,-0.01704482568956367,3,9
2016-09-30,142.10110473632812,142.81600690697846,140.9518401910854,141.9834594608242,347300,0.006086492166122115,1.0,0.010796695438792898,-0.03498125561083232,4,9
2016-10-03,143.1146697998047,143.41329834806524,141.1509734140934,142.32738514138586,459900,0.00713270361519891,1.0,0.01085350450483105,-0.022417224080179765,0,10
2016-10-04,144.03761291503906,144.27288959133784,142.72546802868166,143.25937306804832,323400,0.006448976310572618,1.0,0.010692175137112871,-0.02578655280578257,1,10
2016-10-05,144.110107421875,145.64848571278893,143.9019773810447,144.4630295816031,267700,0.0005033026122052142,0.0,0.010797132320606726,-0.021787387323903507,2,10
2016-10-06,146.95155334472656,147.46736997153022,143.1779976413312,143.8385925455745,404800,0.019717186904409045,2.0,0.010748047126999364,-0.015745323529276933,3,10
2016-10-07,146.10089111328125,147.0963192643589,144.80684832501112,146.85198438943422,351200,-0.005788725686007412,-1.0,0.011624635923435735,0.005769383605213063,4,10
2016-10-10,147.48544311523438,148.0103040141373,146.10090173687036,146.10090173687036,321200,0.009476684169431815,1.0,0.011697695793020067,-0.0014100388928774965,0,10
2016-10-11,144.51730346679688,147.62122022976632,143.36803861798884,147.62122022976632,391000,-0.020124966815324385,-2.0,0.007579465221447183,0.049550670627888316,1,10
2016-10-12,144.00149536132812,145.46747733955308,143.6576175903829,144.35441746009096,541900,-0.0035691788671330382,-0.0,0.008980367203285064,0.02291079037420629,2,10
2016-10-13,143.94720458984375,144.5806527527995,142.76173483214913,143.39519680323923,263000,-0.00037701533132106224,-0.0,0.008789418998354333,0.027794268244218934,3,10
2016-10-14,142.63499450683594,146.8610139447836,142.38161533170504,144.9425676736126,579100,-0.00911591223147934,-1.0,0.008797426055782216,0.02601860939414191,4,10
2016-10-17,140.46319580078125,143.26848352708785,136.6443911810059,143.25942539245412,1352100,-0.015226268375188923,-2.0,0.008996723757668789,0.0102972703884332,0,10
2016-10-18,137.28689575195312,140.35460699188224,136.7891816376011,138.33660374715788,732300,-0.022613041307511406,-2.0,0.009506743959916578,0.0018948657518633727,1,10
2016-10-19,135.28697204589844,137.54929599315426,135.1783849150316,137.25971190000334,1002600,-0.014567477071286583,-1.0,0.010565357768155684,-0.027770126617842172,2,10
2016-10-20,134.75308227539062,135.66705628338394,133.80290334755992,135.28698747387787,564500,-0.00394635020973555,-0.0,0.010955217001684562,-0.039416132889605215,3,10
2016-10-21,135.78469848632812,135.92949054613726,132.74413427099057,133.7124018286861,365200,0.007655603816387746,1.0,0.010606905999186778,-0.05285683765450422,4,10
2016-10-24,135.4951171875,137.34118146817138,135.4589260758597,137.34118146817138,213400,-0.0021326504536686164,-0.0,0.010620966100122699,-0.052577012042004934,0,10
2016-10-25,131.5225067138672,134.91599379659957,131.4320220098749,134.91599379659957,511800,-0.0293192150100543,-3.0,0.010473945132038129,-0.04485441298096737,1,10
2016-10-26,131.77589416503906,133.1332890824643,131.22388634629405,131.49536809140614,513900,0.0019265710295739424,0.0,0.012032545953662075,-0.07155906757567676,2,10
2016-10-27,131.22386169433594,132.17404071965822,130.2013004381744,132.06545356526684,326700,-0.0041891764362588235,-0.0,0.011955192319605708,-0.07407594042609122,3,10
2016-10-28,132.49978637695312,133.81193149573426,131.25097914803328,131.31433084602403,352100,0.009723267294093452,1.0,0.011893417992587732,-0.07953539473733506,4,10
2016-10-31,132.0201873779297,132.9432194962377,131.44103294858814,132.90701457733027,329200,-0.0036196209227010723,-0.0,0.01218107998801372,-0.061891562798881083,0,10
2016-11-01,130.59950256347656,132.49080292542018,130.53615083637868,131.83019409198144,380300,-0.010761117997705738,-1.0,0.012003240148951218,-0.07094186478777775,1,11
2016-11-02,128.07473754882812,131.57681211410778,128.04759075437912,130.33706247381716,427400,-0.019332118155819922,-2.0,0.011850158363385127,-0.08744852818956228,2,11
2016-11-03,129.015869140625,129.29639521482582,127.56797570251962,128.22857069739268,364600,0.0073482999833442975,1.0,0.012017243297408501,-0.11082435374450894,3,11
2016-11-04,130.8709259033203,133.1061033175763,128.5905130515691,129.28729896331643,438300,0.014378516186046353,1.0,0.01227845316573956,-0.10474101054593199,4,11
2016-11-07,131.2962646484375,133.00658146084382,130.34608557307104,133.00658146084382,299100,0.003250062931711817,0.0,0.011782377933960411,-0.10942808752544098,0,11
2016-11-08,133.2599334716797,133.5223707991557,130.97046259303667,130.97046259303667,435900,0.014956014388529448,1.0,0.011933014727975984,-0.1013315274946871,1,11
2016-11-09,132.54507446289062,134.53591734465934,129.99316569208878,131.52249932745298,658300,-0.00536439566016278,-1.0,0.012319183757200878,-0.09645365225936176,2,11
2016-11-10,130.9976043701172,133.86622955488733,129.1877451639685,133.1513412440357,1024100,-0.011675047896304025,-1.0,0.011808315314681484,-0.08284287567444748,3,11
2016-11-11,132.8979949951172,133.21472595793867,130.44562908745377,130.98859250710964,432100,0.014507063958442146,1.0,0.011923982272719735,-0.09030386079381758,4,11
2016-11-14,134.87977600097656,134.87977600097656,131.50439204985807,133.27804654842902,480400,0.014912045933666462,1.0,0.012600044523140532,-0.07675876461935927,0,11
2016-11-15,136.77114868164062,137.20551130756965,134.6174104058386,134.6174104058386,430400,0.014022655855021382,1.0,0.013163890592110056,-0.05437107865901514,1,11
2016-11-16,136.40911865234375,137.34119521182913,135.95665376684084,136.6805865371395,226700,-0.002646976594015249,-0.0,0.013305053395816998,-0.026284800784235673,2,11
2016-11-17,139.322998046875,139.74830234928066,136.1738324018489,136.88873467621502,361700,0.02136132410588809,2.0,0.012378200481460159,-0.006393742788061263,3,11
2016-11-18,137.73028564453125,140.14644607720373,137.67599207653663,139.16912042890976,232100,-0.011431798229089796,-1.0,0.012774387005007137,0.029833072171999486,4,11
2016-11-21,138.57191467285156,138.94292542339153,136.78014359794864,138.29138862394873,252100,0.006110704151826685,1.0,0.013035110932410358,0.022093768237940514,0,11
2016-11-22,139.2415771484375,139.48591211904463,138.0289742409056,138.55383530718126,236600,0.004832598850690095,0.0,0.01300070950537831,0.02052673252284065,1,11
2016-11-23,138.43614196777344,139.15104416502112,137.5402703998546,139.0424432112344,350000,-0.00578444453990512,-1.0,0.013004334845810246,0.027650147390574142,2,11
2016-11-25,138.89764404296875,139.4315491729066,138.30943154024746,138.30943154024746,133000,0.003333682004102334,0.0,0.011101226994674387,0.05256617613704062,4,11
2016-11-28,136.3638458251953,138.5899649444249,136.2371562314841,138.5899649444249,225600,-0.018242197232586577,-2.0,0.01110183197299547,0.054044405640763404,0,11
2016-11-29,136.9158935546875,137.57648850056418,135.63993911041004,136.26434293667918,437800,0.004048343797811826,0.0,0.011922707146084132,0.03916958443756302,1,11
2016-11-30,134.5359344482422,140.61706483672342,134.1468211963782,137.22357751315735,302500,-0.01738263575290988,-2.0,0.011800181383719254,0.03332916451027956,2,11
2016-12-01,133.75765991210938,134.90692452457523,132.345971756013,134.3549168421907,497700,-0.005784882227374166,-1.0,0.012469468260346787,0.019055775637636163,3,12
2016-12-02,134.18296813964844,135.1150445796542,132.93416079713825,133.58571125339307,373300,0.0031796924962541606,0.0,0.012281183659846607,0.024182001360210537,4,12
2016-12-05,135.20558166503906,136.1286002347818,133.93867150149202,134.91599746486787,352300,0.007621038195595453,1.0,0.011345270910871733,0.04769270433594741,0,12
2016-12-06,138.56280517578125,138.85238925320112,135.0878790955157,136.04710218774358,592900,0.024830509727471473,2.0,0.011351514568182928,0.04797636574201114,1,12
2016-12-07,141.9653778076172,142.08300928078896,137.6488592099176,138.97910699280533,424300,0.024556176006392372,2.0,0.012111496720437194,0.0587745461367275,2,12
2016-12-08,142.1192169189453,142.67122460680682,141.38622604663274,141.38622604663274,265000,0.001083638234222084,0.0,0.013010719742328654,0.08125983772461165,3,12
2016-12-09,142.3997344970703,142.84315500964038,141.19617636992103,141.82058005622932,186300,0.0019738187713558286,0.0,0.01276625488307023,0.06648122369915788,4,12
2016-12-12,141.42242431640625,142.5716889984291,140.83422548514375,142.3726033430194,214500,-0.0068631460874259975,-1.0,0.012621238944063053,0.07434950015391739,0,12
2016-12-13,142.75265502929688,142.98793177188873,140.66226970694854,141.5581412404516,385200,0.009406080537231354,1.0,0.012373273225474138,0.07958023351965315,1,12
2016-12-14,144.94256591796875,148.92426426546575,141.1509088535827,141.1509088535827,637300,0.015340596559989983,2.0,0.012199890291273961,0.074152059514079,2,12
2016-12-15,142.34544372558594,145.92895758373348,142.08300638159216,144.68920832070407,361100,-0.01791828491467906,-2.0,0.01222030584415951,0.07460562447048646,3,12
2016-12-16,142.2459259033203,143.34088329367248,142.13733873948604,142.2459259033203,598600,-0.0006991289616370411,-0.0,0.012818637049909492,0.040756366365837016,4,12
2016-12-19,142.0015411376953,142.8340746538724,140.98802447593695,142.06489283311967,293400,-0.001718044042899991,-0.0,0.01279048304733484,0.04278898147456278,0,12
2016-12-20,142.49929809570312,142.75267733751525,138.29138000805654,140.3093696153936,295600,0.003505292646966085,0.0,0.01201869814430336,0.01922541955290913,1,12
2016-12-21,143.59423828125,144.08290805218866,142.3454446837953,142.50832540202055,173700,0.007683828623573419,1.0,0.011685047284795028,0.03462573557336723,2,12
2016-12-22,141.2776336669922,143.96527623407053,141.20523762718992,143.83858661644973,202500,-0.01613299142073099,-2.0,0.011719814826682105,0.03624344529160495,3,12
2016-12-23,141.42242431640625,142.1101659753736,140.65322848340213,141.46767356684165,159100,0.00102486604323615,0.0,0.012322648170734482,0.014622475271047541,4,12
2016-12-27,142.52642822265625,143.09653835414895,141.78437923829233,141.78437923829233,143200,0.007806427527928594,1.0,0.012230976498780457,0.021571551375131337,1,12
2016-12-28,140.59364318847656,142.77141445619324,140.30326630161724,142.6080878417839,110600,-0.0135608887297749,-1.0,0.012310722981694893,0.026125599211495043,2,12
2016-12-29,141.00196838378906,141.9456655395046,139.967524992785,140.60270710201004,154200,0.0029042934378271656,0.0,0.011977008229918536,0.031018466351436125,3,12
2016-12-30,138.9875030517578,141.87306398271247,138.5247305511206,141.63712934456336,266800,-0.014286788724453436,-1.0,0.011967549232259915,0.029843685221756067,4,12
2017-01-03,139.4412384033203,140.14901478800314,136.51938662206751,140.14901478800314,372900,0.003264576610125358,0.0,0.011740627894136612,0.03308832411037521,1,1
2017-01-04,140.6299591064453,142.3358890140357,139.80422910596673,139.80422910596673,227000,0.008524886301473744,1.0,0.011620839217568577,0.042491611283761666,2,1
2017-01-05,139.0420379638672,140.53018560959106,137.69000974152007,140.47574337861585,255100,-0.011291485489064224,-1.0,0.011705106063898378,0.048046268883300325,3,1
2017-01-06,137.8441925048828,139.20530292403092,137.363267931125,139.01474137314048,257200,-0.008614987787331385,-1.0,0.011999285096922607,0.02837498460923471,4,1
2017-01-09,136.5647735595703,138.39773984566995,136.16551220557494,137.78977872788028,296100,-0.009281631108740251,-1.0,0.010903692867691528,-0.0051861873753695775,0,1
2017-01-10,136.33792114257812,137.5629263051945,135.94774272312688,136.18366359214852,307400,-0.0016611342081802594,-0.0,0.00946969557971155,-0.03804169954286629,1,1
2017-01-11,137.30885314941406,137.37236444843955,135.5484811070984,136.274395732193,271100,0.0071215110124831504,1.0,0.009446785227556232,-0.040679198082441026,2,1
2017-01-12,134.759033203125,137.41774339870048,133.87884714465883,137.41774339870048,415300,-0.01856996025969604,-2.0,0.00961845759181563,-0.03575063791822586,3,1
2017-01-13,135.54847717285156,136.43773225493587,134.00587402446422,135.4214407325538,462500,0.005858189621593901,1.0,0.010251801958011076,-0.04711693457024291,4,1
2017-01-17,137.04571533203125,137.57201319651665,134.27812046100271,135.21274881722837,311400,0.011045776318611145,1.0,0.010077948139657162,-0.0504661566887622,1,1
2017-01-18,137.39051818847656,137.8260697381748,136.2925494584794,137.29977193623628,255100,0.0025159696208665316,0.0,0.009737452163139287,-0.054482618932017335,2,1
2017-01-19,137.32696533203125,138.29789742053177,136.37418525950278,137.0547404761758,257200,-0.0004625709057893834,-0.0,0.009134465146681233,-0.03480916148367552,3,1
2017-01-20,137.72625732421875,137.84422468544977,136.62830241683653,137.33607889235375,264700,0.0029076007849011543,0.0,0.009135836694333568,-0.034580678076026716,4,1
2017-01-23,137.09109497070312,137.64461397118214,136.40147041516224,136.5375759702241,209400,-0.004611773861104784,-0.0,0.009189328641308914,-0.03010730573220277,0,1
2017-01-24,141.6644287109375,142.5718360459467,137.5175843898327,137.85332067308624,433700,0.03335981626823914,3.0,0.009142647413351204,-0.03795248957203867,1,1
2017-01-25,143.3703155517578,143.74235576956792,141.9547627527986,141.9547627527986,269700,0.01204174439796124,1.0,0.011803974703801007,-0.01343932453983765,2,1
2017-01-26,141.53732299804688,143.470104106803,141.47381171555315,142.58084923037842,266300,-0.01278502140876725,-1.0,0.01154595597182196,0.0148125490953388,3,1
2017-01-27,142.2542266845703,143.26144920253705,140.76607947158598,141.46477302717932,354000,0.0050651211379300065,1.0,0.011917625114505863,0.00081245023337706,4,1
2017-01-30,142.08177185058594,142.7532579306625,139.01473214565738,141.11992276691564,355100,-0.001212300245860276,-0.0,0.011843846168546834,-0.0019098320324192342,0,1
2017-01-31,142.2904510498047,142.9437850211414,139.3504620247177,141.32860210476125,360000,0.0014687260476888842,0.0,0.011437771262608825,0.010584608438622078,1,1
2017-02-01,142.63531494140625,143.86938907058192,141.21067924147533,143.1706817723895,263500,0.00242366152512119,0.0,0.011427366243770585,0.009138047367597935,2,2
2017-02-02,141.0201416015625,142.74420956379532,140.6481013652497,142.46291557641422,264200,-0.011323796918787266,-1.0,0.010916989806466776,0.026245610645224904,3,2
2017-02-03,142.68975830078125,143.12530980696857,141.6190246301681,141.8821665818828,342700,0.011839561925388375,1.0,0.01124435670623803,0.011323072114974853,4,2
2017-02-06,142.77139282226562,143.8512092070112,142.0817685893705,142.3902836004607,567100,0.0005721119893713489,0.0,0.011383623475286542,0.01464694441656511,0,2
2017-02-07,145.4573974609375,147.20868695808846,141.38313357330622,147.0090562382352,585300,0.018813325173731688,2.0,0.011045306700447798,0.02682177931948604,1,2
2017-02-08,148.20675659179688,148.43360829529635,145.86564535017067,145.86564535017067,452900,0.018901473413187597,2.0,0.011426996843559599,0.055230509299729835,2,2
2017-02-09,148.76934814453125,149.25935559019084,147.79843002890573,148.2067603363357,235900,0.0037959912602629764,0.0,0.01161218723423683,0.08524879973639954,3,2
2017-02-10,148.12509155273438,149.65859741970522,146.26490483681488,149.08694054886757,295300,-0.004330573467129617,-0.0,0.011540781071672567,0.09118099276981573,4,2
2017-02-13,146.19235229492188,149.01438881123684,146.11068898237568,148.95994660287272,306400,-0.013048020680037298,-1.0,0.01166704582323908,0.07877305909437982,0,2
2017-02-14,145.33029174804688,145.6660278687806,144.60436346225228,145.62973768515954,249900,-0.005896755427643119,-1.0,0.011193068670210164,0.08484269158092883,1,2
2017-02-15,144.5680694580078,145.21232058325066,142.79861498129313,145.21232058325066,424500,-0.005244758548757944,-1.0,0.011384868157040226,0.07216469545962911,2,2
2017-02-16,152.1812744140625,154.98515946450715,144.7949800293759,145.0762740586137,1793200,0.0526617321833025,5.0,0.011391761998928274,0.05488937839283459,3,2
2017-02-17,147.48085021972656,148.7149242234209,145.49362678732837,147.10881004784912,731700,-0.030887007698113922,-3.0,0.01578126562387427,0.10765485435680144,4,2
2017-02-21,149.8037872314453,150.00341783770818,147.68952769851876,148.19768714368826,329200,0.01575077041024575,2.0,0.0175993446591484,0.07393948350307666,1,2
2017-02-22,148.8419952392578,150.59329825667453,148.14328784970252,148.89643745346885,181600,-0.006420344972330683,-1.0,0.017798002736570992,0.08769228280701102,2,2
2017-02-23,149.29571533203125,150.11237632739378,147.68960060548656,149.2684942219149,314600,0.0030483338525804093,0.0,0.017846877771756666,0.08571599979609101,3,2
2017-02-24,150.5751495361328,150.65681285923884,148.30663158806752,148.65145074687254,250900,0.00856979854549822,1.0,0.016537589763987573,0.05386875654343104,4,2
2017-02-27,151.74566650390625,153.21567523754473,150.3391829053819,150.3391829053819,290900,0.007773639749848238,1.0,0.016455948882988913,0.050253317478219595,0,2
2017-02-28,149.37738037109375,151.89997147426195,149.26849592938282,151.07424138139382,613600,-0.015606944088591423,-2.0,0.016111273688248634,0.07212474624802856,1,2
2017-03-01,151.9816131591797,153.2247563981884,150.86549250854603,150.8745754405249,512700,0.017433916578375674,2.0,0.016630420115746197,0.05007340627085943,2,3
2017-03-02,151.83641052246094,152.58047704077393,151.02881886996195,151.68215299849277,277500,-0.0009553960752256563,-0.0,0.016919831260515078,0.06967706820973829,3,3
2017-03-03,152.0905303955078,153.48793147444437,151.4553480869003,152.11775150545273,257600,0.0016736425220569284,0.0,0.016941544321270742,0.06708784322649275,4,3
2017-03-06,151.10142517089844,151.46438245091122,150.2484603323424,151.46438245091122,254100,-0.0065033978252112545,-1.0,0.016944123860703836,0.06628944212017696,0,3
2017-03-07,150.40269470214844,151.61861663342904,150.29381030410258,150.9199232847274,205300,-0.00462424803710304,-0.0,0.01676933486784237,0.07148825305976181,1,3
2017-03-08,150.17588806152344,151.6549661933723,149.95810535411826,150.0670036307882,177100,-0.0015079958578810837,-0.0,0.016741139663117386,0.05405388931354693,2,3
2017-03-09,151.11956787109375,152.07234806709357,150.09420729366263,150.16680152102705,220300,0.006283830392157963,1.0,0.016760140512430983,0.051862597211442596,3,3
2017-03-10,151.8092041015625,152.9343799960061,150.9108661264764,151.43716388346223,238100,0.004563513780406092,0.0,0.016370451973796503,0.03892665831366071,4,3
2017-03-13,152.807373046875,153.17034424893814,151.1558990767784,152.1086794440327,278800,0.006575154327564503,1.0,0.015920757164413917,0.024306904709397115,0,3
2017-03-14,152.82546997070312,153.77824999445417,151.63676913511864,152.5078858600732,241700,0.00011842965079034151,0.0,0.01595437798025445,0.02714285538456984,1,3
2017-03-15,155.76548767089844,156.1375278608837,152.3082692444824,153.35178174758732,234600,0.019237746828188573,2.0,0.015903997195772318,0.031732492913230326,2,3
2017-03-16,156.17381286621094,156.62751634745075,152.16307575356262,152.16307575356262,260700,0.002621409924740359,0.0,0.015976773674872803,0.06548314754977169,3,3
2017-03-17,156.1012725830078,156.46422995503426,155.00331753276927,156.08312056062562,400600,-0.00046448429395307134,-0.0,0.015843315051105075,0.07461294536560237,4,3
2017-03-20,155.7563934326172,156.94510813719853,154.93973273694417,156.23731799610275,145400,-0.002209329524890502,-0.0,0.01574466165830914,0.07977697404577988,0,3
2017-03-21,153.03421020507812,156.7908752496866,152.99792001131388,156.2555083545748,404900,-0.017477184515810706,-2.0,0.011092260056012365,0.023492502821518713,1,3
2017-03-22,154.20480346679688,154.96702229895158,152.3990579003461,153.14313855502348,173200,0.007649226013909383,1.0,0.009413803111601839,0.0376547868898085,2,3
2017-03-23,154.80364990234375,156.028641125214,154.24104811017114,154.24104811017114,145500,0.0038834486480561203,0.0,0.008969169816234279,0.02937853786401301,3,3
2017-03-24,153.93251037597656,156.03770109038678,153.5514011285604,154.8308482172702,183200,-0.005627383636734207,-1.0,0.008799153396225216,0.040053579324187405,4,3
2017-03-27,154.25015258789062,155.14847684095386,152.14496126956834,152.38088215347625,405800,0.0020635160898645477,0.0,0.008945423260886726,0.031057790463933754,0,3
2017-03-28,153.89620971679688,154.88527987581665,153.03416211900634,153.85083660439793,234000,-0.0022946030532584594,-0.0,0.008799642793803505,0.024406438001749686,1,3
2017-03-29,153.4596405029297,153.61429020068854,152.2588114881444,153.5142211161231,189900,-0.0028367769074402194,-0.0,0.008696436218754178,0.014172023903135766,2,3
2017-03-30,153.0411376953125,153.75071329785771,152.22240088656957,153.37774121630548,273100,-0.0027271196924848473,-0.0,0.007909567779846216,0.027328502626666085,3,3
2017-03-31,152.195068359375,153.53234828879653,152.1131974774413,153.12297999800194,296100,-0.005528378504490283,-1.0,0.007029814882378638,0.006971399461480399,4,3
2017-04-03,151.3399658203125,153.80529595943705,150.62129813286973,152.8318956752303,297600,-0.0056184641741700014,-1.0,0.0071423436997128525,0.0023621332701422304,0,4
2017-04-04,150.8941650390625,152.0040165550921,150.46659860840558,151.24895272821126,197000,-0.002945691039598297,-0.0,0.007240469215721448,-0.004934985585515972,1,4
2017-04-05,149.63877868652344,152.05860604806918,149.23850252534442,151.45820568742707,240000,-0.00831964809384167,-1.0,0.007126593668961281,-0.0013716623228504643,2,4
2017-04-06,150.33013916015625,151.68561712164944,149.66605226570985,149.84799216925512,223000,0.004620195912458769,0.0,0.007289186410478478,-0.005079137824876234,3,4
2017-04-07,149.74795532226562,151.61287096692195,149.19302947446306,149.79344377820902,294600,-0.003872702048591803,-0.0,0.0073572768471523,0.0010271362508582627,4,4
2017-04-10,151.32171630859375,152.0585819059886,149.75700822575254,149.75700822575254,251300,0.010509398829128047,1.0,0.007261906551144841,-0.009076339802652988,0,4
2017-04-11,152.74090576171875,152.8227905342363,150.23919339653727,151.5218928861555,219500,0.009378623820462284,1.0,0.007574654589174548,-0.0032111873311885253,1,4
2017-04-12,150.53033447265625,152.51350377351096,149.966316392804,152.09504322430774,210900,-0.014472686789687272,-1.0,0.007721933861859563,-0.00043497433291950216,2,4
2017-04-13,150.3119659423828,151.7220247207574,149.857109167496,150.53939432982622,324300,-0.0014506612971959543,-0.0,0.008342944389896632,-0.015018016947612622,3,4
2017-04-17,152.21327209472656,152.33152541258968,150.81230550725698,151.14889506607196,225900,0.012649067161243588,1.0,0.006983168935433325,-0.035011104257175574,0,4
2017-04-18,152.02223205566406,152.2860428777456,150.8668919592331,151.70382676037823,159100,-0.0012550813502228975,-0.0,0.007606481605370263,-0.025359826329381163,1,4
2017-04-19,152.64085388183594,154.18737825917637,151.87669771398515,152.386135159219,249500,0.004069285247340515,0.0,0.007604642312601736,-0.026130732055209216,2,4
2017-04-20,154.02362060546875,154.58763864388305,152.73182884840844,153.60516008700947,221800,0.009058955636498611,1.0,0.007687291705578226,-0.02000264311544353,3,4
2017-04-21,156.86187744140625,157.14390026012205,151.8220712314183,153.90530884348755,330800,0.018427412787598962,2.0,0.006980377139098246,0.006465289029588428,4,4
2017-04-24,153.12306213378906,154.16922764711197,146.5640183006578,154.16922764711197,1254200,-0.02383507942529739,-2.0,0.007883286499853925,0.01723081197779619,0,4
2017-04-25,153.62332153320312,154.6513022785447,151.94945194589408,153.13208232777896,593300,0.0032670415053284163,0.0,0.009502950145972406,-0.010856254162061818,1,4
2017-04-26,152.3497314453125,154.5057481468015,151.13071860284944,154.27831975614222,498000,-0.00829034338783885,-1.0,0.009460014978892784,-0.002008600015800721,2,4
2017-04-27,153.0775146484375,153.3868139476138,151.08523960064193,151.91308232590342,332000,0.004777056029050097,0.0,0.009612769079158541,-0.01232038419861714,3,4
2017-04-28,150.45750427246094,153.85073149407972,150.3483431023567,153.0047046635211,468000,-0.017115579528409253,-2.0,0.009672133670486886,-0.005319787081604854,4,4
2017-05-01,151.44912719726562,153.47779866643387,149.79345554367922,151.29447753981347,318600,0.006590717622226183,1.0,0.01034459490150934,-0.01956303442800933,0,5
2017-05-02,150.52120971679688,151.86758188073685,149.85710883253498,151.86758188073685,283300,-0.006126925243089221,-1.0,0.010461000837635466,-0.010402500412773907,1,5
2017-05-03,151.6492919921875,151.86762830759767,149.7479934276423,149.7479934276423,232500,0.007494507103105841,1.0,0.010476346187962329,-0.010998113543506438,2,5
2017-05-04,152.70452880859375,152.78639970292306,150.93059002581768,152.40432164825808,263800,0.006958402525615526,1.0,0.010544954884543423,0.00204391596230602,3,5
2017-05-05,152.69541931152344,153.54144621900826,151.95853970294183,152.76818417745892,249300,-5.9654400176523126e-05,-0.0,0.010620767608324434,0.01199757306097693,4,5
2017-05-08,151.93124389648438,152.77728465440492,151.43091258541304,152.54075026475184,170500,-0.005004573277211599,-1.0,0.010424194883370232,0.02042679479096332,0,5
2017-05-09,151.8766632080078,153.4322793716065,151.42180646651565,152.09499944112946,300300,-0.00035924597914660517,-0.0,0.010469263891920436,0.010650590395731463,1,5
2017-05-10,153.0411376953125,153.12302248109077,150.94879332936608,151.81303248219805,307100,0.007667237761932233,1.0,0.010422905274387606,0.014215271795605444,2,5
2017-05-11,152.4588623046875,152.84094025925916,150.22097515917852,152.60441977722658,205400,-0.003804698523505734,-0.0,0.01030730503889515,0.01136268758155179,3,5
2017-05-12,151.17625427246094,152.36799118129105,150.87606089086262,152.36799118129105,176400,-0.008412813875413039,-1.0,0.010145395497332597,-0.00184654828138342,4,5
2017-05-15,152.7227325439453,153.62334017670725,151.15802394992266,151.15802394992266,314200,0.010229637444894024,1.0,0.009794435597337737,0.0042909610349801675,0,5
2017-05-16,156.48890686035156,157.3349336805267,153.33220017307676,153.44136134184123,609500,0.02466020777438982,2.0,0.01002204865015048,0.016038421069461517,1,5
2017-05-17,155.8430633544922,156.4889662373842,154.66043268002247,156.4889662373842,476500,-0.00412708810366802,-0.0,0.011024348193819021,0.028089763177577165,2,5
2017-05-18,156.1977996826172,157.7443098020241,154.1054559299486,155.26988805852267,382800,0.002276240728906087,0.0,0.011076336799912014,0.02513337192305598,3,5
2017-05-19,159.6456298828125,160.5371452415691,156.72544338943783,157.01655837743073,410600,0.022073487636836475,2.0,0.011060345291122337,0.023302711628793604,4,5
2017-05-22,159.8275909423828,160.84646577282177,159.5273837767438,160.72819855817136,217200,0.0011397810244093698,0.0,0.011860964130525016,0.0365009552122173,0,5
2017-05-23,159.5455780029297,161.39229552813774,159.1998823877838,160.10050386249796,267700,-0.0017644822010411954,-0.0,0.01123062007101014,0.01890652814661342,1,5
2017-05-24,159.71836853027344,161.0283440039738,159.21802344598345,159.76384308974448,258100,0.0010830167122561907,0.0,0.009727043393475838,0.04194349159193966,2,5
2017-05-25,160.24603271484375,161.07387535839615,159.2271580034727,160.00042005621978,344400,0.0033037163441240747,0.0,0.009724531146999537,0.03967527154236783,3,5
2017-05-26,159.28176879882812,160.18239036128116,158.0900460698363,159.62746444765182,272100,-0.006017396497618899,-1.0,0.009442121240564608,0.05183009641448377,4,5
2017-05-30,159.71836853027344,160.027667716517,158.02630126048024,158.64489963296737,264200,0.002741052756619844,0.0,0.009601655748527442,0.040530146864740324,1,5
2017-05-31,161.1103057861328,161.61063722853856,159.363643223767,160.37342601085516,1472400,0.008714947871481415,1.0,0.008551876653708655,0.06155136164589137,2,5
2017-06-01,161.75613403320312,162.45661722319522,160.21871619853684,161.64697286945744,337800,0.004008609157055476,0.0,0.00861028988147837,0.06379157653568579,3,6
2017-06-02,162.720458984375,163.37545385383515,161.6833860879176,162.6112977998407,230100,0.005961597419074982,1.0,0.008354308863263741,0.07464014099770111,4,6
2017-06-05,162.92062377929688,164.1396368101488,161.81987797182578,162.4839650884646,228100,0.0012301144931079477,0.0,0.008323998278897444,0.07300506877907376,0,6
2017-06-06,161.66517639160156,163.30264942665443,161.23760997790163,162.66585281511996,369500,-0.007705883752299081,-1.0,0.008295150878004729,0.0669010608291023,1,6
2017-06-07,162.61131286621094,163.8212336710348,161.14667335312188,161.3831939019028,346800,0.00585244451357636,1.0,0.008603808520341564,0.05874280394605913,2,6
2017-06-08,162.31109619140625,163.5847035392511,161.0738851603977,162.37478280530595,279300,-0.0018462225629510831,-0.0,0.008438722492122687,0.07029540926422762,3,6
2017-06-09,162.52943420410156,163.8303179819296,161.94721805858276,162.7568626028375,213700,0.0013451822938699287,0.0,0.008476883743972714,0.06870333310594012,4,6
2017-06-12,165.10394287109375,165.7589378394782,161.68341050705737,161.99272371183233,407200,0.015840261055478422,2.0,0.008422500449101575,0.06199834013047645,0,6
2017-06-13,167.88763427734375,168.6335921517122,164.47620854919856,165.1766918520932,379000,0.016860235787484523,2.0,0.008725860255638263,0.08294093485451293,1,6
2017-06-14,169.570556640625,170.65311770822365,167.91488562280392,167.91488562280392,326600,0.010024099574249323,1.0,0.008694599620129166,0.11054236054006439,2,6
2017-06-15,170.7714385986328,171.426433503026,168.53353702843475,168.56993334597212,348800,0.007081901373673372,1.0,0.008688580240943296,0.11031641338549125,3,6
2017-06-16,171.5810546875,171.70841401549825,169.73433749096245,170.88057144294677,386800,0.0047409338207311524,0.0,0.007463309207377393,0.09126865299804776,4,6
2017-06-19,173.80075073242188,174.473929775681,171.27174854891436,172.7181895474645,342000,0.012936719901649907,1.0,0.007215719309704806,0.10098615231406871,0,6
2017-06-20,173.98275756835938,174.30116293858373,173.0457535008346,173.10033410575753,358200,0.0010472154761731467,0.0,0.007415094569699482,0.11269653660661438,1,6
2017-06-21,174.5467529296875,175.19265572646458,172.91837160998404,173.8826658543912,403100,0.0032416738831519964,0.0,0.006355923406557512,0.08980595144427705,2,6
2017-06-22,171.6538543701172,174.21014726037257,171.57198348094315,173.80987107179655,332100,-0.01657377471086874,-2.0,0.006323065081680028,0.09209399891793946,3,6
2017-06-23,170.67135620117188,172.27244701941757,169.92538444239568,171.63565032358844,629100,-0.00572371749268652,-1.0,0.007700099856242158,0.07589227178057656,4,6
2017-06-26,169.71620178222656,171.69938505491172,169.43419272940284,171.66298873001983,292500,-0.005596454145588847,-1.0,0.007947011352510431,0.06857688174308119,0,6
2017-06-27,167.62379455566406,170.30746032615102,167.49643522847447,168.9064938459399,304200,-0.012328859617347532,-1.0,0.008174897749528974,0.059097681901647325,1,6
2017-06-28,168.30801391601562,168.80974790674247,167.29542856005986,168.39924333965894,428700,0.00408187490424794,0.0,0.008618107454049463,0.05237275941712993,2,6
2017-06-29,167.3410186767578,168.82797176173207,165.34321430163757,168.82797176173207,282500,-0.005745390351646229,-1.0,0.008625186583177454,0.05377994694526378,3,6
2017-06-30,167.52342224121094,168.73670071575833,167.2315132558647,167.4139581116624,478400,0.0010900110797429363,0.0,0.008683993297490457,0.038673583668173306,4,6
2017-07-03,167.73330688476562,170.26021170362245,167.54174457382223,168.30802165690852,250000,0.0012528674542744422,0.0,0.00867097027058955,0.03565421640717492,0,7
2017-07-05,169.51220703125,170.36969974261618,168.0343708272821,168.0343708272821,293800,0.010605527187909747,1.0,0.008616114304795816,0.030806500495871747,2,7
2017-07-06,167.76980590820312,171.03562179851514,167.41403340750844,169.0378170178233,336400,-0.010278912377830407,-1.0,0.008842378501222634,0.04045886333508353,3,7
2017-07-07,169.87704467773438,170.1598363690995,167.99783570445925,167.99783570445925,253800,0.01256029807106196,1.0,0.008998980725248627,0.03776094303583544,4,7
2017-07-10,168.49046325683594,170.85315784273237,168.19855414891177,170.37880380239858,363200,-0.00816226479292037,-1.0,0.00926494308182641,0.04468158877421602,0,7
2017-07-11,166.88491821289062,169.174631902614,165.0604411604609,168.18029524975708,389400,-0.009528996555122071,-1.0,0.009499829589722895,0.03807113136703011,1,7
2017-07-12,167.67849731445312,169.39350954382516,167.19501219355993,167.60551658983624,218000,0.004755247568567933,0.0,0.009818250680588569,0.02679812447583818,2,7
2017-07-13,167.76980590820312,168.8736068299953,167.0217635674491,168.01610031046033,187700,0.0005445456347259459,0.0,0.009281059718436926,0.015593537008195435,3,7
2017-07-14,167.6511688232422,168.73673472556794,166.93962399846035,167.88834579161846,174500,-0.0007071420528783623,-0.0,0.008519110234956183,-0.0007018287537841061,4,7
2017-07-17,168.14389038085938,168.6547419670364,167.3046182953837,167.83371855811325,185400,0.002938968818861465,0.0,0.0082038514126902,-0.011319110200543991,0,7
2017-07-18,167.7788848876953,168.0708078571812,166.58385481062578,167.89748033400562,255300,-0.002170792482184769,-0.0,0.008060725634576252,-0.015386344691684761,1,7
2017-07-19,168.24411010742188,168.87355678820347,167.74239015691123,168.3353395091433,253900,0.002772847250939625,0.0,0.007967722620899302,-0.022159613173666326,2,7
2017-07-20,166.54739379882812,168.82799010596227,166.4744130466412,168.7002633498938,210500,-0.010084848185831996,-1.0,0.007362194154223222,-0.03197132694527205,3,7
2017-07-21,166.40142822265625,166.7115859721198,165.54392180501193,166.18248597145296,425500,-0.0008764206562619226,-0.0,0.00756603414887402,-0.04273621060759325,4,7
2017-07-24,160.86415100097656,165.2611477239618,160.17997205260255,162.7707263297279,574900,-0.03327662076475957,-3.0,0.007474832821103576,-0.0466655756713642,0,7
2017-07-25,156.86856079101562,161.8767419563964,156.29384600036926,161.83112724100818,907600,-0.024838288612462067,-2.0,0.009648256002803507,-0.0628573323257633,1,7
2017-07-26,155.007568359375,157.92672885284009,154.45110230283515,156.85941144990073,544700,-0.011863386916132201,-1.0,0.01075237626375871,-0.08087353213439497,2,7
2017-07-27,156.98707580566406,157.46144358924988,154.7885783005991,154.99840311851548,453300,0.012770392228202088,1.0,0.010886429692673888,-0.08666605349632517,3,7
2017-07-28,156.01100158691406,157.2151489326619,155.00753386574743,156.86850783597424,370700,-0.006217545066947383,-1.0,0.011324171916127739,-0.06345590003015822,4,7
2017-07-31,155.99278259277344,157.37938900221255,155.83770371903393,156.51276521618362,278900,-0.00011678018828997772,-0.0,0.011222182018276584,-0.07306254790242894,0,7
2017-08-01,156.0748748779297,157.0144793787428,155.19913375079042,156.70432164286655,345800,0.0005262569446597976,0.0,0.011234228314602317,-0.06781502929598537,1,8
2017-08-02,156.85939025878906,157.06008382056953,155.18087494176464,156.001883934755,385800,0.005026532178692866,1.0,0.011223938240343652,-0.06833998022555254,2,8
2017-08-03,157.26992797851562,157.48887025206946,156.1113949867244,156.86855468981804,321400,0.0026172339383012666,0.0,0.011330256764665635,-0.06482860695906412,3,8
2017-08-04,157.1604461669922,158.67476540326157,156.6860782540147,157.5253359956489,287900,-0.0006961395158672223,-0.0,0.010974753497499986,-0.0722206339421767,4,8
2017-08-07,158.1547393798828,158.30070083915166,156.4488583235874,157.1695204092945,311100,0.006326612306980506,1.0,0.010877820387017654,-0.06323759918406269,0,8
2017-08-08,157.26992797851562,159.0944051658286,157.16958117642716,158.07270239522336,223300,-0.0055945930222293105,-1.0,0.010509382168568854,-0.06900464580184684,1,8
2017-08-09,156.44891357421875,157.34290346856778,155.9106961626983,156.7499539704054,253500,-0.005220415719965454,-1.0,0.010465387624580292,-0.06659448292462977,2,8
2017-08-10,152.8272705078125,157.43407638186378,152.50798155746853,155.69169801102257,292200,-0.023149045804579216,-2.0,0.010377453722661656,-0.06253413879712566,3,8
2017-08-11,152.6813201904297,155.399800353233,152.56273867650265,153.21042007608298,271600,-0.0009550017931868604,-0.0,0.011094077590815675,-0.08856965588610699,4,8
2017-08-14,153.7486572265625,154.25039114163815,153.11922440908975,153.5114802483693,178400,0.006990619643592266,1.0,0.01106580831661939,-0.08993564507089702,0,8
2017-08-15,153.18312072753906,154.46026325844915,151.7782792551616,153.74870426685678,217000,-0.0036783182970506756,-0.0,0.011319483597696788,-0.08292522917831469,1,8
2017-08-16,152.7816925048828,153.72129699970824,152.52626685112372,153.31079247899928,238900,-0.0026205773896607054,-0.0,0.011206685513252263,-0.08897599323670324,2,8
2017-08-17,150.61968994140625,153.71217770764028,150.44636241002155,152.24347325703036,273300,-0.014150926907734451,-1.0,0.011202707272342788,-0.0893866495348985,3,8
2017-08-18,149.62533569335938,151.1852554521336,149.54322366422468,149.81689794881822,247900,-0.006601754713701058,-1.0,0.011270306014314191,-0.10475504999707053,4,8
2017-08-21,149.94467163085938,150.5923672366822,149.20576050624356,149.5615330447496,186300,0.002134237066337752,0.0,0.011220254069959985,-0.10160506099488309,0,8
2017-08-22,151.2947540283203,151.64139517745633,149.33343298922006,150.40988160931147,184900,0.00900387044619122,1.0,0.011294944334160022,-0.09889792874720182,1,8
2017-08-23,149.16921997070312,151.4042011604721,148.39381179972182,150.77475446726535,372400,-0.014048960727477189,-1.0,0.009626048878573799,-0.059487442746632535,2,8
2017-08-24,146.5054931640625,149.16922763181682,146.12234078531296,148.84993862274334,342700,-0.01785708075140291,-2.0,0.008631554100493087,-0.049081478031597126,3,8
2017-08-25,147.6457977294922,148.43032334811957,146.30480610323778,147.0437170157343,275200,0.007783357066023067,1.0,0.009050505896444672,-0.05484941983994607,4,8
2017-08-28,147.95594787597656,148.43943311294305,147.2352717471488,148.25698821742512,229100,0.0021006364641180664,0.0,0.008683838748745723,-0.059503484781992744,0,8
2017-08-29,147.08932495117188,147.7005230101602,146.5054929306716,147.34475059016242,391900,-0.005857303726181651,-1.0,0.008713691437930911,-0.05163131849038227,1,8
2017-08-30,148.64010620117188,149.04149326781882,146.386876556755,147.20788543333182,445700,0.010543125753788019,1.0,0.008725725529567924,-0.05707608707028744,2,8
2017-08-31,151.18531799316406,151.42250896710198,148.93208725870232,149.1145461370109,666700,0.017123317905515023,2.0,0.009176393557261627,-0.047635909896277306,3,8
2017-09-01,151.3950958251953,152.47153049015006,151.09405547321973,151.8420837468969,333600,0.001387554260002588,0.0,0.010000716558173002,-0.0361729843286005,4,9
2017-09-05,151.5592803955078,151.7782226127255,150.42809981936216,150.8294869244349,376700,0.0010844774688214542,0.0,0.009977716589948029,-0.037355088978757944,1,9
2017-09-06,148.9229278564453,152.75432658551338,146.5328675573877,152.3164560243881,692700,-0.01739486049407657,-2.0,0.009994793296860698,-0.035639793014667354,2,9
2017-09-07,148.86819458007812,149.50675870984946,146.96161956417012,149.50675870984946,430100,-0.00036752753357061074,-0.0,0.01037792624767093,-0.058372019451551016,3,9
2017-09-08,154.04969787597656,155.48191888001656,148.63099942190132,148.84994165426676,638500,0.03480597927928275,3.0,0.010370442642460984,-0.05342237709668973,4,9
2017-09-11,153.8034210205078,154.88897317371894,152.4076971895811,154.88897317371894,290800,-0.0015986844431660208,-0.0,0.01316004032691875,-0.01533545771223277,0,9
2017-09-12,156.7590789794922,157.03275334568642,153.9402650229015,154.08622654082595,328100,0.01921711454383246,2.0,0.012117060855766871,0.006387279635707399,1,9
2017-09-13,152.7816925048828,156.5401244038387,152.4350513574407,156.5401244038387,628700,-0.02537260680850073,-3.0,0.012787565394695714,0.026707646907798255,2,9
2017-09-14,152.36207580566406,153.11923541928553,151.39510523779833,152.49890601068105,295900,-0.002746511655546291,-0.0,0.013967387920323128,-0.006289256368950169,3,9
2017-09-15,152.8272705078125,153.72126008126446,151.49541047874234,152.26168725598689,514900,0.0030532184579958876,0.0,0.013957288097058408,-0.0053598915988619655,4,9
2017-09-18,152.562744140625,154.25950800033482,152.32555326497214,153.18305952692742,375500,-0.001730884588257986,-0.0,0.013962261127213561,0.00029832110236793774,0,9
2017-09-19,151.2765350341797,152.85470398066906,150.2639495890509,152.71787375280988,405200,-0.00843068937760938,-1.0,0.013586106780853686,0.012900399675332075,1,9
2017-09-20,155.41807556152344,155.6096517795176,151.50457835067945,151.6870232746967,442900,0.027377283108765083,3.0,0.01364099279174175,0.011035559807894169,2,9
2017-09-21,156.61306762695312,156.822892462074,154.66087818478798,155.39067162253193,298100,0.007688887287480517,1.0,0.014841330931895104,0.03650282381583203,3,9
2017-09-22,157.7899169921875,158.15480687643463,156.23911410465186,156.63137003423472,400300,0.0075143752885140636,1.0,0.014812220287343685,0.03515200267708751,4,9
2017-09-25,155.582275390625,157.68954405014966,154.64267087074737,156.9871165237566,415400,-0.01399101820727755,-1.0,0.014403986018481715,0.05779139304460723,0,9
2017-09-26,158.4375762939453,159.26771667121014,155.5822792489874,155.7282407499767,464000,0.018352353416553502,2.0,0.01414952896884219,0.06195523478698495,1,9
2017-09-27,158.11825561523438,159.8241366676496,155.50013632394027,158.6108581395826,378900,-0.002015435265927734,-0.0,0.014512915826749453,0.07309235163079397,2,9
2017-09-28,160.95458984375,161.44866018688717,157.5784936883339,158.07256403147107,460600,0.01793805666195536,2.0,0.014559977306363903,0.06868468544283424,3,9
2017-09-29,163.7451171875,164.6509034331765,160.52455783027102,160.8447890983361,699900,0.01733735798686431,2.0,0.014739069270775403,0.09426424995274729,4,9
2017-10-02,163.7908935546875,166.20630998131344,163.1778916769502,163.42491290778406,522400,0.00027955867004614277,0.0,0.014953625053256566,0.1016213683666558,0,10
2017-10-03,164.79727172851562,165.1540940532555,162.56483914881755,163.99214240850807,379100,0.006144286486184258,1.0,0.014705037300643603,0.08337830504211663,1,10
2017-10-04,165.95925903320312,166.53566977189146,164.44962914516486,164.90709443981075,264000,0.007051010568923433,1.0,0.014700660447984315,0.0885245049073109,2,10
2017-10-05,166.0873260498047,167.5786671738885,165.0900551943995,166.49904196654958,329900,0.000771677442690466,0.0,0.014696112692537039,0.09501218665143596,3,10
2017-10-06,168.64007568359375,169.47265221955922,165.52015786236709,165.86782212239274,422500,0.015369924331394058,2.0,0.01385770069399108,0.11525692141847399,4,10
2017-10-09,168.44784545898438,169.23468620325076,167.81654121570045,168.51188333080975,213300,-0.0011398845964113447,-0.0,0.013961087823622641,0.13281467649478396,0,10
2017-10-10,166.0598907470703,168.96021884405914,165.7396594781413,168.96021884405914,369000,-0.014176225913768103,-1.0,0.012372105302013901,0.09346430263433292,1,10
2017-10-11,164.9528045654297,166.47159246187854,163.39742559372948,166.47159246187854,471800,-0.006666788570437232,-1.0,0.012964074949014812,0.0796891879597934,2,10
2017-10-12,165.6756591796875,166.29780537837445,163.44322595242707,164.70583483424306,457500,0.004382190506928119,0.0,0.012645320513703423,0.052269544062640394,3,10
2017-10-13,165.79457092285156,167.13950598597413,165.19985768957713,166.34352087579845,236700,0.000717738162339776,0.0,0.010913930843568039,0.08439471027847523,4,10
2017-10-16,165.68478393554688,166.05990884328955,164.8521937141863,165.35540835131266,202100,-0.0006621868659123509,-0.0,0.010833984154274154,0.0881616704561079,0,10
2017-10-17,164.861328125,166.2428681465635,163.9372393901974,165.7854028990712,360200,-0.004970014692883384,-0.0,0.010881941410485705,0.08413101526325506,1,10
2017-10-18,166.35272216796875,167.0297620145599,165.26395229919706,165.26395229919706,206500,0.009046354654124622,1.0,0.010988332292332889,0.08061328506937948,2,10
2017-10-19,164.12936401367188,165.98667161012727,163.0405946031849,165.98667161012727,448300,-0.013365324746846707,-1.0,0.010676615066208138,0.09965978616830906,3,10
2017-10-20,164.9619903564453,165.7671197930225,162.96743438421757,164.998581437808,806800,0.005072988296622505,1.0,0.010009327484022964,0.05605067763627014,4,10
2017-10-23,176.97499084472656,179.7838340369379,168.16422007453386,169.91174059055734,1053200,0.07282283914205867,7.0,0.009959610001553985,0.053309234382529436,0,10
2017-10-24,179.847900390625,184.2670025505193,177.4965222351218,179.06105957898848,792800,0.016233421073710064,2.0,0.018300103714734242,0.1215861838211687,1,10
2017-10-25,176.7829132080078,179.62834827944556,174.16621081446465,179.33556375058785,757700,-0.01704210711362275,-2.0,0.01786284323833368,0.1559665131460224,2,10
2017-10-26,178.91468811035156,179.56428104189806,176.72800445548245,176.9384345921083,339900,0.012058715764206474,1.0,0.01840686237703533,0.11578905297078546,3,10
2017-10-27,176.89263916015625,179.22571445877975,176.03260235542422,178.3382308590652,293600,-0.01130174929488259,-1.0,0.018380059393291265,0.13152455049670753,4,10
2017-10-30,174.87982177734375,177.21289743208416,174.3400161126526,176.9292712001526,229500,-0.01137875149790779,-1.0,0.018541849962728764,0.0990220243602773,0,10
2017-10-31,174.87062072753906,177.36837636643517,174.7059260252421,175.68490808033005,290900,-5.261355890673336e-05,-0.0,0.018619273072137538,0.06800022364693614,1,10
2017-11-01,173.7178955078125,175.99607808114845,173.12319610983496,175.99607808114845,276200,-0.00659187469530742,-1.0,0.018622105999200514,0.06764556278064515,2,11
2017-11-02,173.68125915527344,174.13872440702497,171.10114843424367,173.13229526887898,277600,-0.00021089567330967451,-0.0,0.018731290923755906,0.05413089480020372,3,11
2017-11-03,173.9923553466797,175.76732299356746,172.47356715803002,173.51658751249465,328800,0.0017911903271505825,0.0,0.01871349234550634,0.04652949264207895,4,11
2017-11-06,175.00791931152344,175.73072228395876,173.42509332539527,173.62637916880263,225600,0.005836830950533667,1.0,0.01871057132575354,0.04759562023717878,0,11
2017-11-07,175.346435546875,175.56602390627103,173.50743015440497,175.56602390627103,197000,0.0019342909548509812,0.0,0.01849399149695767,0.03775996661598513,1,11
2017-11-08,176.7645721435547,177.28608923659692,174.84322644460565,175.34642705766953,245300,0.008087627172213452,1.0,0.018480688791089727,0.04095386360741782,2,11
2017-11-09,172.83038330078125,176.12413901734686,171.7416276229624,175.32815386948224,230100,-0.02225665921097808,-2.0,0.018137486532493023,0.0644627751368867,3,11
2017-11-10,172.72972106933594,173.42507717662397,171.40307465094412,172.15332435391673,212500,-0.0005824336527109342,-0.0,0.018863082815661444,0.04775656137587436,4,11
2017-11-13,173.13230895996094,173.55318316757644,171.4122489706525,172.24482518452336,235800,0.0023307389610349727,0.0,0.01886795266082452,0.0425775392992267,0,11
2017-11-14,174.1478729248047,174.34915875733302,171.4396863865304,172.40035227000513,201100,0.0058658258007673325,1.0,0.01886510589396626,0.04425801156374298,1,11
2017-11-15,175.04452514648438,175.60261939759752,172.6657000558257,173.83681008056246,316900,0.005148798010681688,1.0,0.01886887386702505,0.051079458162857305,2,11
2017-11-16,178.41140747070312,179.8661432887356,175.2823475380428,175.2823475380428,369100,0.019234433761359915,2.0,0.018796580772202105,0.06176825782795681,3,11
2017-11-17,177.72525024414062,179.02444988337888,177.07564344415573,178.1461244183287,286100,-0.0038459268736791286,-0.0,0.01908906856138318,0.07248865630559709,4,11
2017-11-20,178.2284698486328,179.82044003428945,177.49652263325652,177.94484361834833,157900,0.0028314468754491173,0.0,0.018778892925761775,0.0828364035416369,0,11
2017-11-21,180.2230224609375,180.4334665469076,178.20103368905257,179.39044623996105,201400,0.011190987691240606,1.0,0.018778619336094725,0.08042143201304519,1,11
2017-11-22,179.46363830566406,180.63474840052675,179.02447551027396,180.27792601163475,183400,-0.004213580179180609,-0.0,0.010413594134925678,0.018353054297150173,2,11
2017-11-24,179.69235229492188,181.43072869565088,179.10679730832723,180.24131620267465,85400,0.0012744308062464516,0.0,0.009850704801696218,-0.0021365947788455353,4,11
2017-11-27,179.6008758544922,181.07391464843028,178.9055196780166,179.52767973271935,135500,-0.0005090725301405419,-0.0,0.009049795511100925,0.01645769398251029,0,11
2017-11-28,184.0291748046875,184.3311036345439,179.82964591445315,179.82964591445315,327000,0.024656332710665696,2.0,0.00867706601730031,0.0038352789890419015,1,11
2017-11-29,186.49034118652344,187.74379187843843,183.0959418750479,183.4070289481115,334700,0.01337378371906528,1.0,0.009769260592826155,0.04034388134189082,2,11
2017-11-30,191.89756774902344,192.9405881761209,187.0758791086788,187.0758791086788,436800,0.028994673547686922,3.0,0.00957445696199853,0.06639141835335449,3,11
2017-12-01,190.67153930664065,192.61120175180503,186.847135942322,191.65052179010223,374600,-0.0063889733296998985,-1.0,0.01107539072405188,0.09736882588192763,4,12
2017-12-04,191.24798583984372,195.5939071814901,191.0924492776416,192.53804163078283,480200,0.0030232437169137594,0.0,0.011065321420550835,0.09759296098579373,0,12
2017-12-05,189.02464294433597,191.97072020978757,188.0090695520749,191.1106833239968,411100,-0.011625444763479154,-1.0,0.011018855313985953,0.10114347840411142,1,12
2017-12-06,188.02735900878903,189.07953744332647,187.57905200585853,188.1280019206017,224200,-0.005275946670300624,-1.0,0.01156851887799554,0.08639625325896905,2,12
2017-12-07,187.14903259277344,188.53057259257116,186.81049882166525,187.78033685808384,378800,-0.0046712692272327105,-0.0,0.011734103296763512,0.0743934317285968,3,12
2017-12-08,189.0795440673828,189.28997417736983,186.80136205330277,188.1737578293369,317000,0.010315369777037953,1.0,0.01186563493167938,0.0673101623599488,4,12
2017-12-11,188.93313598632807,190.4153188326854,186.600060570622,188.7867437652549,262800,-0.0007743200449148446,-0.0,0.011921592346925617,0.06966877906861813,0,12
2017-12-12,189.0978240966797,190.1408582417217,187.89012312782395,188.731857490537,222100,0.0008716740422047842,0.0,0.010451906473858115,0.09317084402643938,1,12
2017-12-13,188.83248901367188,191.3302451537581,184.77019571110415,186.4353757783152,349700,-0.001403163067979829,-0.0,0.010422701662220164,0.09476135853176881,2,12
2017-12-14,186.78306579589844,188.83251524934775,186.69158111753484,188.62208513230607,297600,-0.010853128232743092,-1.0,0.010490887354842765,0.09068313215496837,3,12
2017-12-15,187.25885009765625,190.01278626413384,185.75836442504232,185.75836442504232,477900,0.0025472560894663765,0.0,0.010980627642712177,0.0725543910407076,4,12
2017-12-18,189.3631896972656,189.491279424391,187.0301138468012,188.65868921770945,211300,0.011237597574223823,1.0,0.010974559100462017,0.06977838890391141,0,12
2017-12-19,188.4482269287109,190.84534025331988,187.9175655895359,189.46380029216596,228700,-0.004831787899313711,-0.0,0.010522490846976264,0.06138498867209963,1,12
2017-12-20,189.8206329345703,191.05579470025745,187.469254836246,189.22593369078413,137300,0.0072826687107996335,1.0,0.010556205478739379,0.0603345707480516,2,12
2017-12-21,189.80230712890625,190.53425423504035,189.4363405562041,189.9121082693008,128700,-9.654274870307678e-05,-0.0,0.010600490703180455,0.06504102905547349,3,12
2017-12-22,188.1554718017578,190.10427844197275,187.92673915237043,189.86640151247377,238000,-0.008676582240014441,-1.0,0.010452631803861924,0.05315239161547747,4,12
2017-12-26,189.9395751953125,190.35129112342133,188.19205460987644,188.46653654885944,159300,0.009482070207527338,1.0,0.010640089182526673,0.04843228175999492,1,12
2017-12-27,190.80877685546875,191.86094144702227,189.5736149777904,190.3055622400912,148500,0.004576200927386864,0.0,0.010750392811661139,0.057026483150336205,2,12
2017-12-28,193.2117462158203,193.3676640099171,190.21258536595744,191.3131906151409,254600,0.012593599728233373,1.0,0.010731775036622449,0.062404489664387386,3,12
2017-12-29,191.0105133056641,193.80789477049925,190.8912902889348,193.52357327644225,257300,-0.011392852418493304,-1.0,0.009793137921436618,0.04989736774551323,4,12
2018-01-02,189.97412109375,192.5972374432452,188.82765440244884,192.15698415741812,253200,-0.005425838578087094,-1.0,0.009892098331358486,0.02423810311237351,1,1
2018-01-03,193.5052947998047,193.89050605747337,190.10258835958487,190.10258835958487,201900,0.018587656496181992,2.0,0.0076522594364321446,-0.010023298772546485,2,1
2018-01-04,193.5052947998047,194.2573839183193,192.3771751169921,194.2573839183193,220600,0.0,0.0,0.008569370448452284,0.014861974175426118,3,1
2018-01-05,195.7981719970703,196.25675869351883,193.41352957251124,194.83513713553737,169400,0.011849170327033143,1.0,0.008554434797263926,0.011803046970917164,4,1
2018-01-08,196.4035186767578,196.5594364812065,194.87184072075024,195.51385932581988,139000,0.003091687085293948,0.0,0.008410426416090322,0.03583410579290991,0,1
2018-01-09,194.1381072998047,196.91714180267223,193.91798062815784,196.5686253995937,268000,-0.011534474495243363,-1.0,0.008259695918629307,0.044547557930531,1,1
2018-01-10,187.9747009277344,194.46829081100924,187.3418489907056,194.4591241144424,665100,-0.031747535081055545,-3.0,0.008667162824827828,0.037344968393393296,2,1
2018-01-11,191.64340209960935,191.70761096288348,187.3418560988731,188.9927712157276,367900,0.019516994328323767,2.0,0.011112270096804832,-0.005843271651081783,3,1
2018-01-12,193.23016357421875,194.2849218090328,190.85468686344527,192.39554607783967,270100,0.008279760519929846,1.0,0.011914863779222478,0.014345107326633189,4,1
2018-01-16,192.58807373046875,195.13781475709752,191.23982766304812,194.39490651483635,247600,-0.0033229276002935126,-0.0,0.012027888202957445,0.02185291923521193,1,1
2018-01-17,193.62452697753903,194.55086731229645,192.3588228806761,193.3402053893937,210800,0.005381710440288234,1.0,0.012055122776832447,0.019888445767004548,2,1
2018-01-18,196.26596069335935,196.61447710393003,193.81710914784037,194.239001117204,198900,0.013642040897673624,1.0,0.011773740853620917,0.03662784499487981,3,1
2018-01-19,198.54969787597656,198.83401939674445,196.26594501886956,196.99050586227943,208200,0.01163593103230598,1.0,0.012055410266170167,0.04809978588999053,4,1
2018-01-22,197.7609100341797,198.2011633113911,195.1928358918853,198.2011633113911,136200,-0.003972747630618834,-0.0,0.012070464839173897,0.04851263961806618,0,1
2018-01-23,197.5866241455078,198.14610038105437,195.30287173733743,197.94433514384608,199100,-0.0008812959479289617,-0.0,0.01204641835736125,0.049417727389877264,1,1
2018-01-24,199.2559814453125,200.4391293315553,197.2198547615795,198.0177913826512,276600,0.008448736380937127,1.0,0.012011600920200542,0.04091226064773679,2,1
2018-01-25,201.3562469482422,202.08082178894188,197.6875532595108,199.9988342019992,266900,0.010540539298721674,1.0,0.01208226287163083,0.04980800528407525,3,1
2018-01-26,202.7778778076172,204.5755439549324,199.8337588251982,201.85153764711285,164000,0.007060276901865503,1.0,0.01192917722976699,0.07015886925889037,4,1
2018-01-29,202.65866088867188,204.04358782298763,201.8240296524152,201.87905782272543,412500,-0.0005879187623140103,-0.0,0.01187804478343489,0.06759150955825399,0,1
2018-01-30,201.94329833984372,203.0805987648547,198.2470894522581,201.0077912431812,303600,-0.0035298888569146314,-0.0,0.011901279339311677,0.06210345366963388,1,1
2018-01-31,199.8612823486328,203.557490463716,199.2009163037337,202.255105762653,269900,-0.010309903860771574,-1.0,0.01176675755485539,0.04519162160187795,2,1
2018-02-01,196.4310302734375,200.494115813648,195.8532065387119,199.32013495210973,259400,-0.01716316454535538,-2.0,0.011706548885479893,0.046336554411564146,3,2
2018-02-02,192.5697326660156,196.6970129541041,192.5697326660156,195.1928491422434,242400,-0.019657269027438584,-2.0,0.012352464766732144,0.033988361901677644,4,2
2018-02-05,179.76597595214844,195.6881058105655,179.76597595214844,190.47855392396357,542000,-0.06648893643152853,-7.0,0.012550599533138312,-0.004834814131349674,0,2
2018-02-06,181.4444274902344,185.12228803109,175.70292666188757,179.85772132110668,703200,0.009336869945471449,1.0,0.019157206705164447,-0.07100228891344074,1,2
2018-02-07,184.3335418701172,186.3146401582713,181.6462300029578,181.6462300029578,349400,0.015922860899314717,2.0,0.01906535661638165,-0.07330887903821026,2,2
2018-02-08,177.05116271972656,186.158702668849,176.67513222846006,184.14092380844065,343100,-0.03950653297554407,-4.0,0.01948614923863297,-0.061454992700540556,3,2
2018-02-09,181.6553649902344,183.1320147535032,174.4188672796086,178.62868991083775,577300,0.026004925354804476,3.0,0.02100754705822609,-0.08801437707276605,4,2
2018-02-12,185.09478759765625,188.0664348689879,183.06784193629696,183.71902730453263,463200,0.018933779399285866,2.0,0.020995950175624632,-0.033618012989574675,0,2
2018-02-13,183.46221923828125,186.10368347085796,182.29740494197733,183.7373740950009,267400,-0.008820174682194426,-1.0,0.020967248661460738,-0.03417083202556259,1,2
2018-02-14,186.8557281494141,187.53444148647543,181.89383081675905,182.0772626931403,272700,0.018497044924139727,2.0,0.020902859290598846,-0.05055082578857151,2,2
2018-02-15,190.06588745117188,190.9647276850599,187.3327139520029,189.4055213178888,288900,0.0171798816849269,2.0,0.02138384897087977,-0.02976480043658991,3,2
2018-02-16,188.6992645263672,194.321528076107,186.61727694374645,189.7448416656869,396800,-0.007190258826196616,-1.0,0.021718200297275028,-0.018379074086930958,4,2
2018-02-20,186.33297729492188,190.8271219838411,185.02141187259093,188.4516459052683,273700,-0.0125399918085779,-1.0,0.021507350187979196,-0.03855327811435505,1,2
2018-02-21,185.81935119628903,189.8457421822784,185.60839122116607,187.05752698765528,282900,-0.0027564959573413983,-0.0,0.021407711968290586,-0.06152978680776344,2,2
2018-02-22,189.0111083984375,189.6531270217256,186.8007170000862,187.22262294965057,354400,0.017176667454709138,2.0,0.02140601533325321,-0.060383818196562467,3,2
2018-02-23,192.34043884277344,192.81735893185405,189.9741298040384,190.47856397537527,301400,0.017614469713164604,2.0,0.021842600253769995,-0.043401296945865586,4,2
2018-02-26,192.67063903808597,194.16562228908063,190.59781802321717,192.9641272733593,280200,0.0017167486842559754,0.0,0.022148710641679684,-0.034706825623887716,0,2
2018-02-27,190.3777008056641,193.40436201173537,190.2676304744743,192.6706344435704,219300,-0.011900818120858636,-1.0,0.021993175642467572,-0.04313552741370286,1,2
2018-02-28,187.6812286376953,191.61589702247088,187.5436442077641,190.77209903306573,367000,-0.014163802570140938,-1.0,0.02199776936831241,-0.061151527651934545,2,2
2018-03-01,180.05950927734375,188.5158361208149,179.39914323393387,188.5158361208149,607400,-0.040609918294304936,-4.0,0.022129674347812506,-0.07390472326867015,3,3
2018-03-02,181.4719390869141,181.9213591148804,175.5653398391563,178.65620988233294,492000,0.007844238914340274,1.0,0.02357188628530764,-0.10836600789629802,4,3
2018-03-05,182.67344665527344,183.8015661561344,179.41747788957983,180.46305513317324,346100,0.006620900037795252,1.0,0.023706750736696626,-0.0920105337342969,0,3
2018-03-06,185.84686279296875,186.1220036351736,182.2698778997857,183.4071780290724,282000,0.017372071287864443,2.0,0.02363014996795262,-0.07003773079545084,1,3
2018-03-07,187.36019897460935,188.20399690401948,183.41635017794283,184.31519027238653,324600,0.008142920245721053,1.0,0.02372055393367874,-0.034911352786196614,2,3
2018-03-08,188.9468688964844,189.5338592561473,187.39685775554375,188.69924217870368,258300,0.008468553783346877,1.0,0.018500122950494215,0.042245052114213255,3,3
2018-03-09,192.1569976806641,192.34961025613805,189.4972003676413,189.87324482764177,169800,0.016989584442060224,2.0,0.018484189720872266,0.041348425575945535,4,3
2018-03-12,194.0922393798828,195.4404854596516,192.3862962174176,192.5880754943188,223000,0.010071148709529743,1.0,0.018525507941194265,0.0424418460751943,0,3
2018-03-13,194.660888671875,196.63280589622804,193.86293829231377,194.7159168370264,234200,0.002929788917934051,0.0,0.01592903245854525,0.09624944789056489,1,3
2018-03-14,194.624267578125,195.91748592858255,191.48753502241317,195.91748592858255,320600,-0.00018812764084175093,-0.0,0.015148700942619041,0.07159449258401906,2,3
2018-03-15,193.92718505859372,195.1745416940371,193.000830780937,194.60588455474496,263400,-0.0035816834570819855,-0.0,0.014737958678142647,0.05148432381133894,3,3
2018-03-16,194.5416717529297,195.8624038328569,183.4622141873766,186.9474762883052,650000,0.0031686464904356892,0.0,0.014580303531636437,0.05704153075092022,4,3
2018-03-19,191.48748779296875,194.2757031514314,190.3777156627907,194.2757031514314,210800,-0.015699381692575343,-2.0,0.014129117056112373,0.04113303712781957,0,3
2018-03-20,192.24874877929688,193.86296919250427,189.9374675098517,191.5333545283901,256100,0.0039755129439642545,0.0,0.014186510062917827,0.00747951334592889,1,3
2018-03-21,193.7712554931641,195.31210030512156,192.78070640192396,192.90911013625373,187200,0.007919462277567568,1.0,0.014094720051890733,0.018810270733374823,2,3
2018-03-22,188.98362731933597,194.10145780156293,188.95611323031525,191.92774680421823,318300,-0.024707628392267034,-2.0,0.01381759276366493,0.03991927948679286,3,3
2018-03-23,185.9110565185547,190.1575740933405,185.736791322922,188.8735228594424,332800,-0.016258396795344576,-2.0,0.014973953401153893,0.01702877608104636,4,3
2018-03-26,187.6444854736328,189.37794248210915,184.47107363555327,187.77288917815127,371100,0.009323969147069677,1.0,0.014935626272965028,-0.01640142691162827,0,3
2018-03-27,185.10397338867188,188.7634869124145,184.19596653201327,188.7634869124145,403700,-0.013538964806497966,-1.0,0.014532000611352035,-0.024414800118966573,1,3
2018-03-28,184.10421752929688,186.58058297575624,182.9944455231406,185.96607846090956,277700,-0.005401050237186178,-1.0,0.014764937281456645,-0.03927254140636527,2,3
2018-03-29,187.920166015625,188.68336064111605,184.49039925385165,185.1524472655884,441900,0.020727110641671764,2.0,0.014609945765476388,-0.032952826144124536,3,3
2018-04-02,183.9203338623047,188.2236325175249,182.23762943001333,187.53400024350083,574500,-0.02128474148425208,-2.0,0.015073356654359615,0.0012731021619158955,0,4
2018-04-03,187.63514709472656,188.41673595179185,181.796268919408,185.0329329606417,340600,0.020197947417837092,2.0,0.012891167857607336,0.021441936615600454,1,4
2018-04-04,189.1891326904297,189.50176264077453,183.62609584894,183.7732207775512,381200,0.008281953673202835,1.0,0.013483074796538073,0.03396231967775831,2,4
2018-04-05,188.6190185546875,191.46029999922052,187.3409007053905,190.5591844728898,319100,-0.0030134613317090997,-0.0,0.013518345223702039,0.03566849016349982,3,4
2018-04-06,183.8099822998047,188.15006917985616,182.16406612028132,186.61448967386823,397400,-0.025496030526150237,-3.0,0.013065361961083226,0.014916344134401127,4,4
2018-04-09,183.03759765625,186.0995666245142,182.69738355886656,185.76854257306388,274800,-0.004202082138797469,-0.0,0.014136592210709268,-0.01894861712484508,0,4
2018-04-10,184.8030548095703,187.95698036338004,183.9846917411948,184.9869539426853,406200,0.009645325200541066,1.0,0.013990187256970656,-0.031274777268057496,1,4
2018-04-11,183.50653076171875,184.9777376484795,181.5019926125764,183.80995657147,255200,-0.007015706797636856,-1.0,0.013593179197821348,-0.03827049214889855,2,4
2018-04-12,185.84210205078125,187.4236598233807,183.23069792601632,184.3800850264168,268700,0.012727455962290524,1.0,0.013358435808730647,-0.05453957691448663,3,4
2018-04-13,182.7157745361328,187.89260448946823,182.54106545217968,187.60755873379912,266300,-0.016822493289460172,-2.0,0.013726580875706922,-0.045303330737171854,4,4
2018-04-16,187.01910400390625,188.3983687506868,183.0284347039001,184.60999273599032,302000,0.023552041298560367,2.0,0.014085087794255213,-0.061187092391815634,0,4
2018-04-17,189.28109741210935,190.25577555248256,187.37770539674943,188.7937583419228,212200,0.012094985805064296,1.0,0.015219033039746718,-0.03562203541808873,1,4
2018-04-18,189.1983337402344,190.9178266283427,188.9040978965054,189.86958600458436,326900,-0.00043725270513805814,-0.0,0.015481715333096745,-0.027040861186293008,2,4
2018-04-19,186.5133819580078,189.54776738872832,183.4146381311662,189.21674326845687,517600,-0.014191202053147944,-1.0,0.01512056332052294,-0.01195458815152095,3,4
2018-04-20,181.21701049804688,187.12026229817891,180.0768131853587,186.44902400818552,558800,-0.028396737029589558,-3.0,0.015371500410074618,-0.029833051490354867,4,4
2018-04-23,182.5134735107422,187.82823810796344,180.5916876997136,183.38700486269863,882800,0.007154201524085302,1.0,0.01629420309773797,-0.06478899547389327,0,4
2018-04-24,174.04478454589844,187.04665036966173,171.1851089876933,182.7433519642001,604900,-0.04640034953005978,-5.0,0.01564808740499233,-0.034236583879622584,1,4
2018-04-25,178.68829345703125,179.83768040046098,172.15977000610948,174.51371222135717,890300,0.026679965867683064,3.0,0.01823426880246386,-0.06382768295156205,2,4
2018-04-26,180.5273284912109,181.5111965056626,177.9343045834083,179.3779414463914,626000,0.010291860751481696,1.0,0.019188033265242273,-0.047729577525261524,3,4
2018-04-27,182.28363037109372,182.67901285597316,179.6446276671024,180.76643076135525,530400,0.009728731348108921,1.0,0.019185457732033017,-0.024724725318840957,4,4
2018-04-30,177.80557250976562,184.22375982365784,177.77798834333774,182.92724787913252,469400,-0.02456642898877781,-2.0,0.019296263745817693,-0.009888894359052047,0,4
2018-05-01,180.71121215820312,181.1433827725452,175.09300820235848,177.41017621512415,366900,0.016341668078360794,2.0,0.0193603584571991,-0.05382388553774675,1,5
2018-05-02,177.6216583251953,182.88125408061305,177.25386011694883,180.1870978302321,440400,-0.017096636097505002,-2.0,0.019271106976703728,-0.01744843344240632,2,5
2018-05-03,178.87222290039062,180.41700651028427,175.70910725067938,176.62861696138123,254800,0.007040608600251463,1.0,0.018968973052691362,-0.053366807469583444,3,5
2018-05-04,183.48812866210935,184.6559096883332,177.89750906210332,177.89750906210332,363000,0.02580560406122534,3.0,0.018935811105034416,-0.05453225374694559,4,5
2018-05-07,185.6673583984375,187.0834108996238,183.3501905068792,183.9202959433445,480300,0.011876679718834326,1.0,0.019915280344799238,-0.02720239948173897,0,5
2018-05-08,187.4512634277344,191.10171835956208,184.58239741746192,184.75709248912895,474300,0.009608070285939574,1.0,0.01928824947837065,0.010104870668032229,1,5
2018-05-09,186.21913146972656,187.99377867614967,184.85824684289787,187.7087328786916,331300,-0.0065730789725130245,-1.0,0.01934960336273777,0.024113438047703273,2,5
2018-05-10,187.8190155029297,188.8304816194756,186.63285435770973,186.9270901175944,161100,0.008591405300712784,1.0,0.01932414713822182,0.007662625824099267,3,5
2018-05-11,188.1040954589844,189.2258843215853,187.14779756775883,187.72709313589343,93700,0.0015178439482890216,0.0,0.019319029991061294,0.023500442863314985,4,5
2018-05-14,186.2926483154297,189.07876124722955,185.22601382500653,188.30636252932837,189200,-0.009630025008943499,-1.0,0.01914114018531631,0.012171587510267479,0,5
2018-05-15,183.1019592285156,185.82369990764343,182.55943787728492,184.38926711315668,349000,-0.017127294693409678,-2.0,0.018873420519419943,0.019576162968838462,1,5
2018-05-16,183.63528442382807,185.2720105322928,182.46750320129289,184.62834253160767,328800,0.0029127224938476637,0.0,0.018537854744853387,-0.02094515849733103,2,5
2018-05-17,186.75247192382807,187.3593378128341,183.4514206201988,183.4514206201988,187900,0.01697488317553164,2.0,0.01832451070973728,-0.029827664069323356,3,5
2018-05-18,187.4512634277344,187.99377082802977,185.67660226479123,186.18233544752664,174500,0.00374180591404083,0.0,0.018753439626083942,-0.012927501886800252,4,5
2018-05-21,190.0259246826172,190.5224538692109,187.73633991576057,188.4995348380461,214200,0.013735096834251781,1.0,0.018503080066715957,0.005028494255375993,0,5
2018-05-22,187.6719207763672,190.89939452116613,187.54318998961008,189.99827901386615,289500,-0.012387803980860368,-1.0,0.017480018691499084,0.0486097533579235,1,5
2018-05-23,189.27186584472656,189.37301246897695,186.06278609738868,186.58689930988345,179900,0.008525223495026157,1.0,0.017733158807563106,0.028263377855889615,2,5
2018-05-24,188.7017517089844,190.18216265147893,187.4788023190452,189.25346305337575,202400,-0.003012144109203585,-0.0,0.013969295696563836,0.08748944324046959,3,5
2018-05-25,190.63275146484372,191.4327203877228,188.33397729049787,188.7477538357593,213900,0.010233078062981127,1.0,0.013040823785494338,0.05603869206105028,4,5
2018-05-29,189.9983062744141,191.2948043732713,187.9753735771224,189.09717660721853,227800,-0.003328101732543276,-0.0,0.013039114626526318,0.055977247644944716,1,5
2018-05-30,190.9361724853516,191.7361554186249,190.2465402504698,191.7361554186249,236800,0.004936181955132568,0.0,0.012997336287708704,0.04232237358678237,2,5
2018-05-31,186.94552612304688,191.0281516818667,186.65129029723752,191.0281516818667,456900,-0.020900420859807922,-2.0,0.011481917867484608,0.07384807905761659,3,5
2018-06-01,188.29718017578125,189.51093961734492,187.37767054936157,188.42591096225587,234100,0.007230202726780988,1.0,0.012243828266074959,0.03449876679143693,4,6
2018-06-04,189.13397216796875,191.0373501496109,187.9386066271497,189.52935464552405,193400,0.0044439964072022775,0.0,0.011506322865367026,0.06010259081716751,0,6
2018-06-05,190.31092834472656,190.89022395956255,187.5707933008729,189.3270462071864,236800,0.00622287029277091,1.0,0.011472898989496185,0.05736916051684915,1,6
2018-06-06,190.21897888183597,191.3775701548843,188.03055520166595,190.14541641762608,187400,-0.00048315387713326885,-0.0,0.010231599738107316,0.03718387523141242,2,6
2018-06-07,192.7936248779297,192.9039615680249,190.5408285946442,190.77989610005267,167900,0.013535168841869893,1.0,0.009974631923273466,0.024514920245866767,3,6
2018-06-08,196.55441284179688,196.71993190427608,192.2511136458256,192.2511136458256,257600,0.019506806650107844,2.0,0.010174920811979377,0.02850000236063943,4,6
2018-06-11,193.6671142578125,197.65779672510027,193.3177101383623,196.62793639615333,252100,-0.014689563781548398,-1.0,0.010730978714425063,0.05550064212253347,0,6
2018-06-12,195.2854461669922,197.1428453887551,192.7108165754109,194.38431669004711,261400,0.008356255605819207,1.0,0.011273233396258556,0.03113688323423025,1,6
2018-06-13,191.7637481689453,195.72683267789077,191.4051399519796,195.72683267789077,252200,-0.018033591684223138,-2.0,0.01137145333504159,0.0381775351062128,2,6
2018-06-14,194.4946746826172,194.73374212779927,191.30397524551051,192.6740355710661,180500,0.014241098955084519,1.0,0.01192970875220119,0.02936830789077627,3,6
2018-06-15,194.3199920654297,194.78893697463852,192.1775327203295,193.5567973092314,466900,-0.0008981357328808892,-0.0,0.011441529551227507,0.062220609228343715,4,6
2018-06-18,192.41661071777344,194.56827425735497,191.84651914631976,192.74763479843168,159300,-0.009795087615150577,-1.0,0.011472180345603475,0.058184393457531014,0,6
2018-06-19,189.4097900390625,192.1683188752397,187.72708576532204,191.28558347419755,260300,-0.01562661699265233,-2.0,0.011299633473507698,0.0303296590165385,1,6
2018-06-20,188.4167633056641,191.1293145077319,185.80535874648177,190.7523121087397,491600,-0.0052427423798612205,-1.0,0.01188165679013643,0.010448191041844579,2,6
2018-06-21,185.7041473388672,188.83966411358784,184.09500569181105,188.83966411358784,257600,-0.014396892926115568,-1.0,0.011546658462021209,-0.008468114967158935,3,6
2018-06-22,183.84678649902344,187.85584967577228,183.4238058294236,186.28348178841884,310900,-0.01000171975941111,-1.0,0.011659236280114421,-0.010485177693922765,4,6
2018-06-25,182.1548767089844,184.7478867603331,180.7296338715664,183.7088363122392,252900,-0.009202824929703146,-1.0,0.01164812351247513,-0.02866289356577545,0,6
2018-06-26,180.68362426757807,183.10193884298772,180.564083537812,182.34793428692768,345400,-0.008076931389308095,-1.0,0.011770804003136865,-0.034694299023236286,1,6
2018-06-27,178.2285614013672,182.61462646522708,178.0078740290772,180.8123813347026,306300,-0.013587633501169538,-1.0,0.011524950273416988,-0.05219002044934795,2,6
2018-06-28,178.87437438964844,180.30433894201323,176.74327237595102,178.37620036553335,529200,0.0036235100771917494,0.0,0.011777132833425375,-0.061946577860793606,3,6
2018-06-29,184.64956665039065,187.27885672290145,178.95739816239816,180.72870388648752,618500,0.032286303057373233,3.0,0.01173646064950986,-0.06317188586478306,4,6
2018-07-02,186.1625518798828,186.273268162093,181.4575251599896,182.16789715607004,310000,0.008193819552020809,1.0,0.013320679326669603,-0.012281435775815419,0,7
2018-07-03,186.35626220703125,188.48736374528323,185.6551249021213,186.3101316039395,179600,0.0010405440041101333,0.0,0.013350281533133768,-0.011336485729131485,1,7
2018-07-05,190.20330810546875,190.3693754525347,185.4429172867945,186.9190120463639,315400,0.020643502144100934,2.0,0.013308385553620548,-0.014686467635072087,3,7
2018-07-06,190.5078125,191.67946255235927,189.58525650726392,190.35097967048532,266200,0.0016009416322160241,0.0,0.01403154173156724,-0.0005654968960209228,4,7
2018-07-09,195.9323883056641,196.7811378787595,191.5963651602765,193.14626608986,410100,0.02847429580172256,3.0,0.014034831132540023,0.001518426919657978,0,7
2018-07-10,196.3199005126953,197.82365707395425,195.6095285202329,196.20918423104905,237300,0.0019777853492333186,0.0,0.015085657199098068,0.016280431625899316,1,7
2018-07-11,195.065185546875,196.36599250296345,193.137047452212,195.01905494501904,242100,-0.006391175640083291,-1.0,0.01447592583610217,-0.0011931165813626743,2,7
2018-07-12,197.95281982421875,199.0691045439839,195.86783454824888,197.2885784715133,312600,0.01480343234620829,1.0,0.014163567242766573,0.007218940058152379,3,7
2018-07-13,198.4325256347656,199.8993859929853,197.49152884482348,198.49711129841424,350300,0.0024233340599686404,0.0,0.014411503117540766,0.013658845088464266,4,7
2018-07-16,196.0985107421875,198.65399492932556,195.11138309377435,198.65399492932556,211400,-0.011762259665404229,-1.0,0.013755194303702091,0.03477600708943718,0,7
2018-07-17,197.9066467285156,198.55243288359537,195.39729417413508,195.46186575110184,288300,0.00922054930190308,1.0,0.013741951768214227,0.008246169527199143,1,7
2018-07-18,198.0358123779297,198.3033473403061,196.68887484543512,197.8789795962493,387500,0.0006526594813729414,0.0,0.01386802410842946,0.018457466084489393,2,7
2018-07-19,199.6779937744141,201.0710480635213,197.11328959457745,198.07274150074755,533600,0.00829234559530323,1.0,0.013648484553252361,0.02920330858752207,3,7
2018-07-20,199.48422241210935,200.3791026002151,196.31986300163416,198.6816034282328,518700,-0.0009704192166697378,-0.0,0.013139874277367057,0.05421157867940174,4,7
2018-07-23,191.8731842041016,202.96231076089472,188.93946301465027,202.03975480289063,1074300,-0.03815358485988085,-4.0,0.013045129151247656,0.05873924863304647,0,7
2018-07-24,193.17398071289065,195.44347443696225,189.81587777607172,191.25506273798183,534500,0.006779459642496821,1.0,0.015424320542244751,0.033219704318058874,1,7
2018-07-25,189.4284210205078,192.74961410151667,185.97805658832408,192.0669316858043,577300,-0.019389566227088095,-2.0,0.015222737249926148,0.05073351779209245,2,7
2018-07-26,193.4230194091797,194.52086287622475,187.43562822085823,189.05010059543463,504100,0.021087640213394376,2.0,0.015765907347926964,0.03993054944745622,3,7
2018-07-27,194.7699737548828,196.08000128659023,193.50607682806253,193.8197424179606,254100,0.006963774786566068,1.0,0.016115912952829273,0.0705066393993492,4,7
2018-07-30,196.9564514160156,198.33105060874647,194.87146620757557,195.3696542445117,266700,0.011225948327561186,1.0,0.01565175189670399,0.09281010980201265,0,7
2018-07-31,200.26840209960935,200.9695393955588,197.30699197480425,197.30699197480425,250200,0.016815649651395148,2.0,0.015721818332902225,0.10108813567100627,1,7
2018-08-01,197.3900451660156,201.6430279671873,197.3346799932636,199.4196651106409,351800,-0.014372496626612663,-1.0,0.014694114670423235,0.08458636395714314,2,8
2018-08-02,200.41603088378903,201.5599910882824,196.4213625043187,196.4213625043187,181300,0.015329981383956914,2.0,0.015187228539529649,0.060310159979849676,3,8
2018-08-03,200.97879028320312,201.29245588235628,196.4213622967282,196.4213622967282,128500,0.0028079560149576466,0.0,0.015417971607798469,0.07544564647437602,4,8
2018-08-06,203.13758850097656,204.40148559565796,201.3570482708601,201.3570482708601,180900,0.010741423086144675,1.0,0.014914227997097592,0.05665244356191379,0,8
2018-08-07,202.8700256347656,206.8739287194017,201.35703460496325,201.35703460496325,223000,-0.0013171509427940542,-0.0,0.015012558880910711,0.06629531794648358,1,8
2018-08-08,199.34585571289065,202.96227270085575,199.1244372567394,202.87001149152172,204200,-0.01737156541903162,-2.0,0.013865541154764629,0.0354083231929907,2,8
2018-08-09,200.1669769287109,203.59888638315124,198.746232802117,200.07471569765357,238800,0.004119078437240686,0.0,0.014479030925524317,0.01541339004498754,3,8
2018-08-10,198.92144775390625,200.1853585859189,198.39559834554368,200.07464233383027,154700,-0.006222450845367211,-1.0,0.014398390898889585,0.026154289744388715,4,8
2018-08-13,197.04872131347656,199.81638915408675,196.01546315764975,199.1244721939342,151000,-0.009414401823309215,-1.0,0.014143408208759043,0.004893226227075997,0,8
2018-08-14,200.6835784912109,202.39031249188903,197.37160627633864,197.70372695463493,146500,0.018446489545861144,2.0,0.01429087961907815,-0.006973676905348003,1,8
2018-08-15,204.8811798095703,205.416263826404,198.3125874652786,199.3643004426184,410100,0.020916516188907996,2.0,0.014589819203951858,0.02338145114753809,2,8
2018-08-16,204.1339263916016,207.19680433628045,203.70954452847036,205.6469173448468,164500,-0.003647252610821883,-0.0,0.015124607047005084,0.035241530268673715,3,8
2018-08-17,205.41622924804688,205.84983149771412,203.5803385722837,203.7187303558198,181100,0.006281674384616354,1.0,0.015169392683953847,0.030792986078873152,4,8
2018-08-20,207.8702850341797,208.2946528300798,205.65614261018507,206.16355112883497,217100,0.011946747319411921,1.0,0.015131042542450379,0.028737445550036655,0,8
2018-08-21,204.93655395507807,205.39783187557455,193.93046952903367,196.5043941314865,868800,-0.014113277800235968,-1.0,0.015289036212292944,0.04203872627453098,1,8
2018-08-22,205.55465698242188,206.10819609712465,202.371842265592,204.41069679176,331400,0.0030160701710604254,0.0,0.0128282806197037,0.0680833531020184,2,8
2018-08-23,203.9863128662109,205.6469161164595,202.9622753683147,204.51216235049048,306300,-0.0076298155402292345,-1.0,0.01280232593526902,0.06409080676311318,3,8
2018-08-24,203.2021484375,204.77050465948287,202.288827146416,204.74281503279423,149800,-0.0038442012000345915,-0.0,0.012004484802328257,0.07685167709932528,4,8
2018-08-27,205.0011138916016,208.5898550995636,202.8976738872188,204.02319299813493,366300,0.008853082843535587,1.0,0.011406526326775098,0.05055824822811239,0,8
2018-08-28,206.6063690185547,207.19680416868292,204.5306184642951,205.6007865729914,140700,0.007830470266624534,1.0,0.011451574067079385,0.05252935008141768,1,8
2018-08-29,205.89599609375,207.27060929953967,205.27788539878108,207.01229480245075,195800,-0.003438291511433933,-0.0,0.011345738604515307,0.0489951841290861,2,8
2018-08-30,206.03440856933597,206.3942048032938,203.67266774365496,205.8129900880212,151200,0.0006722446196716358,0.0,0.01090616400067397,0.028100259127955773,3,8
2018-08-31,205.55465698242188,206.3572760293649,204.336890637994,205.11183413691032,196600,-0.002328502264478005,-0.0,0.010296984344315595,0.043793309819905035,4,8
2018-09-04,207.02149963378903,207.88870427002945,204.1615853246008,204.99187984857213,183400,0.007136022471593062,1.0,0.009874356778729432,0.025639795758715778,1,9
2018-09-05,208.46994018554688,209.3924960073789,206.58791842584216,207.1045615108192,300200,0.006996570666911728,1.0,0.009953295574342024,0.030066403236236994,2,9
2018-09-06,208.3315887451172,210.12133544067692,207.2337449262,208.4607460133965,236700,-0.0006636517490558047,-0.0,0.009811200712479914,0.026249950705428793,3,9
2018-09-07,209.4017333984375,211.7265781986736,206.2742694730961,206.84626370121453,304700,0.005136737351096432,1.0,0.00980358337501334,0.02692148873774114,4,9
2018-09-10,207.62115478515625,211.32059792624312,207.41819141311836,210.28734008829176,359900,-0.008503170362459511,-1.0,0.008842102094519641,0.050444377935952245,0,9
2018-09-11,209.96446228027344,210.0474889202684,207.03996220697545,207.1229888469704,208100,0.011286458249122111,1.0,0.009142132270226644,0.037239798346458075,1,9
2018-09-12,210.0014190673828,210.84093429794527,207.2245166000945,209.09730408510495,215300,0.00017601448696602517,0.0,0.00917395117065927,0.05551444879905021,2,9
2018-09-13,210.9146881103516,212.16936447588623,208.09166980716935,210.970039202244,321300,0.004348870817276529,0.0,0.008775164599870813,0.0657334778300862,3,9
2018-09-14,208.5806427001953,210.342727701104,207.55660517330392,210.342727701104,241400,-0.01106630093459915,-1.0,0.00804947778696334,0.05098129949675356,4,9
2018-09-17,206.61561584472656,209.46631006321215,205.5269926138191,208.27620512499203,244700,-0.009420945443596063,-1.0,0.00736797627724148,0.01805662625558635,0,9
2018-09-18,206.1820068359375,206.9384952939639,202.07662214427984,206.6801807885808,302200,-0.002098626509987156,-0.0,0.0076477092064282355,0.012157163177100694,1,9
2018-09-19,203.56190490722656,207.5565726858932,202.9622493468076,206.28345542149748,243000,-0.012707713776381024,-1.0,0.007554681108541162,0.0037279312870937,2,9
2018-09-20,202.9161529541016,205.7299510643448,202.19656052946036,204.5767562713832,353800,-0.003172263265168729,-0.0,0.007554334731612779,-0.0207262915247588,3,9
2018-09-21,199.9362945556641,205.31479657111373,199.6595249996194,203.50658100509523,933100,-0.014685170968678496,-1.0,0.006956130454527671,-0.009858665826006585,4,9
2018-09-24,199.3643035888672,200.47136767557743,197.1040307353577,200.1761430780101,344900,-0.0028608660977141875,-0.0,0.007561447591677807,-0.027332693451154633,0,9
2018-09-25,199.3274383544922,200.2961249273712,198.506364113632,199.60420795775573,290500,-0.0001849139174434633,-0.0,0.00743207836042399,-0.02265842846218402,1,9
2018-09-26,200.1761932373047,202.14124198564036,198.38643237806207,199.17983108647616,235100,0.004258093566140264,0.0,0.00740649927065771,-0.019068253523901957,2,9
2018-09-27,200.94415283203125,202.2580559102077,199.2323839589137,200.5555348048576,248600,0.0038364182189045692,0.0,0.007168307615852758,-0.023536070427637612,3,9
2018-09-28,202.08224487304688,202.97977248150545,199.7135174556123,200.03737286355351,316600,0.005663723104035512,1.0,0.006969491009575569,-0.02740581625542693,4,9
2018-10-01,200.6110992431641,204.36775521994363,200.17621403218388,203.48873702792963,189800,-0.007279935111602631,-1.0,0.00711139022829357,-0.018522707061125243,0,10
2018-10-02,201.60110473632807,202.78546843278664,199.70426762101087,200.41674103986963,182200,0.0049349487485932375,0.0,0.007236028957213131,-0.02632234763033181,1,10
2018-10-03,201.9064178466797,203.5626715529847,201.7213495775593,201.7676166448394,193300,0.0015144416532386629,0.0,0.00735424918687555,-0.01923358149181653,2,10
2018-10-04,198.4736175537109,202.0174605310851,197.97396990357808,201.30498718149477,303400,-0.01700193747964729,-2.0,0.0071465475935490325,-0.024707973790923488,3,10
2018-10-05,198.4921112060547,200.64802661417025,195.91055855206025,198.88997691703312,154500,9.317939871156256e-05,0.0,0.007675203494977813,-0.04795090660523438,4,10
2018-10-08,199.1675720214844,200.0280801898148,196.55826186191436,197.86291694169932,188900,0.0034029605072238844,0.0,0.007685086368442336,-0.047229887691686456,0,10
2018-10-09,195.36463928222656,200.25014207615385,194.9297542807569,199.79674742476124,269400,-0.019094136162123854,-2.0,0.0076104541085234186,-0.048873336485138474,1,10
2018-10-10,189.4983673095703,195.9290951165692,188.97094809236137,195.9290951165692,420800,-0.030027296619332122,-3.0,0.008352920802890676,-0.05903307644932698,2,10
2018-10-11,183.6690826416016,190.673497255352,183.4562710330948,188.89693753277504,442600,-0.030761661700471676,-3.0,0.009623141494967371,-0.09747409036955845,3,10
2018-10-12,182.4662170410156,189.44287453056884,178.98715018313214,187.2592011520223,383700,-0.006549091351064074,-1.0,0.01107718906895466,-0.12539123089131132,4,10
2018-10-15,184.78868103027344,185.9082680190323,182.00356403172967,182.58649812328147,396700,0.012728186219456594,1.0,0.010805278729256615,-0.13488141259489528,0,10
2018-10-16,188.6101226806641,188.9524877888854,183.96520136622897,185.565940731762,289600,0.02068006345997242,2.0,0.011558960584068521,-0.11406600997063476,1,10
2018-10-17,185.74169921875,188.4897965502206,183.7985952466321,188.06415927639563,310900,-0.01520821587487442,-2.0,0.012865231431423192,-0.08714488055730385,2,10
2018-10-18,182.29039001464844,185.43636743838096,180.68965094206385,184.5480876395535,431800,-0.018581229840246682,-2.0,0.01307187228887934,-0.09913720373015966,3,10
2018-10-19,178.69105529785156,183.47477760550905,177.85830434926734,183.1694459447637,357500,-0.01974506015653177,-2.0,0.01330848907017475,-0.1044965407563494,4,10
2018-10-22,180.3380584716797,181.67047126085407,164.10856419828585,172.75072355413678,1211500,0.009217043187096374,1.0,0.013671347112392585,-0.11938476707534273,0,10
2018-10-23,182.6975250244141,185.39010783067627,172.97278451240257,176.64616718435315,744000,0.013083575218288956,1.0,0.013900462773017106,-0.09802240322368316,1,10
2018-10-24,182.9010467529297,186.99080392010072,181.7259310906365,181.7999555697056,700100,0.0011139818587493355,0.0,0.014437216414927446,-0.08359961269106453,2,10
2018-10-25,189.8129730224609,191.4877366901136,183.36373514779905,183.76161505774775,710900,0.037790523303391055,4.0,0.01445736529990295,-0.08240908395335478,3,10
2018-10-26,184.19647216796875,187.7218053846324,182.2811256443613,186.5836947899988,693700,-0.029589657466813635,-3.0,0.017035445387446405,-0.05177049302040826,4,10
2018-10-29,184.9182281494141,190.8955618359322,182.8455844957216,186.047077072019,438000,0.0039184028496874745,0.0,0.017961037999925315,-0.08334495146052767,0,10
2018-10-30,193.68067932128903,194.16181739640663,184.8349421150841,184.94598592519037,595300,0.047385545814309094,5.0,0.01791816134804621,-0.08493579796886985,1,10
2018-10-31,195.1333770751953,197.17826338883685,191.0528663350373,195.4294750885877,496200,0.007500478411150535,1.0,0.021113634230169428,-0.03454654277864544,2,10
2018-11-01,196.80812072753903,198.61242369093483,192.37601169854491,195.7532963705747,284900,0.008582558644994576,1.0,0.021159868907969823,-0.032081806642834776,3,11
2018-11-02,196.5952911376953,198.28856426186212,193.06069591136583,198.1035100987312,376200,-0.001081406544897412,-0.0,0.02126349526266372,-0.02525079278565634,4,11
2018-11-05,198.33480834960935,199.29709835761813,195.087049570287,196.9376192246105,350200,0.008848214023069678,1.0,0.020945993941076567,-0.009463859424577059,0,11
2018-11-06,196.79888916015625,198.66796900573385,195.5312530977061,198.00176260768103,238600,-0.0077440727738808945,-1.0,0.021039976554648628,-0.0007924892102237902,1,11
2018-11-07,200.54624938964844,200.84233320864783,195.586721882549,198.8529763699346,169700,0.01904157206112367,2.0,0.02109493101316457,-0.011892914279602929,2,11
2018-11-08,199.25086975097656,201.4993196567023,197.74266479233003,199.6394877591466,251600,-0.006459256369113375,-1.0,0.021042842462645078,0.02652276341542259,3,11
2018-11-09,195.9291076660156,198.57542345118893,194.152562079419,198.15904800598693,302600,-0.016671255132349017,-2.0,0.019875824763182795,0.05146483624037912,4,11
2018-11-12,196.8451385498047,198.93627759433295,194.95754921870056,196.2807141276949,229200,0.004675317999970563,0.0,0.018908293303228484,0.06675061936437787,0,11
2018-11-13,202.7669677734375,204.8488591614129,197.32628709486843,197.9647360461776,371200,0.03008369557541557,3.0,0.018775608383019726,0.07880319843292916,1,11
2018-11-14,199.13064575195312,204.71936247461093,198.00179661242504,204.5343082475329,294600,-0.017933502983323413,-2.0,0.01955475158616255,0.0972910604855648,2,11
2018-11-15,199.1213531494141,200.3242266179794,193.6066617919624,197.04872353586677,300900,-4.666585850687799e-05,-0.0,0.019782368102514842,0.05577920697873329,3,11
2018-11-16,199.7320098876953,201.07367024155687,197.37253044126135,197.59460391202117,226400,0.003066756671862292,0.0,0.019365601116407897,0.07203365742286394,4,11
2018-11-19,200.2779235839844,203.18331774744163,199.3526386386957,199.48217796628705,184700,0.0027332308756922163,0.0,0.018696323718353957,0.09568041338682365,0,11
2018-11-20,196.71560668945312,201.656625453188,195.53124295849187,197.8259459223881,326400,-0.017786867522807448,-2.0,0.017862165526326957,0.12080553360743607,1,11
2018-11-21,197.84446716308597,200.32422445790692,197.057969179385,197.168998873562,226600,0.005738540488121613,1.0,0.0185473164843098,0.09081581756268808,2,11
2018-11-23,196.0493927001953,198.70495616447,195.7995617939156,196.70633715168984,189300,-0.009073159783694829,-1.0,0.018442553881200523,0.08290721035573845,4,11
2018-11-26,200.4722595214844,200.93490204002265,197.4465734970001,198.2515669612633,134800,0.022559961856411626,2.0,0.018653931832799057,0.0718877566896976,0,11
2018-11-27,198.92703247070312,199.15835372679408,194.4763996437812,199.0010569668997,208700,-0.007707934526550719,-1.0,0.01751431369806411,0.05615678596300255,1,11
2018-11-28,204.2936553955078,204.691535260872,197.51132921957696,199.62097775023395,165800,0.02697784638995726,3.0,0.01608686022699743,0.0799720001656794,2,11
2018-11-29,205.89442443847656,207.5136732064487,201.40678649117655,203.07230233340795,191900,0.007835627787214916,1.0,0.016864151527491503,0.10477835224788312,3,11
2018-11-30,209.0311584472656,210.16000738859927,205.2189742688561,206.1072541690988,250100,0.015234671931227073,2.0,0.013813599101085037,0.06306124679027292,4,11
2018-12-03,208.8830718994141,213.42622427141308,204.33991952741505,211.89024790682527,265500,-0.0007084424587775473,-0.0,0.014040640909943555,0.07122195895125993,0,12
2018-12-04,199.2786102294922,208.1150841069521,198.4828646274452,208.1150841069521,234500,-0.04598008628744632,-5.0,0.014014699740409317,0.0613539275068411,1,12
2018-12-06,200.48150634765625,201.06444043627036,196.02163983163024,196.02163983163024,474100,0.006036253046821205,1.0,0.01761898491214913,0.013648948946175299,3,12
2018-12-07,195.28143310546875,202.01750784638455,195.17038928708757,200.02813630902097,221200,-0.025937919845684054,-3.0,0.017565320435300485,0.010823606889330595,4,12
2018-12-10,192.3482666015625,195.9106056819012,189.63717398031145,195.9106056819012,291100,-0.015020201650825071,-2.0,0.018428088701727446,-0.007710694207489044,0,12
2018-12-11,191.7653350830078,196.55830507672903,191.06212349668868,194.716996781883,260000,-0.003030604480373067,-0.0,0.018146138701775463,-0.04087826530307126,1,12
2018-12-12,197.7333984375,199.8800663793286,193.60663531158195,194.30984681732144,310800,0.03112170065517228,3.0,0.018117786039161112,-0.03756839143198798,2,12
2018-12-13,201.01817321777344,204.4139675912324,199.40817217922464,199.70427016647784,299500,0.01661213940704953,2.0,0.019112884288766948,0.009208895977620868,3,12
2018-12-14,197.8999938964844,201.6288919496833,196.66936294343083,198.5384429138092,306800,-0.015511927460961195,-2.0,0.019414905824952235,0.02119958206086414,4,12
2018-12-17,194.48565673828125,196.974675651492,193.58812915726332,196.974675651492,415900,-0.01725284114960146,-2.0,0.0185512108923368,-0.024002794589260912,0,12
2018-12-18,198.2145538330078,200.12063867404495,195.32766915094987,196.33622641247285,313100,0.019173121335855248,2.0,0.01852069942120156,-0.023326339329295953,1,12
2018-12-19,195.79034423828125,202.65595838686744,195.2721726922956,198.1590719735774,313200,-0.01223023006054802,-1.0,0.019035765413787348,-0.004554003385693339,2,12
2018-12-20,194.35614013671875,196.8081400301901,192.67211445989668,195.32769232575225,196400,-0.0073252034319784,-1.0,0.01920273101985457,-0.019734771865713263,3,12
2018-12-21,191.0621032714844,198.53840770855248,190.83078202325356,194.5966846027127,366900,-0.016948457933550154,-2.0,0.019236336422234785,-0.02956782925094792,4,12
2018-12-24,189.63720703125,193.93979186660616,188.41583785672535,190.56249227084496,188100,-0.007457764861981797,-1.0,0.019201139211925608,-0.028739475800177217,0,12
2018-12-26,199.00103759765625,199.13982469031072,189.07272008709512,189.8684656953453,171700,0.04937760217520615,5.0,0.01917824376174939,-0.04148339475710794,2,12
2018-12-27,202.72994995117188,202.7577073717836,196.07714851580167,196.28071234610692,197700,0.018738155330902284,2.0,0.022095585893140143,0.015055618672457083,3,12
2018-12-28,202.3030548095703,204.641607848341,200.3913860068007,203.19393687770344,227500,-0.0021057329797811164,-0.0,0.02192371148748569,0.011261859546435327,4,12
2018-12-31,203.1011657714844,204.51172338298724,201.2266102498904,203.42596997258516,196400,0.003945125607051958,0.0,0.021849457164320893,0.01697115920816028,0,12
2019-01-02,200.5677490234375,201.8669375586743,198.1085515073273,200.43783016991384,251200,-0.0124736691609999,-1.0,0.021045010988598168,-0.005837134891510831,2,1
2019-01-03,196.9670867919922,200.4749093956925,195.24101422825944,199.43555874573408,217300,-0.017952349014120683,-2.0,0.02113010667816824,-0.02587090655595059,3,1
2019-01-04,203.7971649169922,204.0477277560709,200.1315842182752,200.35429415515176,182100,0.0346762407681489,3.0,0.021093419134870544,-0.05771422664873638,4,1
2019-01-07,203.2218017578125,205.52322733642364,202.2102755919708,204.06626715925864,248000,-0.002823214736152213,-0.0,0.02261203294413267,-0.024348105072252935,0,1
2019-01-08,205.9501190185547,206.20068187118403,202.869180057705,205.36549124254412,287300,0.013425317742205678,1.0,0.020138932297979986,0.019787329527134245,1,1
2019-01-09,208.5206756591797,210.5437140821116,205.58820522011555,206.85956923052325,182600,0.012481452561789563,1.0,0.020293003442143,0.027277392167112335,2,1
2019-01-10,208.854736328125,209.04962168015408,206.2749090894288,207.39779025854548,217800,0.001602050577906855,0.0,0.019410585676485657,0.06779570562942672,3,1
2019-01-11,208.83615112304688,210.59935149153137,207.5833653939539,208.31647578415576,198300,-8.898627536468862e-05,-0.0,0.01895959521796063,0.08581553667314634,4,1
2019-01-14,208.01022338867188,209.43005562838596,206.59039114895785,207.69470825986656,133000,-0.003954907854475609,-0.0,0.01891511512411813,0.08901930076491538,0,1
2019-01-15,208.24221801757807,209.439340334703,203.518723561546,208.3999897388221,193100,0.001115303974616122,0.0,0.017946282796599367,0.05197313672035131,1,1
2019-01-16,204.23329162597656,208.91038363813448,203.79713252213344,207.9174356205125,225700,-0.019251266288678792,-2.0,0.01765613973443759,0.03593727215886311,2,1
2019-01-17,204.7530059814453,207.546268422377,203.528058809509,203.528058809509,407200,0.0025447092946067063,0.0,0.01785747666616525,0.03200251604254678,3,1
2019-01-18,209.1423797607422,209.57853885874988,206.2284739213385,206.71103563489615,335500,0.021437408248329293,2.0,0.01732421913820696,0.05279232111692855,4,1
2019-01-22,207.8524627685547,208.7155060906462,206.0521489328771,208.5020568948069,383600,-0.006167649969667344,-1.0,0.01743923084315073,0.05513129947531947,1,1
2019-01-23,208.5670623779297,209.3929780985843,206.6368293561553,208.5763372385779,195600,0.00343801367497254,0.0,0.017228596033955476,0.06160732071441455,2,1
2019-01-24,209.32798767089844,210.64573980792983,207.98238263680443,208.60413802934173,173000,0.0036483483264002636,0.0,0.017065706747703926,0.07311794847960207,3,1
2019-01-25,208.14947509765625,212.25121511674251,207.79683213815653,211.39746062119497,237300,-0.00562998090391531,-1.0,0.016410873832993313,0.09560181787311128,4,1
2019-01-28,207.8246307373047,208.7433515627052,205.97792838738053,206.76671622324827,298000,-0.0015606302163344576,-0.0,0.016349105608085352,0.09761938786282398,0,1
2019-01-29,210.41375732421875,211.55518810949775,207.52769003194103,207.52769003194103,308200,0.012458227774679864,1.0,0.012751919977642457,0.04433943282993402,1,1
2019-01-30,208.14013671875,211.62012038302157,206.96159244638136,211.2674916672364,274100,-0.01080547505249585,-1.0,0.012412454220533808,0.03790168830455265,2,1
2019-01-31,212.77088928222656,214.04223907701123,206.7110774596512,207.59267069311704,494000,0.022248244074778656,2.0,0.012692947131039578,0.028853157529797002,3,1
2019-02-01,213.23483276367188,214.31131108297384,211.675806916481,212.77083495294755,288000,0.0021804838199925847,0.0,0.01347827808168742,0.04761037916257882,4,2
2019-02-04,215.7404327392578,216.58491221046305,213.45757128533972,213.78236127881763,252800,0.011750425308621582,1.0,0.013047438256455041,0.06315613453264679,0,2
2019-02-05,218.1439666748047,220.612424595976,212.3347042459616,219.14618961898748,622400,0.011140859898300937,1.0,0.012247876168334932,0.09531209631531623,1,2
2019-02-06,218.0697326660156,221.79099063297767,217.03965678746715,218.1532488874972,241100,-0.00034029824395631625,-0.0,0.010255114522624892,0.07039745505613904,2,2
2019-02-07,216.15805053710935,219.4245996520468,215.2022160151965,217.3737369050656,192300,-0.008766379935147062,-1.0,0.010195190619795584,0.07306268707280705,3,2
2019-02-08,216.4271545410156,216.4828320164375,213.81948893476203,215.11867722824024,201300,0.001244940927425997,0.0,0.010255425761674585,0.04956506734349109,4,2
2019-02-11,220.4918670654297,221.00225356467092,216.91907661016504,216.91907661016504,373500,0.018780972900716897,2.0,0.009990437180744806,0.03791700202793691,0,2
2019-02-12,226.32888793945312,228.0642354993548,222.3106645532916,222.3106645532916,516000,0.026472726417121395,3.0,0.010652962818573029,0.05571877823743465,1,2
2019-02-13,226.95062255859372,229.50261069347505,224.27799045338003,227.2382989554568,292400,0.0027470404896210443,0.0,0.01182521041017671,0.08376297265744692,2,2
2019-02-14,226.63514709472656,229.15000791274795,225.9577140906221,225.9577140906221,298600,-0.0013900621214895104,-0.0,0.011692196620959355,0.09105513595132897,3,2
2019-02-15,228.9458465576172,231.18230563984704,227.21048480921425,227.98999787090656,246400,0.010195680116309669,1.0,0.011738185021258079,0.08832468868342502,4,2
2019-02-19,228.91799926757807,229.96663906252093,227.3125704835332,228.09208356433152,280000,-0.00012163265006914781,-0.0,0.010502517963705226,0.12100159937145838,1,2
2019-02-20,230.6440887451172,230.6997803921446,227.303312088232,229.0850624705894,274100,0.007540208647033975,1.0,0.01055608957856242,0.11802021254976136,2,2
2019-02-21,231.0059967041016,231.81336271044356,229.1314553102794,229.78104956358868,189900,0.0015691187272712792,0.0,0.009915203267743367,0.10280895248955679,3,2
2019-02-22,230.79254150390625,232.35158173600928,229.3912730110798,231.62774617970516,318600,-0.0009240244982416934,-0.0,0.009630169008021492,0.11139408033537967,4,2
2019-02-25,230.10581970214844,232.55572778054767,229.0015025549751,232.54643876110177,264300,-0.0029754939101712674,-0.0,0.009714163436623147,0.10656274712113145,0,2
2019-02-26,227.76731872558597,231.10809551007023,227.4703532371373,227.8508349591769,265000,-0.010162719828596511,-1.0,0.00986249448735395,0.09925969414045355,1,2
2019-02-27,228.91799926757807,229.0943207368261,226.48665478028656,226.54233226318755,168100,0.005052000209821328,1.0,0.010142347048096264,0.09424882584366712,2,2
2019-02-28,227.5909576416016,228.7045497093587,226.31031897563057,228.67671096967163,164100,-0.005797017404583049,-1.0,0.010052019165124543,0.1014959990807629,3,2
2019-03-01,227.91575622558597,230.58837429060537,226.5330374946604,229.20566971977087,243700,0.0014271155029623728,0.0,0.010133089320385022,0.0816353480676415,4,3
2019-03-04,227.7393951416016,229.70674120935263,226.0597254335588,228.60242422072645,198000,-0.0007737994375861534,-0.0,0.009588957179789142,0.09501108156548321,0,3
2019-03-05,229.86453247070312,231.0523658360286,226.2546297576252,228.07350756333085,376900,0.009331443634423398,1.0,0.008720018142610957,0.07035034684430119,1,3
2019-03-06,228.27767944335935,229.1592725730812,225.7256911330592,228.39830926189325,216000,-0.006903427032815657,-1.0,0.008814109814928915,0.07798772598031367,2,3
2019-03-07,226.44021606445312,227.6559022744172,225.04822257343585,227.60021064030087,220300,-0.00804924679183161,-1.0,0.00889327259652813,0.058112642794473146,3,3
2019-03-08,226.55165100097656,226.9599714759337,224.18525854663412,224.65853137346497,135000,0.0004921163672257922,0.0,0.008971485044148448,0.038031074230973294,4,3
2019-03-11,228.1477508544922,228.1477508544922,226.00406887097807,226.92278972105555,191600,0.007045191886545732,1.0,0.008963312031313004,0.038895440606383724,0,3
2019-03-12,229.6232452392578,230.20788702830012,226.9877409992816,228.10133294405145,244900,0.006467275610824164,1.0,0.008686157234618035,0.05546728556993763,1,3
2019-03-13,230.3656768798828,232.85269876647584,229.4655198429956,230.4584679615679,265300,0.003233259942178046,0.0,0.008719826390840658,0.060972435396231095,2,3
2019-03-14,230.3470764160156,231.13587836556724,229.1221153875481,229.985158686712,191300,-8.074320844642102e-05,-0.0,0.007924027627017051,0.044780834530840696,3,3
2019-03-15,232.13812255859372,233.30740622253307,230.08725995707528,230.73685412588,362000,0.007775423810213455,1.0,0.005629852617109671,0.017753758758525695,4,3
2019-03-18,234.08692932128903,234.65300729853905,230.8203802971535,232.008213731368,191400,0.008395031118610952,1.0,0.005818199443345527,0.02285739488844407,0,3
2019-03-19,234.61590576171875,236.5368497110936,233.80853978407256,234.4859727555823,374400,0.0022597436002234073,0.0,0.005998440209306117,0.032880082026499835,1,3
2019-03-20,238.11444091796875,240.7406849132688,233.85494355871435,233.85494355871435,413600,0.014911756067396365,1.0,0.005667993669081814,0.02476594045865177,2,3
2019-03-21,241.6129608154297,243.25553142423115,236.64819202968712,236.64819202968712,311500,0.014692598583998517,1.0,0.006397653872183973,0.0401735192506254,3,3
2019-03-22,238.61557006835935,243.42258162597508,238.1701218788571,239.88691981234413,290600,-0.012405753139046571,-1.0,0.006884938590166463,0.04755756858973359,4,3
2019-03-25,241.4366607666016,243.93294321778947,239.03312691179056,239.4692860363097,274800,0.011822743576347827,1.0,0.007591848696766946,0.03294102089481665,0,3
2019-03-26,243.23699951171875,244.49908870246205,241.78932812717,243.08854508474968,267500,0.007456774540373301,1.0,0.007886175661422409,0.046119858091320465,1,3
2019-03-27,243.92367553710935,245.57550675116943,241.42736483718417,243.8123205842799,281400,0.0028230739022807594,0.0,0.007873818743596606,0.057065830957980346,2,3
2019-03-28,245.2229461669922,246.40149090694425,241.76151084702008,245.0373356365189,348300,0.005326545801763283,1.0,0.007304474669523537,0.07093360409176408,3,3
2019-03-29,245.9578094482422,247.046213178778,244.0600936973064,246.739215136523,363000,0.0029967150005185683,0.0,0.007308023164744906,0.07122614626888968,4,3
2019-04-01,249.16720581054688,251.1672355267669,247.688113274674,248.1625209706294,470900,0.013048564587171851,1.0,0.00700596968763273,0.08070114910085202,0,4
2019-04-02,248.80430603027344,249.53921044236117,247.148464501945,249.37177249194227,412800,-0.0014564508162016043,-0.0,0.007269348733477316,0.09324256443212597,1,4
2019-04-03,251.03695678710935,252.488171202001,248.99973779559855,250.3113637741354,382900,0.008973521368895732,1.0,0.007294557737909972,0.09249568295188593,2,4
2019-04-04,251.62298583984372,252.8137031541479,249.7717998342851,251.53926685551065,396200,0.002334433384767909,0.0,0.007282491468898926,0.09210826954830331,3,4
2019-04-05,254.8136749267578,254.8136749267578,252.25549161886508,252.71130428745,356200,0.012680435677466129,1.0,0.006842055786545271,0.10226714435423756,4,4
2019-04-08,257.08355712890625,257.6510236864987,253.75327875557025,254.45096538918835,282800,0.008908007793541284,1.0,0.006396148069121259,0.12530220715841645,0,4
2019-04-09,253.8369903564453,255.22305201042752,252.98117734192485,253.957927244983,540100,-0.012628449709963574,-1.0,0.006319566073142563,0.1347679700987836,1,4
2019-04-10,250.97178649902344,254.4044062238984,249.3345398214428,254.19975038920083,429300,-0.011287574176633841,-1.0,0.007511649781019647,0.11259913545383649,2,4
2019-04-11,252.12530517578125,252.7113664016852,251.28808701974887,251.8741482456528,366000,0.004596208573278471,0.0,0.008309345169613208,0.09297203877386773,3,4
2019-04-12,254.4230194091797,255.6416429348692,252.5625220094782,252.96252213706904,323500,0.009113382061338493,1.0,0.008306121936381604,0.09445690256732275,4,4
2019-04-15,257.0648803710937,257.7253488913328,255.2136948448634,255.2136948448634,306900,0.010383734019228763,1.0,0.008303757660207177,0.10452028898201426,0,4
2019-04-16,252.99978637695312,256.64637443946066,252.02303641876955,255.84634564879715,512200,-0.015813494197543743,-2.0,0.008370077297286721,0.10737899289337216,1,4
2019-04-17,249.9299468994141,254.9811908540627,249.36248039343155,253.22300707055624,312300,-0.012133763120910968,-1.0,0.009460956755268906,0.08079416100035997,2,4
2019-04-18,251.7625732421875,252.94397911258943,249.0555455653359,250.0322955443591,299500,0.007332560045359315,1.0,0.01007567182690983,0.06527281723707445,3,4
2019-04-22,248.9624786376953,250.23691488876472,240.67395883080368,246.3670766644814,767000,-0.011121965304185966,-1.0,0.009760887210820062,0.0573175329963318,0,4
2019-04-23,246.1159210205078,247.9857017219119,240.9809297011028,246.30195373897345,711400,-0.011433681222823844,-1.0,0.009800884236730308,0.03041855783506575,1,4
2019-04-24,247.3438720703125,248.2369029875036,244.90659631821904,245.8368451370675,466800,0.004989319848602403,0.0,0.009734122372284193,0.031432780979044006,2,4
2019-04-25,250.1903839111328,250.4694471484817,245.1763300982587,246.86938944200335,372000,0.011508317618684094,1.0,0.009483484798854316,0.024466919335922377,3,4
2019-04-26,252.4509429931641,253.95794162099187,249.5113531560062,250.2183513819768,477900,0.009035355582787785,1.0,0.009656876959314897,0.028586869651296754,4,4
2019-04-29,255.5020904541016,256.3765264317065,250.40431777497216,252.68343825916412,366600,0.012086100470696692,1.0,0.009797181714288231,0.03495875272163751,0,4
2019-04-30,252.5160217285156,254.91605089058697,251.68808675634057,254.91605089058697,459900,-0.011687061817298172,-1.0,0.010031109258941637,0.04191754665613345,1,4
2019-05-01,246.81362915039065,253.2509352282065,245.7717549913644,252.49743593859137,613800,-0.022582300081757545,-2.0,0.010461103183134314,0.026663972552794624,2,5
2019-05-02,247.5206298828125,248.62762841229025,245.79038045021747,246.86947264655484,378100,0.002864512526538965,0.0,0.011315932526268942,-0.009445772177361755,3,5
2019-05-03,253.0369873046875,254.2462993993016,248.73924235470284,248.73924235470284,294300,0.022286455171379727,2.0,0.011334852294310851,-0.005159380751652898,4,5
2019-05-06,252.0694580078125,253.39970665938085,249.0089322410356,249.0089322410356,200400,-0.0038236674692541106,-0.0,0.012211106204428702,0.007967076016119234,0,5
2019-05-07,247.213623046875,251.4090542948033,245.6229055191645,250.3206506880913,320000,-0.01926387670808971,-2.0,0.012237479729907737,0.0017743695651595282,1,5
2019-05-08,250.37640380859372,251.78108827230008,246.2647209141628,247.46472116236143,335400,0.012793715502964043,1.0,0.01258329275907813,-0.029825918416926944,2,5
2019-05-09,251.16717529296875,251.4834564774056,247.25083580489647,248.94386704053596,256000,0.0031583307066729294,0.0,0.012769109655736306,-0.026089390528190926,3,5
2019-05-10,257.4090881347656,258.9812105763889,249.89269176334767,250.97178357107893,374400,0.02485162654919426,2.0,0.01252377516111245,-0.01051783295936315,4,5
2019-05-13,252.94387817382807,254.5532183314964,249.3251978087192,252.87875396416325,385000,-0.017346745576441336,-2.0,0.013408718794221803,0.025649503179383304,0,5
2019-05-14,255.6509246826172,257.35326711361984,252.86946209006572,253.39971060046796,232400,0.010702162583783759,1.0,0.013981144276885711,0.0032466911541311205,1,5
2019-05-15,256.2091064453125,256.9439824696733,253.12995716654228,253.94858055518745,192300,0.0021833747066952736,0.0,0.01403571143079679,0.004826234969968368,2,5
2019-05-16,255.02772521972656,259.1301261943663,254.59981868308304,256.74869132852155,632500,-0.0046110040426611265,-0.0,0.01385472194784317,-0.003329019213148876,3,5
2019-05-17,257.2510681152344,259.1487556477801,253.15797816587448,253.93007234985924,395200,0.008718043865984404,1.0,0.013427201028948706,0.008015575316541845,4,5
2019-05-20,254.78579711914065,257.2323270370321,254.25554861537083,256.41373213360555,220600,-0.009583132206819167,-1.0,0.013218223367646073,0.029292693039168816,0,5
2019-05-21,261.02789306640625,262.1627980601756,255.530117690856,256.8510554640778,253100,0.02449938739853197,2.0,0.013357083764954184,0.012008233940494772,1,5
2019-05-22,258.3487243652344,262.5162496366329,258.01382000064086,259.69759661913747,177800,-0.010263917276037149,-1.0,0.014031703944099586,0.04846278240292268,2,5
2019-05-23,257.0928955078125,258.28361301778085,253.70680412184885,256.8231153657809,234500,-0.00486098338788965,-0.0,0.013976463651627082,0.04970342143654838,3,5
2019-05-24,255.19520568847656,256.5719844824992,253.0649558349625,253.0649558349625,185100,-0.007381339012062504,-1.0,0.014050508006582203,0.03941485736395611,4,5
2019-05-28,252.42300415039065,256.5346877301928,251.03691420753304,256.5346877301928,368500,-0.01086306277034843,-1.0,0.014011679593023164,0.02000405330974453,1,5
2019-05-29,250.7206573486328,251.19509334189505,248.61831427293671,251.19509334189505,266000,-0.006744024014323169,-1.0,0.014116165841964788,-0.00011067038388601347,2,5
2019-05-30,256.7859191894531,256.9905750869038,249.51136583973107,251.47417742937452,216600,0.024191312773986562,2.0,0.013912605374611009,-0.018713870782703923,3,5
2019-05-31,245.68798828125,251.6881041853329,243.72517700912695,251.03691869270983,703300,-0.043218611609366464,-4.0,0.014690942622189432,0.016909412051201222,4,5
2019-06-03,250.5810394287109,250.95313315913023,245.64142205589448,245.7902652258486,291500,0.019915711719123985,2.0,0.016869023877018496,-0.004560691696870456,0,6
2019-06-04,259.2138671875,259.40921152031683,250.53465687643552,251.9114071691672,239300,0.03445124091779128,3.0,0.017419305096302566,0.012364260495568935,1,6
2019-06-05,258.590576171875,261.35341629180925,256.1533004264889,261.35341629180925,329500,-0.0024045434852223435,-0.0,0.018349423783706097,0.02441097623160826,2,6
2019-06-06,258.8323669433594,259.49286390359003,254.07881012186616,259.49286390359003,617300,0.0009350331905508824,0.0,0.01833217825637777,0.025870322472230534,3,6
2019-06-07,258.8975830078125,259.5301454804765,254.06958868611432,258.0231467236819,347400,0.0002519625548507154,0.0,0.017714518808183765,0.04699880109067167,4,6
2019-06-10,265.58599853515625,267.3720884945459,260.63706873684805,261.3626615727702,274700,0.02583421386031981,3.0,0.017555130572092542,0.03403347547771718,0,6
2019-06-11,261.02789306640625,266.6466053625222,258.84180208796346,266.6466053625222,273700,-0.017162446416190247,-2.0,0.01832702648584754,0.057407275554096415,1,6
2019-06-12,261.0650634765625,263.06509292269493,257.892911338461,260.3115357539086,230100,0.00014240014628175146,0.0,0.018093637234530054,0.014058574846222971,2,6
2019-06-13,257.8557434082031,263.7070180397174,257.1673681770657,262.2093022664942,264600,-0.012293180962712369,-1.0,0.01761167186296769,0.03210666872575341,3,6
2019-06-14,256.5998229980469,257.13938319441314,253.10207846085348,257.027729492829,326300,-0.004870631902769151,-0.0,0.017735401301484984,0.00862433307574828,4,6
2019-06-17,253.27880859375,257.083522449164,253.11137063761453,255.8183978175565,289900,-0.012942387744056094,-1.0,0.017769862544095332,0.0015249908879322316,0,6
2019-06-18,251.90206909179688,256.4695938995982,250.5531970373136,254.78584591897345,294200,-0.005435667948680889,-1.0,0.017975002575978654,-0.006857750954213815,1,6
2019-06-19,252.40440368652344,253.30674619123425,248.627595690874,252.50674582053264,158000,0.0019941662112490377,0.0,0.017890078886732132,-0.020792912786047002,2,6
2019-06-20,253.16722106933597,255.6974990990776,248.3392272243915,254.71143758054777,324200,0.0030222031457103338,0.0,0.0177855072752387,-0.009346649065778423,3,6
2019-06-21,249.55783081054688,252.8416078791787,249.4182991708764,251.6322958167812,402400,-0.014256941493229758,-1.0,0.016882979955846453,-0.030114298915443927,4,6
2019-06-24,251.6044158935547,252.75791542113836,249.27879369185027,250.03229301408703,417300,0.00820084497593454,1.0,0.01701075899008114,-0.03402723809179553,0,6
2019-06-25,251.9578857421875,255.69747558810568,249.93923341446649,252.3485743288821,295900,0.0014048634535188675,0.0,0.017120525043685712,-0.021348235249429637,1,6
2019-06-26,251.9951171875,254.27420976956583,251.3532432287737,252.48814792793345,302300,0.00014776852569164944,0.0,0.017061144944486087,-0.01268566130603932,2,6
2019-06-27,254.98963928222656,255.10161123853223,250.10125057500213,252.2282622270629,186900,0.011883254438213697,1.0,0.016894114975466213,-0.001695118732664036,3,6
2019-06-28,256.54766845703125,257.75111821881075,254.56992371355943,254.60724770962517,349800,0.006110166590259869,1.0,0.017007889271175185,0.017026845648612232,4,6
2019-07-01,264.1134338378906,264.262701326898,257.60180689038566,259.15973470527445,344800,0.029490680723635476,3.0,0.016211095129347985,-0.000927818523593138,0,7
2019-07-02,265.5035400390625,267.08014447070406,263.1339643330067,264.281442422091,465000,0.005263292294420463,1.0,0.01413198844592816,0.07499530475844107,1,7
2019-07-03,269.2071228027344,269.4776434682085,263.8429445554207,266.4830406269228,208600,0.013949278277521238,1.0,0.013636264323058339,0.05955159514212549,2,7
2019-07-05,268.7220153808594,269.0951984091665,265.3449196517019,268.68471985392296,248100,-0.0018019858346410844,-0.0,0.011881351901994804,0.03855216437169173,4,7
2019-07-08,268.1155700683594,269.132428091019,263.9455041290861,264.691841533236,441800,-0.002256775693053936,-0.0,0.011871236781595832,0.039179460284161305,0,7
2019-07-09,268.1716003417969,271.6419917363687,267.19206609303245,268.22757210059103,504400,0.00020897806652264705,0.0,0.011904574091045377,0.03586569653026217,1,7
2019-07-10,265.3355712890625,271.492691779578,265.1583179174405,268.65669477335325,465600,-0.010575426514663477,-1.0,0.01190484759141428,0.035821181589418494,2,7
2019-07-11,265.5221252441406,267.9010385068898,264.1880844147159,265.17695662798235,320200,0.0007030868653297162,0.0,0.01082321369500908,-0.0009429233750084531,3,7
2019-07-12,270.0467529296875,270.64379454276065,265.6807847101832,265.6807847101832,291200,0.017040492129936746,2.0,0.010082674352017514,0.017217440346848356,4,7
2019-07-15,273.0599670410156,275.1216690181844,270.960941075114,272.0337708748247,512400,0.011158120135266625,1.0,0.010679085574126574,0.03440402684877575,0,7
2019-07-16,272.7427978515625,278.46148291912243,268.67536501889555,273.58243114313944,587600,-0.0011615367601852666,-0.0,0.010368003841092058,0.058964068171803996,1,7
2019-07-17,266.8841857910156,273.7689966366901,266.38974962168527,273.28389858353063,313100,-0.021480354776353683,-2.0,0.010262159212316914,0.06291109114926585,2,7
2019-07-18,264.90643310546875,269.1604573503167,264.2347435683945,265.8859957682124,402500,-0.007410527827585667,-1.0,0.011061647618927993,0.05371699777334382,3,7
2019-07-19,260.1860046386719,268.5074915726118,260.1860046386719,265.95132424496984,457100,-0.0178192292707271,-2.0,0.01114106698055403,0.051624681212653734,4,7
2019-07-22,246.2857360839844,253.7489402077415,245.35283556851476,246.9387778327589,1073900,-0.053424351451920704,-5.0,0.011989065935260806,0.0308298937676732,0,7
2019-07-23,246.7708740234375,246.8921556652468,240.4831326423497,246.51900109266597,754200,0.0019698174452444928,0.0,0.01693977345494912,-0.02718157965429069,1,7
2019-07-24,242.8899688720703,246.25775459728172,242.31157509734655,245.80064244690945,437500,-0.01572675530175649,-2.0,0.016681213173907004,-0.011167578985830762,2,7
2019-07-25,243.1978302001953,244.5038851878431,241.63987386037948,242.8899570964041,250600,0.001267492970395745,0.0,0.016880358490802345,-0.03463550904118928,3,7
2019-07-26,245.4088134765625,246.5189673954025,241.64922544372615,243.19784375462797,215700,0.009091295241191677,1.0,0.01687918706745692,-0.034767935586488385,4,7
2019-07-29,238.63597106933597,244.9890075028424,237.93629563475127,244.7744585902842,271800,-0.02759820363123744,-3.0,0.017036155912417233,-0.026136632266715254,0,7
2019-07-30,242.2929229736328,242.5727817402784,236.4996045102228,237.46982901770133,264900,0.01532439509395811,2.0,0.01769518466784881,-0.06413463801480224,1,7
2019-07-31,239.2703094482422,243.9534592972652,237.7030293439008,242.2182781853879,318000,-0.01247503842990727,-1.0,0.01804319639489025,-0.05556373039416629,2,7
2019-08-01,237.06866455078125,241.44397006348345,233.74754113178125,239.4942114838358,400700,-0.009201496426940459,-1.0,0.016580447616675948,-0.09406232779850499,3,8
2019-08-02,236.22911071777344,238.86920710860664,234.6804921765921,237.12468739669507,255700,-0.0035413952096903234,-0.0,0.01645192434744999,-0.10709791471743746,4,8
2019-08-05,233.4583740234375,234.59651388874005,231.4339814393983,233.2344727559419,312200,-0.011729023090834012,-1.0,0.015863649708395617,-0.1225005183429938,0,8
2019-08-06,236.5276031494141,237.43251783688112,232.59077585854465,234.37260512037116,284200,0.013146793893409336,1.0,0.015877652901528164,-0.1312272137712378,1,8
2019-08-07,237.68441772460935,238.7012759793184,232.62809809580617,234.55919496810196,359500,0.004890822719175292,0.0,0.0164322204547197,-0.11781474276518722,2,8
2019-08-08,241.47195434570312,242.50748867219195,239.09306953409137,239.09306953409137,390100,0.01593514904070048,2.0,0.016549459918175698,-0.11368535138817915,3,8
2019-08-09,240.5110626220703,242.76869423673176,239.36358481996777,240.73494961960745,210900,-0.003979309838430201,-0.0,0.017150961218968384,-0.08993749623325786,4,8
2019-08-12,236.03314208984372,239.61549070256328,235.66931147702044,239.61549070256328,194900,-0.018618355777102136,-2.0,0.017112578914475093,-0.09419577596056561,0,8
2019-08-13,237.41387939453125,240.2405528456605,235.66002170709777,235.66002170709777,184200,0.005849760302567786,1.0,0.016624438746094324,-0.1259545262841948,1,8
2019-08-14,232.2269592285156,235.93057606354347,231.62057948104075,233.89685941576096,244200,-0.021847586077291203,-2.0,0.01638504257777628,-0.13054307459551573,2,8
2019-08-15,234.17672729492188,235.0163321936428,231.59258848495764,232.5534750244691,154600,0.008395959163757905,1.0,0.016666868935568683,-0.14854961869642924,3,8
2019-08-16,238.9344787597656,239.10239402209683,235.33348215102865,235.7252986647338,221000,0.0203169269628225,2.0,0.016688416009933222,-0.12255300327800389,4,8
2019-08-19,240.00729370117188,243.62695208045403,231.59254170975075,241.24806726956797,210900,0.004489996366263016,0.0,0.017646537978048025,-0.09804199181287077,0,8
2019-08-20,241.1081695556641,241.76118288859175,236.41566647854796,239.3729596490236,256800,0.004586843330948387,0.0,0.017491320998473364,-0.07755494368547144,1,8
2019-08-21,243.86016845703125,245.11025162581365,241.1547628846,243.4870139763273,367700,0.011413959578552513,1.0,0.013329526849813615,-0.021022600052464036,2,8
2019-08-22,239.36361694335935,245.9592308396303,238.36542073053897,244.60654208815828,293200,-0.018439056866575543,-2.0,0.013588915798910892,-0.011795174685525489,3,8
2019-08-23,234.81103515625,242.22759072056988,233.99941633811517,238.5426368726304,274600,-0.019019522871709604,-2.0,0.013753009076306447,-0.014518310266523504,4,8
2019-08-26,233.169189453125,236.21977854758865,232.60011949036493,236.18245455023128,260200,-0.006992199928050558,-1.0,0.014315841293915901,-0.034485484665062516,0,8
2019-08-27,230.79962158203125,234.9230550972941,229.54021421020863,234.1207599464199,334800,-0.01016243988603871,-1.0,0.014146074417099586,-0.04987442728745528,1,8
2019-08-28,231.9563751220703,232.3015437450045,229.99727841719,229.99727841719,240200,0.005011938633651125,1.0,0.013059256511120132,-0.03283808996686366,2,8
2019-08-29,235.10025024414065,236.872769737842,231.90973223739653,233.50499835823456,273300,0.013553734491737135,1.0,0.01257977047268409,-0.04266136924142583,3,8
2019-08-30,236.75152587890625,237.3392578437359,234.6898234134408,236.3130614344991,257200,0.00702370853731904,1.0,0.012776662009543142,-0.017428235094097966,4,8
2019-09-03,229.8853759765625,235.7626529060668,228.243475960626,235.7626529060668,322600,-0.029001502215684316,-3.0,0.01273110328542663,-0.001337750277861205,1,9
2019-09-04,235.8465881347656,235.87457401275185,231.76981724553136,232.55345029901173,338000,0.025931236960505366,3.0,0.014212658407372828,-0.02685416171586874,2,9
2019-09-05,234.76443481445312,239.9980220855129,233.59830904200916,236.53695452952823,390200,-0.00458837810150603,-0.0,0.015161800045625957,0.010229721342479348,3,9
2019-09-06,230.4636993408203,238.27208505646584,230.24913624317708,235.9398341496877,446100,-0.01831936543979462,-2.0,0.01491967126974064,-0.007454387189841705,4,9
2019-09-09,225.04360961914065,231.98439241830948,223.25244216047344,231.98439241830948,676600,-0.02351819283115897,-2.0,0.015372632267491148,-0.03037943527351994,0,9
2019-09-10,225.3887634277344,228.94311200679115,218.690530526694,224.73572169867293,628100,0.0015337196607265735,0.0,0.015563545475254988,-0.06803417304124204,1,9
2019-09-11,225.80859375,230.97685682603307,218.99841650271583,226.96538138709036,791000,0.00186269411074802,0.0,0.0155968044463374,-0.06287569074566224,2,9
2019-09-12,217.41249084472656,226.35900431269488,216.8340827845443,226.35900431269488,554500,-0.03718238870292523,-4.0,0.015204886313908915,-0.04331827407505273,3,9
2019-09-13,219.2316131591797,222.16092010178167,217.36581219612285,218.13079742374333,461000,0.008367147202008374,1.0,0.016899868028223006,-0.08424692187673932,4,9
2019-09-16,219.05441284179688,220.64967931493004,216.29303471927005,218.29876554634143,401100,-0.0008082790379969618,-0.0,0.016591837445015026,-0.05595967889562836,0,9
2019-09-17,221.6105194091797,223.4296725600728,219.427535628108,219.7633803817292,273500,0.011668820245264167,1.0,0.01640720550853143,-0.06457650436834395,1,9
2019-09-18,222.3474884033203,222.82327674010924,218.9050834874217,220.95747585213653,271300,0.0033255144931991776,0.0,0.015891960083534842,-0.07250506264524559,2,9
2019-09-19,225.6406097412109,228.06615641658047,222.21686706412223,223.27104904583032,646200,0.014810697262822803,1.0,0.01586485445231336,-0.0735802859384741,3,9
2019-09-20,222.9911956787109,227.48778272592963,222.2262247041428,226.9280367562992,563800,-0.01174174305564335,-1.0,0.016277322615768572,-0.06415195239115368,4,9
2019-09-23,223.05650329589844,224.46517785086692,221.69446237548644,222.60870083073408,231100,0.0002928708328091556,0.0,0.016032752470973105,-0.08557761979073475,0,9
2019-09-24,223.7282257080078,225.28616798080844,222.2635649529893,223.07518390886668,327200,0.0030114450920908364,0.0,0.0157146501403904,-0.06812695202261942,1,9
2019-09-25,224.269287109375,225.9298489538997,223.50431605855024,224.54916012208952,267300,0.002418386860464139,0.0,0.01533915653855047,-0.04719884412956732,2,9
2019-09-26,224.9036865234375,225.7246436364288,223.01922325722296,224.1293772891269,202000,0.002828739602463326,0.0,0.01532920675403978,-0.038169289710290766,3,9
2019-09-27,225.37014770507807,225.9018936898573,222.78600883887844,225.88324592543324,190000,0.002074048624329583,0.0,0.015234096832664044,-0.025545687718981802,4,9
2019-09-30,227.3916015625,227.99992008900472,224.4810034800404,225.52918836772164,305900,0.008969483660574484,1.0,0.015188391318799073,-0.02839425048579136,0,9
2019-10-01,223.06788635253903,230.2086692966919,222.01968689432928,229.0013856030568,330800,-0.019014401500543343,-2.0,0.014996567548448914,-0.0327887727624091,1,10
2019-10-02,215.8147430419922,221.4393977941449,214.79461916331104,221.3926007625716,363800,-0.03251540788387575,-3.0,0.01533116745049346,-0.05779747131752866,2,10
2019-10-03,217.5648651123047,218.82831370468165,212.9696731355405,215.3281038437671,408200,0.008109372166348994,1.0,0.01564827222731913,-0.061207168462968475,3,10
2019-10-04,221.82305908203125,221.92600681407595,216.57275330864283,217.82683347686327,302800,0.019572066323891635,2.0,0.014444255427333862,-0.07751531691446178,4,10
2019-10-07,218.78152465820312,221.20545988216983,217.8830700716293,220.70008899503227,351100,-0.01371153403264247,-1.0,0.015309113845832093,-0.055124941487198154,0,10
2019-10-08,217.5273895263672,219.1839072778263,214.90692721727183,216.5540769944816,304900,-0.005732363067655011,-1.0,0.015103947365935018,-0.05068986879942883,1,10
2019-10-09,216.14230346679688,220.8497965906701,216.0580773744293,219.708017514855,296900,-0.0063674099274860785,-1.0,0.014337663496819435,-0.03339894923252329,2,10
2019-10-10,217.714599609375,218.68791223945,215.93641225687557,216.12358611491496,406100,0.00727435637244267,1.0,0.01435725535867701,-0.04102449394688745,3,10
2019-10-11,222.89938354492188,227.2138072846415,220.6626224300837,220.92466868183004,445900,0.023814590040582617,2.0,0.01447611999171608,-0.03584449115159061,4,10
2019-10-14,225.18295288085935,226.7084477139538,221.04634909512183,221.85120955988663,373500,0.010244843658247405,1.0,0.013034844387975413,0.025237246852178208,0,10
2019-10-15,226.7646026611328,228.4117526817755,224.57463843039807,225.4637250081288,326500,0.007023843324011736,1.0,0.013092284010791528,0.027146357388514453,1,10
2019-10-16,226.2310943603516,228.5614492093076,225.2016311700682,225.9503264792024,396300,-0.002352696560752321,-0.0,0.013138952443244556,0.03519760099470948,2,10
2019-10-17,234.75701904296875,235.28111152999676,227.80341133469904,227.80341133469904,409400,0.037686794146151614,4.0,0.0129638008653319,0.020849980242320987,3,10
2019-10-18,237.09678649902344,238.332159907295,232.5203155192044,233.2690253775096,603700,0.009966762508712979,1.0,0.015233390947574,0.055811427098913624,4,10
2019-10-21,232.25819396972656,238.9497692025245,221.692076107315,225.63213743301463,786600,-0.020407668112013,-2.0,0.015076706655507983,0.050771786031564625,0,10
2019-10-22,231.68731689453125,235.46829423026733,227.40096875236847,233.5122868628066,475800,-0.0024579415926644366,-0.0,0.015594814530284636,0.04155768689795125,1,10
2019-10-23,223.93821716308597,230.0401819746845,223.2269507982296,229.3382693044691,451500,-0.03344637002712081,-3.0,0.01562189836236449,0.0386933959382636,2,10
2019-10-24,229.17916870117188,229.49736568142964,222.590540500407,224.368727816838,334100,0.02340356016261902,2.0,0.01741776320650478,0.0009386006366143285,3,10
2019-10-25,227.49459838867188,231.6405560859326,227.05473193260545,229.17919180760163,203200,-0.007350451273765324,-1.0,0.01813908460463649,0.02189279528677668,4,10
2019-10-28,231.060302734375,231.89323857184905,228.15905784585172,228.1871474920244,314000,0.01567379784381151,2.0,0.018228852209576638,0.011520095136210218,0,10
2019-10-29,232.3330841064453,233.40934444349992,229.4692828168329,230.2834969104229,336900,0.005508438087409084,1.0,0.018519222790087643,0.025248042330535903,1,10
2019-10-30,232.24888610839844,233.07245399585167,229.3850844723964,231.94939649081476,239900,-0.00036240210201099465,-0.0,0.018463354059337956,0.0217311567797156,2,10
2019-10-31,231.50015258789065,232.42668243170053,230.1618317023874,231.94001899329487,242000,-0.0032238411690738156,-0.0,0.017882470355063698,0.04115787308510033,3,10
2019-11-01,232.7355194091797,233.83986944797525,229.2633993603949,233.16603213491865,219000,0.005336354242012842,1.0,0.016103387315781998,0.07267997229849343,4,11
2019-11-04,232.9133453369141,235.2249789552188,231.5937603232649,234.10192149914596,289500,0.0007640687084886633,0.0,0.01607478439801587,0.06972933928943026,0,11
2019-11-05,232.576416015625,234.32652796593007,231.27553845152588,233.6807660311525,153100,-0.0014465865869631722,-0.0,0.015643209135387776,0.04999609283533313,1,11
2019-11-06,235.047119140625,235.11263783573253,230.52681471343533,232.5576800550497,227100,0.010623188573144038,1.0,0.015233544912443374,0.06305327371208924,2,11
2019-11-07,230.5081024169922,236.14212492691297,230.0963114037128,236.10468159091565,266100,-0.019311092772497207,-2.0,0.015181373691780218,0.08054033863231824,3,11
2019-11-08,229.30079650878903,232.33306399555332,229.13234434419283,230.89180978125395,175800,-0.005237585557921642,-1.0,0.01586250327748612,0.06646454081304887,4,11
2019-11-11,232.2301025390625,232.60445018081333,228.03734897357523,228.03734897357523,180200,0.012774949214627629,1.0,0.01593617556369866,0.05321736309922276,0,11
2019-11-12,235.0284423828125,235.2904886364967,231.31298351681548,232.94141176750296,201100,0.012049858365279276,1.0,0.015373260813680631,0.04186067653372483,1,11
2019-11-13,236.2263641357422,236.9376304742718,232.69807924552907,233.662038134509,203300,0.0050969224864219065,1.0,0.015426223839493148,0.04372217956997049,2,11
2019-11-14,238.64096069335935,239.483250208432,235.27177407216865,235.27177407216865,241700,0.01022153715336227,1.0,0.015401514140556743,0.04172503716882403,3,11
2019-11-15,238.21978759765625,240.11027632801097,237.1248055804984,239.5019577452953,188300,-0.0017648818311801762,-0.0,0.015465621294803698,0.05485482165082378,4,11
2019-11-18,236.8066253662109,239.2024850892515,235.88009546437632,238.65031719442348,205000,-0.005932178202728178,-1.0,0.0132331114722286,0.014750436723059979,0,11
2019-11-19,237.8735198974609,238.96850193596103,235.99239910523505,237.1809609303503,241200,0.004505340716713935,0.0,0.013135773496285037,-0.0012238087959649535,1,11
2019-11-20,238.9310607910156,239.64232711119988,235.9830191929969,237.80800344529607,226800,0.004445811765893648,0.0,0.012296395619742226,0.02417708426883869,2,11
2019-11-21,234.3733062744141,238.67837623765612,233.66203993041773,238.67837623765612,242100,-0.01907560491094129,-2.0,0.01228569151891338,0.03126517236065118,3,11
2019-11-22,235.94566345214844,236.1422053319344,233.97094807914235,235.35605209324396,125100,0.006708772439696586,1.0,0.010511667307836934,0.046598071751766446,4,11
2019-11-25,240.3629608154297,240.95257202470484,236.08598039577524,236.47904977514207,216400,0.01872167217931131,2.0,0.009402559737149785,0.029524911837861767,0,11
2019-11-26,242.5248565673828,243.0582884399741,240.57820295213,240.67179701148004,353300,0.008994296561412485,1.0,0.009893842549029223,0.056565573503298605,1,11
2019-11-27,242.5248565673828,244.34981220067328,242.3938191721133,242.51548859317876,196100,0.0,0.0,0.009556516041221333,0.049617150576433566,2,11
2019-11-29,239.44580078125,243.3952303199786,239.33348504979705,241.58898200756929,127500,-0.012695835922605037,-1.0,0.009541138618259214,0.043867073430954306,4,11
2019-12-02,234.8319091796875,239.67042563644063,234.6915323530744,239.67042563644063,231300,-0.019269043710553935,-2.0,0.010064859762879819,0.030987940538464098,0,12
2019-12-03,232.63259887695312,234.5417951832702,231.6779935835692,233.07245104147088,336700,-0.009365466177134851,-1.0,0.011006569374164889,0.014392027627419868,1,12
2019-12-04,237.9296417236328,239.40833926484825,233.7743169866257,233.7743169866257,262800,0.022769993854049098,2.0,0.01116590962758601,-0.00044222099182722463,2,12
2019-12-05,244.7709808349609,245.45415751726043,238.4818425147673,238.4911962088916,329000,0.02875362254894931,3.0,0.012220241063642494,0.02153717890000051,3,12
2019-12-06,245.97817993164065,248.10265316998104,244.6305343391598,248.10265316998104,252200,0.0049319535042993135,0.0,0.01360572470291745,0.05243250811172806,4,12
2019-12-09,243.8819122314453,245.6133026627964,242.9085852571293,245.0330593807105,150300,-0.00852216932728711,-1.0,0.013492552501655009,0.046505827559093715,0,12
2019-12-10,241.6357421875,244.31235505606767,241.205243811898,242.5997009664388,177400,-0.009210072298488803,-1.0,0.012818971137698788,0.05801882742611686,1,12
2019-12-11,241.8136138916016,243.61049444482225,241.54219964521351,242.9273176823681,176400,0.0007361150403137895,0.0,0.012971406458786049,0.05379373236602847,2,12
2019-12-12,243.0489654541016,244.4808661201581,240.6437379146324,241.3550185406915,301900,0.005108693189845637,1.0,0.01276256748423575,0.04126730879312723,3,12
2019-12-13,239.01528930664065,243.685353167562,237.50851628269012,243.685353167562,255700,-0.016596146130161915,-2.0,0.012577955225796498,0.03412575512126881,4,12
2019-12-16,241.4579620361328,242.39384560991627,238.5567172452241,239.8295337572376,319800,0.010219734212727927,1.0,0.013160135454322996,0.011806155426817178,0,12
2019-12-17,242.0007781982422,242.99284112912136,238.3789273746008,240.8964423616113,197100,0.0022480772948301198,0.0,0.013160069835050157,0.011804349658117497,1,12
2019-12-18,229.6377410888672,240.23194968312305,224.9583233593442,240.23194968312305,752600,-0.051086765924560185,-5.0,0.0131525186998652,0.015871857828082092,2,12
2019-12-19,223.07717895507807,229.31016613820256,222.8057790388977,228.44915508078253,431400,-0.028569180756965573,-3.0,0.01733855648850875,-0.03027315754471549,3,12
2019-12-20,228.16839599609372,228.62696976324568,224.62138959871183,224.78985605147375,796300,0.02282267090189838,2.0,0.01826080206823802,-0.06220255600018465,4,12
2019-12-23,228.8516082763672,232.1739978066352,228.0654695047148,229.64711502320952,240300,0.002994333537257976,0.0,0.019053203780321416,-0.0450450634559213,0,12
2019-12-24,228.3181304931641,229.10426915610168,226.6522448305848,228.9545243782713,90300,-0.00233110786164481,-0.0,0.01867009872405111,-0.023559415045252052,1,12
2019-12-26,228.2245941162109,228.90778520210927,225.7632154751824,228.3836926276968,171600,-0.00040967564315252947,-0.0,0.018588310271185432,-0.03232749798146328,3,12
2019-12-27,227.728515625,229.17913779051537,227.23249855195476,228.664399050436,141800,-0.002173641684551808,-0.0,0.01801287948333765,-0.050500154674578246,4,12
2019-12-30,227.83181762695312,229.2588804645867,227.38117148246243,227.841201014582,121700,0.00045361908968488684,0.0,0.01782639198890072,-0.06100958537531109,0,12
2019-12-31,229.0523223876953,229.83157330394684,227.28727142916023,227.28727142916023,191000,0.005357042635461218,1.0,0.01783028003697597,-0.060583641398206045,1,12
2020-01-02,229.49362182617188,230.7516835580688,227.3060888784968,229.98183023175287,262000,0.001926631583021532,0.0,0.01776533025915686,-0.04340639242635891,3,1
2020-01-03,228.60166931152344,229.5029615379176,225.83203729459183,226.63006928689103,226100,-0.003886611346976987,-0.0,0.01732945949512021,-0.022732376414105193,4,1
2020-01-06,228.2824249267578,229.1086213225568,226.75210210825944,227.50318843846037,183300,-0.0013965094206315198,-0.0,0.01723742035628182,-0.0173274493123029,0,1
2020-01-07,225.26873779296875,227.7379295672132,224.7617483703039,227.21215904443213,287200,-0.013201573159896007,-1.0,0.016378267604655317,-0.040546510838194494,1,1
2020-01-08,228.86456298828125,229.50297716496544,225.98227282823828,226.4892622751653,275600,0.015962380002400467,2.0,0.014957088833485434,-0.07967547041510503,2,1
2020-01-09,232.1881103515625,232.2444393309532,228.35758216938072,229.8691385280913,284900,0.014521895919078709,1.0,0.015465486044352295,-0.06957371970194848,3,1
2020-01-10,232.37583923339844,234.24416458112617,231.72804175378383,232.0096866032768,255400,0.0008085206497081554,0.0,0.01588906037235774,-0.047948623056495165,4,1
2020-01-13,230.6483917236328,233.36168075474316,230.39489698815112,232.80776001769112,347400,-0.007433851623578569,-1.0,0.015818772262870612,-0.038321743589225465,0,1
2020-01-14,227.7191467285156,230.92064379924935,227.12766384851648,230.64836798987943,253500,-0.012700045177974184,-1.0,0.015855313249383236,-0.046172843572710676,1,1
2020-01-15,229.1743621826172,230.3573135559788,227.62524384464007,227.62524384464007,205500,0.0063903956913928806,1.0,0.01592507479630367,-0.06307296431788734,2,1
2020-01-16,232.30078125,233.6621318480933,230.36674311234597,230.95822608046143,282100,0.013642097822842647,1.0,0.015730803624008888,-0.041172793391464624,3,1
2020-01-17,228.73313903808597,233.15513595460197,227.5407897460868,233.023696890382,291100,-0.01535785713985427,-2.0,0.015879450648055602,-0.03792453439478005,4,1
2020-01-21,229.97239685058597,231.10841704923956,228.66738972569976,228.75188318881607,288200,0.005417919841923968,1.0,0.016122534807397854,-0.054824778907477834,1,1
2020-01-22,232.0941925048828,232.7138254945316,229.94420799928756,229.94420799928756,165100,0.009226305779973076,1.0,0.011736665677352204,0.0014573203870231755,2,1
2020-01-23,230.8924560546875,232.98611168432453,230.4887555384697,231.1459507542785,214600,-0.005177796295657067,-1.0,0.009863254247338759,0.04042104885870246,3,1
2020-01-24,226.23573303222656,231.29615738705533,225.48464668983704,231.01449821793676,208500,-0.020168363670391987,-2.0,0.008725344379503291,0.011938814079406557,4,1
2020-01-27,223.5975799560547,226.63007582790888,222.0296947386989,222.72443786539165,213600,-0.011661080417371905,-1.0,0.00980496889636154,-0.011430442913827443,0,1
2020-01-28,225.45651245117188,227.1746178549259,222.1329739218948,224.44254790178675,193400,0.008313741568591881,1.0,0.010098992632472275,-0.020675320557824617,1,1
2020-01-29,222.4239959716797,227.12765128712147,222.3113237038558,226.03857676143727,233900,-0.01345056058271532,-1.0,0.010299562315343137,-0.01212876147620423,2,1
2020-01-30,221.58843994140625,224.6772648990157,219.241303724876,221.1283960856846,244800,-0.00375659121950056,-0.0,0.01067660072932312,-0.023293172744581758,3,1
2020-01-31,218.73431396484372,223.38164080172825,217.3917589272964,221.4006715905792,361300,-0.012880301776199254,-1.0,0.01068613799807476,-0.027403449397790602,4,1
2020-02-03,219.419677734375,225.29690137842104,218.64981021629228,219.5792812702693,343200,0.0031333162004085757,0.0,0.010860465563735901,-0.04504651302066809,0,2
2020-02-04,224.3955993652344,234.70423165233936,217.58890452908423,228.010194767158,772100,0.02267764533353822,2.0,0.01088619820973688,-0.04389640117940752,1,2
2020-02-05,227.7473297119141,232.0566684927345,225.70061942210643,226.64887164969215,415000,0.014936702663336465,1.0,0.01213712528246467,-0.01839912175163194,2,2
2020-02-06,223.9918670654297,229.39966283192655,220.67771243702413,228.9302356684042,388000,-0.01648960122270071,-2.0,0.012611963104847608,-0.0023440053040237885,3,2
2020-02-07,220.99693298339844,225.381381239701,220.4148478492874,222.7995316824548,376200,-0.013370726898563667,-1.0,0.012802550104864476,-0.0056682109557189,4,2
2020-02-10,222.4615631103516,223.4379797785568,219.64499970910012,220.255263708174,194700,0.006627377616426733,1.0,0.012549523988898616,-0.03437679430207663,0,2
2020-02-11,222.97792053222656,224.98706837999092,221.91701047344424,223.4379643466059,214400,0.00232110848568845,0.0,0.012154801964305635,-0.041890806667420066,1,2
2020-02-12,226.60194396972656,226.72399965043743,222.37709832303645,224.07642283546855,268800,0.0162528353876914,2.0,0.012176523915237498,-0.04044275313722523,2,2
2020-02-13,226.86480712890625,228.23554104044828,224.9589335868588,225.2218117081217,226400,0.001160021642245157,0.0,0.012722468431440898,-0.0175437934930619,3,2
2020-02-14,229.8127899169922,230.84553553687667,226.39536030998624,227.05255555637544,373100,0.012994447333608994,1.0,0.012428491395833432,-0.003751724929076272,4,2
2020-02-18,230.95819091796875,233.4930950263023,228.4045057097238,229.31519565737344,343500,0.004984061162959019,0.0,0.01268203804563854,0.002785772929810859,1,2
2020-02-19,230.95819091796875,233.5212595132785,230.3291601658632,230.3291601658632,280100,0.0,0.0,0.012360150938694137,-0.0057795342951789674,2,2
2020-02-20,233.5024871826172,235.49285395241023,229.62501387563225,229.62501387563225,375900,0.011016263396140369,1.0,0.011862994900875775,0.00972771977528053,3,2
2020-02-21,231.9346160888672,233.12696534959304,229.90670119777403,232.58242800474017,470500,-0.006714579843099533,-1.0,0.012039957539864296,0.015350061052434638,4,2
2020-02-24,232.10357666015625,234.00006648376248,225.59730847815317,225.59730847815317,359100,0.0007284836310261777,0.0,0.01198417384314303,-0.0006875502324870109,0,2
2020-02-25,230.98635864257807,234.63850187143208,230.30099890691372,232.4415859018019,483600,-0.004813445935018867,-0.0,0.011924864174982435,0.005245388377617122,1,2
2020-02-26,228.74249267578125,235.22058251030523,227.20277198412668,232.056647666512,448000,-0.009714279146107119,-1.0,0.011044219867360679,0.02099856440306347,2,2
2020-02-27,225.1654815673828,231.39947501591945,224.07640688446315,225.19364605695975,352300,-0.015637720244084607,-2.0,0.010939883664954193,0.02300969769322969,3,2
2020-02-28,214.18089294433597,222.26443118790743,211.308000315224,219.34459296616765,668100,-0.04878451415635665,-5.0,0.011393789956192061,-0.0012908515288601041,4,2
2020-03-02,225.40020751953125,225.71941463604216,213.61757976768885,216.1994298424606,354300,0.05238242506585822,5.0,0.015388215304543398,-0.03706031353017003,0,3
2020-03-03,230.02870178222656,231.49332661872967,223.78532601322155,225.46586901570933,475000,0.02053456078692495,2.0,0.0193708104460974,0.017202014595765647,1,3
2020-03-04,242.04605102539065,243.2008522541168,232.86405612224905,234.2160087529072,622800,0.05224282513467027,5.0,0.01954602162040138,0.051635189800161685,2,3
2020-03-05,240.1307830810547,243.0412229944673,236.807230632347,237.35176787890876,512400,-0.007912824589462297,-1.0,0.02235170770180877,0.10311916198512816,3,3
2020-03-06,244.29928588867188,245.74512963080892,231.3524905201573,231.3524905201573,515700,0.017359302102513574,2.0,0.022132333618368517,0.0701225147031923,4,3
2020-03-09,235.70880126953125,237.06075400031168,224.0200659671476,230.84554198463303,597600,-0.03516377294305861,-4.0,0.02220132991528911,0.07267683971397143,0,3
2020-03-10,231.42759704589844,242.62812255393584,218.4714041635683,240.40304233088835,571800,-0.0181631071923245,-2.0,0.023387647645009026,0.052309641227638703,1,3
2020-03-11,215.1009521484375,227.4374995379606,212.9040360864444,226.6770296954078,766200,-0.0705475280643515,-7.0,0.023574831451712443,0.04719822995590417,2,3
2020-03-12,195.50704956054688,205.9846539992132,194.0142601452868,204.3510564770599,670700,-0.0910916590195715,-9.0,0.02841202063639691,-0.03308711338265158,3,3
2020-03-13,198.86817932128903,204.39803209402552,189.28246798224149,202.2292660317215,813900,0.017191859671030763,2.0,0.034492752043728064,-0.12319996036427905,4,3
2020-03-16,186.8320159912109,190.53110442909144,180.26003552920852,183.4145867240009,797300,-0.060523324400896916,-6.0,0.03452317666456442,-0.12238979137858896,0,3
2020-03-17,182.6634826660156,194.10811839584449,169.3411384148243,189.32935364716403,899900,-0.02231166485615299,-2.0,0.0364860482115255,-0.17646100179367363,1,3
2020-03-18,173.5472412109375,175.7441570642007,158.64761217225984,173.95094172572652,570100,-0.049907301240644575,-5.0,0.036256184868486634,-0.2051639826834999,2,3
2020-03-19,183.8183135986328,188.4468736662365,166.9846595329662,171.87609771071322,462600,0.05918314987912354,6.0,0.03707357032600992,-0.24857724023055905,3,3
2020-03-20,170.67433166503906,187.1793934065992,168.08309873005587,184.8416551657736,761600,-0.07150529061154176,-7.0,0.04021550644120825,-0.2041056744165397,4,3
2020-03-23,156.6666717529297,169.54775877030625,153.4088449528247,164.8534854935884,506800,-0.0820724462516158,-8.0,0.042046162939389224,-0.2690684637908871,0,3
2020-03-24,159.83058166503906,164.70322407261412,154.8358692727965,161.3609046285572,664200,0.02019516899611551,2.0,0.04453870553827825,-0.32452225375059207,1,3
2020-03-25,169.3975067138672,177.53738765080794,157.37078313395884,159.577096889196,706200,0.05985666165488768,6.0,0.04513669866263858,-0.31138251307923004,2,3
2020-03-26,185.46131896972656,186.7851073053279,167.98923545991354,170.8057990714313,516400,0.09482909499366543,9.0,0.048091998676248436,-0.26663415229646426,3,3
2020-03-27,173.9697723388672,186.34386995069045,171.83856823749446,179.8751618800421,407600,-0.06196195893945511,-6.0,0.0536032090062663,-0.18921352652828372,4,3
2020-03-30,175.73477172851562,177.90353757442452,171.91364150871678,174.9743019046564,230900,0.010145437140714808,1.0,0.05484760165347267,-0.2273692613634246,0,3
2020-03-31,171.3793182373047,176.07413598949998,170.1254967925737,174.63175655507703,384100,-0.024784244167338043,-2.0,0.054310300020405836,-0.17950303917078259,1,3
2020-04-01,165.7135467529297,170.43663222742032,163.9223604428725,166.28861425415164,404000,-0.033059832088547236,-3.0,0.05260697338542409,-0.23966654634754747,2,4
2020-04-02,166.7976837158203,171.5679230898671,164.24288624615102,165.57214275780214,405100,0.006542234984005413,1.0,0.05226703977954869,-0.2795962179110393,3,4
2020-04-03,161.16958618164062,169.81444317821817,158.765614957531,168.74915064081824,325900,-0.033742060493888504,-3.0,0.050276172253262516,-0.31088450726955585,4,4
2020-04-06,168.20236206054688,169.9935627730984,163.88464468507885,166.45831524367188,475500,0.043635874767216976,4.0,0.05037486116249642,-0.3288258002005565,0,4
2020-04-07,177.41285705566406,179.36430613184322,170.12553780777907,176.44184359146158,549900,0.05475841648288937,5.0,0.0515980432578359,-0.3114905700657785,1,4
2020-04-08,184.4738922119141,186.01998735094597,175.48965246644073,178.58181397459123,352900,0.03980001942043354,4.0,0.053648740197702945,-0.24732188149056944,2,4
2020-04-09,192.5908660888672,200.1610232631085,186.00117340966932,188.5465489434134,384700,0.04400066469909314,4.0,0.05479798064649022,-0.2028872331274828,3,4
2020-04-13,185.4732208251953,190.83735734927788,184.5022073774558,190.5168317108889,298600,-0.03695733555914116,-4.0,0.05409344164733876,-0.10464893732332936,0,4
2020-04-14,190.6959381103516,193.56185310360743,186.3593626480373,189.01787533053292,234700,0.028158875237728198,3.0,0.05092509199309501,-0.05132208152036055,1,4
2020-04-15,180.79725646972656,186.61391487242216,178.03505686273172,185.3977961505445,336900,-0.051908193424114124,-5.0,0.05117949225540485,-0.041093759890738824,2,4
2020-04-16,176.2815704345703,183.95541306567355,175.69706645279535,182.39047352940256,356000,-0.024976518578490592,-2.0,0.05070875661905548,-0.03230045712169716,3,4
2020-04-17,173.3496856689453,183.10696004335728,173.3025461590773,181.6080185702821,793700,-0.01663182803736829,-2.0,0.05076979157707524,-0.03493808471348403,4,4
2020-04-20,170.63458251953125,178.9306313974721,160.09484007310388,162.1499900185601,1181300,-0.015662579017300504,-2.0,0.049656594681523086,-0.0011383387060129868,0,4
2020-04-21,163.04563903808594,169.48450595237023,161.49955778208383,163.96009102818684,866900,-0.044474826669890666,-4.0,0.047936946385075646,-0.07172153209874521,1,4
2020-04-22,160.9433135986328,167.86296755818708,159.26525069040213,164.39371843082057,691400,-0.012894091812919006,-1.0,0.046325691151160205,-0.04469736340860553,2,4
2020-04-23,167.3727569580078,169.3902043573476,160.92446875282374,162.34800433389617,368400,0.03994849624762309,4.0,0.04259344831161348,0.027297713022509162,3,4
2020-04-24,166.40171813964844,167.96665763366906,160.57563785329606,167.6367098703236,410000,-0.0058016539609430096,-1.0,0.04322561913225582,0.04718856187844622,4,4
2020-04-27,174.0755615234375,174.59406730864765,167.15590798250872,169.0508096352806,282900,0.04611637109028521,5.0,0.04124241159897517,-0.01768496262037078,0,4
2020-04-28,176.2815704345703,182.65443750118837,175.78192331762173,178.43099956765866,545500,0.012672708861753756,1.0,0.03676621391370459,-0.06139154789548107,1,4
2020-04-29,179.18521118164062,181.92855240588565,177.31859007859632,180.20334983880736,349100,0.016471606985984044,2.0,0.034237965826260666,0.01328850446041896,2,4
2020-04-30,175.9893035888672,177.12059414435996,172.42577573995308,177.12059414435996,383000,-0.017835777694475752,-2.0,0.03434839930758912,0.019634358181859435,3,4
2020-05-01,172.83116149902344,174.04728016886196,168.6831296148966,173.6041947160241,285200,-0.01794507976019699,-2.0,0.034115357920157546,0.026899309665703974,4,5
2020-05-04,175.4236602783203,175.70648289717326,167.85351967195015,169.09791905596484,319200,0.015000181430311788,2.0,0.03349657841822957,0.04295131499843974,0,5
2020-05-05,179.80738830566406,180.90096159555628,175.85733633240315,177.47883758708244,369900,0.024989377261816825,2.0,0.03359784154662617,0.05171520593293377,1,5
2020-05-06,177.79934692382812,181.37229660204952,177.47880695627904,181.25917331053557,456600,-0.011167735657348854,-1.0,0.032827337673786844,0.11564093800562558,2,5
2020-05-07,181.59857177734372,182.97495321496356,178.16702594504886,179.14746144643735,317900,0.02136804729177788,2.0,0.03182690877914851,0.05705618366897047,3,5
2020-05-08,180.51443481445312,186.16140828562743,179.9770847108623,184.36078556131,380200,-0.005969964148285545,-1.0,0.029893866463665895,0.02359307431910862,4,5
2020-05-11,176.00819396972656,179.96766847225376,175.62167010647846,178.33674491276437,432900,-0.024963326890497295,-2.0,0.0286053988147139,-0.021463510906532757,0,5
2020-05-12,171.26625061035156,177.88423829753674,171.11540992355904,176.76238406507684,250700,-0.02694160568564563,-3.0,0.027145299044459476,-0.08610310787786213,1,5
2020-05-13,168.31544494628906,171.33220028802825,166.62796019365177,170.1443481971079,296000,-0.017229347016978203,-2.0,0.02661882203865108,-0.0765984984335476,2,5
2020-05-14,173.92474365234375,174.6129344269071,163.31900183528165,166.2226199878367,528900,0.033326108057669224,3.0,0.025752567173385362,-0.11736219127599579,3,5
2020-05-15,170.5592041015625,176.3758633302494,169.35250735572248,172.75577309272936,925400,-0.019350550589331883,-2.0,0.02478977016476885,-0.038012262749869574,4,5
2020-05-18,182.7204132080078,183.93653175805747,174.89573087421755,175.49907907621105,325100,0.0713019808605797,7.0,0.02455324038760654,-0.03246151210759585,0,5
2020-05-19,178.4310302734375,184.99244210833228,178.42159373963423,181.9002798624697,301500,-0.023475116213136582,-2.0,0.028915644337073842,0.05405678990937579,1,5
2020-05-20,180.8915557861328,185.8220437986131,178.89295267254963,180.7312929527016,368600,0.013789784820076756,1.0,0.029215153694355362,0.04569090062979386,2,5
2020-05-21,184.0402374267578,185.7277222506092,180.19388715017928,180.57097439133247,451200,0.017406460058023265,2.0,0.02722690762124448,0.10945350549288979,3,5
2020-05-22,187.06643676757807,187.2926977869201,182.62617394830352,184.05913163421823,245100,0.016443139734725554,2.0,0.02701628451417393,0.14350968245704876,4,5
2020-05-26,200.1515045166016,201.1885158638196,191.55379001949996,193.0810118354445,513100,0.06994877314780501,7.0,0.026041325227270738,0.11766359213710742,1,5
2020-05-27,202.5272521972656,206.05307740453284,200.44380676002623,204.43157613359355,495000,0.011869746802062986,1.0,0.02940762322247497,0.202821141237433,2,5
2020-05-28,202.07467651367188,205.1574008119016,198.31316941611888,204.58233352708703,392100,-0.002234640912191388,-0.0,0.028184296985430207,0.1634444859739681,3,5
2020-05-29,201.59393310546875,202.357544199928,196.89912884641564,199.52934643677065,495600,-0.0023790383659013647,-0.0,0.028237964443154802,0.14631765541636743,4,5
2020-06-01,204.74267578125,205.5722851397721,199.54822391222484,201.2734264364466,254400,0.015619233313603376,2.0,0.028217938004638943,0.12505899217939542,0,6
2020-06-02,204.25241088867188,206.54324377928785,203.1871186440065,206.54324377928785,248800,-0.0023945417862074603,-0.0,0.02774552541932419,0.163381362423902,1,6
2020-06-03,210.73846435546875,211.64349408942044,206.4678863159534,206.60930485389315,250400,0.03175508890483614,3.0,0.027232696213810772,0.1818031489062577,2,6
2020-06-04,212.7841644287109,212.87842905018445,208.67385004660017,209.0509373024076,274300,0.009707293253269134,1.0,0.027679620078280457,0.20131152218075576,3,6
2020-06-05,222.3717498779297,226.06725960449475,218.5253994968216,218.66680361985783,325900,0.04505779588889891,5.0,0.027441659333235027,0.1834005623116437,4,6
2020-06-08,224.3609619140625,228.63153992210312,223.01284666409603,225.43567662366956,319100,0.008945435007930547,1.0,0.02817010201893195,0.2506893513686361,0,6
2020-06-09,219.78868103027344,222.117231737414,217.5826901661271,222.117231737414,251700,-0.020379128547061587,-2.0,0.02807349958073841,0.23547756856342095,1,6
2020-06-10,211.5774688720703,219.4304330953519,211.2475210956044,219.4304330953519,254800,-0.03735957702513404,-4.0,0.02866568922256675,0.21756845238548084,2,6
2020-06-11,205.88336181640625,207.84424725419484,203.51710828532725,204.9689100885684,307700,-0.026912634346273334,-3.0,0.029531916547626214,0.20208874428006274,3,6
2020-06-12,206.448974609375,212.22791447193077,200.6323173950336,212.22791447193077,346300,0.00274724867506837,0.0,0.029530143862076315,0.20212453465109248,4,6
2020-06-15,212.02996826171875,212.92556125226943,199.92528651490952,201.8767352934816,207800,0.027033283468244962,3.0,0.02895187811527023,0.22655989576746616,0,6
2020-06-16,215.5652313232422,219.15704008693348,213.9625888430201,218.08232554043565,383600,0.016673412209163185,2.0,0.028731883013419588,0.21909030198453605,1,6
2020-06-17,217.00762939453125,218.3651667020494,213.5100849596071,216.4231397590559,254000,0.006691237090670654,1.0,0.027965619326772936,0.2638733421556074,2,6
2020-06-18,212.18081665039065,216.21571071313303,210.80442083227908,216.21571071313303,190900,-0.022242594684840356,-2.0,0.024392433068997164,0.18764852587921355,3,6
2020-06-19,209.07925415039065,215.88578530062185,206.4113189202621,214.80164846466784,409000,-0.014617544361281376,-1.0,0.02431299683485277,0.18914751725208956,4,6
2020-06-22,210.89871215820312,211.1720982774846,205.873945772102,207.0429249669081,150800,0.008702240761313096,1.0,0.024793070108134113,0.15582650191578873,0,6
2020-06-23,215.88575744628903,216.7059301748856,212.1148271852185,213.0104202452313,245600,0.02364663699010605,2.0,0.024686586999627228,0.14593805738885846,1,6
2020-06-24,212.52017211914065,215.621769976378,210.54986472488144,214.7827386601412,369600,-0.015589658933316652,-2.0,0.024876681755208678,0.15405928063149954,2,6
2020-06-25,212.3599395751953,213.04814472802445,208.55130621352964,210.79501439708548,294000,-0.0007539639289183553,-0.0,0.02073614457092898,0.06179652574888905,3,6
2020-06-26,212.4259490966797,213.557225396205,209.0981040032221,212.0677060875959,903600,0.0003108379180010168,0.0,0.020650902361587686,0.04854994708738003,4,6
2020-06-29,217.3922271728516,224.3261527642644,214.68676653578103,216.22869419576847,433700,0.02337886730548,2.0,0.020629411759389794,0.0512249865326766,0,6
2020-06-30,220.40042114257807,223.768054700592,216.2287114492293,217.38279006418227,293600,0.01383763352005496,1.0,0.021080394636098114,0.07836691225780879,1,6
2020-07-01,218.8490295410156,222.4342308842393,217.4962919552788,220.9869054499869,253000,-0.007038968408136004,-1.0,0.021034027879641027,0.07647524045283571,2,7
2020-07-02,220.57066345214844,225.07345178103395,220.14498207716596,222.90719822187197,221800,0.007866765115402075,1.0,0.021125812523238606,0.0714636296768103,3,7
2020-07-06,225.36671447753903,225.8302281053976,221.95178013377628,223.8815424484652,204500,0.021743830073898573,2.0,0.020149137979087985,0.04665593026290149,0,7
2020-07-07,224.6856689453125,226.72894290365005,222.96400527163567,223.805913761982,207100,-0.0030219437409174654,-0.0,0.020535871826683903,0.05913292505863921,1,7
2020-07-08,231.383056640625,232.31955280071548,224.8558891452988,226.93700936517683,481300,0.029807809847198552,3.0,0.018146628952756552,0.010405634117881535,2,7
2020-07-09,229.33030700683597,233.29390299445024,227.89245048048372,231.41144172654865,312900,-0.008871650602218839,-1.0,0.019165878729877493,0.031298202087634897,3,7
2020-07-10,225.83023071289065,229.3775996247548,224.66669775139783,229.27354289263556,273500,-0.015262161986470346,-2.0,0.0186626274754673,0.04341272686034392,4,7
2020-07-13,219.2652282714844,228.04379704218903,217.58141167037812,226.7383606799208,395500,-0.029070520898296648,-3.0,0.01685666511402433,0.0673642704811741,0,7
2020-07-14,226.02896118164065,226.7857363422808,216.97606592805369,218.78286319593929,432700,0.030847266406425877,3.0,0.017055099041712315,0.06499731856433955,1,7
2020-07-15,233.6912078857422,234.59934071702105,228.41273542177709,229.8505919560696,312700,0.033899402377662646,3.0,0.018093346133915823,0.09484177196478316,2,7
2020-07-16,238.91293334960935,240.33188094023595,232.13982005279115,233.01957506480588,539500,0.02234455250203582,2.0,0.01857686087867277,0.10216121712231696,3,7
2020-07-17,234.44798278808597,239.49943286883635,230.5600657182316,239.49943286883635,365500,-0.018688609691086322,-2.0,0.01879790298558607,0.10830921982662889,4,7
2020-07-20,240.9940643310547,245.9509266647944,226.32215078673863,226.32215078673863,707800,0.027921253427399373,3.0,0.019491955807415435,0.08036746653661297,0,7
2020-07-21,240.3035125732422,242.16706497013772,237.16291595523728,240.81434180911145,467900,-0.0028654305645631206,-0.0,0.019203765861604664,0.13579572430498987,1,7
2020-07-22,243.84146118164065,245.8090851413227,240.59680718175056,241.2211477342322,287800,0.014722833513805211,1.0,0.01873044759984305,0.149341734309,2,7
2020-07-23,249.99017333984372,250.69964712725584,244.8346811391199,244.8346811391199,494300,0.02521602408551349,3.0,0.018806677923009357,0.15620175527068136,3,7
2020-07-24,251.41860961914065,252.93215959195888,248.3158451657173,250.9550959461053,389100,0.005713969714141731,1.0,0.018878684880055497,0.15797436707717805,4,7
2020-07-27,257.30242919921875,257.34971589245833,250.7468999719713,250.7468999719713,229500,0.023402482373882982,2.0,0.018152504064483987,0.18303409559725559,0,7
2020-07-28,256.3092956542969,259.09987581651166,255.0700834881226,255.52412833156453,324300,-0.003859790783991901,-0.0,0.01832183931384689,0.21163355816509632,1,7
2020-07-29,259.7431335449219,262.4297003409947,254.85250922003408,254.85250922003408,185800,0.013397242896943107,1.0,0.01844681256790958,0.20658185473209256,2,7
2020-07-30,256.2335205078125,258.13491928872344,254.9848398496453,256.79163636216924,227700,-0.01351186069564525,-1.0,0.018188473985788108,0.19481334232983638,3,7
2020-07-31,253.65110778808597,255.97817396113695,249.65913372221647,255.97817396113695,193800,-0.010078356315788128,-1.0,0.0187697235789104,0.16258180986892867,4,7
2020-08-03,255.58084106445312,256.9997886993238,253.18755054171376,255.07948072154133,224900,0.0076078251468918445,1.0,0.01889763860655833,0.15902322400085378,0,8
2020-08-04,258.2673645019531,259.02415385413457,253.6416104738472,256.5551700912004,207500,0.010511442979493468,1.0,0.01889728105430835,0.1587254490890171,1,8
2020-08-05,258.5038757324219,260.55663272738286,255.59978477904045,259.7809344071809,190700,0.0009157611954759837,0.0,0.01862228109986406,0.14598717517219306,2,8
2020-08-06,256.24298095703125,259.298429158546,255.94026525558488,258.87276226766033,156100,-0.008746076897241162,-1.0,0.018539406382888615,0.15051341256366713,3,8
2020-08-07,252.34567260742188,256.8106292693768,250.61454021683068,256.5741379819185,419200,-0.015209424800841309,-2.0,0.01805616704108427,0.10744055626777249,4,8
2020-08-10,255.0985107421875,255.21202197505235,250.72812619687255,253.1119775613305,393900,0.010908996799197102,1.0,0.01835063774630007,0.10035902319661516,0,8
2020-08-11,258.693115234375,263.6215860496104,256.2903554425341,257.5863232018464,259300,0.01409104459970889,1.0,0.01780603886910685,0.12960302053849948,1,8
2020-08-12,262.5147399902344,265.9012817765309,259.34575166446973,261.4552638753832,171700,0.014772811995390711,1.0,0.015953786742765187,0.1798182378195996,2,8
2020-08-13,262.3256225585937,265.5892142358213,259.27961328270425,261.417503996979,169300,-0.0007204069060949836,-0.0,0.015170469603507172,0.16142081358889726,3,8
2020-08-14,262.9499206542969,264.425623904474,258.6930776937328,260.9161014579624,122300,0.0023798593885495656,0.0,0.013963952293919717,0.1225309883581569,4,8
2020-08-17,261.8998718261719,263.96209759055563,258.6930652945691,262.2593431668047,260400,-0.003993341490699742,-0.0,0.013437478183301502,0.10060982035457,0,8
2020-08-18,263.2147521972656,264.62423076085,261.6539157746596,262.47690067738495,199700,0.005020546065660048,1.0,0.012511445855935008,0.11709159836491012,1,8
2020-08-19,264.6810302734375,266.87567629061493,263.3377759631159,263.3566848729216,190500,0.005570653103337264,1.0,0.011394941738826077,0.0922042952712987,2,8
2020-08-20,260.8119812011719,264.2742162884114,260.4525099109608,263.583680369535,140700,-0.014617780005875658,-1.0,0.01127891262901721,0.10144469982628856,3,8
2020-08-21,262.4012756347656,262.9499226962196,259.5728203261587,260.7174300256898,161700,0.00609364043121885,1.0,0.011777861719752196,0.06959653185021586,4,8
2020-08-24,267.3108215332031,267.3108215332031,263.1296717029959,263.6499409922512,184200,0.018710068716552453,2.0,0.010685218605788971,0.04964636061134242,0,8
2020-08-25,268.654052734375,268.9283906601527,265.4472176141932,268.9283906601527,130900,0.005024978762429244,1.0,0.011250334049097416,0.06321016546124669,1,8
2020-08-26,271.1230163574219,272.3811659810752,267.14051176764053,268.6540615500856,215700,0.009190122381991461,1.0,0.010253136901106468,0.04411782496762662,2,8
2020-08-27,267.7743530273437,273.67716612895543,266.3459364604409,273.3650103420128,174000,-0.01235108466653978,-1.0,0.010268809395438208,0.05779626784627179,3,8
2020-08-28,269.3067932128906,270.7730274974242,268.2189391757952,269.69464234879746,201200,0.005722878865066061,1.0,0.010466655678959361,0.030919852905496814,4,8
2020-08-31,265.1823425292969,274.2730807378028,263.9242218441772,268.10539963792485,312200,-0.015315063665450546,-2.0,0.009914003557427529,0.051020930747737614,0,8
2020-09-01,271.19873046875,272.39065570473923,263.2999162952681,265.23916202593017,203400,0.022687739621232383,2.0,0.01030232774909078,0.045461006820615824,1,9
2020-09-02,272.2488098144531,273.525868780796,266.5257311282491,270.72581949349143,199800,0.0038719921140049074,0.0,0.011187809758540068,0.06110743410676189,2,9
2020-09-03,263.64044189453125,272.42843545407226,262.3539145568236,272.409526547841,210100,-0.03161948779790358,-3.0,0.011054622434468106,0.054135548018086066,3,9
2020-09-04,262.53369140625,267.65136602946933,257.7943970469513,267.65136602946933,256700,-0.004197954154256833,-0.0,0.01334164310740696,0.019870364216226566,4,9
2020-09-08,254.54974365234372,260.480934398391,254.19974118657228,260.480934398391,245700,-0.030411135847519644,-3.0,0.013211418869476493,0.024549786400875684,1,9
2020-09-09,258.6457824707031,260.75526610360725,255.60921380677368,255.60921380677368,208400,0.016091309932543707,2.0,0.014510359058937897,0.008734332640412568,2,9
2020-09-10,255.81732177734372,259.63902866604144,254.54973207341024,259.63902866604144,150100,-0.010935653643143306,-1.0,0.014738242389173047,0.01390549759853621,3,9
2020-09-11,259.79986572265625,260.67013743754706,256.60249910504706,257.4349530017694,155500,0.015567921349668445,2.0,0.014617900821959707,-0.011116621539872917,4,9
2020-09-14,261.5403747558594,262.6471374751192,258.9673491831923,262.59985077956526,153800,0.006699422374071506,1.0,0.0146602149091614,-0.010341797446037249,0,9
2020-09-15,258.4660949707031,265.2297407167085,258.28635926419014,262.29724267570407,194200,-0.011754513191418403,-1.0,0.014741091474817438,-0.002993408707374412,1,9
2020-09-16,259.3079528808594,261.92829472706933,258.56063235630404,260.10256011377106,196100,0.0032571309217623856,0.0,0.014946397875359927,-0.017052013829997215,2,9
2020-09-17,259.7904052734375,259.9701409555489,256.0065447970953,256.92413211735084,231800,0.0018605383568770506,0.0,0.014950542920253423,-0.00989660257272984,3,9
2020-09-18,253.18751525878903,261.65391318110875,252.1375080122189,261.2093084960646,433600,-0.02541621969332819,-3.0,0.014909458862215008,-0.013009707454625374,4,9
2020-09-21,252.5348663330078,253.02678672189828,245.7806896929858,249.4604793767122,321400,-0.0025777294947348928,-0.0,0.015784542715275428,-0.04342402250276378,0,9
2020-09-22,255.84576416015625,256.7349738419289,252.061903001488,253.272737417519,212400,0.013110656263925602,1.0,0.015519465249083216,-0.03173594568027027,1,9
2020-09-23,246.2820281982422,259.2890487795261,246.2158037104637,255.3159836727262,263400,-0.037380864964906335,-4.0,0.01576293736669147,-0.024982772887636173,2,9
2020-09-24,249.7915954589844,251.5794837375537,245.59150720656152,246.4807169003627,170100,0.01425019635585123,1.0,0.01694865061172457,-0.07866794622958773,3,9
2020-09-25,249.7158660888672,251.41859164369663,247.31310676137727,248.1077139448685,179200,-0.00030317020866155175,-0.0,0.017303466710571605,-0.07021095376528852,4,9
2020-09-28,257.1133117675781,257.75658999854176,251.88212573346132,251.88212573346132,155900,0.029623450822617636,3.0,0.017082987476136804,-0.07895733293382079,0,9
2020-09-29,257.9173889160156,260.7079976185295,257.09440386551944,257.1038727548334,239000,0.003127326014004117,0.0,0.01843102143547789,-0.03981352634871993,1,9
2020-09-30,258.60986328125,262.3570191878917,256.0580371969836,258.0406999615305,226600,0.0026848688572131962,0.0,0.018386912660946386,-0.042291559603814144,2,9
2020-10-01,259.947509765625,261.52226283280226,257.16798881738185,260.75386323892377,160700,0.0051724496018941135,1.0,0.018147956939608318,-0.024784754465017822,3,10
2020-10-02,261.4273376464844,262.8977534240224,255.40347055729535,256.42799348362666,157500,0.005692794988471528,1.0,0.017389757588961097,-0.04148699621004115,4,10
2020-10-05,267.4512634277344,270.53435720534367,265.13656916790325,265.13656916790325,197300,0.023042447800144972,2.0,0.01742432573104425,-0.039748464558372,0,10
2020-10-06,264.1025085449219,270.16435816880744,263.13490199641325,268.6844757062318,198000,-0.012520991076631516,-1.0,0.01681670106029107,0.014454616696203404,1,10
2020-10-07,263.4669189453125,267.9350242556503,261.4273111045231,266.17053129181284,277100,-0.0024066019028413654,-0.0,0.017037486462208422,0.005975679274795365,2,10
2020-10-08,262.603759765625,265.743770533285,259.52066534810814,263.8559773694343,294100,-0.0032761577170402623,-0.0,0.0155329384869323,0.03503116980210974,3,10
2020-10-09,268.9217529296875,272.35584138313374,265.05126716257365,265.0702585807616,244300,0.024059035444508936,2.0,0.015210883256555327,0.01530269412133256,4,10
2020-10-12,274.547119140625,275.0688618662095,269.72799043203315,270.4584649882393,263600,0.020918226769138792,2.0,0.015763835633181112,0.05122573819981402,0,10
2020-10-13,270.7525329589844,276.7195128266117,270.64816704730185,273.01031068999595,369800,-0.013821256597112641,-1.0,0.016026636491331125,0.05676389930744552,1,10
2020-10-14,273.2095642089844,275.258639414591,271.19844288227614,271.78659772872925,147400,0.0090748227658215,1.0,0.016395483098443474,0.03522270017286733,2,10
2020-10-15,273.361328125,274.5755915961973,270.85689343109794,271.14150407376394,156200,0.0005554853705616036,0.0,0.01616428902712025,0.05704217893628338,3,10
2020-10-16,273.4182434082031,276.3495506293036,272.32730832467246,275.5906468191061,230700,0.00020820532148246862,0.0,0.016170968203407486,0.05419569700046001,4,10
2020-10-19,264.14996337890625,281.74729999726003,260.8960920871319,277.85785336548287,638000,-0.033897811330239835,-3.0,0.016178975430938113,0.05245704944500118,0,10
2020-10-20,269.44342041015625,274.926582920291,265.21247523598083,268.7983492796285,633100,0.020039590252211692,2.0,0.01699751230437421,0.04329774360679761,1,10
2020-10-21,269.39599609375,273.3138724051836,268.4568186294646,269.35804221884854,281200,-0.00017600844115639447,-0.0,0.01739430364432105,0.06695532511083746,2,10
2020-10-22,273.7976379394531,274.13916484770283,268.89316446936874,271.3501490566576,294400,0.016338928230289484,2.0,0.017258270956317535,0.05296250253770651,3,10
2020-10-23,273.294921875,277.6302330989818,272.7067670648069,275.3724551241178,183800,-0.0018360861994152211,-0.0,0.014848382459280662,0.11172398547515017,4,10
2020-10-26,267.3373718261719,271.4829416059637,266.3982235004055,270.4963726588161,246000,-0.021798978217213216,-2.0,0.014770782055908364,0.0940917422494898,0,10
2020-10-27,269.073486328125,273.93054056947443,265.85756821696185,268.3525073874998,240700,0.006494095793991628,1.0,0.015820205012455377,0.07056622397806978,1,10
2020-10-28,259.0083312988281,267.88765628888666,258.48658855580186,265.2598932604211,350500,-0.03740671430191678,-4.0,0.014664061049133034,0.046517134715134745,2,10
2020-10-29,262.36651611328125,264.7475932127033,258.2968246564347,258.5150232302227,261400,0.01296554746950851,1.0,0.017023482036817337,0.004229813225845591,3,10
2020-10-30,257.70867919921875,265.00375519678266,255.49832206662407,262.4139461855119,255500,-0.017753168289399435,-2.0,0.017240724382590878,0.014526332384877882,4,10
2020-11-02,269.0165100097656,269.27266247246007,262.1293727908801,262.1293727908801,353300,0.043878346843745586,4.0,0.017672409872973527,-0.008612625558232279,0,11
2020-11-03,276.2926025390625,277.45944523971224,271.16993003312353,272.3462394888437,399700,0.027047011088771944,3.0,0.020111895010668127,0.029029758064337274,1,11
2020-11-04,278.4270324707031,282.6769682947559,270.5058487551525,276.0743847725155,428400,0.007725251823703205,1.0,0.02034345729049131,0.03305775788087484,2,11
2020-11-05,288.4542236328125,290.7120012635473,281.10223172533495,281.10223172533495,291600,0.03601371272440823,4.0,0.020111902355132823,0.05423850006083808,3,11
2020-11-06,290.8827209472656,292.24877065426364,285.5987667993858,288.0557513410552,265900,0.008419004179825995,1.0,0.021333493502271653,0.09484038750491708,4,11
2020-11-09,276.8428649902344,303.3479901645373,276.54878756087527,297.1248856104742,505800,-0.04826638004247952,-5.0,0.021271796606082555,0.10768680999418945,0,11
2020-11-10,279.2049865722656,283.7774588702642,277.7251038372801,280.1156769591047,338800,0.008532354923124208,1.0,0.023758004010999097,0.029455081168602737,1,11
2020-11-11,277.5638427734375,281.32996194506177,274.5566564407476,281.26354989346856,264300,-0.005877917221236095,-1.0,0.023406982755279023,0.016965639436394175,2,11
2020-11-12,276.1693115234375,279.80263524068806,272.9344311323532,277.03258127152674,272300,-0.005024181954197404,-1.0,0.023217835461432107,0.02515695694520037,3,11
2020-11-13,283.473876953125,285.42808175914706,279.72672064867976,279.72672064867976,173100,0.026449591337260436,3.0,0.0231899113348743,0.010833249278891177,4,11
2020-11-16,286.26287841796875,287.0217821855433,280.81764111197447,285.2667846539137,199800,0.009838654252098733,1.0,0.02385674011824041,0.03699334100213636,0,11
2020-11-17,283.7300109863281,284.9822283696856,280.26746519399217,283.02802349126057,169600,-0.008848047101456258,-1.0,0.02391299883536222,0.046977973560414776,1,11
2020-11-18,280.9410095214844,285.3616955258354,280.46668736157966,284.5458753069563,192900,-0.009829772519122537,-1.0,0.022597150550659834,0.07412474095003208,2,11
2020-11-19,283.1797790527344,283.56872663455283,278.920347064244,279.61286772704113,174200,0.007968824256249452,1.0,0.022453866847940325,0.042671626918282524,3,11
2020-11-20,279.48004150390625,283.1702811748352,275.9795711950364,279.7931102882398,210500,-0.013064977878025519,-1.0,0.022480509487221502,0.051165507872610094,4,11
2020-11-23,280.6658935546875,283.2367404963737,278.5409395500505,281.40586391379543,168500,0.004243065245017386,0.0,0.02249903659835315,0.020754026978529794,0,11
2020-11-24,285.2667541503906,287.65735576823766,281.2540082066958,283.1987169971102,196900,0.01639266010355711,2.0,0.022496854037253967,0.02697075975329999,1,11
2020-11-25,274.12969970703125,286.3956615523886,273.05772719125343,286.3956615523886,312300,-0.039040842584439406,-4.0,0.022057780656368497,0.06706650178291129,2,11
2020-11-27,275.06884765625,276.3115691678166,271.75808886058417,274.1486616793329,87500,0.0034259255754574003,0.0,0.023892794392470745,0.018791198820460542,4,11
2020-11-30,273.0482788085937,273.2095610793191,267.86868898588983,271.31227246071273,466500,-0.007345684052820767,-1.0,0.02219870731406142,0.06200772105238661,0,11
2020-12-01,273.54150390625,276.5392224281367,271.6252244930297,276.2071912372039,249900,0.001806365891806383,0.0,0.022190057996831776,0.040713132352225845,1,12
2020-12-02,266.5595397949219,272.82059766438323,262.0914334625346,271.18892838870937,235000,-0.02552433181664826,-3.0,0.02171892509778692,0.061436909134099604,2,12
2020-12-03,266.1231689453125,270.6102666471811,265.0986458986496,267.7453424984975,325900,-0.001637048330534685,-0.0,0.020441381937986707,-0.009133157718664076,3,12
2020-12-04,261.8258056640625,267.77379452279246,261.50327010213846,266.6259431185444,251200,-0.016148023857829097,-2.0,0.01946202999844006,-0.03680675305923997,4,12
2020-12-07,262.8218078613281,265.1554929388212,259.6248822226057,263.1728304585816,252600,0.0038040642890011522,0.0,0.019586803854293677,-0.05962505385818617,0,12
2020-12-08,268.4283447265625,268.7319178073316,262.7175172774156,263.1823436539966,196300,0.02133208393495467,2.0,0.017556337474367606,-0.08886129469233606,1,12
2020-12-09,271.3691711425781,272.887007728748,265.7626801654267,265.7626801654267,231900,0.010955722351197128,1.0,0.018236069956348758,-0.07719391563575861,2,12
2020-12-10,263.5428466796875,270.8284272924862,259.0367866648225,269.6805759000534,379500,-0.02884013843554345,-3.0,0.01534226398611966,-0.01977184366969087,3,12
2020-12-11,266.018798828125,266.635411720603,260.80125612969084,262.0344819146468,250700,0.009394875177343831,1.0,0.016336356528216373,-0.05609548770907913,4,12
2020-12-14,258.9798278808594,268.27652807081387,258.53396401550594,268.27652807081387,264100,-0.026460426775378076,-3.0,0.016522840430740898,-0.041594192636741134,0,12
2020-12-15,262.77447509765625,263.5618371404909,258.1450862111759,260.07083301145974,479200,0.014652288743286057,1.0,0.017366755394482326,-0.06224255529245981,1,12
2020-12-16,262.2716369628906,265.41164663555867,257.68020296705674,262.5277604492185,455800,-0.0019135729776598165,-0.0,0.016540684958003177,-0.07302049161620483,2,12
2020-12-17,266.1800537109375,267.07178151167,260.26999034230766,264.1309789103387,256400,0.014902170868746678,1.0,0.016264300127398275,-0.08380842667294364,3,12
2020-12-18,263.3056640625,270.3920369161736,260.63997635646325,268.5137111048465,482900,-0.010798666573112126,-1.0,0.01673171892863743,-0.061854427081512675,4,12
2020-12-21,263.115966796875,264.9373765747165,260.2700339223469,260.2700339223469,322900,-0.0007204450625869496,-0.0,0.016753101771727313,-0.0627724143549635,0,12
2020-12-22,258.8091125488281,265.2409189414826,258.58141825904505,262.48036089923704,234800,-0.016368654097574264,-2.0,0.016576380990536158,-0.07085185362801993,1,12
2020-12-23,259.3782958984375,263.3530882475428,257.1774345251833,258.8375617855538,184700,0.002199239988128321,0.0,0.016688377763310905,-0.07396209347846838,2,12
2020-12-24,259.3876953125,260.9339895056253,258.03114148000043,259.25490022031346,72400,3.6238244337072345e-05,0.0,0.016646757590811714,-0.0758467563929428,3,12
2020-12-28,258.2019348144531,261.8731827160966,257.1299623883258,259.8146413060229,163300,-0.004571382989537409,-0.0,0.016035194160824287,-0.09071880428185952,0,12
2020-12-29,256.2382507324219,260.2130719325827,254.2555879850183,260.2130719325827,166900,-0.007605226054724912,-1.0,0.013938520924425431,-0.058103025354788285,1,12
2020-12-30,258.7593688964844,261.594420883002,256.875702162721,256.875702162721,181900,0.00983896103277404,1.0,0.0139018181867851,-0.06845775915475705,2,12
2020-12-31,260.64306640625,261.22337976824497,255.46768621400997,258.5215315702956,251200,0.007279726789406471,1.0,0.014153935240671583,-0.052331074835764935,3,12
2021-01-04,255.18231201171875,262.6599586293159,253.7933109033032,261.3185427559802,233900,-0.020951082527627563,-2.0,0.0142862076469827,-0.047153493403401914,0,1
2021-01-05,255.2108612060547,258.6262269846518,254.31658392329203,255.439177437197,254300,0.00011187763803399697,0.0,0.01394362585446769,-0.04268175054607393,1,1
2021-01-06,260.1958923339844,263.221197752231,256.79005028384057,256.79005028384057,249400,0.019532989718273885,2.0,0.013951009401772834,-0.041004726429889504,2,1
2021-01-07,264.6197204589844,264.6958452132933,258.6737442261603,259.62510042341216,253800,0.01700191377088167,2.0,0.014297296912757607,-0.006225182143311692,3,1
2021-01-08,260.5955505371094,266.6461631351393,258.1220181600228,266.3797845119511,168900,-0.015207369711127572,-2.0,0.014764517379966629,0.006840804468573269,4,1
2021-01-11,260.5764465332031,264.2201568861508,258.6547175410599,258.6547175410599,189900,-7.33090180046192e-05,-0.0,0.014324449631939176,-0.029180205232916423,0,1
2021-01-12,269.09112548828125,269.38604360792266,257.4370112365564,261.26145297174094,262400,0.032676318479127,3.0,0.014051804562513797,-0.03977137330645597,1,1
2021-01-13,267.3216247558594,272.07840674180994,267.2265123426149,270.00445676387784,242300,-0.006575842028275769,-1.0,0.014544347195064861,0.021052663270869187,2,1
2021-01-14,270.6703796386719,273.3722279412414,265.9896940508106,267.6640903640438,251900,0.012527063180432396,1.0,0.014506050612431319,0.004897495716368994,3,1
2021-01-15,267.74969482421875,269.9853877306753,264.7624223804667,268.00655054973555,205100,-0.010790559418995427,-1.0,0.013354703969502892,0.04514078124721976,4,1
2021-01-19,268.0921325683594,274.4567070860907,267.8542935476163,270.080492330885,272000,0.0012789472808378832,0.0,0.013321565941240399,0.01893342085342775,1,1
2021-01-20,275.51275634765625,275.84573681825617,267.1122649949379,269.186243538604,255600,0.027679379130623127,3.0,0.013305128201919711,0.022192623163031167,2,1
2021-01-21,279.2230529785156,280.4693273148187,273.6766589426323,275.26540758520736,285500,0.013466877831883606,1.0,0.014226665199801024,0.035061615273598745,3,1
2021-01-22,278.8900756835937,280.4503138515892,274.7611930898993,278.36684136532773,190700,-0.0011925136243945422,-0.0,0.0141426921739215,0.060452132591562346,4,1
2021-01-25,276.2738647460937,277.9958173328832,272.5065019132766,277.9958173328832,201200,-0.009380796111469136,-1.0,0.014149097554816518,0.05995116555923907,0,1
2021-01-26,276.502197265625,278.7473841027198,273.8573989917928,276.9493068359356,190700,0.0008264716597103927,0.0,0.013750553586532585,0.06748121047697109,1,1
2021-01-27,279.118408203125,279.61310297299684,269.4526257704679,273.2960838974222,348400,0.009461808851329634,1.0,0.013758828994714294,0.06601902178389119,2,1
2021-01-28,271.3648376464844,284.53160418638527,271.26972525139473,280.6500836013054,413400,-0.027778786094960983,-3.0,0.013806225056945889,0.07606649523931441,3,1
2021-01-29,262.08917236328125,271.8310819026404,261.0521973434857,270.6609030473934,246400,-0.03418152979453748,-3.0,0.015336002620316052,0.050979102234420814,4,1
2021-02-01,269.3479919433594,270.2708087188784,262.7741164036256,264.676829010214,361000,0.027695991843633694,3.0,0.017194040774431173,0.022833911854047262,0,2
2021-02-02,263.287841796875,272.1639828216469,257.2943090440027,268.42515973263534,440200,-0.02249933293639983,-2.0,0.018061459076845712,0.04092073300391652,1,2
2021-02-03,257.6748962402344,263.5162096542397,256.9328393822182,261.94647734302407,212800,-0.021318665982954843,-2.0,0.01878620731074097,0.010147115851156796,2,2
2021-02-04,259.5014038085937,261.80369844153165,255.66743972641592,257.3037734482411,307600,0.0070884187594915105,1.0,0.01880749855103034,0.009767856591883062,3,2
2021-02-05,260.9189453125,266.06578553488833,259.4633715736793,261.46119624936955,248700,0.005462558133026096,1.0,0.018859406781164916,0.016811755511748627,4,2
2021-02-08,269.9758605957031,269.9758605957031,261.3185133908584,261.6800333912432,309500,0.034711604679973584,3.0,0.018411325193774905,0.002778879297554493,0,2
2021-02-09,270.9653015136719,272.08789495147425,264.667327611488,269.186269922745,219000,0.003664923655713359,0.0,0.019583196696475864,0.020240895604562326,1,2
2021-02-10,272.74432373046875,275.5032510295844,270.4800912259866,271.8405236860449,177600,0.006565498264386127,1.0,0.0192254052561992,0.039792509715494306,2,2
2021-02-11,277.75799560546875,278.54763764527115,272.01182407691465,273.6005729445545,252500,0.018382314273035494,2.0,0.0192435664217745,0.04669599788910772,3,2
2021-02-12,278.6141357421875,280.25046940862006,274.65651988359576,276.10257071527025,163300,0.0030823240024198117,0.0,0.01834934403878189,0.032207937372371376,4,2
2021-02-16,276.87322998046875,279.2420979380777,276.0550774772158,278.47150163781714,187600,-0.006248447362806053,-1.0,0.018253089392799134,0.0422431630686122,1,2
2021-02-17,279.31817626953125,282.1722447688117,275.41761018056405,275.9884296870373,274700,0.008830562236858297,1.0,0.018178087884794688,0.0229166203929565,2,2
2021-02-18,276.24530029296875,278.9756879925203,272.3067006488291,278.34778940485705,324200,-0.011001346269701062,-1.0,0.018032645066245453,0.04320632915345568,3,2
2021-02-19,279.394287109375,281.41115764606104,277.1585941906569,277.32986037502826,208200,0.011399241228960744,1.0,0.01826070538013432,0.030411812709686403,4,2
2021-02-22,275.56036376953125,280.5264451282915,272.65873848579844,277.6438365198388,237800,-0.013722268194921505,-1.0,0.01742397621464651,0.014088388549315711,0,2
2021-02-23,274.3235778808594,276.16921131092465,269.30991190994376,275.246394595892,202500,-0.004488257569968512,-0.0,0.017446714897189037,-0.013117431279093594,1,2
2021-02-24,276.3879699707031,277.52960892975534,271.26017557293994,273.76224681781866,290400,0.007525390656505371,1.0,0.01746822235216758,-0.016373826826003968,2,2
2021-02-25,268.49176025390625,274.808750614764,266.7507911025229,268.5393164528551,283900,-0.02856929597056579,-3.0,0.01743480701557752,0.0004130149071983613,3,2
2021-02-26,266.160888671875,272.9060000136104,265.2285782644466,269.26231888373144,405000,-0.0086813523805237,-1.0,0.018524990841154887,-0.02897060888099723,4,2
2021-03-01,268.263427734375,271.0984505869953,267.35962774459466,268.97694487375315,327400,0.007899504217135478,1.0,0.018423969750959602,-0.04642302030405787,0,3
2021-03-02,271.0984191894531,271.6787614928062,264.62920948823086,269.4430689083997,248700,0.010567938682589428,1.0,0.017562403927522976,-0.011428930656630198,1,3
2021-03-03,274.5613708496094,277.14906055187845,270.15658754822084,271.6216840425785,258100,0.01277378035073018,1.0,0.015894206380038745,0.034374738738478516,2,3
2021-03-04,264.8480529785156,276.2833434687811,263.90619064593795,274.2759668917103,559700,-0.035377583674777835,-4.0,0.014982772482708214,0.019355551413750005,3,3
2021-03-05,269.3099365234375,272.35428838590946,266.2370741655437,267.9304872678573,447100,0.01684695618768184,2.0,0.016207102083903763,0.005925876299462063,4,3
2021-03-08,278.0053100585937,281.7060705811625,267.09325327803924,270.2232233068041,325900,0.032287607532815565,3.0,0.01578339115331327,0.04515395350098683,0,3
2021-03-09,276.10260009765625,280.8689039946498,276.10260009765625,279.5084425508287,194600,-0.006844149705401037,-1.0,0.017076604299718436,0.07130561137021196,1,3
2021-03-10,277.938720703125,280.6500918034369,275.62693199960063,278.7854416956348,234300,0.006650138770222913,1.0,0.01721377978704666,0.058192994636594664,2,3
2021-03-11,278.3858337402344,281.84878408416466,276.5592461791322,278.51903753796364,221000,0.0016086748761678926,0.0,0.01563235611758745,0.029494711452541678,3,3
2021-03-12,282.79071044921875,284.988341570264,275.1893815514518,277.8151056637488,193800,0.01582291975781569,2.0,0.015624569186456157,0.027385544145725582,4,3
2021-03-15,289.43115234375,289.9543867221661,282.3625526095462,282.5908978756788,162700,0.02348182471758986,2.0,0.015905539341117915,0.03683444839965966,0,3
2021-03-16,288.1372375488281,290.1446141576702,285.1785338064193,286.9765818641883,186500,-0.004470544322696557,-0.0,0.016206719116867482,0.042026357199315134,1,3
2021-03-17,289.77362060546875,290.1636801841134,285.61619809533846,288.1182698845157,188300,0.005679179374943999,1.0,0.016267239295231405,0.03418025356564369,2,3
2021-03-18,289.916259765625,290.16362165171864,285.1594790828099,288.2704322305455,226400,0.0004922434273286758,0.0,0.01618281676672602,0.046593130819870154,3,3
2021-03-19,286.4723205566406,290.42996509015893,285.5114416843131,290.1635865654549,475800,-0.011879082641892968,-1.0,0.016116630676543477,0.037942691870746836,4,3
2021-03-22,288.6033935546875,288.97443639655955,283.04747701049024,285.61615028058304,212900,0.007439018868929503,1.0,0.016152856963802902,0.03702151766138906,0,3
2021-03-23,286.9289855957031,289.4405504276887,283.1711176490257,287.1287622335347,205000,-0.005801761158664598,-1.0,0.01605872926839105,0.032960969032653775,1,3
2021-03-24,291.400390625,293.84538301165543,288.993460615371,289.7640568099065,168300,0.015583664438828526,2.0,0.015769581940229153,0.04125637544766847,2,3
2021-03-25,296.81365966796875,297.9743155814622,288.96496974550934,290.09708612969933,187000,0.018576739143548515,2.0,0.015960868892838768,0.062250619782879824,3,3
2021-03-26,305.23309326171875,306.0512746199915,295.6719758938587,298.5736004390663,224300,0.028366058365266733,3.0,0.016296149269774414,0.07390223857945322,4,3
2021-03-29,301.62750244140625,310.9317658675433,301.0757285635398,305.3473090477668,270900,-0.01181258159717602,-1.0,0.015400693764935362,0.13684342853973286,0,3
2021-03-30,301.6083984375,303.3631519044759,298.9571907172975,301.8468165026397,196200,-6.333641246780708e-05,-0.0,0.015566637391825237,0.1332525373900999,1,3
2021-03-31,297.1548156738281,302.5049336208561,295.5431067939968,300.7501505806497,388500,-0.014766109918503356,-1.0,0.015617256926454241,0.12429935375366186,2,3
2021-04-01,302.0661926269531,302.4762938859172,296.8209943233891,298.2515029516338,155200,0.016528007267820888,2.0,0.016191241355999315,0.09611415869660922,3,4
2021-04-05,308.2745666503906,309.19008389649207,303.7541693250108,305.16558568279873,209700,0.02055302504873402,2.0,0.016307419800164577,0.10017731807002628,0,4
2021-04-06,311.4980773925781,313.720121683554,307.254222798261,310.2201596363212,263900,0.01045662241038281,1.0,0.013814225735923207,0.16396765308823213,1,4
2021-04-07,311.5838317871094,313.0620122901457,307.84542336427967,310.56339538629305,240800,0.000275296705678052,0.0,0.013664054066780052,0.15665274521153472,2,4
2021-04-08,310.5443725585937,312.7473536466036,306.53893652379,310.5825276066343,228000,-0.0033360499566161828,-0.0,0.012437432188922307,0.12078374230131983,3,4
2021-04-09,317.019775390625,317.0388383602675,311.14515022221025,311.51706730474723,226000,0.020851779662532932,2.0,0.012285724494695047,0.12474265888389158,4,4
2021-04-12,315.7323303222656,319.2990558061761,314.85493890341115,317.0293108241341,197400,-0.004061087567086341,-0.0,0.012724538379983797,0.14061032801990803,0,4
2021-04-13,316.14239501953125,317.5538406239747,313.5865600175515,314.9979765182235,236600,0.0012987732261915408,0.0,0.012889500689654844,0.13415372499478462,1,4
2021-04-14,313.02392578125,317.5729329927057,312.38495241971816,315.1219877561746,163800,-0.009864128593346622,-1.0,0.012729888320710833,0.11793769504427032,2,4
2021-04-15,313.43389892578125,317.14366853361025,311.4693365836246,313.44344496068726,219100,0.0013097182380166217,0.0,0.012437977770171235,0.08151428499126956,3,4
2021-04-16,318.5169982910156,319.48021661551013,314.5020461058878,314.7690731824904,189000,0.016217452492073958,2.0,0.012308816204305316,0.08779379434657875,4,4
2021-04-19,320.24322509765625,320.9108075125955,318.0879449625821,319.39447167683164,180800,0.005419575143250199,1.0,0.012588615178032843,0.09919252699914116,0,4
2021-04-20,319.05108642578125,323.31400317313575,314.95985282748927,321.3303774076401,284700,-0.0037226038786970506,-0.0,0.012554316354577624,0.1046059484781856,1,4
2021-04-21,318.2308959960937,323.7717294501349,317.7445138345242,318.412096052217,288300,-0.0025707181845887606,-0.0,0.012130767250080098,0.11372395701559324,2,4
2021-04-22,319.5374450683594,322.2744799689353,317.8017544618289,319.32763599390216,226800,0.004105663807959514,0.0,0.012235085703595537,0.10265819149417621,3,4
2021-04-23,318.9652099609375,320.6913543909304,317.5824026720781,318.6886659654259,337700,-0.00179082331743452,-0.0,0.011997170247562793,0.11364644601853913,4,4
2021-04-26,317.08648681640625,332.1163712506765,305.1751293617128,331.0482629545134,514100,-0.005890056613890082,-1.0,0.011843899899866952,0.09459431154781939,0,4
2021-04-27,323.3807678222656,323.46659484506955,313.348144738531,317.3154253806171,264200,0.019850360288307556,2.0,0.011577909376269404,0.06830153022982755,1,4
2021-04-28,316.2854309082031,323.2377105294558,315.9611857997575,323.2377105294558,242600,-0.021941122107676403,-2.0,0.010774176197608266,0.05945513432577365,2,4
2021-04-29,325.3643798828125,326.7853422463221,316.7622374148091,316.7622374148091,322400,0.02870492310866002,3.0,0.011652360331046612,0.04859612717061279,3,4
2021-04-30,319.8045349121094,326.07971630446224,318.7650353722341,324.83037854518165,239100,-0.01708805669725011,-2.0,0.012973510591374596,0.07876432343522843,4,4
2021-05-03,324.2295837402344,326.5088458581636,321.3971752797991,322.1219465818842,177500,0.013836729455200203,1.0,0.013147458081262012,0.0762219491106706,0,5
2021-05-04,325.5169677734375,328.7880860262094,323.43796905224434,323.6096230889439,144900,0.0039705939795875445,0.0,0.013027567347125983,0.07337263041764053,1,5
2021-05-05,328.0633239746094,328.6355332674128,323.69551694363105,325.5551607655253,150200,0.007822499142177364,1.0,0.012428343895743058,0.05593196127204747,2,5
2021-05-06,326.4230041503906,330.2186309686158,325.0592595354371,328.9025583345256,186200,-0.005000009767460956,-1.0,0.01235890704512091,0.05317928996766885,3,5
2021-05-07,331.8779602050781,333.37523270010325,323.9243367202018,325.5360452345567,142600,0.01671131012621374,2.0,0.012460495275538167,0.04762497552639422,4,5
2021-05-10,337.1327819824219,339.85072538240115,332.1450642236279,332.631446522215,195700,0.015833596705537856,2.0,0.012771841820968965,0.06869738926748448,0,5
2021-05-11,330.3520812988281,333.8139164295769,327.70087344972126,333.7090264456241,234200,-0.020112848841698505,-2.0,0.01246933461220911,0.06344401249737208,1,5
2021-05-12,320.4911193847656,328.85481520218804,320.4625103791509,328.85481520218804,217500,-0.029849855570131978,-3.0,0.013382814965538975,0.04630425703202534,2,5
2021-05-13,331.8112487792969,333.5850946715192,319.52794295796764,321.807234084898,257100,0.03532119522145272,4.0,0.015107690645479436,0.013755587462306984,3,5
2021-05-14,334.5864562988281,336.7417654613358,332.9938395224596,333.1273385384532,165000,0.008363813854234792,1.0,0.016657219994114725,0.06001880831044204,4,5
2021-05-17,332.19268798828125,333.84255168635934,328.2444994610966,332.02103394444094,136800,-0.007154408869464057,-1.0,0.016694392345599635,0.06748650176494042,0,5
2021-05-18,324.4012756347656,331.6301011488314,324.1151563920346,331.29633902131235,241200,-0.023454496848499207,-2.0,0.016565038559993455,0.04293550978642191,1,5
2021-05-19,323.0756225585937,323.8480949557961,316.75279832663625,320.0334049533053,187700,-0.004086460737794506,-0.0,0.017453225310819737,0.012984039040455642,2,5
2021-05-20,327.2621765136719,327.9678846734692,323.0755413188862,323.7526695787775,132100,0.012958433452585627,1.0,0.017458077097326486,0.012614080641122127,3,5
2021-05-21,326.8521728515625,329.9897342917659,325.23091802726725,328.34941649562,158200,-0.0012528293568084825,-0.0,0.017638697468085104,0.028379647077664716,4,5
2021-05-24,326.87115478515625,329.0836813298022,326.21311862227645,329.0836813298022,173400,5.807498058874039e-05,0.0,0.017637595805789393,0.02289161378766824,0,5
2021-05-25,328.5973205566406,330.87661129013367,327.52921225285604,327.6245853022158,155200,0.005280875189549672,1.0,0.017626393019778454,0.024786229273051408,1,5
2021-05-26,330.3139953613281,332.364414533198,329.0360776951493,330.5142875423991,140200,0.005224250769237715,1.0,0.017566562071941676,0.03630187415365693,2,5
2021-05-27,330.7049560546875,333.7757822389761,330.1232298809311,333.2322111089357,210100,0.0011836031741001563,0.0,0.017100818160306418,0.0214398264490272,3,5
2021-05-28,333.7185363769531,334.5959276865775,330.12320233262204,332.860237139479,135200,0.009112594979578281,1.0,0.016263617021445177,0.0455902287534371,4,5
2021-06-01,332.8985290527344,336.11240132444925,328.3113657949187,334.1001368377372,231400,-0.0024571824302037637,-0.0,0.015197198868397948,0.025676309426218014,1,6
2021-06-02,329.5319519042969,333.14634915538284,326.651842781441,333.14634915538284,191000,-0.010112922871774566,-1.0,0.014636208276971551,0.04094374128942091,2,6
2021-06-03,325.869873046875,329.04558935587687,322.59875457266605,329.04558935587687,193200,-0.011112970491205743,-1.0,0.014602018481734098,0.016353745709739576,3,6
2021-06-04,325.64093017578125,328.39705704829845,323.9624867453173,327.5006027724032,145300,-0.0007025591809182163,-0.0,0.01481156949089691,0.0010841378741373031,4,6
2021-06-07,325.3643798828125,327.0619153525901,321.8071718523365,327.0619153525901,175000,-0.000849249180130629,-0.0,0.014707401455745556,-0.007383921401148741,0,6
2021-06-08,326.1559753417969,326.8712296736868,323.7241222548805,326.0796943520555,335500,0.0024329505868758705,0.0,0.014668211825166106,-0.0032431055842203627,1,6
2021-06-09,322.5605773925781,326.3657203780797,322.4556583105343,325.2308480659533,235700,-0.011023553824058951,-1.0,0.014174940562438124,-0.017241231866513385,2,6
2021-06-10,322.7132263183594,325.2118434187616,320.79633542821256,323.8576157677014,167200,0.0004732411102905676,0.0,0.01381252459153194,-0.043223932434442225,3,6
2021-06-11,323.1900329589844,325.0973776371347,320.8153690441236,322.6368867042096,210300,0.0014774933338326246,0.0,0.013179597656593567,-0.023123374765600002,4,6
2021-06-14,318.1545715332031,322.8180426029471,316.55240920769944,322.2172244549417,268400,-0.015580497268677496,-2.0,0.01140845728060673,0.008421180528807692,0,6
2021-06-15,318.3072509765625,321.2827335408082,317.3535785031409,319.2037054298807,303900,0.0004798907732916913,0.0,0.008722869073882089,-0.041157969467085276,1,6
2021-06-16,313.357666015625,317.79226598170004,311.5456942669581,317.79226598170004,225500,-0.015549708483712621,-2.0,0.008420613424057621,-0.04865470498221913,2,6
2021-06-17,310.5443725585937,313.6914800832437,308.0648183038949,313.6247160251163,213300,-0.008977898938304696,-1.0,0.008849078030945076,-0.05669908656544753,3,6
2021-06-18,306.18603515625,310.0865514834943,305.21329985950183,307.55932563622963,289400,-0.014034507746622737,-1.0,0.0076351532084219425,-0.04271531623621927,4,6
2021-06-21,313.3290100097656,313.853547216078,308.1124215729549,309.1328578781052,156700,0.02332887210179413,2.0,0.008064441148702231,-0.052277504779180806,0,6
2021-06-22,312.5088806152344,314.44483423433144,309.1424185356094,312.80451670210863,123100,-0.0026174703533059507,-0.0,0.009284980058097593,-0.042574936866632274,1,6
2021-06-23,311.364501953125,314.1492382507686,310.22011250087496,314.1492382507686,158000,-0.0036619076547727003,-0.0,0.009284054010076481,-0.043883117285691164,2,6
2021-06-24,315.3222351074219,317.4012338147503,310.7445904329032,313.5960614039983,245500,0.012710932458487756,1.0,0.009276431736455058,-0.04743964894125752,3,6
2021-06-25,315.67510986328125,317.17235340969245,315.1696646563511,315.3317726659441,249200,0.0011190925236819194,0.0,0.009710404928769865,-0.04039925044650661,4,6
2021-06-28,322.1409912109375,324.04833591067336,313.9870751573046,316.15193001791783,259600,0.020482708790238835,2.0,0.009600149316473952,-0.04431809037347478,0,6
2021-06-29,332.6886901855469,333.5111034021688,322.791219549156,323.70926628165284,380500,0.03274249245636285,3.0,0.010782391112478903,-0.025896088603927114,1,6
2021-06-30,335.4618530273437,337.5561013246445,329.50426789309216,332.29657950066064,662200,0.008335609005073685,1.0,0.01293066915888653,-0.0030859723963400087,2,6
2021-07-01,330.9388122558594,335.42375404390043,329.7530088457432,335.1464255225918,298800,-0.01348302565751236,-1.0,0.013044950292648917,0.007700015923480574,3,7
2021-07-02,331.9141845703125,332.7557130101361,330.5276004129627,330.6901511623668,118100,0.002947288980112317,0.0,0.013201133880669158,0.004269268407608218,4,7
2021-07-06,330.0302429199219,333.3102653237738,325.803515827377,333.3102653237738,197500,-0.0056759901744769525,-1.0,0.012948266884658345,0.018548236653248562,1,7
2021-07-07,338.4358825683594,339.1148308383404,328.9209179502143,329.0069793492332,185300,0.02546930115879431,3.0,0.01302534970777191,0.013478995842971075,2,7
2021-07-08,326.5972595214844,333.9510314655408,325.4210283887818,333.9510314655408,226800,-0.03498040147821435,-3.0,0.01408968477401153,0.040174965342717917,3,7
2021-07-09,327.19012451171875,329.9633215919473,324.732485957262,329.0261889386982,220100,0.0018152785210232558,0.0,0.016231046170488046,0.0013529851146374394,4,7
2021-07-12,327.6395263671875,328.9974521553156,323.661411695062,326.95100595887254,235200,0.0013735190086785476,0.0,0.01602809322899404,0.014352488938864205,0,7
2021-07-13,321.4715576171875,327.9168533676217,320.96473212321047,325.70785648035866,164200,-0.018825472061901105,-2.0,0.01602837675145087,0.015265256106882674,1,7
2021-07-14,296.83795166015625,313.79275363819613,296.4936767595407,306.00864472991486,1039200,-0.07662763741719658,-8.0,0.01659070419451177,-0.005317228771145155,2,7
2021-07-15,303.5413818359375,305.2339811942534,285.6016204893836,294.86794462344045,687800,0.02258279353529513,2.0,0.023389737732778613,-0.067000828466242,3,7
2021-07-16,304.010009765625,307.38566624388824,302.4608457703961,305.38705091321884,251800,0.0015438683412885013,0.0,0.02404373798046233,-0.046388730056646565,4,7
2021-07-19,303.2736511230469,305.51133542722823,298.654817642045,298.654817642045,279900,-0.002422152623019924,-0.0,0.023849848907561273,-0.02983062890675825,0,7
2021-07-20,311.3828430175781,313.59184006304434,303.0632524725078,305.55912088105345,319000,0.026738860644511142,3.0,0.023785266533395664,-0.023412826243293106,1,7
2021-07-21,306.6780090332031,314.1082699319288,305.81733648914417,312.2339754065597,296100,-0.015109483678615532,-2.0,0.02431360837823289,0.0169727135291331,2,7
2021-07-22,302.2312927246094,308.3514880318095,300.9881444684148,308.08373167586353,225200,-0.014499625593018317,-1.0,0.02400057646830471,-0.0212268917466506,3,7
2021-07-23,306.5919189453125,308.1889141883399,303.5222783072292,304.6315629989075,237400,0.014428109615626461,1.0,0.024186391484953843,-0.03288734665841042,4,7
2021-07-26,313.0085754394531,313.65883675557467,296.4458518116712,298.3584056943271,390400,0.020928981155844406,2.0,0.024419311786875068,-0.015327961209049445,0,7
2021-07-27,317.5604248046875,319.13830505961147,309.6998274031832,312.44436666067975,397600,0.014542251306833176,1.0,0.02470485741481267,-0.00733744535072367,1,7
2021-07-28,312.96075439453125,319.03311900870034,308.3993237400693,317.69433708337937,277500,-0.014484394310107174,-1.0,0.024909507009279644,0.005972326871835909,2,7
2021-07-29,319.3487243652344,320.20936785160325,312.47309021666445,315.76268551931514,176100,0.020411409037729422,2.0,0.02468064936998105,-0.028497574251253988,3,7
2021-07-30,315.0262451171875,321.5958617697641,314.5003045740332,318.4401601443367,380500,-0.013535295175011619,-1.0,0.023972266974052938,-0.04009744308672636,4,7
2021-08-02,314.0795288085937,320.9360165605365,314.0795288085937,317.3404359315681,331200,-0.003005198212109761,-0.0,0.023991093663849612,-0.0609178293321192,0,8
2021-08-03,317.8951110839844,321.9497448343606,314.72026488964144,316.42246572449426,501500,0.012148458990194122,1.0,0.02386441349758406,-0.05094380841081658,1,8
2021-08-04,314.2803955078125,322.7147647203991,314.2803955078125,316.60414135722266,415200,-0.011370780644741951,-1.0,0.024047575815549636,-0.04223704239840442,2,8
2021-08-05,315.1888732910156,318.54538537833423,311.985339827022,315.60963746329713,373300,0.002890660048124216,0.0,0.024125800518295357,-0.04772243680689259,3,8
2021-08-06,319.2052001953125,321.0221495531506,314.34732664800947,316.4128881417201,233100,0.012742603704124278,1.0,0.02332839251099104,-0.06868955236343233,4,8
2021-08-09,320.1232604980469,322.58086992195075,317.2352856178083,318.9948315904662,222500,0.002876081912740247,0.0,0.02237417432802759,-0.02263356201151956,0,8
2021-08-10,324.426513671875,326.31038035101466,319.50166424109887,320.51534461381453,288200,0.01344248826884109,1.0,0.022381675688608705,-0.02159864703807335,1,8
2021-08-11,329.3513488769531,330.0685565916862,324.78991831722306,326.35819734481265,205400,0.01518012553702408,2.0,0.02259405852261551,-0.009806547857451275,2,8
2021-08-12,326.0712890625,330.53708558532185,325.6026935639119,329.9059393657313,241800,-0.009959150996762922,-1.0,0.022411727528204167,0.02451162808359242,3,8
2021-08-13,325.5931396484375,326.5398443542371,323.00160847444204,325.6218267854844,170700,-0.0014663953255045215,-0.0,0.01391898608328423,0.09848247920741748,4,8
2021-08-16,324.378662109375,327.1614312447984,322.8390703888738,324.13959289688074,293700,-0.0037300464634293373,-0.0,0.013340596182339454,0.0726482751021369,0,8
2021-08-17,319.5112609863281,322.8295432856622,317.73259980537904,320.4675379696145,233800,-0.01500530611784101,-2.0,0.013427230000185586,0.06699993976992102,1,8
2021-08-18,311.5836486816406,319.7024583440217,311.2298309442971,318.9661065501705,223700,-0.024811683570134746,-2.0,0.013959857838117257,0.05354111642456272,2,8
2021-08-19,315.7626647949219,316.3555518425463,308.4088926162115,308.6001304988204,213000,0.01341218042398351,1.0,0.014031364747706365,0.0006448835206092074,3,8
2021-08-20,319.0616760253906,321.0794347904546,315.56170023023446,315.74339511563227,182500,0.010447755856796359,1.0,0.013862425122102203,0.029622781856312397,4,8
2021-08-23,316.8432006835937,319.8937262161,316.3555193272969,319.100029259173,163500,-0.006953123826818897,-1.0,0.01348821756200807,0.055687096954970094,0,8
2021-08-24,316.1355895996094,320.5440414614278,314.8350669712005,316.84322519546384,207700,-0.002233316297959531,-0.0,0.013362725057959556,0.033436242460486154,1,8
2021-08-25,316.94842529296875,319.425179018416,316.4607147242137,318.37326856779504,196600,0.0025711616157764183,0.0,0.012627779070651232,0.009990186868733542,2,8
2021-08-26,314.5959777832031,317.4265491703472,314.1752136222859,317.4265491703472,214100,-0.00742217762271935,-1.0,0.01222841316136557,-0.0019271907451791082,3,8
2021-08-27,319.224365234375,320.2953907047044,313.00856531676203,314.88285988983847,273100,0.014712163466887862,1.0,0.01190354614738651,0.005225011014034164,4,8
2021-08-30,321.0316467285156,324.3499280855998,318.77484769675766,320.0562549885057,116800,0.005661477289848227,1.0,0.011479900980965747,-0.0003894148351666349,0,8
2021-08-31,320.52490234375,322.00714913196936,318.220271383295,322.00714913196936,220700,-0.0015784873233826158,-0.0,0.01110261177874023,0.019063178717360962,1,8
2021-09-01,320.14239501953125,321.7107032199385,316.7858535982801,321.4907490162454,132300,-0.0011933778668108408,-0.0,0.011081489767882579,0.02052146970420421,2,9
2021-09-02,320.3432312011719,322.78175512438287,318.51673858180106,321.08912611319033,145100,0.0006273339137992107,0.0,0.010790596564136414,0.007069262335881454,3,9
2021-09-03,318.2394104003906,320.496209966335,317.8951355273828,319.7790022627628,121300,-0.00656739583006849,-1.0,0.010448920397414345,0.019291167314343882,4,9
2021-09-07,310.5413513183594,319.712043291828,310.4552898993081,316.3555312158093,262200,-0.024189521569141892,-2.0,0.010564845348790713,0.009678441619855205,1,9
2021-09-08,314.15606689453125,315.1601751182014,309.4225138969575,310.7326085398209,202200,0.011640045877388427,1.0,0.011462871217970122,-0.027141941521165558,2,9
2021-09-09,311.50714111328125,315.5713171677139,310.72298719997553,314.7776203318309,222800,-0.008431878484585487,-1.0,0.011775738831759914,-0.018640299971429353,3,9
2021-09-10,307.3378601074219,314.18477732441744,307.2996008584662,312.6738725981155,237300,-0.013384222881565266,-1.0,0.011412034708604392,-0.03982218472951449,4,9
2021-09-13,306.6970520019531,314.40463955793643,305.7981496056054,312.0330629317694,340900,-0.0020850282007064402,-0.0,0.010971906114549027,-0.06683892094140342,0,9
2021-09-14,299.5920104980469,307.94028950122635,294.1699074113399,307.2039667639046,427100,-0.023166318220303572,-2.0,0.010864505207732269,-0.05941718179558364,1,9
2021-09-15,298.760009765625,302.8050419397385,292.42943285542094,300.41434994718844,510500,-0.002777112550627625,-0.0,0.011723686231754665,-0.07985773035164567,2,9
2021-09-16,297.0386962890625,300.2900315871056,294.67669141505803,299.8788395652278,263900,-0.005761525707248638,-1.0,0.011726178277034467,-0.07897761269855608,3,9
2021-09-17,292.4581298828125,296.2258629251547,291.2914709836621,295.6521201741404,630300,-0.015420773331810023,-2.0,0.011456659320987597,-0.07033418674475833,4,9
2021-09-20,293.4909362792969,295.288741455676,288.16446713472226,288.16446713472226,317000,0.003531467553657075,0.0,0.01074014536127406,-0.0613816510582349,0,9
2021-09-21,292.5633850097656,294.7436953822773,291.090710272069,294.30381613765644,231200,-0.003160408567604134,-0.0,0.010189504864488892,-0.07053312819642499,1,9
2021-09-22,292.3338623046875,294.3707076037883,290.59343132900483,294.2559590442057,319600,-0.0007845230019828398,-0.0,0.009683120944259346,-0.08305068582889374,2,9
2021-09-23,295.1164855957031,295.7858908392756,292.9170612523828,293.1274432560847,159300,0.009518648537935714,1.0,0.009685018894361403,-0.07735478724500622,3,9
2021-09-24,295.1357421875,297.1439294996659,294.0264574895107,295.05922369342915,121700,6.525081700536894e-05,0.0,0.010109187211426842,-0.06648762333442837,4,9
2021-09-27,294.7532043457031,297.124752098434,292.7928194238473,293.33790419601587,155000,-0.0012961420360732001,-0.0,0.010052014621765734,-0.06882092278990304,0,9
2021-09-28,289.1016540527344,296.7709846731546,289.0155926293666,293.50053385215443,275800,-0.01917383834898123,-2.0,0.010016490052176148,-0.06307383068697148,1,9
2021-09-29,288.2192077636719,292.12311300840327,287.14488371773115,289.9553500803593,158600,-0.0030523737124711348,-0.0,0.009737651883166668,-0.09436219305980764,2,9
2021-09-30,282.1666259765625,289.7442665288142,282.1666259765625,289.101592498039,328000,-0.020999925140562592,-2.0,0.009457320008361058,-0.10220935941742837,3,9
2021-10-01,285.2552185058594,287.29828072395395,280.689437683028,283.5478220869609,292100,0.01094598809695313,1.0,0.01003023822365538,-0.11967331114276358,4,10
2021-10-04,283.94110107421875,285.6676709006463,281.706187969122,283.56702997217377,215600,-0.004606812939387583,-0.0,0.010651831694280025,-0.10897393490026053,0,10
2021-10-05,287.0968933105469,288.5932364206918,282.00356594095103,284.15215517144986,603400,0.011114249484801553,1.0,0.010564009270139285,-0.11363477227365859,1,10
2021-10-06,284.9003295898437,287.54771939855306,282.91481650564486,285.7444265881182,495800,-0.00765094911120201,-1.0,0.011176156307164158,-0.09785876944235794,2,10
2021-10-07,291.5667724609375,293.9072127470863,285.75404777697287,285.75404777697287,416100,0.02339921080713081,2.0,0.010291602394070419,-0.0825687838983773,3,10
2021-10-08,283.0106811523437,291.94079082729513,282.7804835502071,291.94079082729513,280900,-0.029345220775251812,-3.0,0.011443144452119405,-0.07190468946498951,4,10
2021-10-11,283.3080749511719,287.164061039839,281.7158355843937,282.1186814527909,124200,0.0010508218192235574,0.0,0.012732594725556105,-0.09147931523847364,0,10
2021-10-12,285.6101379394531,287.7779004448448,282.7421227211592,283.9603200667048,331400,0.008125652573362174,1.0,0.01261700441822951,-0.07818686948575426,1,10
2021-10-13,288.98651123046875,289.47571045862395,284.1713588228937,286.4734229025857,269900,0.011821615700950305,1.0,0.01288012170999677,-0.06875486387904928,2,10
2021-10-14,296.5737609863281,296.8135599438013,289.7442913610651,291.9024819783238,152700,0.02625468477249604,3.0,0.012438111177677411,-0.03539980672364185,3,10
2021-10-15,296.5545654296875,300.5352219715789,296.18046503328657,298.12763125145506,140900,-6.472439293614407e-05,-0.0,0.013839912016548118,-0.0073177423612081904,4,10
2021-10-18,300.3337707519531,301.2066424073637,293.2453292979827,295.3747450588345,146200,0.012743709801903869,1.0,0.013782362262733482,-0.0016298578785299833,0,10
2021-10-19,296.5928955078125,302.5974699834197,295.6912492040526,302.5974699834197,274700,-0.012455726290035551,-1.0,0.013574184163429976,0.026929122716801812,1,10
2021-10-20,298.3291320800781,299.09650645042166,296.21891842439646,297.51383889057564,226300,0.0058539385081795015,1.0,0.013890589163480392,0.010569182366721108,2,10
2021-10-21,297.9262390136719,299.17318191873346,293.3988333981184,297.91663768795564,232200,-0.001350498570478531,-0.0,0.013908077808752726,0.01970768512307175,3,10
2021-10-22,299.4418029785156,303.76778634501545,296.7464645357845,298.7320072992074,244800,0.005087044262570561,1.0,0.013912301426822623,0.01913010235932111,4,10
2021-10-25,291.87371826171875,311.43170674786643,278.65600039911743,284.4687250052972,859200,-0.02527397524833852,-3.0,0.013809780494167881,0.014656305540104553,0,10
2021-10-26,290.3965759277344,296.7080724437919,290.00330207275704,290.5500507935064,456900,-0.005060895317268166,-1.0,0.014936753115569641,-0.011052622436047987,1,10
2021-10-27,284.87158203125,295.0294631372741,284.44953349189655,291.82575233206273,345700,-0.019025685405668402,-2.0,0.014970317523059107,-0.014780597305598886,2,10
2021-10-28,285.7444152832031,288.4397530669515,283.6246008184482,286.4446387364172,301700,0.0030639533986840384,0.0,0.014961159777546902,-0.014631780767026648,3,10
2021-10-29,287.0681457519531,289.2742845974246,284.64138131300024,285.2073033773197,291300,0.004632568120143565,0.0,0.01497045574094328,-0.008586493938662065,4,10
2021-11-01,290.626708984375,292.62185252355573,285.2168602121174,288.2095462485575,461200,0.012396231644233868,1.0,0.014225025260182569,0.017371011750332732,0,11
2021-11-02,293.22613525390625,295.68167388783183,286.88583649735125,290.7226192719011,352000,0.00894420983747568,1.0,0.014279563382738539,0.01883047225796952,1,11
2021-11-03,287.7587585449219,294.0990291408077,287.37508605466223,292.5163618232776,231500,-0.018645598231720184,-2.0,0.014320306802870456,0.0327005641119229,2,11
2021-11-04,288.7179260253906,292.54510777067406,288.0656799288324,288.516503110463,292700,0.0033332347043713018,0.0,0.01479946710759879,0.0023053723317691954,3,11
2021-11-05,289.84979248046875,293.427603508802,287.3942534669873,291.26941286452336,443300,0.0039203192910806095,0.0,0.014701368516424491,0.013399761386878373,4,11
2021-11-08,289.2742614746094,291.3557292763444,284.90993221825096,290.57878300672746,311000,-0.0019856181401204376,-0.0,0.013786059072468075,-0.0058888053874478485,0,11
2021-11-09,296.9478454589844,296.986221490155,289.4853027385542,289.4853027385542,170500,0.026527019532460283,3.0,0.012080298036747946,0.022131957340839836,1,11
2021-11-10,296.6600646972656,299.1252048359244,295.33636985946964,297.01496244634654,153800,-0.0009691289770900058,-0.0,0.013292202227951268,0.048144658461158674,2,11
2021-11-11,298.6263732910156,299.8637438942325,294.9910427993426,297.11085702122426,194200,0.006628153997595199,1.0,0.013241850253028134,0.0386888464027666,3,11
2021-11-12,306.6261291503906,309.4173631221717,296.36272255268165,298.80866009294306,271200,0.026788510911523344,3.0,0.01309482479184617,0.03335748101010516,4,11
2021-11-15,301.8013610839844,309.49410036544305,301.3121618904116,306.54936242414124,201300,-0.015735019320678445,-2.0,0.013145406602974537,0.033895001805388736,0,11
2021-11-16,308.2471923828125,311.19193093590223,300.22832839711293,301.12037359350705,251600,0.021357860268345075,2.0,0.013682638478839704,0.017692513506560426,1,11
2021-11-17,308.99542236328125,309.7243914390226,305.5614841921687,308.86112086870224,176500,0.0024273699775974045,0.0,0.014174951600443375,0.026348757287754765,2,11
2021-11-18,306.06982421875,310.31905514146104,304.3432832625539,310.31905514146104,160300,-0.009468095424053469,-1.0,0.013818560127306197,0.041816668717683525,3,11
2021-11-19,310.6067810058594,312.3429230063145,307.4893947559779,307.89224058653366,162900,0.014823273737259335,1.0,0.014010479858909235,0.02594681948993882,4,11
2021-11-22,309.43658447265625,315.8631790504271,307.8634892411119,311.49884967841604,223000,-0.0037674532713470876,-0.0,0.014298283589467322,0.042562689456854486,0,11
2021-11-23,308.5253295898437,312.0647645067571,305.148970842126,308.30473328557906,127600,-0.002944884116936386,-0.0,0.014335807493784014,0.03337804339515582,1,11
2021-11-24,305.6477355957031,310.79861235442525,305.32161253661764,308.69797121214947,118800,-0.009326929487332714,-1.0,0.01300427277259055,0.05705073902266755,2,11
2021-11-26,304.5062866210937,309.7147419962028,302.3193213956425,302.3193213956425,161700,-0.003734524557771568,-0.0,0.013164328033215893,0.05251838668980735,4,11
2021-11-29,308.9761657714844,309.64761458248745,301.8589488820579,306.62615347764284,218100,0.014679103016197015,1.0,0.012307883318176588,0.06892475707769896,0,11
2021-11-30,296.41070556640625,314.76972908654403,296.39153218650625,308.0265831012202,582500,-0.04066805662405493,-4.0,0.012557523951851939,0.0813025530709186,1,11
2021-12-01,289.6387939453125,303.18263575213115,289.24552010252864,298.65522980541243,273800,-0.022846380019080015,-2.0,0.015863747241545652,0.03254474574314403,2,12
2021-12-02,298.9046630859375,300.909379281999,288.9578049084316,288.9578049084316,170200,0.03199111905698149,3.0,0.016520261509119942,-0.0033992575648497114,3,12
2021-12-03,303.144287109375,304.11305508452494,296.55461581480324,299.355451511987,230300,0.014183867122268934,1.0,0.01785773603080238,0.019365694763579633,4,12
2021-12-06,314.4435119628906,316.03578018851084,307.82506810693883,310.34772797302435,420700,0.037273421713663435,4.0,0.017478828455438543,0.05346676028994368,0,12
2021-12-07,314.4244079589844,320.4002090233559,313.2254130700738,317.73364556131213,317400,-6.0754962908915466e-05,-0.0,0.019046074998025013,0.0891028357388437,1,12
2021-12-08,319.1244506835937,320.3042427696762,313.1390490555286,314.86561903898934,349900,0.014948084835775255,1.0,0.019069271404731643,0.08478396782075182,2,12
2021-12-09,314.5299072265625,321.1195778762036,314.35725900301736,318.0021914376378,285100,-0.014397340746499565,-1.0,0.019158847691608145,0.103189924526363,3,12
2021-12-10,318.2035827636719,318.3570575934702,312.12228533552627,315.55622244856056,234800,0.011679892603863484,1.0,0.018924908531383133,0.059209258583445834,4,12
2021-12-13,317.7816162109375,320.37145706380176,315.5083264237296,318.82716558795903,253500,-0.0013260898858192816,-0.0,0.01899631637861915,0.07262021630174886,0,12
2021-12-14,310.8753662109375,318.0597334222234,306.05061248336415,316.54421693036454,235100,-0.021732692036583234,-2.0,0.01901045051030738,0.06414451178180047,1,12
2021-12-15,309.1104431152344,313.64742044507767,300.0268578582169,313.64742044507767,352200,-0.005677269052272171,-1.0,0.01894062064158752,0.013858039666485134,2,12
2021-12-16,311.6715087890625,313.0719558433208,307.1824791172528,311.9209090838303,259800,0.00828527709390059,1.0,0.01862544083917018,0.02421818776760265,3,12
2021-12-17,299.72955322265625,311.8825492015446,299.1348271603129,309.23518835337467,488800,-0.03831583968905061,-4.0,0.018133699109355493,0.011108994634401625,4,12
2021-12-20,295.3939514160156,298.50176593460685,290.7418456001267,298.38663784164544,245400,-0.014465046105813562,-1.0,0.020019280065519084,-0.029987075762343385,0,12
2021-12-21,301.1395263671875,301.321775906888,294.367606512805,298.50173797632846,157700,0.01945055043825228,2.0,0.0201510177755414,-0.03488051404605064,1,12
2021-12-22,300.72705078125,303.0866934790613,298.54968689598394,300.90930032146304,110700,-0.001369715861990639,-0.0,0.02036256691733855,-0.030479871070468567,2,12
2021-12-23,303.2113647460937,304.8420092852268,300.8038032372782,300.8038032372782,148700,0.008261025931620702,1.0,0.020354612266695556,-0.02814642524008304,3,12
2021-12-27,307.9306640625,307.9306640625,300.84222145751056,306.8563693190377,96600,0.015564387965333104,2.0,0.020452151784357792,-0.017223755504335525,0,12
2021-12-28,309.6763916015625,312.3141802365463,307.99779883384554,308.03617486479,120200,0.005669222792011874,1.0,0.02064313675206389,0.0074691489611316,1,12
2021-12-29,313.1390075683594,313.74330551889176,309.3502022674846,309.3502022674846,86900,0.01118140116813282,1.0,0.020647354866972584,0.016978647757450505,2,12
2021-12-30,310.8016052246094,314.8512528568506,310.3687648985775,314.6588598085757,96400,-0.007464424064893116,-1.0,0.02054539850070396,0.013473019145281873,3,12
2021-12-31,312.0039978027344,313.6777351790654,309.2048755447645,309.2433306715336,81200,0.0038686820077908912,0.0,0.01835190474691257,0.0485505394641661,4,12
2022-01-03,302.154052734375,311.69617774062027,299.2779618105369,311.5518976425283,335800,-0.03156993223717297,-3.0,0.017414848714061435,0.07721757003878671,0,1
2022-01-04,303.1640930175781,311.55191910685414,301.5961806818274,304.1067426267601,208700,0.0033427990591641255,0.0,0.017770504983288964,0.010870990150807058,1,1
2022-01-05,296.998291015625,306.28068382855,296.95017807262053,304.50115074870035,193800,-0.020338167164129173,-2.0,0.01751378541818749,6.533492150539999e-05,2,1
2022-01-06,297.2676696777344,300.52851828943955,296.0941422707492,297.8929031930401,208500,0.0009070040813641267,0.0,0.015840129543632796,-0.055479665770061914,3,1
2022-01-07,293.3623352050781,301.0383323880816,292.7563292474589,296.2865106295248,247600,-0.013137434275614313,-1.0,0.0158492719678549,-0.054565542136563505,4,1
2022-01-10,294.1509704589844,294.3241359238164,285.68620573479006,292.25601364404974,186000,0.0026882634860230237,0.0,0.015479786953132652,-0.0807274886751258,0,1
2022-01-11,296.8250732421875,296.89241373749815,291.6692688680046,295.9978478028444,216100,0.009090919465710279,1.0,0.015348080684157977,-0.06479172981442027,1,1
2022-01-12,294.2279968261719,299.9994364520911,293.26609022185204,297.681238013073,163200,-0.008749518319487115,-1.0,0.015233637344007208,-0.06718500569920383,2,1
2022-01-13,289.4858703613281,297.4985412872612,287.8698445875119,295.82483280748966,223300,-0.016117182987332668,-2.0,0.01527418644029427,-0.07411888599978411,3,1
2022-01-14,280.31884765625,286.3788477832192,278.78939025685963,286.3115072727935,219700,-0.03166656353084207,-3.0,0.014986354607360136,-0.06880408734314447,4,1
2022-01-18,281.68475341796875,283.0602729484436,272.30616312917414,276.10570632153144,269600,0.004872686132734616,0.0,0.016216759058867644,-0.0931433929207337,1,1
2022-01-19,279.6935729980469,285.9844504148388,279.4338687824905,283.3872908390361,220800,-0.007068825684602542,-1.0,0.016098711072330598,-0.09621269357472328,2,1
2022-01-20,273.0179443359375,284.2722635854497,272.2772868028391,281.3673161470652,233500,-0.02386765126761059,-2.0,0.014162031791071278,-0.06684686247713956,3,1
2022-01-21,269.7762756347656,277.0098309497891,269.46848787959544,272.4888588778994,167400,-0.01187346388185806,-1.0,0.014675554374484806,-0.07574971312992484,4,1
2022-01-24,277.6062316894531,278.173753022123,263.5335343948483,265.8902171460716,275800,0.02902388668634459,3.0,0.013775510162257195,-0.1041485689732401,0,1
2022-01-25,272.98907470703125,275.43232563110104,265.6882073129776,274.0952907542089,339400,-0.016632036515617177,-2.0,0.01565852372973011,-0.07688307065071787,1,1
2022-01-26,264.6493225097656,277.83705153171127,261.1768250101763,275.0186727186321,265000,-0.030549765430047948,-3.0,0.015651202359254556,-0.09967400154796413,2,1
2022-01-27,262.0714111328125,269.0644601119597,259.1856919249858,265.6112196492003,244700,-0.009740857647039691,-1.0,0.01587419305414751,-0.1405554775926754,3,1
2022-01-28,268.5932312011719,268.88179148289004,258.7817706518541,263.11035100801234,256300,0.024885660134268628,2.0,0.015610020700637602,-0.1537249262772339,4,1
2022-01-31,272.81591796875,272.989054094257,267.1214479038793,267.1214479038793,379700,0.015721493608360504,2.0,0.01669216998007667,-0.14225559668564447,0,1
2022-02-01,266.7077941894531,276.3749717469832,261.00369591418234,273.8836375326499,500800,-0.02238917664619755,-2.0,0.017421048110917145,-0.1222184397291255,1,2
2022-02-02,261.78289794921875,273.3161790416719,259.8302285566196,269.2761592304022,470500,-0.01846551299785426,-2.0,0.017615284174355216,-0.1451782795485843,2,2
2022-02-03,258.5027770996094,260.9075436629534,255.0976487815579,259.19535104405486,352500,-0.012529927949096464,-1.0,0.01693112735322169,-0.13361116430447717,3,2
2022-02-04,256.8098449707031,260.2149733360937,250.5670509240317,257.3869654698805,336200,-0.006548990103320662,-1.0,0.016815702011711574,-0.14731730091590756,4,2
2022-02-07,258.70477294921875,260.7055256151126,254.0587479711384,257.9160025495156,338300,0.007378720152772189,1.0,0.016553450557923437,-0.13531541177389328,0,2
2022-02-08,262.8505859375,266.32305439601265,257.03103385879007,258.15647740722034,330900,0.016025266720127496,2.0,0.016762421937106836,-0.12972448961678673,1,2
2022-02-09,265.0245361328125,268.8529355503327,262.6390261895892,266.0056998011317,1512200,0.008270669009767362,1.0,0.01737831847819544,-0.10400704387033377,2,2
2022-02-10,256.4250183105469,262.764007890406,254.79942335466123,259.916743554108,332900,-0.032448006315747735,-3.0,0.017544857553867303,-0.09901865793855402,3,2
2022-02-11,253.2027130126953,259.6667272569489,251.2692711383009,256.62709854068635,248800,-0.01256626720388554,-1.0,0.018228020115684838,-0.1361072853123737,4,2
2022-02-14,252.7409820556641,255.44393749822547,250.4035558510398,253.92413784871383,344200,-0.0018235624395069872,-0.0,0.018267580781132654,-0.13943365096460913,0,2
2022-02-15,255.0494842529297,258.0217716014639,253.64510908339173,254.2799708503196,192300,0.009133865740686087,1.0,0.018175617627876246,-0.12693154335926693,1,2
2022-02-16,251.9521484375,255.51121403087944,250.0956760413295,253.17378841155252,296700,-0.012144058336373997,-1.0,0.017494766377873984,-0.09014507449141518,2,2
2022-02-17,243.1122589111328,249.29732546100348,242.94873656419605,248.86445578540355,546700,-0.03508558899453096,-4.0,0.01744060460854964,-0.10555276641597633,3,2
2022-02-18,242.38124084472656,245.55553582067105,239.74562593810376,243.56439662762145,391800,-0.0030069156926942897,-0.0,0.018625811564464113,-0.13079068530176596,4,2
2022-02-22,242.27540588378903,244.1511354589496,236.94644988263136,241.18846142787092,354200,-0.00043664666691478615,-0.0,0.018204004109190416,-0.1122149812010661,1,2
2022-02-23,239.6590118408203,243.5547363164944,239.38006539852609,242.0637782236402,461700,-0.010799255638121674,-1.0,0.018174646754603483,-0.10193954114856418,2,2
2022-02-24,246.074951171875,247.23884992764891,234.6282539316645,234.96492710954968,563400,0.026771116519983318,3.0,0.01644826840382453,-0.13669440926341603,3,2
2022-02-25,254.3088531494141,254.7801779555905,244.0549260149425,245.39197550481057,388900,0.033460951382198845,3.0,0.017826224880542186,-0.09859047862644388,4,2
2022-02-28,256.7617492675781,261.8406154868179,250.87488494017103,250.87488494017103,665000,0.009645343006296603,1.0,0.018652701964932978,-0.03907234396932935,0,2
2022-03-01,257.3292236328125,261.1768497422717,252.69285648075788,261.1768497422717,439800,0.00221012034250867,0.0,0.018716045187882765,-0.020260362785407215,1,3
2022-03-02,264.1876220703125,264.74554429544,254.3184810534958,256.16532514860614,450300,0.02665223304480313,3.0,0.01779087428649406,-0.04193704926213426,2,3
2022-03-03,263.2449645996094,267.2080146802167,260.7343733716166,266.13068409772814,275400,-0.003568136399865973,-0.0,0.01847842349204894,-0.03162680521972272,3,3
2022-03-04,259.3684997558594,264.5916453481,256.59820415741655,260.8402156231498,272000,-0.014725694182397886,-1.0,0.017853665202525397,-0.012983608523206347,4,3
2022-03-07,249.23959350585935,259.07027967729863,249.10494185271935,258.6085833178948,320800,-0.03905218351316464,-4.0,0.017683027416798468,-0.00922290268872994,0,3
2022-03-08,243.00645446777344,251.01912304856776,242.602455481328,249.8071407667605,551700,-0.025008623029789123,-3.0,0.019458764693184173,-0.03583398096408319,1,3
2022-03-09,251.34620666503903,253.2796485079442,245.43048638525383,247.9218211928197,277500,0.034319056321080454,3.0,0.02010195617289597,-0.053749460050896314,2,3
2022-03-10,246.23846435546875,249.97065180901447,244.80521830427583,247.4023777454016,330400,-0.020321541261122733,-2.0,0.02156584832943629,-0.028443875233891136,3,3
2022-03-11,246.5174102783203,250.4323769950333,246.4789257967762,248.1526631607732,263600,0.0011328283888616397,0.0,0.021576925551505262,-0.0631998651354776,4,3
2022-03-14,253.1641387939453,253.82785653483185,246.0556513369241,247.53698068232373,433200,0.026962511524524002,3.0,0.021448291598531732,-0.06983174510762147,0,3
2022-03-15,258.2623291015625,258.993387611561,252.63519820296685,254.75137540049656,305300,0.020137884978119747,2.0,0.02131835715419959,-0.01271669799649744,1,3
2022-03-16,259.2049560546875,261.4750413946896,253.42388836577928,259.7147653457936,269400,0.003649881716796255,0.0,0.021577576768266278,0.019982471864799844,2,3
2022-03-17,261.0903015136719,261.8309883832531,257.444696633627,257.444696633627,185300,0.007273570257609663,1.0,0.021572736038510155,0.025575488179435002,3,3
2022-03-18,266.12109375,266.90986423765827,257.5985856804283,260.4362220019756,422500,0.019268399504547284,2.0,0.021543297742425457,0.023684883262698797,4,3
2022-03-21,264.1299133300781,268.6701133736663,258.49315509537854,263.8317246510443,356000,-0.007482234466511084,-1.0,0.021650764792895003,0.0562366520800468,0,3
2022-03-22,264.9283142089844,266.1402964973047,262.0521936707336,264.5339290019317,219200,0.003022758266340242,0.0,0.020009310176176583,0.08645246649873006,1,3
2022-03-23,252.83714294433597,261.16725720331345,251.07683751617787,260.98449261011547,403100,-0.04563940740252659,-5.0,0.019944681607905673,0.09302317821989292,2,3
2022-03-24,251.4327545166016,253.9144603742376,249.0760718459124,253.9144603742376,318000,-0.0055545178662439465,-1.0,0.02273996786399573,0.043593929899814254,3,3
2022-03-25,250.3169403076172,252.2503524207932,247.14263122879763,252.2503524207932,295300,-0.00443782358877487,-0.0,0.022617593667540993,0.04912706008986345,4,3
2022-03-28,252.50048828125,253.32771388576143,248.47972564640497,248.47972564640497,242700,0.008723133044649112,1.0,0.021961012185848044,0.01723860602446803,0,3
2022-03-29,258.060302734375,260.3111606667629,254.2703883634572,256.29039810433653,240200,0.022019024560982814,2.0,0.0207662477350063,-0.0071109001742130085,1,3
2022-03-30,257.6742248535156,259.4791752495462,255.59901497769565,256.44841033019804,203100,-0.001496076214623221,-0.0,0.02122798340014743,0.005057425689383388,2,3
2022-03-31,248.89073181152344,258.57188233352747,248.02204278551383,258.0892740461808,341200,-0.03408758888082608,-3.0,0.021228079290911805,0.001340699730223438,3,3
2022-04-01,253.1087646484375,253.16667528910168,247.26918642883095,250.45441894572733,257900,0.016947327874419438,2.0,0.021589989158609532,-0.057901616051935445,4,4
2022-04-04,252.577880859375,255.82102405577865,250.28066056527115,251.69953019068387,343400,-0.0020974532027758785,-0.0,0.02200475926472925,-0.038504819898792175,0,4
2022-04-05,253.0412139892578,256.8827870652526,251.13973590914023,253.234239655904,322500,0.001834416886808743,0.0,0.02180075627457445,-0.026181355495660807,1,4
2022-04-06,250.2613220214844,251.86358487629727,248.44671036769464,250.91766214338787,239100,-0.01098592566779033,-1.0,0.019985903944588632,0.015252875475858518,2,4
2022-04-07,248.8231964111328,249.89457270187523,244.5955429757288,248.45640938890895,359900,-0.005746495697917409,-1.0,0.019298999170663505,0.029854629045143577,3,4
2022-04-08,246.03370666503903,251.2748257594907,244.8851112769117,247.9545077386641,358400,-0.011210730294954785,-1.0,0.017824772216259305,-0.010037988189209313,4,4
2022-04-11,238.63047790527344,246.44873766711777,238.29266095756125,244.3252642528006,614900,-0.03009030291058723,-3.0,0.017420074983522233,-0.0008315422652007687,0,4
2022-04-12,234.18084716796875,244.7210106901101,233.7465026428547,240.65745704506156,408900,-0.01864653155943896,-2.0,0.01861926662249253,-0.03199340916384952,1,4
2022-04-13,238.4760589599609,239.31579264155275,234.6537949595443,234.6731034143038,349200,0.01834143075292305,2.0,0.01778943312450733,-0.07498412577868063,2,4
2022-04-14,231.61334228515625,238.3215935646016,231.21760001197177,238.3215935646016,250100,-0.028777382118499673,-3.0,0.017673759439499052,-0.07661307094392611,3,4
2022-04-18,229.54779052734372,234.04568813444843,228.5439571396384,231.64230852326116,312600,-0.008918103497118413,-1.0,0.018406584216158324,-0.10644709186698542,0,4
2022-04-19,237.89691162109372,238.2733454664784,230.69639006020628,230.69639006020628,296500,0.036372038583204924,4.0,0.018196674364840286,-0.12081073407729181,1,4
2022-04-20,242.0473480224609,244.1708213960984,239.97212369183276,240.86978270354615,232500,0.01744636520535292,2.0,0.019702462545740144,-0.10605766619695578,2,4
2022-04-21,243.50482177734372,249.53742500975383,241.5357865626206,245.83099711848956,286500,0.00602144070897892,1.0,0.02029622639753924,-0.08360493905898891,3,4
2022-04-22,238.2540283203125,241.76741565840044,236.79655676249115,241.76741565840044,358200,-0.02156340650138111,-2.0,0.020358201407198264,-0.08086524271898354,4,4
2022-04-25,230.62884521484372,238.89109654073664,223.9302399897006,232.54961672674355,422900,-0.032004424685812105,-3.0,0.018475588362419224,-0.05767789674491797,0,4
2022-04-26,216.2760467529297,227.7910713852804,215.84168758862415,226.48802334843083,547300,-0.062233318857160325,-6.0,0.01955278926949375,-0.08274144449379695,1,4
2022-04-27,215.9188995361328,220.77393671051937,215.42664448835572,216.5752543278686,318900,-0.001651348922633411,-0.0,0.02333145894114647,-0.13599116988588256,2,4
2022-04-28,215.233642578125,216.84555244021035,209.2879051287798,214.77998962392925,332000,-0.003173677521884244,-0.0,0.023097804043293552,-0.14487729902672686,3,4
2022-04-29,205.7745056152344,214.22014989270545,205.20503142153896,212.66615075652936,340000,-0.04394822691093536,-4.0,0.0221404867233436,-0.16595601765348644,4,4
2022-05-02,209.05625915527344,211.68164947667532,203.57383595519303,206.33435601101849,233100,0.015948299961781487,2.0,0.023384789168112614,-0.20141602935949654,0,5
2022-05-03,208.2358245849609,210.9094638343653,206.6721637529955,209.992511054012,275300,-0.003924467861558534,-0.0,0.02339849650044106,-0.16004803540219936,1,5
2022-05-04,214.13331604003903,214.5579989872416,202.97539938487108,206.10270657960444,356100,0.028321214502031733,3.0,0.022718955558638843,-0.17728718373622543,2,5
2022-05-05,206.093017578125,212.29935219333987,204.28805282739543,211.623703633617,317600,-0.03754809672125303,-4.0,0.024108305268797026,-0.15220875513141363,3,5
2022-05-06,205.34017944335935,205.98687278116876,199.38479494367652,204.9444371129274,253100,-0.0036529046137153687,-0.0,0.024861640223458527,-0.18553576973087815,4,5
2022-05-09,208.3227081298828,211.18940271449503,202.26114883943924,202.36732325842627,363300,0.01452481776634551,1.0,0.024890134229581137,-0.17949694429516627,0,5
2022-05-10,208.72808837890625,212.9557417721073,205.36913875682075,210.784004436373,524400,0.001945924439359148,0.0,0.025413385279529202,-0.1627681376391077,1,5
2022-05-11,202.2224884033203,211.20866571400003,201.53719298756243,208.42883769010567,294100,-0.03116782233820037,-3.0,0.02549523405590951,-0.15162807889945862,2,5
2022-05-12,210.24346923828125,210.919117855975,199.8770385221165,200.32102987315727,411500,0.0396641387329959,4.0,0.0255440380756445,-0.15257057615417258,3,5
2022-05-13,213.92095947265625,215.19503772430053,209.42304658819987,209.42304658819987,485500,0.017491578918948925,2.0,0.027379403173500873,-0.10221748797636787,4,5
2022-05-16,207.73391723632807,212.8206128276354,207.0293132441928,212.61791086187887,283700,-0.028922094644583063,-3.0,0.027344154050095392,-0.10296672795749007,0,5
2022-05-17,208.0813751220703,211.0735374393433,203.1780735279972,209.71259336578785,668700,0.0016726102812905097,0.0,0.0273505159336755,-0.10310038624384799,1,5
2022-05-18,195.5142517089844,204.96372948324867,194.80000092556435,204.96372948324867,426600,-0.060395234343839976,-6.0,0.027368579429198587,-0.09351610553932266,2,5
2022-05-19,199.3751220703125,201.41172951720185,192.72478083477935,194.3077353388994,430900,0.019747257949639607,2.0,0.028307766899884363,-0.17815557008833127,3,5
2022-05-20,200.5237579345703,203.1298399296288,196.5277616146708,202.9464464106515,342600,0.0057611794908529745,1.0,0.02841912221463302,-0.17629701916084872,4,5
2022-05-23,197.84043884277344,202.0005198464581,196.79800319397432,202.0005198464581,282100,-0.013381551988829288,-1.0,0.028412390416527336,-0.1765101139642914,0,5
2022-05-24,194.70346069335935,196.49876385385747,191.7981645224172,195.92928969121343,360400,-0.015856101855430516,-2.0,0.028284639744551716,-0.16962395037957723,1,5
2022-05-25,198.15896606445312,200.7167841004912,193.03366840067065,194.3174082145429,269800,0.017747529287812203,2.0,0.027827354474415204,-0.15577142784554054,2,5
2022-05-26,201.22833251953125,205.2629451626132,198.2554639214801,199.7032886766848,210800,0.01548941496838352,2.0,0.025346880086223184,-0.08376831813082486,3,5
2022-05-27,204.1529541015625,205.069921637542,201.33452344748733,201.971569926788,297900,0.014533845932194422,1.0,0.025694735060446186,-0.06803743001729767,4,5
2022-05-31,201.63372802734372,202.15495320331564,197.9369616634191,202.0294703409455,589700,-0.01233989527756485,-1.0,0.025978807888624226,-0.05148213979857008,1,5
2022-06-01,199.59710693359372,203.44832594293305,198.0624162842312,202.54102010654475,407600,-0.010100597324044003,-1.0,0.02429973264550347,-0.020122889254479692,2,6
2022-06-02,206.41156005859372,206.98103427443223,200.2148569985325,201.76885619513337,248200,0.034141041569641484,3.0,0.024072106285713473,-0.045246921856829325,3,6
2022-06-03,203.4193572998047,205.40770073709203,202.24179210777427,203.8150995604778,172300,-0.01449629448050116,-1.0,0.02531497454626162,-0.00876057004121733,4,6
2022-06-06,204.2398223876953,206.0254641204322,202.9850379607772,204.97338164390752,148500,0.004033367811114408,0.0,0.024625426213965407,-0.050034057933474596,0,6
2022-06-07,206.2764434814453,206.44052853402476,200.2824419902213,202.10670075223965,151700,0.009971713987706243,1.0,0.023271304514735785,-0.008992032880139611,1,6
2022-06-08,202.6568756103516,205.4559977457949,202.29008860423184,205.4559977457949,177200,-0.017547170243990107,-2.0,0.023359091624961904,0.00455957543537755,2,6
2022-06-09,199.08555603027344,203.2166815974128,198.91182412445733,201.3345123108948,506400,-0.017622494027514368,-2.0,0.023443162444961932,-0.027197383186852386,3,6
2022-06-10,194.39459228515625,197.6184265068095,192.8599016237553,195.94859139991797,276800,-0.023562551893035688,-2.0,0.02370564776124487,-0.046196620797525956,4,6
2022-06-13,190.5916748046875,192.9467909184576,188.6226247086043,189.8967176799565,307400,-0.019562876908068905,-2.0,0.023291924344568903,-0.03870932545618666,0,6
2022-06-14,188.6902008056641,193.3328903534811,186.2385423631757,191.383148673146,330000,-0.009976689700491814,-1.0,0.021565112849924455,-0.09347160463434523,1,6
2022-06-15,190.5047912597656,193.3039281723888,188.3716708703896,190.6785379023597,323100,0.009616771015948933,1.0,0.020993957965951455,-0.1179443039578233,2,6
2022-06-16,179.79087829589844,186.2771342357033,178.34305357233546,185.7655706782872,442900,-0.056239598453238115,-6.0,0.020546388222108955,-0.08293843492568331,3,6
2022-06-17,179.964599609375,183.75790782059985,176.48982931399937,181.52826023392615,509800,0.0009662409746431511,0.0,0.023441954446264793,-0.13595881327473613,4,6
2022-06-21,180.3893280029297,184.0764624479644,178.5843776917313,181.3062808182644,277500,0.002360066337916411,0.0,0.019978660732185634,-0.07953206461263229,1,6
2022-06-22,181.74057006835935,182.3390141875168,177.86041115888918,177.86041115888918,307900,0.007490698481939617,1.0,0.01930527605246231,-0.09522649501218716,2,6
2022-06-23,191.26730346679688,191.634075718458,180.7174795574239,180.7174795574239,441900,0.052419409683012175,5.0,0.01935519826575677,-0.0936706356377971,3,6
2022-06-24,196.55670166015625,198.6608814406336,192.7537460191382,192.7537460191382,440000,0.027654481960517563,3.0,0.02285410103457194,-0.03322442779860757,4,6
2022-06-27,196.24783325195312,197.56051360255404,194.8193021738836,197.38678169545764,267800,-0.0015713959666313615,-0.0,0.023438903393085877,0.00951827440661468,0,6
2022-06-28,195.41770935058597,199.211002549233,194.92543958450952,196.62422979209447,351800,-0.004229977409744956,-0.0,0.023113763194926813,-0.009644442794873975,1,6
2022-06-29,196.5723876953125,197.77556082800768,192.04110427956456,194.3407025195229,288700,0.00590877023665759,1.0,0.022843182173880892,-0.028875770604426698,2,6
2022-06-30,200.4535675048828,202.93752438818032,194.5444648684453,195.8349611003485,459600,0.019744277693702017,2.0,0.022623651941035224,-0.037131798751630085,3,6
2022-07-01,205.6737823486328,206.17834075283423,199.7161615022168,199.7161615022168,474000,0.026042015159559728,3.0,0.02294015775435102,-0.005852991629956228,4,7
2022-07-05,210.41851806640625,210.81634321968505,201.98663837182104,203.1607037543985,560100,0.023069229648972733,2.0,0.023495799608593545,0.030444706881752603,1,7
2022-07-06,210.4476318359375,213.67872133442472,208.38089531213137,211.62169725230305,468200,0.00013836125165589408,0.0,0.022846518862481506,0.019412468985143372,2,7
2022-07-07,211.6702117919922,211.83517525411855,206.95456940242389,209.24447012669063,362500,0.005809426057157063,1.0,0.022566394739520074,0.034550667298463456,3,7
2022-07-08,208.1189117431641,214.9692029976475,206.5858414218908,214.901275132678,448800,-0.01677751450599929,-2.0,0.02257826437805559,0.03638070831354456,4,7
2022-07-11,209.56466674804688,211.437346985246,205.2468496078677,206.8963509551151,319200,0.006946773807211537,1.0,0.022855719515676682,0.008932034267327804,0,7
2022-07-12,209.80723571777344,213.81456552901588,209.33179984562707,209.33179984562707,357700,0.001157489826365543,0.0,0.0225016698645194,0.03408614248537467,1,7
2022-07-13,209.43853759765625,212.07774566723907,204.81991607311036,207.3621033611295,343200,-0.0017573184206723935,-0.0,0.022058348840853132,0.05385463366247234,2,7
2022-07-14,206.89633178710935,208.1577202789256,203.4711861074053,207.56583878383375,234500,-0.01213819500320723,-1.0,0.021257303481338443,0.07738870271880871,3,7
2022-07-15,209.7975311279297,211.8545551732455,204.5385253553696,209.50643918808,329800,0.014022478386932491,1.0,0.020908675451962525,0.08554758228096992,4,7
2022-07-18,205.926025390625,213.5040388096914,205.4893949196505,209.67137053361571,232000,-0.01845353334946509,-2.0,0.02075465118542758,0.11186235550199286,0,7
2022-07-19,213.30030822753903,213.9601028239476,207.1195234821146,208.4488251167063,242100,0.03581034899753743,4.0,0.02135579688293541,0.08094932431295931,1,7
2022-07-20,214.396728515625,216.29850142981343,212.70840721765964,213.73691917408505,245600,0.00514026584019911,1.0,0.017483720634318224,0.18638003356594668,2,7
2022-07-21,218.6951446533203,219.3258315054449,212.0001042017253,213.87276948657737,215700,0.02004888865355081,2.0,0.017419609524104738,0.19132723313911293,3,7
2022-07-22,220.8977203369141,223.9541486054532,218.3458356239959,219.45197311985825,343300,0.010071442999273428,1.0,0.017534469126556543,0.21235079189256978,4,7
2022-07-25,217.68606567382807,221.50902214922715,215.6581343641942,221.1014993210542,327900,-0.01453910279466708,-1.0,0.01752978573170481,0.21545629714832693,0,7
2022-07-26,217.7636260986328,218.20027134744024,211.7575034840941,216.4634324034011,270900,0.0003562948531623533,0.0,0.015273081051455225,0.13812482179745578,1,7
2022-07-27,220.31553649902344,222.3143450614658,216.1529707341416,218.7727685082704,454200,0.011718717428202519,1.0,0.014506276795775139,0.1078921464359075,2,7
2022-07-28,227.60250854492188,230.70745508546293,213.950426598182,226.9232889969932,554200,0.03307516193226223,3.0,0.014495590383578652,0.12263933235976654,3,7
2022-07-29,232.4151153564453,233.56977053994373,224.49749250292703,228.37867843439096,328000,0.021144788088192756,2.0,0.015480133828604635,0.1646974539886521,4,7
2022-08-01,237.1114044189453,239.43041298449447,229.9603223396619,231.8232902629624,305000,0.020206470027982038,2.0,0.015761250736597485,0.18233856790043723,0,8
2022-08-02,232.20167541503903,236.228415161281,231.44484525657447,236.05375407556937,245800,-0.020706422856116236,-2.0,0.015778600055045878,0.18287445501896382,1,8
2022-08-03,236.8105926513672,237.0919869645849,230.96940280548523,233.23990816713405,177800,0.019848768223098112,2.0,0.016412692991025244,0.12898043087202726,2,8
2022-08-04,237.23753356933597,239.5759520752333,234.04526406969657,234.04526406969657,264500,0.0018028793103750385,0.0,0.016258778909902436,0.12542657760108278,3,8
2022-08-05,236.8203125,237.00465642841488,231.20228655728516,234.8700067412468,193400,-0.0017586638297014678,-0.0,0.016234001274102003,0.12729961130797407,4,8
2022-08-08,239.2557373046875,242.5159344715472,237.70325682311577,237.70325682311577,174500,0.010283850988024978,1.0,0.016318661140331658,0.1188173833960291,0,8
2022-08-09,235.8985137939453,237.8488195110613,233.71534635936,237.8488195110613,239700,-0.014031945685243241,-1.0,0.015521631574945146,0.1496107456104172,1,8
2022-08-10,242.0987091064453,245.6111930079744,239.24604942398275,240.89555074944187,230100,0.026283316553303182,3.0,0.01617154245921701,0.1256597662885548,2,8
2022-08-11,243.8646697998047,247.49358476417493,242.583871057479,243.69972113854504,205400,0.0072943829394105375,1.0,0.016732478768047825,0.15391019894141977,3,8
2022-08-12,254.0333404541016,254.38266261409208,244.51473355255104,245.35888682346825,313300,0.04169800677828661,4.0,0.01661250138263435,0.1643734366990428,4,8
2022-08-15,259.3796691894531,259.72896171841853,251.30679514979207,253.8974998506833,372600,0.02104577582530953,2.0,0.017572263735235037,0.22782911741274825,0,8
2022-08-16,259.03033447265625,259.35054888642657,255.3820399213893,257.4584589464325,309300,-0.0013468083982393075,-0.0,0.017719517841187454,0.2363332771122526,1,8
2022-08-17,259.54461669921875,263.13472580653496,256.4008653283609,257.3129464613309,411300,0.001985413127807867,0.0,0.0166950723439798,0.2578805130691795,2,8
2022-08-18,259.166259765625,259.2438704743179,254.4603147526494,258.3317891888708,192000,-0.0014577722258528603,-0.0,0.015801292519032416,0.2168037583065674,3,8
2022-08-19,250.99632263183597,257.07038895044985,249.3856266888101,257.07038895044985,288500,-0.03152392267873705,-3.0,0.015957264300514504,0.2088162984573585,4,8
2022-08-22,242.8555450439453,247.78465386410755,242.49654001674296,247.78465386410755,179800,-0.03243385202830895,-3.0,0.018035940478842348,0.1476995661230618,0,8
2022-08-23,238.9064483642578,243.1272448202785,238.4698178218717,240.94407730279588,210900,-0.01626109331361114,-2.0,0.019928622672835388,0.09940267682953485,1,8
2022-08-24,242.61294555664065,243.08839620144775,237.0434527730024,237.6062265549525,238600,0.015514429257813767,2.0,0.020015148540107518,0.09748158489035075,2,8
2022-08-25,244.9707794189453,245.1648357743753,241.33216723381688,242.156925251333,210400,0.009718499797671365,1.0,0.020126348266302094,0.11411143313141148,3,8
2022-08-26,235.4424591064453,245.91196749093643,235.18048968996249,244.88345548549785,227600,-0.03889574232118853,-4.0,0.020099423621868263,0.11190878006931282,4,8
2022-08-29,236.0925750732422,238.01375818962205,232.43455275723744,234.1422694378472,220800,0.002761252024227945,0.0,0.021223319220959998,0.0344458003193584,0,8
2022-08-30,235.13751220703125,239.2695759854247,233.7439241684096,237.39845697360465,304200,-0.004045289717030109,-0.0,0.020760857773405677,0.015822807871841427,1,8
2022-08-31,234.0070343017578,237.81749731893677,233.1202123300763,236.3167090919643,334800,-0.0048077309939303925,-0.0,0.02030588090265358,-0.008324745984914506,2,8
2022-09-01,242.51483154296875,243.02158277849963,232.9058448908314,233.8901271559592,431300,0.03635701493588406,4.0,0.019793047972829367,0.007774960639245432,3,9
2022-09-02,239.639892578125,246.0329011421289,238.3535047594384,246.0329011421289,226000,-0.011854693366802893,-1.0,0.02089476370950346,0.0240877691649517,4,9
2022-09-06,243.6160430908203,244.0448440171253,236.4336721862108,240.8970770285981,340800,0.016592189513684685,2.0,0.02109132637938838,0.01012638671733157,1,9
2022-09-07,251.3343963623047,251.39286650782327,242.94358846274977,244.4151565198505,319800,0.03168245068575781,3.0,0.021363132471915208,0.028695725122059867,2,9
2022-09-08,251.32467651367188,253.58559158338883,247.53369346810973,248.61543579422067,285500,-3.867297422677218e-05,-0.0,0.022290003741595177,0.05048430266997217,3,9
2022-09-09,251.63650512695312,255.5639085661984,250.37936724215592,251.7924354304779,357000,0.0012407401358549563,0.0,0.021975368671312206,0.06539321707300427,4,9
2022-09-12,256.1194152832031,256.97701711770736,250.8666486578632,252.40641214023896,406000,0.017815023118320283,2.0,0.02133309350057719,0.03939631093329887,0,9
2022-09-13,247.57269287109372,251.16877082308145,246.89051630811977,249.46330711014576,454600,-0.033370068421634036,-3.0,0.021584258600833003,0.05025223823302771,1,9
2022-09-14,243.92788696289065,248.81033745768937,240.27335414244283,248.4595017121131,369200,-0.014722164492110834,-1.0,0.02098611603751566,-0.025432282122728522,2,9
2022-09-15,243.67449951171875,247.8650335049624,241.6961802434547,242.62200713232943,322200,-0.001038780167068154,-0.0,0.020553104230521205,-0.059572063897098904,3,9
2022-09-16,238.2073211669922,241.4428081148069,234.01680198396997,241.4428081148069,636400,-0.02243639919516338,-2.0,0.020554242068661504,-0.05928199487600361,4,9
2022-09-19,239.3377685546875,240.1856302148146,235.59553080692336,237.11581396255684,292800,0.004745645021140277,0.0,0.020962485535983687,-0.08221051086932751,0,9
2022-09-20,229.31951904296875,238.04166861970265,226.36665741372107,238.04166861970265,515900,-0.041858205548655936,-4.0,0.02104169117474044,-0.07650876788077754,1,9
2022-09-21,226.5420379638672,237.05733951277296,226.4153427464234,230.75205163600305,462400,-0.012111838934134256,-1.0,0.021834037621298704,-0.08636303257981581,2,9
2022-09-22,218.0635528564453,226.181491000768,217.5080715463857,225.88912537268396,513800,-0.03742565920049756,-4.0,0.020946050603407304,-0.06717370639869946,3,9
2022-09-23,218.51182556152344,219.5058626431512,214.43823194957105,216.4263061128265,421600,0.002055697521232469,0.0,0.022089161692307454,-0.08724291726121003,4,9
2022-09-26,214.7013702392578,219.63255094497427,213.94122858179423,218.1999728512162,511100,-0.0174382110097413,-2.0,0.021683014652811163,-0.09933979384249525,0,9
2022-09-27,215.64666748046875,219.15502487117357,212.56711097866477,217.6737167650613,235300,0.004402846801385252,0.0,0.02158690601347344,-0.12356334601002028,1,9
2022-09-28,225.4895477294922,225.91834861729063,215.2860911206149,218.54105804842084,433100,0.0456435537076636,5.0,0.020322372927495436,-0.08407910663652529,2,9
2022-09-29,216.8453369140625,225.1874289962096,214.2725466069572,223.16037983450076,365400,-0.03833530601515811,-4.0,0.023009905929939716,-0.04491046505999041,3,9
2022-09-30,217.0012969970703,220.96769065317903,214.48697648601117,218.13176945078675,369400,0.0007192226737604557,0.0,0.024345150395553135,-0.07779352227246095,4,9
2022-10-03,222.93624877929688,225.2556637705172,211.26123841025367,217.8491377515331,355500,0.02734984474450708,3.0,0.024360934182867097,-0.07267190644687282,0,10
2022-10-04,231.23931884765625,232.1456506177984,225.74290269849496,225.74290269849496,474100,0.037244145417461016,4.0,0.02369800442929755,-0.08073148614913861,1,10
2022-10-05,230.02117919921875,232.4575345395234,227.12678786531012,227.12678786531012,184900,-0.0052678742287769476,-1.0,0.025229179546285306,-0.03505498871699786,2,10
2022-10-06,225.0899810791016,230.4597024833308,223.6671431267144,228.452148216386,311600,-0.02143801773942866,-2.0,0.024898752820339914,-0.0558044688646937,3,10
2022-10-07,215.40304565429688,222.73160663048748,214.2043629989247,222.73160663048748,256500,-0.043035835617225904,-4.0,0.02393914766995396,-0.10442030881189512,4,10
2022-10-10,218.4825897216797,219.68127230775784,215.2568578393536,216.7673861562143,223500,0.01429665981754602,1.0,0.025296977867410652,-0.14292918370640328,0,10
2022-10-11,218.6482696533203,222.53669804792835,217.0597612463678,218.74572981301444,329300,0.0007583209804116198,0.0,0.02566767230824053,-0.13175320245584776,1,10
2022-10-12,215.744140625,220.18805034056655,215.27634969785308,218.08303577940364,279500,-0.013282195340145964,-1.0,0.025127598355854767,-0.1463034170543035,2,10
2022-10-13,212.09933471679688,215.80259754283952,197.8028043884756,209.5265442565529,1175400,-0.01689411308063482,-2.0,0.024455008344544987,-0.12856245120162035,3,10
2022-10-14,209.12696838378903,216.07545774093677,205.87200160772275,213.9314682722243,354700,-0.014014029496964953,-1.0,0.024497203111111192,-0.13048345001625805,4,10
2022-10-17,216.03648376464844,217.65422720585764,213.78529391192504,214.1263895921756,254500,0.033039810380548706,3.0,0.024520170083688567,-0.14177737595504225,0,10
2022-10-18,221.737548828125,225.08997581978545,219.26221859330485,222.5853956431057,273700,0.0263893624082836,3.0,0.02572891608593531,-0.0930737027465296,1,10
2022-10-19,211.0273284912109,220.2172677346917,208.77613874000812,218.56054922747015,434700,-0.04830133819696858,-5.0,0.026531465363681752,-0.0735371597756872,2,10
2022-10-20,208.55198669433597,212.9764008036908,206.36900727468364,211.8459433922196,402500,-0.011729958458807088,-1.0,0.02703224158425589,-0.07976726372049625,3,10
2022-10-21,218.84315490722656,219.51559128419805,209.62399567168853,210.10151174725928,340900,0.04934581720371645,5.0,0.02702635862861569,-0.07941153629244113,4,10
2022-10-24,221.5914306640625,223.94006628156447,216.95259984653583,220.93848911418692,331400,0.01255819839556338,1.0,0.02820127979030938,0.003575113954483067,0,10
2022-10-25,229.5533905029297,230.56690772576587,221.76679391057124,221.76679391057124,297900,0.03593081111037044,4.0,0.0283222195865462,0.014093539764382212,1,10
2022-10-26,228.20851135253903,234.14346890166863,226.9416037063197,229.14407826876723,479400,-0.005858676918010897,-1.0,0.028967556964757488,0.06917524674910625,2,10
2022-10-27,221.8155517578125,224.5442729044393,214.00947405320196,224.1447070317201,681100,-0.028013677302555218,-3.0,0.02903961073097294,0.05825197309486829,3,10
2022-10-28,231.3757781982422,231.39527320348031,218.31692031111285,218.31692031111285,223300,0.043099892521818894,4.0,0.02807655968493834,-0.016293420287875948,4,10
2022-10-31,227.62380981445312,229.75804456343863,225.7331957248228,227.90642048594455,326300,-0.016215908220844066,-2.0,0.02819955599675039,0.06700831796045592,0,10
2022-11-01,228.76400756835935,234.1044938713037,228.2669816028097,232.3600552637573,339100,0.0050091321941920786,1.0,0.02852249360249495,0.04895137938980265,1,11
2022-11-02,225.5480194091797,236.384922485848,225.29462895357503,229.49491777285547,347600,-0.014058103778491704,-1.0,0.027966972661873066,0.02614092064871798,2,11
2022-11-03,229.94322204589844,231.0054694423575,221.5816484425506,221.5816484425506,283000,0.019486771146259407,2.0,0.026918834517799264,-0.024612161404203414,3,11
2022-11-04,228.41319274902344,235.04982237853972,224.1057182517069,233.6757143849366,299700,-0.006653943887807157,-1.0,0.02725524019677376,-0.0003389129365900523,4,11
2022-11-07,231.60968017578125,231.98975100180732,225.9378379885722,229.55339574001636,223500,0.013994320504376656,1.0,0.02685263670891917,0.01476392531551185,0,11
2022-11-08,239.24034118652344,240.44876385181232,231.4927197343737,234.01679502950407,323300,0.03294620935079595,3.0,0.024991445289403322,0.07523865074542457,1,11
2022-11-09,230.2745361328125,237.87596715237763,230.21606598863863,237.4764013400808,304300,-0.03747614223104945,-4.0,0.025705862737873574,0.09500872124999349,2,11
2022-11-10,256.5385131835937,256.9088440271424,241.4720971037815,243.14831109938407,501800,0.11405506441073987,11.0,0.027299513417869098,0.053173375201762685,3,11
2022-11-11,263.15557861328125,268.827420267401,254.99866672196924,256.3532646550624,503400,0.025793653153949547,3.0,0.036225749068142056,0.18908681570871133,4,11
2022-11-14,258.1172180175781,263.301789362086,257.8833374200011,260.46586815380067,266700,-0.019145938772239468,-2.0,0.03590295436275205,0.2407185480551206,0,11
2022-11-15,264.4322204589844,267.7066970162401,262.43442127226405,263.6525987618889,230800,0.024465638092287856,2.0,0.03609809338352752,0.23426079387275567,1,11
2022-11-16,259.890869140625,265.3677907533672,257.5519741472993,264.2080833239744,280900,-0.017173971123779053,-2.0,0.03588032867283087,0.2240164987459181,2,11
2022-11-17,258.2438659667969,258.62395160892663,250.35982503337792,255.3592300757884,342800,-0.006337287567178551,-1.0,0.036159870828663745,0.17206522086195553,3,11
2022-11-18,261.7327880859375,265.86483721739705,258.5265361374486,263.51618710539947,331400,0.013510183895671712,1.0,0.0339752619792348,0.22374607977635708,4,11
2022-11-21,260.34893798828125,263.9352460804893,257.0452554562564,260.33921279011435,247600,-0.005287263043260326,-1.0,0.033605426997363054,0.2550002147404422,0,11
2022-11-22,259.62774658203125,262.7462632432532,259.4523361538492,261.8497012276586,214800,-0.002770095441228415,-0.0,0.03262071756829816,0.1896599557735772,1,11
2022-11-23,259.70574951171875,263.535723080828,258.3998664916144,260.5731063724608,203000,0.0003004414232083974,0.0,0.032703615434553385,0.17165066268123264,2,11
2022-11-25,260.6315612792969,261.71328881644143,258.04903046746495,260.7972167940306,51200,0.003564848946620458,0.0,0.03210423835041034,0.13135227034864583,4,11
2022-11-28,253.40040588378903,259.247658016481,250.7204153229719,258.1951657184879,235600,-0.02774474188779774,-3.0,0.031990491952972946,0.1420764270999093,0,11
2022-11-29,254.1898193359375,255.33004675274955,250.92512688182305,251.8704339697328,178600,0.0031152809301753237,0.0,0.031975903116905444,0.14239242413652864,1,11
2022-11-30,253.7999725341797,253.8876777475852,244.38590787037808,252.0165737136101,723600,-0.001533683775283623,-0.0,0.030879664600726955,0.09860168300827188,2,11
2022-12-01,261.5281066894531,265.7478906857754,256.899031661194,259.8811578829159,484600,0.030449704458627158,3.0,0.030541488746340002,0.11499747210568168,3,12
2022-12-02,259.3158874511719,261.67429227019335,255.1935639217484,255.1935639217484,213200,-0.008458820225040298,-1.0,0.031016829151605328,0.14322226415492034,4,12
2022-12-05,253.39073181152344,257.2596656095468,248.7519013333086,257.2596656095468,258900,-0.02284918096568267,-2.0,0.030851886630454833,0.14971476198481692,0,12
2022-12-06,249.5022735595703,254.9110004020074,244.7465179217715,254.5991397724687,324500,-0.015345700389884143,-2.0,0.03138068773312441,0.10197086722975768,1,12
2022-12-07,251.7144775390625,253.30298585874036,249.0052369258068,250.2234293737242,191600,0.008866468220635415,1.0,0.031599800120755334,0.09232864598026613,2,12
2022-12-08,253.59536743164065,255.7490973234332,251.64628307039237,251.64628307039237,199200,0.007472315104665617,1.0,0.03154390895246707,0.08680465060019338,3,12
2022-12-09,251.0323028564453,254.8622462767489,251.0323028564453,252.99114204819296,170100,-0.010106906136155058,-1.0,0.030875020148171815,0.06000253207265471,4,12
2022-12-12,253.4394073486328,254.91097538556025,246.5104126633586,250.7301815943098,336900,0.00958882368841607,1.0,0.02962388103303566,0.09014356112592758,0,12
2022-12-13,259.3744201660156,266.29367625658983,256.694428913662,265.4555841768299,365700,0.023417876799319393,2.0,0.015904051956690597,-0.012080470088103201,1,12
2022-12-14,252.16278076171875,258.0392687237565,250.42809692813435,258.0392687237565,516700,-0.027803973112232816,-3.0,0.015715302945129916,-0.014368528560901983,2,12
2022-12-15,242.31016540527344,248.508254223062,238.831057578724,248.508254223062,644400,-0.03907244093154072,-4.0,0.016328568113166426,-0.023068733273941766,3,12
2022-12-16,240.22462463378903,244.87319455611564,239.71785858445887,241.03349635107293,633000,-0.008606905814274257,-1.0,0.017238430431786265,-0.0836586971712937,4,12
2022-12-19,238.64588928222656,245.57488464575783,237.1548409646608,239.20137058174456,287800,-0.006571913074977953,-1.0,0.017011182217757645,-0.07567116371523885,0,12
2022-12-20,238.16835021972656,239.4352579610049,234.41635707638915,237.4959137717224,351600,-0.002001036196082384,-0.0,0.01701314582562046,-0.07588941797785076,1,12
2022-12-21,240.92628479003903,242.0177671184696,237.5543627820927,239.0941409927466,223500,0.011579769384840954,1.0,0.016563350181425178,-0.09003242596595795,2,12
2022-12-22,235.42013549804688,238.47044207193423,232.11642359806584,237.2230294092564,204300,-0.0228540829274424,-2.0,0.016920795228731234,-0.07460239073115194,3,12
2022-12-23,236.8819732666016,237.6615951091881,233.0325197847466,234.34815766719493,157200,0.00620948486611872,1.0,0.017434411977325762,-0.0932396918383136,4,12
2022-12-27,236.7455139160156,239.7276253426921,235.6832665568561,236.5993385437764,134400,-0.0005760647325933066,-0.0,0.017563048372771686,-0.08788321509257646,1,12
2022-12-28,233.39309692382807,239.89329105894765,233.110471382548,237.6908163577962,170700,-0.014160424570396679,-1.0,0.0174943500333455,-0.09164679536905596,2,12
2022-12-29,236.9561920166016,240.4311850503343,235.4878800520018,235.4878800520018,164600,0.015266497337478757,2.0,0.016827207194629327,-0.078955315364161,3,12
2022-12-30,234.1761932373047,235.69345202863215,230.83824182011548,235.06697281022863,190700,-0.011732121265276452,-1.0,0.017278788680743614,-0.06779825944389983,4,12
2023-01-03,236.22203063964844,239.06076106513595,233.29519014660147,238.541958711074,288400,0.008736316762441243,1.0,0.017372830993194237,-0.07731986375306732,1,1
2023-01-04,237.1911163330078,241.2436568255281,234.3523857952812,239.7753448364056,304500,0.004102435707352248,0.0,0.015816390980194994,-0.09676235709477277,2,1
2023-01-05,229.7908477783203,235.94796338956803,228.30295397471875,233.70634678199775,433100,-0.031199602536115978,-3.0,0.015904977752984682,-0.08531976708264766,3,1
2023-01-06,238.07211303710935,239.22717796838936,231.29828723427508,231.29828723427508,311800,0.03603827279830574,4.0,0.016490348028596967,-0.09313633479995287,4,1
2023-01-09,240.0004730224609,243.9942832787509,235.556388803764,239.84386443439496,430000,0.008099898643109782,1.0,0.018493309195549115,-0.045811849164300034,0,1
2023-01-10,243.1133270263672,243.86706474597764,238.13085826643984,238.13085826643984,290700,0.012970199452960962,1.0,0.018471392480027944,-0.04653687237669413,1,1
2023-01-11,248.86911010742188,249.83818650500152,244.44459226339853,244.44459226339853,242900,0.023675308760142233,2.0,0.01865198080877285,-0.041333721950181146,2,1
2023-01-12,247.2735137939453,251.3162557431845,245.27661617801837,249.5836584519853,225100,-0.006411387547405334,-1.0,0.019347335510116817,-0.008617188801635867,3,1
2023-01-13,247.73361206054688,248.0076957829505,244.95361148391484,246.4317069109086,209400,0.00186068560090491,0.0,0.01925603832982874,-0.024328866687277517,4,1
2023-01-17,247.3812255859375,249.00616123972904,246.24572730234027,247.68467436562707,344500,-0.0014224411119604374,-0.0,0.018447140344671355,-0.04488032435125222,1,1
2023-01-18,236.8876800537109,249.27043917285053,236.780003238047,248.32092950829835,402400,-0.04241852027118065,-4.0,0.017476297504211733,-0.01896217658029231,2,1
2023-01-19,228.2148284912109,236.4667493113365,228.0582049671402,233.8727226044045,303000,-0.03661166152893036,-4.0,0.01785418803018484,-0.02237828257222807,3,1
2023-01-20,234.5970916748047,234.5970916748047,227.5296158240844,229.8201788175357,245700,0.02796603194362346,3.0,0.019432763199197473,-0.04999402605326775,4,1
2023-01-23,239.5110626220703,239.9809332483869,234.41113362496932,235.85986404833795,300900,0.020946427392532607,2.0,0.020482593226156483,-0.01696571275373493,0,1
2023-01-24,244.22923278808597,246.1967655187986,238.0133725922491,239.42295452201915,271500,0.019699174285993548,2.0,0.02101018785791754,0.005637660928099919,1,1
2023-01-25,242.49661254882807,245.37450640593863,240.2745778504386,242.0365402690075,459000,-0.007094237735092324,-1.0,0.021297422338411327,0.013709371731379871,2,1
2023-01-26,242.995849609375,245.550713055069,240.313727678935,243.66147720494064,256800,0.0020587382862777837,0.0,0.02068876760999661,0.03005892862906756,3,1
2023-01-27,243.8768310546875,246.36316610742807,241.4687928303119,242.49661420579469,267600,0.0036254999693563494,0.0,0.020662503326472962,0.025809799954226387,4,1
2023-01-30,239.9907073974609,245.74649538891936,238.32662340174696,242.3400156294476,616000,-0.015934780029822293,-2.0,0.020662563729734996,0.030122290474326352,0,1
2023-01-31,255.11427307128903,263.1606228347516,238.8551666680442,261.3301322587939,735600,0.06301729695217406,6.0,0.020733819196873934,0.028268233125104292,1,1
2023-02-01,262.4950561523437,263.689284540474,249.7696844213669,251.07157469285053,521700,0.028931282410028736,3.0,0.02457725658132321,0.07663054043937056,2,2
2023-02-02,272.8906555175781,272.9493856028274,263.3857916649023,264.4919247252331,461700,0.039603029167913695,4.0,0.024891527070036733,0.12092972613292852,3,2
2023-02-03,268.9849853515625,272.8319557269572,267.6537002346989,268.4368179131142,331900,-0.014312216585826043,-1.0,0.02596520836067997,0.15522948803139736,4,2
2023-02-06,262.73974609375,265.4512180963018,260.830928593788,264.9422140369908,235600,-0.02321779875426877,-2.0,0.026383141301310233,0.13404325385406612,0,2
2023-02-07,257.7866516113281,260.537287057986,253.6460009822333,259.8520628363973,265700,-0.018851713743586074,-2.0,0.025867789938919566,0.14338646919139064,1,2
2023-02-08,257.5223388671875,260.02828554268785,255.44712931560431,255.44712931560431,233500,-0.0010253158667777873,-0.0,0.025527889623824823,0.08280910486624604,2,2
2023-02-09,257.1210327148437,263.5815818898484,256.3966451173042,260.4002390885958,227900,-0.0015583353044598125,-0.0,0.025534130028651476,0.0730076304603231,3,2
2023-02-10,254.19418334960935,258.8732033757403,252.83356300542349,256.06383767330937,229700,-0.011383158096134105,-1.0,0.02546625577816428,0.057618008275446275,4,2
2023-02-13,260.155517578125,261.3008141181716,255.00665698327643,255.398200887666,184100,0.02345189079451382,2.0,0.02518918058324544,0.021397083952640727,0,2
2023-02-14,258.7850952148437,261.0854566949133,256.00509469933496,258.5599731563566,194100,-0.00526770439481361,-1.0,0.02557166000499293,0.052096173126388035,1,2
2023-02-15,260.4393310546875,260.99729665484546,255.63305397068424,256.8566470203935,159700,0.006392314976527036,1.0,0.025631019957941606,0.04461035005454095,2,2
2023-02-16,261.2127380371094,264.0514688921416,255.8484935496765,255.9072236459754,284000,0.002969624362379797,0.0,0.02562962234877084,0.05278535360887271,3,2
2023-02-17,263.6794128417969,263.9241314608167,256.416180958101,260.1260937139688,257800,0.009443164308231777,1.0,0.02345011059300866,0.10268604081851418,4,2
2023-02-21,248.9278259277344,261.3986943180712,248.64394391545935,260.1946677470154,400800,-0.05594515990109994,-6.0,0.021438705024522248,0.1554000000133724,1,2
2023-02-22,248.3111267089844,253.42086843176745,246.11844215087024,250.9442869288364,187100,-0.0024774217846140756,-0.0,0.024899039265233458,0.0610865810425083,2,2
2023-02-23,249.41726684570312,251.25754105334104,245.54091661244684,248.4677572287208,261400,0.004454653931054375,0.0,0.02458325425474716,0.036741785496563484,3,2
2023-02-24,245.8149871826172,247.84126479397705,243.18181209296768,245.91288061815348,200800,-0.014442783808205295,-1.0,0.02425758251051034,0.021242477808210314,4,2
2023-02-27,247.6846618652344,252.647563718025,246.52959689936344,248.93762027478087,185600,0.0076060239615423075,1.0,0.024436767925494613,0.013684210261374119,0,2
2023-02-28,249.4466094970703,251.55119879313827,246.99942306194987,247.26372337914623,282600,0.007113672758608525,1.0,0.02447952393590562,0.019295853255917095,1,2
2023-03-01,246.90155029296875,250.621276972941,246.47084305451148,247.8021131840876,294400,-0.010202821394256878,-1.0,0.02450866307982594,0.02283848948789169,2,3
2023-03-02,250.0926818847656,250.0926818847656,244.28794762484048,244.56203132335403,142400,0.012924712655754123,1.0,0.02433774087402685,0.02879629370008252,3,3
2023-03-03,256.79803466796875,257.2189437005359,250.21999422224025,252.61824964825544,185300,0.026811471382008456,3.0,0.020107860313814088,-0.019683693609413244,4,3
2023-03-06,254.38995361328125,258.8144563603819,253.85155462190997,256.5434599601139,303600,-0.00937733444027744,-1.0,0.019956144706764732,-0.02170334774255167,0,3
2023-03-07,251.6393280029297,257.6691997805182,250.5429781747228,254.761940706911,270700,-0.010812634584355552,-1.0,0.017729470427735403,-0.06779529284067098,1,3
2023-03-08,252.4811248779297,252.9509954522069,249.084443670421,252.4223947902554,123500,0.003345251641230673,0.0,0.017635855773539284,-0.06448559694126454,2,3
2023-03-09,245.89329528808597,253.81240211369737,245.04167917005765,253.81240211369737,370900,-0.026092364698663384,-3.0,0.017057798238941053,-0.039044801436931675,3,3
2023-03-10,240.1081695556641,247.0777676044472,237.39669738000865,245.8345925482485,296500,-0.023526976307524317,-2.0,0.017488423205575178,-0.046136432002592986,4,3
2023-03-13,238.94332885742188,241.05768693393875,234.92993646817987,236.99536275708704,415200,-0.004851316389599902,-0.0,0.018098077317959586,-0.0676219755852111,0,3
2023-03-14,242.5162048339844,246.6568405970792,239.30549704058305,244.219452174418,240800,0.014952817446912237,1.0,0.01809767915858026,-0.0706970708132677,1,3
2023-03-15,236.83872985839844,239.7753539482396,231.51364911898904,238.9335211116941,435000,-0.02341070354235708,-2.0,0.018421104482390076,-0.045941171279924475,2,3
2023-03-16,240.16685485839844,243.7984707424499,232.8448631396179,235.04733067574423,381000,0.014052283602389748,1.0,0.018008265204672923,-0.08962634326110153,3,3
2023-03-17,238.83563232421875,239.2859063008731,235.5759779324202,238.27766660167185,477200,-0.005542906971757522,-1.0,0.018444809381873952,-0.07194479396500164,4,3
2023-03-20,244.2194366455078,245.80520876534067,238.3070255200237,240.5192917416035,343100,0.022541880660338576,2.0,0.018311895408395767,-0.08295098379719135,0,3
2023-03-21,244.11178588867188,248.38946369561037,241.33177029305185,247.10714018419492,261800,-0.0004407952057976505,-0.0,0.019160267135540275,-0.06505540855051029,1,3
2023-03-22,239.76556396484372,248.44817750464975,239.54042697303652,244.50331378102467,221900,-0.017804228124447263,-2.0,0.018959128423753985,-0.07420991552672052,2,3
2023-03-23,240.7738037109375,248.330717356248,239.36422179668077,241.04788742354944,398400,0.0042051065608470495,0.0,0.01512144513801365,-0.03680690147332322,3,3
2023-03-24,238.99224853515625,239.2369672065772,233.8531564353156,237.87633199093423,304400,-0.007399289907468964,-1.0,0.015173941849185546,-0.030354350600166558,4,3
2023-03-27,237.70013427734372,242.1344352697896,237.38688721823672,242.1344352697896,258100,-0.0054065111556220735,-1.0,0.015167420584452721,-0.04179750039918484,0,3
2023-03-28,239.12925720214844,241.1359530165562,237.2302531221181,237.72947376540503,287800,0.006012293300336369,1.0,0.014920601387706536,-0.03301203477575154,1,3
2023-03-29,240.0298767089844,243.52445169310013,238.05254559200347,241.99740951943997,266100,0.003766245575189675,0.0,0.014876002442968937,-0.0345415198448622,2,3
2023-03-30,241.1801300048828,243.0087273288025,239.75458735789329,242.1927471257008,225900,0.004792125512329326,0.0,0.014796054160249525,-0.037750494212255514,3,3
2023-03-31,247.03955078125,247.62943154772,243.22502249433717,243.32334095584585,288900,0.024294790687145573,2.0,0.014728205574642236,-0.023172881179956195,4,3
2023-04-03,243.1463623046875,247.32464149437007,241.35706848636917,246.1055616950337,312300,-0.015759373202592464,-2.0,0.015457127749205593,-0.012207998572794643,0,4
2023-04-04,233.64938354492188,244.32611673017288,232.07637826850168,243.07754435456272,230800,-0.03905869152122021,-4.0,0.014459528020024988,-0.05316112477625623,1,4
2023-04-05,231.496337890625,236.45127899855623,229.15649667230997,233.5609054363489,348000,-0.009214856986271114,-1.0,0.01647567309053338,-0.0815306177534385,2,4
2023-04-06,231.2111968994141,232.42045075265497,228.08486840380783,231.3783412541196,181800,-0.0012317300299826694,-0.0,0.016445872846842003,-0.08004706685621965,3,4
2023-04-10,232.94155883789065,233.7182207170461,228.2422241733357,228.2422241733357,336800,0.007483901998177611,1.0,0.01637613150324696,-0.08424363598981599,0,4
2023-04-11,238.72232055664065,240.13800736760095,234.48504096533955,234.48504096533955,388000,0.02481636058241099,2.0,0.015743674146799246,-0.052672182196026096,1,4
2023-04-12,242.9300842285156,244.68004474126485,241.2686013256572,242.39918856659065,364400,0.017626184522936406,2.0,0.016040001956332053,-0.005771769455358511,2,4
2023-04-13,246.9903717041016,247.4917748156992,239.5579526505097,244.36543100668476,310800,0.01671381084183321,2.0,0.016455359698804208,0.01668494111201002,3,4
2023-04-14,245.0732879638672,250.8638909949765,242.06492922462505,247.61957696197973,333400,-0.007761775193937948,-1.0,0.016534753768468073,0.018448939827258037,4,4
2023-04-17,246.26287841796875,248.9861226701695,243.86405207204507,245.86961959002772,339500,0.004854019236388396,0.0,0.015711672446889327,0.034768629735483,0,4
2023-04-18,250.1363677978516,250.68693013756317,246.71509862245247,249.2024024915083,394500,0.01572908350932445,2.0,0.015477945156094613,0.02538245155920671,1,4
2023-04-19,254.4916076660156,254.53094104890104,249.30072622190528,249.9594178729792,300700,0.017411462021722945,2.0,0.01570156575221357,0.04731595266443378,2,4
2023-04-20,259.0827941894531,260.8131028829265,252.97759954168285,253.4494800925732,375200,0.018040620535757723,2.0,0.015408401209166677,0.04206123460770317,3,4
2023-04-21,258.1783142089844,261.5406132478518,255.45507010625224,260.2232299994591,215400,-0.0034910847063327477,-0.0,0.01578066848543677,0.06132849442840427,4,4
2023-04-24,256.57586669921875,259.5153996270764,253.72478138170771,255.61239379858705,310200,-0.006206747126207168,-1.0,0.015135003347876222,0.07679480714269915,0,4
2023-04-25,254.60960388183597,259.1712861409292,254.58992218940705,256.46769365899047,425600,-0.007663475301392331,-1.0,0.015285329934530004,0.06563032499686927,1,4
2023-04-26,252.7318420410156,256.74297711135785,252.4073941293772,253.7542699985536,408100,-0.00737506288919032,-1.0,0.015294546625833148,0.06534670242404261,2,4
2023-04-27,275.47149658203125,276.1695065755009,260.41002205885377,265.0897042742598,925800,0.08997542358483357,9.0,0.015355399770754662,0.06323811220961773,3,4
2023-04-28,277.15264892578125,280.1413559955451,270.9786278753649,276.14987267328195,383800,0.006102817767388746,1.0,0.02442282667251534,0.15197738580838238,4,4
2023-05-01,277.6638488769531,280.4067746676708,275.0979083004534,276.23833633531297,292800,0.0018444707389708714,0.0,0.024412509186379078,0.154658964649659,0,5
2023-05-02,276.85772705078125,277.8015483465233,272.5024919140113,277.8015483465233,264000,-0.0029032293164282796,-0.0,0.024435186873090695,0.15127166102502598,1,5
2023-05-03,278.4897155761719,282.0289704027471,277.54592428994647,278.3717454157167,426300,0.0058946829578330195,1.0,0.02419260537097998,0.1207020340477174,2,5
2023-05-04,274.0361328125,280.003706148044,272.69909779965354,279.97421361107183,326100,-0.015991911063781283,-2.0,0.02368793901437935,0.14535834686761828,3,5
2023-05-05,277.7916564941406,280.0823533820224,274.8914272162889,275.2748601727673,183300,0.013704483577025917,1.0,0.021927323479622153,0.17285194017990335,4,5
2023-05-08,277.1919860839844,279.00093170273,274.49820434515783,279.00093170273,189200,-0.002158705620335599,-0.0,0.02160397175933089,0.19998294152449514,0,5
2023-05-09,276.7594299316406,279.7088038828056,275.25525041664986,276.09088236741326,183000,-0.0015604929942407697,-0.0,0.02162671191762271,0.19886921481823272,1,5
2023-05-10,283.22833251953125,284.0443426528489,275.1568888061782,279.4924714348763,367800,0.023373738663533317,2.0,0.02174579878178017,0.188106713599542,2,5
2023-05-11,284.5359191894531,285.695998952645,280.6034210070425,281.7340082339695,468100,0.0046167226925706295,0.0,0.021693751571378046,0.1864342297742152,3,5
2023-05-12,284.03448486328125,286.87569888656486,279.11886267535124,284.8209724123193,365800,-0.0017622883170612669,-0.0,0.021602325181330134,0.17126670454615422,4,5
2023-05-15,281.64556884765625,284.044395464681,278.97146852060825,283.14974840645925,382900,-0.008410654842755827,-1.0,0.021596051820838832,0.1499820130784657,0,5
2023-05-16,276.16949462890625,279.84637049476817,275.1371959482098,278.7944201258729,365300,-0.019443139976088264,-2.0,0.021618514624797927,0.1492299760110174,1,5
2023-05-17,281.8323059082031,283.5232812020592,275.8155589305911,276.6807132673423,275800,0.02050483992414187,2.0,0.022368324825335177,0.12144183647597351,2,5
2023-05-18,287.5442199707031,288.1439114214696,280.0724689288511,281.01625990177297,235100,0.02026706641771736,2.0,0.02249926847758253,0.12671463325943355,3,5
2023-05-19,283.1889953613281,289.7562897105209,280.8884876711396,289.0189463481818,272100,-0.015146277709281564,-2.0,0.022580620366225383,0.12987702269563406,4,5
2023-05-22,276.16949462890625,283.58226143038127,275.2257035515479,282.4025000817503,414500,-0.02478733583367365,-2.0,0.022860143315513597,0.09304439242015983,0,5
2023-05-23,270.7721862792969,274.29175909086825,269.3171510932261,273.85918187345754,337100,-0.019543463179602205,-2.0,0.023688974278559125,0.06968509526078459,1,5
2023-05-24,269.30731201171875,271.2342578119353,266.928167302947,269.3761379337082,330500,-0.005409987959646423,-1.0,0.0241359342593462,0.0553299098730915,2,5
2023-05-25,271.74542236328125,273.4757309294933,268.12753172717964,270.9589048320139,333600,0.009053264589623966,1.0,0.0240918926053625,0.05772644827924078,3,5
2023-05-26,275.8057861328125,277.24113966083,271.48004385493294,271.8241134659215,281100,0.014941792705170931,1.0,0.024006691234891006,0.07523223100308818,4,5
2023-05-30,276.2284851074219,277.7425052005567,273.22012661231406,276.6414105883052,261400,0.0015325964713657214,0.0,0.014044522732395247,0.0012135177502174965,1,5
2023-05-31,270.8606872558594,276.16955446987987,270.81151302084106,274.6456932308235,520100,-0.019432455886926436,-2.0,0.013982970239478915,-0.003334493904140423,2,5
2023-06-01,278.2045593261719,278.3913553662811,269.2089468761428,270.929414612093,414600,0.02711309693818853,3.0,0.014595077501666406,-0.024501430951886616,3,6
2023-06-02,293.197265625,294.20004193442327,279.81692397277163,281.1736407460152,454200,0.053890943898048826,5.0,0.0158254438751872,0.004864708995980349,4,6
2023-06-05,289.7169189453125,292.77442129203325,289.14669001724235,292.57781442232664,284200,-0.011870324480238725,-1.0,0.019666036687413326,0.05281182473255597,0,6
2023-06-06,294.6817626953125,298.3193357742653,290.0709058476885,295.4977729277514,432400,0.017136878881889528,2.0,0.019490622190674583,0.05722160056732939,1,6
2023-06-07,302.6254272460937,304.34589532834826,293.5806687554943,293.74781314176386,320900,0.026956756597776188,3.0,0.019600439087330803,0.06080134448360641,2,6
2023-06-08,299.8332824707031,302.1534415927824,298.57488447171994,300.37398887553053,359800,-0.009226405067146004,-1.0,0.020237035614446654,0.09175388336949775,3,6
2023-06-09,298.2603454589844,301.02292318024456,293.5413293851789,301.02292318024456,316400,-0.005246038727780178,-1.0,0.020417919526356344,0.08337151346482297,4,6
2023-06-12,299.9119873046875,302.0158883445174,296.1859366795447,298.6142556354045,280700,0.0055375844320217915,1.0,0.02001242175252692,0.05307383200590121,0,6
2023-06-13,304.5818176269531,306.25314138049873,299.2926026921155,300.4526824726525,336800,0.01557066912941174,2.0,0.02001794538324705,0.05403911098126235,1,6
2023-06-14,301.4653015136719,305.741868950884,299.28276399283567,304.58178927832023,347200,-0.010232114764967104,-1.0,0.020181514423731704,0.07234097920737415,2,6
2023-06-15,303.52984619140625,304.70960758335127,299.2237561141589,300.6198060945412,328200,0.006848365856263472,1.0,0.020239200426189163,0.07037118583866753,3,6
2023-06-16,305.79107666015625,307.34440028981373,303.24478760745694,305.29951437193057,379400,0.007449779641518495,1.0,0.019554727833290667,0.09907086805247833,4,6
2023-06-20,306.9020080566406,308.74044618918026,303.8641267544641,303.8641267544641,219600,0.003632975195410948,0.0,0.01923161579276025,0.08501073244511881,1,6
2023-06-21,308.2685546875,309.2320276199068,305.1913698141039,307.5213703724669,318900,0.004452713227627969,0.0,0.018870171113723404,0.06732108225966016,2,6
2023-06-22,307.7081604003906,309.9300316076667,304.9750751996396,308.87808108009955,210100,-0.0018178769082609625,-0.0,0.018392155957030375,0.08856120731023531,3,6
2023-06-23,306.4497375488281,309.4482853541875,304.66047371376,304.78825469995235,339400,-0.004089663562789614,-0.0,0.017227714968397336,0.11420039644082869,4,6
2023-06-26,309.66455078125,310.7656453673954,306.80365502479515,306.80365502479515,193400,0.010490507376955005,1.0,0.016424709996981573,0.13176224544987236,0,6
2023-06-27,317.2543029785156,318.7682931774181,310.38224200058323,312.0535657297272,333500,0.02450959329415503,2.0,0.016236008275737922,0.14985571118757868,1,6
2023-06-28,316.0155639648437,317.4509174353393,315.32736476528214,315.90740466087567,250700,-0.0039045617412974964,-0.0,0.016687559930050604,0.16746880304167955,2,6
2023-06-29,318.6297302246094,319.1525741924494,313.588728016341,315.95632277437863,193800,0.008272270602648346,1.0,0.016775620493902313,0.14579018952368328,3,6
2023-06-30,321.668212890625,324.33174607483545,319.20196173546447,320.74090004783625,231300,0.00953609276784606,1.0,0.016737581231676454,0.15350062503763207,4,6
2023-07-03,322.63494873046875,323.55241699681096,318.9947597901407,320.40547826405464,98300,0.0030053819466844267,0.0,0.015609884484237392,0.18757807251213254,0,7
2023-07-05,317.2980041503906,320.40547439949154,315.6406605926808,319.8826303899959,235400,-0.01654174354352611,-2.0,0.015035670753577687,0.15970403041528125,2,7
2023-07-06,314.10174560546875,315.2263705990435,309.8696501329405,315.00933929005214,224400,-0.01007336479622778,-1.0,0.011547377436735807,0.08219973837073757,3,7
2023-07-07,315.759033203125,319.3301899219349,312.3161564581718,313.3914382761107,284100,0.005276276304869487,1.0,0.011431275350763827,0.0841677688307847,4,7
2023-07-10,320.25750732421875,322.37847718308234,313.80578621786054,316.03525667105697,249900,0.014246541343442498,1.0,0.011031493552058335,0.07152553424083274,0,7
2023-07-11,322.7533264160156,324.56848341168774,321.74707681119673,321.74707681119673,125700,0.007793163422302518,1.0,0.009969225286618989,0.058263709822991006,1,7
2023-07-12,329.7870788574219,332.89457926955646,323.6510450316126,327.5181399302669,288700,0.02179296653426288,2.0,0.00963327723941758,0.07644262757104703,2,7
2023-07-13,332.77618408203125,332.83540180628177,327.6562744355332,329.77724438529026,236800,0.009063742688056209,1.0,0.010188701068554315,0.10570206156611905,3,7
2023-07-14,331.5924072265625,333.1708139969635,329.2445312951118,332.73675138246307,213000,-0.0035572763680015163,-0.0,0.010229650716766705,0.10957947053965622,4,7
2023-07-17,335.8639221191406,337.5607040334152,329.8758874935816,332.2829208037074,257600,0.01288182358668899,1.0,0.010093298354793124,0.08868089963495951,0,7
2023-07-18,334.7590637207031,338.23153451471654,333.792282428313,333.792282428313,169900,-0.003289601310752177,-0.0,0.00970475478750227,0.11410474251183,1,7
2023-07-19,329.7377624511719,334.93660878029806,327.577324142146,333.7034832662697,496600,-0.01499974702319229,-1.0,0.00986958128296968,0.10288680971954145,2,7
2023-07-20,327.5279846191406,332.1053305013265,326.2060777879093,330.7834236700952,304100,-0.006701621966511917,-1.0,0.010736878356250897,0.07831061014781993,3,7
2023-07-21,326.4921569824219,329.6785640443955,324.4994370549921,328.06068897225464,270400,-0.0031625622400578424,-0.0,0.010972034363337354,0.06720704335923844,4,7
2023-07-24,327.4293518066406,332.79591639813606,325.76216372000306,328.05085187635325,217900,0.002870497205448075,0.0,0.011052697569082273,0.05911599486167396,0,7
2023-07-25,329.02752685546875,330.9018718771722,325.032211674848,325.37746278246124,236000,0.004880976735927689,0.0,0.011002061285026569,0.06409057004074481,1,7
2023-07-26,331.4542236328125,331.72059797936294,327.1235030037862,328.60325344248946,339700,0.007375360963065347,1.0,0.010885752267583088,0.07367534228363692,2,7
2023-07-27,351.6479187011719,352.51604385660573,336.1697252567552,346.893009727168,759500,0.06092453686977328,6.0,0.010805905027274673,0.07036540926815649,3,7
2023-07-28,358.45477294921875,365.2813690028378,355.1993336527885,355.8800213411408,531100,0.019357015600115934,2.0,0.01603595393190826,0.10841024187774484,4,7
2023-07-31,362.4797058105469,363.4464870310319,356.9848914113788,359.9443925821993,294000,0.011228565400908552,1.0,0.016190391586773004,0.13429467983132737,0,7
2023-08-01,369.91790771484375,370.1743773310076,361.6806238684488,361.6806238684488,369800,0.02052032647638624,2.0,0.01622267443815751,0.13762047739558603,1,8
2023-08-02,367.7180480957031,369.5627991471872,361.75957686131,368.3790166533004,272900,-0.005946885980000816,-1.0,0.016507444391293122,0.14999833023794862,2,8
2023-08-03,368.56640625,370.1349684055582,364.4921848175436,366.81043671241525,265700,0.002307088702037552,0.0,0.01672462234349667,0.1397340850476092,3,8
2023-08-04,366.8893737792969,374.7419086707634,366.24815452922746,371.4864693361936,320400,-0.004550150101215622,-0.0,0.015919481344613403,0.1615780793733248,4,8
2023-08-07,372.0586242675781,377.2476260671369,368.8623725673254,368.8623725673254,229800,0.014089398215688886,1.0,0.01566206680613879,0.16805900926170803,0,8
2023-08-08,372.2855529785156,372.788677853081,364.0186742054093,369.3457707336356,179700,0.0006099272967645675,0.0,0.015716396836170703,0.1782992254990725,1,8
2023-08-09,366.8499145507813,371.5357916502958,365.251788651633,371.5357916502958,190700,-0.014600723515177605,-1.0,0.015725304293080812,0.16245691190503542,2,8
2023-08-10,366.7019348144531,371.38781177735154,364.0877147404832,368.9511545524202,145300,-0.00040337950333013683,-0.0,0.016434144448073097,0.13662628554268408,3,8
2023-08-11,366.0015563964844,369.5825579917662,365.8733065158988,366.5145258132212,218800,-0.0019099392489519973,-0.0,0.016094275971059523,0.11193542234864462,4,8
2023-08-14,367.6292419433594,370.1645551916469,362.99267803036673,364.4033964798111,154100,0.004447209358617421,0.0,0.016140146219078094,0.09984299930028318,0,8
2023-08-15,364.3836669921875,368.9610435383217,363.791760700104,364.9262603039326,151800,-0.008828391707947802,-1.0,0.016030453056110738,0.10867810580528303,1,8
2023-08-16,362.0061950683594,368.3987287935216,361.9568820883238,363.7128516771733,164300,-0.006524639107600594,-1.0,0.01619889554307827,0.0849145829450837,2,8
2023-08-17,347.43560791015625,363.0025843453225,347.3764202895576,359.845770753901,305900,-0.040249551959882,-4.0,0.016286931657775353,0.08139325951272558,3,8
2023-08-18,343.89404296875,348.7476080424361,342.5227929719987,345.4132620033083,351200,-0.010193442643110062,-1.0,0.018526602800837583,0.05367248606111685,4,8
2023-08-21,343.2528381347656,346.9522147631518,338.53736726334023,344.791776403726,265800,-0.0018645418468113961,-0.0,0.01863014817892675,0.049968427487624645,0,8
2023-08-22,345.7782287597656,347.7413547171428,341.73357152065904,344.1110408492695,237800,0.007357231592673763,1.0,0.018612609697545416,0.05133563178746159,1,8
2023-08-23,359.88525390625,360.2404097499578,346.32087169543587,347.0311532772446,408800,0.04079789869097117,4.0,0.018642206862170097,0.05603919395705459,2,8
2023-08-24,352.84161376953125,362.5980871385031,352.84161376953125,358.5830232572216,155000,-0.019571905378911736,-2.0,0.020410003941955055,0.09378463664025305,3,8
2023-08-25,355.8504638671875,358.9875282521442,347.49480337388775,354.5778697843819,166700,0.008527480830595957,1.0,0.021055338537575265,0.0645259242809102,4,8
2023-08-28,358.29693603515625,361.0985933920322,355.978654211769,356.31406071516955,181700,0.0068750006431965716,1.0,0.01647885003351219,0.011951002529854149,0,8
2023-08-29,366.603271484375,367.1162709566771,355.04148566616107,355.04148566616107,198100,0.023182825790069694,2.0,0.015989929234452784,-0.0004403258820182554,1,8
2023-08-30,369.4528503417969,371.81760057922907,368.0973371943072,368.77014179094726,216700,0.007772922608911603,1.0,0.016606782915951742,0.011375990456092833,2,8
2023-08-31,372.8267822265625,374.0338869540757,370.5412033876205,371.243689604335,400600,0.009132239422822819,1.0,0.016069200230700076,-0.0012571907532666904,3,8
2023-09-01,378.318115234375,379.5351239588559,373.3511917724352,373.9646330141312,371500,0.01472891237860563,1.0,0.016124031837148573,0.013893074210841405,4,9
2023-09-05,369.5913696289063,376.8933615176242,364.15938311450464,376.4283286137498,250900,-0.02306721580081439,-2.0,0.0164081592861769,0.026458485686729594,1,9
2023-09-06,374.6275634765625,383.2553868627089,370.2839550193311,370.3433183526661,349100,0.013626383788974517,1.0,0.017219830668447036,0.007364606452828992,2,9
2023-09-07,381.0292053222656,382.0087306047953,367.9192679280737,374.1328823305027,421900,0.017088016125390126,2.0,0.017201835464740998,0.006904662441413745,3,9
2023-09-08,383.14654541015625,385.86747565096175,377.7838561720133,380.4256151693508,522500,0.005556897104776581,1.0,0.01758026194360135,0.023486413248634985,4,9
2023-09-11,387.925537109375,388.66760905417294,381.8405532010288,385.184798735131,284700,0.012473012627852054,1.0,0.017217909457275155,0.04442315566389232,0,9
2023-09-12,381.7019653320313,388.86542251019006,378.0509694576429,385.0660183065543,290400,-0.016043212374515448,-2.0,0.017348842371719606,0.05787698476600833,1,9
2023-09-13,374.5483703613281,382.8002355527594,372.7871877869532,379.752777042955,305800,-0.018741310290295465,-2.0,0.01780978216357653,0.04289710975583638,2,9
2023-09-14,377.1011657714844,381.5535972888965,370.8083801921504,376.6064511584386,253800,0.006815662841340275,1.0,0.018370482948969428,0.018820941395719437,3,9
2023-09-15,372.4508666992188,375.1916052037524,365.58422489466216,373.6282899898695,506900,-0.012331701660884153,-1.0,0.01826680313230491,0.03490139633390732,4,9
2023-09-18,373.6282348632813,376.3095794344054,369.5418875980548,372.6882952775274,208300,0.0031611368621495828,0.0,0.01844214520596758,0.028852190302674607,0,9
2023-09-19,372.4705810546875,373.717241135492,366.3262048625954,372.17373422022655,170600,-0.003098410935183815,-0.0,0.015765016378516482,0.07538843560300301,1,9
2023-09-20,369.5814514160156,378.565454380122,369.30441247513954,373.3610778340232,141700,-0.007756665319690548,-1.0,0.015529233787939264,0.08309692671394808,2,9
2023-09-21,364.29791259765625,366.9792570765834,358.9550013521441,366.6230770845403,360500,-0.01429600646384177,-1.0,0.01569140624729674,0.07670326463815869,3,9
2023-09-22,370.5412292480469,376.190861431653,369.1857160977492,369.1857160977492,407100,0.0171379424215532,2.0,0.01614009531028653,0.05355942710539319,4,9
2023-09-25,376.0721435546875,376.3689904336901,367.93903426773886,369.1263613937831,261500,0.014926582712171399,1.0,0.014028883934138044,0.029609369170132016,0,9
2023-09-26,361.51763916015625,376.1611789680591,360.9932429017714,374.4395818546792,370700,-0.038701362608142165,-4.0,0.013447757548828695,0.06583840703191535,1,9
2023-09-27,370.4422912597656,371.0062731578979,362.0618246189521,364.01100137610655,337500,0.024686629732209697,2.0,0.016172644779380057,0.015925721246450086,2,9
2023-09-28,375.0728149414063,380.9104714877604,367.30581973054825,368.27544104009104,230400,0.012499986613012215,1.0,0.016951197723465528,0.033897457675768905,3,9
2023-09-29,370.48187255859375,380.04963602618665,370.1553440129671,377.7245015590664,231100,-0.012240136314677352,-1.0,0.016427292038520336,0.02310274925463207,4,9
2023-10-02,364.9410095214844,374.56816510998186,362.48721459153904,370.17509768418057,411100,-0.01495582765991621,-1.0,0.0166075073173463,0.002785259921110006,0,10
2023-10-03,359.53875732421875,365.6435180661992,355.9669025108806,363.2590204660934,273700,-0.01480308339243408,-1.0,0.01679521349904249,-0.021151304254440673,1,10
2023-10-04,368.4436340332031,369.858510479836,359.12319809559614,360.39957016174526,257500,0.024767501493460076,2.0,0.01665851892976153,-0.04963906605033197,2,10
2023-10-05,368.0874328613281,370.7885853943008,363.7735361279172,367.3354872167322,385000,-0.0009667724964489421,-0.0,0.01694322325958831,-0.0031054177397474847,3,10
2023-10-06,369.6705322265625,371.4812045685876,355.5018988605355,363.1699751471306,371100,0.0043008786062814774,0.0,0.01665270970305176,-0.01745768665429115,4,10
2023-10-09,375.7159118652344,376.0226324615352,365.3763659990296,373.02466358528784,363000,0.01635342585263677,2.0,0.01619709285906667,-0.02981050517137185,0,10
2023-10-10,377.9718322753906,385.63000409260354,375.8940250597569,376.46788067037,330900,0.006004324913887027,1.0,0.016592632395515842,-0.019393711450451434,1,10
2023-10-11,386.0752258300781,387.4505165026397,378.50606947213896,378.50606947213896,268800,0.02143914668430469,2.0,0.016392734939018577,-0.025658802738675934,2,10
2023-10-12,380.6037292480469,385.22434652801593,374.5483974093902,384.6900463256382,242900,-0.014172099673754768,-1.0,0.016722576746143386,0.011457264817179125,3,10
2023-10-13,365.8315124511719,380.9796698331574,363.357939656008,380.5344448470161,364500,-0.038812590791110324,-4.0,0.016485340191451064,0.01616709446867204,4,10
2023-10-16,373.3116149902344,376.3986593745676,370.3334537113317,372.3914531059051,201800,0.020446851308526526,2.0,0.01854416866352821,-0.0298849601731056,0,10
2023-10-17,374.4494934082031,379.6736783846382,368.2160713213882,378.387402305621,420800,0.0030480659381533215,0.0,0.01894255104379711,0.002311038496550788,1,10
2023-10-18,357.9062194824219,369.5913753995865,356.5408024158977,369.5913753995865,375900,-0.04418025452566643,-4.0,0.018941707787212776,0.0021980633910665404,2,10
2023-10-19,353.5625915527344,365.643512429031,350.40631030293923,353.64176279005346,537900,-0.012136218074022098,-1.0,0.021284288474532106,-0.03910204540456641,3,10
2023-10-20,344.8160400390625,354.6410637179141,343.2923107762611,352.4445299164658,368100,-0.024738339752686467,-2.0,0.02136810090139247,-0.043343246263865653,4,10
2023-10-23,346.0924377441406,350.722959011811,344.1729427392121,345.3206841995289,314900,0.0037016772912696894,0.0,0.021788639981912074,-0.05347785942465788,0,10
2023-10-24,341.8576965332031,351.9696642826935,340.739636692993,349.0409320762189,358000,-0.012235867499850284,-1.0,0.021380118032642226,-0.06598129863583901,1,10
2023-10-25,335.7133483886719,339.9184229008538,330.9937815122532,339.9184229008538,726600,-0.01797340883894505,-2.0,0.021058987770539488,-0.09097841360459336,2,10
2023-10-26,354.3244934082031,365.6831520422483,345.1030357676204,349.6148307216348,933800,0.05543760803333986,6.0,0.019815960947456707,-0.07137768113177123,3,10
2023-10-27,354.94781494140625,361.78477420959496,351.05936550455107,355.185298477576,488200,0.0017591827401133298,0.0,0.022888012673494346,-0.04350960522555514,4,10
2023-10-30,361.5374145507813,365.4357679163626,355.0566655317214,359.2716132851556,370600,0.01856498147611596,2.0,0.022669869315728196,-0.053656248062510126,0,10
2023-10-31,366.6230773925781,372.01544802096674,362.7939914999935,362.9522735888253,447000,0.014066767745506636,1.0,0.022994206347434223,-0.02414276829805706,1,10
2023-11-01,379.26800537109375,379.4559993332947,368.0775636178887,368.58215197354895,438900,0.03449026741155059,3.0,0.022980090929956412,0.004609150046741339,2,11
2023-11-02,378.3675537109375,390.903602437087,377.308857416802,385.21438559389946,402000,-0.0023741830246798434,-0.0,0.02384333067896931,0.05487377270173943,3,11
2023-11-03,383.0278015136719,391.8436187207976,381.998786759742,383.6808283654939,312200,0.012316721550322596,1.0,0.02332397228099867,0.026934702519083364,4,11
2023-11-06,381.0885009765625,386.0356462843978,377.4572830348208,381.7909871556811,201400,-0.0050630803545996805,-1.0,0.023432888761009768,0.040589184303861714,0,11
2023-11-07,387.2824096679688,390.5277363946989,379.258122762603,380.67299934092176,220500,0.016253202800751154,2.0,0.02347911018882275,0.030886878327110345,1,11
2023-11-08,389.9637451171875,392.39773255507305,387.4011270489084,388.4301117020893,218700,0.006923463039587796,1.0,0.023475995153180645,0.030785222125176315,2,11
2023-11-09,383.8292541503906,392.2196244582357,382.0284857978725,391.0619790330506,227100,-0.01573092638381912,-2.0,0.02348526303467075,0.03172700137363549,3,11
2023-11-10,392.41748046875,392.5856967099479,384.383320606434,386.8767013878296,205700,0.022375121816520904,2.0,0.023327368937140557,-0.005817445744824901,4,11
2023-11-13,388.8060607910156,392.4669606341971,387.4901333395904,390.507880095065,185500,-0.009203004089982092,-1.0,0.02358064514611843,0.031039504641857674,0,11
2023-11-14,400.70892333984375,406.5762614629815,397.30528446525176,397.30528446525176,253300,0.030613881184393232,3.0,0.021858127756422277,0.06280090029945185,1,11
2023-11-15,399.3633117675781,405.1118929887269,398.0671619346158,399.7392996937778,242600,-0.0033580773820811594,-0.0,0.022367504352087727,0.07338991675982554,2,11
2023-11-16,400.8276062011719,404.607232591049,399.1455948565786,400.4120628904405,204200,0.003666572242484678,0.0,0.022419247971350694,0.0665345228073666,3,11
2023-11-17,401.3222961425781,403.5683193754138,397.0281777567524,401.7972329492741,288100,0.0012341713338925864,0.0,0.019606431964700133,0.11992355645794528,4,11
2023-11-20,403.2023010253906,403.8157422952585,395.4055941354944,400.8573586638066,219600,0.004684526379128862,0.0,0.019215264835400328,0.13508132854241817,0,11
2023-11-21,406.19036865234375,409.4159175097888,401.14427368857497,401.14427368857497,313200,0.007410839718310358,1.0,0.017870287914077403,0.16932582654714623,1,11
2023-11-22,406.8136901855469,411.5827459030826,406.3981166595662,406.97200247187374,206500,0.0015345551773449095,0.0,0.01784787575542426,0.1736470501925047,2,11
2023-11-24,412.0279846191406,413.6704406751141,405.55713954685046,405.6165028818269,120300,0.01281740157568323,1.0,0.017319997676338048,0.1900088671721183,4,11
2023-11-27,407.8525695800781,410.7713975655017,404.4885166071194,409.6236561615547,275900,-0.010133814194494772,-1.0,0.016240154287109367,0.2273208277143497,0,11
2023-11-28,397.1172790527344,409.5643149792973,395.8508109169536,406.39812954235424,298800,-0.026321497835349428,-3.0,0.013040391277474774,0.1510707759912251,1,11
2023-11-29,396.9094848632813,405.9924369246821,396.7808542466742,403.8552966002188,273600,-0.0005232564796695538,-0.0,0.014891677167702943,0.11880468715743286,2,11
2023-11-30,402.36126708984375,406.36844312240805,393.13978004295154,395.83102857438416,913400,0.013735580615918952,1.0,0.014632404820896007,0.09783792462102614,3,11
2023-12-01,413.8683471679688,413.9771698860208,401.36194762731145,401.36194762731145,240500,0.028598876232178716,3.0,0.014621816416117624,0.09747937841620735,4,12
2023-12-04,415.58001708984375,418.0140345180109,409.9303851471912,409.9303851471912,222100,0.004135783597821963,0.0,0.01406434015171996,0.09122926613074167,0,12
2023-12-05,409.0696105957031,415.1842758009028,407.1006561513871,415.1842758009028,203600,-0.015665831431767696,-2.0,0.013982310356712184,0.09835003824703104,1,12
2023-12-06,414.19482421875,418.74620432881255,411.07812844821177,411.07812844821177,211200,0.01252895226214279,1.0,0.014529766907582242,0.06798934432205095,2,12
2023-12-07,414.2344055175781,418.6472510075878,411.49369768226586,413.81883199485065,201000,9.556203147353948e-05,0.0,0.014534410723283936,0.086873057458702,3,12
2023-12-08,416.1736755371094,419.6366774896772,412.7799408703883,415.8075915904634,263800,0.004681576406257548,0.0,0.014282996306411203,0.06959261556112573,4,12
2023-12-11,424.51458740234375,430.0356192634053,419.41903304669233,425.6821368098871,235200,0.02004190162789543,2.0,0.01426296775755751,0.06721119783082807,0,12
2023-12-12,427.9380187988281,430.3917838088721,421.7441825493167,424.19797775434256,176200,0.008064343365519644,1.0,0.014023293440001215,0.10599852098822038,1,12
2023-12-13,420.1709899902344,430.1246449072087,402.10400389714647,427.79948034618985,735300,-0.018149891964249654,-2.0,0.013468489081978221,0.09051721724437001,2,12
2023-12-14,439.3758239746094,439.6528629376926,419.8345976355765,423.7527287406053,550800,0.04570718693554099,5.0,0.014043581209746433,0.08066985667715065,3,12
2023-12-15,436.8428955078125,446.5392895843461,434.4187818911877,435.60610900851066,521000,-0.005764833494669608,-1.0,0.015765434636820362,0.09649623051187195,4,12
2023-12-18,433.2710266113281,439.9892591163815,429.43203660844057,438.2280764052093,180000,-0.008176552562065176,-1.0,0.015834117613354213,0.09384833968435924,0,12
2023-12-19,436.1502685546875,438.9701477187612,433.2710260562108,435.0520166732487,152000,0.006645359986053867,1.0,0.01607064765516156,0.08094108267052147,1,12
2023-12-20,431.4306945800781,443.24448103461407,430.3126348105228,436.6845609456152,184400,-0.010820981471017066,-1.0,0.016070241915622497,0.08678304880358811,2,12
2023-12-21,438.9997863769531,438.9997863769531,433.3699325544263,435.8138235645301,156200,0.017544166170750053,2.0,0.016394622034616793,0.07001049716953345,3,12
2023-12-22,439.2768859863281,442.74979216329046,437.713601125962,441.6515100427624,105100,0.0006312067066407412,0.0,0.01666685148016313,0.08077349995634875,4,12
2023-12-26,441.5228271484375,442.7002501803072,436.2590873415269,439.4549239751906,101500,0.005112814340473282,1.0,0.01667425494153149,0.07979868078179675,1,12
2023-12-27,444.2239990234375,446.5788451910293,442.0373690942369,442.0373690942369,128200,0.006117853277135099,1.0,0.016550082065431425,0.07158456131701962,2,12
2023-12-28,443.7380065917969,445.15635808821264,442.1609539793346,442.1609539793346,85300,-0.0010940256102980328,-0.0,0.016261723297517353,0.08917788474596877,3,12
2023-12-29,443.8768310546875,447.28882922236073,442.3394613581232,442.7461272741173,98700,0.0003128523156195051,0.0,0.014756333873935932,0.11739788218298997,4,12
2024-01-02,437.5190124511719,442.89490282119937,434.1466971073143,438.8580284717284,126800,-0.014323384684010065,-1.0,0.01474066646478659,0.11833263749689538,1,1
2024-01-03,426.4399719238281,433.025901658813,424.3768877158986,433.025901658813,197900,-0.02532242076812652,-3.0,0.01521535556616521,0.0873785531485507,2,1
2024-01-04,427.1044921875,435.1683126400624,422.2245616845,424.7835452015646,191800,0.0015582973159715685,0.0,0.015423688661468336,0.030375902969832946,3,1
2024-01-05,427.0846862792969,430.70496661896857,424.833176597217,425.1604768431378,223400,-4.637251203254422e-05,-0.0,0.015412235252562037,0.02773106170589723,4,1
2024-01-08,431.7265625,432.2621749674436,426.2614386452725,430.6553678342548,146400,0.010868748915215276,1.0,0.014915578441019234,0.04403914448046997,0,1
2024-01-09,439.6317138671875,440.3557820653021,429.3858204436524,429.7924863958144,203100,0.018310551292955335,2.0,0.014862171608668262,0.04232727512787782,1,1
2024-01-10,440.4549560546875,443.38092275804456,437.915798729101,440.7822562974165,213000,0.0018725723407404526,0.0,0.015266581911398618,0.061311441085816876,2,1
2024-01-11,438.1339721679688,440.9806032084732,431.72653998818,437.0230644458647,205000,-0.00526951474790649,-1.0,0.015262934539190932,0.058344104744830316,3,1
2024-01-12,427.2235412597656,440.9508695064233,423.2263497341015,440.9508695064233,370700,-0.024902042756959286,-2.0,0.014827621069244986,0.03208225387250829,4,1
2024-01-16,430.3578186035156,430.3875731698415,419.298563902529,422.5816155534262,383600,0.00733638725644159,1.0,0.015821732987050478,-0.0016695818265176632,1,1
2024-01-17,429.60400390625,432.8969838970229,426.8863192340232,426.8863192340232,215400,-0.0017515998656925102,-0.0,0.015326525665922127,0.024244483450697185,2,1
2024-01-18,437.5091247558594,437.8165987043067,429.2766747530072,432.6192658785333,205400,0.01840094779781065,2.0,0.011453336094402711,-0.022240231562954738,3,1
2024-01-19,440.4350891113281,440.58389221456633,432.5002150886913,437.0727019841897,216900,0.006687779042554798,1.0,0.012144613696510936,0.0015251003390415185,4,1
2024-01-22,450.93890380859375,454.400482903889,443.89669708196095,443.89669708196095,212700,0.023848723584806386,2.0,0.012068405088191575,0.01653482937927131,0,1
2024-01-23,438.7390441894531,453.2995316167772,433.7499930636827,449.143638680318,300700,-0.02705435152323654,-3.0,0.013027199504930347,0.033907201990068137,1,1
2024-01-24,429.1675720214844,441.90304088372943,425.6663101554796,441.90304088372943,292400,-0.021815865933818457,-2.0,0.014231439780827016,0.016939799836190206,2,1
2024-01-25,435.9023132324219,436.1998588991817,428.1955475027779,432.7481778190567,251700,0.015692567775368538,2.0,0.014518367500378425,-0.022396854532922728,3,1
2024-01-26,440.6334533691406,453.26972999910527,423.79167311218686,436.4180517330825,678500,0.01085367063467757,1.0,0.014966882522841863,-0.007682108623423667,4,1
2024-01-29,433.511962890625,441.2484535259673,430.804176033683,441.2484535259673,590300,-0.016161937828514383,-2.0,0.015121554658872997,-0.0020143324979160493,0,1
2024-01-30,444.10498046875,444.6901737956412,428.5427063698212,429.6734404472716,627100,0.024435352389104992,2.0,0.015449867114809144,-0.024114041916603712,1,1
2024-01-31,424.6744689941406,446.89211060498246,424.3868213302648,431.4587827737339,581200,-0.04375206838279677,-4.0,0.016419969605743823,0.0008270057364969663,2,1
2024-02-01,421.1533508300781,428.7014156277183,414.44840273635975,424.376893463124,575000,-0.008291334707269837,-1.0,0.019011587464463374,-0.04326056400583134,3,2
2024-02-02,416.5610656738281,419.2291695224512,411.15542056332737,418.0885071505737,421600,-0.010904068903164976,-1.0,0.01885994350486248,-0.03740560102612733,4,2
2024-02-05,419.2589111328125,421.8278229215592,408.7352688997032,414.6864243152483,374000,0.00647647051368172,1.0,0.018205906793669832,-0.02316599498267624,0,2
2024-02-06,421.8179321289063,422.51224576341167,417.6422128499401,417.771159405132,244400,0.00610367705525805,1.0,0.01827138812622576,-0.018369230945113224,1,2
2024-02-07,434.1963195800781,440.6632310619071,422.7403269593567,427.68972525246767,286700,0.029345332448761363,3.0,0.018331948557782564,-0.012331873091198431,2,2
2024-02-08,444.70013427734375,447.16985430968873,434.9997512926685,435.6345255205133,284800,0.024191395052413522,2.0,0.01931816924883758,0.005720651205189942,3,2
2024-02-09,453.40863037109375,454.3707350683123,444.59098698152815,445.3448097085859,252800,0.019582850155648535,2.0,0.01963012307277741,0.011528787051262146,4,2
2024-02-12,446.4457702636719,452.58538168715353,442.05184087582046,452.58538168715353,287200,-0.015356699544345043,-2.0,0.020057421105854963,0.02940975947333402,0,2
2024-02-13,429.0683898925781,434.6723886086601,419.64572700511815,431.2306357958433,486300,-0.03892383247539921,-4.0,0.020348182786951934,0.01897090530226353,1,2
2024-02-14,443.3015747070313,445.1960295029416,433.3135448154291,435.1286641899247,254600,0.033172298751759755,3.0,0.021444380790917775,0.004318227940746322,2,2
2024-02-15,447.6260681152344,448.3898191111761,439.7209486696439,444.8588025972023,215900,0.009755195232638236,1.0,0.022572125450401704,0.03007673044146708,3,2
2024-02-16,444.7596130371094,451.1769436402819,441.33768649300674,445.0472606969821,211800,-0.006403682185433079,-1.0,0.02262486849355198,0.04195041025017354,4,2
2024-02-20,445.2059326171875,445.404316576712,439.1357587931028,441.2384955798362,208600,0.0010035074386147702,0.0,0.02238319790558582,0.016572199003382915,1,2
2024-02-21,445.02740478515625,450.0462102110256,440.8417575040287,446.3267379921021,230400,-0.00040100056839265097,-0.0,0.022345606037821777,0.010832114933180259,2,2
2024-02-22,453.0119018554688,456.2056899619642,448.6774513566125,448.6774513566125,156200,0.01794158513489119,2.0,0.02170990859392804,-0.013109312533271078,3,2
2024-02-23,455.5510559082031,458.6357237311584,452.1192010152505,455.2237253960016,232300,0.0056050493206345475,1.0,0.021161493142615558,0.032531542052255835,4,2
2024-02-26,459.52838134765625,460.4805880275106,453.4582075420108,455.8188374151268,199600,0.008730800615803114,1.0,0.020470004445957646,0.061475949271856845,0,2
2024-02-27,465.2216796875,466.1143469751581,458.22905368436847,461.3732608833611,258400,0.012389437890967692,1.0,0.020310703949491145,0.054200373336025454,1,2
2024-02-28,467.8600158691406,471.0736301223564,460.9963366061995,464.6166167803326,231700,0.005671137646493296,1.0,0.02034421317401667,0.05580199626323101,2,2
2024-02-29,467.3739929199219,471.1133216982981,462.7122725644874,470.4685889646868,306100,-0.0010388212985370515,-0.0,0.019879981697336204,0.0792320764333363,3,2
2024-03-01,469.099853515625,472.7697146504909,465.1125598808511,466.2928748328308,237900,0.0036926757197610627,0.0,0.019329193671608645,0.052395297225920734,4,3
2024-03-04,474.1384887695313,478.2348724248415,470.47852561744463,470.47852561744463,215200,0.0107410718979013,1.0,0.016150078263336313,0.10461044344555903,0,3
2024-03-05,468.5344848632813,473.44417006794174,467.2748042233521,472.90858785814487,208100,-0.011819339789927885,-1.0,0.015906554758877492,0.1258096079136528,1,3
2024-03-06,471.24224853515625,476.0031912461335,468.85189430444507,473.602878467342,247400,0.00577921958650518,1.0,0.015955732371872023,0.12476782751019022,2,3
2024-03-07,477.4612121582031,479.22672041816935,471.8869679981684,473.7218834013119,200400,0.01319695685685729,1.0,0.015954840233983837,0.12398862855863424,3,3
2024-03-08,466.9078063964844,481.3790289965986,463.4759819202236,478.0761510638949,266600,-0.022103168787294014,-2.0,0.0160386131294487,0.1319130264293562,4,3
2024-03-11,458.9233703613281,464.9836160022581,453.805372870142,464.9836160022581,246100,-0.01710066939505417,-2.0,0.01622909527436792,0.07533801034527965,0,3
2024-03-12,465.4497985839844,468.1179024982675,458.2687470033736,460.8674135026933,141300,0.014221172082645728,1.0,0.016109361086281478,0.03198388079440928,1,3
2024-03-13,466.7887878417969,472.2539419070255,463.4958079204656,465.0034533283309,149300,0.0028767640718418974,0.0,0.01585092300678095,0.02655698944908802,2,3
2024-03-14,465.5688171386719,474.9616949609536,459.1812412946026,467.1954505311659,270700,-0.0026135390028658723,-0.0,0.015381354586136979,0.0455666039037852,3,3
2024-03-15,468.2368774414063,470.29996152646754,461.8691583332407,462.4245970632632,390600,0.005730753874651606,1.0,0.012243814525076429,0.08506901954542023,4,3
2024-03-18,468.7625732421875,473.8904987477789,467.1260115767065,471.212466735798,253000,0.0011227133660505206,0.0,0.010277390763174224,0.05624907322031114,0,3
2024-03-19,479.0580749511719,479.4944954294754,464.7058708279201,464.7058708279201,171400,0.021963147863481858,2.0,0.01015126615331654,0.04721911129070322,1,3
2024-03-20,484.7712097167969,484.8207905717708,476.6081971708637,481.2203669108488,143400,0.011925766549718109,1.0,0.010808427445294477,0.07711685348372832,2,3
2024-03-21,495.1956787109375,497.63564408848174,485.2374029660002,488.9469470237208,237300,0.02150389459025548,2.0,0.010939261656225394,0.0888696088729568,3,3
2024-03-22,489.8296813964844,493.9458911018381,486.3879286955111,493.7276808628749,218100,-0.010836114984730028,-1.0,0.011515810351494253,0.11273075182864467,4,3
2024-03-25,485.0291137695313,490.0776738471471,480.2285185106735,489.5817442096311,165200,-0.00980048332977057,-1.0,0.01163078605584368,0.08127331619812961,0,3
2024-03-26,480.1392517089844,487.5781966926762,479.98058085284623,484.8902663805961,222100,-0.010081584634258567,-1.0,0.01199099834831567,0.06470857103505034,1,3
2024-03-27,483.81744384765625,484.89110850530346,477.5445603607084,483.1812239681559,150900,0.007660677867056043,1.0,0.01224606821570301,0.04485222501574926,2,3
2024-03-28,485.88525390625,487.05830618021656,482.7239347601232,484.1355960480748,139800,0.004273946888208702,0.0,0.012091117488285053,0.03997183487374767,3,3
2024-04-01,481.3123168945313,487.9828421530366,479.89073501515975,487.9828421530366,145800,-0.00941155751271483,-1.0,0.012073377834421197,0.03852698975274471,0,4
2024-04-02,475.3078308105469,478.7872448171273,469.6314238830458,478.7872448171273,212400,-0.01247523878617085,-1.0,0.012310205294447495,0.02982263494707893,1,4
2024-04-03,478.4790649414063,480.9842320749386,474.2540622688752,475.4370654442305,206100,0.006671958518864596,1.0,0.012664883209411846,0.013233807788249674,2,4
2024-04-04,463.2491455078125,483.69816483383073,462.3047513896773,483.69816483383073,252500,-0.03182985536777627,-3.0,0.012534071793416179,0.009154658975565333,3,4
2024-04-05,477.4153442382813,480.34800524520745,465.17775086514246,465.17775086514246,240300,0.03058008604622442,3.0,0.014171799405369888,-0.011280577046556273,4,4
2024-04-08,481.9087524414063,484.9109785092476,475.2481483094901,480.3380286827141,189500,0.009411947599410109,1.0,0.015670476513563385,0.013099622799767952,0,4
2024-04-09,478.7972106933594,484.2350391102147,467.96132708706045,483.21109845546897,218000,-0.006456703125401808,-1.0,0.015541232535865649,0.00931497715405949,1,4
2024-04-10,464.3924255371094,471.0231774419096,457.6821271809847,465.4859313691233,241400,-0.030085357296443016,-3.0,0.014755776425845088,0.02546413688954008,2,4
2024-04-11,462.2252197265625,467.5735808431947,458.368036006549,466.957232373352,192300,-0.004666755294383429,-0.0,0.015800525249313288,0.01191714244466402,3,4
2024-04-12,468.3887634277344,469.36301024508737,457.7119430142758,458.7458041621522,300000,0.013334503264053943,1.0,0.015526587464625964,-0.006927876791937293,4,4
2024-04-15,459.26275634765625,478.4094530581302,458.1095755463997,475.3873554459556,159700,-0.019483830084421228,-2.0,0.015796108737252287,0.003427622144342779,0,4
2024-04-16,458.278564453125,460.1375607350255,451.0712071076956,456.00205549364256,234300,-0.002142982162015805,-0.0,0.016369319700767278,-0.013544852144033004,1,4
2024-04-17,455.1570434570313,460.15745700395087,452.1746887291329,459.54110854761154,323100,-0.006811405198099751,-1.0,0.016309018149020093,-0.021267681953409223,2,4
2024-04-18,455.9424133300781,464.3426944242549,455.4453542000766,459.7300014736432,231900,0.0017254920786937689,0.0,0.01635175257665914,-0.029024351690566497,3,4
2024-04-19,454.461181640625,461.57907241668886,451.9062902899013,456.1710663559709,218900,-0.003248725378792061,-0.0,0.015487287425124847,-0.04825231601293811,4,4
2024-04-22,456.5885925292969,465.3268703520242,454.70969442105417,457.5131152469645,394100,0.004681171846167009,0.0,0.015143599433217931,-0.06252439804310772,0,4
2024-04-23,473.8564147949219,476.73935168947486,456.8172132079592,458.83527206795446,550600,0.03781921525890297,4.0,0.014200331172149592,-0.07796329378749867,1,4
2024-04-24,465.0982666015625,496.3334475303216,453.87466216497694,467.43445074389285,609700,-0.018482704717946663,-2.0,0.016731945611588236,-0.032609838089074916,2,4
2024-04-25,472.7032165527344,478.01180424001245,447.2239615614247,460.83344250499465,532200,0.016351275627709105,2.0,0.01705292887207313,-0.041092063552785496,3,4
2024-04-26,474.3037414550781,481.5210496241767,473.9856466735224,475.9937546073287,272000,0.0033858980567464947,0.0,0.017387820506449228,-0.01548724693884651,4,4
2024-04-29,474.5025939941406,479.3737675005197,470.1284796279652,476.17270542408505,319000,0.0004192514662701985,0.0,0.017311138924939913,-0.01966382674613487,0,4
2024-04-30,460.6943054199219,478.1510199424452,460.0680060511232,473.6675368035892,270100,-0.02910055445216231,-3.0,0.017275014922446763,-0.02342664203245326,1,4
2024-05-01,452.4729309082031,462.6626433195008,449.11280625409177,461.131692667433,600300,-0.01784561783160088,-2.0,0.01826127806839922,-0.04283707428814332,2,5
2024-05-02,453.1091613769531,455.7137463132276,443.00891641190486,455.7137463132276,305100,0.0014061183007632039,0.0,0.01845302384507914,-0.0480423389267608,3,5
2024-05-03,456.0318908691406,467.67300746807166,455.7932818513314,460.5650678124432,235000,0.0064503871060686,1.0,0.018362281431341505,-0.05302197195933733,4,5
2024-05-06,467.3548889160156,468.6174385695367,460.9328932122722,460.9328932122722,186500,0.02482939959592456,2.0,0.017158426880416352,-0.015579639398493272,0,5
2024-05-07,468.4285278320313,473.6873914895383,464.6409397565209,466.3706957896601,247900,0.0022972668981935396,0.0,0.016674871569864413,-0.02107275236056183,1,5
2024-05-08,477.8328857421875,478.3796386490967,464.8993974917012,468.6869856293098,222900,0.02007639874898559,2.0,0.016526897701366693,-0.0279725664684084,2,5
2024-05-09,485.82562255859375,485.91508956451065,475.7949422716157,477.53464928663686,188000,0.016727054698195687,2.0,0.01711047659641293,-0.00201405716164349,3,5
2024-05-10,491.6014099121094,492.6352710158757,485.5273318216001,487.4857459254627,257500,0.011888601764348028,1.0,0.016002548552340425,0.046153201135214594,4,5
2024-05-13,482.6245422363281,492.98323748293046,481.48128197053495,492.72478736605615,167700,-0.01826045958124123,-2.0,0.016051321628474696,0.0635538454672051,0,5
2024-05-14,493.9276428222656,494.0270607117102,483.1911478619449,483.439677416516,247600,0.02342007004774871,2.0,0.016514249261156362,0.030393083524067332,1,5
2024-05-15,500.359619140625,503.43144098015887,495.8363627712799,497.0591391753609,195800,0.013022102350068065,1.0,0.01643486494467857,0.07547941999539898,2,5
2024-05-16,488.2711181640625,500.15081292349856,487.9629439368573,500.15081292349856,233500,-0.024159625425658193,-2.0,0.016502969293000037,0.09182418282582416,3,5
2024-05-17,486.978759765625,491.969252882904,481.9982478772853,490.96518372493375,241600,-0.0026468049212020617,-0.0,0.017492654580940504,0.0727530754122172,4,5
2024-05-20,488.0325622558594,495.0112617010687,484.85137160579154,487.018542187883,281500,0.0021639598629343837,0.0,0.01754072758532978,0.06807075965770748,0,5
2024-05-21,490.4482421875,491.3528934309259,480.9643456365209,487.8734795737868,246700,0.004949833512080559,0.0,0.0174795473233492,0.07387073301627267,1,5
2024-05-22,495.5083312988281,496.14455123941593,487.3366776029076,487.3366776029076,279900,0.010317274436052903,1.0,0.017480518860466747,0.07415789665404438,2,5
2024-05-23,488.92724609375,501.2741777971425,486.3127102362875,500.96600356599714,212800,-0.013281482448191717,-1.0,0.01572767078059782,0.045692990171457115,3,5
2024-05-24,500.45904541015625,500.5882553045148,485.1893726233821,490.5675562398214,173800,0.023585920826746154,2.0,0.015422883142732538,0.0512342900486471,4,5
2024-05-28,499.9718933105469,510.75811292547866,496.27377213957215,501.38355460005056,317700,-0.0009734105199560306,-0.0,0.015823454261931606,0.058717241358829275,1,5
2024-05-29,483.9466857910156,495.5480587081956,481.1333445914726,494.8024700469858,320300,-0.03205221680247039,-3.0,0.015844518502764145,0.05411754032705596,2,5
2024-05-30,491.154052734375,493.0130489796463,482.9525772960037,484.7221065406988,193200,0.014892894517045452,1.0,0.017562612198791575,0.019903140502097294,3,5
2024-05-31,499.6438293457031,500.6876413538095,482.7636908488609,494.7825766301616,941200,0.0172853640605497,2.0,0.01636476666591746,0.06611704758687886,4,5
2024-06-03,493.3908386230469,508.13362963016993,480.5766698344932,501.5923143915449,285700,-0.01251489632293612,-1.0,0.015896749875131087,0.10425131585842862,0,6
2024-06-04,484.3244934082031,495.0013141627471,481.6900860003787,491.8897190527557,256400,-0.0183755848409064,-2.0,0.01633202627908576,0.08890060206172357,1,6
2024-06-05,496.6515502929688,498.05326071519215,486.1636145229217,486.1636145229217,174900,0.025452061691160655,3.0,0.017043348051333826,0.06204084211115202,2,6
2024-06-06,488.6588134765625,497.72519739729086,485.298719276759,495.4586090016291,164200,-0.01609324849925764,-2.0,0.017083701026808607,0.06268611299841953,3,6
2024-06-07,494.1065673828125,495.8760965640371,484.66244448949584,486.7600496658129,258900,0.011148379515539597,1.0,0.01758754687165815,0.043187561052612455,4,6
2024-06-10,503.9781799316406,505.9863182146317,490.8955801105238,490.8955801105238,326700,0.019978711477396827,2.0,0.01723729718384546,0.03405726588982705,0,6
2024-06-11,502.377685546875,503.8589120955879,497.9737487890456,502.1589783088431,210700,-0.0031757215857692866,-0.0,0.017392580709093657,0.0373643474739902,1,6
2024-06-12,530.0240478515625,534.020422545313,511.87149997253886,513.1141477577935,458900,0.055031031632291505,6.0,0.017269920114054337,0.021920758194514223,2,6
2024-06-13,536.8238525390625,538.0864021271467,521.5442599607011,529.8451230396827,308200,0.012829238060165116,1.0,0.020287790259180278,0.09821196699944057,3,6
2024-06-14,530.8591918945312,532.8374776767379,518.7707396155705,530.2328924882028,491500,-0.01111102015366805,-1.0,0.01992668973195131,0.08684715330304482,4,6
2024-06-17,538.2354736328125,540.0646778685466,526.8130649093771,527.8370358080485,274400,0.013894987316611651,1.0,0.020085377061081638,0.06095530411964445,0,6
2024-06-18,547.1825561523438,548.0375439705662,534.8952690104134,536.3665446201115,375600,0.01662298930084094,2.0,0.019208897403229407,0.1023291233293091,1,6
2024-06-20,540.3529663085938,547.8188041247978,537.8179768891731,546.7650411997139,322900,-0.012481373477572166,-1.0,0.019294239474110825,0.12362715042375538,3,6
2024-06-21,539.8062133789062,540.3529662848493,517.021039925056,540.3529662848493,436600,-0.0010118440422797192,-0.0,0.019690631307223757,0.10720678925785387,4,6
2024-06-24,544.100830078125,547.4013100839707,537.4700780693223,540.6810607315036,246800,0.007955848956122002,1.0,0.019734987208641752,0.10063849137527647,0,6
2024-06-25,533.761962890625,545.8405241042876,524.9640404987617,545.1744818547705,312500,-0.019001748602396895,-2.0,0.019708451011834285,0.09806595713925947,1,6
2024-06-26,531.1275634765625,531.793605697974,524.5762976764318,526.9622056868488,212400,-0.004935532310687218,-0.0,0.020005931848685002,0.09170018066098562,2,6
2024-06-27,539.4979858398438,540.6610870959139,532.0023567684977,536.108069617016,240100,0.015759721277675,2.0,0.019600595343762947,0.061280774815992256,3,6
2024-06-28,532.9627685546875,551.3930118875736,530.8209118936045,541.1218895218252,1252000,-0.012113515632468541,-1.0,0.019769641496018505,0.07905662909884037,4,6
2024-07-01,521.7451782226562,537.923993081656,518.5672651381327,536.2602463761086,282000,-0.021047605937749903,-2.0,0.018391759067515657,0.10128405504741633,0,7
2024-07-02,533.9789428710938,536.1407435808205,521.805049143537,521.805049143537,285000,0.0234477771124062,2.0,0.019062063412386403,0.06228417605020864,1,7
2024-07-03,544.9971923828125,545.6746210026997,533.3512695627433,535.8020155033731,168600,0.020634239718285263,2.0,0.019337571542830684,0.06871917856036247,2,7
2024-07-05,542.4966430664062,545.2860728935353,535.1245828664945,545.106758919471,174800,-0.004588187519780518,-0.0,0.019331121200588868,0.1045952817117326,4,7
2024-07-08,541.1318359375,550.9247872001567,540.8529233458896,545.9137245230709,173000,-0.002515789076945829,-0.0,0.01872484846633465,0.12010986528648249,0,7
2024-07-09,533.59033203125,541.9686540436526,533.2317040957746,539.7470214769412,226200,-0.013936537097626989,-1.0,0.01822887101690601,0.08956034793064238,1,7
2024-07-10,542.6062622070312,545.4455523960947,524.2956223170215,536.6886573137912,319200,0.016896727010513368,2.0,0.01811424895294452,0.0919486507058418,2,7
2024-07-11,555.4077758789062,562.0825239786456,547.9460285657453,550.5760275596512,325400,0.023592639015637795,2.0,0.01826489879083812,0.09815634526193873,3,7
2024-07-12,555.0889892578125,570.0523723474273,554.3916166079686,562.8795094440496,277500,-0.0005739685955770124,-0.0,0.01843304228486089,0.10204726711430534,4,7
2024-07-15,562.3117065429688,570.3313407891865,558.5160750855407,560.0801624888924,307000,0.013011818690213062,1.0,0.018385455287196775,0.10492365649871038,0,7
2024-07-16,576.119384765625,581.2200738529176,564.4037186165274,567.990180534318,264700,0.024555203212012655,2.0,0.014544581208575984,0.06091734671715998,1,7
2024-07-17,549.4005126953125,572.9813039110186,549.3706574350384,569.6538713082051,369700,-0.046377318272639245,-5.0,0.015156233758189254,0.07320004884414688,2,7
2024-07-18,548.3246459960938,562.3316279038963,540.9824407192556,548.9921026198938,423500,-0.001958255724845648,-0.0,0.01844962579442769,0.03492700340105426,3,7
2024-07-19,553.6644287109375,557.6194300113582,545.7743093495222,551.5026280647002,344700,0.009738359845458788,1.0,0.0182532523384867,0.018744904149822217,4,7
2024-07-22,558.4463500976562,563.1983837938221,549.3905980963808,559.4625235433815,198800,0.00863685860739194,1.0,0.01801979710204705,0.011845904964830511,0,7
2024-07-23,567.063720703125,568.6476912922805,556.2545959537049,556.2545959537049,323200,0.015430973098779832,2.0,0.01783474764941834,0.03348437950228522,1,7
2024-07-24,539.1094970703125,557.5197946345864,529.993974872217,532.9926347220061,818100,-0.049296441673522984,-5.0,0.018068122676815228,0.05049498625367965,2,7
2024-07-25,543.6722412109375,552.7578483108723,532.9030040231302,541.2115838236708,353900,0.00846348314288714,1.0,0.021244726906700817,-0.009173544188667782,3,7
2024-07-26,570.64013671875,574.8143399606679,553.4352978790886,553.5647517488032,476900,0.04960322316207666,5.0,0.02087288930939959,0.018566850036751736,4,7
2024-07-29,567.4522094726562,572.722301612538,560.598146728151,572.5628708668442,211600,-0.0055865808255702865,-1.0,0.023333959888880058,0.0743937538913495,0,7
2024-07-30,571.8655395507812,576.517913399377,566.2965909581063,572.0448535298373,272900,0.0077774480466406,1.0,0.02324639195717949,0.051815251152969255,1,7
2024-07-31,581.2998046875,592.4077858600028,576.2987140738873,584.0394353008516,364700,0.016497348562268144,2.0,0.023018132182003638,0.07299341209441712,2,7
2024-08-01,562.7301025390625,587.177609985281,554.0928110003326,582.1565750881529,274100,-0.03194513742942051,-3.0,0.022458070727762295,0.11414504426800587,3,8
2024-08-02,535.9315185546875,547.0394384026611,526.6466544863623,547.0394384026611,274500,-0.04762244611308086,-5.0,0.02346316524148474,0.05384324616506353,4,8
2024-08-05,533.082275390625,538.5516253369938,502.5080260703664,513.0580907344499,323800,-0.005316431419720158,-1.0,0.025503038726640212,-0.016634349598184994,0,8
2024-08-06,542.4269409179688,552.9172652350596,528.9878166189528,534.0885060631083,173000,0.01752949958896366,2.0,0.025509390633843193,-0.01735378051847014,1,8
2024-08-07,541.2015991210938,559.6118982125141,540.1356264106686,551.4229220702963,253400,-0.0022589987783447896,-0.0,0.025804318146187385,0.0023933261627917535,2,8
2024-08-08,555.338134765625,558.7751384531614,542.905210962035,547.9261853892497,220200,0.026120646479036447,3.0,0.025604194821528987,0.014264252241732889,3,8
2024-08-09,560.6080932617188,563.7960391755008,551.0642603689417,555.1388041459074,150100,0.009489639133674732,1.0,0.025967251284533657,0.02346429343960632,4,8
2024-08-12,557.0914916992188,564.9318121995631,552.4191733889169,560.189750534777,125200,-0.006272834097060143,-1.0,0.025544330074924952,0.009363061895529379,0,8
2024-08-13,571.3275756835938,572.1644351144757,560.219654613118,562.8596259791432,148800,0.025554301576124594,3.0,0.02558942011951597,0.0036075340713994652,1,8
2024-08-14,574.9238891601562,578.8789509928041,570.0523742267064,574.0870906215922,199000,0.006294661118465106,1.0,0.026038801933303962,0.016033578948682292,2,8
2024-08-15,582.794189453125,591.6207671993309,575.5217271132602,585.1253929651446,251400,0.013689290776324414,1.0,0.025515443113075565,-0.0020750831113851564,3,8
2024-08-16,567.1433715820312,584.1091862043758,566.0773989057202,581.3396394893784,259600,-0.026854793946693212,-3.0,0.02330207513148142,0.06078202692965462,4,8
2024-08-19,575.9600219726562,580.8415090586111,567.711214184006,568.7074434837941,239400,0.015545717066270504,2.0,0.024187457261962156,0.034320408034461236,0,8
2024-08-20,570.6998901367188,577.7034111540269,569.7734042039116,575.4120959734814,161900,-0.009132807200613713,-1.0,0.02431455076530749,0.040269145181727195,1,8
2024-08-21,578.8889770507812,581.4592050355841,571.6961694092795,575.8205735779375,183700,0.01434920008851015,1.0,0.024387180286834755,0.021942197378351125,2,8
2024-08-22,571.77587890625,580.1043417276248,566.396216062866,580.1043417276248,192600,-0.01228749972191523,-1.0,0.024357006137527743,0.020853487740308374,3,8
2024-08-23,581.8975219726562,587.7752992875365,572.2540294436589,576.8865201075062,195200,0.017702116230869924,2.0,0.02171064465395806,0.06059322273760093,4,8
2024-08-26,576.5677490234375,587.5362441375497,576.3186916804468,584.4280133614272,153200,-0.009159298240608793,-1.0,0.021918849864247858,0.07030942149368968,0,8
2024-08-27,575.9799194335938,582.2661240382776,565.0712569755622,569.0660854901449,131500,-0.0010195325542217137,-0.0,0.01933332023272548,0.010387654010410197,1,8
2024-08-28,573.3897705078125,582.6846075025167,571.7260844947675,575.8903159411104,188800,-0.004496943102336504,-0.0,0.01928502422263468,0.015028067242636167,2,8
2024-08-29,572.7122802734375,584.0394020639922,568.0001353442382,576.5178833327412,144900,-0.0011815527050211827,-0.0,0.019251804457086904,0.0026653659848583366,3,8
2024-08-30,587.964599609375,589.0604275669657,574.7944160487115,577.6237341429659,262100,0.026631730907979545,3.0,0.01889149985194857,-0.014772969722016471,4,8
2024-09-03,559.8310546875,587.6657031348091,555.138792900375,586.7989885277301,235800,-0.047849045572753934,-5.0,0.018338525241744414,0.04484298415253307,1,9
2024-09-04,553.7142333984375,557.9183528801731,550.9148313530574,556.7228654974276,191500,-0.010926191460523649,-1.0,0.01836937990226036,0.04459438436699026,2,9
2024-09-05,554.1127319335938,554.7303892475555,540.0360067784416,551.8512719197262,349500,0.0007196826650281984,0.0,0.0185249191107666,0.038703140134783265,3,9
2024-09-06,552.4988403320312,564.9815619800369,547.0992336868973,557.6393568224962,220200,-0.0029125690650181335,-0.0,0.01817913349892375,0.021543529891506985,4,9
2024-09-09,552.9769897460938,560.2594232980139,547.1689560603049,557.1013935286611,261700,0.0008654306202255935,0.0,0.01818586310575272,0.02087436775738305,0,9
2024-09-10,556.0653076171875,560.2395109384585,552.3493916771226,558.1474536692828,194600,0.005584893998051843,1.0,0.01726316324553732,-0.004251724979282612,1,9
2024-09-11,565.0313720703125,566.0973447500133,542.6261841674298,555.8959661396223,182000,0.016124121268319636,2.0,0.017175975245292442,-0.008103317984762826,2,9
2024-09-12,574.6947631835938,575.3523085400852,561.9828682115099,566.9640144667147,148200,0.017102397479053177,2.0,0.017475744012150192,0.014252381322277685,3,9
2024-09-13,589.0006713867188,589.0505314992664,577.7333196361998,584.7966126287339,278200,0.024893054747664012,2.0,0.016967584611223045,0.005893619778410297,4,9
2024-09-16,601.2244262695312,603.8743696460236,587.3669024530517,590.7142185512575,287700,0.020753380219471484,2.0,0.017756661806435106,0.02448460133936292,0,9
2024-09-17,606.2852783203125,612.9699383818834,600.3079021860829,603.5157315250459,168400,0.0084175755835183,1.0,0.01806721504451549,0.031623919987432636,1,9
2024-09-18,600.1384887695312,616.94493364274,600.1384887695312,610.0609548661328,217600,-0.010138444343907982,-1.0,0.016886657558251687,0.06901589386312668,2,9
2024-09-19,614.1454467773438,624.7254578734926,607.2814731189391,619.8538820081069,207800,0.023339542905390198,2.0,0.01688703930732469,0.04197941849169329,3,9
2024-09-20,610.2302856445312,616.7655475500478,608.1182843510114,610.678600999432,443100,-0.006374973800354344,-1.0,0.01728924314230597,0.07612680042783437,4,9
2024-09-23,615.4506225585938,618.5389093496917,610.7483882129355,613.5378183476396,176200,0.008554699818853928,1.0,0.01723899872227066,0.05414044805866225,0,9
2024-09-24,618.4890747070312,618.5189299684567,610.4893239653144,617.3733027168934,227500,0.0049369551952125335,0.0,0.016932865758729716,0.07638437587799118,1,9
2024-09-25,616.44677734375,620.0431504179708,612.8503434645199,620.0431504179708,133000,-0.003302075083943312,-0.0,0.01662956617636942,0.0628831561446217,2,9
2024-09-26,613.468017578125,620.2722807094505,611.9736736309972,620.0431674284944,139700,-0.0048321442744179155,-0.0,0.01646299015262672,0.06916624869819321,3,9
2024-09-27,602.5892333984375,612.4220120770361,599.9791174033999,606.743492702751,233900,-0.017733254005050214,-2.0,0.016534109280737088,0.06508577274950178,4,9
2024-09-30,603.1581420898438,604.8449791544157,593.5362441225802,602.7589278428813,247400,0.0009441069635409693,0.0,0.017082921234040677,0.05092428290927664,0,9
2024-10-01,595.5125122070312,602.1500810732406,590.1026809673498,601.9304614561298,296900,-0.012675995479927815,-1.0,0.017066254277058043,0.05316083287383,1,10
2024-10-02,590.9810180664062,597.2791967420025,588.2560900416755,590.0227942540923,269800,-0.007609402065845483,-1.0,0.016444058334499224,0.012837358920368303,2,10
2024-10-03,588.256103515625,593.4463760064137,584.2735866046089,589.3939828961543,297100,-0.004610832611336213,-0.0,0.01232890776421217,0.0556417210479585,3,10
2024-10-04,592.9373168945312,593.7258761935576,582.4769656986091,593.7258761935576,257100,0.007957781229858352,1.0,0.012055078243118463,0.06238212426866063,4,10
2024-10-07,592.8275146484375,593.4563394916185,582.2074294311963,585.8905202608989,223500,-0.0001851835648813971,-0.0,0.012091403434463004,0.07006622068664248,0,10
2024-10-08,606.7813110351562,609.1568580210438,595.7819936055777,599.6746521109185,200900,0.023537700329232747,2.0,0.012035865363771887,0.07299322889468907,1,10
2024-10-09,613.6484375,616.0638876644105,607.2703916599337,611.572316383378,162000,0.01131730054956459,1.0,0.012787778633169006,0.09729938548395545,2,10
2024-10-10,594.7938232421875,606.6815497175478,592.1688053257977,606.6815497175478,279300,-0.030725433498414945,-3.0,0.012872798943418058,0.10355461686607237,3,10
2024-10-11,602.9086303710938,606.0727369249781,595.35280142969,595.35280142969,193700,0.01364305884125172,1.0,0.014733922858147085,0.05267397996472911,4,10
2024-10-14,605.5037841796875,608.4382800269499,602.6491555510878,604.944835490725,136200,0.0043043898824211,0.0,0.0145816477123286,0.049093656311057554,0,10
2024-10-15,593.9853515625,601.5511712578,591.6697505397339,599.4451379150737,281500,-0.019022891215770388,-2.0,0.013655436828456467,0.028018835282673793,1,10
2024-10-16,599.4151611328125,601.0122008706194,593.2966378054468,594.3846230306038,208200,0.00914131898375814,1.0,0.013596083186027424,-0.012040553228930051,2,10
2024-10-17,602.4195556640625,605.1943780443605,597.9579570901733,603.7869848189797,183500,0.00501220977723027,1.0,0.013620682399706529,-0.011331492670469179,3,10
2024-10-18,601.9204711914062,604.9947193889417,600.5131389358672,604.455752744002,158500,-0.0008284665860590623,-0.0,0.013482618174463314,0.003800900854081357,4,10
2024-10-21,601.8805541992188,606.012814477888,598.4469949840326,602.5891853589044,202500,-6.631605685136766e-05,-0.0,0.012402996550777746,-0.019905668356065553,0,10
2024-10-22,593.2567138671875,599.5449015047939,591.3203451360303,596.7002640489922,291100,-0.01432815908715468,-1.0,0.012339573234251198,-0.013682918795964727,1,10
2024-10-23,608.5979614257812,626.2848039570916,583.1756953849105,594.3846423616463,817500,0.025859374533818036,3.0,0.012501599510380068,-0.03606123363583613,2,10
2024-10-24,619.4974365234375,624.4980622139221,602.7289162036236,612.8199648930548,393400,0.017909154792634663,2.0,0.01381897163517331,-0.015992381572682235,3,10
2024-10-25,608.0390014648438,620.8349969766967,603.277916157348,620.8349969766967,225000,-0.01849633974742082,-2.0,0.01438120410276527,0.0049487795083180686,4,10
2024-10-28,611.4925537109375,622.2124281857009,608.1288705186391,613.5786050723799,219900,0.005679820271024871,1.0,0.014925439555541911,-0.008849713363565659,0,10
2024-10-29,609.6559448242188,609.8156792560645,600.9822189649838,609.4463771485705,215500,-0.00300348528460892,-0.0,0.014425506812118818,0.014775106853947229,1,10
2024-10-30,599.365234375,607.3602408840111,597.0994667343896,606.4918753228889,227300,-0.01687953760901295,-2.0,0.01444920846617301,0.01077296695666119,2,10
2024-10-31,601.44140625,607.1407334704219,595.9118044861224,595.9118044861224,202300,0.003463951120162845,0.0,0.014669896352526243,0.006469590628230826,3,10
2024-11-01,602.3396606445312,611.7120876274299,600.5530352780773,604.675304587808,157800,0.0014935027505535992,0.0,0.01456588159677707,0.017700040887638657,4,11
2024-11-04,603.5274047851562,611.831828182104,601.07205151816,602.3197101849942,147200,0.0019718843340883474,0.0,0.01451043340864244,0.023941200175804367,0,11
2024-11-05,624.4481811523438,626.2747705391113,604.6752885967292,605.014678566835,229900,0.034664169681963175,3.0,0.014430191100148768,0.01786038353276509,1,11
2024-11-06,603.6472778320312,623.8792707471426,595.6921739430325,623.8293765811836,518200,-0.03331085580540394,-3.0,0.016190487350960965,0.05333872960106811,2,11
2024-11-07,621.0745239257812,621.3340466885994,603.3877430355385,603.3877430355385,268500,0.02886991581630105,3.0,0.017233981277133787,-0.005165012742034514,3,11
2024-11-08,629.7682495117188,635.0583104836428,616.1637734838009,624.3783392862335,277000,0.013997878275516573,1.0,0.01821345896580979,0.012101532362789102,4,11
2024-11-11,629.2791748046875,652.6053980860919,628.3908271474,635.577353782424,207400,-0.0007765947353021163,-0.0,0.016920190687302557,0.05880092378714963,0,11
2024-11-12,614.9260864257812,630.8961180935632,613.7981980655773,630.8961180935632,238700,-0.02280877701595807,-2.0,0.016752501728281344,0.04373887369527707,1,11
2024-11-13,618.1799926757812,628.680247114499,614.9260889627126,623.3901862868888,303100,0.005291540433604247,1.0,0.01760329991725998,0.015561095557575566,2,11
2024-11-14,616.7026977539062,618.1799670542113,609.6858970305847,618.0302236445799,284800,-0.002389748842372863,-0.0,0.017018467881704163,0.04073272354214863,3,11
2024-11-15,609.0072021484375,615.8443476035787,606.9809751339317,613.2492418199371,194300,-0.01247845296201322,-1.0,0.01696385128909454,0.028840672945980694,4,11
2024-11-18,619.0383911132812,620.4657054439748,607.3303197212314,608.9473415437418,190500,0.016471379861282553,2.0,0.01720994981982783,0.010935313142537817,0,11
2024-11-19,622.4220581054688,625.4663333464777,611.722104722405,614.7264768139299,157600,0.00546600508266093,1.0,0.017545971171821773,0.028438839915168268,1,11
2024-11-20,624.1787109375,624.4881278785266,613.9179967956854,624.4881278785266,142000,0.0028222856326431955,0.0,0.017563076555475073,0.03412887119036401,2,11
2024-11-21,649.3814086914062,656.3682977652122,629.8980108717628,630.4169954910757,268500,0.04037737480032355,4.0,0.01717266051065382,0.05212245617709943,3,11
2024-11-22,656.4581298828125,657.4562568536437,647.7844040694558,648.2834675548714,236900,0.010897634420527824,1.0,0.01840541044924938,0.0670121325580526,4,11
2024-11-25,677.1593017578125,681.2216860090557,662.1075293519682,662.1075293519682,549400,0.0315346416361626,3.0,0.018188587021040644,0.05966238305487592,0,11
2024-11-26,665.0120849609375,668.0164568887908,654.2123438320913,666.0401240614834,428500,-0.01793849211750098,-2.0,0.018516776111892414,0.11367741234764406,1,11
2024-11-27,658.8037109375,667.19799296758,655.7494448109446,665.0819686404677,237400,-0.009335731130062364,-1.0,0.019197477420184142,0.08752278490589682,2,11
2024-11-29,665.8804321289062,672.6976562050919,663.3352206092959,663.3352206092959,110400,0.010741774938298088,1.0,0.019364916102744906,0.08061557757376092,4,11
2024-12-02,666.2098388671875,669.902859861533,662.4468807547042,669.4636815647953,158200,0.0004946935251244344,0.0,0.01881488072385585,0.11097606924643588,0,12
2024-12-03,662.7164306640625,668.7750689177021,658.6939495767801,668.7750689177021,158600,-0.005243705510361574,-1.0,0.018839654371536237,0.10768868246205399,1,12
2024-12-04,664.2835083007812,669.5835603675796,657.3065492213657,666.1100368938311,255800,0.0023646277113553715,0.0,0.018960229004433317,0.10023708210567661,2,12
2024-12-05,650.1100463867188,665.1218538521545,648.8523966766099,664.8324189668257,233000,-0.021336465134168092,-2.0,0.01895756647766567,0.10066834253740797,3,12
2024-12-06,659.8817138671875,663.0058562342881,648.9522110909758,654.9110609282133,242300,0.01503078984054973,2.0,0.01847145221085453,0.04109526780431816,4,12
2024-12-09,637.593505859375,655.7794109494241,632.2735329670652,655.7794109494241,352100,-0.03377606552725054,-3.0,0.016774500246400995,0.0931577729251416,0,12
2024-12-10,645.2891235351562,647.8144141577374,629.1294445166766,637.5935422185713,242200,0.012069786792148651,1.0,0.017744517004238194,0.026597423171019985,1,12
2024-12-11,656.24853515625,657.1668558798107,648.3633682322335,650.9983772713849,240100,0.016983722832725867,2.0,0.017680949737712327,0.02464537396966482,2,12
2024-12-12,660.7600708007812,660.7900438526381,649.5710452534539,655.609762310886,324900,0.006874736327536546,1.0,0.017998144678845283,0.04285754468187042,3,12
2024-12-13,663.25537109375,676.9696259044722,656.3782616543357,660.7600536705229,261300,0.0037764090223320057,0.0,0.0170819174329034,0.07453576191800071,4,12
2024-12-16,666.77880859375,676.8598669184867,659.4525296136167,662.7563275445126,331500,0.005312339188734638,1.0,0.01707747167059657,0.07291626864671041,0,12
2024-12-17,656.3583374023438,667.11811440101,652.765043777579,662.5766488966216,312700,-0.01562807794294363,-2.0,0.01702738883571547,0.08119975966089665,1,12
2024-12-18,637.1244506835938,668.2460440504541,636.5156078186044,662.3970342978398,456500,-0.02930394210405185,-3.0,0.0171915996135892,0.0777513551348199,2,12
2024-12-19,618.7189331054688,664.223506233281,615.7245522822523,658.7637811076165,767000,-0.02888841820209076,-3.0,0.018355552309802257,0.029216377901516655,3,12
2024-12-20,627.103271484375,636.0664326023897,611.3627889315762,618.8087774890787,7306000,0.013551126255056722,1.0,0.019483699064286788,-0.005949540109924101,4,12
2024-12-23,623.8892211914062,634.0901101727077,620.3159096968963,631.2154997186977,301300,-0.005125232858953166,-1.0,0.019703672694827545,0.004685453854205379,0,12
2024-12-24,629.9478759765625,630.4669214927682,624.3284162927785,625.7357485075515,97300,0.009711106682667836,1.0,0.017462997193774622,-0.039256109212258306,1,12
2024-12-26,628.460693359375,633.2816028638623,624.1786895777968,626.8537235245459,156700,-0.002360802653524341,-0.0,0.01742186956676452,-0.0403837696563869,3,12
2024-12-27,618.8687133789062,628.0115298985673,613.5187063562438,625.6160007289669,216100,-0.015262656967766408,-2.0,0.01565849749165152,-0.07191602961374466,4,12
2024-12-30,612.8399658203125,617.2616609671238,602.4195178633139,611.7020864586044,332200,-0.009741561381699126,-1.0,0.015545006077915162,-0.0693872677287386,0,12
2024-12-31,609.2999877929688,620.3400268554688,608.280029296875,618.280029296875,191300,-0.005776349821776661,-1.0,0.015553131786388114,-0.06976849758751291,1,12
