Date,Close,High,Low,Open,Volume,Daily Return,Daily Return(%),Monthly Volatility,Monthly Momentum,Day of week,Month_Number
2010-02-04,16.270000457763672,16.920000076293945,16.239999771118164,16.8799991607666,1846100,-0.04124919763785484,-4.0,0.02036143521821989,0.017996354870277953,3,2
2010-02-05,16.399999618530273,16.40999984741211,15.890000343322754,16.260000228881836,1773100,0.007990114143147986,1.0,0.022312987559955953,-0.01691835602444447,4,2
2010-02-08,16.25,16.43000030517578,16.110000610351562,16.389999389648438,1035900,-0.009146318415812038,-1.0,0.022377505482882854,-0.00545786257350489,0,2
2010-02-09,16.469999313354492,16.530000686645508,16.1299991607666,16.450000762939453,1018500,0.01353841928335342,1.0,0.02244670335233743,-0.018126842954092504,1,2
2010-02-10,16.350000381469727,16.510000228881836,16.25,16.3700008392334,624100,-0.00728590995067413,-1.0,0.0226171075688098,-0.010810829387374543,2,2
2010-02-11,16.559999465942383,16.610000610351562,16.110000610351562,16.270000457763672,574500,0.012843980402022392,1.0,0.022658531478930904,-0.02037148841871428,3,2
2010-02-12,16.6200008392334,16.690000534057617,16.290000915527344,16.5,1220100,0.0036232714508486197,0.0,0.02259745833345088,0.007299204865363063,4,2
2010-02-16,16.959999084472656,16.969999313354492,16.600000381469727,16.690000534057617,891600,0.02045717377081324,2.0,0.02248579092024487,0.0,1,2
2010-02-17,17.329999923706055,17.469999313354492,16.920000076293945,16.959999084472656,1492000,0.021816088396616973,2.0,0.02197946295986629,-0.00876689190695612,2,2
2010-02-18,17.3700008392334,17.469999313354492,17.299999237060547,17.329999923706055,983900,0.0023081890192409027,0.0,0.02084038470008714,0.05093997357471958,3,2
2010-02-19,17.360000610351562,17.540000915527344,17.280000686645508,17.389999389648438,660300,-0.0005757183879490091,-0.0,0.0206400274774485,0.03763447292288413,4,2
2010-02-22,17.209999084472656,17.3799991607666,17.09000015258789,17.360000610351562,757600,-0.00864064058785008,-1.0,0.02042536827417777,0.048942683421832056,0,2
2010-02-23,17.209999084472656,17.31999969482422,16.93000030517578,17.170000076293945,914500,0.0,0.0,0.020293779280210453,0.05324350818607404,1,2
2010-02-24,17.56999969482422,17.600000381469727,17.200000762939453,17.280000686645508,1135900,0.02091810746674394,2.0,0.019291559945023528,0.0803514598101418,2,2
2010-02-25,17.639999389648438,17.649999618530273,17.139999389648438,17.290000915527344,1291700,0.00398404644507977,0.0,0.019599502120460025,0.09130430301395442,3,2
2010-02-26,17.40999984741211,17.6299991607666,17.350000381469727,17.6299991607666,791600,-0.013038523253651402,-1.0,0.018575891745981832,0.12142402434810018,4,2
2010-03-01,17.90999984741211,17.940000534057617,17.43000030517578,17.459999084472656,1098600,0.028719127190246496,3.0,0.014389300316170582,0.04501800761519825,0,3
2010-03-02,18.290000915527344,18.38999938964844,17.829999923706055,17.8799991607666,1565000,0.021217256915283755,2.0,0.015492375568471028,0.07503001269199716,1,3
2010-03-03,18.200000762939453,18.549999237060547,18.170000076293945,18.3799991607666,1525400,-0.004920729802232238,-0.0,0.015787654288978912,0.10446868993824032,2,3
2010-03-04,17.989999771118164,18.25,17.969999313354492,18.25,892500,-0.01153851555044505,-1.0,0.015879557842713127,0.10036274217214469,3,3
2010-03-05,18.020000457763672,18.11000061035156,17.969999313354492,18.07999992370605,1697400,0.0016676312966759088,0.0,0.016068325911921522,0.07147104170084151,4,3
2010-03-08,18.18000030517578,18.26000022888184,17.90999984741211,17.979999542236328,558000,0.008879014614185277,1.0,0.015983778441529206,0.061873965049773716,0,3
2010-03-09,18.0,18.450000762939453,17.959999084472656,18.040000915527344,1261200,-0.009901006719154726,-1.0,0.012385528006311488,0.11739396396271773,1,3
2010-03-10,17.850000381469727,18.170000076293945,17.719999313354492,17.959999084472656,2263000,-0.008333312140570759,-1.0,0.012804688071109393,0.09756100113940813,2,3
2010-03-11,18.040000915527344,18.040000915527344,17.6299991607666,17.719999313354492,1315500,0.010644287394798058,1.0,0.012762461063468681,0.0984615619365985,3,3
2010-03-12,18.0,18.190000534057617,17.709999084472656,18.049999237060547,1164200,-0.0022173455375444906,-0.0,0.012675980935170684,0.09532493428216693,4,3
2010-03-15,17.90999984741211,18.059999465942383,17.75,18.059999465942383,571100,-0.005000008477105022,-1.0,0.012488797048145336,0.1009174055066262,0,3
2010-03-16,17.959999084472656,17.969999313354492,17.780000686645508,17.860000610351562,587900,0.002791693885344726,0.0,0.012511326868082902,0.08152176479511142,1,3
2010-03-17,17.93000030517578,18.040000915527344,17.860000610351562,17.959999084472656,634000,-0.0016703107364193226,-0.0,0.01251327250332598,0.08062564245340109,2,3
2010-03-18,17.889999389648438,18.059999465942383,17.81999969482422,17.8700008392334,779000,-0.0022309489596492593,-0.0,0.01195742507916355,0.05719347128922836,3,3
2010-03-19,17.81999969482422,18.059999465942383,17.549999237060547,18.010000228881836,1622400,-0.003912783522213137,-0.0,0.011162192818147162,0.032313875845801254,4,3
2010-03-22,17.860000610351562,18.0,17.610000610351562,17.690000534057617,1323200,0.002244720326171512,0.0,0.011224123046349515,0.02590666861537594,0,3
2010-03-23,18.36000061035156,18.3700008392334,17.790000915527344,17.81999969482422,1705000,0.027995519759960175,3.0,0.011217703293815924,0.028801842305342884,1,3
2010-03-24,18.049999237060547,18.350000381469727,18.020000457763672,18.299999237060547,860700,-0.016884605827095167,-2.0,0.012366116104944013,0.0668217075570019,2,3
2010-03-25,17.899999618530273,18.31999969482422,17.899999618530273,18.1200008392334,760900,-0.008310228524679997,-1.0,0.013108282945777091,0.048808843537113455,3,3
2010-03-26,17.729999542236328,17.979999542236328,17.59000015258789,17.899999618530273,868700,-0.009497211168538744,-1.0,0.012579552844228627,0.018782010781893455,4,3
2010-03-29,17.950000762939453,17.959999084472656,17.65999984741211,17.75,740200,0.012408416603679973,1.0,0.01276026838259614,0.005102049642966788,0,3
2010-03-30,18.13999938964844,18.280000686645508,17.8799991607666,18.0,1179700,0.010584881260911727,1.0,0.012636005201417307,0.031016709951758648,1,3
2010-03-31,18.049999237060547,18.25,18.020000457763672,18.149999618530277,792600,-0.004961419824482061,-0.0,0.01122606543683222,0.012841962266658902,2,3
2010-04-01,18.040000915527344,18.32999992370605,17.760000228881836,18.049999237060547,761400,-0.0005539236540617054,-0.0,0.010240229474879866,-0.013122015661740427,3,4
2010-04-05,18.68000030517578,18.690000534057617,18.020000457763672,18.06999969482422,999200,0.03547668276987603,4.0,0.010191882343710797,-0.008791200038733793,0,4
2010-04-06,19.270000457763672,19.3700008392334,18.600000381469727,18.600000381469727,2396000,0.03158459009363157,3.0,0.01251517819072375,0.03835467164181794,1,4
2010-04-07,19.309999465942383,19.559999465942383,19.18000030517578,19.209999084472656,2244700,0.0020757139194875762,0.0,0.014094382920290872,0.06936736782719977,2,4
2010-04-08,19.399999618530277,19.489999771118164,19.200000762939453,19.239999771118164,965100,0.004660805545159574,0.0,0.014037621274752238,0.0621561684157339,3,4
2010-04-09,19.540000915527344,19.59000015258789,19.25,19.399999618530277,840400,0.0072165618427817435,1.0,0.013726335164631879,0.07777775658501529,4,4
2010-04-12,19.43000030517578,19.649999618530277,19.309999465942383,19.540000915527344,2368200,-0.005629508966099928,-1.0,0.01346381961092123,0.09467789904430624,0,4
2010-04-13,19.350000381469727,19.530000686645508,19.32999992370605,19.34000015258789,1223400,-0.004117340321644014,-0.0,0.013554606810707354,0.07705096003914513,1,4
2010-04-14,19.420000076293945,19.489999771118164,19.290000915527344,19.459999084472656,1990500,0.0036175552167561076,0.0,0.0136018282240378,0.07500002119276261,2,4
2010-04-15,19.3799991607666,19.459999084472656,19.280000686645508,19.38999938964844,812600,-0.002059779370246928,-0.0,0.013460663008456416,0.0843104545922162,3,4
2010-04-16,19.26000022888184,19.5,19.1299991607666,19.3700008392334,1553100,-0.006191895618225418,-1.0,0.01352297248822905,0.0790645962516563,4,4
2010-04-19,19.239999771118164,19.3700008392334,18.950000762939453,19.200000762939453,1358700,-0.001038445354412998,-0.0,0.013648437253153047,0.07417735086831723,0,4
2010-04-20,19.86000061035156,19.86000061035156,18.5,19.290000915527344,1453000,0.03222457622707986,3.0,0.013625859582673417,0.075461175378847,1,4
2010-04-21,19.96999931335449,20.170000076293945,19.76000022888184,19.86000061035156,2986400,0.005538705922576659,1.0,0.014861171232073207,0.1144781678150002,2,4
2010-04-22,19.850000381469727,20.0,19.76000022888184,19.979999542236328,1942700,-0.006008960240900696,-1.0,0.014844925567814467,0.1181410207668181,3,4
2010-04-23,19.940000534057617,19.989999771118164,19.68000030517578,19.809999465942383,2440400,0.004534012637697815,0.0,0.014096766314678485,0.08115466893166068,4,4
2010-04-26,19.790000915527344,20.0,19.780000686645508,19.959999084472656,2116100,-0.007522548370752169,-1.0,0.013275038571318046,0.1047092175558928,0,4
2010-04-27,19.26000022888184,19.8700008392334,19.200000762939453,19.739999771118164,2580500,-0.026781236085222315,-3.0,0.013237095595161476,0.1055866668868819,1,4
2010-04-28,19.1200008392334,19.13999938964844,18.520000457763672,18.549999237060547,3029600,-0.007268919417690367,-1.0,0.014638459676490238,0.08629445719954765,2,4
2010-04-29,19.31999969482422,19.46999931335449,18.940000534057617,19.13999938964844,1381100,0.010460190732859864,1.0,0.014706326554735997,0.06518105997575163,3,4
2010-04-30,18.59000015258789,19.25,18.59000015258789,19.25,1627400,-0.037784655992095795,-4.0,0.014703183942300732,0.06504963312452716,4,4
2010-05-03,18.729999542236328,18.989999771118164,18.57999992370605,18.6299991607666,1619500,0.0075308977137877875,1.0,0.017145587943756604,0.02991694949319479,0,5
2010-05-04,18.059999465942383,18.540000915527344,17.889999389648438,18.5,2005400,-0.035771494536510184,-4.0,0.017186835794054122,0.03824825896295225,1,5
2010-05-05,18.0,18.170000076293945,17.75,17.809999465942383,1782000,-0.003322229663158649,-0.0,0.017265503702316255,-0.033190622543063375,2,5
2010-05-06,17.149999618530273,18.1299991607666,16.200000762939453,17.84000015258789,2492000,-0.04722224341498482,-5.0,0.01551646796846645,-0.06590557486219484,3,5
2010-05-07,16.639999389648438,17.170000076293945,16.079999923706055,17.079999923706055,3350400,-0.029737623336783647,-3.0,0.018189208310391582,-0.11185913553347138,4,5
2010-05-10,17.420000076293945,17.489999771118164,17.1200008392334,17.200000762939453,1874300,0.046875042984120485,5.0,0.0187705472905311,-0.14226805583261837,0,5
2010-05-11,17.469999313354492,17.68000030517578,17.149999618530273,17.219999313354492,1858100,0.0028702202549693023,0.0,0.022001136882183567,-0.10849543192952216,1,5
2010-05-12,18.06999969482422,18.1299991607666,17.420000076293945,17.469999313354492,1819000,0.034344613912552946,3.0,0.022071349575519338,-0.10087498512798176,2,5
2010-05-13,18.46999931335449,18.63999938964844,17.8700008392334,17.969999313354492,2093500,0.022136116507231574,2.0,0.023670295986537204,-0.06614990498249729,3,5
2010-05-14,17.969999313354492,18.40999984741211,17.780000686645508,18.290000915527344,1980100,-0.027070926832058806,-3.0,0.024266083521456788,-0.048918679670816534,4,5
2010-05-17,17.799999237060547,18.38999938964844,17.520000457763672,18.1200008392334,2426100,-0.009460216070659944,-1.0,0.024870047703937515,-0.07275541323379164,0,5
2010-05-18,17.68000030517578,18.200000762939453,17.579999923706055,18.059999465942383,1128600,-0.00674151331618722,-1.0,0.024899288146978463,-0.07580482733493998,1,5
2010-05-19,17.520000457763672,17.860000610351562,17.40999984741211,17.700000762939453,1253400,-0.009049764968910634,-1.0,0.024902757894086802,-0.08108105428796064,2,5
2010-05-20,16.700000762939453,17.31999969482422,16.700000762939453,17.200000762939453,1699900,-0.04680363432643919,-5.0,0.02351381473631635,-0.11782477747599951,3,5
2010-05-21,17.149999618530273,17.190000534057617,16.31999969482422,16.510000228881836,1605300,0.026946038025905672,3.0,0.02499195936148174,-0.1637455514697137,4,5
2010-05-24,17.079999923706055,17.360000610351562,17.010000228881836,17.1299991607666,1285600,-0.004081614949342893,-0.0,0.026143275100206843,-0.13602018695475415,0,5
2010-05-25,16.93000030517578,16.979999542236328,16.329999923706055,16.610000610351562,1220900,-0.008782179110087829,-1.0,0.026026967883462246,-0.14343031764049696,1,5
2010-05-26,16.940000534057617,17.360000610351562,16.81999969482422,17.0,1502600,0.0005906809628808407,0.0,0.026029631240090535,-0.14451745720272258,2,5
2010-05-27,17.579999923706055,17.6200008392334,17.209999084472656,17.34000015258789,1206200,0.037780364195486804,4.0,0.025676788200604758,-0.12045688822709388,3,5
2010-05-28,16.479999542236328,17.049999237060547,16.299999237060547,16.530000686645508,4021600,-0.06257112549735633,-6.0,0.027371919706032925,-0.08054397740230901,4,5
2010-06-01,16.049999237060547,16.510000228881836,16.049999237060547,16.389999389648438,2586200,-0.026092252252419068,-3.0,0.030004614835996295,-0.14699793982650633,1,6
2010-06-02,16.040000915527344,16.270000457763672,15.84000015258789,16.170000076293945,2725700,-0.0006229484117430406,-0.0,0.02951138464956554,-0.13663264629794813,2,6
2010-06-03,16.479999542236328,16.520000457763672,16.030000686645508,16.170000076293945,2089800,0.027431334264018004,3.0,0.029370107629803386,-0.14361979137495506,3,6
2010-06-04,15.670000076293944,16.299999237060547,15.600000381469728,16.020000457763672,1511500,-0.049150454395732845,-5.0,0.029506151981194283,-0.0874861556162072,4,6
2010-06-07,15.43000030517578,15.90999984741211,15.40999984741211,15.670000076293944,1773500,-0.015315875555178993,-2.0,0.03110991349523558,-0.12944444020589208,0,6
2010-06-08,15.31999969482422,15.529999732971191,15.0600004196167,15.510000228881836,1517800,-0.00712900895502,-1.0,0.029751385833959035,-0.1002915073826629,1,6
2010-06-09,15.369999885559082,15.800000190734863,15.279999732971191,15.489999771118164,1124500,0.00326372008687148,0.0,0.029200044094191645,-0.0793269076467259,2,6
2010-06-10,15.880000114440918,15.899999618530272,15.529999732971191,15.619999885559082,1052900,0.033181537584851206,3.0,0.02689678063875935,-0.11768083706983512,3,6
2010-06-11,16.170000076293945,16.190000534057617,15.65999984741211,15.6899995803833,1001500,0.018261962201707282,2.0,0.028157577675381396,-0.09101312314867349,4,6
2010-06-14,16.219999313354492,16.56999969482422,16.200000762939453,16.559999465942383,1342500,0.003092098752296657,0.0,0.027262662615086978,-0.10514663257434864,0,6
2010-06-15,16.84000015258789,16.850000381469727,16.200000762939453,16.34000015258789,1447300,0.03822446766214904,4.0,0.026627071286635856,-0.12181917074426551,1,6
2010-06-16,17.079999923706055,17.149999618530273,16.670000076293945,16.670000076293945,2240000,0.014251767751990219,1.0,0.02780823065291251,-0.06288253778211539,2,6
2010-06-17,17.149999618530273,17.329999923706055,16.75,17.1200008392334,1369200,0.0040983428066099226,0.0,0.028001413477864175,-0.04044940136038966,3,6
2010-06-18,17.219999313354492,17.329999923706055,17.100000381469727,17.190000534057617,1584200,0.004081614949343004,0.0,0.028001545449677322,-0.02997741388558406,4,6
2010-06-21,17.270000457763672,17.649999618530273,17.190000534057617,17.459999084472656,1270800,0.0029036670384998686,0.0,0.027961035854679704,-0.017123352543991444,0,6
2010-06-22,16.899999618530273,17.6299991607666,16.8700008392334,17.350000381469727,1099400,-0.02142448346416026,-2.0,0.02586583073995602,0.0341317166936399,1,6
2010-06-23,16.790000915527344,17.010000228881836,16.670000076293945,16.93000030517578,1041700,-0.006508799141173971,-1.0,0.025679043795030377,-0.01457725979946256,2,6
2010-06-24,16.489999771118164,16.81999969482422,16.440000534057617,16.649999618530273,869200,-0.01786784562541266,-2.0,0.025701983322745717,-0.016978864723307674,3,6
2010-06-25,16.780000686645508,16.8700008392334,16.489999771118164,16.510000228881836,1456200,0.017586471773958,2.0,0.02592393810477393,-0.025989399062391172,4,6
2010-06-28,16.8799991607666,17.059999465942383,16.649999618530273,16.799999237060547,1101500,0.005959384387908884,1.0,0.026237177168540904,-0.009445091048871701,0,6
2010-06-29,16.020000457763672,16.65999984741211,15.880000114440918,16.530000686645508,1129100,-0.050947792995261754,-5.0,0.024819424126291775,-0.0398180185425101,1,6
2010-06-30,15.670000076293944,16.25,15.649999618530272,15.979999542236328,1288100,-0.021847713574821404,-2.0,0.023486374417921268,-0.027912566580704845,2,6
2010-07-01,15.640000343322754,15.770000457763672,15.170000076293944,15.729999542236328,1630400,-0.0019144692294273957,-0.0,0.02327771502943253,-0.023675961297814796,3,7
2010-07-02,15.470000267028809,15.779999732971191,15.289999961853027,15.770000457763672,993100,-0.010869569856916561,-1.0,0.02327870823208162,-0.024937690110564348,4,7
2010-07-06,15.5600004196167,15.90999984741211,15.399999618530272,15.670000076293944,1480000,0.005817721463115211,1.0,0.022429516252159745,-0.061286365489210626,1,7
2010-07-07,15.920000076293944,15.9399995803833,15.609999656677246,15.649999618530272,1386200,0.023136224098258218,2.0,0.019798821984011575,-0.007019761081153764,2,7
2010-07-08,16.049999237060547,16.1200008392334,15.84000015258789,16.0,924600,0.008165776390929969,1.0,0.020101655203311586,0.03175630339772573,3,7
2010-07-09,16.260000228881836,16.280000686645508,15.970000267028809,15.989999771118164,589600,0.013084174567210116,1.0,0.020043399171508425,0.04765010161736183,4,7
2010-07-12,16.420000076293945,16.469999313354492,16.170000076293945,16.170000076293945,849600,0.009840088878222186,1.0,0.020178381811131026,0.05790503252761603,0,7
2010-07-13,17.360000610351562,17.420000076293945,16.59000015258789,16.600000381469727,1690400,0.05724729169853804,6.0,0.019036311579856982,0.03400503513611208,1,7
2010-07-14,17.440000534057617,17.510000228881836,17.270000457763672,17.270000457763672,1644700,0.004608290374042534,0.0,0.022339615409557933,0.07359310627352555,2,7
2010-07-15,17.31999969482422,17.469999313354492,17.149999618530273,17.40999984741211,786900,-0.006880781855428064,-1.0,0.022340259773678227,0.07521586142723535,3,7
2010-07-16,16.520000457763672,17.25,16.5,17.170000076293945,1231200,-0.04618933320764507,-5.0,0.020981604071480427,0.02850353550398066,4,7
2010-07-19,16.670000076293945,16.75,16.329999923706055,16.520000457763672,752800,0.009079879804711588,1.0,0.023182027990850767,-0.032786854124345455,0,7
2010-07-20,17.110000610351562,17.1299991607666,16.239999771118164,16.440000534057617,831800,0.026394752972036972,3.0,0.02326568450337991,-0.027988312123208292,1,7
2010-07-21,16.719999313354492,17.239999771118164,16.709999084472656,17.190000534057617,748800,-0.022793762892160174,-2.0,0.02401135757453183,-0.006387845957556038,2,7
2010-07-22,17.40999984741211,17.469999313354492,16.8799991607666,16.969999313354492,711300,0.0412679762197421,4.0,0.024504132220347457,-0.03184719917954193,3,7
2010-07-23,17.920000076293945,17.940000534057617,17.219999313354492,17.389999389648438,988400,0.02929352288062459,3.0,0.025712938343295556,0.030177529017375804,4,7
2010-07-26,18.299999237060547,18.32999992370605,17.940000534057617,18.0,1473400,0.0212053102203551,2.0,0.026319010339844948,0.06730191180165934,0,7
2010-07-27,18.21999931335449,18.440000534057617,18.13999938964844,18.299999237060547,1304900,-0.004371580712639878,-0.0,0.026117950667914815,0.10976346216284094,1,7
2010-07-28,17.860000610351562,18.209999084472656,17.559999465942383,17.559999465942383,2052400,-0.019758436694290227,-2.0,0.02604078621851844,0.08581636279997373,2,7
2010-07-29,17.799999237060547,18.0,17.3799991607666,17.90999984741211,1297300,-0.0033595392631867727,-0.0,0.0265560963964821,0.0580569608002548,3,7
2010-07-30,17.940000534057617,18.059999465942383,17.450000762939453,17.56999969482422,905200,0.007865241741447981,1.0,0.023584096393885045,0.11111103173747083,4,7
2010-08-02,18.63999938964844,18.690000534057617,18.1299991607666,18.149999618530277,1520700,0.039018887109949274,4.0,0.02275097934518056,0.14486282365740388,0,8
2010-08-03,18.38999938964844,18.700000762939453,18.26000022888184,18.61000061035156,2508600,-0.013412017606547533,-1.0,0.023708645089084796,0.191815791590215,1,8
2010-08-04,18.65999984741211,18.729999542236328,18.420000076293945,18.43000030517578,665900,0.014681917712060955,1.0,0.023819577114854645,0.18875236407351736,2,8
2010-08-05,18.350000381469727,18.59000015258789,18.290000915527344,18.479999542236328,566700,-0.01661304761400495,-2.0,0.023847519383735263,0.1992287496269729,3,8
2010-08-06,18.209999084472656,18.36000061035156,17.8799991607666,18.100000381469727,920100,-0.007629498315348648,-1.0,0.02424017739941293,0.15263820939261374,4,8
2010-08-09,18.399999618530277,18.479999542236328,18.15999984741211,18.3700008392334,807000,0.01043385741955527,1.0,0.02444849128988787,0.13457943614255896,0,8
2010-08-10,18.25,18.350000381469727,17.81999969482422,18.1200008392334,957100,-0.008152153350004188,-1.0,0.02441861411132905,0.13161127672355533,1,8
2010-08-11,17.670000076293945,17.90999984741211,17.600000381469727,17.8700008392334,1120000,-0.03178081773731811,-3.0,0.024599012934439113,0.11144944672369905,2,8
2010-08-12,17.520000457763672,17.559999465942383,17.149999618530273,17.479999542236328,1163800,-0.0084889427211442,-1.0,0.022810814372020063,0.017857111465626074,3,8
2010-08-13,17.420000076293945,17.760000228881836,17.350000381469727,17.440000534057617,1039200,-0.005707784181330444,-1.0,0.02288875013445834,0.0045871514481794495,4,8
2010-08-16,17.31999969482422,17.459999084472656,17.1299991607666,17.290000915527344,706800,-0.005740550001823053,-1.0,0.022871346375238945,0.005773694181969935,0,8
2010-08-17,17.6200008392334,17.979999542236328,17.420000076293945,17.549999237060547,914000,0.017321082545909583,2.0,0.020299315816492292,0.048426102596418774,1,8
2010-08-18,17.65999984741211,17.81999969482422,17.360000610351562,17.6299991607666,621900,0.0022700911619508712,0.0,0.020512456280749006,0.05698864778593671,2,8
2010-08-19,17.260000228881836,17.790000915527344,17.219999313354492,17.559999465942383,898400,-0.022650035220067588,-2.0,0.019790250739814837,0.0321448987399684,3,8
2010-08-20,17.25,17.3700008392334,17.059999465942383,17.229999542236328,1271500,-0.0005793875289238359,-0.0,0.019781381845553874,0.03229670680046248,4,8
2010-08-23,17.1200008392334,17.450000762939453,17.0,17.309999465942383,842200,-0.007536183232846438,-1.0,0.01758154669598405,-0.00919011193649677,0,8
2010-08-24,16.889999389648438,17.100000381469727,16.670000076293945,16.93000030517578,656900,-0.013434663452695284,-1.0,0.016270713245726456,-0.04464281437804518,1,8
2010-08-25,17.100000381469727,17.170000076293945,16.700000762939453,16.700000762939453,767100,0.012433451711667542,1.0,0.015534804445129594,-0.0770491752019653,2,8
2010-08-26,17.219999313354492,17.3799991607666,17.079999923706055,17.1299991607666,990500,0.007017481240222834,1.0,0.01592618886085529,-0.0614708547801015,3,8
2010-08-27,17.450000762939453,17.489999771118164,16.8700008392334,17.25,1318400,0.013356646849955967,1.0,0.015576699187055133,-0.03583433791296342,4,8
2010-08-30,17.09000015258789,17.43000030517578,17.09000015258789,17.389999389648438,562100,-0.020630406568012072,-2.0,0.015907034399696405,-0.019662836467564504,0,8
2010-08-31,17.020000457763672,17.239999771118164,16.799999237060547,17.079999923706055,1281100,-0.004095944657649286,-0.0,0.01633820380572868,-0.04738017592898458,1,8
2010-09-01,17.799999237060547,17.81999969482422,17.25,17.3700008392334,1025900,0.045828364178514436,5.0,0.013334859114971018,-0.08690981678810683,2,9
2010-09-02,17.93000030517578,17.979999542236328,17.610000610351562,17.770000457763672,726700,0.007303431106028713,1.0,0.017046095593550657,-0.03208266297822715,3,9
2010-09-03,18.0,18.350000381469727,17.969999313354492,18.100000381469727,921300,0.003904054301884896,0.0,0.01677156564910283,-0.03912109047190426,4,9
2010-09-07,17.850000381469727,18.07999992370605,17.81999969482422,17.969999313354492,666700,-0.008333312140570759,-1.0,0.01645806214819368,-0.01907358987431773,1,9
2010-09-08,17.8700008392334,17.959999084472656,17.700000762939453,17.920000076293945,560900,0.0011204738003498527,0.0,0.01647339912899964,-0.019769287265362534,2,9
2010-09-09,17.90999984741211,18.100000381469727,17.81999969482422,18.049999237060547,541200,0.0022383327532304875,0.0,0.016279444507680232,-0.02880428208069785,3,9
2010-09-10,17.729999542236328,17.959999084472656,17.729999542236328,17.920000076293945,1558500,-0.010050268381313843,-1.0,0.016217453052170462,-0.01863014534728169,4,9
2010-09-13,18.31999969482422,18.3799991607666,17.75,17.93000030517578,1306100,0.033276941219450906,3.0,0.014768398650503198,0.003395555499905001,0,9
2010-09-14,18.229999542236328,18.440000534057617,18.149999618530277,18.299999237060547,779300,-0.004912672166327514,-0.0,0.01626695796195341,0.0456620557167875,1,9
2010-09-15,18.420000076293945,18.489999771118164,18.049999237060547,18.18000030517578,524200,0.010422410248415614,1.0,0.016248417129551964,0.04649824698018645,2,9
2010-09-16,18.350000381469727,18.489999771118164,18.209999084472656,18.3700008392334,417200,-0.003800200571893897,-0.0,0.01623176119412149,0.06351041575355465,3,9
2010-09-17,18.739999771118164,18.950000762939453,18.46999931335449,18.530000686645508,1460000,0.02125337229105817,2.0,0.01595597369141471,0.041430165009463726,4,9
2010-09-20,19.3799991607666,19.38999938964844,18.780000686645508,18.780000686645508,1980600,0.034151515339652994,3.0,0.016497339920858334,0.06115514909612618,0,9
2010-09-21,19.06999969482422,19.399999618530277,18.8700008392334,19.399999618530277,1001500,-0.015995845168556788,-2.0,0.0167433485884612,0.12282728295317691,1,9
2010-09-22,18.6200008392334,19.020000457763672,18.5,18.920000076293945,713400,-0.023597213570640707,-2.0,0.01735746302020592,0.10550722868546192,2,9
2010-09-23,18.5,18.959999084472656,18.32999992370605,18.440000534057617,705200,-0.006444727917549242,-1.0,0.018264341036338935,0.08761681813487376,3,9
2010-09-24,19.1299991607666,19.13999938964844,18.649999618530277,18.81999969482422,1227000,0.03405400869008668,3.0,0.017989192088453024,0.09532271572125106,4,9
2010-09-27,18.989999771118164,19.15999984741211,18.88999938964844,19.07999992370605,550500,-0.0073183165598648126,-1.0,0.019053309938666264,0.11871337625797174,0,9
2010-09-28,19.049999237060547,19.170000076293945,18.63999938964844,18.979999542236328,621100,0.0031595295769111242,0.0,0.01925300732214171,0.10278748712788843,1,9
2010-09-29,19.209999084472656,19.25,18.90999984741211,19.18000030517578,956200,0.00839894245774242,1.0,0.0191559299811398,0.09169045296084977,2,9
2010-09-30,19.540000915527344,19.700000762939453,19.26000022888184,19.32999992370605,2062300,0.017178648973566357,2.0,0.018290339223917425,0.12404908794361491,3,9
2010-10-01,19.440000534057617,19.670000076293945,19.21999931335449,19.540000915527344,1050800,-0.0051177265498622004,-1.0,0.018307413711197044,0.14806112749627887,4,10
2010-10-04,19.399999618530277,19.56999969482422,19.190000534057617,19.43000030517578,999800,-0.002057660207223866,-0.0,0.01611487090230993,0.09213490827474313,0,10
2010-10-05,19.96999931335449,20.030000686645508,19.559999465942383,19.700000762939453,1425300,0.029381428145996757,3.0,0.01615786944918263,0.08198545947208702,1,10
2010-10-06,19.489999771118164,20.0,19.420000076293945,19.96999931335449,1095100,-0.02403603198500537,-2.0,0.017089215583164227,0.10944440629747154,2,10
2010-10-07,19.670000076293945,19.75,19.40999984741211,19.6299991607666,728700,0.009235521153905912,1.0,0.01802415114463871,0.0918767145434316,3,10
2010-10-08,19.6200008392334,19.71999931335449,19.46999931335449,19.670000076293945,483700,-0.002541903246904731,-0.0,0.01803848370503285,0.10072742879276575,4,10
2010-10-11,19.61000061035156,19.790000915527344,19.530000686645508,19.6299991607666,287400,-0.0005096956398616959,-0.0,0.01810160614434022,0.095477443126186,0,10
2010-10-12,19.75,19.850000381469727,19.40999984741211,19.5,826700,0.007139183339675226,1.0,0.017835762182110207,0.1060350319601926,1,10
2010-10-13,20.0,20.18000030517578,19.790000915527344,19.82999992370605,779100,0.012658227848101333,1.0,0.016632357066481925,0.07805678651729386,2,10
2010-10-14,20.15999984741211,20.32999992370605,20.01000022888184,20.040000915527344,1140600,0.007999992370605558,1.0,0.016618517923008492,0.0970927318820185,3,10
2010-10-15,20.170000076293945,20.440000534057617,19.959999084472656,20.43000030517578,643400,0.0004960431030518464,0.0,0.016584111692840863,0.09446252789963339,4,10
2010-10-18,20.26000022888184,20.270000457763672,20.030000686645508,20.239999771118164,575300,0.004462079932943119,0.0,0.016503711997572963,0.09918254261520887,0,10
2010-10-19,20.049999237060547,20.299999237060547,19.84000015258789,19.93000030517578,926200,-0.01036530056509688,-1.0,0.01605946335958064,0.08110995071122029,1,10
2010-10-20,20.309999465942383,20.5,20.030000686645508,20.030000686645508,950500,0.012967592956375285,1.0,0.01474279212595107,0.034571728860046225,2,10
2010-10-21,20.280000686645508,20.649999618530277,20.07999992370605,20.43000030517578,1027300,-0.001477044809734207,-0.0,0.01435190860718482,0.06502358631157779,3,10
2010-10-22,20.600000381469727,20.6200008392334,20.15999984741211,20.290000915527344,626400,0.015779077119802087,2.0,0.013046769446107345,0.08915143784066837,4,10
2010-10-25,20.850000381469727,20.950000762939453,20.420000076293945,20.700000762939453,882000,0.012135922105364738,1.0,0.013045292977330843,0.11351353413349874,0,10
2010-10-26,20.770000457763672,20.90999984741211,20.530000686645508,20.709999084472656,1547200,-0.0038369267262533535,-0.0,0.011394885949538431,0.08991120209930004,1,10
2010-10-27,21.420000076293945,21.450000762939453,20.350000381469727,20.56999969482422,2224500,0.0312951181610257,3.0,0.011243712291827017,0.09373358125852671,2,10
2010-10-28,21.25,21.790000915527344,21.1299991607666,21.450000762939453,900400,-0.00793651147004848,-1.0,0.01268099337636287,0.12440949785565936,3,10
2010-10-29,21.46999931335449,21.61000061035156,21.059999465942383,21.07999992370605,1278600,0.010352908863740629,1.0,0.013002527747099273,0.10619474298550413,4,10
2010-11-01,21.350000381469727,21.729999542236328,21.18000030517578,21.399999618530277,1121600,-0.005589144654053246,-1.0,0.012763292018968496,0.0987716636335203,0,11
2010-11-02,21.780000686645508,21.8700008392334,21.530000686645508,21.59000015258789,767100,0.020140529156570386,2.0,0.012781589284273599,0.09825101825825122,1,11
2010-11-03,21.899999618530277,21.989999771118164,21.6200008392334,21.739999771118164,1218300,0.005509592658477169,1.0,0.013121191057718657,0.12268046984093384,2,11
2010-11-04,22.61000061035156,22.61000061035156,22.0,22.0,1696300,0.03242013717756076,3.0,0.011939371813437736,0.09664498605591554,3,11
2010-11-05,22.700000762939453,22.8700008392334,22.43000030517578,22.489999771118164,1050200,0.003980546225491377,0.0,0.011549377741262861,0.16008213832084595,4,11
2010-11-08,22.40999984741211,22.739999771118164,22.36000061035156,22.530000686645508,948200,-0.012775370298700905,-1.0,0.011559057836974078,0.15404172216029788,0,11
2010-11-09,22.200000762939453,22.649999618530277,22.1200008392334,22.350000381469727,950400,-0.009370775810018883,-1.0,0.012176608754385204,0.1422017782282481,1,11
2010-11-10,22.43000030517578,22.540000915527344,22.059999465942383,22.11000061035156,1582800,0.010360339384325012,1.0,0.012575785652771,0.1320754753684561,2,11
2010-11-11,22.31999969482422,22.350000381469727,21.989999771118164,22.149999618530277,1078400,-0.004904173377393128,-0.0,0.012609981683851742,0.1356962179835839,3,11
2010-11-12,21.84000015258789,22.299999237060547,21.76000022888184,22.100000381469727,979300,-0.021505356128998288,-2.0,0.012738678018870677,0.11599998474121098,4,11
2010-11-15,21.790000915527344,22.100000381469727,21.780000686645508,21.920000076293945,594900,-0.00228934234025735,-0.0,0.013993263438964863,0.08333334910175805,0,11
2010-11-16,21.32999992370605,21.3799991607666,20.71999931335449,20.71999931335449,2135200,-0.021110645823493313,-2.0,0.014040376595656585,0.08031734422933412,1,11
2010-11-17,21.350000381469727,21.5,21.21999931335449,21.290000915527344,673700,0.0009376679716461833,0.0,0.015050777032658376,0.05281340980928828,2,11
2010-11-18,21.71999931335449,21.8700008392334,21.38999938964844,21.450000762939453,972800,0.01733016043437141,2.0,0.014764789009746766,0.06483796478187642,3,11
2010-11-19,21.479999542236328,21.6299991607666,21.450000762939453,21.59000015258789,1026000,-0.011049713568388464,-1.0,0.014940228025733531,0.06942392341154502,4,11
2010-11-22,21.790000915527344,21.809999465942383,21.200000762939453,21.280000686645508,1117100,0.014432094036196608,1.0,0.015236588404477495,0.05917153919925777,0,11
2010-11-23,21.5,21.6200008392334,21.309999465942383,21.530000686645508,1211600,-0.013308898730733487,-1.0,0.01518218211722803,0.057767015146662715,1,11
2010-11-24,21.84000015258789,21.989999771118164,21.5,21.989999771118164,1150500,0.015813960585483233,2.0,0.015412362569899512,0.03117504108575253,2,11
2010-11-26,21.709999084472656,21.809999465942383,21.600000381469727,21.63999938964844,258100,-0.005952429817168703,-1.0,0.015661857266033242,0.051516594667395,4,11
2010-11-29,21.57999992370605,21.68000030517578,21.290000915527344,21.530000686645508,728500,-0.005987985548077779,-1.0,0.01428796953619305,0.013538702481129317,0,11
2010-11-30,21.420000076293945,21.600000381469727,21.270000457763672,21.3700008392334,1139300,-0.007414265429924405,-1.0,0.014235053055347282,0.015529408174402404,1,11
2010-12-01,22.15999984741211,22.190000534057617,21.739999771118164,21.739999771118164,1069600,0.034547141385734115,3.0,0.01416861274857567,-0.0023287954662133403,2,12
2010-12-02,22.46999931335449,22.5,22.11000061035156,22.1299991607666,845500,0.013989145671342573,1.0,0.01597156976456006,0.03793908437797522,3,12
2010-12-03,22.489999771118164,22.56999969482422,22.309999465942383,22.31999969482422,783800,0.0008900960558457793,0.0,0.015673852062280558,0.03168037671973334,4,12
2010-12-06,22.540000915527344,22.6200008392334,22.3799991607666,22.479999542236328,284000,0.002223261223567974,0.0,0.01564867157599504,0.02694064670616103,0,12
2010-12-07,22.700000762939453,22.989999771118164,22.540000915527344,22.690000534057617,893600,0.007098484512566561,1.0,0.01394913693645616,-0.0030959616512423738,1,12
2010-12-08,22.670000076293945,22.88999938964844,22.59000015258789,22.700000762939453,681800,-0.0013216161073653643,-0.0,0.014010701332133162,0.0,2,12
2010-12-09,22.63999938964844,22.809999465942383,22.299999237060547,22.799999237060547,898800,-0.0013233650879814762,-0.0,0.013704294436456687,0.011601973701568902,3,12
2010-12-10,22.71999931335449,22.81999969482422,22.540000915527344,22.790000915527344,708000,0.0035335656299808615,0.0,0.01352171257574435,0.019819757278725758,4,12
2010-12-13,22.809999465942383,23.0,22.649999618530277,22.76000022888184,619600,0.003961274441368179,0.0,0.013367149066417405,0.012929068400939325,0,12
2010-12-14,22.940000534057617,23.06999969482422,22.86000061035156,22.940000534057617,843500,0.00569930167290611,1.0,0.013321338020635136,0.021953395063521786,1,12
2010-12-15,22.82999992370605,22.950000762939453,22.68000030517578,22.8799991607666,1006500,-0.004795144193142198,-0.0,0.012294411340324217,0.05036631748097231,2,12
2010-12-16,23.020000457763672,23.059999465942383,22.56999969482422,22.75,838800,0.00832240625022207,1.0,0.012354358060021157,0.047728268218548475,3,12
2010-12-17,23.059999465942383,23.309999465942383,22.76000022888184,23.0,1539200,0.0017375763415861112,0.0,0.011180036208457271,0.07923115518530133,4,12
2010-12-20,23.100000381469727,23.25,22.8799991607666,23.18000030517578,661700,0.0017346451194164558,0.0,0.011171526427661983,0.0800936325020778,0,12
2010-12-21,23.15999984741211,23.36000061035156,23.1200008392334,23.280000686645508,645500,0.0025973794351326074,0.0,0.01073227934434033,0.06353596278738127,1,12
2010-12-22,23.26000022888184,23.32999992370605,23.01000022888184,23.15999984741211,501400,0.004317805791389295,0.0,0.01024147666888563,0.07821230637702681,2,12
2010-12-23,23.170000076293945,23.32999992370605,23.149999618530277,23.270000457763672,287600,-0.0038693100473894404,-0.0,0.009942109744538834,0.06746210424924715,3,12
2010-12-27,23.209999084472656,23.270000457763672,22.850000381469727,23.1200008392334,149200,0.0017263274944756546,0.0,0.009356420949938783,0.07767442215320686,0,12
2010-12-28,23.040000915527344,23.299999237060547,22.950000762939453,23.239999771118164,282500,-0.007324350523522427,-1.0,0.00893309144318998,0.06272888838429935,1,12
2010-12-29,23.059999465942383,23.13999938964844,22.8799991607666,23.13999938964844,294300,0.0008679926050507714,0.0,0.009006084200895381,0.06126217812721735,2,12
2010-12-30,22.81999969482422,23.1200008392334,22.81999969482422,23.01000022888184,341400,-0.01040762257920358,-1.0,0.008790476708154924,0.06858199941931065,3,12
2010-12-31,22.530000686645508,22.84000015258789,22.530000686645508,22.729999542236328,645500,-0.012708107452099826,-1.0,0.008993128575348971,0.06535945908234098,4,12
2011-01-03,22.979999542236328,23.21999931335449,22.770000457763672,22.81999969482422,947900,0.019973317437915306,2.0,0.00619732482917547,0.016696788889039915,0,1
2011-01-04,22.6299991607666,23.1200008392334,22.3700008392334,23.1200008392334,637200,-0.015230652238545028,-2.0,0.006928234415451325,0.022696940118673403,1,1
2011-01-05,23.100000381469727,23.190000534057617,22.399999618530277,22.559999465942383,965500,0.02076894556487474,2.0,0.007791099505453402,0.006224961808502405,2,1
2011-01-06,23.239999771118164,23.25,23.07999992370605,23.09000015258789,706500,0.00606057953837702,1.0,0.008977802710190396,0.024844695793983407,3,1
2011-01-07,22.989999771118164,23.229999542236328,22.6200008392334,23.229999542236328,1039300,-0.010757315080127117,-1.0,0.008946553383633178,0.023788501763415182,4,1
2011-01-10,23.149999618530277,23.25,22.56999969482422,22.799999237060547,666500,0.006959541061549501,1.0,0.009307001659223256,0.014115557730361106,0,1
2011-01-11,23.030000686645508,23.309999465942383,23.020000457763672,23.25,631600,-0.005183539259703385,-1.0,0.009391699350143124,0.02252651248369819,1,1
2011-01-12,23.40999984741211,23.600000381469727,23.06999969482422,23.280000686645508,883600,0.01650018017528554,2.0,0.0094712171042592,0.013644427053692842,2,1
2011-01-13,23.479999542236328,23.520000457763672,23.26000022888184,23.36000061035156,510700,0.0029901621221906094,0.0,0.010064539921243303,0.026304269860487617,3,1
2011-01-14,23.959999084472656,23.96999931335449,23.40999984741211,23.479999542236328,1014000,0.020442911055977397,2.0,0.010022406340609859,0.023539624917488844,4,1
2011-01-18,24.149999618530277,24.200000762939453,23.790000915527344,24.0,1470100,0.00792990573112129,1.0,0.010759178446392549,0.04949624023402843,1,1
2011-01-19,24.299999237060547,25.299999237060547,24.25,24.6299991607666,2390400,0.006211164426486171,1.0,0.010748635041205195,0.04908771234995801,2,1
2011-01-20,24.049999237060547,24.280000686645508,23.549999237060547,24.200000762939453,1229600,-0.010288066166632581,-1.0,0.010780396354862483,0.05377275801543435,3,1
2011-01-21,23.86000061035156,24.489999771118164,23.84000015258789,24.18000030517578,984700,-0.007900151049327397,-1.0,0.011139264188312488,0.04112549090487838,4,1
2011-01-24,24.07999992370605,24.229999542236328,23.700000762939453,23.82999992370605,852500,0.009220423626437269,1.0,0.011343831097772374,0.03022455818442804,0,1
2011-01-25,24.030000686645508,24.200000762939453,23.690000534057617,23.920000076293945,865400,-0.0020763802831793576,-0.0,0.011455057118524436,0.03525364087512006,1,1
2011-01-26,24.420000076293945,24.63999938964844,23.989999771118164,24.059999465942383,1799400,0.01622968699560534,2.0,0.011417988480765523,0.03711698780836259,2,1
2011-01-27,22.729999542236328,23.59000015258789,22.56999969482422,23.5,6263000,-0.06920559085903566,-7.0,0.011844064499959348,0.052132746210695524,3,1
2011-01-28,21.790000915527344,22.940000534057617,21.780000686645508,22.68000030517578,2178300,-0.04135497781081354,-4.0,0.019579529454330263,-0.01345492018110539,4,1
2011-01-31,22.229999542236328,22.38999938964844,21.739999771118164,21.899999618530277,1674200,0.020192685095090868,2.0,0.021509453305292518,-0.0550736591425649,0,1
2011-02-01,22.770000457763672,22.81999969482422,22.21999931335449,22.32999992370605,1250600,0.02429153966023967,2.0,0.021976128146354718,-0.025854520616917842,1,2
2011-02-02,23.149999618530277,23.25,22.489999771118164,22.600000381469727,1172100,0.016688588191795084,2.0,0.02246907981944715,0.010652452898522125,2,2
2011-02-03,22.940000534057617,23.200000762939453,22.799999237060547,23.190000534057617,981800,-0.009071234899916236,-1.0,0.022339636813687433,0.0073977406301291015,3,2
2011-02-04,23.200000762939453,23.270000457763672,22.65999984741211,22.959999084472656,1338900,0.0113339242732724,1.0,0.022161192251474914,0.013698691329536716,4,2
2011-02-07,23.200000762939453,23.489999771118164,23.11000061035156,23.1200008392334,753500,0.0,0.0,0.021831165908172825,0.00432902077135644,0,2
2011-02-08,23.399999618530277,23.40999984741211,23.030000686645508,23.229999542236328,885800,0.008620640043698113,1.0,0.021793158009396834,-0.0017211277354839405,1,2
2011-02-09,22.96999931335449,23.299999237060547,22.81999969482422,23.25,875400,-0.018376081717337955,-2.0,0.021718344047832315,0.017833834340754917,2,2
2011-02-10,23.68000030517578,23.76000022888184,22.6299991607666,22.809999465942383,1369400,0.03090992655835678,3.0,0.022075749789791103,-0.007775391280426147,3,2
2011-02-11,23.709999084472656,23.739999771118164,23.43000030517578,23.540000915527344,1096900,0.0012668403256024252,0.0,0.023046619381683387,0.028224038174136545,4,2
2011-02-14,23.850000381469727,23.96999931335449,23.600000381469727,23.68000030517578,756700,0.005904736499494634,1.0,0.022792024785746923,0.01281500380247591,0,2
2011-02-15,23.86000061035156,23.93000030517578,23.6299991607666,23.809999465942383,915000,0.00041929680175600836,0.0,0.022814508842592358,0.015758128042883124,1,2
2011-02-16,23.8799991607666,24.149999618530277,23.809999465942383,23.920000076293945,1078600,0.0008381621920985349,0.0,0.022375430497362302,-0.004173559179553643,2,2
2011-02-17,24.020000457763672,24.170000076293945,23.739999771118164,23.8700008392334,687400,0.005862701085311839,1.0,0.022303880309158725,-0.011180143355219996,3,2
2011-02-18,24.399999618530277,24.43000030517578,23.739999771118164,24.15999984741211,1012700,0.015820114634668148,2.0,0.0222989288145418,-0.011522583871930392,4,2
2011-02-22,23.6200008392334,24.209999084472656,23.6200008392334,24.11000061035156,770400,-0.03196716358571239,-3.0,0.02244210658917839,0.014553030876208295,1,2
2011-02-23,22.76000022888184,23.6299991607666,22.6200008392334,23.6299991607666,1128100,-0.03640984673138015,-4.0,0.023505134857913407,-0.010058665757704865,2,2
2011-02-24,23.100000381469727,23.15999984741211,22.530000686645508,22.75,1550400,0.014938495130436547,1.0,0.024669810934478592,-0.05481726324777558,3,2
2011-02-25,23.709999084472656,23.709999084472656,23.01000022888184,23.1200008392334,984700,0.02640686982378826,3.0,0.024958174522677578,-0.03870163456518838,4,2
2011-02-28,23.700000762939453,23.940000534057617,23.3700008392334,23.75,701500,-0.00042169219398036084,-0.0,0.025415790673883273,-0.029074569598815492,0,2
2011-03-01,22.799999237060547,23.850000381469727,22.600000381469727,23.850000381469727,1394700,-0.03797474670491452,-4.0,0.020068217748784388,0.042674933578449536,1,3
2011-03-02,23.049999237060547,23.270000457763672,22.729999542236328,22.75,781700,0.010964912647612568,1.0,0.019711920280051264,0.04635145842575383,2,3
2011-03-03,23.56999969482422,23.56999969482422,23.06999969482422,23.299999237060547,1384800,0.02255967353472177,2.0,0.019394495967833863,0.03688707655014767,3,3
2011-03-04,23.350000381469727,23.540000915527344,23.100000381469727,23.489999771118164,532900,-0.009333870012853795,-1.0,0.019297994443302654,0.03513391396475707,4,3
2011-03-07,22.739999771118164,23.57999992370605,22.690000534057617,23.56999969482422,836300,-0.02612422271460224,-3.0,0.019130568249978108,0.008639341953999846,0,3
2011-03-08,23.26000022888184,23.3700008392334,22.600000381469727,22.770000457763672,709600,0.022867214731643104,2.0,0.019907128775138026,-0.008718428870240214,1,3
2011-03-09,23.26000022888184,23.489999771118164,22.959999084472656,23.239999771118164,586300,0.0,0.0,0.020395125575442707,0.0025861837917795505,2,3
2011-03-10,22.299999237060547,22.950000762939453,22.209999084472656,22.84000015258789,1192200,-0.04127261317174291,-4.0,0.020395125575442707,0.0025861837917795505,3,3
2011-03-11,22.280000686645508,22.40999984741211,21.809999465942383,22.34000015258789,1316500,-0.0008967960134188546,-0.0,0.022205826767342583,-0.047008564077011705,4,3
2011-03-14,22.13999938964844,22.299999237060547,21.86000061035156,22.07999992370605,1138400,-0.0062837204974137695,-1.0,0.02188873412794607,-0.030039122652817163,0,3
2011-03-15,21.399999618530277,21.700000762939453,20.989999771118164,21.440000534057617,1761800,-0.03342365815349346,-3.0,0.020627275785939085,-0.06503382160813309,1,3
2011-03-16,21.21999931335449,21.450000762939453,21.020000457763672,21.25,1749800,-0.008411229363757822,-1.0,0.02163367736647766,-0.09742722712524965,2,3
2011-03-17,21.059999465942383,21.739999771118164,21.049999237060547,21.739999771118164,1009200,-0.007540049603649734,-1.0,0.021509850990960033,-0.11027257970857807,3,3
2011-03-18,21.13999938964844,21.34000015258789,21.040000915527344,21.26000022888184,1698400,0.0037986669389726835,0.0,0.02147365082147289,-0.1173512603848974,4,3
2011-03-21,21.86000061035156,21.8700008392334,21.309999465942383,21.34000015258789,1095300,0.034058715302313525,3.0,0.021528402109542075,-0.11474036295695578,0,3
2011-03-22,21.75,22.09000015258789,21.63999938964844,21.84000015258789,1394800,-0.005032049738345812,-1.0,0.02309866445024452,-0.08992505438166898,1,3
2011-03-23,21.76000022888184,21.81999969482422,21.530000686645508,21.75,1050100,0.00045978063824558824,0.0,0.02263765039447828,-0.1086065434409994,2,3
2011-03-24,21.8700008392334,22.059999465942383,21.739999771118164,21.86000061035156,1300900,0.005055175054895278,1.0,0.021812453083130845,-0.0787468477673402,3,3
2011-03-25,22.020000457763672,22.399999618530277,21.84000015258789,22.030000686645508,1587200,0.006858692856617665,1.0,0.020540229120149578,-0.03910366347532168,4,3
2011-03-28,21.899999618530277,22.13999938964844,21.8700008392334,22.0,875000,-0.005449629279689061,-1.0,0.02028718341369593,-0.04675324267840297,0,3
2011-03-29,21.93000030517578,22.0,21.790000915527344,21.81999969482422,1126000,0.0013698943912363593,0.0,0.01921315735268948,-0.07633907785039618,1,3
2011-03-30,22.25,22.34000015258789,21.959999084472656,22.059999465942383,1355800,0.014591869145970549,1.0,0.019231931365823043,-0.07468356121454167,2,3
2011-03-31,22.489999771118164,22.6299991607666,22.13999938964844,22.239999771118164,1127400,0.010786506567108445,1.0,0.01789667404915729,-0.024122774362489663,3,3
2011-04-01,22.61000061035156,22.88999938964844,22.43000030517578,22.559999465942383,745000,0.005335742127819065,1.0,0.017890747348386745,-0.02429498848060685,4,4
2011-04-04,22.739999771118164,22.989999771118164,22.649999618530277,22.709999084472656,1239800,0.0057496310153608565,1.0,0.017134672649742458,-0.040729702880881624,0,4
2011-04-05,22.700000762939453,22.959999084472656,22.530000686645508,22.61000061035156,793400,-0.001758971353619465,-0.0,0.017120853465947102,-0.02612422271460224,1,4
2011-04-06,22.96999931335449,23.020000457763672,22.6299991607666,22.86000061035156,938800,0.011894208869624334,1.0,0.01613901829496118,-0.001758971353619465,2,4
2011-04-07,22.739999771118164,23.040000915527344,22.6200008392334,22.799999237060547,1262700,-0.01001304088427224,-1.0,0.015529148916742263,-0.012467795041861574,3,4
2011-04-08,23.440000534057617,24.350000381469727,23.280000686645508,24.26000022888184,2021900,0.030782795513855543,3.0,0.015666740258708782,-0.022355995384642946,4,4
2011-04-11,23.3700008392334,23.5,23.11000061035156,23.34000015258789,1140700,-0.002986335035381593,-0.0,0.014219601422597409,0.05112113614347091,0,4
2011-04-12,22.8799991607666,23.399999618530277,22.86000061035156,23.11000061035156,582100,-0.020967122844265607,-2.0,0.014251635169978455,0.04892280605903343,1,4
2011-04-13,23.21999931335449,23.40999984741211,22.899999618530277,23.020000457763672,1087800,0.014860147074257757,1.0,0.015036209337950433,0.03342365815349324,2,4
2011-04-14,23.43000030517578,23.559999465942383,22.93000030517578,22.950000762939453,968000,0.009043970630115972,1.0,0.012947469752860428,0.08504671622742799,3,4
2011-04-15,23.6200008392334,23.76000022888184,23.209999084472656,23.309999465942383,939300,0.008109284318517318,1.0,0.012669962548022044,0.10414708121269634,4,4
2011-04-18,23.229999542236328,23.36000061035156,22.8700008392334,23.36000061035156,931200,-0.016511485314990693,-2.0,0.012364110610157174,0.12155752318184887,0,4
2011-04-19,23.15999984741211,23.36000061035156,23.09000015258789,23.34000015258789,637000,-0.003013331734981195,-0.0,0.013269174094524105,0.09886472151987347,1,4
2011-04-20,23.790000915527344,23.899999618530277,23.56999969482422,23.59000015258789,1011200,0.027202118837044376,3.0,0.011499658798015788,0.05946931385010812,2,4
2011-04-21,23.920000076293945,23.96999931335449,23.709999084472656,23.899999618530277,397900,0.00546444538729518,1.0,0.012506727208094752,0.0937931455414871,3,4
2011-04-25,24.0,24.0,23.649999618530277,23.979999542236328,705400,0.0033444784051375187,0.0,0.012476490307976474,0.09926469782592928,0,4
2011-04-26,23.93000030517578,24.06999969482422,23.850000381469727,24.01000022888184,1099000,-0.0029166539510091516,-0.0,0.012478890497584293,0.09739364787519889,1,4
2011-04-27,24.26000022888184,24.31999969482422,23.71999931335449,23.90999984741211,1516600,0.013790218115236952,1.0,0.012568865543768454,0.0867393191510446,2,4
2011-04-28,24.020000457763672,24.61000061035156,23.739999771118164,24.0,2900000,-0.009892818172047901,-1.0,0.012543464841457354,0.10776258682464501,3,4
2011-04-29,24.270000457763672,24.36000061035156,23.86000061035156,24.100000381469727,1000000,0.010407993140532756,1.0,0.012939175767334662,0.09530324320582073,4,4
2011-05-02,23.3799991607666,24.270000457763672,23.290000915527344,24.26000022888184,1567100,-0.03667083972849161,-4.0,0.01280630921540718,0.0907865374275807,0,5
2011-05-03,23.09000015258789,23.40999984741211,22.899999618530277,23.190000534057617,1300000,-0.012403721924222788,-1.0,0.015495386570920842,0.03957311688332621,1,5
2011-05-04,22.809999465942383,23.21999931335449,22.65999984741211,23.18000030517578,983000,-0.012126491329369937,-1.0,0.015783274923023217,0.021229523630201586,2,5
2011-05-05,22.5,23.049999237060547,22.450000762939453,22.65999984741211,1400000,-0.013590507373980598,-1.0,0.016001634122395927,0.003078262776111673,3,5
2011-05-06,22.729999542236328,23.09000015258789,22.549999237060547,22.950000762939453,849800,0.010222201877170045,1.0,0.016282416536200134,-0.00881060600077066,4,5
2011-05-09,22.780000686645508,22.90999984741211,22.46999931335449,22.700000762939453,1056300,0.002199786423940253,0.0,0.016223815413802942,-0.010448401318785772,0,5
2011-05-10,23.209999084472656,23.299999237060547,22.84000015258789,22.93000030517578,787000,0.01887613629788998,2.0,0.016079283111580016,0.0017590552299893147,1,5
2011-05-11,22.86000061035156,23.3700008392334,22.739999771118164,23.209999084472656,886800,-0.015079641875352046,-2.0,0.015129069184689177,-0.009812348308216756,2,5
2011-05-12,23.21999931335449,23.309999465942383,22.56999969482422,22.739999771118164,578000,0.015747974339069604,2.0,0.015460566632451187,-0.021822858817602375,3,5
2011-05-13,22.700000762939453,23.290000915527344,22.65999984741211,23.25,1021000,-0.022394425744705737,-2.0,0.015155010001756675,0.014860147074257757,4,5
2011-05-16,22.46999931335449,22.82999992370605,22.43000030517578,22.61000061035156,1034500,-0.010132222108136246,-1.0,0.015602281335785471,-0.022394425744705737,0,5
2011-05-17,22.65999984741211,22.709999084472656,22.26000022888184,22.350000381469727,1120300,0.008455742762070173,1.0,0.015548482124928263,-0.0409731531932257,1,5
2011-05-18,23.100000381469727,23.309999465942383,22.530000686645508,22.700000762939453,1001100,0.019417499427206275,2.0,0.015559785148208367,-0.040643562985260506,2,5
2011-05-19,23.049999237060547,23.38999938964844,22.8799991607666,23.25,902700,-0.0021645516702800682,-0.0,0.01584077001134794,-0.005596175778231904,3,5
2011-05-20,22.959999084472656,23.07999992370605,22.6299991607666,23.059999465942383,1218500,-0.003904562063637096,-0.0,0.01583417293552812,-0.004749594606057617,4,5
2011-05-23,22.3700008392334,22.61000061035156,22.34000015258789,22.520000457763672,778600,-0.02569678870929315,-3.0,0.01455504684236041,-0.034888684283864824,0,5
2011-05-24,22.270000457763672,22.489999771118164,22.100000381469727,22.40999984741211,1123900,-0.0044702895716633995,-0.0,0.015365935532084261,-0.06479929900153647,1,5
2011-05-25,22.26000022888184,22.43000030517578,22.13999938964844,22.13999938964844,1009700,-0.00044904484401775413,-0.0,0.015297248102788649,-0.07208331425984704,2,5
2011-05-26,22.729999542236328,22.799999237060547,22.1299991607666,22.190000534057617,744200,0.021114074956058326,2.0,0.015310973445634073,-0.06978688069355099,3,5
2011-05-27,22.770000457763672,22.979999542236328,22.670000076293945,22.81999969482422,489400,0.0017598291391522913,0.0,0.015796083188831057,-0.06306680429557565,4,5
2011-05-31,23.290000915527344,23.290000915527344,22.799999237060547,23.0,933900,0.02283708596002132,2.0,0.015745614300836562,-0.052039965702664226,1,5
2011-06-01,22.530000686645508,23.459999084472656,22.5,23.270000457763672,1082200,-0.03263203945926629,-3.0,0.01646901224525366,-0.040379049186331506,2,6
2011-06-02,22.46999931335449,22.739999771118164,22.26000022888184,22.530000686645508,870800,-0.002663176718258331,-0.0,0.016060325034061892,-0.036355795749875575,3,6
2011-06-03,21.88999938964844,22.229999542236328,21.8799991607666,22.059999465942383,813400,-0.025812191429900877,-3.0,0.015873449237130126,-0.026851487013260678,4,6
2011-06-06,21.690000534057617,21.979999542236328,21.670000076293945,21.950000762939453,805700,-0.009136540025917128,-1.0,0.016609435502304513,-0.04033319148768921,0,6
2011-06-07,21.65999984741211,22.020000457763672,21.6200008392334,21.86000061035156,913800,-0.0013831574876358443,-0.0,0.016479636250146045,-0.03599997626410589,1,6
2011-06-08,21.36000061035156,21.700000762939453,21.280000686645508,21.540000915527344,1031200,-0.013850380386609018,-1.0,0.01625592195909263,-0.04707433859978627,2,6
2011-06-09,21.61000061035156,21.71999931335449,21.290000915527344,21.559999465942383,1015900,0.01170411951574768,1.0,0.01641685130279611,-0.062335383384180765,3,6
2011-06-10,21.18000030517578,21.549999237060547,21.15999984741211,21.38999938964844,1161100,-0.019898208839929432,-2.0,0.01601005877396208,-0.06893574050985152,4,6
2011-06-13,21.200000762939453,21.43000030517578,21.1200008392334,21.31999969482422,655200,0.0009443086626765851,0.0,0.016220873762816987,-0.0734908250358941,0,6
2011-06-14,21.81999969482422,21.84000015258789,21.290000915527344,21.440000534057617,1070400,0.029245231583604925,3.0,0.015654223666582298,-0.08699391085913066,1,6
2011-06-15,21.5,21.75,21.31999969482422,21.600000381469727,1385300,-0.014665430765341547,-1.0,0.016676958843505594,-0.03876656557439173,2,6
2011-06-16,21.559999465942383,21.709999084472656,21.3700008392334,21.549999237060547,1011100,0.002790672834529495,0.0,0.016819634742040002,-0.043168640097732136,3,6
2011-06-17,21.5,21.84000015258789,21.43000030517578,21.709999084472656,1224700,-0.0027829066525332236,-0.0,0.01668907948487239,-0.04854370648176998,4,6
2011-06-20,21.709999084472656,21.96999931335449,21.38999938964844,21.450000762939453,662100,0.009767399277798017,1.0,0.015935107302628385,-0.06926408463409417,0,6
2011-06-21,22.229999542236328,22.32999992370605,21.75,21.940000534057617,870000,0.02395211790384577,2.0,0.01618800413191415,-0.0581344987826895,1,6
2011-06-22,22.0,22.34000015258789,21.75,22.059999465942383,853000,-0.010346358388327315,-1.0,0.017196279526177326,-0.031794406417464116,2,6
2011-06-23,22.8799991607666,22.979999542236328,21.6299991607666,21.75,2148100,0.039999961853027344,4.0,0.01642043550609642,-0.016540045836050066,3,6
2011-06-24,22.809999465942383,22.959999084472656,22.649999618530277,22.899999618530277,1284400,-0.003059427333557352,-0.0,0.018624772775170113,0.027391050312721266,4,6
2011-06-27,23.200000762939453,23.280000686645508,22.68000030517578,22.75,1163700,0.01709782139974969,2.0,0.01864679406735834,0.02470796187804769,0,6
2011-06-28,23.61000061035156,23.709999084472656,23.059999465942383,23.200000762939453,982400,0.017672406634876348,2.0,0.01845330298605784,0.02067757281867877,1,6
2011-06-29,23.540000915527344,23.700000762939453,23.36000061035156,23.700000762939453,1723100,-0.0029648324021441796,-0.0,0.018803556160392025,0.03689065154592397,2,6
2011-06-30,22.93000030517578,23.690000534057617,22.729999542236328,23.5,3223300,-0.025913363917891674,-3.0,0.01819998075559025,0.01073422027361648,3,6
2011-07-01,23.149999618530277,23.200000762939453,22.729999542236328,22.979999542236328,979000,0.009594387720301745,1.0,0.017635679490460864,0.017754088164203763,4,7
2011-07-05,23.200000762939453,23.280000686645508,22.959999084472656,23.1299991607666,556400,0.002159876683935469,0.0,0.017711558756693748,0.03026258682489802,1,7
2011-07-06,23.549999237060547,23.57999992370605,23.190000534057617,23.239999771118164,660700,0.01508614062979663,2.0,0.01656401101152976,0.05984474233975989,2,7
2011-07-07,23.799999237060547,24.0,23.65999984741211,23.71999931335449,842800,0.010615711596566602,1.0,0.016527173275511054,0.0857537416876668,3,7
2011-07-08,23.729999542236328,23.729999542236328,23.280000686645508,23.399999618530277,851300,-0.0029411637423591985,-0.0,0.01653718225713253,0.09879960317285597,4,7
2011-07-11,23.239999771118164,23.530000686645508,23.01000022888184,23.440000534057617,849000,-0.02064895830469904,-2.0,0.01609313939229837,0.11095500300389571,0,7
2011-07-12,22.86000061035156,23.229999542236328,22.81999969482422,23.190000534057617,761900,-0.016351082810201034,-2.0,0.016959195949460066,0.0754280016070803,1,7
2011-07-13,23.030000686645508,23.51000022888184,22.600000381469727,23.020000457763672,824800,0.007436573567586313,1.0,0.016729512368994715,0.07932012658022636,2,7
2011-07-14,22.34000015258789,23.270000457763672,22.309999465942383,23.200000762939453,1006100,-0.029960942834783788,-3.0,0.016734594071416208,0.08632074801172407,3,7
2011-07-15,22.36000061035156,22.43000030517578,22.09000015258789,22.38999938964844,943200,0.0008952756323661326,0.0,0.01726249186729583,0.023831368700111266,4,7
2011-07-18,21.920000076293945,22.34000015258789,21.71999931335449,22.309999465942383,654700,-0.019678019769548416,-2.0,0.01687415099332703,0.04000002838844452,0,7
2011-07-19,22.350000381469727,22.51000022888184,22.06999969482422,22.06999969482422,802200,0.019616802175143055,2.0,0.017521733960847902,0.016697616849213892,1,7
2011-07-20,21.989999771118164,22.36000061035156,21.709999084472656,22.36000061035156,1266700,-0.016107409584209087,-2.0,0.01796041029762975,0.039534901463708305,2,7
2011-07-21,21.940000534057617,22.540000915527344,21.82999992370605,22.1299991607666,1009500,-0.0022737261291932986,-0.0,0.018285603704010597,0.012897314530324833,3,7
2011-07-22,21.96999931335449,22.149999618530277,21.850000381469727,22.01000022888184,817300,0.0013673098708590903,0.0,0.017501901927889023,-0.013045389750356073,4,7
2011-07-25,21.90999984741211,22.200000762939453,21.65999984741211,21.729999542236328,1161000,-0.0027309725906958793,-0.0,0.017357785495842666,-0.0013636675747960014,0,7
2011-07-26,21.84000015258789,22.149999618530277,21.75,21.850000381469727,1302400,-0.0031948742725567136,-0.0,0.014753057635252068,-0.04239507643941676,1,7
2011-07-27,21.229999542236328,22.59000015258789,21.1200008392334,22.0,2761300,-0.027930430681763596,-3.0,0.014753593504970679,-0.04252517913482634,2,7
2011-07-28,21.100000381469727,21.530000686645508,20.989999771118164,21.200000762939453,1325600,-0.006123370869979161,-1.0,0.01511259922504607,-0.08491384292754323,3,7
2011-07-29,20.790000915527344,21.040000915527344,20.61000061035156,20.86000061035156,1053300,-0.01469191755155741,-1.0,0.01426632891401391,-0.10631089216411749,4,7
2011-08-01,20.420000076293945,21.040000915527344,20.21999931335449,21.01000022888184,1264500,-0.017797057380457226,-2.0,0.01440168130502088,-0.11682242536303633,0,8
2011-08-02,19.790000915527344,20.61000061035156,19.790000915527344,20.290000915527344,1313700,-0.030852064564778403,-3.0,0.013936272117484529,-0.10946359334828604,1,8
2011-08-03,20.01000022888184,20.18000030517578,19.3799991607666,19.88999938964844,1452800,0.011116690408128349,1.0,0.01454041876263118,-0.14514033513475488,2,8
2011-08-04,19.229999542236328,19.8700008392334,19.229999542236328,19.729999542236328,1925400,-0.03898054361437142,-4.0,0.014958319846210565,-0.13750001849799243,3,8
2011-08-05,18.649999618530277,19.479999542236328,18.270000457763672,19.38999938964844,2739600,-0.03016120319879112,-3.0,0.015621016109671296,-0.1834394834300398,4,8
2011-08-08,17.06999969482422,18.350000381469727,17.06999969482422,18.010000228881836,2403200,-0.0847184963015335,-8.0,0.015531415704820856,-0.21638654553025638,0,8
2011-08-09,18.1200008392334,18.1200008392334,16.579999923706055,17.489999771118164,3012000,0.0615114916919155,6.0,0.022142143061612395,-0.2806573946854981,1,8
2011-08-10,17.15999984741211,17.989999771118164,17.1299991607666,17.59000015258789,1923800,-0.05298018473281174,-5.0,0.027712005010222942,-0.22030976688079473,2,8
2011-08-11,17.950000762939453,18.18000030517578,17.010000228881836,17.280000686645508,1416900,0.0460373497990727,5.0,0.029153805434413583,-0.2493438587380593,3,8
2011-08-12,17.969999313354492,18.11000061035156,17.65999984741211,18.11000061035156,771300,0.0011141253239570492,0.0,0.031628776103709795,-0.22058183987166846,4,8
2011-08-15,18.229999542236328,18.229999542236328,17.739999771118164,18.09000015258789,685400,0.014468571998698776,1.0,0.031439211780276255,-0.19561328600649863,0,8
2011-08-16,17.729999542236328,18.100000381469727,17.520000457763672,17.969999313354492,1337300,-0.027427318297050474,-3.0,0.031808227222895495,-0.1847048727808731,1,8
2011-08-17,17.780000686645508,17.969999313354492,17.510000228881836,17.799999237060547,1110300,0.002820143581508061,0.0,0.03198047023393234,-0.19114965873513023,2,8
2011-08-18,16.84000015258789,17.479999542236328,16.729999542236328,17.270000457763672,2453200,-0.05286841944633036,-5.0,0.03141941555031599,-0.20447425578628542,3,8
2011-08-19,16.389999389648438,17.270000457763672,16.360000610351562,16.670000076293945,1720400,-0.02672213532434553,-3.0,0.032751539551311076,-0.23419734752768495,4,8
2011-08-22,16.610000610351562,16.979999542236328,16.389999389648438,16.829999923706055,943200,0.01342289377033623,1.0,0.03281889787865354,-0.2529626713451476,0,8
2011-08-23,17.43000030517578,17.440000534057617,16.440000534057617,16.670000076293945,1310300,0.04936783050526716,5.0,0.033191131533177806,-0.24396899729281485,1,8
2011-08-24,17.510000228881836,17.68000030517578,17.110000610351562,17.3799991607666,765000,0.0045897832647943115,0.0,0.03581671797177652,-0.2044728239815794,2,8
2011-08-25,16.799999237060547,17.75,16.780000686645508,17.600000381469727,1202800,-0.04054831425131444,-4.0,0.0359331422326521,-0.19826006838159194,3,8
2011-08-26,17.219999313354492,17.219999313354492,16.360000610351562,16.549999237060547,1121600,0.025000005676633075,3.0,0.03635366021937736,-0.20866699956175006,4,8
2011-08-29,18.020000457763672,18.040000915527344,17.3799991607666,17.399999618530273,796200,0.04645767574385218,5.0,0.03716419376246398,-0.18388630322124055,0,8
2011-08-30,17.860000610351562,18.0,17.639999389648438,17.90999984741211,1054200,-0.008879014614185277,-1.0,0.03904136102613086,-0.1332371493882356,1,8
2011-08-31,18.0,18.440000534057617,17.780000686645508,17.989999771118164,1022400,0.007838711358570505,1.0,0.038955657099911424,-0.12536726035149948,2,8
2011-09-01,17.559999465942383,18.270000457763672,17.5,18.010000228881836,1202500,-0.024444474114312054,-2.0,0.03861660112029244,-0.09044976415958117,3,9
2011-09-02,16.780000686645508,17.399999618530273,16.690000534057617,17.149999618530273,1061000,-0.04441906623116265,-4.0,0.03870993721087685,-0.12243881733710316,4,9
2011-09-06,16.520000457763672,16.559999465942383,16.049999237060547,16.219999313354492,1308100,-0.015494649478099198,-2.0,0.038962629296017535,-0.12740503972502437,1,9
2011-09-07,17.15999984741211,17.18000030517578,16.610000610351562,16.799999237060547,1112900,0.038740882077134886,4.0,0.03863304575531163,-0.11420907261844016,2,9
2011-09-08,16.639999389648438,17.1299991607666,16.59000015258789,17.030000686645508,1164700,-0.030303057248691756,-3.0,0.03513753065936916,0.00527241676607515,3,9
2011-09-09,15.90999984741211,16.469999313354492,15.75,16.469999313354492,1671500,-0.04387016640700436,-4.0,0.032848046981036085,-0.08167778041049889,4,9
2011-09-12,16.200000762939453,16.200000762939453,15.609999656677246,15.609999656677246,862500,0.018227587574396686,2.0,0.03221647532269965,-0.07284382349155505,0,9
2011-09-13,16.530000686645508,16.6200008392334,16.09000015258789,16.299999237060547,1336300,0.020370364701524757,2.0,0.0306280389184509,-0.09749303206789528,1,9
2011-09-14,17.15999984741211,17.420000076293945,16.459999084472656,16.780000686645508,1223400,0.03811247033253751,4.0,0.03108698484153685,-0.08013348256718311,2,9
2011-09-15,17.280000686645508,17.920000076293945,16.959999084472656,17.34000015258789,1053700,0.0069930559615649646,1.0,0.03217958021516445,-0.05869444441538141,3,9
2011-09-16,17.059999465942383,17.56999969482422,16.989999771118164,17.440000534057617,1678200,-0.01273155161811701,-1.0,0.031713352597708695,-0.025380646768706105,4,9
2011-09-19,16.6200008392334,16.920000076293945,16.420000076293945,16.739999771118164,1090200,-0.025791245045896583,-3.0,0.03180742042007805,-0.0404950052248263,0,9
2011-09-20,16.09000015258789,16.950000762939453,16.079999923706055,16.709999084472656,1470400,-0.031889329716180304,-3.0,0.03012457392189868,-0.013064092123578952,1,9
2011-09-21,15.449999809265137,16.530000686645508,15.350000381469728,16.1299991607666,2265100,-0.039776279506114065,-4.0,0.03037217104316654,-0.018303797939737576,2,9
2011-09-22,14.979999542236328,15.420000076293944,14.699999809265137,14.90999984741211,2200300,-0.030420729633081067,-3.0,0.03136058092256667,-0.06983749298380515,3,9
2011-09-23,15.289999961853027,15.3100004196167,14.770000457763672,14.960000038146973,1550100,0.02069428765619441,2.0,0.02947902903598794,-0.14056229030655454,4,9
2011-09-26,15.4399995803833,15.539999961853027,14.859999656677246,15.40999984741211,1526800,0.009810308626848174,1.0,0.029994381576432503,-0.1267847080531177,0,9
2011-09-27,16.0,16.3799991607666,15.489999771118164,15.90999984741211,1867200,0.036269458214764905,4.0,0.029094255434762822,-0.0809523641927975,1,9
2011-09-28,15.550000190734863,16.209999084472656,15.529999732971191,16.059999465942383,1468500,-0.028124988079071045,-3.0,0.029744971587201005,-0.07084781428582032,2,9
2011-09-29,15.90999984741211,16.079999923706055,15.399999618530272,15.9399995803833,1465900,0.023151103039326326,2.0,0.027932863333125748,-0.13706993364501507,3,9
2011-09-30,15.380000114440918,16.100000381469727,15.359999656677246,15.630000114440918,1848100,-0.033312365685371104,-3.0,0.028668331354902415,-0.10918256978161822,4,9
2011-10-03,14.520000457763672,15.579999923706056,14.5,15.220000267028809,1833500,-0.05591675229376347,-6.0,0.029142340736301297,-0.14555554919772673,0,10
2011-10-04,15.380000114440918,15.399999618530272,14.25,14.300000190734863,2094200,0.05922862462565659,6.0,0.03084093920030083,-0.17312067771270656,1,10
2011-10-05,15.970000267028809,16.049999237060547,15.15999984741211,15.399999618530272,1790100,0.03836151808828103,4.0,0.033030552876773735,-0.08343268861239028,2,10
2011-10-06,16.510000228881836,16.530000686645508,15.800000190734863,15.93000030517578,1752800,0.03381339717118825,3.0,0.03413483348742755,-0.03329298883138876,3,10
2011-10-07,16.3700008392334,16.84000015258789,16.309999465942383,16.600000381469727,1936600,-0.008479672180956688,-1.0,0.03386344903229132,-0.037878765985437934,4,10
2011-10-10,17.260000228881836,17.299999237060547,16.59000015258789,16.649999618530273,1440000,0.05436770580459638,5.0,0.03325804274707815,-0.0162258750191423,0,10
2011-10-11,17.030000686645508,17.25,16.81999969482422,17.06999969482422,1526800,-0.013325581644631823,-1.0,0.03372169627107209,0.08485231894513912,1,10
2011-10-12,17.56999969482422,17.799999237060547,17.049999237060547,17.25,1069800,0.03170868974786156,3.0,0.03377892400348238,0.0512345607788387,2,10
2011-10-13,17.540000915527344,17.59000015258789,17.100000381469727,17.40999984741211,1018400,-0.0017073864438206243,-0.0,0.034160192684835826,0.06291584785104809,3,10
2011-10-14,18.1299991607666,18.190000534057617,17.670000076293945,17.75,1131000,0.03363729842892771,3.0,0.033233333529811546,0.02214458458591073,4,10
2011-10-17,17.549999237060547,18.149999618530277,17.489999771118164,18.010000228881836,1226000,-0.031991172121021205,-3.0,0.03395166185894388,0.049189724557013426,0,10
2011-10-18,18.0,18.1200008392334,17.31999969482422,17.59000015258789,1587200,0.0256410702280363,3.0,0.034646245046228485,0.028722144575465736,1,10
2011-10-19,17.489999771118164,18.030000686645508,17.43000030517578,17.959999084472656,743000,-0.02833334604899085,-3.0,0.03440648220078251,0.08303243628658286,2,10
2011-10-20,17.65999984741211,17.700000762939453,17.100000381469727,17.479999542236328,1099100,0.009719844397863886,1.0,0.034227400197507314,0.08701054103502281,3,10
2011-10-21,18.010000228881836,18.1200008392334,17.729999542236328,18.059999465942383,711600,0.01981882131901691,2.0,0.03269307846109162,0.1430420754323678,4,10
2011-10-24,18.56999969482422,18.690000534057617,18.049999237060547,18.11000061035156,1014800,0.031093806708804905,3.0,0.03164738191443078,0.20226974494240646,0,10
2011-10-25,17.93000030517578,18.43000030517578,17.8799991607666,18.38999938964844,1195600,-0.034464157251807404,-3.0,0.0319150375389105,0.21451927672690996,1,10
2011-10-26,18.06999969482422,18.40999984741211,17.540000915527344,18.209999084472656,1855300,0.007808108603769792,1.0,0.03334351900257852,0.16126948137719221,2,10
2011-10-27,21.280000686645508,23.31999969482422,19.34000015258789,19.34000015258789,4741500,0.17764255927136108,18.0,0.032695224730327196,0.12937498092651367,3,10
2011-10-28,21.790000915527344,21.8799991607666,21.09000015258789,21.200000762939453,2355500,0.02396617539593837,2.0,0.048748749192319474,0.36848877335221797,4,10
2011-10-31,20.82999992370605,21.5,20.809999465942383,21.36000061035156,1745700,-0.04405695050417391,-4.0,0.04875495352925821,0.3695789518861412,0,10
2011-11-01,19.84000015258789,20.690000534057617,19.739999771118164,20.690000534057617,2626300,-0.047527593602699425,-5.0,0.0493527577030486,0.35435629185385387,1,11
2011-11-02,20.36000061035156,20.56999969482422,19.950000762939453,19.950000762939453,1564000,0.026209700290543703,3.0,0.04877511897610357,0.3663911520043843,2,11
2011-11-03,21.5,21.6200008392334,20.280000686645508,20.6200008392334,2055300,0.055992109797326606,6.0,0.04783657105215012,0.32379716897626754,3,11
2011-11-04,21.34000015258789,21.5,21.01000022888184,21.190000534057617,1586000,-0.007441853368005069,-1.0,0.048427871434348915,0.3462742417348774,4,11
2011-11-07,21.38999938964844,21.489999771118164,20.670000076293945,21.280000686645508,1023600,0.0023429820385678646,0.0,0.048476535763034755,0.29254996103856334,0,11
2011-11-08,22.0,22.07999992370605,21.149999618530277,21.489999771118164,2014400,0.028518028413164087,3.0,0.04829006454083461,0.3066584174133815,1,11
2011-11-09,20.690000534057617,21.46999931335449,20.6200008392334,21.280000686645508,1930700,-0.05954543027010828,-6.0,0.0475293969195084,0.27462338981818424,2,11
2011-11-10,20.81999969482422,21.07999992370605,20.489999771118164,21.06999969482422,1116100,0.006283187888401098,1.0,0.04980704654472567,0.21491483851096893,3,11
2011-11-11,21.3799991607666,21.59000015258789,20.920000076293945,21.1299991607666,822400,0.02689718896017057,3.0,0.04957240697082908,0.18497439137448524,4,11
2011-11-14,21.040000915527344,21.3799991607666,20.82999992370605,21.21999931335449,794600,-0.01590263136507375,-2.0,0.04965008641915884,0.218928052725464,0,11
2011-11-15,21.270000457763672,21.399999618530277,20.670000076293945,20.8700008392334,969300,0.01093153670286151,1.0,0.04967674950254628,0.16050755043927412,1,11
2011-11-16,21.0,21.5,20.559999465942383,20.75,1456100,-0.012693956368257653,-1.0,0.0488149901590456,0.21196589073619743,2,11
2011-11-17,20.489999771118164,20.86000061035156,20.21999931335449,20.780000686645508,1463900,-0.024285725184849283,-2.0,0.04892794625860507,0.16666666666666674,3,11
2011-11-18,20.530000686645508,20.690000534057617,20.25,20.56999969482422,1000400,0.001952216494591097,0.0,0.0487835963555487,0.17152658886559857,4,11
2011-11-21,20.09000015258789,20.21999931335449,19.670000076293945,20.049999237060547,983700,-0.02143207595428054,-2.0,0.048804391909802416,0.16251420521127402,0,11
2011-11-22,19.59000015258789,20.11000061035156,19.43000030517578,20.01000022888184,1138100,-0.024888003793050895,-2.0,0.04914502163465664,0.11549138796625069,1,11
2011-11-23,19.01000022888184,19.530000686645508,18.850000381469727,19.399999618530277,1168800,-0.02960693819236293,-3.0,0.04925104938897667,0.05492732765353603,2,11
2011-11-25,18.6299991607666,19.209999084472656,18.61000061035156,18.93000030517578,502500,-0.019989535167806216,-2.0,0.04907427443120709,0.06023423900301328,4,11
2011-11-28,19.959999084472656,19.979999542236328,19.280000686645508,19.34000015258789,1415400,0.07139022993124633,7.0,0.049336790042802815,0.030990563110124603,0,11
2011-11-29,19.489999771118164,20.06999969482422,19.399999618530277,19.979999542236328,1199900,-0.02354706086735825,-2.0,0.03333502651309616,-0.06203014847650978,1,11
2011-11-30,20.82999992370605,20.850000381469727,20.13999938964844,20.36000061035156,1679600,0.0687532154091457,7.0,0.03305884684150969,-0.1055530540510543,2,11
2011-12-01,20.6299991607666,20.920000076293945,20.600000381469727,20.739999771118164,1170800,-0.009601572907920852,-1.0,0.03543756248907323,0.0,3,12
2011-12-02,20.90999984741211,21.040000915527344,20.690000534057617,20.690000534057617,1019500,0.013572501116626556,1.0,0.03379083962497888,0.039818498089863485,4,12
2011-12-05,21.09000015258789,21.450000762939453,20.920000076293945,21.21999931335449,1295400,0.008608336034878539,1.0,0.03345643257018527,0.027013714173511172,0,12
2011-12-06,20.71999931335449,21.239999771118164,20.6200008392334,21.170000076293945,1480100,-0.017543899315145328,-2.0,0.031135873613333365,-0.019069760344749276,1,12
2011-12-07,20.76000022888184,20.86000061035156,20.13999938964844,20.549999237060547,830500,0.0019305461801617518,0.0,0.03132657168135003,-0.02905345992503261,2,12
2011-12-08,20.18000030517578,20.809999465942383,20.1200008392334,20.61000061035156,1008700,-0.027938338984175304,-3.0,0.03132453827926171,-0.02945297703334604,3,12
2011-12-09,21.049999237060547,21.13999938964844,20.270000457763672,20.299999237060547,1536400,0.043111938489992285,4.0,0.031089724306610972,-0.08272725885564636,4,12
2011-12-12,20.34000015258789,20.729999542236328,19.959999084472656,20.709999084472656,869200,-0.03372917388151897,-3.0,0.029909885163107844,0.017399646868560437,0,12
2011-12-13,19.649999618530277,20.729999542236328,19.57999992370605,20.520000457763672,1298600,-0.03392332983683999,-3.0,0.030832651848591096,-0.02305473339443198,1,12
2011-12-14,19.15999984741211,19.76000022888184,19.030000686645508,19.479999542236328,1535800,-0.024936375604612704,-2.0,0.030970206415231495,-0.08091672638654557,2,12
2011-12-15,19.68000030517578,19.770000457763672,19.290000915527344,19.51000022888184,1517300,0.027139898846810562,3.0,0.031211964666031836,-0.08935365904512915,3,12
2011-12-16,19.770000457763672,20.670000076293945,19.670000076293945,19.780000686645508,2114000,0.004573178414241319,0.0,0.031794464577991,-0.07475317904882939,4,12
2011-12-19,18.8799991607666,20.1200008392334,18.809999465942383,19.93000030517578,1356300,-0.04501776815324088,-5.0,0.03176051050132986,-0.05857140677315853,0,12
2011-12-20,19.799999237060547,19.899999618530277,19.36000061035156,19.36000061035156,943800,0.04872881976635579,5.0,0.0327806665910176,-0.07857494525797659,1,12
2011-12-21,18.600000381469727,19.649999618530277,18.309999465942383,19.649999618530277,1857600,-0.060606005142905706,-6.0,0.034694940821061206,-0.03555778982802549,2,12
2011-12-22,18.709999084472656,19.01000022888184,18.6200008392334,18.690000534057617,1399400,0.005913908642309229,1.0,0.036827046609552175,-0.07416623991046756,3,12
2011-12-23,18.649999618530277,18.850000381469727,18.450000762939453,18.82999992370605,790700,-0.0032068128743081292,-0.0,0.03652488524185661,-0.044920932172580086,4,12
2011-12-27,18.81999969482422,18.959999084472656,18.57999992370605,18.6299991607666,789000,0.009115285778613869,1.0,0.03596118056815849,-0.018937433246561164,1,12
2011-12-28,18.270000457763672,18.82999992370605,18.229999542236328,18.82999992370605,683200,-0.029224189478164853,-3.0,0.035724508585804546,0.010198633527463752,2,12
2011-12-29,18.3700008392334,18.5,18.25,18.25,503200,0.005473474491744401,1.0,0.03241804742438495,-0.08466927375881861,3,12
2011-12-30,18.26000022888184,18.479999542236328,18.25,18.290000915527344,519700,-0.005988056903983741,-1.0,0.03214738648702436,-0.057465312726399764,4,12
2012-01-03,18.700000762939453,18.959999084472656,18.56999969482422,18.709999084472656,1246300,0.024096414487534634,2.0,0.027716885490281132,-0.1233797265596418,1,1
2012-01-04,18.18000030517578,18.600000381469727,18.15999984741211,18.530000686645508,701400,-0.027807509975840916,-3.0,0.02845645198682959,-0.09355300418516499,2,1
2012-01-05,18.450000762939453,18.6299991607666,17.8700008392334,18.100000381469727,766300,0.014851510078732089,1.0,0.02859091323371285,-0.13055951995017356,3,1
2012-01-06,17.959999084472656,18.350000381469727,17.860000610351562,18.31999969482422,1366200,-0.02655835545823193,-3.0,0.028784928188142427,-0.125177779542334,4,1
2012-01-09,18.190000534057617,18.489999771118164,17.84000015258789,17.959999084472656,1346000,0.012806317444849391,1.0,0.029032590964671406,-0.13320464866535742,0,1
2012-01-10,18.959999084472656,19.020000457763672,18.26000022888184,18.6200008392334,1160200,0.04233087013787329,4.0,0.029284181358718353,-0.12379574501395108,1,1
2012-01-11,19.11000061035156,19.170000076293945,18.809999465942383,18.81999969482422,781700,0.007911473265932,1.0,0.030619827803229055,-0.06045595650413438,2,1
2012-01-12,19.209999084472656,19.350000381469727,18.809999465942383,19.11000061035156,1257600,0.00523278236144753,1.0,0.028912998928349917,-0.09216145829085987,3,1
2012-01-13,19.420000076293945,19.43000030517578,18.93000030517578,19.0,1353900,0.010931858502327252,1.0,0.028163287560028488,-0.05555560765182499,4,1
2012-01-17,19.309999465942383,19.82999992370605,19.270000457763672,19.76000022888184,964300,-0.005664295052492885,-1.0,0.027336831727370895,-0.01170481153696501,1,1
2012-01-18,20.25,20.26000022888184,19.200000762939453,19.209999084472656,996400,0.04867946970767778,5.0,0.026782833476942464,0.007828790173530997,2,1
2012-01-19,20.899999618530277,20.93000030517578,20.26000022888184,20.38999938964844,1264700,0.032098746594087846,3.0,0.028219309823199316,0.02896339867811437,3,1
2012-01-20,21.18000030517578,21.25,20.549999237060547,20.82999992370605,927800,0.013397162284981556,1.0,0.02898624826975568,0.05715726528083387,4,1
2012-01-23,20.940000534057617,21.43000030517578,20.71999931335449,20.950000762939453,917700,-0.011331433789428025,-1.0,0.026868055232856604,0.12182209992830262,0,1
2012-01-24,21.46999931335449,21.5,20.81999969482422,20.81999969482422,858400,0.025310351756431926,3.0,0.02521978873094016,0.05757582529918892,1,1
2012-01-25,21.56999969482422,21.649999618530277,21.170000076293945,21.40999984741211,1042500,0.0046576797702797545,0.0,0.021006851296540383,0.15430101467868806,2,1
2012-01-26,25.63999938964844,26.479999542236328,23.030000686645508,23.100000381469727,6970500,0.1886879811037192,19.0,0.0210120816845282,0.15285947355951857,3,1
2012-01-27,25.799999237060547,26.57999992370605,25.450000762939453,25.479999542236328,2936600,0.006240243807365431,1.0,0.044710697373552315,0.3747989230076465,4,1
2012-01-30,24.979999542236328,25.790000915527344,24.8700008392334,25.049999237060547,2760900,-0.031782934847778055,-3.0,0.044737686929064456,0.37088202207335486,0,1
2012-01-31,25.170000076293945,25.34000015258789,24.850000381469727,25.239999771118164,2141600,0.007606106386685907,1.0,0.04487032131673435,0.36726868726603135,1,1
2012-02-01,25.71999931335449,25.84000015258789,25.09000015258789,25.25,1751900,0.021851380031522316,2.0,0.04484798804033217,0.3701686949593148,2,2
2012-02-02,25.6200008392334,26.0,25.51000022888184,25.68000030517578,1062900,-0.0038879656606043422,-0.0,0.04457660637973499,0.4085432087056149,3,2
2012-02-03,25.940000534057617,26.030000686645508,25.76000022888184,26.01000022888184,1393600,0.012490229677673659,1.0,0.04478145756012838,0.37005346491794433,4,2
2012-02-06,26.11000061035156,26.170000076293945,25.600000381469727,25.709999084472656,1850000,0.006553588002850663,1.0,0.043660710933484954,0.4268426896930575,0,2
2012-02-07,26.270000457763672,26.450000762939453,25.6200008392334,26.0,2156600,0.0061279143497483535,1.0,0.043727159903342715,0.4151761263229192,1,2
2012-02-08,27.049999237060547,27.25,26.26000022888184,26.549999237060547,2176500,0.029691616509521568,3.0,0.04264880385266882,0.4626949775557305,2,2
2012-02-09,26.950000762939453,27.049999237060547,26.030000686645508,26.96999931335449,1947900,-0.0036968013656757392,-0.0,0.042684174678911946,0.487080728030443,3,2
2012-02-10,27.09000015258789,27.15999984741211,26.36000061035156,26.65999984741211,1511200,0.005194782400190556,1.0,0.04265453921436849,0.421413610985363,4,2
2012-02-13,27.459999084472656,27.729999542236328,27.07999992370605,27.5,946200,0.013658136943547339,1.0,0.04268972602934451,0.4175823802911709,0,2
2012-02-14,27.6299991607666,27.690000534057617,27.1200008392334,27.270000457763672,933100,0.006190826000066041,1.0,0.04260776702824876,0.4294638413943721,1,2
2012-02-15,26.8799991607666,27.75,26.700000762939453,27.709999084472656,1081900,-0.027144409076384157,-3.0,0.0426593062787278,0.42275999239024853,2,2
2012-02-16,27.209999084472656,27.489999771118164,26.81999969482422,26.81999969482422,977300,0.012276783259268731,1.0,0.04349727025683216,0.3920248526249652,3,2
2012-02-17,26.530000686645508,27.489999771118164,26.459999084472656,27.350000381469727,1362000,-0.02499075416048757,-2.0,0.0428798635783804,0.34370365849247686,4,2
2012-02-21,26.40999984741211,26.959999084472656,26.25,26.739999771118164,1425600,-0.004523212820488287,-0.0,0.043543623316969045,0.26937804645333974,1,2
2012-02-22,26.290000915527344,26.790000915527344,26.18000030517578,26.399999618530277,947700,-0.0045436930169662215,-0.0,0.04369520555194139,0.24693104187341608,2,2
2012-02-23,26.63999938964844,26.770000457763672,26.0,26.36000061035156,2420500,0.013312988281958704,1.0,0.0435435708263281,0.2554918932675423,3,2
2012-02-24,26.57999992370605,27.0,26.420000076293945,26.61000061035156,897600,-0.0022522322566457254,-0.0,0.043434815055633146,0.240801129093571,4,2
2012-02-27,26.549999237060547,26.68000030517578,25.90999984741211,26.36000061035156,1201900,-0.0011286940079614505,-0.0,0.04351249302706067,0.2322670514494256,0,2
2012-02-28,26.600000381469727,26.850000381469727,26.31999969482422,26.63999938964844,887400,0.0018832823294165912,0.0,0.015254310189544625,0.03549141455048144,1,2
2012-02-29,26.700000762939453,27.280000686645508,26.520000457763672,26.600000381469727,2040800,0.0037594127832940583,0.0,0.015220111771353791,0.031007797211870303,2,2
2012-03-01,27.3700008392334,27.90999984741211,26.5,26.770000457763672,1745800,0.025093635099214362,3.0,0.013163467084568111,0.0688551341962571,3,3
2012-03-02,26.799999237060547,27.56999969482422,26.68000030517578,27.280000686645508,1347500,-0.020825779491967955,-2.0,0.01398006597848882,0.0874056716833902,4,3
2012-03-05,26.5,26.81999969482422,26.299999237060547,26.75,1040000,-0.011194001701525846,-1.0,0.014365849872517716,0.041990666894975215,0,3
2012-03-06,26.040000915527344,26.299999237060547,25.8799991607666,26.09000015258789,1685100,-0.017358456017836033,-2.0,0.014603573436605722,0.03434813161360273,1,3
2012-03-07,26.06999969482422,26.21999931335449,25.8700008392334,26.1299991607666,1204500,0.0011520268142151124,0.0,0.014950453233445333,0.0038550647421318196,2,3
2012-03-08,26.3799991607666,26.520000457763672,25.920000076293945,26.520000457763672,768700,0.01189104217764636,1.0,0.014883614500004196,-0.0015320151126875237,3,3
2012-03-09,27.270000457763672,27.299999237060547,26.100000381469727,26.489999771118164,1356100,0.033737730299882474,3.0,0.015053784371672313,0.004187236432667163,4,3
2012-03-12,27.71999931335449,27.940000534057617,27.1200008392334,27.290000915527344,2059500,0.016501607922148054,2.0,0.015468851184148404,0.008133132233205664,0,3
2012-03-13,28.25,28.3700008392334,27.68000030517578,27.93000030517578,1346800,0.019119794364142573,2.0,0.01581886887316875,0.028571373974649594,1,3
2012-03-14,28.030000686645508,28.43000030517578,27.84000015258789,28.229999542236328,867700,-0.007787586313433348,-1.0,0.016268646575670363,0.04282022299292221,2,3
2012-03-15,28.309999465942383,28.34000015258789,27.850000381469727,28.149999618530277,1077000,0.009989253387006736,1.0,0.016181322763641953,0.020757524441985975,3,3
2012-03-16,27.8799991607666,28.38999938964844,27.81999969482422,28.190000534057617,1797300,-0.015188990225629695,-2.0,0.01626206315146842,0.02461094194100988,4,3
2012-03-19,28.01000022888184,28.25,27.51000022888184,27.71999931335449,926500,0.00466287919757824,0.0,0.015403680146344073,0.03720238211389448,0,3
2012-03-20,27.56999969482422,27.959999084472656,27.350000381469727,27.959999084472656,664600,-0.01570869441135969,-2.0,0.015234754585323727,0.029400998578706483,1,3
2012-03-21,27.540000915527344,27.940000534057617,27.309999465942383,27.59000015258789,837200,-0.0010880950173716153,-0.0,0.014547163114809445,0.03920086623677399,2,3
2012-03-22,27.450000762939453,27.6299991607666,27.18000030517578,27.270000457763672,825300,-0.003267979288161471,-0.0,0.01449013758294807,0.04278686386383912,3,3
2012-03-23,27.65999984741211,27.68000030517578,27.0,27.450000762939453,667600,0.007650239658870239,1.0,0.014463556975662383,0.04412323343537783,4,3
2012-03-26,28.3799991607666,28.5,27.790000915527344,27.899999618530277,916600,0.02603034408266125,3.0,0.014297002381413872,0.038288306348836176,0,3
2012-03-27,28.5,28.709999084472656,28.270000457763672,28.34000015258789,1045700,0.004228359506059931,0.0,0.015191653313273068,0.06772006178431833,1,3
2012-03-28,27.979999542236328,28.549999237060547,27.75,28.420000076293945,1140400,-0.01824563009697089,-2.0,0.015159668713150385,0.07344635853011594,2,3
2012-03-29,27.989999771118164,28.1299991607666,27.5,27.649999618530277,703600,0.00035740632757130797,0.0,0.015885298397951733,0.051879666953988046,3,3
2012-03-30,27.940000534057617,28.36000061035156,27.899999618530277,28.229999542236328,1074400,-0.0017863250257021956,-0.0,0.015889491064471597,0.04831456821414304,4,3
2012-04-02,28.5,28.520000457763672,27.350000381469727,27.770000457763672,1952300,0.02004292967925214,2.0,0.01502659340232041,0.02082570980440579,0,4
2012-04-03,28.40999984741211,28.950000762939453,28.21999931335449,28.540000915527344,1596500,-0.0031579000908031896,-0.0,0.01468915880230844,0.06343286609458532,1,4
2012-04-04,27.200000762939453,28.09000015258789,27.030000686645508,28.030000686645508,1740500,-0.0425906051028323,-4.0,0.0144018017555148,0.07207546594007952,2,4
2012-04-05,21.459999084472656,22.71999931335449,21.020000457763672,21.989999771118164,12754700,-0.2110294675538269,-21.0,0.017033850962394355,0.044546843572513595,3,4
2012-04-09,20.959999084472656,21.09000015258789,20.149999618530277,20.989999771118164,3412800,-0.023299162224185488,-2.0,0.04956399894406435,-0.17683163269337532,0,4
2012-04-10,20.209999084472656,21.170000076293945,20.01000022888184,21.0,2781100,-0.03578244431105948,-4.0,0.049456623433878986,-0.20545869024722285,1,4
2012-04-11,20.59000015258789,20.709999084472656,20.239999771118164,20.40999984741211,2168900,0.01880262668627175,2.0,0.04873472425264767,-0.2588926019354377,2,4
2012-04-12,20.90999984741211,20.989999771118164,20.440000534057617,20.56999969482422,1551000,0.015541510075413933,2.0,0.04880660626742648,-0.257214983311043,3,4
2012-04-13,20.850000381469727,21.020000457763672,20.63999938964844,20.75,1742100,-0.002869414939274062,-0.0,0.04869584706350009,-0.2598230142508988,4,4
2012-04-16,20.540000915527344,21.09000015258789,20.420000076293945,20.950000762939453,1480700,-0.014868079629288267,-1.0,0.04873365117577785,-0.25615412519759906,0,4
2012-04-17,21.239999771118164,21.549999237060547,20.700000762939453,20.770000457763672,1605500,0.0340797869712679,3.0,0.048456077334760685,-0.2744612750615745,1,4
2012-04-18,21.049999237060547,21.309999465942383,20.93000030517578,21.25,1991700,-0.008945411304381312,-1.0,0.04956968383196932,-0.23816354338318646,2,4
2012-04-19,20.299999237060547,21.25,20.190000534057617,21.100000381469727,1869600,-0.035629454973069685,-4.0,0.049436072933443966,-0.24848271813452738,3,4
2012-04-20,20.25,20.739999771118164,20.21999931335449,20.65999984741211,1956700,-0.0024630166965359246,-0.0,0.04969748250645965,-0.26369243881886895,4,4
2012-04-23,20.020000457763672,20.11000061035156,19.559999465942383,19.81999969482422,1721200,-0.011358002085744556,-1.0,0.04968172184827444,-0.26470590679672645,0,4
2012-04-24,19.36000061035156,19.989999771118164,19.350000381469727,19.979999542236328,2321400,-0.03296702459145884,-3.0,0.04963219708141447,-0.2706739562356263,1,4
2012-04-25,20.229999542236328,20.3700008392334,19.51000022888184,19.700000762939453,2408000,0.04493795994095118,4.0,0.049554637095543586,-0.3000722806524927,2,4
2012-04-26,22.290000915527344,22.739999771118164,19.540000915527344,19.549999237060547,4938000,0.10182903706893964,10.0,0.050509866074107346,-0.28717406129444456,3,4
2012-04-27,22.270000457763672,22.520000457763672,22.06999969482422,22.350000381469727,3666200,-0.000897283846665986,-0.0,0.05646957667977481,-0.21789470471833883,4,4
2012-04-30,21.57999992370605,22.200000762939453,21.559999465942383,22.149999618530277,1516200,-0.030983409064864964,-3.0,0.056469376193563084,-0.20407430943139604,0,4
2012-05-01,22.07999992370605,22.18000030517578,21.350000381469727,21.520000457763672,3133300,0.023169601564768216,2.0,0.0566196228306836,-0.22901035726432384,1,5
2012-05-02,22.15999984741211,22.25,21.649999618530277,21.81999969482422,1234700,0.003623184962974868,0.0,0.05707476104990507,-0.20973516457913044,2,5
2012-05-03,21.530000686645508,22.25,21.399999618530277,22.059999465942383,1128200,-0.02842956521230189,-3.0,0.05676214572378299,-0.2224561457048383,3,5
2012-05-04,21.170000076293945,21.34000015258789,21.030000686645508,21.34000015258789,1066500,-0.016720882437075923,-2.0,0.056872469688451895,-0.24216822237657654,4,5
2012-05-07,21.270000457763672,21.40999984741211,20.93000030517578,21.06999969482422,887600,0.004723683566808523,0.0,0.05644242226216312,-0.22169119549663785,0,5
2012-05-08,21.32999992370605,21.43000030517578,20.809999465942383,21.030000686645508,1125800,0.0028208493018850866,0.0,0.032703022235850414,-0.008853617652130219,1,5
2012-05-09,21.18000030517578,21.40999984741211,20.75,21.09000015258789,844300,-0.007032330945466181,-1.0,0.03226348870149938,0.01765271256655221,2,5
2012-05-10,20.09000015258789,21.5,20.0,21.43000030517578,2241800,-0.05146365141087961,-5.0,0.031203167503150792,0.04799610413878619,3,5
2012-05-11,20.239999771118164,20.649999618530277,19.950000762939453,19.979999542236328,1399500,0.0074663821498752725,1.0,0.03309818863116916,-0.02428363265151101,4,5
2012-05-14,20.40999984741211,20.530000686645508,19.989999771118164,20.030000686645508,1749400,0.008399213350611223,1.0,0.03294708910445514,-0.03204208900923866,0,5
2012-05-15,20.540000915527344,20.780000686645508,20.25,20.399999618530277,1178800,0.006369479132148026,1.0,0.03300762480935298,-0.021103142734168245,1,5
2012-05-16,20.26000022888184,20.86000061035156,20.25,20.670000076293945,898500,-0.013631970504628166,-1.0,0.032870775530451146,0.0,2,5
2012-05-17,20.0,20.420000076293945,20.0,20.25,1110300,-0.012833179957776775,-1.0,0.032073041679122886,-0.04613933864391628,3,5
2012-05-18,19.979999542236328,20.34000015258789,19.8700008392334,20.0,1515300,-0.0010000228881835715,-0.0,0.032127700707381183,-0.04988120071814173,4,5
2012-05-21,20.790000915527344,20.84000015258789,19.82999992370605,20.01000022888184,995100,0.040540610202654426,4.0,0.03118787600857704,-0.015763532357184196,0,5
2012-05-22,20.979999542236328,21.3799991607666,20.6200008392334,20.86000061035156,832800,0.009138942681194528,1.0,0.032426427334125686,0.0266667118778936,1,5
2012-05-23,20.38999938964844,20.809999465942383,19.950000762939453,20.670000076293945,2455200,-0.028122028858967085,-3.0,0.032320736591981536,0.047952001124973664,2,5
2012-05-24,20.270000457763672,20.56999969482422,20.11000061035156,20.40999984741211,1994300,-0.005885185653594971,-1.0,0.03206959412573297,0.05320241460871422,3,5
2012-05-25,20.420000076293945,20.6200008392334,20.290000915527344,20.40999984741211,627700,0.007400079681439742,1.0,0.030627626246204624,0.0019773067934989452,4,5
2012-05-29,20.809999465942383,20.850000381469727,20.309999465942383,20.6200008392334,854000,0.019098892663629075,2.0,0.020151532948635996,-0.08389415712992387,1,5
2012-05-30,20.46999931335449,20.709999084472656,20.290000915527344,20.549999237060547,839100,-0.016338306646491607,-2.0,0.020766962478651476,-0.06555909123532644,2,5
2012-05-31,20.200000762939453,20.559999465942383,19.690000534057617,20.530000686645508,1595300,-0.013189963823735495,-1.0,0.02001305893684292,-0.051436543756990694,3,5
2012-06-01,19.01000022888184,19.729999542236328,18.979999542236328,19.729999542236328,973900,-0.058910915302581746,-6.0,0.019256143716452,-0.08514488982167745,4,6
2012-06-04,18.950000762939453,19.170000076293945,18.68000030517578,19.030000686645508,1177700,-0.00315620542977324,-0.0,0.022561598807396898,-0.14214799820488866,0,6
2012-06-05,19.36000061035156,19.3700008392334,18.68000030517578,18.790000915527344,1249100,0.02163587498180708,2.0,0.02203076356819494,-0.11983278408840747,1,6
2012-06-06,20.399999618530277,20.43000030517578,19.530000686645508,19.59000015258789,1100500,0.05371895534045823,5.0,0.02266320443055724,-0.08549832118183198,2,6
2012-06-07,20.32999992370605,20.8700008392334,20.31999969482422,20.770000457763672,930300,-0.0034313576535874857,-0.0,0.025897238701037117,-0.040902718406658045,3,6
2012-06-08,20.600000381469727,20.690000534057617,20.13999938964844,20.31999969482422,454300,0.013280888282190206,1.0,0.025879016155202664,-0.046882325531028446,4,6
2012-06-11,19.850000381469727,20.780000686645508,19.81999969482422,20.770000457763672,689800,-0.0364077663160941,-4.0,0.026059073078894903,-0.02738432083800868,0,6
2012-06-12,20.020000457763672,20.09000015258789,19.670000076293945,19.989999771118164,602900,0.00856423541697482,1.0,0.02477672017318002,-0.011946230427840376,1,6
2012-06-13,19.6299991607666,20.15999984741211,19.530000686645508,19.979999542236328,661500,-0.01948058382015816,-2.0,0.02479503133334246,-0.010869531415134914,2,6
2012-06-14,19.700000762939453,19.780000686645508,19.450000762939453,19.670000076293945,1182800,0.0035660522244320703,0.0,0.025055105596535815,-0.03821659443786851,3,6
2012-06-15,21.209999084472656,21.270000457763672,19.11000061035156,19.649999618530277,2955100,0.07664965802305357,8.0,0.025018217381036656,-0.04089581865368308,4,6
2012-06-18,21.15999984741211,21.32999992370605,20.76000022888184,20.989999771118164,1046100,-0.0023573427260140667,-0.0,0.030103304515707856,0.046890367465866944,0,6
2012-06-19,21.65999984741211,21.86000061035156,21.190000534057617,21.34000015258789,1063700,0.023629489773420387,2.0,0.029920818061728128,0.05799999237060538,1,6
2012-06-20,21.75,22.11000061035156,21.559999465942383,21.57999992370605,713700,0.004155131727696881,0.0,0.030232736672312098,0.08408410128460608,2,6
2012-06-21,20.709999084472656,21.799999237060547,20.649999618530277,21.76000022888184,610600,-0.04781613404723417,-5.0,0.02907123142358373,0.046176000105688564,3,6
2012-06-22,21.13999938964844,21.239999771118164,20.63999938964844,20.850000381469727,774500,0.020762932119015698,2.0,0.031017445944564237,-0.012869421527875402,4,6
2012-06-25,20.13999938964844,20.739999771118164,20.1200008392334,20.700000762939453,676500,-0.04730369105354215,-5.0,0.03064629346058936,0.03678273773665519,0,6
2012-06-26,20.11000061035156,20.31999969482422,20.020000457763672,20.15999984741211,703900,-0.0014895124233370582,-0.0,0.03246894998101528,-0.006413471395134485,1,6
2012-06-27,20.43000030517578,20.59000015258789,20.09000015258789,20.200000762939453,632300,0.015912465694282618,2.0,0.0324282240862473,-0.015181168696579594,2,6
2012-06-28,20.020000457763672,20.309999465942383,19.6200008392334,20.190000534057617,820500,-0.020068518907865096,-2.0,0.032340599174105845,-0.018260411846166003,3,6
2012-06-29,20.959999084472656,21.26000022888184,20.3700008392334,20.520000457763672,982600,0.046952977283497344,5.0,0.03244270754685289,-0.021983335158064277,4,6
2012-07-02,19.43000030517578,20.36000061035156,19.229999542236328,20.31999969482422,2841100,-0.07299612815490586,-7.0,0.03389407796873119,0.03762367786280274,0,7
2012-07-03,20.540000915527344,20.780000686645508,19.36000061035156,19.36000061035156,1353900,0.05712818285730448,6.0,0.0352771859256595,0.02209363867633396,1,7
2012-07-05,20.670000076293945,20.899999618530277,20.030000686645508,20.559999465942383,696100,0.006329072783454848,1.0,0.03726469850817143,0.08390501786667248,3,7
2012-07-06,19.0,20.43000030517578,18.670000076293945,20.3799991607666,1871300,-0.08079342380889676,-8.0,0.037062015314834704,0.06766525953733415,4,7
2012-07-09,18.56999969482422,18.959999084472656,18.3700008392334,18.899999618530277,1354200,-0.022631595009251604,-2.0,0.03953984553527395,-0.06862743356419432,0,7
2012-07-10,18.11000061035156,18.950000762939453,18.049999237060547,18.709999084472656,758800,-0.024771087346914133,-2.0,0.03978057629841876,-0.08657158069290316,1,7
2012-07-11,18.11000061035156,18.350000381469727,17.940000534057617,18.07999992370605,980100,0.0,0.0,0.03984249295762664,-0.1208737730586642,2,7
2012-07-12,17.959999084472656,18.06999969482422,17.6200008392334,17.959999084472656,692600,-0.008282800708088511,-1.0,0.03921084229917501,-0.08765741751534084,3,7
2012-07-13,18.68000030517578,18.709999084472656,17.940000534057617,17.969999313354492,671400,0.040089156871149445,4.0,0.0391212941697749,-0.10289716914028124,4,7
2012-07-16,18.530000686645508,18.729999542236328,18.3700008392334,18.59000015258789,683400,-0.008029958034246554,-1.0,0.04012185168963466,-0.048395257066008,0,7
2012-07-17,18.57999992370605,18.850000381469727,18.170000076293945,18.700000762939453,546300,0.002698285764046293,0.0,0.04012717610743528,-0.05939086451686859,1,7
2012-07-18,19.25,19.3799991607666,18.549999237060547,18.549999237060547,750600,0.03606028412514162,4.0,0.03588805319547001,-0.12399807988167078,2,7
2012-07-19,19.76000022888184,20.030000686645508,19.299999237060547,19.34000015258789,591400,0.026493518383472248,3.0,0.03702601956586918,-0.09026464372331766,3,7
2012-07-20,19.530000686645508,20.030000686645508,19.51000022888184,19.63999938964844,521700,-0.01163965281235968,-1.0,0.03713733538836966,-0.08771928125185458,4,7
2012-07-23,18.780000686645508,19.020000457763672,18.09000015258789,18.899999618530277,882900,-0.0384024564071237,-4.0,0.03713033663668412,-0.10206893394733296,0,7
2012-07-24,18.270000457763672,18.88999938964844,17.93000030517578,18.82999992370605,893400,-0.027156560715383637,-3.0,0.03663408049079428,-0.09319162159085592,1,7
2012-07-25,18.75,18.809999465942383,18.149999618530277,18.36000061035156,757600,0.02627255228296166,3.0,0.036506764020516044,-0.1357615427978731,2,7
2012-07-26,20.739999771118164,22.90999984741211,19.559999465942383,19.559999465942383,4050000,0.10613332112630203,11.0,0.0358984457075334,-0.06901685361335574,3,7
2012-07-27,21.690000534057617,21.76000022888184,20.75,20.75,1852700,0.04580524462022373,5.0,0.04305943370477089,0.031327654979896646,4,7
2012-07-30,21.6200008392334,21.950000762939453,21.3799991607666,21.700000762939453,745600,-0.003227279534378291,-0.0,0.04401381156138896,0.06167401909253156,0,7
2012-07-31,21.540000915527344,21.84000015258789,21.36000061035156,21.520000457763672,855600,-0.003700273848319169,-0.0,0.043710101975128195,0.07992009714711346,1,7
2012-08-01,21.489999771118164,21.959999084472656,21.420000076293945,21.71999931335449,990900,-0.0023213157977692855,-0.0,0.04263898434780618,0.02767184429336922,2,8
2012-08-02,21.399999618530277,21.770000457763672,20.709999084472656,21.239999771118164,1090100,-0.004188001561025834,-0.0,0.039048252639499854,0.10602158690618446,3,8
2012-08-03,21.899999618530277,22.190000534057617,21.65999984741211,21.899999618530277,1007900,0.023364486397796425,2.0,0.037247756475200164,0.04186945787099794,4,8
2012-08-06,22.020000457763672,22.5,21.8700008392334,22.030000686645508,883900,0.005479490471399728,1.0,0.037517411650180035,0.05950650883872011,0,8
2012-08-07,22.40999984741211,22.81999969482422,22.15999984741211,22.15999984741211,899600,0.017711143575881882,2.0,0.0321787396517847,0.15894739251387757,1,8
2012-08-08,22.459999084472656,22.600000381469727,21.96999931335449,22.34000015258789,896600,0.0022311127800529462,0.0,0.03148506237036867,0.20678514893342537,2,8
2012-08-09,22.450000762939453,22.81999969482422,22.350000381469727,22.530000686645508,599800,-0.00044516126183258287,-0.0,0.030555401987118046,0.24019869285010764,3,8
2012-08-10,22.049999237060547,22.479999542236328,21.8799991607666,22.36000061035156,857000,-0.01781743930001245,-2.0,0.030563373718298363,0.23964660443507535,4,8
2012-08-13,21.93000030517578,22.239999771118164,21.6200008392334,22.049999237060547,526100,-0.005442128618448061,-1.0,0.030928294056311943,0.22772830518259357,0,8
2012-08-14,21.549999237060547,22.1200008392334,21.459999084472656,22.049999237060547,681700,-0.017327909841640454,-2.0,0.03032246040300188,0.17398286653665118,1,8
2012-08-15,21.63999938964844,21.770000457763672,21.46999931335449,21.51000022888184,621600,0.00417634133522915,0.0,0.030635863690049617,0.1629788687806979,2,8
2012-08-16,22.100000381469727,22.190000534057617,21.51000022888184,21.690000534057617,673200,0.02125697804045812,2.0,0.030625622733947748,0.1646931904471196,3,8
2012-08-17,21.93000030517578,22.31999969482422,21.780000686645508,22.059999465942383,1211200,-0.0076923110117448346,-1.0,0.03010658792922588,0.14805196786855723,4,8
2012-08-20,21.530000686645508,21.959999084472656,21.38999938964844,21.88999938964844,731800,-0.018239836432463186,-2.0,0.029924222625973055,0.10981781635418209,0,8
2012-08-21,21.5,21.799999237060547,21.31999969482422,21.59000015258789,1158500,-0.0013934363998472366,-0.0,0.030145805986557327,0.1024065504189966,1,8
2012-08-22,21.88999938964844,22.040000915527344,21.3799991607666,21.3799991607666,841600,0.018139506495276292,2.0,0.028514988746093758,0.14483488891929008,2,8
2012-08-23,21.56999969482422,21.920000076293945,21.36000061035156,21.84000015258789,455200,-0.014618533748134599,-1.0,0.027510904415085354,0.19813896229797212,3,8
2012-08-24,21.170000076293945,21.440000534057617,21.030000686645508,21.34000015258789,1010700,-0.01854425703243079,-2.0,0.027673084843993667,0.15039998372395824,4,8
2012-08-27,20.96999931335449,21.3799991607666,20.88999938964844,21.31999969482422,961400,-0.00944736713361738,-1.0,0.016448964444956877,0.020732898260422683,0,8
2012-08-28,21.600000381469727,21.61000061035156,20.88999938964844,20.96999931335449,786200,0.03004297037406345,3.0,0.012998543794969371,-0.03319507620908457,1,8
2012-08-29,21.59000015258789,21.729999542236328,21.239999771118164,21.65999984741211,571800,-0.00046297355116786676,-0.0,0.0146973449751441,-0.0009250905174517099,2,8
2012-08-30,21.18000030517578,21.530000686645508,21.100000381469727,21.32999992370605,583200,-0.018990266072923756,-2.0,0.0146729084657253,0.0023212272486257124,3,8
2012-08-31,21.25,21.440000534057617,20.809999465942383,21.31999969482422,586600,0.0033049902651376417,0.0,0.015256110100019359,-0.014425289401771457,4,8
2012-09-04,21.90999984741211,21.979999542236328,20.93000030517578,21.26000022888184,799600,0.03105881634880525,3.0,0.015255162248160158,-0.007009328093650624,1,9
2012-09-05,21.84000015258789,22.040000915527344,21.65999984741211,21.76000022888184,756200,-0.0031948742725567136,-0.0,0.015927626947852328,0.00045663146374530506,2,9
2012-09-06,22.649999618530277,23.09000015258789,21.899999618530277,21.96999931335449,809700,0.03708788737560553,4.0,0.01589472707677334,-0.00817440061007435,3,9
2012-09-07,22.3700008392334,22.729999542236328,22.309999465942383,22.68000030517578,1163700,-0.012361977219099263,-1.0,0.01747470128820556,0.010709494544949072,4,9
2012-09-10,22.1299991607666,22.399999618530277,22.06999969482422,22.32999992370605,719500,-0.010728729077464916,-1.0,0.01769748441197749,-0.0040070458106775675,0,9
2012-09-11,22.290000915527344,22.40999984741211,22.100000381469727,22.100000381469727,509700,0.0072300840862391524,1.0,0.017850768256453393,-0.014253968431979347,1,9
2012-09-12,23.290000915527344,23.399999618530277,22.38999938964844,22.420000076293945,1350700,0.044863165496928925,4.0,0.017470891094249208,0.010884430239045617,2,9
2012-09-13,23.739999771118164,24.020000457763672,23.1200008392334,23.299999237060547,908900,0.019321547355148683,2.0,0.01987567911018292,0.0620155308447754,3,9
2012-09-14,24.299999237060547,24.76000022888184,24.01000022888184,24.07999992370605,1427300,0.02358885725953841,2.0,0.01960359337303746,0.10162415831047311,4,9
2012-09-17,23.63999938964844,24.3700008392334,23.479999542236328,24.100000381469727,1094600,-0.027160488400572613,-3.0,0.0200258462372267,0.12292051397582404,0,9
2012-09-18,23.61000061035156,23.84000015258789,23.5,23.6299991607666,697000,-0.001268983928570555,-0.0,0.020915604711762396,0.0696832118369537,1,9
2012-09-19,23.489999771118164,23.709999084472656,23.229999542236328,23.6200008392334,1132800,-0.005082627536264539,-1.0,0.02079158404308731,0.07660739999074573,2,9
2012-09-20,23.21999931335449,23.450000762939453,23.01000022888184,23.34000015258789,555500,-0.01149427247315904,-1.0,0.020288758941335566,0.09103571862347382,3,9
2012-09-21,22.950000762939453,23.709999084472656,22.899999618530277,23.57999992370605,1306700,-0.01162784489230162,-1.0,0.020549820336406028,0.07999996806299947,4,9
2012-09-24,22.68000030517578,23.020000457763672,22.25,22.780000686645508,631900,-0.011764725437381163,-1.0,0.020543012258756762,0.04842400195736296,0,9
2012-09-25,21.84000015258789,22.989999771118164,21.82999992370605,22.8799991607666,1217600,-0.037037043266538006,-4.0,0.02043358156100501,0.051460390637738884,1,9
2012-09-26,21.450000762939453,22.11000061035156,21.280000686645508,21.8700008392334,963800,-0.01785711478588181,-2.0,0.021746205218643167,0.03164856277181638,2,9
2012-09-27,22.0,22.290000915527344,21.31999969482422,21.61000061035156,953100,0.025640989160746974,3.0,0.022037398950512446,0.022889912508451182,3,9
2012-09-28,21.770000457763672,22.170000076293945,21.729999542236328,21.82999992370605,723600,-0.010454524647105834,-1.0,0.02176971690473238,0.018518500530834592,4,9
2012-10-01,21.520000457763672,21.96999931335449,21.229999542236328,21.920000076293945,1261400,-0.011483692914248111,-1.0,0.021914250972459977,0.008337207221103426,0,10
2012-10-02,21.93000030517578,21.959999084472656,21.420000076293945,21.670000076293945,579000,0.019052037113883813,2.0,0.02163781839481629,0.016052887048580766,1,10
2012-10-03,22.059999465942383,22.270000457763672,21.8799991607666,22.06999969482422,461300,0.005927914225150266,1.0,0.021992373013003587,0.032000014361213136,2,10
2012-10-04,22.07999992370605,22.18000030517578,21.649999618530277,22.1200008392334,553600,0.0009066390864853613,0.0,0.020976951191469303,0.006846171591735173,3,10
2012-10-05,21.950000762939453,22.450000762939453,21.90999984741211,22.18000030517578,665800,-0.005887643171004986,-1.0,0.020959592206280415,0.010989000432297225,4,10
2012-10-08,21.950000762939453,22.1299991607666,21.76000022888184,21.76000022888184,442900,0.0,0.0,0.019261237273103016,-0.030905027257402073,0,10
2012-10-09,21.63999938964844,22.1299991607666,21.31999969482422,21.940000534057617,711400,-0.01412306890733328,-1.0,0.01909502076119309,-0.018775147990040875,1,10
2012-10-10,21.479999542236328,21.71999931335449,21.26000022888184,21.56999969482422,598800,-0.007393708499300988,-1.0,0.01919798401165431,-0.02214187933575984,2,10
2012-10-11,21.43000030517578,21.920000076293945,21.26000022888184,21.690000534057617,623800,-0.0023277112721642457,-0.0,0.019153853020308916,-0.03633922566269454,3,10
2012-10-12,21.71999931335449,21.950000762939453,21.309999465942383,21.51000022888184,710500,0.013532384696637978,1.0,0.015928357995345123,-0.07986262504229913,4,10
2012-10-15,21.670000076293945,21.90999984741211,21.489999771118164,21.75,997100,-0.002301990729336789,-0.0,0.015553233533467282,-0.0850884784009639,0,10
2012-10-16,21.63999938964844,21.81999969482422,21.59000015258789,21.63999938964844,1134400,-0.0013844340812128042,-0.0,0.014216489537603984,-0.10823042153661977,1,10
2012-10-17,21.530000686645508,21.799999237060547,21.309999465942383,21.6299991607666,858900,-0.0050831195057958745,-1.0,0.013323300429952452,-0.0846023710506425,2,10
2012-10-18,20.940000534057617,21.61000061035156,20.93000030517578,21.5,1097500,-0.02740362906508642,-3.0,0.013308542654323031,-0.0880982579388031,3,10
2012-10-19,20.21999931335449,20.88999938964844,20.13999938964844,20.81999969482422,1149900,-0.03438401157307003,-3.0,0.014233597940458633,-0.10855680127318978,4,10
2012-10-22,20.299999237060547,20.51000022888184,20.170000076293945,20.21999931335449,892800,0.003956475095091783,0.0,0.015543022043811121,-0.12919897022884985,0,10
2012-10-23,20.530000686645508,20.56999969482422,20.020000457763672,20.020000457763672,573400,0.011330121095032286,1.0,0.015655089306704714,-0.11546847223457313,1,10
2012-10-24,20.399999618530277,20.709999084472656,20.100000381469727,20.670000076293945,450800,-0.00633224860044912,-1.0,0.016015392220433685,-0.09479716003529437,2,10
2012-10-25,20.290000915527344,20.75,20.059999465942383,20.63999938964844,931300,-0.0053920933852869,-1.0,0.014206182290238489,-0.06593408992659666,3,10
2012-10-26,20.530000686645508,20.649999618530277,20.200000762939453,20.350000381469727,527500,0.01182847512512919,1.0,0.013815836200240655,-0.05407924504209416,4,10
2012-10-31,20.18000030517578,20.559999465942383,20.01000022888184,20.489999771118164,764300,-0.017048240124872382,-2.0,0.012689360666718622,-0.06681815060702234,2,10
2012-11-01,21.57999992370605,21.940000534057617,18.899999618530277,19.520000457763672,2545400,0.06937559947267191,7.0,0.012956342039122602,-0.07303629394370825,3,11
2012-11-02,21.229999542236328,21.559999465942383,21.040000915527344,21.559999465942383,1035100,-0.016218738772340813,-2.0,0.02036792198947223,0.0027880792131085297,4,11
2012-11-05,21.020000457763672,21.25,20.76000022888184,21.170000076293945,1022000,-0.009891619830460718,-1.0,0.020200093187629952,-0.031919778987611,0,11
2012-11-06,21.280000686645508,21.31999969482422,20.950000762939453,21.13999938964844,916900,0.012369182836330816,1.0,0.02020994739152258,-0.047144108493036296,1,11
2012-11-07,20.399999618530277,20.940000534057617,20.25,20.940000534057617,1253500,-0.04135343231767308,-4.0,0.0204487845777984,-0.036231849629747015,2,11
2012-11-08,19.8799991607666,20.459999084472656,19.86000061035156,20.3799991607666,788000,-0.02549021899448145,-3.0,0.02221247471628987,-0.07061508385121384,3,11
2012-11-09,19.899999618530277,20.200000762939453,19.68000030517578,19.709999084472656,580500,0.001006059286116301,0.0,0.022716750582766097,-0.09430530889401412,4,11
2012-11-12,19.709999084472656,20.0,19.549999237060547,20.0,529600,-0.009547765713557976,-1.0,0.022634849282796594,-0.08040664603486536,0,11
2012-11-13,19.76000022888184,19.8799991607666,19.46999931335449,19.530000686645508,895000,0.0025368415389006582,0.0,0.022657089313329163,-0.08240225770411691,1,11
2012-11-14,19.26000022888184,19.93000030517578,19.21999931335449,19.84000015258789,621500,-0.025303643431601963,-3.0,0.022698216009937346,-0.07792814057452924,2,11
2012-11-15,19.21999931335449,19.32999992370605,18.940000534057617,19.26000022888184,857700,-0.002076890708825996,-0.0,0.022813146014307027,-0.11325962993747074,3,11
2012-11-16,19.0,19.26000022888184,18.82999992370605,19.11000061035156,1103800,-0.01144637467294951,-1.0,0.022814758564647944,-0.11305956411230722,4,11
2012-11-19,19.46999931335449,19.46999931335449,19.100000381469727,19.25,809600,0.024736805966025788,2.0,0.022830698447442715,-0.12199627837842231,0,11
2012-11-20,19.01000022888184,19.3799991607666,18.90999984741211,19.3799991607666,716900,-0.023626045233454906,-2.0,0.02379319120894744,-0.09568050662296468,1,11
2012-11-21,19.299999237060547,19.3799991607666,18.989999771118164,19.100000381469727,934200,0.015255076522203925,2.0,0.023625154514876734,-0.09216811155456994,2,11
2012-11-23,19.729999542236328,19.88999938964844,19.38999938964844,19.43000030517578,371700,0.02227980943906349,2.0,0.022941395303882704,-0.04549951075845582,4,11
2012-11-26,19.86000061035156,19.899999618530277,19.540000915527344,19.65999984741211,631300,0.006589005125769765,1.0,0.02351917254920934,-0.028078803755992365,0,11
2012-11-27,19.809999465942383,19.989999771118164,19.71999931335449,19.770000457763672,751000,-0.002517680909995268,-0.0,0.023416461073083483,-0.03263517067146393,1,11
2012-11-28,20.450000762939453,20.5,19.51000022888184,19.649999618530277,1167900,0.03230698204194149,3.0,0.023390428545243182,-0.028921576648068603,2,11
2012-11-29,20.709999084472656,20.75,20.479999542236328,20.56999969482422,757900,0.012713853879379178,1.0,0.024469543664237935,0.00788565008341946,3,11
2012-11-30,20.25,20.75,20.229999542236328,20.700000762939453,962000,-0.022211448807718304,-2.0,0.02449051115693776,0.008767578753381855,4,11
2012-12-03,20.06999969482422,20.489999771118164,19.979999542236328,20.420000076293945,499700,-0.008888903959297867,-1.0,0.02470257318409027,0.0034687657961167684,0,12
2012-12-04,20.21999931335449,20.309999465942383,19.959999084472656,20.059999465942383,498000,0.007473822661240526,1.0,0.019038645360780357,-0.0699722073318021,1,12
2012-12-05,20.32999992370605,20.420000076293945,19.8700008392334,20.270000457763672,514000,0.005440188629428411,1.0,0.0189349889884793,-0.047574199277417795,2,12
2012-12-06,20.32999992370605,20.46999931335449,20.13999938964844,20.25,429800,0.0,0.0,0.018917013914452052,-0.032825904806427886,3,12
2012-12-07,20.51000022888184,20.63999938964844,20.299999237060547,20.43000030517578,525800,0.00885392552146036,1.0,0.018657082332391838,-0.04464289155477519,4,12
2012-12-10,21.15999984741211,21.170000076293945,20.530000686645508,20.549999237060547,668800,0.03169183867755154,3.0,0.016449019932007716,0.005392186882770433,0,12
2012-12-11,21.71999931335449,21.850000381469727,21.190000534057617,21.36000061035156,1051500,0.026465003307212687,3.0,0.016682776853220983,0.06438635516502456,1,12
2012-12-12,21.6200008392334,21.920000076293945,21.57999992370605,21.86000061035156,706600,-0.004603981458673689,-0.0,0.017430682473028047,0.09145727284986904,2,12
2012-12-13,21.56999969482422,21.82999992370605,21.46999931335449,21.600000381469727,660600,-0.0023127262936292192,-0.0,0.01726663027316536,0.09690521783257844,3,12
2012-12-14,22.09000015258789,22.559999465942383,21.71999931335449,21.790000915527344,1232400,0.02410757835515631,2.0,0.017327304017801373,0.09159916219519193,4,12
2012-12-17,22.32999992370605,22.34000015258789,21.989999771118164,22.200000762939453,830500,0.010864634199200918,1.0,0.01643467797835138,0.1469366505750218,0,12
2012-12-18,22.989999771118164,23.13999938964844,22.270000457763672,22.280000686645508,1078300,0.02955664351397691,3.0,0.016332310423320565,0.16181065148065144,1,12
2012-12-19,23.020000457763672,23.229999542236328,22.84000015258789,22.940000534057617,874900,0.001304945060643048,0.0,0.01643055358393896,0.20999998795358765,2,12
2012-12-20,23.100000381469727,23.170000076293945,22.780000686645508,23.030000686645508,664700,0.0034752355393230516,0.0,0.016118670029957247,0.182331857709632,3,12
2012-12-21,23.0,23.3700008392334,22.6299991607666,22.84000015258789,1474000,-0.004329020771356551,-0.0,0.014447220092119423,0.2151499265304564,4,12
2012-12-24,23.06999969482422,23.229999542236328,22.88999938964844,22.989999771118164,412600,0.003043464992357414,0.0,0.014681981395912152,0.19170989166852292,0,12
2012-12-26,22.899999618530277,23.309999465942383,22.780000686645508,23.09000015258789,425800,-0.0073688807344060026,-1.0,0.01437539763392195,0.16928536391690718,2,12
2012-12-27,22.51000022888184,23.170000076293945,22.32999992370605,22.959999084472656,911800,-0.01703054131637871,-2.0,0.014741171282225518,0.15307144585857624,3,12
2012-12-28,22.549999237060547,22.84000015258789,22.15999984741211,22.280000686645508,924300,0.0017769439258994435,0.0,0.015524528577033117,0.1362948427929711,4,12
2012-12-31,22.51000022888184,22.799999237060547,22.36000061035156,22.57999992370605,1044400,-0.001773791996984575,-0.0,0.014343725134277134,0.1026894081063714,0,12
2013-01-02,23.280000686645508,23.63999938964844,22.75,23.26000022888184,1051800,0.03420703909081735,3.0,0.014290498851803576,0.08691459314253347,2,1
2013-01-03,23.0,23.3799991607666,22.93000030517578,23.309999465942383,678400,-0.012027520549263926,-1.0,0.014404810373497268,0.14962966353804985,3,1
2013-01-04,23.190000534057617,23.270000457763672,22.93000030517578,23.0,524700,0.008260892785113771,1.0,0.014590378528781207,0.1459890557911363,4,1
2013-01-07,22.959999084472656,23.21999931335449,22.8799991607666,23.049999237060547,381000,-0.009918130413458681,-1.0,0.014593718358958731,0.1468843383561127,0,1
2013-01-08,22.899999618530277,23.1299991607666,22.81999969482422,22.950000762939453,430100,-0.002613217261970835,-0.0,0.015035406429084115,0.129365428954078,1,1
2013-01-09,22.899999618530277,23.1200008392334,22.809999465942383,23.030000686645508,519500,0.0,0.0,0.015097506605918206,0.1264141517200621,2,1
2013-01-10,23.239999771118164,23.270000457763672,22.84000015258789,23.0,533600,0.014847168482603923,1.0,0.015131311300567855,0.11652849161273426,3,1
2013-01-11,23.63999938964844,23.65999984741211,23.15999984741211,23.270000457763672,531600,0.017211687713843293,2.0,0.0140758798629933,0.09829867385185453,4,1
2013-01-14,23.57999992370605,23.670000076293945,23.450000762939453,23.530000686645508,504800,-0.0025380485402491937,-0.0,0.013488732208652196,0.0883977963624265,0,1
2013-01-15,23.43000030517578,23.530000686645508,23.239999771118164,23.3700008392334,740200,-0.006361306998116989,-1.0,0.01342926892534883,0.09065675339456414,1,1
2013-01-16,23.34000015258789,23.399999618530277,23.229999542236328,23.34000015258789,338000,-0.0038412356558104044,-0.0,0.013556290508944212,0.08623090573329373,2,1
2013-01-17,23.59000015258789,23.690000534057617,23.31999969482422,23.40999984741211,404700,0.010711225294155913,1.0,0.012839948525667007,0.05658669041944564,3,1
2013-01-18,23.57999992370605,23.649999618530277,23.270000457763672,23.5,1247300,-0.00042391813553011026,-0.0,0.012835115128779693,0.056426342731161094,4,1
2013-01-22,23.25,23.540000915527344,23.1299991607666,23.51000022888184,1096600,-0.013994907751220476,-1.0,0.011269821668366755,0.02566333877606608,1,1
2013-01-23,23.280000686645508,23.530000686645508,23.200000762939453,23.309999465942383,972400,0.0012903521137852536,0.0,0.01175151862032639,0.009991291818535197,2,1
2013-01-24,22.989999771118164,24.399999618530277,21.0,22.690000534057617,1933400,-0.012457083632892774,-1.0,0.011733878959859409,0.007792220874601075,3,1
2013-01-25,23.21999931335449,23.270000457763672,22.940000534057617,23.11000061035156,1320600,0.010004329905442866,1.0,0.012029208290234019,-0.000434792560079833,4,1
2013-01-28,23.57999992370605,24.049999237060547,23.200000762939453,23.26000022888184,976600,0.01550390271305968,2.0,0.012210427095063143,0.006501934135869192,0,1
2013-01-29,23.5,23.71999931335449,23.239999771118164,23.530000686645508,664200,-0.0033927024582227627,-0.0,0.012501413043400602,0.029694336965208068,1,1
2013-01-30,23.030000686645508,23.6299991607666,22.90999984741211,23.450000762939453,962100,-0.01999997078104221,-2.0,0.011828509366544337,0.043980442516740714,2,1
2013-01-31,23.18000030517578,23.520000457763672,22.989999771118164,23.0,745100,0.006513226837081776,1.0,0.012776473117303146,0.02128609604545284,3,1
2013-02-01,23.549999237060547,23.739999771118164,23.18000030517578,23.32999992370605,605000,0.015961989948815924,2.0,0.012811829019024857,0.02976455217598306,4,2
2013-02-04,22.989999771118164,23.729999542236328,22.979999542236328,23.350000381469727,683400,-0.023779171298702773,-2.0,0.010967009669272222,0.011597875534854474,0,2
2013-02-05,23.559999465942383,23.559999465942383,23.06999969482422,23.11000061035156,608200,0.024793375402304196,2.0,0.011903723200059639,-0.000434792560079833,1,2
2013-02-06,23.440000534057617,23.57999992370605,23.190000534057617,23.34000015258789,1022900,-0.005093333387304666,-1.0,0.012972808523672153,0.015955106656482032,2,2
2013-02-07,23.420000076293945,23.5,23.15999984741211,23.399999618530277,786400,-0.0008532618305452377,-0.0,0.0128146206463877,0.020905987313805108,3,2
2013-02-08,23.770000457763672,23.809999465942383,23.450000762939453,23.46999931335449,671700,0.014944508126795597,1.0,0.012795109982973474,0.022707443948728034,4,2
2013-02-11,23.65999984741211,23.790000915527344,23.420000076293945,23.700000762939453,519000,-0.004627707540309944,-0.0,0.013139055238053289,0.03799130365615411,0,2
2013-02-12,24.040000915527344,24.200000762939453,23.6200008392334,23.6200008392334,775500,0.016060907462634555,2.0,0.012860859820505385,0.018072292617485664,1,2
2013-02-13,23.82999992370605,24.09000015258789,23.559999465942383,24.040000915527344,637200,-0.008735481856227967,-1.0,0.012790283124810035,0.016920538756615144,2,2
2013-02-14,23.790000915527344,23.8799991607666,23.63999938964844,23.690000534057617,368600,-0.0016785148261337923,-0.0,0.012943603824604919,0.010602205292997713,3,2
2013-02-15,23.6299991607666,23.93000030517578,23.540000915527344,23.93000030517578,569000,-0.006725588423845408,-1.0,0.012858057831239457,0.01536494262324184,4,2
2013-02-19,24.15999984741211,24.229999542236328,23.61000061035156,23.6299991607666,751500,0.02242914538589913,2.0,0.012925400445939211,0.012424978846735657,1,2
2013-02-20,23.649999618530277,24.15999984741211,23.63999938964844,24.06999969482422,782000,-0.021109281130084923,-2.0,0.013615191061463926,0.024162767746387148,2,2
2013-02-21,23.21999931335449,23.6299991607666,23.100000381469727,23.6299991607666,460000,-0.01818183137892626,-2.0,0.014462406499037654,0.0029686045398944483,3,2
2013-02-22,23.5,23.5,23.06999969482422,23.420000076293945,688600,0.01205860012599036,1.0,0.014695452365929661,-0.0012903521137854757,4,2
2013-02-25,23.0,23.690000534057617,23.0,23.6299991607666,860600,-0.021276595744680882,-2.0,0.014927256243230536,0.009450142047491283,0,2
2013-02-26,23.1200008392334,23.3799991607666,22.93000030517578,23.06999969482422,545700,0.005217427792756357,1.0,0.015427319809661682,0.00043498168688094196,1,2
2013-02-27,23.209999084472656,23.350000381469727,22.979999542236328,23.09000015258789,398700,0.003892657524758203,0.0,0.015309101464196841,-0.0043065666269670455,2,2
2013-02-28,23.13999938964844,23.46999931335449,23.11000061035156,23.13999938964844,474200,-0.0030159283750702537,-0.0,0.014922390228065734,-0.01569129942453551,3,2
2013-03-01,23.450000762939453,23.6200008392334,22.600000381469727,22.88999938964844,1251000,0.01339677534432826,1.0,0.014919149755257493,-0.015319174908576927,4,3
2013-03-04,23.8799991607666,23.93000030517578,23.40999984741211,23.420000076293945,678300,0.018336818074083938,2.0,0.014525810870327725,0.018237084835932782,0,3
2013-03-05,24.59000015258789,24.59000015258789,23.950000762939453,24.01000022888184,860200,0.029732035878283325,3.0,0.014973987696154867,0.03019839716889572,1,3
2013-03-06,24.489999771118164,24.81999969482422,24.309999465942383,24.76000022888184,419200,-0.004066709265929114,-0.0,0.015910058995948058,0.04416139911761441,2,3
2013-03-07,24.850000381469727,24.8700008392334,24.290000915527344,24.459999084472656,443300,0.014699902560886269,1.0,0.014847942707749865,0.06524575967523139,3,3
2013-03-08,25.649999618530277,25.649999618530277,24.850000381469727,25.11000061035156,1526000,0.0321931277577403,3.0,0.014263089638870853,0.05475386013451011,4,3
2013-03-11,25.82999992370605,25.920000076293945,25.3799991607666,25.489999771118164,619600,0.0070175558617060485,1.0,0.015518085454172093,0.09428323524402638,0,3
2013-03-12,25.88999938964844,25.90999984741211,25.5,25.71999931335449,954100,0.0023228597026561104,0.0,0.015479512645189507,0.10290349443045232,1,3
2013-03-13,25.920000076293945,26.059999465942383,25.61000061035156,25.86000061035156,752000,0.0011587751005317504,0.0,0.015309570715907867,0.08918800551357764,2,3
2013-03-14,26.059999465942383,26.13999938964844,25.81999969482422,25.989999771118164,1122000,0.005401211004489204,1.0,0.015194618257425003,0.09551987504044845,3,3
2013-03-15,26.01000022888184,26.190000534057617,25.84000015258789,26.09000015258789,983700,-0.0019186200339676995,-0.0,0.014964107164261196,0.08402655879727239,4,3
2013-03-18,25.440000534057617,26.0,25.309999465942383,25.43000030517578,627800,-0.021914636286365252,-2.0,0.014747407472567529,0.09148133915884427,0,3
2013-03-19,25.280000686645508,25.56999969482422,25.06999969482422,25.479999542236328,343300,-0.006289302046118661,-1.0,0.01578113264803973,0.06935685393157542,1,3
2013-03-20,25.71999931335449,25.799999237060547,25.3799991607666,25.3799991607666,560900,0.01740500849517046,2.0,0.015767532673390792,0.06982655880151012,2,3
2013-03-21,25.36000061035156,25.61000061035156,25.26000022888184,25.479999542236328,320300,-0.013996839526197347,-1.0,0.01549919663343047,0.06456951472661032,3,3
2013-03-22,25.26000022888184,25.479999542236328,25.11000061035156,25.440000534057617,476700,-0.003943232612892755,-0.0,0.01501388166680822,0.07230448285003188,4,3
2013-03-25,25.11000061035156,25.489999771118164,25.06999969482422,25.290000915527344,570900,-0.005938227124747786,-1.0,0.014292968594615539,0.08785533918401489,0,3
2013-03-26,25.0,25.450000762939453,24.950000762939453,25.32999992370605,906100,-0.004380749011460017,-0.0,0.014332333101235094,0.06851066427027908,1,3
2013-03-27,25.239999771118164,25.280000686645508,24.649999618530277,24.84000015258789,1010600,0.009599990844726625,1.0,0.013325036738726181,0.08695652173913038,2,3
2013-03-28,25.489999771118164,25.600000381469727,25.040000915527344,25.309999465942383,441400,0.009904912926586906,1.0,0.013378244460280304,0.09169545220289277,3,3
2013-04-01,24.729999542236328,25.40999984741211,24.61000061035156,25.399999618530277,706600,-0.029815623213263698,-3.0,0.013433957325995309,0.09823355349336538,0,4
2013-04-02,24.43000030517578,25.0,24.3700008392334,24.899999618530277,541200,-0.012130984335368855,-1.0,0.015328683526409013,0.06871219509621795,1,4
2013-04-03,23.979999542236328,24.520000457763672,23.96999931335449,24.520000457763672,699100,-0.01842000643954622,-2.0,0.015497659812349851,0.04179102389562073,2,4
2013-04-04,23.709999084472656,24.149999618530277,23.6299991607666,23.959999084472656,1281900,-0.011259402123345197,-1.0,0.015643080259603714,0.004187620811730186,3,4
2013-04-05,22.940000534057617,23.270000457763672,22.850000381469727,23.270000457763672,1742200,-0.03247568874514639,-3.0,0.014287636390034174,-0.03578694846094266,4,4
2013-04-08,23.07999992370605,23.1299991607666,22.700000762939453,23.020000457763672,1495600,0.006102850322108111,1.0,0.015794677371262954,-0.06329110867891918,0,4
2013-04-09,23.229999542236328,23.32999992370605,22.959999084472656,23.07999992370605,516700,0.006499116942206173,1.0,0.015420234536611056,-0.07122738151278007,1,4
2013-04-10,23.899999618530277,24.21999931335449,23.290000915527344,23.290000915527344,1228100,0.028842018488884014,3.0,0.01333306683241756,-0.09434698293506694,2,4
2013-04-11,23.540000915527344,23.81999969482422,23.489999771118164,23.790000915527344,916900,-0.015062707479033488,-2.0,0.015028493224236373,-0.07471933065723602,3,4
2013-04-12,23.309999465942383,23.59000015258789,22.959999084472656,23.40999984741211,763500,-0.00977066442819241,-1.0,0.0151651203985061,-0.09076857974205643,4,4
2013-04-15,22.6299991607666,23.200000762939453,22.530000686645508,23.15999984741211,964700,-0.029172042932446685,-3.0,0.015151949939720622,-0.10069446769557033,0,4
2013-04-16,23.07999992370605,23.149999618530277,22.65999984741211,22.8700008392334,408900,0.019885142714437753,2.0,0.015835957471987926,-0.13161935439248273,1,4
2013-04-17,22.450000762939453,22.799999237060547,22.299999237060547,22.75,804000,-0.027296324213567646,-3.0,0.016839676669328087,-0.11264899190282507,2,4
2013-04-18,22.06999969482422,22.700000762939453,22.020000457763672,22.549999237060547,605200,-0.016926550343042357,-2.0,0.017139615727655703,-0.11753143507663544,3,4
2013-04-19,21.84000015258789,22.09000015258789,21.670000076293945,22.09000015258789,974000,-0.010421365900166624,-1.0,0.017311252833780686,-0.12697788388577913,4,4
2013-04-22,21.899999618530277,22.11000061035156,21.739999771118164,22.059999465942383,782400,0.002747228274871505,0.0,0.016449382122273672,-0.15085533687211272,0,4
2013-04-23,22.440000534057617,22.479999542236328,21.950000762939453,22.0,823000,0.02465757648097977,2.0,0.016530815913476358,-0.136435367056299,1,4
2013-04-24,22.290000915527344,22.5,21.989999771118164,22.36000061035156,977200,-0.006684474819981245,-1.0,0.017901878602191567,-0.1116389417764092,2,4
2013-04-25,22.75,23.309999465942383,22.190000534057617,22.299999237060547,1748600,0.02063701505513249,2.0,0.017903598912130503,-0.11230583935795191,3,4
2013-04-26,23.15999984741211,23.190000534057617,22.75,22.780000686645508,1130500,0.018021971314817975,2.0,0.018792350759783007,-0.08999999999999997,4,4
2013-04-29,23.76000022888184,23.940000534057617,23.1200008392334,23.229999542236328,1181200,0.02590675239303919,3.0,0.019189763576798847,-0.0824088725264639,0,4
2013-04-30,24.01000022888184,24.15999984741211,23.700000762939453,23.700000762939453,1421700,0.010521885420527344,1.0,0.020063619841306807,-0.06786973549511477,1,4
2013-05-01,23.1299991607666,24.100000381469727,23.1299991607666,23.93000030517578,1337700,-0.03665143938885418,-4.0,0.01929936139795041,-0.02911440868103543,2,5
2013-05-02,23.57999992370605,23.739999771118164,23.049999237060547,23.209999084472656,624700,0.01945528660903495,2.0,0.02068404703565579,-0.05321330856200435,3,5
2013-05-03,23.75,24.07999992370605,23.690000534057617,23.920000076293945,727500,0.007209502834774728,1.0,0.02086744578379232,-0.01668055154987602,4,5
2013-05-06,23.84000015258789,23.8700008392334,23.649999618530277,23.700000762939453,508500,0.0037894801089637387,0.0,0.02078443378459648,0.0016870905555428362,0,5
2013-05-07,23.96999931335449,24.200000762939453,23.780000686645508,23.899999618530277,529200,0.005452984896582969,1.0,0.019385699839426777,0.03923276362588135,1,5
2013-05-08,24.1200008392334,24.1200008392334,23.809999465942383,23.920000076293945,395100,0.006257886114971134,1.0,0.019379363693241124,0.038561498812411,2,5
2013-05-09,23.979999542236328,24.13999938964844,23.82999992370605,24.01000022888184,359300,-0.005804365345184581,-1.0,0.01937662412699847,0.03831258349268962,3,5
2013-05-10,24.239999771118164,24.270000457763672,23.93000030517578,24.0,205000,0.010842378392205365,1.0,0.018425990183271884,0.003347277195938636,4,5
2013-05-13,23.959999084472656,24.350000381469727,23.84000015258789,24.26000022888184,247300,-0.011551183551541389,-1.0,0.01821043422861355,0.02973656874962516,0,5
2013-05-14,24.299999237060547,24.299999237060547,23.90999984741211,23.90999984741211,331600,0.014190324105989971,1.0,0.018269851107441348,0.02788501215883632,1,5
2013-05-15,24.26000022888184,24.530000686645508,24.200000762939453,24.270000457763672,394300,-0.001646049770968827,-0.0,0.01704267123941335,0.07379585232991115,2,5
2013-05-16,24.6200008392334,24.84000015258789,24.09000015258789,24.09000015258789,736600,0.014839266568636544,1.0,0.01665308201004295,0.05112652985599797,3,5
2013-05-17,24.34000015258789,24.6299991607666,24.25,24.6200008392334,716600,-0.011372895089398649,-1.0,0.01537133593009544,0.09665924287522465,4,5
2013-05-20,24.530000686645508,24.700000762939453,24.209999084472656,24.209999084472656,808200,0.007806102418508543,1.0,0.0150279080044507,0.10285457585647473,0,5
2013-05-21,24.82999992370605,24.90999984741211,24.450000762939453,24.520000457763672,569400,0.012229891099182266,1.0,0.014627002992375413,0.12316852176115356,1,5
2013-05-22,24.299999237060547,25.07999992370605,24.18000030517578,24.790000915527344,727900,-0.021345174719050064,-2.0,0.014679226195454403,0.133789970603315,2,5
2013-05-23,24.6200008392334,24.63999938964844,23.959999084472656,23.959999084472656,781700,0.013168790626330917,1.0,0.015194914017295086,0.08288764076364319,3,5
2013-05-24,24.559999465942383,24.670000076293945,24.25,24.489999771118164,491000,-0.0024370987508416375,-0.0,0.0151202357413874,0.10453117218505636,4,5
2013-05-28,25.020000457763672,25.239999771118164,24.670000076293945,24.790000915527344,539800,0.018729682484691423,2.0,0.014749894396250447,0.07956041608537956,1,5
2013-05-29,24.739999771118164,24.899999618530277,24.51000022888184,24.75,530100,-0.01119107440138456,-1.0,0.014784885042140972,0.08031090771183225,2,5
2013-05-30,25.31999969482422,25.31999969482422,24.729999542236328,24.790000915527344,402000,0.023443812816164922,2.0,0.014215501759864354,0.04124577158231979,3,5
2013-05-31,25.11000061035156,25.489999771118164,24.989999771118164,25.09000015258789,427900,-0.008293802804254624,-1.0,0.01486651432991955,0.05456057698685779,4,5
2013-06-03,25.15999984741211,25.459999084472656,24.8799991607666,25.13999938964844,929700,0.0019912081180888386,0.0,0.012160935829554026,0.08560317861763966,0,6
2013-06-04,24.979999542236328,25.3700008392334,24.899999618530277,25.13999938964844,860700,-0.007154225209357268,-1.0,0.011636229462010728,0.06700593421620882,1,6
2013-06-05,24.540000915527344,24.979999542236328,24.540000915527344,24.899999618530277,713200,-0.01761403662017813,-2.0,0.011807048807691484,0.05178945440995064,2,6
2013-06-06,25.030000686645508,25.030000686645508,24.5,24.56999969482422,527900,0.01996739009117654,2.0,0.012585895950650676,0.029362447921942092,3,6
2013-06-07,25.239999771118164,25.450000762939453,24.979999542236328,25.25,430900,0.008389895274141912,1.0,0.013200011025504589,0.04422200265564702,4,6
2013-06-10,24.989999771118164,25.399999618530277,24.940000534057617,25.309999465942383,442900,-0.009904912926586906,-1.0,0.013241355395633618,0.046434448296659436,0,6
2013-06-11,24.489999771118164,24.8799991607666,24.450000762939453,24.559999465942383,472400,-0.02000800338453257,-2.0,0.01339536185589384,0.04211844237540152,1,6
2013-06-12,24.25,24.770000457763672,24.11000061035156,24.75,419700,-0.009799909079672764,-1.0,0.014058369811973176,0.010313531450518942,2,6
2013-06-13,24.6200008392334,24.690000534057617,24.170000076293945,24.26000022888184,566200,0.015257766566325603,2.0,0.013987809745688128,0.012103544516213205,3,6
2013-06-14,24.489999771118164,24.8700008392334,24.46999931335449,24.600000381469727,390800,-0.005280303155313915,-1.0,0.014041250223059479,0.013168790626330917,4,6
2013-06-17,24.8799991607666,24.959999084472656,24.32999992370605,24.700000762939453,435700,0.01592484251912385,2.0,0.01409412772100759,0.009480607587237566,0,6
2013-06-18,25.190000534057617,25.32999992370605,24.81999969482422,24.88999938964844,346600,0.012459862690825885,1.0,0.014151057284383253,0.010560451367608525,1,6
2013-06-19,24.82999992370605,25.26000022888184,24.82999992370605,25.26000022888184,429700,-0.014291409397345411,-1.0,0.014098786967947191,0.03492195464835901,2,6
2013-06-20,24.26000022888184,24.670000076293945,24.18000030517578,24.559999465942383,805600,-0.02295608927006132,-2.0,0.014443082360816397,0.012229891099182266,3,6
2013-06-21,24.190000534057617,24.46999931335449,23.8799991607666,24.299999237060547,1458300,-0.0028853954725395203,-0.0,0.01506359690178802,-0.02295608927006132,4,6
2013-06-24,23.809999465942383,24.06999969482422,23.440000534057617,23.96999931335449,684000,-0.015709014457449988,-2.0,0.014337956969489982,-0.004526695738951592,0,6
2013-06-25,23.989999771118164,24.51000022888184,23.51000022888184,24.06999969482422,535800,0.007559861789717903,1.0,0.014384638527984925,-0.03290013589277507,1,6
2013-06-26,23.93000030517578,24.25,23.88999938964844,24.209999084472656,370000,-0.002501019863060505,-0.0,0.01451665926662147,-0.02320845713431885,2,6
2013-06-27,24.68000030517578,24.84000015258789,24.11000061035156,24.11000061035156,593800,0.03134141205329555,3.0,0.01379394971295084,-0.04356515318326726,3,6
2013-06-28,24.530000686645508,24.84000015258789,24.350000381469727,24.530000686645508,1421500,-0.006077780254273968,-1.0,0.015409250162391601,-0.002425200747674494,4,6
2013-07-01,25.149999618530277,25.31999969482422,24.600000381469727,24.649999618530277,790600,0.025275129006510966,3.0,0.01448197359850961,-0.03120059311612866,0,7
2013-07-02,25.26000022888184,25.6299991607666,25.01000022888184,25.09000015258789,545300,0.004373781790060649,0.0,0.015500831794309701,0.0015929513025272346,1,7
2013-07-03,25.420000076293945,25.690000534057617,25.09000015258789,25.09000015258789,193700,0.006334119000884542,1.0,0.015523379403649154,0.003974577983950844,2,7
2013-07-05,25.81999969482422,25.940000534057617,25.559999465942383,25.86000061035156,527200,0.015735626173475126,2.0,0.015478372876289294,0.017614112975208984,4,7
2013-07-08,25.670000076293945,25.989999771118164,25.479999542236328,25.86000061035156,597100,-0.005809435333197999,-1.0,0.015187046921224894,0.052159687511950104,0,7
2013-07-09,25.93000030517578,26.1299991607666,25.59000015258789,25.780000686645508,566600,0.01012856361936465,1.0,0.014742722735596465,0.025569291733575694,1,7
2013-07-10,26.26000022888184,26.31999969482422,25.84000015258789,25.8799991607666,350400,0.012726568446672415,1.0,0.014789302008742915,0.027337580836556796,2,7
2013-07-11,26.57999992370605,26.790000915527344,26.26000022888184,26.559999465942383,798300,0.01218582224048359,1.0,0.014749695205750563,0.05082034691458692,3,7
2013-07-12,26.75,26.950000762939453,26.38999938964844,26.559999465942383,312300,0.0063957891942028056,1.0,0.013948242714810188,0.08534096252024836,4,7
2013-07-15,27.36000061035156,27.36000061035156,26.63999938964844,26.739999771118164,734500,0.022803761134637668,2.0,0.013590239333468934,0.10309278350515472,0,7
2013-07-16,27.5,27.61000061035156,27.13999938964844,27.309999465942383,3962500,0.005116936642006964,1.0,0.013975676071235402,0.11129161972861557,1,7
2013-07-17,27.51000022888184,27.600000381469727,27.309999465942383,27.530000686645508,457900,0.0003636446866124299,0.0,0.013771099815659537,0.12290731960037116,2,7
2013-07-18,27.479999542236328,27.88999938964844,27.420000076293945,27.65999984741211,482600,-0.0010905374916724275,-0.0,0.01360686993031926,0.10570744199471283,3,7
2013-07-19,27.31999969482422,27.520000457763672,27.239999771118164,27.32999992370605,481600,-0.005822410847066917,-1.0,0.013550839064397429,0.09090904960809998,4,7
2013-07-22,27.299999237060547,27.540000915527344,27.209999084472656,27.209999084472656,534200,-0.0007320811854716336,-0.0,0.013089966006603929,0.10028190812601978,0,7
2013-07-23,27.13999938964844,27.530000686645508,27.100000381469727,27.5,680700,-0.0058608004352945775,-1.0,0.01155559504981959,0.12530910880040103,1,7
2013-07-24,27.040000915527344,27.420000076293945,26.780000686645508,27.34000015258789,747400,-0.0036845422391290628,-0.0,0.011683665601473528,0.12195116951061902,2,7
2013-07-25,27.34000015258789,27.3700008392334,26.46999931335449,26.950000762939453,1246200,0.011094645965351146,1.0,0.010854472697608569,0.13565735077840424,3,7
2013-07-26,26.90999984741211,27.43000030517578,26.81999969482422,27.11000061035156,1227800,-0.01572788232538025,-2.0,0.0109050191653682,0.1396415345323525,4,7
2013-07-29,26.700000762939453,27.06999969482422,26.59000015258789,26.780000686645508,393500,-0.007803756434909492,-1.0,0.011785211124589553,0.12452985809581407,0,7
2013-07-30,26.71999931335449,26.8700008392334,26.600000381469727,26.86000061035156,467800,0.0007490093574376022,0.0,0.010553144550746633,0.08184766745485184,1,7
2013-07-31,27.07999992370605,27.309999465942383,26.6299991607666,26.770000457763672,605100,0.013473077080942808,1.0,0.010336378801872076,0.0892783760866851,2,7
2013-08-01,27.729999542236328,28.0,27.170000076293945,27.170000076293945,1194700,0.024002940190603894,2.0,0.009408461707377174,0.07673957592244918,3,8
2013-08-02,27.31999969482422,27.68000030517578,27.100000381469727,27.559999465942383,754700,-0.014785425682666387,-1.0,0.010413769222593206,0.09778302814622841,4,8
2013-08-05,27.57999992370605,27.68000030517578,27.229999542236328,27.36000061035156,482700,0.009516845965817922,1.0,0.011216984186401657,0.07474428059904548,0,8
2013-08-06,27.020000457763672,27.540000915527344,26.989999771118164,27.40999984741211,306900,-0.020304549220141133,-2.0,0.010956826663911191,0.06816422345793582,1,8
2013-08-07,26.920000076293945,27.040000915527344,26.6200008392334,26.96999931335449,434000,-0.0037009763055348976,-0.0,0.011963247870511392,0.05259058735712441,2,8
2013-08-08,27.229999542236328,27.290000915527344,26.96999931335449,27.11000061035156,289100,0.011515581911731632,1.0,0.011903485169678246,0.03817970534001702,3,8
2013-08-09,27.049999237060547,27.399999618530277,26.90999984741211,27.280000686645508,363900,-0.006610367543215867,-1.0,0.011850993005710938,0.036938282745620166,4,8
2013-08-12,27.549999237060547,27.649999618530277,26.950000762939453,26.96999931335449,429600,0.01848428887624376,2.0,0.011736260333976364,0.017682442238659002,0,8
2013-08-13,28.11000061035156,28.270000457763672,27.479999542236328,27.530000686645508,762800,0.020326729176010083,2.0,0.01230209482448724,0.029906513534973644,1,8
2013-08-14,27.690000534057617,28.149999618530277,27.61000061035156,28.020000457763672,423100,-0.01494130441744912,-1.0,0.01209755242196602,0.02741228009023655,2,8
2013-08-15,27.21999931335449,27.65999984741211,27.06999969482422,27.3799991607666,877800,-0.016973680449194894,-2.0,0.0125686097553348,0.006909110329367918,3,8
2013-08-16,27.059999465942383,27.46999931335449,26.780000686645508,27.46999931335449,534500,-0.0058780254022124945,-1.0,0.013128274051616972,-0.010541654420739954,4,8
2013-08-19,26.799999237060547,27.299999237060547,26.729999542236328,27.020000457763672,442300,-0.009608286548899336,-1.0,0.0131819107398031,-0.015283845825703635,0,8
2013-08-20,26.920000076293945,27.030000686645508,26.68000030517578,26.86000061035156,316500,0.0044776433824467166,0.0,0.013281689253898976,-0.019033691931635954,1,8
2013-08-21,26.84000015258789,27.26000022888184,26.690000534057617,26.809999465942383,378800,-0.0029717653595588978,-0.0,0.013332185957371605,-0.013919383567261856,2,8
2013-08-22,27.21999931335449,27.649999618530277,26.799999237060547,26.93000030517578,235700,0.014157941825866827,1.0,0.013289838356958718,-0.011053767273663806,3,8
2013-08-23,27.38999938964844,27.6299991607666,27.190000534057617,27.26000022888184,353600,0.006245410748799918,1.0,0.013638173957925862,0.006656745256387264,4,8
2013-08-26,27.290000915527344,27.59000015258789,27.200000762939453,27.38999938964844,209400,-0.0036509118784022743,-0.0,0.013488350883749166,0.001828794322659144,0,8
2013-08-27,26.350000381469727,27.06999969482422,26.350000381469727,26.96999931335449,586100,-0.03444487000814944,-3.0,0.013026010565941569,0.014121184328129255,1,8
2013-08-28,26.450000762939453,26.600000381469727,26.36000061035156,26.43000030517578,470100,0.0037950808357503085,0.0,0.015041905679047209,-0.013108628144892776,2,8
2013-08-29,26.6299991607666,26.76000022888184,26.43000030517578,26.43000030517578,241700,0.006805232235734149,1.0,0.015069416764843921,-0.010104736427896999,3,8
2013-08-30,26.06999969482422,26.68000030517578,26.049999237060547,26.56999969482422,598600,-0.021028895365773015,-2.0,0.01483141264016862,-0.01661745805787518,4,8
2013-09-03,26.350000381469727,26.729999542236328,26.030000686645508,26.3799991607666,1027400,0.010740341002040577,1.0,0.01432926255814578,-0.059862959784175884,1,9
2013-09-04,26.84000015258789,26.86000061035156,26.26000022888184,26.350000381469727,326500,0.018595816471515203,2.0,0.01434764993317595,-0.03550509971412108,2,9
2013-09-05,26.809999465942383,27.059999465942383,26.68000030517578,26.84000015258789,278900,-0.0011177603008550863,-0.0,0.014828773744523486,-0.026831028758709463,3,9
2013-09-06,26.780000686645508,27.200000762939453,26.38999938964844,26.989999771118164,471100,-0.001118939943843822,-0.0,0.014168490332654228,-0.0077720573006485605,4,9
2013-09-09,27.61000061035156,27.6299991607666,26.96999931335449,26.96999931335449,530400,0.030993274922504144,3.0,0.01414846586662303,-0.0052005716661094326,0,9
2013-09-10,27.850000381469727,28.020000457763672,27.489999771118164,27.690000534057617,598300,0.008692494234432857,1.0,0.015523253339553419,0.013955235934757004,1,9
2013-09-11,27.82999992370605,27.989999771118164,27.729999542236328,27.729999542236328,344200,-0.0007181492814981594,-0.0,0.01551840324834382,0.029574904509169775,2,9
2013-09-12,27.63999938964844,28.0,27.6200008392334,27.899999618530277,356000,-0.006827184138644693,-1.0,0.015025741454293449,0.010163364588005042,3,9
2013-09-13,27.850000381469727,28.0,27.56999969482422,27.729999542236328,210200,0.007597720566518307,1.0,0.014397552620253086,-0.01672007152251853,4,9
2013-09-16,27.93000030517578,28.13999938964844,27.86000061035156,28.07999992370605,543400,0.0028725286395070437,0.0,0.014120554693528598,0.0057782536773631765,0,9
2013-09-17,28.3700008392334,28.450000762939453,27.850000381469727,27.899999618530277,474800,0.01575368883816597,2.0,0.013554554740524338,0.026083799034960276,1,9
2013-09-18,28.6200008392334,28.790000915527344,28.299999237060547,28.459999084472656,675400,0.008812125223988998,1.0,0.013800336517069259,0.04841099036013574,2,9
2013-09-19,28.84000015258789,29.07999992370605,28.690000534057617,28.700000762939453,475000,0.007686907998021741,1.0,0.013586351176893592,0.06791050947703203,3,9
2013-09-20,28.6200008392334,29.01000022888184,28.6200008392334,28.8799991607666,989600,-0.007628270186910924,-1.0,0.013619191316626998,0.07132243948188988,4,9
2013-09-23,28.420000076293945,28.75,28.06999969482422,28.51000022888184,659700,-0.006988146648314708,-1.0,0.013764816130974241,0.06631895218055295,0,9
2013-09-24,28.34000015258789,28.51000022888184,28.059999465942383,28.40999984741211,682000,-0.0028149163790039955,-0.0,0.013692781589029009,0.04408526058818518,1,9
2013-09-25,28.309999465942383,28.59000015258789,28.1200008392334,28.31999969482422,542500,-0.0010585986762166044,-0.0,0.013699896239984608,0.03468421993826287,2,9
2013-09-26,28.5,28.520000457763672,28.170000076293945,28.34000015258789,388000,0.006711428387209617,1.0,0.013660755668675056,0.037376273953684036,3,9
2013-09-27,28.350000381469727,28.61000061035156,28.200000762939453,28.26000022888184,406700,-0.005263144509834117,-1.0,0.010860395171006607,0.08159391223547119,4,9
2013-09-30,28.459999084472656,28.489999771118164,27.780000686645508,28.09000015258789,1150400,0.0038800247450729852,0.0,0.011038928545069134,0.07183363189888703,0,9
2013-10-01,29.09000015258789,29.18000030517578,28.350000381469727,28.440000534057617,1392900,0.0221363699361099,2.0,0.011011790321290875,0.06871948859848831,1,10
2013-10-02,29.239999771118164,29.40999984741211,28.75,28.81999969482422,684800,0.005156397997369222,1.0,0.010260747138839213,0.11584198285829839,2,10
2013-10-03,28.75,29.280000686645508,28.420000076293945,29.170000076293945,479700,-0.01675785824055176,-2.0,0.010184312559944867,0.10967739460378878,3,10
2013-10-04,28.959999084472656,29.18000030517578,28.65999984741211,28.729999542236328,326600,0.007304315981657705,1.0,0.01073460575951226,0.071162438023606,4,10
2013-10-07,28.65999984741211,29.01000022888184,28.61000061035156,28.71999931335449,561600,-0.010359090004992355,-1.0,0.010717308445057626,0.08019394484738762,0,10
2013-10-08,28.0,28.68000030517578,27.93000030517578,28.63999938964844,543400,-0.023028606103489002,-2.0,0.011109049318259921,0.0702016098791256,1,10
2013-10-09,27.81999969482422,28.18000030517578,27.6299991607666,28.030000686645508,754200,-0.006428582327706489,-1.0,0.010618192746838766,0.014125294495727747,2,10
2013-10-10,28.61000061035156,28.61000061035156,28.149999618530277,28.149999618530277,422100,0.028396870028518206,3.0,0.010563218302733204,-0.0010772239222470725,3,10
2013-10-11,28.920000076293945,28.979999542236328,28.43000030517578,28.440000534057617,741200,0.010835353349493593,1.0,0.012241372778872063,0.028027333409407884,4,10
2013-10-14,28.229999542236328,28.75,28.11000061035156,28.59000015258789,1356200,-0.02385893956560592,-2.0,0.012255451515155207,0.046309721957696004,0,10
2013-10-15,27.299999237060547,28.21999931335449,27.270000457763672,28.13999938964844,1207800,-0.03294368828396055,-3.0,0.01343238944125798,0.013644493916037392,1,10
2013-10-16,27.51000022888184,27.690000534057617,27.209999084472656,27.450000762939453,878900,0.007692344237732129,1.0,0.015292031657580113,-0.022556428973561027,2,10
2013-10-17,27.46999931335449,27.530000686645508,27.270000457763672,27.38999938964844,805400,-0.001454049988896644,-0.0,0.014948441800458472,-0.03031373228449996,3,10
2013-10-18,27.6200008392334,27.670000076293945,27.299999237060547,27.59000015258789,819900,0.005460558049813491,1.0,0.0147659702278077,-0.04018174326195134,4,10
2013-10-21,27.76000022888184,28.01000022888184,27.559999465942383,27.6299991607666,687400,0.00506876847916593,1.0,0.014701950839983784,-0.04230233380373327,0,10
2013-10-22,27.850000381469727,28.040000915527344,27.559999465942383,27.850000381469727,588000,0.0032420803979047452,0.0,0.014717954111100249,-0.030048937286285327,1,10
2013-10-23,27.600000381469727,27.770000457763672,27.32999992370605,27.729999542236328,445500,-0.008976660559270266,-1.0,0.014691225972903513,-0.020056287589516053,2,10
2013-10-24,27.63999938964844,27.799999237060547,27.5,27.61000061035156,490800,0.0014492394067344705,0.0,0.014793375984627792,-0.02611149495885201,3,10
2013-10-25,27.270000457763672,27.75,27.18000030517578,27.46999931335449,652400,-0.013386358178551161,-1.0,0.014804307284475874,-0.02366655206404955,4,10
2013-10-28,27.450000762939453,27.520000457763672,27.209999084472656,27.26000022888184,614500,0.0066006711461030765,1.0,0.014927594026546236,-0.043157878674958905,0,10
2013-10-29,27.81999969482422,27.81999969482422,27.36000061035156,27.5,419000,0.013479013537380569,1.0,0.01502180996537061,-0.031746017863143905,1,10
2013-10-30,27.61000061035156,27.940000534057617,27.559999465942383,27.809999465942383,485500,-0.007548493413956803,-1.0,0.015334171128119715,-0.02248768131540846,2,10
2013-10-31,27.76000022888184,27.93000030517578,27.40999984741211,27.57999992370605,655000,0.005432800261295334,1.0,0.014439774260683085,-0.05087657389044975,3,10
2013-11-01,27.700000762939453,27.940000534057617,27.350000381469727,27.700000762939453,641000,-0.0021613640290953917,-0.0,0.014447114847869286,-0.05061557981605036,4,11
2013-11-04,27.96999931335449,28.020000457763672,27.709999084472656,27.81999969482422,702200,0.009747239818717723,1.0,0.01406642162308093,-0.036521712593410305,0,11
2013-11-05,27.920000076293945,28.170000076293945,27.6200008392334,27.850000381469727,882100,-0.0017876023699675558,-0.0,0.014154224915945262,-0.03418507605026033,1,11
2013-11-06,28.350000381469727,28.399999618530277,27.8700008392334,28.13999938964844,665700,0.01540115702008471,2.0,0.014010630410164517,-0.025819950281157578,2,11
2013-11-07,30.43000030517578,31.209999084472656,29.26000022888184,29.26000022888184,2385300,0.07336860302356807,7.0,0.013511046732873113,0.012500013623918838,3,11
2013-11-08,31.34000015258789,31.36000061035156,30.420000076293945,30.440000534057617,1405900,0.029904693995593812,3.0,0.020713521447996416,0.09381742052416842,4,11
2013-11-11,32.15999984741211,32.18000030517578,31.15999984741211,31.18000030517578,1637200,0.02616463595506735,3.0,0.020802995901824252,0.09542116336930717,0,11
2013-11-12,32.130001068115234,32.349998474121094,31.809999465942383,31.950000762939453,762500,-0.000932797868134605,-0.0,0.02129761407310877,0.11203318681088215,1,11
2013-11-13,32.36000061035156,32.470001220703125,31.76000022888184,31.959999084472656,634400,0.007158404437918708,1.0,0.020293136064037532,0.13815095958623447,2,11
2013-11-14,32.290000915527344,32.459999084472656,31.8700008392334,32.31999969482422,445100,-0.002163154929046174,-0.0,0.018185858574974793,0.18534804083151468,3,11
2013-11-15,32.369998931884766,32.529998779296875,32.15999984741211,32.25,658300,0.0024774857258971217,0.0,0.018328445323678395,0.173755021696697,4,11
2013-11-18,32.02000045776367,32.20000076293945,31.770000457763672,31.8799991607666,1013500,-0.010812433910102559,-1.0,0.018248963961187956,0.17837640120173393,0,11
2013-11-19,31.82999992370605,32.150001525878906,31.670000076293945,31.979999542236328,527900,-0.00593380797443277,-1.0,0.018702059954282067,0.15930483290500863,1,11
2013-11-20,31.690000534057617,32.189998626708984,31.57999992370605,31.899999618530277,522400,-0.004398347156267746,-0.0,0.018918353775832182,0.1466138206508274,2,11
2013-11-21,32.189998626708984,32.290000915527344,31.649999618530277,31.770000457763672,518700,0.015777787447936786,2.0,0.019061132533840508,0.1378815116693095,3,11
2013-11-22,32.33000183105469,32.45000076293945,31.899999618530277,32.130001068115234,575600,0.0043492764932751005,0.0,0.018830774868411924,0.16630428194924662,4,11
2013-11-25,32.27000045776367,32.52000045776367,32.18000030517578,32.33000183105469,334400,-0.0018559038011987106,-0.0,0.0187946579261387,0.16968171291504142,0,11
2013-11-26,32.58000183105469,32.630001068115234,32.099998474121094,32.33000183105469,571400,0.00960648803512587,1.0,0.018311458390362984,0.1833516654223788,1,11
2013-11-27,32.75,32.83000183105469,32.52000045776367,32.58000183105469,355600,0.0052178686123729445,1.0,0.018310053060136562,0.1868852796186915,2,11
2013-11-29,32.540000915527344,32.970001220703125,32.5099983215332,32.95000076293945,353600,-0.006412185785424573,-1.0,0.018282989974162802,0.17721065274105618,4,11
2013-12-02,32.58000183105469,32.9900016784668,32.27000045776367,32.52000045776367,620400,0.0012292844007959491,0.0,0.01823644054811377,0.17855850040537224,0,12
2013-12-03,32.47999954223633,32.849998474121094,32.06999969482422,32.43000030517578,662300,-0.003069437789995466,-0.0,0.018289102674314377,0.1736311802028756,1,12
2013-12-04,33.099998474121094,33.150001525878906,32.220001220703125,32.25,922200,0.019088637334447434,2.0,0.018314904775853968,0.1725631280737061,2,12
2013-12-05,32.70000076293945,33.189998626708984,32.61000061035156,33.0,840300,-0.012084523553509419,-1.0,0.018478202824299066,0.18341077178065035,3,12
2013-12-06,33.310001373291016,33.63999938964844,32.7400016784668,32.75,1116500,0.018654452480713957,2.0,0.018888773911518407,0.1712034625209069,4,12
2013-12-09,33.04999923706055,33.470001220703125,32.93000030517578,33.43000030517578,570000,-0.007805527634680565,-1.0,0.01896811210471379,0.17495594091996103,0,12
2013-12-10,32.380001068115234,33.0,32.369998931884766,32.93000030517578,720500,-0.020272259740145793,-2.0,0.011912535618232037,0.08609920820273986,1,12
2013-12-11,31.63999938964844,32.72999954223633,31.530000686645508,32.38999938964844,632300,-0.022853664424226205,-2.0,0.011482893032496994,0.033184457896100694,2,12
2013-12-12,31.559999465942383,31.82999992370605,31.38999938964844,31.709999084472656,357800,-0.0025284426437830465,-0.0,0.011222902151053721,-0.016169168539517664,3,12
2013-12-13,32.2400016784668,32.400001525878906,31.65999984741211,31.709999084472656,569700,0.021546331559930243,2.0,0.011229843293958954,-0.017740478780702618,4,12
2013-12-16,32.529998779296875,32.7599983215332,32.060001373291016,32.290000915527344,352900,0.008994946827926675,1.0,0.012141085750796221,-0.0037082487522073215,0,12
2013-12-17,32.5,32.630001068115234,32.20000076293945,32.45000076293945,328400,-0.0009221881470209414,-0.0,0.012289839238929772,0.00743257531634578,1,12
2013-12-18,33.029998779296875,33.04999923706055,32.130001068115234,32.56999969482422,332900,0.016307654747596212,2.0,0.012283834726905597,0.004016097386619899,2,12
2013-12-19,33.0,33.20000076293945,32.93000030517578,33.0,386200,-0.0009082282896019089,-0.0,0.012485213302558992,0.03154273288863485,3,12
2013-12-20,33.95000076293945,34.11000061035156,33.0,33.16999816894531,1807000,0.028787901907256108,3.0,0.012382250337552286,0.03675777816834258,4,12
2013-12-23,33.95000076293945,34.349998474121094,33.400001525878906,33.959999084472656,1006500,0.0,0.0,0.013609411749929927,0.07131587853565935,0,12
2013-12-24,34.040000915527344,34.36000061035156,33.95000076293945,33.95000076293945,275900,0.0026509617250476403,0.0,0.013322891700895723,0.05467543371592898,1,12
2013-12-26,34.04999923706055,34.349998474121094,33.970001220703125,34.15999984741211,438600,0.00029372271634220404,0.0,0.013317038419866806,0.05289201941306754,3,12
2013-12-27,34.11000061035156,34.400001525878906,33.81999969482422,34.22999954223633,231200,0.0017621549085296007,0.0,0.013289780677572902,0.055159552341085716,4,12
2013-12-30,34.29999923706055,34.400001525878906,33.880001068115234,34.189998626708984,375900,0.005570173653157928,1.0,0.01319419380136477,0.046961285859674406,0,12
2013-12-31,35.38999938964844,35.5,34.310001373291016,34.400001525878906,952300,0.03177843081145504,3.0,0.01319835227868554,0.047328220978948066,1,12
2014-01-02,34.70000076293945,35.5,34.560001373291016,35.5,882200,-0.01949699459194698,-2.0,0.014506093850086457,0.08758446201398651,3,1
2014-01-03,34.7599983215332,35.060001373291016,34.630001068115234,34.720001220703125,431100,0.0017290362326973785,0.0,0.01538975928864205,0.06507055901586911,4,1
2014-01-06,34.58000183105469,34.97999954223633,34.470001220703125,34.81999969482422,507100,-0.005178265223534595,-1.0,0.015328788029882304,0.07019700774108739,0,1
2014-01-07,34.970001220703125,35.09000015258789,34.45000076293945,34.810001373291016,592400,0.011278177241107024,1.0,0.014993809906778772,0.0447130944157208,1,1
2014-01-08,35.06999969482422,35.08000183105469,34.63999938964844,34.97999954223633,696800,0.0028595502039014953,0.0,0.014746269106886646,0.06941897262388985,2,1
2014-01-09,34.900001525878906,35.400001525878906,34.540000915527344,35.189998626708984,385700,-0.004847395791976572,-0.0,0.01432085337221265,0.052836933322507385,3,1
2014-01-10,35.310001373291016,35.31999969482422,34.470001220703125,34.97999954223633,442400,0.011747846117086569,1.0,0.014228127772695933,0.05597586479650696,4,1
2014-01-13,34.56999969482422,35.47999954223633,34.36000061035156,35.099998474121094,447400,-0.020957282630596152,-2.0,0.013331467549948725,0.09048796196801145,0,1
2014-01-14,35.15999984741211,35.36000061035156,34.630001068115234,34.810001373291016,522500,0.01706682550755767,2.0,0.013144029570460953,0.09260430978814682,1,1
2014-01-15,35.540000915527344,35.70000076293945,35.220001220703125,35.349998474121094,511100,0.010807766489316473,1.0,0.013328683872067135,0.11406845508202967,2,1
2014-01-16,35.56999969482422,35.79999923706055,35.36000061035156,35.369998931884766,381800,0.0008440849331483591,0.0,0.012869950398046417,0.10235729110599356,3,1
2014-01-17,35.38999938964844,35.79999923706055,35.29999923706055,35.619998931884766,280200,-0.005060452817545968,-1.0,0.01285779013526728,0.09345222962203414,4,1
2014-01-21,35.7400016784668,35.91999816894531,35.2599983215332,35.2599983215332,573100,0.009889864223075806,1.0,0.012973687059728107,0.08892305814302892,1,1
2014-01-22,35.75,36.02999877929688,35.380001068115234,35.86000061035156,842900,0.0002797515686527863,0.0,0.01274644533569485,0.0820467150870301,2,1
2014-01-23,36.0,38.5,35.88999938964844,37.95000076293945,2118500,0.006993006993007089,1.0,0.012726944584859885,0.08333333333333326,3,1
2014-01-24,35.72999954223633,36.16999816894531,35.68000030517578,35.939998626708984,1040000,-0.007500012715657589,-1.0,0.011416755470110299,0.060382892223624696,4,1
2014-01-27,35.29999923706055,35.880001068115234,34.97999954223633,35.70000076293945,1041100,-0.012034713425268295,-1.0,0.011626011279094808,0.052430007048481775,0,1
2014-01-28,35.209999084472656,35.599998474121094,34.959999084472656,35.20000076293945,821200,-0.002549579448528738,-0.0,0.012050442376939734,0.03701522584150263,1,1
2014-01-29,35.099998474121094,35.34000015258789,34.43000030517578,34.849998474121094,871700,-0.0031241298838906584,-0.0,0.0120841529987184,0.034067544005979,2,1
2014-01-30,36.31999969482422,36.790000915527344,35.95000076293945,36.470001220703125,1477300,0.034757871046707356,3.0,0.012129163937066877,0.029023683554819213,3,1
2014-01-31,35.68000030517578,36.0,35.31999969482422,35.7599983215332,1057200,-0.017621128717675627,-2.0,0.01413362658904865,0.05889214293570877,4,1
2014-02-03,34.09000015258789,35.63999938964844,33.459999084472656,35.47999954223633,1661200,-0.044562784164473346,-4.0,0.013150151521053904,0.008194431210195807,0,2
2014-02-04,34.689998626708984,34.93000030517578,33.81999969482422,34.18000030517578,1025600,0.017600424506760914,2.0,0.01590269588532437,-0.017579267923332753,1,2
2014-02-05,35.20000076293945,35.689998626708984,34.04999923706055,34.58000183105469,1097600,0.014701705287408107,1.0,0.016394592527306087,-0.0020138002935649046,2,2
2014-02-06,35.220001220703125,35.560001373291016,35.08000183105469,35.29999923706055,848800,0.0005681948105162871,0.0,0.01665060660356683,0.017929407144448906,3,2
2014-02-07,35.66999816894531,35.709999084472656,35.0,35.209999084472656,705900,0.012776744254559214,1.0,0.01648256387020961,0.0071489845946013375,4,2
2014-02-10,35.779998779296875,35.86000061035156,35.209999084472656,35.5,731400,0.0030838412110525404,0.0,0.01669516527386834,0.017108596502487083,0,2
2014-02-11,36.4900016784668,36.630001068115234,35.779998779296875,35.779998779296875,928700,0.019843569686781137,2.0,0.016647296884934278,0.0252148199124127,1,2
2014-02-12,37.34000015258789,37.5099983215332,36.11000061035156,36.68999862670898,1707500,0.023294010277414845,2.0,0.01699105781929354,0.033418302443577685,2,2
2014-02-13,37.93999862670898,38.0099983215332,37.04999923706055,37.2400016784668,1396800,0.016068518255737185,2.0,0.01678270947636029,0.08012729193568346,3,2
2014-02-14,37.790000915527344,38.09999847412109,37.54999923706055,38.0099983215332,632800,-0.003953550780469439,-0.0,0.016744657956777983,0.07906708735385526,4,2
2014-02-18,38.43000030517578,38.52000045776367,37.68999862670898,37.91999816894531,842600,0.01693568071297591,2.0,0.01674404217757593,0.0633089460337346,1,2
2014-02-19,38.060001373291016,38.40999984741211,37.970001220703125,38.18000030517578,957100,-0.00962786700355378,-1.0,0.017003674243196536,0.08040485338457071,2,2
2014-02-20,38.75,38.790000915527344,37.869998931884766,38.0,1144400,0.018129232837947207,2.0,0.01715161889767855,0.07544509832412016,3,2
2014-02-21,38.72999954223633,38.93999862670898,38.470001220703125,38.93999862670898,648800,-0.0005161408455141014,-0.0,0.01739495894058012,0.08421931114084735,4,2
2014-02-24,38.68000030517578,39.20000076293945,38.61000061035156,38.86000061035156,794100,-0.0012909692138266537,-0.0,0.017404340697774186,0.08335663055206521,0,2
2014-02-25,39.27000045776367,39.290000915527344,38.470001220703125,38.869998931884766,879300,0.015253364734563846,2.0,0.01742614186232948,0.07444445292154955,1,2
2014-02-26,39.220001220703125,39.650001525878906,39.0099983215332,39.400001525878906,704700,-0.0012732171244643764,-0.0,0.017410760695716784,0.09907643327402571,2,2
2014-02-27,39.869998931884766,39.869998931884766,39.02999877929688,39.27000045776367,637200,0.0165731180762565,2.0,0.017049629765713503,0.11104821723415426,3,2
2014-02-28,39.310001373291016,39.9900016784668,39.09999847412109,39.959999084472656,623500,-0.014045587499274093,-1.0,0.017127408260362756,0.13234876366319281,4,2
2014-03-03,38.81999969482422,39.16999816894531,38.41999816894531,39.16999816894531,670900,-0.012465063885744976,-1.0,0.017580585260820694,0.11994310775466044,0,3
2014-03-04,40.02999877929688,40.400001525878906,39.43000030517578,39.43000030517578,1600000,0.031169476918723182,3.0,0.01665449470660514,0.06883259969730293,1,3
2014-03-05,39.810001373291016,39.97999954223633,39.5099983215332,39.93000030517578,488100,-0.005495813457772281,-1.0,0.016988672796959804,0.12191699655030797,2,3
2014-03-06,39.68999862670898,40.040000915527344,39.56999969482422,39.86000061035156,644700,-0.003014386898829602,-0.0,0.012852954928708372,0.16779117615430406,3,3
2014-03-07,39.27999877929688,39.84999847412109,39.13999938964844,39.84999847412109,733200,-0.010330054462037497,-1.0,0.012829519999821942,0.14413376183158233,4,3
2014-03-10,38.91999816894531,39.43999862670898,38.75,39.27999877929688,652300,-0.009164985273403703,-1.0,0.01318823165366328,0.11590903204334824,0,3
2014-03-11,38.720001220703125,39.040000915527344,38.43000030517578,38.91999816894531,590400,-0.0051386679766538546,-1.0,0.013530112422884932,0.10505385633170405,1,3
2014-03-12,38.52000045776367,38.619998931884766,38.11000061035156,38.619998931884766,533800,-0.005165308797369428,-1.0,0.013570382529261309,0.08550611741867642,2,3
2014-03-13,38.220001220703125,38.880001068115234,38.0099983215332,38.77999877929688,1131800,-0.007788142094896644,-1.0,0.013716879903032957,0.07657914398958066,3,3
2014-03-14,37.79999923706055,38.47999954223633,37.66999816894531,38.02999877929688,563300,-0.010989062538675931,-1.0,0.013403399208223305,0.04741023465770966,4,3
2014-03-17,37.720001220703125,38.34999847412109,37.40999984741211,37.880001068115234,854100,-0.0021163496818007443,-0.0,0.012791456169365977,0.01231920414014187,0,3
2014-03-18,38.02999877929688,38.13999938964844,37.720001220703125,37.720001220703125,964400,0.008218386759319962,1.0,0.01230240606248594,-0.005798561253794521,1,3
2014-03-19,37.5099983215332,38.130001068115234,37.25,38.08000183105469,449700,-0.013673428200233428,-1.0,0.012403308900501921,0.006350829795056301,2,3
2014-03-20,37.470001220703125,37.72999954223633,37.20000076293945,37.36000061035156,527600,-0.001066305055180905,-0.0,0.012155817339877122,-0.023939681923933587,3,3
2014-03-21,36.7400016784668,37.65999984741211,36.68000030517578,37.65999984741211,1078100,-0.019482239617141683,-2.0,0.01199745773249367,-0.015501842651060138,4,3
2014-03-24,36.209999084472656,36.75,35.7599983215332,36.59999847412109,680100,-0.01442576401145823,-1.0,0.011856383409917275,-0.0518709244266633,0,3
2014-03-25,36.02999877929688,36.59999847412109,35.65999984741211,36.41999816894531,664200,-0.004971011039129225,-0.0,0.012127400724687497,-0.06506585302216517,1,3
2014-03-26,35.13999938964844,36.25,35.13999938964844,36.25,632600,-0.024701621421087783,-2.0,0.012126099996858142,-0.06851089723296366,2,3
2014-03-27,35.08000183105469,35.599998474121094,34.7400016784668,35.02000045776367,882200,-0.0017073864438206243,-0.0,0.012203037643860364,-0.10516936643678432,3,3
2014-03-28,34.84000015258789,35.5,34.720001220703125,35.060001373291016,604100,-0.006841552620853508,-1.0,0.012196405753270875,-0.10555836972955135,4,3
2014-03-31,35.41999816894531,35.709999084472656,34.65999984741211,35.09000015258789,829700,0.016647474564214004,2.0,0.011127154801050539,-0.126159992827948,0,3
2014-04-01,35.90999984741211,36.06999969482422,35.349998474121094,35.59000015258789,790700,0.013834040197562958,1.0,0.012042880841927017,-0.09895708645252677,1,4
2014-04-02,35.779998779296875,36.220001220703125,35.540000915527344,36.11000061035156,440200,-0.00362019127450941,-0.0,0.01257064223867037,-0.0749613567822901,2,4
2014-04-03,34.9900016784668,35.91999816894531,34.849998474121094,35.61000061035156,386700,-0.022079293677538914,-2.0,0.009725928088414834,-0.10617037545846908,3,4
2014-04-04,34.75,35.4900016784668,34.709999084472656,35.33000183105469,1173600,-0.006859150241610212,-1.0,0.010394156920296852,-0.12107509491466661,4,4
2014-04-07,34.40999984741211,34.970001220703125,34.06999969482422,34.619998931884766,1009100,-0.00978417705288892,-1.0,0.010371386780722754,-0.12446457036117542,0,4
2014-04-08,34.220001220703125,34.810001373291016,33.91999816894531,34.4900016784668,576300,-0.005521610797777243,-1.0,0.010361350101188946,-0.12398164672173007,1,4
2014-04-09,34.939998626708984,35.029998779296875,34.41999816894531,34.72999954223633,596000,0.021040250739975397,2.0,0.010340267438716985,-0.12076046169992793,2,4
2014-04-10,33.83000183105469,34.939998626708984,33.58000183105469,34.939998626708984,1049300,-0.031768655961130654,-3.0,0.011914887558421487,-0.09762403085806248,3,4
2014-04-11,33.13999938964844,33.880001068115234,32.88999938964844,33.459999084472656,706500,-0.020396169200701975,-2.0,0.01328932739099669,-0.12175489540430984,4,4
2014-04-14,33.34000015258789,33.75,32.959999084472656,33.290000915527344,407500,0.006035026150360334,1.0,0.013650309221441871,-0.13291474800641656,0,4
2014-04-15,33.77000045776367,33.95000076293945,32.790000915527344,33.47999954223633,613800,0.012897429610311706,1.0,0.01388505587829878,-0.1179893961505667,1,4
2014-04-16,34.5,34.58000183105469,33.779998779296875,33.91999816894531,473300,0.021616805814064,2.0,0.014462442382379846,-0.10471899880987923,2,4
2014-04-17,35.0,35.09000015258789,34.31999969482422,34.36000061035156,446500,0.01449275362318847,1.0,0.015350148821637122,-0.09282142762567158,3,4
2014-04-21,34.709999084472656,34.970001220703125,34.369998931884766,34.86000061035156,537000,-0.00828574044363839,-1.0,0.015735652319026967,-0.06691544744997491,0,4
2014-04-22,35.150001525878906,35.25,34.5,34.790000915527344,736100,0.012676532786285222,1.0,0.01576612765062408,-0.0736589817537956,1,4
2014-04-23,34.95000076293945,35.31999969482422,34.29999923706055,35.0,890200,-0.0056899218849878475,-1.0,0.015699654627531506,-0.043277084375305974,2,4
2014-04-24,36.20000076293945,36.25,35.029998779296875,35.400001525878906,1028500,0.035765378332279774,4.0,0.015467601128093783,-0.03479697192462805,3,4
2014-04-25,35.15999984741211,36.09999847412109,35.02000045776367,35.88999938964844,1035700,-0.02872930645327687,-3.0,0.017447547720821136,0.004718345528789136,4,4
2014-04-28,34.47999954223633,35.369998931884766,33.66999816894531,35.36000061035156,1261500,-0.019340168035462346,-2.0,0.017756325337413677,0.0005691650003147863,0,4
2014-04-29,34.900001525878906,35.13999938964844,34.2599983215332,34.33000183105469,947600,0.012181032169913397,1.0,0.018259674896259275,-0.017103827180738773,1,4
2014-04-30,35.369998931884766,35.439998626708984,34.369998931884766,34.689998626708984,588700,0.013466973795326354,1.0,0.01840903952087643,0.001722197848112117,2,4
2014-05-01,35.470001220703125,36.0,34.93000030517578,35.45000076293945,872400,0.0028273195317574107,0.0,0.01827996519843838,-0.0014116103795958068,3,5
2014-05-02,35.22999954223633,36.02000045776367,35.18000030517578,35.54999923706055,749300,-0.006766328452413872,-1.0,0.018022224807232756,-0.012252816167602765,4,5
2014-05-05,35.40999984741211,35.720001220703125,34.630001068115234,35.150001525878906,607400,0.005109290590821214,1.0,0.018063082084523133,-0.015371695243846406,0,5
2014-05-06,34.83000183105469,35.75,34.81999969482422,35.25,834300,-0.016379497849667746,-2.0,0.017407688520086957,0.012003376644699637,1,5
2014-05-07,34.93000030517578,34.97999954223633,34.2400016784668,34.90999984741211,611500,0.0028710441821433452,0.0,0.017735624374328563,0.002302210965602569,2,5
2014-05-08,34.7599983215332,36.02000045776367,34.56999969482422,34.77000045776367,624500,-0.004866933356922676,-0.0,0.0175917146607701,0.01511189944985647,3,5
2014-05-09,35.02000045776367,35.29999923706055,34.43000030517578,34.650001525878906,533600,0.007479923727999882,1.0,0.0175804127479128,0.015780160186066317,4,5
2014-05-12,36.31999969482422,36.540000915527344,35.09000015258789,35.2599983215332,530600,0.0371216225033586,4.0,0.01704427045486562,0.002289691877478628,0,5
2014-05-13,35.5,36.27999877929688,35.47999954223633,36.15999984741211,719400,-0.02257708429829841,-2.0,0.017202936682234857,0.07360324354117553,1,5
2014-05-14,35.099998474121094,35.7400016784668,35.0099983215332,35.31999969482422,629500,-0.011267648616307246,-1.0,0.017360448547752094,0.07121305533544242,2,5
2014-05-15,34.88999938964844,35.150001525878906,34.31999969482422,35.02000045776367,670600,-0.005982880159595583,-1.0,0.017638704305144578,0.05278939152604023,3,5
2014-05-16,35.880001068115234,35.880001068115234,34.630001068115234,34.72999954223633,619800,0.028374941123115116,3.0,0.01756863432807178,0.033165499458182035,4,5
2014-05-19,36.369998931884766,36.59999847412109,35.619998931884766,35.619998931884766,636400,0.013656573277110784,1.0,0.01800808399852584,0.04000003095986182,0,5
2014-05-20,35.75,36.27000045776367,35.33000183105469,36.15999984741211,783600,-0.01704698790467174,-2.0,0.017980035633238245,0.039142826625279126,1,5
2014-05-21,35.959999084472656,36.150001525878906,35.52000045776367,35.83000183105469,387100,0.005874100264969373,1.0,0.0183284936581816,0.029962573983258523,2,5
2014-05-22,36.369998931884766,36.63999938964844,35.7599983215332,35.97999954223633,465500,0.011401553332885062,1.0,0.0181818378163346,0.02304402627116242,3,5
2014-05-23,36.83000183105469,37.0,36.18000030517578,36.43999862670898,646300,0.012647866722004464,1.0,0.01823847583000374,0.04062941739477899,4,5
2014-05-27,37.29999923706055,37.61000061035156,36.75,37.0,585100,0.012761264801501193,1.0,0.016738055649934108,0.01740334405628552,1,5
2014-05-28,36.810001373291016,37.4900016784668,36.75,37.310001373291016,914600,-0.013136672219625112,-1.0,0.01545882228709227,0.06086460178997832,2,5
2014-05-29,37.25,37.34000015258789,36.90999984741211,37.04999923706055,290600,0.011953235813466856,1.0,0.015066252555680198,0.06757546003446291,3,5
2014-05-30,36.79999923706055,37.2599983215332,36.400001525878906,37.2599983215332,563300,-0.012080557394347768,-1.0,0.015059563356139928,0.06733519688755685,4,5
2014-06-02,36.59999847412109,36.91999816894531,36.06999969482422,36.79999923706055,447800,-0.0054348034534208445,-1.0,0.015221032320447877,0.04042975256882708,0,6
2014-06-03,36.20000076293945,36.61000061035156,35.91999816894531,36.41999816894531,573200,-0.010928899668246173,-1.0,0.015305092935276725,0.031857829561009465,1,6
2014-06-04,36.27999877929688,36.369998931884766,35.970001220703125,36.06999969482422,402400,0.0022098899080502665,0.0,0.015445249406870283,0.027533387263891873,2,6
2014-06-05,36.880001068115234,37.04999923706055,35.93000030517578,36.0,548400,0.016538101130277427,2.0,0.015423444212676185,0.02456930063919094,3,6
2014-06-06,37.900001525878906,38.18999862670898,37.0,37.09999847412109,931500,0.027657278422519305,3.0,0.015211388521415962,0.05885728192046069,4,6
2014-06-09,38.08000183105469,38.400001525878906,37.810001373291016,37.970001220703125,1041400,0.0047493482303127,0.0,0.01614704126847929,0.08502723145590818,0,6
2014-06-10,37.709999084472656,38.18000030517578,37.470001220703125,37.91999816894531,516300,-0.009716458214040546,-1.0,0.016018349291159247,0.095512188430251,1,6
2014-06-11,37.68999862670898,37.91999816894531,37.540000915527344,37.63999938964844,602100,-0.0005303754507889336,-0.0,0.01629421460107681,0.07681320935313218,2,6
2014-06-12,36.970001220703125,37.75,36.84999847412109,37.68999862670898,686100,-0.01910314227222143,-2.0,0.014387651399185937,0.03772023522566248,3,6
2014-06-13,36.9900016784668,37.77000045776367,36.91999816894531,37.22999954223633,698500,0.0005409915364695816,0.0,0.014109885504594863,0.041408485090228764,4,6
2014-06-16,37.04999923706055,37.459999084472656,36.83000183105469,36.90999984741211,738500,0.0016219939408295136,0.0,0.013785074212123712,0.05384624747887634,0,6
2014-06-17,37.59999847412109,38.040000915527344,37.150001525878906,37.150001525878906,924500,0.0148447840320165,1.0,0.01364779061001132,0.06190885311545635,1,6
2014-06-18,37.75,37.810001373291016,37.0,37.70000076293945,696800,0.003989402445911061,0.0,0.012672136711995094,0.04793749595326324,2,6
2014-06-19,37.709999084472656,37.959999084472656,37.400001525878906,37.959999084472656,650100,-0.0010596269013866122,-0.0,0.012412207663655583,0.03794339039436756,3,6
2014-06-20,37.72999954223633,37.84999847412109,37.41999816894531,37.75,1179200,0.0005303754507888225,0.0,0.011663006739549201,0.05482514921601833,4,6
2014-06-23,37.93999862670898,38.0,37.650001525878906,37.66999816894531,835700,0.005565838511012222,1.0,0.011646501133221741,0.04922137104636226,0,6
2014-06-24,37.2400016784668,38.09999847412109,37.2400016784668,37.88999938964844,629700,-0.018450104733251038,-2.0,0.01148840228613118,0.043167438573879835,1,6
2014-06-25,37.75,38.040000915527344,37.16999816894531,37.540000915527344,767500,0.01369490597601386,1.0,0.012048326302643157,0.011132224464523333,2,6
2014-06-26,38.209999084472656,38.45000076293945,37.63999938964844,37.90999984741211,826100,0.012185406211196126,1.0,0.012097084305150827,0.012064363864445982,3,6
2014-06-27,38.41999816894531,38.95000076293945,38.060001373291016,38.540000915527344,14914300,0.005495919641568259,1.0,0.011915782791026761,0.03803307956944191,4,6
2014-06-30,38.79999923706055,38.84999847412109,38.16999816894531,38.43000030517578,1017800,0.009890710208892983,1.0,0.011723704285602009,0.03140934681732377,0,6
2014-07-01,38.970001220703125,39.54999923706055,38.869998931884766,38.869998931884766,1069800,0.0043814945099327485,0.0,0.011424039246786796,0.05434782721369835,1,7
2014-07-02,38.810001373291016,39.34000015258789,38.68999862670898,38.68999862670898,908600,-0.004105718306395834,-0.0,0.011279381482351343,0.0647541761035264,2,7
2014-07-03,38.9900016784668,39.11000061035156,38.70000076293945,38.959999084472656,448300,0.0046379876013005195,0.0,0.010949952229605084,0.07209946285480773,3,7
2014-07-07,38.84999847412109,39.06999969482422,38.68999862670898,38.93999862670898,657200,-0.003590746302096992,-0.0,0.010949824277066783,0.07469688507035932,0,7
2014-07-08,38.060001373291016,38.91999816894531,37.880001068115234,38.7400016784668,821100,-0.02033454650857469,-2.0,0.010627077951424565,0.053416414017108726,1,7
2014-07-09,38.43000030517578,38.65999984741211,38.209999084472656,38.27000045776367,684800,0.009721463965695287,1.0,0.010101694013363523,0.004221631687873595,2,7
2014-07-10,38.4900016784668,38.810001373291016,37.77999877929688,38.09999847412109,836900,0.0015613159722753789,0.0,0.010269316367709894,0.009191135958288355,3,7
2014-07-11,38.5,38.54999923706055,38.130001068115234,38.4900016784668,546800,0.00025976412307615604,0.0,0.010000454616552466,0.02068423794566754,4,7
2014-07-14,38.869998931884766,39.040000915527344,38.5,38.65999984741211,673200,0.009610361867136819,1.0,0.00999580230362459,0.021491148920260716,0,7
2014-07-15,38.63999938964844,39.040000915527344,38.31999969482422,38.88999938964844,516600,-0.005917148149125917,-1.0,0.00901545033909101,0.05139295776159303,1,7
2014-07-16,38.150001525878906,38.86000061035156,38.130001068115234,38.7400016784668,860100,-0.012681104335131033,-1.0,0.009191474207470103,0.04460658654530869,2,7
2014-07-17,37.43999862670898,38.2599983215332,37.400001525878906,38.060001373291016,735300,-0.01861082230070954,-2.0,0.009743627780871804,0.029689671024825337,3,7
2014-07-18,37.88999938964844,37.970001220703125,37.43999862670898,37.619998931884766,673600,0.012019251587750857,1.0,0.010168049060264011,-0.0042553152634362545,4,7
2014-07-21,37.84000015258789,37.95000076293945,37.59999847412109,37.79999923706055,510000,-0.0013195892812341015,-0.0,0.010477898928721075,0.003708593103269875,0,7
2014-07-22,38.29999923706055,38.5099983215332,37.97999954223633,37.97999954223633,686000,0.012156423959242435,1.0,0.010479650688331597,0.0034473898507403344,1,7
2014-07-23,38.02000045776367,38.52999877929688,37.93000030517578,38.38999938964844,806900,-0.007310673234320553,-1.0,0.010799282504069144,0.015107333732833572,2,7
2014-07-24,37.63999938964844,38.209999084472656,36.93999862670898,37.9900016784668,1476000,-0.009994767583903053,-1.0,0.010878632990984906,0.0021086408526744815,3,7
2014-07-25,37.81999969482422,38.11000061035156,37.41999816894531,37.65999984741211,1323500,0.004782154837794206,0.0,0.0102964185738444,0.010741076615282008,4,7
2014-07-28,37.400001525878906,37.97999954223633,37.310001373291016,37.7599983215332,917800,-0.011105186999850525,-1.0,0.009904126015942287,0.0018542965516348264,0,7
2014-07-29,37.33000183105469,37.83000183105469,37.2599983215332,37.43000030517578,1307600,-0.0018716495178692227,-0.0,0.009790652341263863,-0.021198575713206602,1,7
2014-07-30,37.38999938964844,37.7400016784668,37.040000915527344,37.470001220703125,685500,0.0016072208853694647,0.0,0.009678581893365797,-0.028370546325836687,2,7
2014-07-31,35.959999084472656,37.15999984741211,35.939998626708984,37.09000015258789,882500,-0.03824552897884459,-4.0,0.009362265783609035,-0.03634020296746088,3,7
2014-08-01,36.209999084472656,36.310001373291016,35.4900016784668,36.0099983215332,1193800,0.006952169253751528,1.0,0.012172638375021255,-0.077238954117132,4,8
2014-08-04,36.619998931884766,36.709999084472656,35.93000030517578,36.369998931884766,575400,0.011322835067066439,1.0,0.012393607704506902,-0.06699309963456168,0,8
2014-08-05,37.900001525878906,38.34000015258789,36.93000030517578,36.970001220703125,1801400,0.034953649135135656,3.0,0.01268795199377671,-0.060784884446181575,1,8
2014-08-06,37.90999984741211,38.27999877929688,37.59999847412109,37.72999954223633,769500,0.0002638079454000408,0.0,0.015135527591497592,-0.02445294686111754,2,8
2014-08-07,37.63999938964844,38.27000045776367,37.47999954223633,38.15999984741211,502300,-0.007122143467434006,-1.0,0.014477716673605704,-0.003941185508841594,3,8
2014-08-08,37.709999084472656,37.790000915527344,37.43999862670898,37.70000076293945,491700,0.0018597156205977239,0.0,0.014373295473630006,-0.02055688028243252,4,8
2014-08-11,38.13999938964844,38.369998931884766,37.65999984741211,37.970001220703125,766000,0.011402819295024402,1.0,0.014375987255919126,-0.020265070407375796,0,8
2014-08-12,37.93000030517578,38.45000076293945,37.7599983215332,38.0,564500,-0.005506006497987825,-1.0,0.01462351164637156,-0.009350665203936681,1,8
2014-08-13,38.33000183105469,38.41999816894531,37.880001068115234,38.11000061035156,558500,0.01054578230056924,1.0,0.014480301846482397,-0.024183140019021443,2,8
2014-08-14,38.040000915527344,38.52999877929688,37.88999938964844,38.43999862670898,463100,-0.007565898817473715,-1.0,0.014649134763537143,-0.008022711270456062,3,8
2014-08-15,37.7599983215332,38.43000030517578,37.54999923706055,38.40999984741211,652400,-0.007360740989883818,-1.0,0.014474122589292981,-0.0028833710603377583,4,8
2014-08-18,38.790000915527344,39.18000030517578,38.18000030517578,38.209999084472656,631800,0.0272776122822751,3.0,0.01395105379516978,0.00854700070944836,0,8
2014-08-19,38.95000076293945,39.13999938964844,38.70000076293945,38.81999969482422,370900,0.0041247703953537496,0.0,0.01494314505427977,0.023753009775048683,1,8
2014-08-20,38.9900016784668,39.209999084472656,38.720001220703125,38.77999877929688,416500,0.0010269811230763093,0.0,0.014944021363321612,0.029334054066478377,2,8
2014-08-21,39.06999969482422,39.22999954223633,38.619998931884766,38.9900016784668,581800,0.0020517571919367317,0.0,0.01474260479100134,0.01801572989950806,3,8
2014-08-22,39.27999877929688,39.470001220703125,38.84999847412109,39.11000061035156,346200,0.005374944615125887,1.0,0.014621237139226353,0.027617023261927276,4,8
2014-08-25,39.25,39.459999084472656,39.0099983215332,39.459999084472656,387100,-0.0007637164009458575,-0.0,0.014405420783426312,0.043570653991547914,0,8
2014-08-26,39.310001373291016,39.459999084472656,39.09000015258789,39.29999923706055,402600,0.0015286974086883287,0.0,0.014405239771014768,0.03781069055300601,1,8
2014-08-27,38.93999862670898,39.4900016784668,38.84999847412109,39.4900016784668,323500,-0.009412432807327065,-1.0,0.014096870698744456,0.05106951255310732,2,8
2014-08-28,38.7400016784668,38.869998931884766,38.43000030517578,38.81999969482422,329300,-0.005136028641382739,-1.0,0.0143074464824696,0.04312876283640943,3,8
2014-08-29,38.68999862670898,39.0,38.52000045776367,38.83000183105469,520700,-0.0012907343725184761,-0.0,0.014394706280829166,0.03610597247541314,4,8
2014-09-02,39.119998931884766,39.119998931884766,38.5099983215332,38.75,1185700,0.01111399122353407,1.0,0.011148603313105573,0.07591767552116324,1,9
2014-09-03,39.59999847412109,39.59999847412109,39.119998931884766,39.209999084472656,574800,0.012269927283793836,1.0,0.011248667275797423,0.08036453800022203,2,9
2014-09-04,39.52999877929688,40.060001373291016,39.43000030517578,39.709999084472656,478000,-0.0017676691293296853,-0.0,0.01128240747484832,0.08137628697857924,3,9
2014-09-05,39.77000045776367,39.91999816894531,39.41999816894531,39.59000015258789,345700,0.006071380872201937,1.0,0.008779294917251218,0.04300784136657576,4,9
2014-09-08,39.560001373291016,39.880001068115234,39.16999816894531,39.72999954223633,715100,-0.005280339000641399,-1.0,0.008811837901926306,0.04906358791448362,0,9
2014-09-09,39.25,39.5099983215332,39.06999969482422,39.38999938964844,657800,-0.00783623262208255,-1.0,0.008721865513549438,0.051009617820839015,1,9
2014-09-10,39.7599983215332,39.810001373291016,39.27000045776367,39.400001525878906,513500,0.012993587809763119,1.0,0.00900439551016693,0.040837999281772674,2,9
2014-09-11,39.77999877929688,39.95000076293945,39.470001220703125,39.47999954223633,729300,0.0005030296430583725,0.0,0.009094172857328886,0.04247506444177995,3,9
2014-09-12,39.59999847412109,40.060001373291016,39.5099983215332,39.86000061035156,509500,-0.004524894688269221,-0.0,0.008938674089757664,0.048774016853057045,4,9
2014-09-15,38.93999862670898,39.7400016784668,38.91999816894531,39.54999923706055,707300,-0.01666666345564194,-2.0,0.008848759100244517,0.03313322677791941,0,9
2014-09-16,38.5,39.09999847412109,38.27999877929688,38.88999938964844,1201700,-0.011299400159895834,-1.0,0.009517218503645966,0.023659245255545525,1,9
2014-09-17,38.04999923706055,38.77000045776367,37.97999954223633,38.41999816894531,1050500,-0.01168833150492088,-1.0,0.009729903195100984,0.01959750294916729,2,9
2014-09-18,38.0,38.310001373291016,37.95000076293945,38.290000915527344,1602600,-0.0013140404221572144,-0.0,0.008028756633327501,-0.01907712454243793,3,9
2014-09-19,37.9900016784668,38.119998931884766,37.720001220703125,38.02000045776367,1294900,-0.0002631137245580062,-0.0,0.007946334830755465,-0.024390263012353253,4,9
2014-09-22,37.33000183105469,38.0099983215332,37.18999862670898,37.9900016784668,821300,-0.01737298810876875,-2.0,0.007933679997389698,-0.025647600845123186,0,9
2014-09-23,36.7599983215332,37.36000061035156,36.720001220703125,37.150001525878906,749800,-0.015269313730579603,-2.0,0.00863607959497876,-0.04453539486461877,1,9
2014-09-24,37.16999816894531,37.34999847412109,36.650001525878906,36.900001525878906,729200,0.011153423997082745,1.0,0.008909543318473169,-0.06415479979831062,2,9
2014-09-25,36.52000045776367,37.16999816894531,36.459999084472656,37.119998931884766,503300,-0.017487160161463233,-2.0,0.009431025479332599,-0.05299367722432324,3,9
2014-09-26,36.56999969482422,36.77000045776367,36.34999847412109,36.59000015258789,424900,0.0013690919067312901,0.0,0.009920334301941294,-0.07097432760261857,4,9
2014-09-29,36.560001373291016,36.720001220703125,36.16999816894531,36.16999816894531,818100,-0.0002734022864817609,-0.0,0.00987535783108397,-0.06086284066428227,0,9
2014-09-30,36.900001525878906,37.060001373291016,36.27999877929688,36.72999954223633,1018000,0.009299785005923988,1.0,0.00987827913546453,-0.05627259191337386,1,9
2014-10-01,36.36000061035156,36.88999938964844,36.310001373291016,36.84000015258789,1032200,-0.014634170547354275,-1.0,0.010218701246419834,-0.04626511151112778,2,10
2014-10-02,36.459999084472656,37.119998931884766,36.06999969482422,36.47999954223633,1040700,0.0027502330154698384,0.0,0.010084749443544686,-0.07055210625999442,3,10
2014-10-03,36.84000015258789,37.02000045776367,36.540000915527344,36.75,652000,0.010422410248415614,1.0,0.009543183099322691,-0.07929291693534901,4,10
2014-10-06,36.7599983215332,37.209999084472656,36.720001220703125,37.02999877929688,745100,-0.002171602354053448,-0.0,0.010036269640134737,-0.06804954995642021,0,10
2014-10-07,36.34000015258789,36.77999877929688,36.34000015258789,36.52000045776367,1229200,-0.011425413169817489,-1.0,0.009809974834603247,-0.07568524268505195,1,10
2014-10-08,36.59999847412109,36.709999084472656,35.869998931884766,36.25,805800,0.007154604304939083,1.0,0.009950283409461028,-0.08139537686864473,2,10
2014-10-09,35.91999816894531,36.66999816894531,35.88999938964844,36.560001373291016,568800,-0.018579244085394797,-2.0,0.010195077271102393,-0.06751596244277491,3,10
2014-10-10,34.84000015258789,36.060001373291016,34.81999969482422,35.90999984741211,712900,-0.030066761453544144,-3.0,0.010002420777737579,-0.09657948477598965,4,10
2014-10-13,34.540000915527344,35.15999984741211,34.38999938964844,34.79999923706055,645400,-0.008610770256792466,-1.0,0.011331726932601418,-0.12418297582452331,0,10
2014-10-14,34.310001373291016,35.0099983215332,34.2400016784668,34.84000015258789,956900,-0.006658932719742161,-1.0,0.011336013974079566,-0.12777772104967355,1,10
2014-10-15,34.68000030517578,34.970001220703125,33.61000061035156,33.75,1100800,0.010783996417231156,1.0,0.011091761864235817,-0.11890080679772397,2,10
2014-10-16,34.31999969482422,34.7599983215332,34.060001373291016,34.09000015258789,1008500,-0.010380640345549086,-1.0,0.011594747179664076,-0.09922077129413553,3,10
2014-10-17,35.029998779296875,35.279998779296875,34.439998626708984,34.790000915527344,540000,0.020687619195396856,2.0,0.011559921078389834,-0.09802889926482106,4,10
2014-10-20,35.310001373291016,35.619998931884766,34.560001373291016,34.88999938964844,503100,0.007993223058849308,1.0,0.012823168646521717,-0.07815792686060852,0,10
2014-10-21,36.11000061035156,36.31999969482422,35.36000061035156,35.560001373291016,659500,0.02265644876654349,2.0,0.013061046225215922,-0.07054488514789503,1,10
2014-10-22,35.81999969482422,36.400001525878906,35.77000045776367,36.27999877929688,506400,-0.008031041557064134,-1.0,0.01381826662097488,-0.03268152051597839,2,10
2014-10-23,36.25,36.52999877929688,36.130001068115234,36.13999938964844,594600,0.012004475400314352,1.0,0.013544940642276274,-0.025571236932248498,3,10
2014-10-24,36.4900016784668,36.52000045776367,36.15999984741211,36.2400016784668,589000,0.006620735957704849,1.0,0.013584792211029942,-0.02475109535286313,4,10
2014-10-27,36.59999847412109,36.83000183105469,36.18000030517578,36.33000183105469,506400,0.003014436574257484,0.0,0.013142583226233946,-0.0008214342530353802,0,10
2014-10-28,37.619998931884766,37.650001525878906,36.68999862670898,36.68999862670898,395300,0.027868866128092806,3.0,0.013155779495174378,0.0008203111716491573,1,10
2014-10-29,37.709999084472656,37.869998931884766,37.22999954223633,37.68999862670898,490000,0.002392348621562901,0.0,0.01448020260597905,0.028993367581439333,2,10
2014-10-30,37.880001068115234,37.97999954223633,37.43000030517578,37.61000061035156,475800,0.0045081407523177575,0.0,0.014371300446989367,0.02195115244170598,3,10
2014-10-31,38.150001525878906,38.630001068115234,37.9900016784668,38.5,561100,0.0071277837948884315,1.0,0.013921257943559579,0.04180419230606214,4,10
2014-11-03,38.150001525878906,38.36000061035156,38.040000915527344,38.2400016784668,651900,0.0,0.0,0.013965060362076807,0.046352234883241694,0,11
2014-11-04,38.02000045776367,38.4900016784668,38.0099983215332,38.20000076293945,613900,-0.003407629434222903,-0.0,0.013844890694759695,0.03555921193987821,1,11
2014-11-05,38.16999816894531,38.47999954223633,37.619998931884766,38.40999984741211,780800,0.003945231703725849,0.0,0.013865038171252142,0.03427644705555899,2,11
2014-11-06,36.84000015258789,38.5,36.209999084472656,38.4900016784668,2635300,-0.03484406812048246,-3.0,0.013539515962386513,0.05035767772904376,3,11
2014-11-07,37.06999969482422,37.220001220703125,36.36000061035156,36.790000915527344,1152400,0.006243201446354263,1.0,0.015731149024679984,0.00655742318231245,4,11
2014-11-10,37.06999969482422,37.290000915527344,36.95000076293945,37.20000076293945,522000,0.0,0.0,0.01515337578527851,0.03201563431239651,0,11
2014-11-11,37.13999938964844,37.34999847412109,36.95000076293945,37.04999923706055,413600,0.0018883111788638995,0.0,0.013320130908327697,0.06400687521439874,1,11
2014-11-12,37.2599983215332,37.459999084472656,36.900001525878906,36.959999084472656,374100,0.0032309890645343398,0.0,0.01305523111137468,0.07527499725549447,2,11
2014-11-13,37.66999816894531,37.68999862670898,37.20000076293945,37.220001220703125,930100,0.011003753781039904,1.0,0.01284549046788474,0.08598067123770625,3,11
2014-11-14,37.900001525878906,38.16999816894531,37.4900016784668,37.70000076293945,535900,0.006105743777901296,1.0,0.01285136926081255,0.08621677732001909,4,11
2014-11-17,37.56999969482422,37.65999984741211,36.7599983215332,36.7599983215332,1068600,-0.008707171972786254,-1.0,0.012423812576452992,0.10431240859231661,0,11
2014-11-18,38.2400016784668,38.38999938964844,37.45000076293945,37.68000030517578,869700,0.01783343063840581,2.0,0.012199360856054164,0.07250930642419862,1,11
2014-11-19,37.83000183105469,38.29999923706055,37.54999923706055,38.25,441800,-0.010721752861297174,-1.0,0.01256762317393893,0.08297933138547187,2,11
2014-11-20,37.7400016784668,37.810001373291016,37.34000015258789,37.54999923706055,816800,-0.002379068153097741,-0.0,0.012178718983709891,0.04763226783801433,3,11
2014-11-21,38.34999847412109,38.43000030517578,38.06999969482422,38.22999954223633,487100,0.016163136420906277,2.0,0.012000388933134598,0.053601395868241974,4,11
2014-11-24,38.459999084472656,38.59999847412109,38.18999862670898,38.34999847412109,772100,0.002868334151976626,0.0,0.01219676826006649,0.05793099238954724,0,11
2014-11-25,38.75,38.84999847412109,38.470001220703125,38.470001220703125,580000,0.00754032559622253,1.0,0.012164770399345956,0.05398732023540509,1,11
2014-11-26,38.869998931884766,39.0,38.380001068115234,38.56999969482422,433200,0.003096746629284164,0.0,0.012212889255819169,0.05874321353863232,2,11
2014-11-28,39.06999969482422,39.380001068115234,38.79999923706055,38.970001220703125,335600,0.005145376085292197,1.0,0.010782348929282684,0.03322700785460597,4,11
2014-12-01,38.43000030517578,38.93000030517578,38.34999847412109,38.75,826000,-0.016380839381814005,-2.0,0.010808992727690614,0.036064721383447296,0,12
2014-12-02,38.61000061035156,38.95000076293945,38.38999938964844,38.45000076293945,865900,0.0046838486533016255,0.0,0.01148218339046519,0.014519514824499202,1,12
2014-12-03,38.720001220703125,38.970001220703125,38.31999969482422,38.720001220703125,735700,0.002849018612086418,0.0,0.011426560625011907,0.012057642623175768,2,12
2014-12-04,38.970001220703125,39.09999847412109,38.4900016784668,38.619998931884766,807000,0.006456611366694176,1.0,0.011435570037759399,0.014941013683513527,3,12
2014-12-05,38.91999816894531,39.16999816894531,38.83000183105469,39.06999969482422,394500,-0.0012831165047859638,-0.0,0.011457986308817737,0.024986868792776784,4,12
2014-12-08,38.0,39.11000061035156,37.880001068115234,38.66999816894531,554100,-0.023638186336796596,-2.0,0.011453047116640644,0.019648939899876483,0,12
2014-12-09,37.93000030517578,38.150001525878906,37.2599983215332,37.52999877929688,731800,-0.0018420972322162887,-0.0,0.009848680828084539,0.03148750929987787,1,12
2014-12-10,36.900001525878906,37.93999862670898,36.84999847412109,37.93999862670898,878500,-0.027155253651720224,-3.0,0.009812932760407027,0.023199369232032696,2,12
2014-12-11,36.59999847412109,37.5,36.52000045776367,37.18999862670898,854900,-0.008130163668080614,-1.0,0.011597437861767566,-0.00458586917574344,3,12
2014-12-12,36.18000030517578,36.470001220703125,36.02000045776367,36.34999847412109,1045800,-0.011475360285664316,-1.0,0.011714675486919441,-0.014539604857340405,4,12
2014-12-15,35.79999923706055,36.470001220703125,35.58000183105469,36.470001220703125,910300,-0.010503069787450303,-1.0,0.011910175607675851,-0.028985455314239017,0,12
2014-12-16,35.349998474121094,35.959999084472656,35.150001525878906,35.56999969482422,789800,-0.01256985398127064,-1.0,0.011719574157529201,-0.049641598693423106,1,12
2014-12-17,35.2400016784668,35.66999816894531,35.08000183105469,35.540000915527344,1385400,-0.0031116492334454238,-0.0,0.011753905803368016,-0.06728239971221683,2,12
2014-12-18,36.470001220703125,36.47999954223633,35.56999969482422,35.720001220703125,1463400,0.0349035040763892,3.0,0.01168712910422449,-0.06201751491306007,3,12
2014-12-19,36.38999938964844,36.70000076293945,36.220001220703125,36.560001373291016,1730400,-0.002193633901204084,-0.0,0.013637855737836534,-0.04628662081781165,4,12
2014-12-22,36.560001373291016,36.81999969482422,36.400001525878906,36.4900016784668,653300,0.004671667669522872,0.0,0.01349658612301631,-0.03806509044956352,0,12
2014-12-23,37.18000030517578,37.36000061035156,36.43999862670898,36.86000061035156,917900,0.016958394655250508,2.0,0.013567920747307895,-0.031266567374029886,1,12
2014-12-24,37.43999862670898,37.790000915527344,37.09999847412109,37.36000061035156,374700,0.006992961791261854,1.0,0.013620470747153076,-0.03050842804426268,2,12
2014-12-26,37.7400016784668,37.97999954223633,37.56999969482422,37.59000015258789,357100,0.008012902317357629,1.0,0.013714305162367978,-0.026521073376090665,4,12
2014-12-29,37.31999969482422,37.83000183105469,37.310001373291016,37.47999954223633,575000,-0.011128827900455995,-1.0,0.013729725557406793,-0.02606447281376012,0,12
2014-12-30,36.810001373291016,37.16999816894531,36.7400016784668,37.09000015258789,391100,-0.013665549992057824,-1.0,0.013859152572695746,-0.03987649291621398,1,12
2014-12-31,36.650001525878906,37.27999877929688,36.630001068115234,36.9900016784668,518700,-0.004346640625995879,-0.0,0.013992042665206749,-0.05784485127171868,2,12
2015-01-02,36.34999847412109,36.97999954223633,36.0099983215332,36.869998931884766,557900,-0.00818562180811877,-1.0,0.013647651142158677,-0.046317948612067616,4,1
2015-01-05,35.36000061035156,36.38999938964844,35.2599983215332,36.08000183105469,859800,-0.02723515557983691,-3.0,0.013613525090339548,-0.058534112937168814,0,1
2015-01-06,35.08000183105469,35.88999938964844,34.849998474121094,35.540000915527344,1253300,-0.007918517377369816,-1.0,0.014542731440420927,-0.08677687253157962,1,1
2015-01-07,35.220001220703125,35.380001068115234,34.9900016784668,35.380001068115234,698200,0.00399086038600216,0.0,0.014352486643074813,-0.0998203558582863,2,1
2015-01-08,35.75,36.09999847412109,35.43000030517578,35.439998626708984,806000,0.015048232848593024,2.0,0.014464594701002984,-0.09506672976142261,3,1
2015-01-09,35.619998931884766,36.0099983215332,35.310001373291016,35.88999938964844,529600,-0.00363639351371281,-0.0,0.014388177892250602,-0.05921052631578949,4,1
2015-01-12,34.709999084472656,35.56999969482422,34.63999938964844,35.5,594300,-0.025547441737779897,-3.0,0.014387508065343498,-0.060901696670321415,0,1
2015-01-13,34.2599983215332,35.25,33.93000030517578,34.93000030517578,654800,-0.012964585848714627,-1.0,0.014255595103158464,-0.05934965720449481,1,1
2015-01-14,33.790000915527344,34.52000045776367,33.43000030517578,33.810001373291016,732100,-0.013718547257209113,-1.0,0.014384211906595732,-0.06393443306404611,2,1
2015-01-15,33.540000915527344,34.209999084472656,33.27000045776367,34.0,691400,-0.007398638450024975,-1.0,0.014458101315272236,-0.06605857848228192,3,1
2015-01-16,34.06999969482422,34.130001068115234,33.459999084472656,33.4900016784668,692600,0.015801990603152127,2.0,0.014394890309695976,-0.06312844608090462,4,1
2015-01-20,34.18000030517578,34.349998474121094,33.720001220703125,34.22999954223633,448800,0.0032286648469876944,0.0,0.014778317752231594,-0.03620930225029384,1,1
2015-01-21,34.16999816894531,34.45000076293945,33.869998931884766,34.130001068115234,459900,-0.00029263125047296334,-0.0,0.014811712748441364,-0.030079492701577393,2,1
2015-01-22,34.959999084472656,34.97999954223633,33.900001525878906,34.27000045776367,796900,0.023119723671665815,2.0,0.0122792813226511,-0.06306561488273699,3,1
2015-01-23,34.869998931884766,35.38999938964844,34.83000183105469,34.970001220703125,572400,-0.002574375141441654,-0.0,0.013542454306402081,-0.03929651907558318,4,1
2015-01-26,34.91999816894531,35.130001068115234,34.52000045776367,34.93000030517578,681300,0.001433875497335535,0.0,0.013460856559614102,-0.046225447973885614,0,1
2015-01-27,34.290000915527344,34.529998779296875,33.849998474121094,34.5,840000,-0.01804115940585105,-2.0,0.012766504514967615,-0.06078542543518639,1,1
2015-01-28,32.900001525878906,35.09000015258789,32.86000061035156,34.810001373291016,1518600,-0.04053658070971389,-4.0,0.01296343699079461,-0.08413455733768338,2,1
2015-01-29,33.9900016784668,34.15999984741211,31.149999618530277,31.57999992370605,1844200,0.0331307021894971,3.0,0.014882968967375596,-0.12824589129124064,3,1
2015-01-30,33.40999984741211,34.040000915527344,32.86000061035156,33.75,1395500,-0.017063895334319068,-2.0,0.01714321141231196,-0.08922824339731295,4,1
2015-02-02,33.459999084472656,33.86000061035156,32.79999923706055,33.470001220703125,907700,0.0014965350879647676,0.0,0.01725173177778967,-0.09236624284252037,0,2
2015-02-03,34.599998474121094,34.650001525878906,33.400001525878906,33.61000061035156,798600,0.03407051466948374,3.0,0.017300740268602642,-0.0870396264282216,1,2
2015-02-04,34.25,34.900001525878906,34.189998626708984,34.560001373291016,732500,-0.010115563281971607,-1.0,0.019168561931006647,-0.048143055666037604,2,2
2015-02-05,34.220001220703125,34.59000015258789,33.95000076293945,34.45000076293945,623700,-0.0008758767677919943,-0.0,0.01839789268623068,-0.03139141943415613,3,2
2015-02-06,33.95000076293945,34.400001525878906,33.77000045776367,34.25,633300,-0.007890135830863731,-1.0,0.018336382787813434,-0.02451540950577269,4,2
2015-02-09,33.66999816894531,33.97999954223633,33.529998779296875,33.77000045776367,533800,-0.008247498901378436,-1.0,0.018357286133203504,-0.03605906910125645,0,2
2015-02-10,34.060001373291016,34.439998626708984,33.54999923706055,34.0099983215332,1043600,0.011583107382091118,1.0,0.018002209672921723,-0.05818186940013115,1,2
2015-02-11,33.72999954223633,34.25,33.59000015258789,34.08000183105469,554300,-0.009688837866972833,-1.0,0.018266878747827134,-0.043795553210905336,2,2
2015-02-12,33.650001525878906,33.93000030517578,33.47999954223633,33.93000030517578,1307100,-0.00237171708992312,-0.0,0.017557525407136648,-0.028233925902773294,3,2
2015-02-13,34.02000045776367,34.040000915527344,33.5099983215332,33.65999984741211,1212600,0.010995510107190132,1.0,0.017354112448386635,-0.01780492777405951,4,2
2015-02-17,34.61000061035156,34.630001068115234,34.060001373291016,34.16999816894531,883000,0.01734274381684342,2.0,0.017265733429279565,0.006806733826711264,1,2
2015-02-18,34.77000045776367,35.119998931884766,34.56999969482422,34.619998931884766,570700,0.004622936856125248,0.0,0.017544210071558954,0.031902196351129675,2,2
2015-02-19,34.790000915527344,34.810001373291016,34.310001373291016,34.40999984741211,869900,0.0005752216709908886,0.0,0.017260417680016384,0.020545957417363647,3,2
2015-02-20,34.93000030517578,34.97999954223633,34.5,34.81999969482422,613600,0.004024127219437679,0.0,0.01725384942074467,0.01784671167071905,4,2
2015-02-23,34.31999969482422,34.95000076293945,34.16999816894531,34.939998626708984,550900,-0.017463515746410585,-2.0,0.017263586091695485,0.0222417962234831,0,2
2015-02-24,34.45000076293945,34.630001068115234,33.849998474121094,34.029998779296875,1245100,0.00378790994379985,0.0,0.016954701329081102,-0.018306619176448713,1,2
2015-02-25,34.16999816894531,34.529998779296875,34.040000915527344,34.529998779296875,756900,-0.00812779645263062,-1.0,0.016977161235390857,-0.012044685454844384,2,2
2015-02-26,34.650001525878906,35.29999923706055,34.599998474121094,34.900001525878906,1572300,0.014047509003668468,1.0,0.017052455733855974,-0.021477664356436943,3,2
2015-02-27,34.65999984741211,35.09000015258789,34.5,34.650001525878906,995600,0.0002885518352930827,0.0,0.016875981342771313,0.010498705183426882,4,2
2015-03-02,34.5,35.08000183105469,34.2599983215332,34.75,933400,-0.004616267977971655,-0.0,0.014003184644280976,0.05349538723117697,0,3
2015-03-03,33.84000015258789,34.40999984741211,33.7400016784668,34.40999984741211,833000,-0.019130430359771244,-2.0,0.012190491095594114,0.015004362940537641,1,3
2015-03-04,33.630001068115234,33.810001373291016,33.38999938964844,33.68000030517578,621900,-0.006205646676292864,-1.0,0.012349043428737156,0.012870407277451257,2,3
2015-03-05,34.0,34.08000183105469,33.31999969482422,33.7400016784668,750200,0.011002049364653876,1.0,0.01243768017924901,0.005080752788229059,3,3
2015-03-06,33.52000045776367,33.9900016784668,33.349998474121094,33.880001068115234,449400,-0.014117633595186141,-1.0,0.010107752069661916,-0.017340997126628732,4,3
2015-03-09,33.66999816894531,33.91999816894531,33.5,33.650001525878906,669300,0.0044748719908473955,0.0,0.01032782213459104,-0.02131385524777596,0,3
2015-03-10,32.880001068115234,33.47999954223633,32.869998931884766,33.47999954223633,714200,-0.02346293863356108,-2.0,0.010396156448783157,-0.016072560845645456,1,3
2015-03-11,32.84000015258789,33.06999969482422,32.529998779296875,33.0099983215332,557700,-0.0012165728171503742,-0.0,0.011436544695167684,-0.03151692697433617,2,3
2015-03-12,32.869998931884766,33.08000183105469,32.72999954223633,32.95000076293945,535900,0.0009134829219699103,0.0,0.011330368017567625,-0.024650967077359365,3,3
2015-03-13,33.0099983215332,33.040000915527344,32.18000030517578,32.66999816894531,1271100,0.0042591844903479,0.0,0.010965288142693142,-0.03493841436951384,4,3
2015-03-16,34.040000915527344,34.13999938964844,33.029998779296875,33.220001220703125,1124700,0.03120274602747397,3.0,0.010875091864773975,-0.02134601928474822,0,3
2015-03-17,34.380001068115234,34.459999084472656,33.720001220703125,33.939998626708984,1101200,0.009988253332648966,1.0,0.012932172764841772,0.011589877324329478,1,3
2015-03-18,36.15999984741211,36.4900016784668,34.15999984741211,34.349998474121094,2456400,0.051774250261664045,5.0,0.012893609626291661,0.010582028380584863,2,3
2015-03-19,36.09999847412109,36.54999923706055,35.720001220703125,36.0099983215332,1643400,-0.0016593300205811623,-0.0,0.0167455703205895,0.04478472145987067,3,3
2015-03-20,37.0099983215332,37.060001373291016,36.04999923706055,36.290000915527344,1482100,0.025207753071359917,3.0,0.01675660825333014,0.03825130856621661,4,3
2015-03-23,35.880001068115234,37.040000915527344,35.65999984741211,37.0099983215332,1381100,-0.030532215743455215,-3.0,0.017503219304046837,0.06381136382824981,0,3
2015-03-24,35.790000915527344,36.13999938964844,35.65999984741211,35.900001525878906,1348900,-0.002508365382069888,-0.0,0.018973976637268682,0.02719727325048682,1,3
2015-03-25,35.349998474121094,36.0,35.27000045776367,35.79999923706055,1528900,-0.01229400475414233,-1.0,0.01850349159798746,0.04283220378130759,2,3
2015-03-26,35.7599983215332,36.04999923706055,35.0,35.18000030517578,987500,0.011598298871561719,1.0,0.01876372952503349,0.026124751560233195,3,3
2015-03-27,36.04999923706055,36.130001068115234,35.630001068115234,35.689998626708984,1593000,0.008109645669438281,1.0,0.01875694442753703,0.046532052613129204,4,3
2015-03-30,36.09000015258789,36.7400016784668,36.04999923706055,36.34999847412109,802500,0.0011095954611344272,0.0,0.018615761943555513,0.04040397256941053,0,3
2015-03-31,36.16999816894531,36.36000061035156,35.790000915527344,35.95000076293945,852500,0.0022166255477746866,0.0,0.018612736777615175,0.04125794320459453,1,3
2015-04-01,36.150001525878906,36.20000076293945,35.720001220703125,36.130001068115234,702200,-0.0005528516471857703,-0.0,0.01854925035614794,0.04840574402740039,2,4
2015-04-02,36.5099983215332,36.560001373291016,36.0,36.16999816894531,1076900,0.009958417163456579,1.0,0.017902005323735325,0.0682624516216015,3,4
2015-04-06,37.16999816894531,37.2400016784668,36.09000015258789,36.380001068115234,845000,0.01807723576428777,2.0,0.01782015747989555,0.08563773898147464,0,4
2015-04-07,37.04999923706055,37.47999954223633,36.88999938964844,37.45000076293945,879000,-0.0032283814311571124,-0.0,0.018023491643755135,0.09323524026309737,1,4
2015-04-08,37.56999969482422,37.77999877929688,37.119998931884766,37.43999862670898,1697500,0.014035100363606112,1.0,0.01761592479211093,0.10531022467451323,2,4
2015-04-09,37.93999862670898,38.0,37.43000030517578,37.88999938964844,513800,0.009848254854676775,1.0,0.017726879889670272,0.11583016744788477,3,4
2015-04-10,37.93999862670898,38.150001525878906,37.709999084472656,37.869998931884766,542500,0.0,0.0,0.01646208565267175,0.15389286478766517,4,4
2015-04-13,37.13999938964844,38.11000061035156,37.08000183105469,38.040000915527344,977800,-0.021085905799093974,-2.0,0.016433963327488237,0.15529836937955044,0,4
2015-04-14,37.04999923706055,37.34000015258789,36.68999862670898,37.13999938964844,921500,-0.0024232674762233453,-0.0,0.017509035273200465,0.12990570722597927,1,4
2015-04-15,37.15999984741211,38.84999847412109,36.970001220703125,38.70000076293945,500500,0.002968977398561723,0.0,0.01760229834552065,0.1223871893653492,2,4
2015-04-16,37.22999954223633,37.41999816894531,36.91999816894531,37.02999877929688,397400,0.0018837377586560233,0.0,0.016603643812920406,0.09165684042216271,3,4
2015-04-17,36.84000015258789,36.91999816894531,36.34999847412109,36.91999816894531,944400,-0.010475406780652619,-1.0,0.016559305364200343,0.08289698620062702,4,4
2015-04-20,36.7599983215332,37.43999862670898,36.75,37.0099983215332,458100,-0.002171602354053448,-0.0,0.012684584936370851,0.018805318253463543,0,4
2015-04-21,36.869998931884766,37.04999923706055,36.7400016784668,37.0,366200,0.0029923997653482637,0.0,0.012690374362452515,0.018282545022411778,1,4
2015-04-22,37.18999862670898,37.220001220703125,36.63999938964844,37.04999923706055,305600,0.008679134908991859,1.0,0.011429573399569723,-0.003782745095856521,2,4
2015-04-23,37.36000061035156,37.66999816894531,36.90999984741211,37.040000915527344,410900,0.0045711747760188715,0.0,0.009197380876187955,0.03651052172787894,3,4
2015-04-24,37.18000030517578,37.59999847412109,37.040000915527344,37.52000045776367,302600,-0.004817995241839124,-0.0,0.009163196289213865,0.043866992306867525,4,4
2015-04-27,36.72999954223633,37.47999954223633,36.54999923706055,37.220001220703125,800600,-0.012103301754863294,-1.0,0.008710609957692716,0.05176808797868526,0,4
2015-04-28,36.7400016784668,36.9900016784668,36.43000030517578,36.650001525878906,758300,0.0002723151743839747,0.0,0.00899582405522349,0.02712531505123228,1,4
2015-04-29,36.68000030517578,36.9900016784668,36.540000915527344,36.66999816894531,863900,-0.0016331347455049716,-0.0,0.008861361560976281,0.019140151345603984,2,4
2015-04-30,38.34000015258789,38.400001525878906,36.400001525878906,37.52999877929688,1886200,0.045256265910605054,5.0,0.008878942337002399,0.01634802300064786,3,4
2015-05-01,38.72999954223633,38.83000183105469,37.900001525878906,38.380001068115234,1050300,0.01017212801503109,1.0,0.013156724538697352,0.05999452843505226,4,5
2015-05-04,38.59999847412109,38.88999938964844,38.4900016784668,38.88999938964844,785400,-0.003356598751659501,-0.0,0.013225617762900254,0.07136923672079143,0,5
2015-05-05,38.209999084472656,38.720001220703125,38.02000045776367,38.400001525878906,765200,-0.010103611530189571,-1.0,0.01321314615087711,0.05724459733418352,1,5
2015-05-06,38.06999969482422,38.43000030517578,37.869998931884766,38.20000076293945,944600,-0.0036639464277121725,-0.0,0.013006620146424975,0.02797957941241558,2,5
2015-05-07,38.08000183105469,38.369998931884766,37.84000015258789,38.08000183105469,652600,0.0002627301368702817,0.0,0.013014705127543396,0.027530377294674224,3,5
2015-05-08,38.68999862670898,38.75,38.209999084472656,38.380001068115234,409600,0.016018822645035513,2.0,0.012687667201604459,0.013574717603756836,4,5
2015-05-11,38.7400016784668,39.06999969482422,38.470001220703125,38.709999084472656,722700,0.0012924025208753687,0.0,0.012977830680586146,0.01976805553893768,0,5
2015-05-12,38.7400016784668,38.91999816894531,38.33000183105469,38.58000183105469,466900,0.0,0.0,0.012975858054311385,0.02108600634462432,1,5
2015-05-13,38.9900016784668,39.27999877929688,38.84000015258789,38.93999862670898,685700,0.006453277985761119,1.0,0.011950764095694844,0.04308029927604973,2,5
2015-05-14,39.70000076293945,39.810001373291016,39.15999984741211,39.15999984741211,544000,0.01820977311895766,2.0,0.01194060096846508,0.05236174038745167,3,5
2015-05-15,39.400001525878906,39.63999938964844,39.22999954223633,39.63999938964844,505000,-0.007556655700132864,-1.0,0.012423925020795114,0.06835309273297097,4,5
2015-05-18,39.790000915527344,39.81999969482422,38.900001525878906,38.900001525878906,941700,0.00989846128285743,1.0,0.012643756782265437,0.058286382227342726,0,5
2015-05-19,39.45000076293945,39.790000915527344,39.34999847412109,39.7400016784668,500700,-0.00854486415593958,-1.0,0.012354454188354857,0.08007602472097775,1,5
2015-05-20,40.560001373291016,40.59000015258789,39.22999954223633,39.43000030517578,1265100,0.028136897056649346,3.0,0.01258325781194558,0.07317743645898123,2,5
2015-05-21,41.459999084472656,41.52000045776367,40.0,40.459999084472656,1648700,0.022189291930702293,2.0,0.013686227064026862,0.10008143608095343,3,5
2015-05-22,41.04999923706055,41.59999847412109,40.93000030517578,41.400001525878906,858400,-0.009889046224452525,-1.0,0.014193701793186506,0.11481582725031525,4,5
2015-05-26,40.90999984741211,41.04999923706055,40.68000030517578,40.86000061035156,1355300,-0.003410460225344969,-0.0,0.01457560465824551,0.09876869824478995,1,5
2015-05-27,41.65999984741211,41.70000076293945,40.95000076293945,40.95000076293945,927800,0.01833292600335823,2.0,0.014533330375630484,0.10032274103335825,2,5
2015-05-28,41.790000915527344,41.959999084472656,41.41999816894531,41.59000015258789,1037400,0.0031205249301822224,0.0,0.01429346664680603,0.13422271621611936,3,5
2015-05-29,41.27000045776367,41.81999969482422,41.04999923706055,41.66999816894531,1068300,-0.012443178903364438,-1.0,0.014248734252334111,0.13745234094587255,4,5
2015-06-01,41.52999877929688,41.70000076293945,41.130001068115234,41.310001373291016,920000,0.006299935029060455,1.0,0.014734633229571005,0.125136317186459,0,6
2015-06-02,41.77000045776367,41.959999084472656,41.290000915527344,41.310001373291016,825400,0.005778995557939481,1.0,0.011636340636881437,0.08320288508120077,1,6
2015-06-03,41.70000076293945,42.18999862670898,41.4900016784668,41.959999084472656,1492200,-0.0016758365826450294,-0.0,0.011556727794473289,0.07849214953416461,2,6
2015-06-04,41.40999984741211,42.0,41.33000183105469,41.54999923706055,650900,-0.006954458278693343,-1.0,0.011511378279989944,0.08031094329956323,3,6
2015-06-05,41.7599983215332,41.79999923706055,41.13999938964844,41.38999938964844,546300,0.008452027901733272,1.0,0.011341164604339178,0.08374773199719421,4,6
2015-06-08,41.36000061035156,42.0,41.34000015258789,41.650001525878906,478900,-0.009578489637423804,-1.0,0.011245018633877868,0.0969266786521843,0,6
2015-06-09,41.45000076293945,41.61000061035156,41.130001068115234,41.27000045776367,414300,0.002176019131038487,0.0,0.011627878419049336,0.0861344175835097,1,6
2015-06-10,41.97999954223633,42.15999984741211,41.400001525878906,41.61000061035156,597100,0.012786460061316784,1.0,0.011300603673834952,0.07133632034623938,2,6
2015-06-11,41.81999969482422,42.119998931884766,41.70000076293945,42.0099983215332,623600,-0.0038113351395140382,-0.0,0.01147314951716644,0.08363442755270833,3,6
2015-06-12,41.459999084472656,41.84999847412109,41.369998931884766,41.61000061035156,797500,-0.008608336034878539,-1.0,0.011567590894074048,0.07950433358058961,4,6
2015-06-15,41.22999954223633,41.4900016784668,40.68000030517578,41.18999862670898,673100,-0.005547504759170763,-1.0,0.011852600918344868,0.06334950755772795,0,6
2015-06-16,41.4900016784668,41.54999923706055,41.119998931884766,41.119998931884766,703200,0.0063061396826871174,1.0,0.011454960368005529,0.038539011332341166,1,6
2015-06-17,41.540000915527344,41.650001525878906,41.15999984741211,41.540000915527344,498500,0.0012050912277137282,0.0,0.011283051818701572,0.053045687097629246,2,6
2015-06-18,42.09999847412109,42.150001525878906,41.34000015258789,41.59999847412109,451400,0.013480923116311772,1.0,0.011157758808549181,0.04398089871159305,3,6
2015-06-19,42.25,42.650001525878906,42.0,42.25,1387200,0.0035629817414630782,0.0,0.011141272507313102,0.06717357819853631,4,6
2015-06-22,42.52999877929688,42.65999984741211,42.25,42.56999969482422,494800,0.0066271900425296515,1.0,0.009565794824930448,0.04166663139764726,0,6
2015-06-23,42.29999923706055,42.75,42.290000915527344,42.52999877929688,427900,-0.005407936723202944,-1.0,0.008461745480366255,0.025808000927451946,1,6
2015-06-24,41.880001068115234,42.27999877929688,41.86000061035156,42.27999877929688,556900,-0.009929034905923562,-1.0,0.008219893927369415,0.030450670480682618,2,6
2015-06-25,41.900001525878906,41.97999954223633,41.66999816894531,41.900001525878906,551100,0.00047756583700042654,0.0,0.008530293381061437,0.02371061413642339,3,6
2015-06-26,41.66999816894531,41.97999954223633,41.58000183105469,41.83000183105469,737600,-0.00548934006103885,-1.0,0.007567611905457161,0.005760962058229735,4,6
2015-06-29,41.0099983215332,41.880001068115234,40.970001220703125,41.27000045776367,1037300,-0.015838729935533702,-2.0,0.007640093770603566,-0.002871566019455263,0,6
2015-06-30,41.02000045776367,41.400001525878906,40.84999847412109,41.290000915527344,1367900,0.00024389506558986085,0.0,0.00794406396332989,-0.006300027461752955,1,6
2015-07-01,41.25,41.79999923706055,41.13999938964844,41.27000045776367,580500,0.005607009743287206,1.0,0.0078022638887714985,-0.012280239261346915,2,7
2015-07-02,41.18000030517578,41.36000061035156,40.88999938964844,41.36000061035156,339800,-0.0016969622987689226,-0.0,0.007795365413310764,-0.012449136989823084,3,7
2015-07-06,41.040000915527344,41.47999954223633,40.47999954223633,40.72999954223633,681700,-0.003399693749658428,-0.0,0.007795516968159055,-0.0124700347302108,0,7
2015-07-07,41.31999969482422,41.34000015258789,40.4900016784668,40.97999954223633,624600,0.006822582189342397,1.0,0.00768776493072711,-0.008935014084717197,1,7
2015-07-08,40.65999984741211,41.220001220703125,40.43999862670898,40.93999862670898,786100,-0.015972890907227755,-2.0,0.00760170454295352,-0.010536366005601594,2,7
2015-07-09,40.77999877929688,41.43999862670898,40.61000061035156,41.08000183105469,360900,0.0029512772340163362,0.0,0.008096480845366008,-0.016924582993460002,3,7
2015-07-10,38.77999877929688,39.9900016784668,38.41999816894531,39.59999847412109,4239800,-0.049043650315540366,-5.0,0.008112390877028098,-0.016164100634748824,4,7
2015-07-13,38.63999938964844,39.150001525878906,38.31999969482422,39.0,2731300,-0.003610092678063337,-0.0,0.01281389011896604,-0.07622679365967844,0,7
2015-07-14,38.650001525878906,38.86000061035156,38.380001068115234,38.70000076293945,1787400,0.00025885446139906065,0.0,0.012813868997396779,-0.07604018001868496,1,7
2015-07-15,39.36000061035156,39.52999877929688,38.65999984741211,38.77000045776367,913500,0.018369962650512717,2.0,0.01278938897636171,-0.06777611241303994,2,7
2015-07-16,39.400001525878906,39.59000015258789,38.33000183105469,38.400001525878906,425500,0.0010162834071913984,0.0,0.013613591760867561,-0.04535529839065666,3,7
2015-07-17,39.060001373291016,39.630001068115234,38.93999862670898,39.36000061035156,457800,-0.008629445162954386,-1.0,0.013498378225856353,-0.05037358563599659,4,7
2015-07-20,39.04999923706055,39.25,38.90999984741211,39.040000915527344,398800,-0.0002560710670458377,-0.0,0.013538690847185477,-0.059701480201684864,0,7
2015-07-21,38.77000045776367,39.209999084472656,38.619998931884766,39.0,392800,-0.007170263374324026,-1.0,0.013033216242820524,-0.07244654032316356,1,7
2015-07-22,39.119998931884766,39.209999084472656,38.41999816894531,38.54999923706055,406800,0.009027559194960233,1.0,0.01295291702905694,-0.08236685307068237,2,7
2015-07-23,38.630001068115234,39.47999954223633,38.56999969482422,39.13999938964844,678100,-0.012525508107060768,-1.0,0.013061552046960906,-0.08017869610360928,3,7
2015-07-24,38.380001068115234,38.66999816894531,38.220001220703125,38.52000045776367,509400,-0.006471653975861469,-1.0,0.013194605879370177,-0.08676118759193485,4,7
2015-07-27,38.27000045776367,38.40999984741211,38.08000183105469,38.380001068115234,689700,-0.002866091904383694,-0.0,0.013141375549191425,-0.08357210866130271,0,7
2015-07-28,38.720001220703125,38.77000045776367,38.08000183105469,38.34999847412109,736800,0.011758577411988602,1.0,0.013103809530445671,-0.08663486720574987,1,7
2015-07-29,37.79999923706055,38.54999923706055,37.75,38.5,1795100,-0.023760381059870994,-2.0,0.013553267106717117,-0.07079426632758246,2,7
2015-07-30,36.22999954223633,37.5099983215332,36.0,37.34000015258789,3753700,-0.04153438429927092,-4.0,0.014018981743411782,-0.07827357268598512,3,7
2015-07-31,36.34999847412109,36.52000045776367,36.09999847412109,36.13999938964844,951800,0.003312142793291173,0.0,0.016212427039580018,-0.11677232720802566,4,7
2015-08-03,36.58000183105469,36.79999923706055,36.0,36.27999877929688,1175700,0.006327465380702835,1.0,0.016139491681283175,-0.1187879157788827,0,8
2015-08-04,36.5,36.66999816894531,36.18999862670898,36.2400016784668,631400,-0.002187037371517264,-0.0,0.01633719072139104,-0.11170467314306787,1,8
2015-08-05,36.5,37.13999938964844,36.18999862670898,36.59000015258789,1281000,0.0,0.0,0.016347107305322194,-0.11062380151676965,2,8
2015-08-06,36.06999969482422,36.720001220703125,36.0,36.47999954223633,606400,-0.011780830278788512,-1.0,0.01615797273581756,-0.11665052590569058,3,8
2015-08-07,35.90999984741211,36.09999847412109,35.689998626708984,36.06999969482422,709500,-0.004435815047568958,-0.0,0.016051059455259305,-0.11288736275979183,4,8
2015-08-10,36.54999923706055,36.72999954223633,35.88999938964844,35.970001220703125,1187300,0.01782231669083556,2.0,0.015935677150784942,-0.11942126232620598,0,8
2015-08-11,36.34000015258789,36.54999923706055,36.09000015258789,36.2400016784668,1288700,-0.005745529106871317,-1.0,0.013359070404697354,-0.05750385797915092,1,8
2015-08-12,35.70000076293945,36.220001220703125,35.290000915527344,36.0,709300,-0.017611430571302877,-2.0,0.013374221565729247,-0.05952379071922842,2,8
2015-08-13,35.529998779296875,35.95000076293945,35.4900016784668,35.59000015258789,531800,-0.004761960224355488,-0.0,0.013731480061524437,-0.07632601931371774,3,8
2015-08-14,35.93000030517578,36.02999877929688,35.36000061035156,35.40999984741211,464300,0.011258135086455123,1.0,0.012767983244447303,-0.09730695558087488,4,8
2015-08-17,36.36000061035156,36.38999938964844,35.56999969482422,35.810001373291016,725000,0.011967723393362606,1.0,0.013189290289271597,-0.08807109356135279,0,8
2015-08-18,36.400001525878906,36.72999954223633,36.16999816894531,36.68999862670898,698600,0.0011001351720536512,0.0,0.013610112635344314,-0.069124441065322,1,8
2015-08-19,36.119998931884766,36.470001220703125,35.959999084472656,36.209999084472656,527600,-0.007692378633420427,-1.0,0.013628562718503321,-0.06786165846238101,2,8
2015-08-20,35.290000915527344,35.7599983215332,35.119998931884766,35.7599983215332,656900,-0.022978904786864374,-2.0,0.013636543519426626,-0.06835185696646662,3,8
2015-08-21,34.439998626708984,35.349998474121094,34.400001525878906,35.06999969482422,1154200,-0.024086207615947264,-2.0,0.013977021654079224,-0.09790383744708597,4,8
2015-08-24,33.88999938964844,33.88999938964844,32.59000015258789,32.869998931884766,1900300,-0.015969781039248065,-2.0,0.014513867135018593,-0.10846498383518377,0,8
2015-08-25,33.459999084472656,34.599998474121094,33.40999984741211,34.599998474121094,846900,-0.012688117820005673,-1.0,0.01469737719696623,-0.11698805506800602,1,8
2015-08-26,33.880001068115234,34.290000915527344,33.029998779296875,34.11000061035156,733400,0.012552360882684077,1.0,0.014755409647773249,-0.1256859502418749,2,8
2015-08-27,34.310001373291016,34.310001373291016,33.630001068115234,34.16999816894531,1123500,0.012691862208365157,1.0,0.014804839019988636,-0.125,3,8
2015-08-28,34.150001525878906,34.54999923706055,33.7599983215332,34.18000030517578,1067200,-0.004663358816903496,-0.0,0.014783994905012119,-0.09232798767751837,4,8
2015-08-31,33.119998931884766,34.150001525878906,32.9900016784668,34.08000183105469,1684400,-0.030161128783950497,-3.0,0.012113761844129168,-0.057410931345240446,0,8
2015-09-01,32.290000915527344,33.380001068115234,32.220001220703125,32.59000015258789,1298900,-0.025060327389031967,-3.0,0.013410268527129494,-0.0888583130075199,1,9
2015-09-02,32.279998779296875,32.58000183105469,31.729999542236328,32.41999816894531,1449600,-0.0003097595523963159,-0.0,0.01390255502601657,-0.11727721981373262,2,9
2015-09-03,32.68000030517578,32.7400016784668,32.11000061035156,32.220001220703125,1360400,0.012391621468568648,1.0,0.013933152612021715,-0.11561647180008561,3,9
2015-09-04,31.989999771118164,32.5,31.790000915527344,32.29999923706055,731200,-0.021113847234216054,-2.0,0.014441548143085063,-0.10465752588559507,4,9
2015-09-08,32.97999954223633,33.0099983215332,32.060001373291016,32.310001373291016,731000,0.030947164057562038,3.0,0.01479507483290497,-0.11311338947118166,1,9
2015-09-09,31.90999984741211,33.02000045776367,31.780000686645508,32.9900016784668,966400,-0.032443896594173904,-3.0,0.016811085428839634,-0.08159287991160868,2,9
2015-09-10,32.33000183105469,32.58000183105469,31.75,31.75,973300,0.013162080402724818,1.0,0.01713740950868008,-0.12694937035576248,3,9
2015-09-11,32.54999923706055,32.560001373291016,31.950000762939453,32.27000045776367,441600,0.006804744619424596,1.0,0.017657006133538242,-0.11034667872029824,4,9
2015-09-14,32.77000045776367,32.970001220703125,32.40999984741211,32.54999923706055,682600,0.00675887022610544,1.0,0.01761676588157711,-0.08823533497368874,0,9
2015-09-15,33.0,33.150001525878906,32.75,32.880001068115234,464100,0.00701860051948322,1.0,0.017778366402956963,-0.07768078852683324,1,9
2015-09-16,33.40999984741211,33.459999084472656,32.900001525878906,33.0,469900,0.012424237800366944,1.0,0.017623507549833495,-0.08154746118256251,2,9
2015-09-17,33.5099983215332,33.720001220703125,33.209999084472656,33.36000061035156,742300,0.0029930701759293132,0.0,0.017644320610000222,-0.08113313293233548,3,9
2015-09-18,33.41999816894531,33.560001373291016,32.880001068115234,32.9900016784668,1401600,-0.0026857701311807647,-0.0,0.01767580005841356,-0.07939568909883232,4,9
2015-09-21,33.9900016784668,34.20000076293945,33.45000076293945,33.65999984741211,1033900,0.017055761243312872,2.0,0.01765417190119964,-0.07475085389761849,0,9
2015-09-22,33.630001068115234,34.27000045776367,33.4900016784668,33.619998931884766,901000,-0.010591367830959153,-1.0,0.017612040073263245,-0.03683760848213968,1,9
2015-09-23,33.16999816894531,33.75,33.06999969482422,33.63999938964844,719100,-0.013678349228660958,-1.0,0.01698709385079816,-0.023519093812204184,2,9
2015-09-24,32.599998474121094,33.04999923706055,32.31999969482422,33.04999923706055,1126100,-0.017184194340953196,-2.0,0.01689319189660726,-0.021245241477432564,3,9
2015-09-25,32.5099983215332,33.15999984741211,32.380001068115234,32.900001525878906,791800,-0.002760741006148648,-0.0,0.017077736490319746,-0.025702350086155623,4,9
2015-09-28,31.709999084472656,33.220001220703125,31.549999237060547,32.470001220703125,1018500,-0.024607790783263805,-2.0,0.016790173830917,-0.04043691568449659,0,9
2015-09-29,30.96999931335449,31.82999992370605,30.96999931335449,31.649999618530277,1118300,-0.023336480368443824,-2.0,0.017146400669858928,-0.07577971975373798,1,9
2015-09-30,31.739999771118164,31.8700008392334,31.149999618530277,31.200000762939453,1167900,0.0248627857551047,2.0,0.017679917057712644,-0.09311865506403005,2,9
2015-10-01,31.399999618530277,32.0,31.040000915527344,31.76000022888184,1338500,-0.010712040171382387,-1.0,0.01776295886938236,-0.04166664267123721,3,10
2015-10-02,32.0099983215332,32.040000915527344,30.530000686645508,31.0,2149800,0.019426710522727042,2.0,0.017089697593547157,-0.027562752299864157,4,10
2015-10-05,33.209999084472656,33.33000183105469,32.220001220703125,32.220001220703125,962900,0.037488310711100814,4.0,0.017673297658701462,-0.008364326764994767,0,10
2015-10-06,34.029998779296875,34.09000015258789,33.06999969482422,33.22999954223633,1416200,0.0246913495161043,2.0,0.019340800075338976,0.016217832752374095,1,10
2015-10-07,33.84000015258789,34.59000015258789,33.459999084472656,34.290000915527344,1223900,-0.005583268690111609,-1.0,0.019311643917352527,0.06376989755468832,2,10
2015-10-08,33.91999816894531,34.56999969482422,33.4900016784668,34.310001373291016,845900,0.0023640075649142833,0.0,0.01829895442452296,0.026076428814081343,3,10
2015-10-09,34.66999816894531,34.709999084472656,33.93000030517578,33.93000030517578,566300,0.022110850250182112,2.0,0.01657685989843085,0.06298960611547022,4,10
2015-10-12,34.900001525878906,34.90999984741211,34.47999954223633,34.63999938964844,356000,0.006634074677846824,1.0,0.016960561659282624,0.07237847835947031,0,10
2015-10-13,34.68000030517578,35.15999984741211,34.58000183105469,34.709999084472656,568500,-0.006303759629924133,-1.0,0.016958924378948945,0.07219669259293604,1,10
2015-10-14,34.5099983215332,35.06999969482422,34.470001220703125,34.7400016784668,227600,-0.004902017939636738,-0.0,0.017071117486231604,0.05828501131313235,2,10
2015-10-15,34.619998931884766,35.2400016784668,32.7400016784668,34.650001525878906,769700,0.003187499730561427,0.0,0.01712331242023376,0.045757524894945556,3,10
2015-10-16,35.130001068115234,35.220001220703125,34.33000183105469,34.560001373291016,1053800,0.014731431310379461,1.0,0.016967407310774448,0.03621667434896381,4,10
2015-10-19,35.08000183105469,35.40999984741211,34.849998474121094,35.060001373291016,436600,-0.0014232631807667984,-0.0,0.017199342764550197,0.04834386236125332,0,10
2015-10-20,34.83000183105469,35.290000915527344,34.75,35.04999923706055,395900,-0.007126567472943712,-1.0,0.017182909269065943,0.04967096807479465,1,10
2015-10-21,33.58000183105469,34.83000183105469,33.529998779296875,34.83000183105469,1266100,-0.03588859989336812,-4.0,0.01696412070363738,0.024713154195577625,2,10
2015-10-22,34.18000030517578,34.380001068115234,33.59000015258789,33.70000076293945,912100,0.017867732025143024,2.0,0.018663748903655537,-0.0014867450333788668,3,10
2015-10-23,34.33000183105469,34.560001373291016,33.9900016784668,34.560001373291016,704500,0.004388575908122361,0.0,0.018768993250480957,0.030449267168668692,4,10
2015-10-26,34.459999084472656,34.63999938964844,34.209999084472656,34.27000045776367,582100,0.0037866952078160487,0.0,0.018273481634665203,0.05306759011988671,0,10
2015-10-27,34.029998779296875,34.650001525878906,33.97999954223633,34.459999084472656,1073000,-0.012478244822981877,-1.0,0.018232820237026673,0.05998157070490695,1,10
2015-10-28,34.79999923706055,34.88999938964844,34.04999923706055,34.060001373291016,1821900,0.02262710800425083,2.0,0.01749378024127863,0.07316303253885126,2,10
2015-10-29,34.060001373291016,35.349998474121094,33.08000183105469,34.290000915527344,2829200,-0.02126430689634795,-2.0,0.016829205376931847,0.12366806614860115,3,10
2015-10-30,35.439998626708984,35.709999084472656,33.88999938964844,34.20000076293945,1721200,0.04051665290008266,4.0,0.017209302691546732,0.07309393884381632,4,10
2015-11-02,36.15999984741211,36.310001373291016,35.36000061035156,35.36000061035156,1051900,0.020316062319497563,2.0,0.01866264381274019,0.1286623903585833,0,11
2015-11-03,36.90999984741211,37.09000015258789,36.08000183105469,36.2400016784668,1020200,0.02074115053000125,2.0,0.018695745806771705,0.12964703978404124,1,11
2015-11-04,36.54999923706055,37.04999923706055,36.34999847412109,37.04999923706055,704800,-0.009753470924947827,-1.0,0.01761055970866548,0.11141225127794074,2,11
2015-11-05,36.29999923706055,37.06999969482422,36.2400016784668,36.630001068115234,741500,-0.006839945423213756,-1.0,0.01730484601800445,0.07405232289625552,3,11
2015-11-06,36.400001525878906,36.540000915527344,36.040000915527344,36.209999084472656,498800,0.0027548840473876623,0.0,0.017340145447453735,0.07269500807861351,4,11
2015-11-09,36.04999923706055,36.27999877929688,35.630001068115234,36.2400016784668,669300,-0.009615447091932738,-1.0,0.017339086022444224,0.07311331046014335,0,11
2015-11-10,36.40999984741211,36.68000030517578,35.959999084472656,36.25,825100,0.00998614751651572,1.0,0.017016388443148765,0.039803897923228915,1,11
2015-11-11,36.619998931884766,36.97999954223633,36.47999954223633,36.650001525878906,1649700,0.00576762113025886,1.0,0.017077664242775466,0.04326642565942351,2,11
2015-11-12,35.81999969482422,36.59000015258789,35.79999923706055,36.43000030517578,1263600,-0.02184596560334673,-2.0,0.016981508292780886,0.05593998297685854,3,11
2015-11-13,35.15999984741211,35.869998931884766,34.93000030517578,35.72999954223633,726900,-0.01842545653364358,-2.0,0.017747636122838882,0.037960053231112845,4,11
2015-11-16,35.40999984741211,35.459999084472656,34.52000045776367,34.52000045776367,774500,0.00711035270435012,1.0,0.018289200716469268,0.015597947203574547,0,11
2015-11-17,36.06999969482422,36.18999862670898,35.36000061035156,35.54999923706055,1664600,0.01863879836927884,2.0,0.01807530836971755,0.007970360682710176,1,11
2015-11-18,36.02999877929688,36.119998931884766,35.70000076293945,36.0,740700,-0.001108980201435239,-0.0,0.018492087168257888,0.028221146296894872,2,11
2015-11-19,36.400001525878906,36.54999923706055,35.810001373291016,35.88999938964844,696700,0.010269296672711148,1.0,0.01839829597896943,0.03445296827898159,3,11
2015-11-20,36.630001068115234,36.869998931884766,36.220001220703125,36.31999969482422,806800,0.006318668477879319,1.0,0.016312678221934922,0.0839785449986572,4,11
2015-11-23,36.41999816894531,36.70000076293945,36.29999923706055,36.70000076293945,678000,-0.005733084713249403,-1.0,0.01601275025304002,0.07167936632722771,0,11
2015-11-24,36.540000915527344,36.790000915527344,35.91999816894531,36.0,707100,0.003294968495752393,0.0,0.01613411513519301,0.06087958713710373,1,11
2015-11-25,36.540000915527344,36.81999969482422,36.22999954223633,36.459999084472656,407800,0.0,0.0,0.01613318374666532,0.060359892232031864,2,11
2015-11-27,36.459999084472656,36.63999938964844,36.34999847412109,36.47999954223633,256800,-0.002189431555834731,-0.0,0.015763326966660846,0.07375851384859589,4,11
2015-11-30,36.040000915527344,36.68000030517578,36.02999877929688,36.47999954223633,1036400,-0.011519423463841494,-1.0,0.015178025282520177,0.047701146086356117,0,11
2015-12-01,36.130001068115234,36.5099983215332,35.9900016784668,36.119998931884766,727300,0.0024972294756273605,0.0,0.014556844273611223,0.05813269120385267,1,12
2015-12-02,35.86000061035156,36.31999969482422,35.75,36.119998931884766,625200,-0.007473026564672525,-1.0,0.01171820303194469,0.019469595602248146,2,12
2015-12-03,34.779998779296875,36.02000045776367,34.65999984741211,35.91999816894531,516400,-0.030117172690257266,-3.0,0.010971201439648894,-0.008296439113011145,3,12
2015-12-04,35.31999969482422,35.45000076293945,34.630001068115234,34.75,741400,0.015526191330655914,2.0,0.011675856438423374,-0.057707967405060234,4,12
2015-12-07,35.06999969482422,35.63999938964844,34.72999954223633,35.11000061035156,537300,-0.007078142756514083,-1.0,0.01220985988112371,-0.03365251895789778,0,12
2015-12-08,35.220001220703125,35.380001068115234,34.4900016784668,34.77000045776367,430900,0.004277203512523586,0.0,0.012215122217584402,-0.033884285622258536,1,12
2015-12-09,34.81999969482422,35.54999923706055,34.65999984741211,35.0099983215332,620900,-0.011357226349094418,-1.0,0.012246540254680647,-0.03241758944259521,2,12
2015-12-10,34.68000030517578,35.22999954223633,34.59000015258789,34.790000915527344,421000,-0.004020660277870403,-0.0,0.012310012704578242,-0.03411926680353017,3,12
2015-12-11,34.119998931884766,34.849998474121094,33.95000076293945,34.41999816894531,591500,-0.01614767498163594,-2.0,0.012028282640786182,-0.04751440674228102,4,12
2015-12-14,34.15999984741211,34.459999084472656,33.939998626708984,34.060001373291016,450700,0.0011723598118276168,0.0,0.012246948491619412,-0.06826870761657144,0,12
2015-12-15,34.22999954223633,34.619998931884766,33.97999954223633,34.2599983215332,1252800,0.0020491714033050723,0.0,0.01151107931535691,-0.04634282137227297,1,12
2015-12-16,34.380001068115234,34.650001525878906,33.9900016784668,34.45000076293945,672600,0.004382165582381026,0.0,0.010919394958475988,-0.026450520739812577,2,12
2015-12-17,33.939998626708984,34.54999923706055,33.72999954223633,34.38999938964844,727300,-0.012798209067373167,-1.0,0.010831219743574762,-0.029087793949034713,3,12
2015-12-18,33.709999084472656,34.099998474121094,33.709999084472656,33.880001068115234,1170700,-0.0067766514891762775,-1.0,0.010076825252495451,-0.05905187374927745,4,12
2015-12-21,33.529998779296875,34.029998779296875,33.18000030517578,33.869998931884766,779400,-0.005339671019412573,-1.0,0.010103852734652098,-0.06439077916808911,0,12
2015-12-22,34.2400016784668,34.369998931884766,33.0,33.61000061035156,496400,0.02117515433994921,2.0,0.009633151370324035,-0.07884622599649005,1,12
2015-12-23,35.119998931884766,35.36000061035156,33.9900016784668,34.40999984741211,1230400,0.02570085310397019,3.0,0.010882454901150477,-0.06524704668187475,2,12
2015-12-24,35.40999984741211,35.54999923706055,34.040000915527344,35.119998931884766,290700,0.008257429508748082,1.0,0.012544483847918371,-0.035694654102674694,3,12
2015-12-28,35.209999084472656,35.45000076293945,34.540000915527344,35.31999969482422,352100,-0.0056481435696496,-1.0,0.012688295307196501,-0.030925042140189207,0,12
2015-12-29,35.36000061035156,35.4900016784668,34.9900016784668,35.369998931884766,318800,0.004260196812815531,0.0,0.012716564398899162,-0.0363985166319335,1,12
2015-12-30,35.040000915527344,35.439998626708984,35.02000045776367,35.2599983215332,358000,-0.009049764968910634,-1.0,0.01278154232986129,-0.030170008275989035,2,12
2015-12-31,34.630001068115234,35.27000045776367,33.13999938964844,35.02000045776367,456300,-0.01170090858160977,-1.0,0.012694650399099373,-0.027746947130879884,3,12
2016-01-04,33.72999954223633,34.20000076293945,33.13999938964844,34.20000076293945,552500,-0.02598907011607232,-3.0,0.012861403413568307,-0.04151674385982107,0,1
2016-01-05,33.65999984741211,33.9900016784668,33.560001373291016,33.7400016784668,392500,-0.002075294864340771,-0.0,0.013856028425997976,-0.05939768633189524,1,1
2016-01-06,33.06999969482422,33.84000015258789,32.77000045776367,33.25,754900,-0.017528228023246717,-2.0,0.012364811356156042,-0.03220238560075672,2,1
2016-01-07,31.770000457763672,32.880001068115234,31.540000915527344,32.560001373291016,947700,-0.0393105306639604,-4.0,0.012193770901581842,-0.06370328480862686,3,1
2016-01-08,31.36000061035156,32.18000030517578,31.299999237060547,31.940000534057617,932000,-0.012905251542479013,-1.0,0.014529831678331129,-0.09409749831128666,4,1
2016-01-11,31.06999969482422,31.600000381469727,30.75,31.43000030517578,1045300,-0.009247477993722164,-1.0,0.014489048564288233,-0.10959683351977201,0,1
2016-01-12,31.13999938964844,31.549999237060547,30.690000534057617,31.26000022888184,603100,0.0022529673483029367,0.0,0.014453033204071385,-0.10769672696342425,1,1
2016-01-13,30.059999465942383,31.76000022888184,29.90999984741211,31.020000457763672,1274200,-0.03468207915460242,-3.0,0.014545589181168843,-0.102076150068517,2,1
2016-01-14,31.34000015258789,31.43000030517578,29.959999084472656,30.420000076293945,1137000,0.0425815272583665,4.0,0.01576611811048627,-0.1189917817420667,3,1
2016-01-15,30.68000030517578,30.799999237060547,30.100000381469727,30.399999618530277,841400,-0.021059344103341093,-2.0,0.018960229467109714,-0.08255268464346488,4,1
2016-01-19,30.100000381469727,31.059999465942383,29.61000061035156,30.82999992370605,1155800,-0.01890482131475757,-2.0,0.01926440415327813,-0.1037101748330499,1,1
2016-01-20,29.61000061035156,29.989999771118164,28.75,29.59000015258789,1531400,-0.016279061957082952,-2.0,0.0193658613255163,-0.12449099923428664,2,1
2016-01-21,31.13999938964844,32.900001525878906,29.84000015258789,31.32999992370605,2509900,0.05167169023164431,5.0,0.019440517192312746,-0.12757802567941023,3,1
2016-01-22,31.450000762939453,32.029998779296875,31.11000061035156,31.690000534057617,1130800,0.009955086042617634,1.0,0.02319084956068435,-0.07623849791227066,4,1
2016-01-25,29.940000534057617,31.43000030517578,29.920000076293945,31.26000022888184,947600,-0.04801272471386431,-5.0,0.023370164088704872,-0.062033942501713346,0,1
2016-01-26,30.26000022888184,30.309999465942383,29.700000762939453,30.030000686645508,912200,0.01068803236861049,1.0,0.024664280679161623,-0.12558413941648283,1,1
2016-01-27,29.549999237060547,30.18000030517578,29.350000381469727,30.059999465942383,940500,-0.023463350510606662,-2.0,0.023902823464567687,-0.1383826552053402,2,1
2016-01-28,28.940000534057617,30.0,28.799999237060547,29.82999992370605,818700,-0.02064293464474587,-2.0,0.02390622308310117,-0.1654899925332768,3,1
2016-01-29,29.61000061035156,29.739999771118164,28.88999938964844,28.979999542236328,1010000,0.023151349824802603,2.0,0.024046361057436773,-0.17807437413936378,4,1
2016-02-01,30.3799991607666,30.5,29.59000015258789,30.049999237060547,1102800,0.026004678640427104,3.0,0.02490604951079856,-0.16261311936506873,0,2
2016-02-02,29.420000076293945,30.25,29.280000686645508,30.040000915527344,876900,-0.0315997074059311,-3.0,0.025991768996221038,-0.13299091418390196,1,2
2016-02-03,29.56999969482422,29.81999969482422,28.790000915527344,29.540000915527344,663400,0.005098559420166016,1.0,0.026549420723349797,-0.15044761279601215,2,2
2016-02-04,29.59000015258789,30.049999237060547,29.280000686645508,29.450000762939453,709000,0.0006763766645276892,0.0,0.02632684764514676,-0.12333234224337908,3,2
2016-02-05,28.11000061035156,29.51000022888184,27.81999969482422,29.239999771118164,1153700,-0.0500168818724015,-5.0,0.026353770679226566,-0.12091502416144939,4,2
2016-02-08,27.709999084472656,28.309999465942383,27.059999465942383,27.5,1199100,-0.014229865428448285,-1.0,0.027980797609240476,-0.1499848542559542,0,2
2016-02-09,27.780000686645508,28.3799991607666,27.309999465942383,27.36000061035156,782000,0.002526221742536139,0.0,0.027068129123178138,-0.12779355728019415,1,2
2016-02-10,27.780000686645508,29.479999542236328,27.739999771118164,28.0,847600,0.0,0.0,0.027084775851567006,-0.11415815861063272,2,2
2016-02-11,28.040000915527344,28.32999992370605,27.440000534057617,27.489999771118164,918600,0.009359259267651021,1.0,0.02709437435209701,-0.10588989509152691,3,2
2016-02-12,28.6299991607666,28.670000076293945,28.18000030517578,28.270000457763672,592900,0.021041306204542254,2.0,0.027233064552588903,-0.09955037042009707,4,2
2016-02-16,28.65999984741211,29.1299991607666,28.57999992370605,28.940000534057617,684000,0.0010478759177408037,0.0,0.026870566501286886,-0.04757153461682373,1,2
2016-02-17,29.68000030517578,29.709999084472656,28.709999084472656,28.799999237060547,806500,0.03558968817844477,4.0,0.024882058048809427,-0.0855137298062355,2,2
2016-02-18,29.459999084472656,29.979999542236328,29.34000015258789,29.809999465942383,642600,-0.007412439974428198,-1.0,0.025981132613062716,-0.032594523795728136,3,2
2016-02-19,30.100000381469727,30.11000061035156,29.18000030517578,29.26000022888184,638200,0.02172441673069825,2.0,0.02571038347286396,-0.021262501291895997,4,2
2016-02-22,30.56999969482422,30.57999992370605,30.07999992370605,30.309999465942383,474800,0.015614594930166037,2.0,0.025896313099225472,0.01654845528597737,0,2
2016-02-23,30.020000457763672,30.51000022888184,29.950000762939453,30.51000022888184,540800,-0.017991470152146194,-2.0,0.0234561746139315,-0.018304422157879086,1,2
2016-02-24,30.440000534057617,30.51000022888184,29.520000457763672,29.71999931335449,746500,0.013990675212842252,1.0,0.023618748164181132,-0.04546900701067347,2,2
2016-02-25,30.799999237060547,31.280000686645508,30.540000915527344,30.790000915527344,727000,0.011826501205219886,1.0,0.02133724441360729,0.016700066502378208,3,2
2016-02-26,31.229999542236328,31.36000061035156,30.76000022888184,30.88999938964844,536700,0.013961049215169385,1.0,0.021364499133791966,0.01784530747171975,4,2
2016-02-29,30.90999984741211,31.46999931335449,30.540000915527344,31.190000534057617,658400,-0.010246548175303127,-1.0,0.020769039495121027,0.056852803673469676,0,2
2016-03-01,31.989999771118164,32.0,31.0,31.170000076293945,456800,0.034940146523374294,3.0,0.02029980810908281,0.06807184785764342,1,3
2016-03-02,32.119998931884766,32.15999984741211,31.6200008392334,31.8700008392334,283200,0.004063743722935831,0.0,0.021025143663936433,0.08037822059127442,2,3
2016-03-03,32.220001220703125,32.220001220703125,31.59000015258789,32.0099983215332,383000,0.003113396393020773,0.0,0.02040787661359839,0.057274516760528416,3,3
2016-03-04,32.18000030517578,32.47999954223633,31.8700008392334,32.25,706300,-0.0012414932964571745,-0.0,0.018821741981242052,0.09517339011380099,4,3
2016-03-07,31.8799991607666,32.13999938964844,30.149999618530277,32.02000045776367,751500,-0.009322596070980405,-1.0,0.01886260642799339,0.0882651551331739,0,3
2016-03-08,31.51000022888184,31.88999938964844,31.290000915527344,31.709999084472656,311800,-0.011605989385975457,-1.0,0.019081106124772918,0.07739097655862737,1,3
2016-03-09,31.549999237060547,31.770000457763672,31.06999969482422,31.6200008392334,373400,0.001269406787945515,0.0,0.015096278952845835,0.12095338117062249,2,3
2016-03-10,31.209999084472656,31.989999771118164,30.809999465942383,31.780000686645508,393200,-0.010776550263383422,-1.0,0.014445242806217413,0.13857814072392527,3,3
2016-03-11,31.51000022888184,31.670000076293945,31.34000015258789,31.420000076293945,301900,0.009612340698799793,1.0,0.014903313243663261,0.12347006166475838,4,3
2016-03-14,31.690000534057617,31.82999992370605,31.32999992370605,31.440000534057617,279600,0.005712481874588837,1.0,0.01486822561492536,0.1342692386623816,0,3
2016-03-15,31.56999969482422,31.8799991607666,31.459999084472656,31.559999465942383,470300,-0.003786709915149178,-0.0,0.014849807412251694,0.13017116616815305,1,3
2016-03-16,31.84000015258789,31.86000061035156,31.350000381469727,31.530000686645508,286000,0.008552437769200782,1.0,0.014573854085224783,0.10268950821648914,2,3
2016-03-17,32.31999969482422,32.41999816894531,31.57999992370605,31.850000381469727,354700,0.015075362435176265,2.0,0.014570136887597274,0.11095604752638977,3,3
2016-03-18,32.84000015258789,33.0,30.76000022888184,32.08000183105469,847100,0.016089123226289637,2.0,0.013031838510561732,0.08894876558299969,4,3
2016-03-21,32.279998779296875,32.689998626708984,32.0099983215332,32.630001068115234,376400,-0.0170524168906524,-2.0,0.012998655155699639,0.11473187960473208,0,3
2016-03-22,32.41999816894531,32.66999816894531,32.150001525878906,32.18000030517578,314600,0.004337032061420887,0.0,0.013294524798686008,0.07242519502322686,1,3
2016-03-23,31.59000015258789,32.529998779296875,31.57999992370605,32.40999984741211,398000,-0.025601420827730537,-3.0,0.013001807681631334,0.060516797271486844,2,3
2016-03-24,32.099998474121094,32.119998931884766,31.170000076293945,31.3700008392334,295700,0.016144296266849656,2.0,0.013699971490886706,0.05229845672497957,3,3
2016-03-28,32.029998779296875,32.689998626708984,31.729999542236328,32.2400016784668,428300,-0.0021806759548805843,-0.0,0.01379784517881993,0.05453343991259785,0,3
2016-03-29,32.88999938964844,32.91999816894531,31.8700008392334,31.8799991607666,523300,0.026849848364884688,3.0,0.013668600341097315,0.03993505106182971,1,3
2016-03-30,32.93000030517578,33.2599983215332,32.400001525878906,33.099998474121094,344600,0.0012162029878277636,0.0,0.014498808044141892,0.0531540144650684,2,3
2016-03-31,33.15999984741211,33.27000045776367,32.75,32.83000183105469,484500,0.006984498636648295,1.0,0.01420501270967524,0.06535103421984623,3,3
2016-04-01,33.0,33.099998474121094,32.58000183105469,32.849998474121094,512300,-0.004825085891084435,-0.0,0.012248565036629409,0.03657393199953285,4,4
2016-04-04,32.630001068115234,33.04999923706055,32.59000015258789,33.0,372300,-0.011212088844992918,-1.0,0.012319207284967307,0.027397294438938458,0,4
2016-04-05,32.099998474121094,32.5099983215332,32.0099983215332,32.41999816894531,195700,-0.01624280038752557,-2.0,0.012610457532014582,0.012725010300392636,1,4
2016-04-06,32.650001525878906,32.65999984741211,31.61000061035156,31.63999938964844,328200,0.017134052271099653,2.0,0.01313846579112156,-0.0024860730359228533,2,4
2016-04-07,32.20000076293945,32.61000061035156,32.0099983215332,32.45000076293945,336200,-0.01378256483641438,-1.0,0.013467818574255448,0.024153148851393746,3,4
2016-04-08,31.959999084472656,32.720001220703125,31.57999992370605,32.4900016784668,391800,-0.00745346809876557,-1.0,0.013579402233725144,0.02189782700874643,4,4
2016-04-11,32.380001068115234,32.7400016784668,31.959999084472656,31.959999084472656,616300,0.013141489226344616,1.0,0.013707405636313275,0.012995241119704959,0,4
2016-04-12,32.290000915527344,32.540000915527344,31.989999771118164,32.36000061035156,395400,-0.0027794981352398107,-0.0,0.01369942224564883,0.03748804927792104,1,4
2016-04-13,32.959999084472656,33.0,32.43000030517578,32.43000030517578,420200,0.020749400741674418,2.0,0.013614673160436403,0.02475406794604096,2,4
2016-04-14,32.7400016784668,32.9900016784668,32.56999969482422,32.900001525878906,440200,-0.006674678765676845,-1.0,0.014241895793042553,0.04007568725188748,3,4
2016-04-15,33.290000915527344,33.290000915527344,32.650001525878906,32.70000076293945,1114300,0.01679899843811805,2.0,0.014314017510196763,0.03706056366653665,4,4
2016-04-18,33.380001068115234,33.4900016784668,33.02000045776367,33.130001068115234,269500,0.0027035190781838914,0.0,0.014617511168048465,0.045540224748447544,0,4
2016-04-19,33.68000030517578,33.720001220703125,33.060001373291016,33.400001525878906,481100,0.008987394471569043,1.0,0.014319968682307564,0.03279707250309061,1,4
2016-04-20,34.209999084472656,34.70000076293945,33.400001525878906,33.7599983215332,1270000,0.015736305656013583,2.0,0.014042738993594124,0.025578567255935214,2,4
2016-04-21,37.54999923706055,38.5,36.0,37.38999938964844,3068500,0.097632278338875,10.0,0.013719606122698787,0.059789354961611973,3,4
2016-04-22,37.02000045776367,37.65999984741211,36.540000915527344,37.40999984741211,1857500,-0.014114481759397335,-1.0,0.024829356078342763,0.15823569888505395,4,4
2016-04-25,36.84999847412109,37.36000061035156,36.400001525878906,37.08000183105469,766700,-0.004592165897905454,-0.0,0.024186466497464955,0.17188984738675117,0,4
2016-04-26,37.040000915527344,37.18999862670898,36.619998931884766,36.790000915527344,505100,0.005156104457906263,1.0,0.02425403673255026,0.14797508491564026,1,4
2016-04-27,36.959999084472656,37.27999877929688,36.369998931884766,36.91999816894531,680800,-0.002159876594958421,-0.0,0.02416998202850477,0.15641593278700872,2,4
2016-04-28,36.68000030517578,37.040000915527344,36.52999877929688,36.68000030517578,676200,-0.007575724735732092,-1.0,0.02381781485861248,0.12374581241570892,3,4
2016-04-29,36.459999084472656,36.77999877929688,36.15999984741211,36.560001373291016,525200,-0.005997852204818077,-1.0,0.02397966785531255,0.11387792181133372,4,4
2016-05-02,36.970001220703125,37.040000915527344,36.18000030517578,36.25,731600,0.01398799092256886,1.0,0.024104071917234952,0.09951746840306708,0,5
2016-05-03,36.4900016784668,36.95000076293945,36.06999969482422,36.43999862670898,495400,-0.012983487324515708,-1.0,0.02407836641605753,0.12030306729403417,1,5
2016-05-04,35.72999954223633,36.29999923706055,35.31999969482422,36.16999816894531,898300,-0.020827681591446878,-2.0,0.024143545352450602,0.11829606141580551,2,5
2016-05-05,35.529998779296875,36.0,35.290000915527344,35.619998931884766,602900,-0.005597558508307121,-1.0,0.024370638109078725,0.11308415079962475,3,5
2016-05-06,35.58000183105469,35.59000015258789,34.88999938964844,35.2400016784668,463700,0.0014073474099567385,0.0,0.02432748720475166,0.08820818128094832,4,5
2016-05-09,35.56999969482422,35.970001220703125,35.09000015258789,35.47999954223633,443500,-0.00028111679920539423,-0.0,0.023986303274228474,0.1049689747835485,0,5
2016-05-10,36.310001373291016,36.34999847412109,35.40999984741211,35.5099983215332,562200,0.020804095721554727,2.0,0.023850403282564034,0.11295371444817826,1,5
2016-05-11,36.15999984741211,36.65999984741211,35.91999816894531,36.18000030517578,626800,-0.004131135230119987,-0.0,0.02403319882466075,0.12137122222165941,2,5
2016-05-12,35.84000015258789,36.59999847412109,35.560001373291016,36.220001220703125,536400,-0.008849549119871458,-1.0,0.024058930458378713,0.11985131068930355,3,5
2016-05-13,35.380001068115234,35.689998626708984,34.79999923706055,35.61000061035156,1065800,-0.01283479582907987,-1.0,0.023998159743906036,0.08737867561021839,4,5
2016-05-16,35.72999954223633,35.939998626708984,35.119998931884766,35.119998931884766,482700,0.009892551259319093,1.0,0.024175476124385854,0.08063528571486822,0,5
2016-05-17,35.31999969482422,36.0,35.099998474121094,35.619998931884766,609100,-0.011474946897982785,-1.0,0.024038748154866188,0.07329524060093684,1,5
2016-05-18,35.130001068115234,35.529998779296875,34.810001373291016,35.08000183105469,424900,-0.005379349613551243,-1.0,0.024264310177978088,0.058118590911672596,2,5
2016-05-19,34.97999954223633,35.33000183105469,34.63999938964844,34.9900016784668,492400,-0.004269898130320637,-0.0,0.02428842721115119,0.043052278794564636,3,5
2016-05-20,35.65999984741211,35.70000076293945,34.970001220703125,35.060001373291016,670200,0.019439688795727994,2.0,0.024125923157977087,0.022508052568559256,4,5
2016-05-23,35.369998931884766,35.86000061035156,35.33000183105469,35.61000061035156,615100,-0.008132386897595323,-1.0,0.010961296917211358,-0.05033287424898458,0,5
2016-05-24,36.08000183105469,36.31999969482422,35.470001220703125,35.5099983215332,840900,0.020073591196234863,2.0,0.010716616453201858,-0.04457054309768049,1,5
2016-05-25,35.83000183105469,36.380001068115234,35.810001373291016,36.22999954223633,997800,-0.006929046211544776,-1.0,0.011734793037535747,-0.020895432156046057,2,5
2016-05-26,35.7599983215332,36.209999084472656,35.56999969482422,35.88999938964844,618200,-0.001953767958248087,-0.0,0.011717221624815475,-0.032667361084362634,3,5
2016-05-27,35.95000076293945,36.060001373291016,35.65999984741211,35.709999084472656,559900,0.005313267626521068,1.0,0.011716740933337084,-0.03246755391407974,4,5
2016-05-31,35.7400016784668,36.130001068115234,35.61000061035156,35.959999084472656,578900,-0.0058414208627539654,-1.0,0.0117204405376428,-0.019901841225811512,1,5
2016-06-01,35.970001220703125,36.02000045776367,35.529998779296875,35.59000015258789,865900,0.006435353425708001,1.0,0.011717082154261139,-0.01974759802757342,2,6
2016-06-02,36.459999084472656,36.470001220703125,35.560001373291016,35.95000076293945,1104600,0.013622403312221865,1.0,0.011347859286939897,-0.02704895772197058,3,6
2016-06-03,36.47999954223633,36.52000045776367,35.7599983215332,36.459999084472656,827700,0.0005485589211708941,0.0,0.011456340649144164,-0.0008222141028797481,4,6
2016-06-06,37.34000015258789,37.52000045776367,36.45000076293945,36.59000015258789,895200,0.02357457843045907,2.0,0.01041324998242762,0.020990764332740275,0,6
2016-06-07,37.290000915527344,37.45000076293945,37.150001525878906,37.27999877929688,545400,-0.0013390261611201382,-0.0,0.011383936677113998,0.05094290558618564,1,6
2016-06-08,38.150001525878906,38.209999084472656,37.209999084472656,37.290000915527344,1181700,0.023062499040955142,2.0,0.011412015394956773,0.04806068005820463,2,6
2016-06-09,37.880001068115234,38.34000015258789,37.650001525878906,37.880001068115234,822300,-0.007077338059358063,-1.0,0.012253937709620273,0.07253308555496285,3,6
2016-06-10,37.02999877929688,37.709999084472656,36.90999984741211,37.61000061035156,569600,-0.02243934173311901,-2.0,0.011776349437130853,0.043238767156287716,4,6
2016-06-13,37.20000076293945,37.560001373291016,36.79999923706055,36.83000183105469,1422900,0.004590925985598959,0.0,0.012884929861585534,0.024059705076216575,0,6
2016-06-14,37.75,37.880001068115234,36.970001220703125,37.16999816894531,1370700,0.014784925424208062,1.0,0.012692560407192539,0.037946445439771104,1,6
2016-06-15,38.22999954223633,38.75,37.61000061035156,37.7599983215332,1216400,0.012715219661889376,1.0,0.01252453648154397,0.06698696609200017,2,6
2016-06-16,38.79999923706055,38.83000183105469,37.88999938964844,37.97999954223633,1142800,0.014909748931450695,1.0,0.01261514512418885,0.06996921444246751,3,6
2016-06-17,38.380001068115234,39.209999084472656,38.34999847412109,38.93999862670898,1384600,-0.010824695288760289,-1.0,0.012381666494428279,0.09852773421020977,4,6
2016-06-20,38.97999954223633,39.400001525878906,38.72999954223633,38.7400016784668,817100,0.015633102069388727,2.0,0.012654195231581965,0.09251351839410482,0,6
2016-06-21,39.11000061035156,39.33000183105469,38.900001525878906,38.900001525878906,735800,0.0033350710528965433,0.0,0.012725514577704452,0.11435105924373246,1,6
2016-06-22,38.619998931884766,39.27999877929688,38.59999847412109,39.20000076293945,743400,-0.012528807742772208,-1.0,0.012305722542991216,0.09674707733319932,2,6
2016-06-23,39.38999938964844,39.43999862670898,38.900001525878906,39.08000183105469,678100,0.019937868437587047,2.0,0.012565658626459178,0.09188578168347772,3,6
2016-06-24,36.75,38.02999877929688,36.65999984741211,37.77999877929688,2456700,-0.0670220723674908,-7.0,0.012557155747946996,0.09174050417438662,4,6
2016-06-27,34.95000076293945,36.34999847412109,34.68000030517578,36.33000183105469,1223500,-0.048979571076477435,-5.0,0.01992237787288826,0.025676754728712448,0,6
2016-06-28,35.189998626708984,35.65999984741211,34.900001525878906,35.29999923706055,742200,0.006866891517324891,1.0,0.022759323540569122,-0.02265093950258945,1,6
2016-06-29,36.27000045776367,36.43000030517578,35.45000076293945,35.619998931884766,1358900,0.030690590315481714,3.0,0.02278283028016853,-0.02114053185261533,2,6
2016-06-30,37.58000183105469,37.59000015258789,36.130001068115234,36.27000045776367,1487800,0.036118041267093615,4.0,0.023749921566028283,0.014829288035993482,3,6
2016-07-01,37.900001525878906,38.16999816894531,37.52000045776367,37.58000183105469,1232200,0.00851515910677203,1.0,0.02494431416361021,0.044759537273101335,4,7
2016-07-05,37.34999847412109,38.75,36.56999969482422,37.68000030517578,769800,-0.014511953287977164,-1.0,0.02485405370053141,0.03949540530897888,1,7
2016-07-06,37.34000015258789,37.75,36.93000030517578,37.290000915527344,1216100,-0.00026769268920112665,-0.0,0.0251183433636782,0.023848655230312765,2,7
2016-07-07,37.38999938964844,37.66999816894531,37.220001220703125,37.43999862670898,507400,0.0013390261611201382,0.0,0.024600825950569997,0.0,3,7
2016-07-08,38.36000061035156,38.52999877929688,37.459999084472656,37.720001220703125,841100,0.025942798516644938,3.0,0.0245988797189464,0.0026816431125227247,4,7
2016-07-11,38.61000061035156,38.90999984741211,38.22999954223633,38.52000045776367,498600,0.006517205318618657,1.0,0.024739063771791903,0.00550456293770285,0,7
2016-07-12,38.77000045776367,39.18000030517578,38.45000076293945,38.959999084472656,869500,0.004144000126464986,0.0,0.02470711021265779,0.019271370687758305,1,7
2016-07-13,38.27999877929688,39.02999877929688,38.25,38.959999084472656,705100,-0.012638681265959795,-1.0,0.024108829739777883,0.046988974772518954,2,7
2016-07-14,38.560001373291016,38.7400016784668,37.25,38.5099983215332,455600,0.007314592552849497,1.0,0.02432530565584401,0.029032204145365892,3,7
2016-07-15,38.72999954223633,39.16999816894531,38.2599983215332,38.68999862670898,735000,0.004408666050075949,0.0,0.024177812605006715,0.021456990020954025,4,7
2016-07-18,38.93999862670898,39.119998931884766,38.75,38.75,642500,0.005422129794854236,1.0,0.024049250366967555,0.013078734135154813,0,7
2016-07-19,39.040000915527344,39.16999816894531,38.84999847412109,38.880001068115234,742100,0.0025681122841585413,0.0,0.023861284949463896,0.0036082317629200222,1,7
2016-07-20,39.560001373291016,39.970001220703125,39.06999969482422,39.38999938964844,2766300,0.013319683544291472,1.0,0.0237235048283219,0.017196452033463094,2,7
2016-07-21,40.16999816894531,41.40999984741211,40.040000915527344,40.04999923706055,4627500,0.015419534238594323,2.0,0.02365785627741436,0.014879472495278767,3,7
2016-07-22,40.54999923706055,40.68999862670898,39.77000045776367,39.97999954223633,1889800,0.009459822888640446,1.0,0.023864183847548955,0.027102979853014686,4,7
2016-07-25,40.08000183105469,40.70000076293945,39.9900016784668,40.41999816894531,693900,-0.011590565101079142,-1.0,0.02369732119530857,0.049974115964626975,0,7
2016-07-26,40.36000061035156,40.40999984741211,39.88999938964844,40.060001373291016,1608500,0.0069859971682917354,1.0,0.0235420773411258,0.017517198580804694,1,7
2016-07-27,40.290000915527344,40.7400016784668,39.88999938964844,40.65999984741211,1178600,-0.0017343828980583842,-0.0,0.017632711980930808,0.0982313091252125,2,7
2016-07-28,40.11000061035156,40.58000183105469,40.04999923706055,40.20000076293945,588100,-0.004467617301701532,-0.0,0.01280491491193903,0.15278970060139052,3,7
2016-07-29,39.72999954223633,40.220001220703125,39.18999862670898,40.220001220703125,1230400,-0.009473973132205882,-1.0,0.013041781487263912,0.13981250854350202,4,7
2016-08-01,40.38999938964844,40.65999984741211,39.970001220703125,40.22999954223633,1431700,0.016612128241040525,2.0,0.012209347668109095,0.09539561733675228,0,8
2016-08-02,39.619998931884766,40.47999954223633,39.310001373291016,40.33000183105469,1063900,-0.019064136405038346,-2.0,0.010264189066587171,0.07477374725063668,1,8
2016-08-03,39.54999923706055,39.59999847412109,39.27999877929688,39.470001220703125,642800,-0.0017667767973583715,-0.0,0.011301045794278338,0.04538251548173178,2,8
2016-08-04,39.66999816894531,39.93999862670898,39.34999847412109,39.63999938964844,374700,0.0030341070594084307,0.0,0.010685468299094532,0.058902298602871106,3,8
2016-08-05,40.81999969482422,40.869998931884766,39.77999877929688,39.77999877929688,1001000,0.028989200377103952,3.0,0.010662597447021738,0.06239951812629907,4,8
2016-08-08,41.08000183105469,41.15999984741211,40.709999084472656,40.81999969482422,842900,0.006369479132148026,1.0,0.012069342118261788,0.0917357678835744,0,8
2016-08-09,41.209999084472656,41.33000183105469,40.900001525878906,40.93000030517578,587500,0.0031644899616265487,0.0,0.011021194497170893,0.0709072256888632,1,8
2016-08-10,41.27000045776367,41.38999938964844,40.9900016784668,41.29999923706055,446500,0.0014559906484836738,0.0,0.010996899576604054,0.06734002675524486,2,8
2016-08-11,41.650001525878906,41.84999847412109,41.08000183105469,41.310001373291016,487600,0.009207682672650597,1.0,0.011000584027110282,0.06448284680118888,3,8
2016-08-12,41.65999984741211,41.709999084472656,41.369998931884766,41.58000183105469,552700,0.00024005573029795002,0.0,0.01046388553218654,0.08803560224784102,4,8
2016-08-15,42.63999938964844,42.9900016784668,41.630001068115234,41.66999816894531,1212400,0.023523752900282524,2.0,0.010468348533714056,0.08039414843663195,0,8
2016-08-16,41.630001068115234,42.61000061035156,41.400001525878906,42.61000061035156,968800,-0.02368664014986821,-2.0,0.011325283866080765,0.10095532903758819,1,8
2016-08-17,41.459999084472656,41.77999877929688,41.13999938964844,41.58000183105469,932100,-0.004083641106912728,-0.0,0.012898313853707441,0.06908070201012229,2,8
2016-08-18,41.65999984741211,41.95000076293945,41.34999847412109,41.52000045776367,1208400,0.004823945184657674,0.0,0.012997577723831269,0.061987656562344284,3,8
2016-08-19,42.27999877929688,42.34999847412109,41.40999984741211,41.630001068115234,721600,0.01488235559663087,1.0,0.012789167031455618,0.05308388274068432,4,8
2016-08-22,42.060001373291016,42.25,41.83000183105469,42.08000183105469,349100,-0.005203344663141096,-1.0,0.012762635854921017,0.05252677885314849,0,8
2016-08-23,42.54999923706055,42.560001373291016,42.02999877929688,42.33000183105469,342200,0.011649972605105363,1.0,0.01276497906690761,0.03723803118719693,1,8
2016-08-24,42.25,42.61000061035156,42.04999923706055,42.400001525878906,795200,-0.0070505109856559,-1.0,0.012549826657898326,0.06162667897115859,2,8
2016-08-25,42.15999984741211,42.380001068115234,41.93999862670898,42.22999954223633,654100,-0.002130181126340558,-0.0,0.01269575717847454,0.04682852728113418,3,8
2016-08-26,42.31999969482422,42.5,41.93999862670898,42.310001373291016,434400,0.003795062808140237,0.0,0.012702272858035739,0.04641347454435252,4,8
2016-08-29,42.560001373291016,42.84999847412109,42.290000915527344,42.290000915527344,603900,0.005671117206934806,1.0,0.012611781226739054,0.05509845551840509,0,8
2016-08-30,42.79999923706055,42.79999923706055,42.540000915527344,42.650001525878906,533000,0.005639047369019767,1.0,0.012314371796190614,0.0712308548618572,1,8
2016-08-31,42.66999816894531,42.84999847412109,42.2400016784668,42.619998931884766,827800,-0.003037408187677393,-0.0,0.011951119000407526,0.05966823183537273,2,8
2016-09-01,42.84000015258789,42.86000061035156,42.29999923706055,42.619998931884766,701100,0.003984110403977059,0.0,0.010953035146620441,0.07698130538327752,3,9
2016-09-02,43.560001373291016,43.65999984741211,42.86000061035156,42.970001220703125,826600,0.016806751123683794,2.0,0.010883959324923009,0.08318586546126738,4,9
2016-09-06,43.56999969482422,43.58000183105469,43.220001220703125,43.52000045776367,715100,0.00022952987185465012,0.0,0.011240286252137455,0.09805907194094354,1,9
2016-09-07,43.7400016784668,43.75,41.400001525878906,43.56999969482422,516300,0.003901812826103246,0.0,0.009765783386672595,0.06736893729934756,2,9
2016-09-08,43.91999816894531,43.959999084472656,43.4900016784668,43.72999954223633,877000,0.004115145943561549,0.0,0.009739980983096534,0.06475169739163111,3,9
2016-09-09,43.209999084472656,43.7599983215332,42.27999877929688,43.52000045776367,1642700,-0.016165735748474575,-2.0,0.009742810352098237,0.06576071692983243,4,9
2016-09-12,43.56999969482422,43.650001525878906,42.790000915527344,42.880001068115234,843600,0.008331419069178558,1.0,0.010610166674448493,0.047007477712398105,0,9
2016-09-13,43.11000061035156,43.38999938964844,42.90999984741211,43.22999954223633,911300,-0.010557702265196478,-1.0,0.010583097467325834,0.046098393724003595,1,9
2016-09-14,43.2400016784668,43.5099983215332,43.040000915527344,43.16999816894531,777800,0.0030155663714841463,0.0,0.010939475080544271,0.03480558733198191,2,9
2016-09-15,43.709999084472656,43.95000076293945,43.25,43.34999847412109,524400,0.010869504804851049,1.0,0.009742584058798149,0.014071348438246423,3,9
2016-09-16,43.2599983215332,43.52000045776367,43.13999938964844,43.380001068115234,844500,-0.010295144643444054,-1.0,0.008214155887889624,0.049963919360802356,4,9
2016-09-19,43.38999938964844,43.83000183105469,43.13999938964844,43.310001373291016,364700,0.0030051103365513754,0.0,0.008562122243492381,0.04341532264371595,0,9
2016-09-20,43.33000183105469,43.79999923706055,43.31999969482422,43.540000915527344,412900,-0.0013827508512955777,-0.0,0.008541948571691058,0.041526633427095394,1,9
2016-09-21,44.11000061035156,44.130001068115234,43.18999862670898,43.43999862670898,546800,0.018001355788954676,2.0,0.00803537766728351,0.02483450998281378,2,9
2016-09-22,44.560001373291016,44.75,44.18000030517578,44.2400016784668,688900,0.010201785461636304,1.0,0.008680457426383471,0.048739875656835796,3,9
2016-09-23,44.130001068115234,44.75,44.11000061035156,44.52000045776367,488600,-0.009649916784641777,-1.0,0.008607951063207329,0.04723859394290608,4,9
2016-09-26,43.7400016784668,44.08000183105469,43.720001220703125,43.9900016784668,437500,-0.008837511448197555,-1.0,0.008765410415909372,0.044497066700952326,0,9
2016-09-27,44.29999923706055,44.310001373291016,43.58000183105469,43.65999984741211,306200,0.012802870075550032,1.0,0.009045439590446788,0.037476324401639394,1,9
2016-09-28,44.5099983215332,44.650001525878906,44.11000061035156,44.380001068115234,441200,0.0047403857356498325,0.0,0.009353488279774986,0.04678637893465032,2,9
2016-09-29,43.880001068115234,44.560001373291016,43.619998931884766,44.34999847412109,633600,-0.014154061495733394,-1.0,0.00933851784414072,0.04581759598969204,3,9
2016-09-30,44.310001373291016,44.41999816894531,43.0099983215332,43.84999847412109,1005500,0.00979945977002794,1.0,0.009950434258850881,0.025233688091272466,4,9
2016-10-03,45.11000061035156,46.79999923706055,44.40999984741211,45.02000045776367,2578700,0.018054597433228015,2.0,0.010068476816871242,0.038434574050187686,0,10
2016-10-04,45.43999862670898,45.810001373291016,45.06999969482422,45.34000015258789,1115700,0.007315407047050471,1.0,0.010668199125021864,0.05298787230808499,1,10
2016-10-05,45.88999938964844,45.97999954223633,45.29999923706055,45.5,682000,0.009903186103420225,1.0,0.010224297557838677,0.04315879692718938,2,10
2016-10-06,46.25,46.2599983215332,45.52000045776367,45.84000015258789,770500,0.007844859776414914,1.0,0.010354610671447982,0.05324764083254774,3,10
2016-10-07,45.93999862670898,46.5,45.63999938964844,46.5,579700,-0.006702732395481581,-1.0,0.010416400557245435,0.0573845044630823,4,10
2016-10-10,45.97999954223633,46.90999984741211,45.95000076293945,46.27999877929688,782900,0.000870720869027064,0.0,0.01060926410225708,0.045992726365639,0,10
2016-10-11,45.09999847412109,45.970001220703125,44.650001525878906,45.88999938964844,751100,-0.019138779401397965,-2.0,0.009751596959048824,0.0641055430792421,1,10
2016-10-12,45.13999938964844,45.18000030517578,44.72999954223633,45.0099983215332,770400,0.0008869382900380529,0.0,0.010789119556172682,0.0351158776684275,2,10
2016-10-13,45.08000183105469,45.209999084472656,44.43999862670898,44.72999954223633,767300,-0.0013291439832741059,-0.0,0.010421775084544328,0.04708881351324856,3,10
2016-10-14,45.2599983215332,45.93000030517578,45.119998931884766,45.33000183105469,623400,0.003992823495284847,0.0,0.010448809000488583,0.04255319336641472,4,10
2016-10-17,45.470001220703125,45.47999954223633,44.88999938964844,45.11000061035156,726000,0.004639922822754716,0.0,0.010264335182317669,0.035460976195974325,0,10
2016-10-18,46.130001068115234,46.27999877929688,45.56999969482422,45.9900016784668,761100,0.014515061132472695,1.0,0.009901876287655537,0.05108652299854266,1,10
2016-10-19,46.43000030517578,46.59999847412109,45.61000061035156,45.61000061035156,610400,0.006503343379887783,1.0,0.010248253261613204,0.06314823039892636,2,10
2016-10-20,46.33000183105469,46.59999847412109,46.02999877929688,46.369998931884766,649000,-0.0021537470054667773,-0.0,0.010225231438465515,0.07154392668175058,3,10
2016-10-21,46.38999938964844,46.41999816894531,46.02000045776367,46.209999084472656,629800,0.0012950044511661485,0.0,0.009713959812720425,0.05032875062309894,4,10
2016-10-24,46.119998931884766,47.31999969482422,46.04999923706055,46.709999084472656,1391100,-0.00582022981927266,-1.0,0.009548680454835414,0.0410681768392922,0,10
2016-10-25,45.52000045776367,46.34999847412109,45.33000183105469,46.13999938964844,1374700,-0.01300950754589647,-1.0,0.009350334917235277,0.04509399083625554,1,10
2016-10-26,43.54999923706055,45.220001220703125,43.09999847412109,45.13999938964844,3474700,-0.043277706522235615,-4.0,0.009635308404583178,0.040694986533875044,2,10
2016-10-27,45.59000015258789,47.5,45.209999084472656,46.0,5988900,0.046842731372342294,5.0,0.013480134630628405,-0.01693002286493417,3,10
2016-10-28,46.88999938964844,46.97999954223633,45.400001525878906,45.4900016784668,2262700,0.02851500839459309,3.0,0.017003949720816806,0.024264252342876436,4,10
2016-10-31,47.43999862670898,47.63999938964844,46.2599983215332,46.7599983215332,1942700,0.01172956374962042,1.0,0.01760615159631117,0.06859613145543819,0,10
2016-11-01,45.93000030517578,47.61000061035156,45.63999938964844,47.43999862670898,1630300,-0.03182964513584663,-3.0,0.01764670395518623,0.07063861783819858,1,11
2016-11-02,43.970001220703125,45.709999084472656,43.77999877929688,45.709999084472656,2289400,-0.04267361357391031,-4.0,0.01888963233457539,0.01817778061913944,2,11
2016-11-03,43.25,44.15999984741211,43.119998931884766,43.93999862670898,1616400,-0.01637482830826298,-2.0,0.021080432366329227,-0.03235029600423023,3,11
2016-11-04,44.02000045776367,44.540000915527344,43.56999969482422,43.790000915527344,1722400,0.01780347879222366,2.0,0.02115869359554479,-0.05752886085773079,4,11
2016-11-07,45.34999847412109,45.630001068115234,44.29999923706055,44.84999847412109,2089800,0.030213493923824997,3.0,0.021513206073731903,-0.048216206318623334,0,11
2016-11-08,46.68000030517578,46.810001373291016,44.81999969482422,45.18000030517578,2364900,0.02932749450506944,3.0,0.02260155444690932,-0.012842842190353698,1,11
2016-11-09,46.95000076293945,47.43999862670898,45.540000915527344,45.959999084472656,2230600,0.005784071465263718,1.0,0.023514383494933754,0.01522402718374205,2,11
2016-11-10,47.16999816894531,47.900001525878906,45.91999816894531,47.31999969482422,1690200,0.004685780669454687,0.0,0.023072793068779823,0.04102000779179438,3,11
2016-11-11,47.04999923706055,47.52999877929688,46.65999984741211,47.0,854100,-0.002543967278840542,-0.0,0.02307711799693872,0.044971174274370807,4,11
2016-11-14,47.59000015258789,47.900001525878906,47.34000015258789,47.52000045776367,1098400,0.011477171610706272,1.0,0.023088325444508884,0.0437000294141241,0,11
2016-11-15,47.52999877929688,47.790000915527344,47.02000045776367,47.45000076293945,1011900,-0.001260797921803447,-0.0,0.023173475592877944,0.051480378202889865,1,11
2016-11-16,47.58000183105469,47.900001525878906,46.27999877929688,47.02000045776367,1007100,0.0010520314126241104,0.0,0.023183911787868352,0.04530454152826824,2,11
2016-11-17,49.0099983215332,49.09000015258789,47.27999877929688,47.59999847412109,1327000,0.03005456989169719,3.0,0.023016788156767054,0.031432922813038555,3,11
2016-11-18,48.68000030517578,49.2400016784668,48.2599983215332,48.95000076293945,1386800,-0.0067332794870231805,-1.0,0.023820826434696737,0.05556747791082439,4,11
2016-11-21,48.52999877929688,48.97999954223633,48.34999847412109,48.58000183105469,1036600,-0.0030813789017776205,-0.0,0.023889780848422443,0.05072303866273331,0,11
2016-11-22,48.25,49.16999816894531,48.11000061035156,48.86000061035156,1409700,-0.005769602026372445,-1.0,0.023921088354426405,0.04613061905161331,1,11
2016-11-23,49.16999816894531,49.18999862670898,48.15999984741211,48.310001373291016,1023500,0.0190673195636335,2.0,0.02392021858344536,0.04618389239906673,2,11
2016-11-25,49.790000915527344,49.810001373291016,49.130001068115234,49.290000915527344,914800,0.012609370951199406,1.0,0.023909480392316735,0.080184483182691,4,11
2016-11-28,49.619998931884766,49.93000030517578,49.20000076293945,49.63999938964844,821200,-0.0034143800063590746,-0.0,0.02136440222706776,0.14328362314083876,0,11
2016-11-29,49.630001068115234,49.84999847412109,49.02999877929688,49.68000030517578,936100,0.00020157469660975202,0.0,0.01935290776810751,0.0883965511254361,1,11
2016-11-30,48.709999084472656,49.7599983215332,48.70000076293945,49.5099983215332,1548100,-0.01853721466537772,-2.0,0.01854518188366468,0.05843467080683484,2,11
2016-12-01,46.31999969482422,49.36000061035156,46.060001373291016,49.09999847412109,1906100,-0.049065888617729425,-5.0,0.01899313893098352,0.026770668097124695,3,12
2016-12-02,46.369998931884766,46.38999938964844,45.56999969482422,45.9900016784668,1409200,0.0010794308590234003,0.0,0.020789799949680297,0.00849116888868151,4,12
2016-12-05,46.369998931884766,47.400001525878906,46.13999938964844,46.63999938964844,1493400,0.0,0.0,0.018275473660285656,0.05458261643285134,0,12
2016-12-06,47.130001068115234,47.54999923706055,46.06999969482422,46.75,1429700,0.016389953714402106,2.0,0.017763343063925515,0.0721387036273935,1,12
2016-12-07,47.88999938964844,47.97999954223633,46.709999084472656,47.400001525878906,1022000,0.016125574035841916,2.0,0.01770892324952737,0.07064971781032914,2,12
2016-12-08,48.310001373291016,49.04999923706055,47.7599983215332,48.09999847412109,1327600,0.008770139674158406,1.0,0.01689057021813693,0.056008842359207556,3,12
2016-12-09,48.18999862670898,49.06999969482422,48.150001525878906,48.380001068115234,807600,-0.0024840145553873816,-0.0,0.015835072593383844,0.03491861734059376,4,12
2016-12-12,47.58000183105469,48.59999847412109,47.060001373291016,48.27000045776367,544300,-0.012658161714829363,-1.0,0.015832717626494082,0.02641102968305664,0,12
2016-12-13,48.220001220703125,48.43000030517578,47.58000183105469,47.650001525878906,776300,0.013451016498925883,1.0,0.01610081621319004,0.008692043205956734,1,12
2016-12-14,47.90999984741211,48.68000030517578,47.84999847412109,48.34000015258789,869600,-0.006428896006703488,-1.0,0.016324552173102243,0.02486720515653018,2,12
2016-12-15,48.52000045776367,49.02999877929688,47.790000915527344,47.959999084472656,970900,0.012732219000090694,1.0,0.016233711555835452,0.006724095267875763,3,12
2016-12-16,47.02999877929688,48.75,46.95000076293945,48.52000045776367,1161100,-0.03070902028873279,-3.0,0.01644594173126827,0.020828985985541726,4,12
2016-12-19,47.400001525878906,47.630001068115234,46.959999084472656,47.2400016784668,547000,0.007867377337566595,1.0,0.017852090473813968,-0.011559542467247774,0,12
2016-12-20,47.33000183105469,47.959999084472656,47.16999816894531,47.58000183105469,531800,-0.0014767867630974818,-0.0,0.01657010632975932,-0.032850374429556406,1,12
2016-12-21,46.83000183105469,47.66999816894531,46.70000076293945,47.5099983215332,544500,-0.010564123825406946,-1.0,0.016526054304990143,-0.027732096665117667,2,12
2016-12-22,46.150001525878906,46.709999084472656,45.720001220703125,46.66999816894531,875400,-0.014520612397773802,-1.0,0.01664871882139779,-0.03502981642289715,3,12
2016-12-23,46.619998931884766,46.65999984741211,46.11000061035156,46.2599983215332,367600,0.010184125470555028,1.0,0.01686736748631852,-0.04352328443774289,4,12
2016-12-27,46.630001068115234,47.02000045776367,46.33000183105469,46.54999923706055,789800,0.00021454604160497937,0.0,0.016418576246811197,-0.05186087720196564,1,12
2016-12-28,46.34999847412109,46.709999084472656,46.060001373291016,46.61000061035156,494100,-0.006004773484459713,-1.0,0.0160710527405711,-0.06346655531847245,2,12
2016-12-29,46.54999923706055,46.7599983215332,46.290000915527344,46.43999862670898,654200,0.004315011208708697,0.0,0.016084388151165894,-0.0659008570768519,3,12
2016-12-30,46.27000045776367,46.72999954223633,45.86000061035156,46.68000030517578,626800,-0.006015011469086229,-1.0,0.016151714727167806,-0.0620592739223903,4,12
2017-01-03,46.63999938964844,47.13999938964844,45.93000030517578,46.59000015258789,1415400,0.00799651887236319,1.0,0.015773034996550007,-0.05009235624245345,1,1
2017-01-04,46.84999847412109,47.400001525878906,46.63999938964844,46.65999984741211,1194800,0.004502553328061598,0.0,0.01170981465997022,0.006908456324104417,2,1
2017-01-05,47.11000061035156,47.27999877929688,46.56999969482422,46.900001525878906,1114100,0.005549672245434456,1.0,0.011743616748279478,0.010351510746019477,3,1
2017-01-06,48.25,48.5099983215332,46.84999847412109,47.150001525878906,988500,0.02419867066182846,2.0,0.011792806178412246,0.015958630483339453,4,1
2017-01-09,48.77999877929688,48.959999084472656,47.72999954223633,48.31999969482422,1481200,0.010984430659002786,1.0,0.012414966455082898,0.023764033662254214,0,1
2017-01-10,49.470001220703125,49.7400016784668,48.68000030517578,48.77000045776367,1406100,0.01414519185472174,1.0,0.012153715762939263,0.018584243077706564,1,1
2017-01-11,49.09000015258789,49.77999877929688,48.47999954223633,49.61000061035156,1053700,-0.007681444486324462,-1.0,0.012381159006412748,0.024011587961854985,2,1
2017-01-12,49.310001373291016,49.5,48.400001525878906,49.18999862670898,1022700,0.004481589326121194,0.0,0.012509842683532708,0.01867610607027692,3,1
2017-01-13,49.22999954223633,49.79999923706055,49.119998931884766,49.2599983215332,863300,-0.0016224260561067405,-0.0,0.012130556349702379,0.03635980402815342,4,1
2017-01-17,47.36000061035156,49.09000015258789,47.08000183105469,49.09000015258789,1778300,-0.03798494717190526,-4.0,0.011847628261425542,0.02094563036011632,1,1
2017-01-18,47.380001068115234,47.7599983215332,46.869998931884766,47.36000061035156,1362300,0.0004223069574729177,0.0,0.01453959728072068,-0.01147984217934106,2,1
2017-01-19,50.209999084472656,51.88999938964844,49.33000183105469,49.5,4845100,0.059729800602767336,6.0,0.014226422657251499,-0.02349545298625455,3,1
2017-01-20,49.560001373291016,50.470001220703125,49.119998931884766,50.040000915527344,1723500,-0.012945583012022976,-1.0,0.01798610163204088,0.06761642329822148,4,1
2017-01-23,50.5,50.75,49.66999816894531,49.66999816894531,1952500,0.018966880562186095,2.0,0.018291092262672955,0.04556961556705463,0,1
2017-01-24,52.15999984741211,52.27000045776367,50.540000915527344,50.650001525878906,1719900,0.03287128410717055,3.0,0.01862211278330591,0.0669765063661032,1,1
2017-01-25,53.0,53.0099983215332,52.20000076293945,52.5,1894000,0.016104297451020155,2.0,0.019406170282484026,0.11381588315085023,2,1
2017-01-26,52.81999969482422,54.130001068115234,52.52000045776367,53.459999084472656,1670700,-0.0033962321731279,-0.0,0.018986549415610933,0.14842899778193752,3,1
2017-01-27,52.22999954223633,53.209999084472656,52.04999923706055,52.84000015258789,977300,-0.01117001431269804,-1.0,0.01909582270325707,0.13299015240215062,4,1
2017-01-30,52.150001525878906,52.18999862670898,51.09999847412109,52.040000915527344,629100,-0.0015316488044908594,-0.0,0.019430962317187894,0.12009432438015266,0,1
2017-01-31,52.56999969482422,52.650001525878906,51.52999877929688,51.7599983215332,836800,0.008053655928214942,1.0,0.019321681637142433,0.12513491354257922,1,1
2017-02-01,52.18999862670898,52.959999084472656,51.97999954223633,52.56999969482422,1066000,-0.007228477654959042,-1.0,0.01932448286188511,0.12932332022405024,2,2
2017-02-02,53.52000045776367,53.959999084472656,52.060001373291016,52.20000076293945,1730200,0.025483844913803955,3.0,0.01936392962860167,0.12794463173496662,3,2
2017-02-03,53.970001220703125,54.27000045776367,53.25,53.540000915527344,1209100,0.008408085932184894,1.0,0.019827878496454097,0.14751288932568518,4,2
2017-02-06,53.79999923706055,54.09999847412109,53.5,53.7400016784668,1104800,-0.003149934774827501,-0.0,0.01982397410360828,0.15197444991412268,0,2
2017-02-07,53.81999969482422,54.150001525878906,53.650001525878906,53.880001068115234,797900,0.00037175572578629357,0.0,0.0199451131492201,0.14200803523740513,1,2
2017-02-08,54.220001220703125,54.2599983215332,53.5,53.869998931884766,1081800,0.0074322097388894726,1.0,0.019563843715313476,0.11544040818288526,2,2
2017-02-09,54.790000915527344,55.06999969482422,54.02999877929688,54.20000076293945,1221400,0.010512720066235826,1.0,0.019528432001077217,0.11152116805126044,3,2
2017-02-10,54.18000030517578,54.9900016784668,53.720001220703125,54.880001068115234,850000,-0.011133429460825073,-1.0,0.019461458242530805,0.10753991436324872,4,2
2017-02-13,54.29999923706055,54.56999969482422,53.900001525878906,54.5,668500,0.0022148196974687284,0.0,0.019588566771230068,0.1036871081028008,0,2
2017-02-14,54.459999084472656,54.4900016784668,53.720001220703125,54.060001373291016,565200,0.0029465902331524685,0.0,0.01959716943353689,0.10119646572292296,1,2
2017-02-15,54.70000076293945,54.88999938964844,54.060001373291016,54.13999938964844,1009300,0.004406935044096061,0.0,0.01954781910058212,0.1062360266274085,2,2
2017-02-16,53.65999984741211,54.65999984741211,53.4900016784668,54.18999862670898,1547900,-0.019012813547015006,-2.0,0.016896012423214684,0.15498310933263748,3,2
2017-02-17,54.2599983215332,54.27000045776367,53.43999862670898,53.5,859900,0.011181484827194499,1.0,0.017784266777388726,0.1325453490443893,4,2
2017-02-21,55.369998931884766,55.41999816894531,53.9900016784668,53.9900016784668,1277400,0.02045707048816947,2.0,0.012965858258238467,0.0806612091397747,1,2
2017-02-22,54.84999847412109,55.41999816894531,54.68999862670898,55.36000061035156,860300,-0.009391375614859143,-1.0,0.012859817957450961,0.11723158590800375,2,2
2017-02-23,54.66999816894531,55.22999954223633,54.45000076293945,54.84999847412109,915600,-0.0032816829568500516,-0.0,0.012849665664608961,0.08613858364596205,3,2
2017-02-24,55.09999847412109,55.18000030517578,54.06999969482422,54.33000183105469,742800,0.007865379908134518,1.0,0.011092775929462131,0.048121133605749655,4,2
2017-02-27,54.869998931884766,55.119998931884766,54.59000015258789,55.09999847412109,792300,-0.004174220482861646,-0.0,0.01071951174363383,0.039622612719265815,0,2
2017-02-28,53.88999938964844,54.58000183105469,53.84000015258789,54.58000183105469,1046100,-0.017860389307696067,-2.0,0.010740079590893273,0.038811042198120704,1,2
2017-03-01,55.75,55.93999862670898,54.41999816894531,54.7599983215332,1196300,0.034514763989937025,3.0,0.01123408927371362,0.031782497835745493,2,3
2017-03-02,54.95000076293945,55.7400016784668,54.869998931884766,55.70000076293945,717600,-0.014349762099740704,-1.0,0.013302875954577608,0.06903160822219023,3,3
2017-03-03,55.59000015258789,55.720001220703125,54.880001068115234,55.130001068115234,1081200,0.011646940505232628,1.0,0.013789287690953155,0.04527298995494489,4,3
2017-03-06,54.959999084472656,55.220001220703125,54.81999969482422,55.18000030517578,903800,-0.011332992739448766,-1.0,0.01375908320059171,0.0651466107557801,0,3
2017-03-07,54.79999923706055,55.09999847412109,54.59000015258789,54.84000015258789,555000,-0.002911205423533403,-0.0,0.013093771299778009,0.026905803706885,1,3
2017-03-08,55.56999969482422,56.18000030517578,54.43999862670898,54.77999877929688,1885300,0.01405110343948568,1.0,0.013021315328497913,0.015378877109215816,2,3
2017-03-09,54.97999954223633,55.560001373291016,54.65999984741211,55.5,964400,-0.010617242321900644,-1.0,0.013298013150324878,0.0328996372279573,3,3
2017-03-10,55.220001220703125,55.43000030517578,54.88999938964844,55.369998931884766,551200,0.00436525428274015,0.0,0.013563415525126684,0.02155332318821368,4,3
2017-03-13,55.77000045776367,55.83000183105469,55.20000076293945,55.20000076293945,697300,0.009960145326008085,1.0,0.013508258330242016,0.018443378411769018,0,3
2017-03-14,55.68000030517578,55.81999969482422,55.2400016784668,55.52999877929688,672000,-0.0016137735673150688,-0.0,0.013489238696235658,0.017886466980485016,1,3
2017-03-15,56.43000030517578,56.5,55.77000045776367,56.15999984741211,878500,0.01346982751238035,1.0,0.013220828843042575,0.027685492645829868,2,3
2017-03-16,56.27000045776367,56.72999954223633,56.08000183105469,56.720001220703125,422900,-0.0028353685370693382,-0.0,0.013481746947419843,0.039226539558797624,3,3
2017-03-17,56.18999862670898,56.650001525878906,55.869998931884766,56.41999816894531,1044900,-0.001421749251890314,-0.0,0.013518723540925657,0.033235427905232484,4,3
2017-03-20,55.63999938964844,56.43000030517578,55.59999847412109,56.43000030517578,1014900,-0.009788205205598755,-1.0,0.013519010242278143,0.027239448683500367,0,3
2017-03-21,53.66999816894531,56.08000183105469,53.47999954223633,56.02000045776367,1514200,-0.03540620493014657,-4.0,0.01296209935036589,0.03689898523791779,1,3
2017-03-22,53.59999847412109,54.0,52.68999862670898,53.650001525878906,2848500,-0.0013042611740711196,-0.0,0.01508948539022132,-0.010873574840376432,2,3
2017-03-23,52.09000015258789,54.72999954223633,50.95000076293945,53.61000061035156,8256900,-0.028171611278351882,-3.0,0.014311840644979073,-0.031966777892502796,3,3
2017-03-24,51.93999862670898,53.060001373291016,51.84000015258789,52.459999084472656,3013300,-0.0028796606918700673,-0.0,0.015379893003224352,-0.05031902275868605,4,3
2017-03-27,52.619998931884766,52.70000076293945,50.68000030517578,51.209999084472656,1964200,0.013092035486233389,1.0,0.015378915862262007,-0.04993597281272788,0,3
2017-03-28,52.720001220703125,53.380001068115234,52.220001220703125,52.66999816894531,1423500,0.0019004616276752095,0.0,0.015592859800876026,-0.04500906734872423,1,3
2017-03-29,53.06999969482422,53.20000076293945,52.58000183105469,52.84999847412109,736700,0.006638817640687966,1.0,0.015608300682259683,-0.03918348374401526,2,3
2017-03-30,52.470001220703125,53.22999954223633,52.400001525878906,53.060001373291016,907200,-0.011305793811406617,-1.0,0.015258371750310437,-0.015216175619065408,3,3
2017-03-31,52.54999923706055,52.70000076293945,51.68000030517578,52.34999847412109,1089600,0.0015246429292221642,0.0,0.013107697349667354,-0.05883405882146864,4,3
2017-04-03,52.2599983215332,52.90999984741211,51.70000076293945,52.790000915527344,1337900,-0.005518571260469618,-1.0,0.01286382584680328,-0.04367609631586333,0,4
2017-04-04,51.86000061035156,52.4900016784668,51.68000030517578,52.130001068115234,914100,-0.007653993953857907,-1.0,0.01249026753176198,-0.059902893000795654,1,4
2017-04-05,51.2400016784668,52.34000015258789,51.220001220703125,52.11000061035156,1360800,-0.011955243435940344,-1.0,0.012390918947162675,-0.05640463110918992,2,4
2017-04-06,51.97999954223633,52.09999847412109,51.0,51.2599983215332,905100,0.01444180014694485,1.0,0.012555186083499073,-0.0649634600028638,3,4
2017-04-07,51.88999938964844,52.27999877929688,51.68999862670898,51.9900016784668,537200,-0.0017314381181315897,-0.0,0.012582159653702414,-0.06460320626782845,4,4
2017-04-10,52.18000030517578,52.540000915527344,51.619998931884766,51.84000015258789,929000,0.005588763132365671,1.0,0.012465554437373697,-0.05620225860886219,0,4
2017-04-11,52.560001373291016,52.56999969482422,51.470001220703125,52.18999862670898,1047300,0.007282504137462453,1.0,0.012502912359826196,-0.055052532566543744,1,4
2017-04-12,52.06999969482422,53.02000045776367,52.060001373291016,52.369998931884766,1197100,-0.00932271053394218,-1.0,0.012381291072591671,-0.0575578099000319,2,4
2017-04-13,51.540000915527344,52.70000076293945,51.38999938964844,51.38999938964844,1158100,-0.010178582339218978,-1.0,0.012460101522931312,-0.06483478072136417,3,4
2017-04-17,52.459999084472656,52.470001220703125,51.400001525878906,51.84999847412109,1572200,0.017850177582518167,2.0,0.011944501748544174,-0.08665602273973272,0,4
2017-04-18,53.22999954223633,53.459999084472656,52.45000076293945,52.459999084472656,1655000,0.014677858772429442,1.0,0.012882118229423978,-0.06770928278471944,1,4
2017-04-19,53.68999862670898,53.9900016784668,53.220001220703125,53.220001220703125,2314400,0.008641726252649251,1.0,0.01346255513467927,-0.052678397522965326,2,4
2017-04-20,52.97999954223633,54.20000076293945,51.880001068115234,54.09999847412109,3455000,-0.013224047357666469,-1.0,0.013563113032977058,-0.03504674306848121,3,4
2017-04-21,51.93000030517578,52.93999862670898,51.72999954223633,52.86000061035156,1948900,-0.019818785317721188,-2.0,0.011507364389665422,-0.012856319177372955,4,4
2017-04-24,53.34999847412109,53.40999984741211,52.0099983215332,52.09999847412109,1274600,0.02734446679376923,3.0,0.012252921962445573,-0.03115668314340725,0,4
2017-04-25,53.68999862670898,54.20000076293945,53.130001068115234,53.7599983215332,1115300,0.006373011477269541,1.0,0.012184537554092966,0.024188871527015987,1,4
2017-04-26,53.880001068115234,54.08000183105469,53.33000183105469,53.84000015258789,765800,0.0035388796100981335,0.0,0.012196572129824062,0.03369272326280148,2,4
2017-04-27,54.08000183105469,54.31999969482422,53.34999847412109,54.0099983215332,606700,0.0037119665733973406,0.0,0.011923562049231902,0.023945309042318952,3,4
2017-04-28,54.04999923706055,54.22999954223633,53.61000061035156,54.20000076293945,898500,-0.0005547816748946444,-0.0,0.011935468154532962,0.025796672588419556,4,4
2017-05-01,54.81999969482422,54.869998931884766,53.9900016784668,54.09000015258789,1032100,0.014246077125486867,1.0,0.011877101391926402,0.018466168228222335,0,5
2017-05-02,54.7400016784668,55.310001373291016,54.70000076293945,54.790000915527344,1250300,-0.0014592852390142852,-0.0,0.011868827006232669,0.04478746749473772,1,5
2017-05-03,53.58000183105469,54.720001220703125,53.52000045776367,54.59999847412109,1066800,-0.021191081692429337,-2.0,0.011894589703491828,0.041674642686992946,2,5
2017-05-04,53.9900016784668,54.2599983215332,53.68000030517578,53.93999862670898,739600,0.00765210588653753,1.0,0.012844539136683127,0.02525839173204858,3,5
2017-05-05,54.34000015258789,54.4900016784668,53.93999862670898,54.18000030517578,901000,0.006482653514357839,1.0,0.012746906904760187,0.041072137351461535,4,5
2017-05-08,53.33000183105469,54.9900016784668,53.20000076293945,54.27000045776367,1098600,-0.01858664554098466,-2.0,0.012367258778002153,0.06049957791909755,0,5
2017-05-09,53.81999969482422,53.93000030517578,53.41999816894531,53.43000030517578,814700,0.009188033882350233,1.0,0.012910793853182834,0.025971571771973956,1,5
2017-05-10,53.31999969482422,53.970001220703125,53.08000183105469,53.79999923706055,825900,-0.009290226734209428,-1.0,0.013002118719156897,0.03719407068562797,2,5
2017-05-11,53.02999877929688,53.84999847412109,52.650001525878906,53.560001373291016,1201000,-0.0054388769164881445,-1.0,0.013190574062878067,0.02184743930588584,3,5
2017-05-12,52.95000076293945,53.06999969482422,52.4900016784668,52.9900016784668,794600,-0.0015085426777090571,-0.0,0.013185164199575092,0.008942111752772819,4,5
2017-05-15,52.619998931884766,53.34000015258789,52.380001068115234,52.97999954223633,1537800,-0.006232329108589174,-1.0,0.013002896591622033,0.016900347095694546,0,5
2017-05-16,53.52000045776367,53.560001373291016,52.41999816894531,52.459999084472656,804800,0.017103792173084997,2.0,0.012862866694021936,0.020954559510534487,1,5
2017-05-17,51.630001068115234,53.08000183105469,51.56999969482422,52.86000061035156,792600,-0.035313889639069895,-4.0,0.012815115268457161,0.020205897670416917,2,5
2017-05-18,51.13999938964844,51.91999816894531,51.02000045776367,51.790000915527344,788500,-0.009490638549868313,-1.0,0.014663344039140505,-0.03005820942852999,3,5
2017-05-19,55.0,55.95000076293945,51.540000915527344,51.68999862670898,4179800,0.07547908987916196,8.0,0.01457922633865347,-0.04749486500809852,4,5
2017-05-22,55.93000030517578,56.0,54.7400016784668,55.09999847412109,1262900,0.016909096457741413,2.0,0.02212597460349112,0.03812760428873352,0,5
2017-05-23,55.900001525878906,56.5099983215332,55.54999923706055,55.9900016784668,878500,-0.0005363629381940349,-0.0,0.021762743065443346,0.07702676634880223,1,5
2017-05-24,57.13999938964844,57.43999862670898,56.11000061035156,56.11000061035156,1621600,0.02218242987337793,2.0,0.021092134539460333,0.04779762183113778,2,5
2017-05-25,58.13999938964844,59.0,57.45000076293945,57.45000076293945,2086200,0.017500875230691104,2.0,0.02151765992849502,0.06425779197586357,3,5
2017-05-26,58.0,58.540000915527344,57.7599983215332,58.20000076293945,976800,-0.0024079702634699496,-0.0,0.021743644477849825,0.07906455525395595,4,5
2017-05-30,57.970001220703125,58.15999984741211,57.72999954223633,57.869998931884766,633900,-0.0005172203327047376,-0.0,0.02178655910501893,0.07248517078811023,1,5
2017-05-31,57.58000183105469,58.41999816894531,57.540000915527344,58.02000045776367,790700,-0.006727607062895102,-1.0,0.021786206046109452,0.07252547713182467,2,5
2017-06-01,57.790000915527344,58.220001220703125,57.380001068115234,57.84999847412109,1261100,0.0036470836713207166,0.0,0.021752577815129247,0.05034662808455015,3,6
2017-06-02,59.06999969482422,59.290000915527344,57.75,57.9900016784668,1169600,0.02214913928047646,2.0,0.021733913676340328,0.055717923703687555,4,6
2017-06-05,58.869998931884766,59.20000076293945,58.59000015258789,58.72999954223633,854700,-0.0033858263750249362,-0.0,0.02139649799094632,0.1024635624515331,0,6
2017-06-06,59.2599983215332,59.91999816894531,58.040000915527344,58.65999984741211,1278100,0.006624756186927705,1.0,0.021460186424187518,0.09038705504179112,1,6
2017-06-07,59.220001220703125,59.5099983215332,58.81999969482422,59.2599983215332,791400,-0.0006749426588414931,-0.0,0.021460917173305876,0.09054100395895937,2,6
2017-06-08,59.68999862670898,59.79999923706055,58.959999084472656,59.310001373291016,699400,0.007936463970242835,1.0,0.020851025418683163,0.11044438753832231,3,6
2017-06-09,56.9900016784668,60.150001525878906,55.68000030517578,59.81999969482422,1863400,-0.045233657402599325,-5.0,0.020840851211976263,0.10906724201355322,4,6
2017-06-12,56.04999923706055,56.77000045776367,54.060001373291016,56.4900016784668,2084300,-0.016494164129169042,-2.0,0.023403855234014684,0.06882974502340122,0,6
2017-06-13,57.869998931884766,57.880001068115234,56.54999923706055,56.66999816894531,1482500,0.032471003025827505,3.0,0.023735354295885972,0.056948906793916176,1,6
2017-06-14,57.59999847412109,58.400001525878906,57.18000030517578,57.86000061035156,1411100,-0.004665637856352434,-0.0,0.024563197912429117,0.09291781110584796,2,6
2017-06-15,56.970001220703125,57.13999938964844,53.93999862670898,56.720001220703125,1174900,-0.010937452606027631,-1.0,0.024531255573043653,0.09464081420227322,3,6
2017-06-16,57.13999938964844,57.43000030517578,56.220001220703125,56.88999938964844,1302900,0.002983994476088103,0.0,0.024579621851609924,0.06446189711194195,4,6
2017-06-19,57.43000030517578,57.97999954223633,57.02000045776367,57.59999847412109,827400,0.005075269839430296,1.0,0.022940405626406576,0.10672086398495106,0,6
2017-06-20,56.81999969482422,57.810001373291016,56.650001525878906,57.31999969482422,628900,-0.01062163689900919,-1.0,0.022696534814382063,0.12299571745400817,1,6
2017-06-21,57.38999938964844,57.66999816894531,56.810001373291016,57.060001373291016,786200,0.010031673669229857,1.0,0.016371736329806607,0.03309090354225863,2,6
2017-06-22,57.79999923706055,58.09999847412109,57.18000030517578,57.47999954223633,977900,0.007144099177078367,1.0,0.016118694429896427,0.026104042133136662,3,6
2017-06-23,58.88999938964844,59.38999938964844,57.70000076293945,57.70000076293945,2382900,0.01885813437673889,2.0,0.016160776081531547,0.03398922467474419,4,6
2017-06-26,58.4900016784668,60.220001220703125,58.43999862670898,59.29999923706055,1090700,-0.006792285877522897,-1.0,0.015965399460248438,0.03062653165370932,0,6
2017-06-27,56.209999084472656,58.27999877929688,56.040000915527344,58.2599983215332,1153300,-0.03898106562772641,-4.0,0.015629167678890478,0.00601999127094377,1,6
2017-06-28,57.0,57.16999816894531,55.880001068115234,56.66999816894531,1034700,0.014054455228510676,1.0,0.01783945997965035,-0.030862084750471475,2,6
2017-06-29,55.5099983215332,56.970001220703125,54.70000076293945,56.970001220703125,956100,-0.026140380323978918,-3.0,0.018153630493252377,-0.016732813529020674,3,6
2017-06-30,55.119998931884766,55.869998931884766,54.9900016784668,55.720001220703125,1429600,-0.007025750341216441,-1.0,0.0189554337376914,-0.03595004243999633,4,6
2017-07-03,53.88999938964844,55.66999816894531,53.83000183105469,55.400001525878906,1305400,-0.02231494132930434,-2.0,0.01895166442985509,-0.0462017986043185,0,7
2017-07-05,56.11000061035156,56.22999954223633,53.459999084472656,54.15999984741211,1475700,0.0411950500249878,4.0,0.01859005896380566,-0.08769257375888662,2,7
2017-07-06,55.52999877929688,56.060001373291016,54.959999084472656,55.5099983215332,1257300,-0.010336870874096515,-1.0,0.021067435595142455,-0.046882934798871734,3,7
2017-07-07,56.790000915527344,57.34000015258789,55.72999954223633,55.7599983215332,985400,0.0226904765699405,2.0,0.02104248034197251,-0.06294295727107635,4,7
2017-07-10,56.810001373291016,57.15999984741211,56.119998931884766,56.709999084472656,816100,0.0003521827336017136,0.0,0.02177002988243344,-0.041033438957888135,0,7
2017-07-11,57.380001068115234,57.560001373291016,56.54999923706055,56.79999923706055,886400,0.010033439201643901,1.0,0.02166365777258314,-0.04824924308390377,1,7
2017-07-12,58.02000045776367,58.650001525878906,57.59999847412109,58.2400016784668,848100,0.011153701250174342,1.0,0.019404421611428198,0.00684329493178093,2,7
2017-07-13,57.369998931884766,58.29999923706055,57.119998931884766,58.16999816894531,884900,-0.011203059647544866,-1.0,0.01912945570015506,0.03514721226616091,3,7
2017-07-14,58.060001373291016,58.18999862670898,57.369998931884766,57.709999084472656,1107600,0.01202723469152378,1.0,0.017969472615754864,-0.008640055455824691,4,7
2017-07-17,57.4900016784668,58.04999923706055,56.91999816894531,57.90999984741211,1378600,-0.00981742475614944,-1.0,0.018133277385853554,0.007986161655483492,0,7
2017-07-18,58.04999923706055,58.13999938964844,56.95000076293945,57.25,940000,0.00974078174020132,1.0,0.018099460718978753,0.00912761886293767,1,7
2017-07-19,58.91999816894531,59.290000915527344,58.0,58.400001525878906,2101100,0.014987061900413101,1.0,0.018203923215697294,0.015925793789507203,2,7
2017-07-20,54.09999847412109,55.84999847412109,53.5,54.29999923706055,8866300,-0.08180583578776623,-8.0,0.018444213171257925,0.025944590908094645,3,7
2017-07-21,55.220001220703125,55.38999938964844,53.65999984741211,54.0099983215332,3511000,0.020702454310008722,2.0,0.02582508589428205,-0.04787048988581566,4,7
2017-07-24,55.72999954223633,55.79999923706055,54.400001525878906,55.2400016784668,1739500,0.00923575353602124,1.0,0.02617639305995632,-0.0378114339087573,0,7
2017-07-25,55.7400016784668,55.93999862670898,55.150001525878906,55.79999923706055,1627500,0.0001794749024335296,0.0,0.0262148759462328,-0.03581314398179025,1,7
2017-07-26,55.880001068115234,56.36000061035156,55.459999084472656,55.91999816894531,1237100,0.002511650258929299,0.0,0.025806885276508283,-0.05348951848920114,2,7
2017-07-27,55.20000076293945,56.40999984741211,54.18000030517578,56.2599983215332,1473700,-0.012168938657443729,-1.0,0.02580556925926486,-0.04462302163537879,3,7
2017-07-28,55.31999969482422,55.650001525878906,54.25,54.88999938964844,815000,0.0021738936635185002,0.0,0.0245069928701813,-0.01796830346884315,4,7
2017-07-31,55.18999862670898,55.619998931884766,54.84999847412109,55.560001373291016,1022100,-0.0023499831676139227,-0.0,0.024288690931506617,-0.02947368956448737,0,7
2017-08-01,55.47999954223633,55.61000061035156,55.040000915527344,55.36000061035156,1036500,0.005254591823580901,1.0,0.023609377891610515,-0.005764721752839486,1,8
2017-08-02,54.43999862670898,55.88999938964844,54.310001373291016,55.88999938964844,1114800,-0.018745510528269005,-2.0,0.02357877133380569,0.006531215844115534,2,8
2017-08-03,54.11000061035156,54.540000915527344,53.52999877929688,54.43999862670898,1349100,-0.006061683039710997,-1.0,0.0234177697831525,0.01020596109277716,3,8
2017-08-04,54.060001373291016,54.45000076293945,53.88999938964844,54.27999877929688,698800,-0.0009240295046490932,-0.0,0.021531794605413743,-0.0356442697958379,4,8
2017-08-07,54.150001525878906,54.380001068115234,53.86000061035156,54.06999969482422,371600,0.0016648196504183144,0.0,0.021436345360869653,-0.026472131070060856,0,8
2017-08-08,53.68000030517578,54.470001220703125,53.58000183105469,54.09999847412109,655200,-0.008679616019558356,-1.0,0.020752203767356817,-0.046487046083611094,1,8
2017-08-09,53.84000015258789,54.0099983215332,53.040000915527344,53.380001068115234,948200,0.002980623071954014,0.0,0.020793470124243017,-0.05509595128414824,2,8
2017-08-10,52.540000915527344,53.720001220703125,52.33000183105469,53.36000061035156,1286500,-0.024145602402975808,-2.0,0.02063761617007788,-0.0616939848314928,3,8
2017-08-11,53.34000015258789,53.52999877929688,52.20000076293945,52.52999877929688,838800,0.015226479313290575,2.0,0.020879009915556964,-0.09445018095485125,4,8
2017-08-14,53.41999816894531,53.959999084472656,53.25,53.81999969482422,780500,0.0014997753304943906,0.0,0.02124789235114845,-0.07024575308222825,0,8
2017-08-15,53.38999938964844,53.619998931884766,53.18000030517578,53.5,702700,-0.0005615645886396514,-0.0,0.02099236095656405,-0.07991738020316708,1,8
2017-08-16,54.0099983215332,54.27999877929688,53.43000030517578,53.5,748800,0.011612641673956814,1.0,0.02095551630983406,-0.07131678846956857,2,8
2017-08-17,52.9900016784668,54.13999938964844,52.95000076293945,53.869998931884766,655500,-0.018885330027121006,-2.0,0.021017645820890888,-0.0695951932579546,3,8
2017-08-18,53.52000045776367,53.79999923706055,52.54999923706055,52.900001525878906,998600,0.01000186379522705,1.0,0.020850377701304858,-0.10064488585819431,4,8
2017-08-21,53.43000030517578,53.7400016784668,53.11000061035156,53.47999954223633,409600,-0.001681617186437001,-0.0,0.011372875179925317,-0.010720850881998811,0,8
2017-08-22,54.56999969482422,54.68999862670898,53.4900016784668,53.68000030517578,699600,0.021336316360417662,2.0,0.010288383728395944,-0.032415807242978434,1,8
2017-08-23,54.2599983215332,54.720001220703125,54.13999938964844,54.22999954223633,502000,-0.005680802181137201,-1.0,0.011217626127646417,-0.020814639457030215,2,8
2017-08-24,54.72999954223633,54.77000045776367,54.040000915527344,54.560001373291016,553900,0.00866202055366827,1.0,0.011261165991708549,-0.026551907290403687,3,8
2017-08-25,55.15999984741211,55.7599983215332,54.88999938964844,55.0,947100,0.00785675696642274,1.0,0.011441604351444553,-0.020579840799879512,4,8
2017-08-28,54.83000183105469,55.20000076293945,54.470001220703125,55.150001525878906,576800,-0.005982560139055293,-1.0,0.011291349968665577,-0.0007246542567840297,0,8
2017-08-29,54.72999954223633,54.93000030517578,54.18000030517578,54.290000915527344,538600,-0.0018238607601454015,-0.0,0.011353896447420008,-0.00885751747058261,1,8
2017-08-30,55.7599983215332,55.880001068115234,54.540000915527344,54.65999984741211,681500,0.01881963800313935,2.0,0.011349870241456169,-0.00833482688745768,2,8
2017-08-31,56.0,56.27999877929688,55.75,55.77000045776367,851800,0.0043041909198571204,0.0,0.012048524072815009,0.005046841773740818,3,8
2017-09-01,55.900001525878906,56.470001220703125,55.790000915527344,56.25,528200,-0.0017856870378766265,-0.0,0.01124928196044167,0.028655426389479377,4,9
2017-09-05,55.93000030517578,56.09000015258789,55.43999862670898,55.900001525878906,593100,0.0005366507777819773,0.0,0.01114556351460291,0.033080777958537144,1,9
2017-09-06,55.90999984741211,56.290000915527344,55.79999923706055,56.20000076293945,652100,-0.00035759802707924226,-0.0,0.011133508600059353,0.03459117433187231,2,9
2017-09-07,55.61000061035156,56.20000076293945,55.47999954223633,56.060001373291016,750500,-0.0053657527790966775,-1.0,0.01114238785724763,0.032502276490095294,3,9
2017-09-08,55.400001525878906,56.06999969482422,55.34000015258789,55.619998931884766,563700,-0.0037762827219528505,-0.0,0.011012479321350955,0.03595380577875473,4,9
2017-09-11,56.04999923706055,56.43000030517578,55.5,55.95000076293945,764800,0.011732810347992562,1.0,0.01107300155024836,0.028974765395056057,0,9
2017-09-12,56.27000045776367,56.31999969482422,55.58000183105469,56.09999847412109,925800,0.003925088736801641,0.0,0.0096013500512215,0.06680620975200413,1,9
2017-09-13,56.04999923706055,56.31999969482422,55.65999984741211,56.18000030517578,729700,-0.0039097426499624666,-0.0,0.009197550563682008,0.05493063923498376,2,9
2017-09-14,55.15999984741211,56.0,55.04999923706055,55.91999816894531,692800,-0.01587866907694735,-2.0,0.009304734333273302,0.049232518874254394,3,9
2017-09-15,54.650001525878906,55.130001068115234,54.369998931884766,55.06999969482422,1650900,-0.009245799908339403,-1.0,0.010108543041599754,0.03315228466001541,4,9
2017-09-18,54.95000076293945,55.52000045776367,54.70000076293945,54.7599983215332,840600,0.005489464385805887,1.0,0.010100576059361252,0.011849717167840446,0,9
2017-09-19,55.43999862670898,55.560001373291016,54.810001373291016,54.90999984741211,438100,0.008917158452525387,1.0,0.009099179913515307,0.0369880925153685,1,9
2017-09-20,56.22999954223633,56.65999984741211,55.47999954223633,55.790000915527344,1308600,0.014249656116455123,1.0,0.009053078014047596,0.03587440494251326,2,9
2017-09-21,56.22999954223633,56.43000030517578,55.900001525878906,56.130001068115234,624300,0.0,0.0,0.009414198432123403,0.0524050013301105,3,9
2017-09-22,56.93999862670898,57.20000076293945,56.0099983215332,56.18999862670898,1098000,0.01262669554068463,1.0,0.008370598914350507,0.030419641867242886,4,9
2017-09-25,56.220001220703125,57.34999847412109,55.84999847412109,56.84999847412109,1082700,-0.012644844105565545,-1.0,0.008541182077943158,0.049391824328756107,0,9
2017-09-26,55.619998931884766,56.58000183105469,55.38999938964844,56.31999969482422,719900,-0.010672399071336325,-1.0,0.00900471908241303,0.027224587811606415,1,9
2017-09-27,56.02000045776367,56.2400016784668,55.43999862670898,55.90999984741211,839200,0.007191685249199109,1.0,0.009236831294200698,0.008339359785082268,2,9
2017-09-28,56.02999877929688,56.31999969482422,55.29999923706055,56.0,510500,0.00017847771245116384,0.0,0.009226469835452736,0.021703421246923815,3,9
2017-09-29,56.27999877929688,56.63999938964844,56.0,56.040000915527344,665200,0.004461895510381009,0.0,0.009205461998778326,0.023752955379751306,4,9
2017-10-02,56.27999877929688,56.959999084472656,55.7400016784668,56.369998931884766,898800,0.0,0.0,0.008318651798037497,0.009325689982362606,0,10
2017-10-03,56.63999938964844,56.66999816894531,56.27999877929688,56.369998931884766,404100,0.006396599469792097,1.0,0.008272487239365392,0.004999978201730038,1,10
2017-10-04,57.0,57.02000045776367,56.33000183105469,56.63999938964844,292400,0.006355943047862356,1.0,0.008363013811765218,0.013237886289268586,2,10
2017-10-05,57.75,57.91999816894531,57.02999877929688,57.34000015258789,858700,0.013157894736842035,1.0,0.008454639827748366,0.019131051117215803,3,10
2017-10-06,58.31999969482422,58.38999938964844,57.2400016784668,57.54999923706055,547300,0.00987012458570069,1.0,0.008856065262712442,0.03291003680217419,4,10
2017-10-09,58.58000183105469,58.63999938964844,58.0,58.27999877929688,2362900,0.004458198518364265,0.0,0.00888260177295678,0.048732225404223506,0,10
2017-10-10,58.97999954223633,59.13999938964844,58.540000915527344,58.77999877929688,789300,0.006828229748698789,1.0,0.008781860229980893,0.05740072594926393,1,10
2017-10-11,59.33000183105469,59.36000061035156,58.400001525878906,58.63999938964844,1901000,0.005934253840875536,1.0,0.008592752629322709,0.052274760839576384,2,10
2017-10-12,59.58000183105469,59.81999969482422,59.15999984741211,59.40999984741211,880900,0.004213719741858135,0.0,0.008620966824891375,0.054380688615559114,3,10
2017-10-13,60.040000915527344,60.13999938964844,59.560001373291016,59.790000915527344,1405900,0.007720696044572595,1.0,0.008497506860175977,0.06297952974208232,4,10
2017-10-16,60.02000045776367,60.34999847412109,59.95000076293945,60.18000030517578,766400,-0.000333118878392602,-0.0,0.007368892215629853,0.08846992533746678,0,10
2017-10-17,60.2599983215332,60.31999969482422,59.18000030517578,59.880001068115234,749500,0.00399863148848878,0.0,0.006798127447321799,0.09826164285360295,1,10
2017-10-18,60.63999938964844,60.84000015258789,60.119998931884766,60.2599983215332,655000,0.006306025202450938,1.0,0.006795009483729371,0.09663325723145455,2,10
2017-10-19,60.119998931884766,60.41999816894531,59.81999969482422,60.02000045776367,1087600,-0.00857520552436608,-1.0,0.006732285360003586,0.09379510988000428,3,10
2017-10-20,60.720001220703125,61.130001068115234,60.2400016784668,60.45000076293945,735700,0.009980078168300599,1.0,0.006886351458352865,0.06918014265190453,4,10
2017-10-23,60.7599983215332,61.09999847412109,60.470001220703125,60.68000030517578,1031400,0.0006587137685438726,0.0,0.006997011067764413,0.07985064405156539,0,10
2017-10-24,61.09000015258789,61.650001525878906,60.56999969482422,60.84999847412109,1269500,0.005431235025853187,1.0,0.006714258472218155,0.06708815923701783,1,10
2017-10-25,60.09000015258789,61.38999938964844,59.95000076293945,61.0,2245900,-0.016369291168804145,-2.0,0.005669818285672536,0.08662395635259035,2,10
2017-10-26,64.66999816894531,65.4000015258789,62.72999954223633,63.9900016784668,4077500,0.07621897162135682,8.0,0.006483757566458173,0.08036679803207702,3,10
2017-10-27,66.43000030517578,66.5199966430664,64.51000213623047,64.91999816894531,2452200,0.027215125808919938,3.0,0.017116679995812924,0.15440909747409437,4,10
2017-10-30,66.16000366210938,66.33000183105469,65.30999755859375,66.12000274658203,1405500,-0.004064378169894023,-0.0,0.017588635739080274,0.1856148804651001,0,10
2017-10-31,66.44999694824219,66.94999694824219,66.12999725341797,66.38999938964844,971600,0.004383211458298231,0.0,0.017778618728744956,0.17555090790881378,1,10
2017-11-01,65.80999755859375,66.87999725341797,65.11000061035156,66.87999725341797,1529600,-0.009631292987822615,-1.0,0.01770711198859024,0.18070359611817244,2,11
2017-11-02,66.44999694824219,67.12000274658203,65.54000091552734,65.81999969482422,1132100,0.009724956896991488,1.0,0.018124045670891334,0.16189968693080936,3,11
2017-11-03,66.25,66.62999725341797,65.4000015258789,66.5,1012300,-0.003009736003418695,-0.0,0.018129978537789523,0.16578942014459974,4,11
2017-11-06,65.5,65.8499984741211,65.01000213623047,65.69000244140625,910300,-0.01132075471698113,-1.0,0.018219966091238146,0.1471861471861471,0,11
2017-11-07,65.12999725341797,65.61000061035156,64.83999633789062,65.41000366210938,1257100,-0.005648896894382194,-1.0,0.018618781799353095,0.12311386047234474,1,11
2017-11-08,65.04000091552734,65.30999755859375,64.73999786376953,65.18000030517578,894100,-0.0013817955118353709,-0.0,0.018782488349978678,0.11181282379016544,2,11
2017-11-09,64.66000366210938,64.79000091552734,63.790000915527344,64.58999633789062,1010700,-0.0058425161142218185,-1.0,0.018832760192298313,0.10274671787597023,3,11
2017-11-10,64.79000091552734,64.87999725341797,64.19000244140625,64.37000274658203,564000,0.0020104739569346552,0.0,0.018973085776999986,0.0898365357586226,4,11
2017-11-13,64.58000183105469,64.69000244140625,64.08999633789062,64.37000274658203,739700,-0.0032412267557527796,-0.0,0.018979504380581796,0.08744543344000144,0,11
2017-11-14,64.27999877929688,64.66000366210938,64.0999984741211,64.33000183105469,412000,-0.00464544817670709,-0.0,0.019027513330623486,0.07561626992502624,1,11
2017-11-15,63.91999816894531,64.19000244140625,63.41999816894531,64.08000183105469,628600,-0.0056005074235861985,-1.0,0.019095720909307973,0.07097631271314264,2,11
2017-11-16,65.19999694824219,65.2300033569336,63.560001373291016,63.560001373291016,717500,0.020025012765390704,2.0,0.019196253075622043,0.06073680632852341,3,11
2017-11-17,65.12000274658203,65.33999633789062,64.66000366210938,65.29000091552734,737400,-0.0012269049908646412,-0.0,0.019545340962946963,0.0751978496782797,4,11
2017-11-20,65.37000274658203,65.8499984741211,64.81999969482422,65.0,838800,0.003839066177145023,0.0,0.019380915282651075,0.0831670642636273,0,11
2017-11-21,65.02999877929688,65.80000305175781,64.9000015258789,65.5999984741211,682000,-0.005201223083976858,-1.0,0.019332188686408135,0.0765810512581715,1,11
2017-11-22,65.0999984741211,65.41999816894531,64.58999633789062,65.0,497100,0.0010764215921605924,0.0,0.019420246318518845,0.07027650717117284,2,11
2017-11-24,65.7699966430664,65.81999969482422,65.05999755859375,65.33999633789062,158800,0.01029183079338547,1.0,0.01942086365484196,0.06564083011159294,4,11
2017-11-27,65.45999908447266,66.22000122070312,65.44000244140625,65.83000183105469,504800,-0.004713358285178382,-0.0,0.01894282186815803,0.09452482070319812,0,11
2017-11-28,65.69000244140625,65.97000122070312,65.30000305175781,65.55000305175781,657600,0.0035136474205688106,0.0,0.009491828528280516,0.012215879664377427,1,11
2017-11-29,62.2599983215332,65.12999725341797,60.810001373291016,65.0,2182000,-0.052215009779190025,-5.0,0.007335730850471137,-0.011139513177329863,2,11
2017-11-30,63.68000030517578,63.86000061035156,62.040000915527344,62.22999954223633,930900,0.02280761358696437,2.0,0.013466333986601,-0.058948082295977144,3,11
2017-12-01,62.63999938964844,63.72999954223633,61.040000915527344,63.47999954223633,1259800,-0.016331672590190194,-2.0,0.014516980274163512,-0.041685429199100676,4,12
2017-12-04,61.61000061035156,63.29999923706055,60.93999862670898,63.29999923706055,1271200,-0.016443147977857175,-2.0,0.01476635413254899,-0.04816894524457194,0,12
2017-12-05,61.52999877929688,62.22999954223633,61.25,61.52000045776367,1246700,-0.0012985202120130435,-0.0,0.01481003164594603,-0.072836667572167,1,12
2017-12-06,61.52000045776367,61.970001220703125,60.83000183105469,61.33000183105469,1370500,-0.00016249507121024465,-0.0,0.014817503235508053,-0.07124530144457542,2,12
2017-12-07,62.310001373291016,62.560001373291016,61.5,61.66999816894531,845800,0.012841367191954278,1.0,0.01471927029256664,-0.06076335178986758,3,12
2017-12-08,61.70000076293945,62.81999969482422,61.630001068115234,62.75,604400,-0.009789770452693913,-1.0,0.015093362169769189,-0.043297957915681695,4,12
2017-12-11,61.43999862670898,61.959999084472656,61.34999847412109,61.84000015258789,734000,-0.0042139729824225425,-0.0,0.015187503018722194,-0.05135301515333335,0,12
2017-12-12,60.54999923706055,61.15999984741211,60.38999938964844,60.77000045776367,941700,-0.014485667473005615,-1.0,0.015173173241481867,-0.049799023399797804,1,12
2017-12-13,60.79999923706055,61.59000015258789,60.58000183105469,60.7400016784668,724900,0.004128819209744616,0.0,0.015363694579010129,-0.0654422228515612,2,12
2017-12-14,60.130001068115234,61.31999969482422,60.11000061035156,60.900001525878906,503200,-0.011019706864353274,-1.0,0.015444357335968155,-0.05853209177483243,3,12
2017-12-15,60.459999084472656,60.7400016784668,60.0,60.20000076293945,1578200,0.005488076010236487,1.0,0.015545724890240888,-0.06456125995631257,4,12
2017-12-18,60.56999969482422,61.470001220703125,60.459999084472656,60.93000030517578,749400,0.0018193948398490534,0.0,0.015642993934254112,-0.05413014993097498,0,12
2017-12-19,59.84999847412109,60.65999984741211,59.79999923706055,60.41999816894531,849400,-0.011887093021805906,-1.0,0.01481306991058787,-0.07101223113696475,1,12
2017-12-20,59.459999084472656,60.0,59.400001525878906,59.68000030517578,609600,-0.006516280694928711,-1.0,0.014917345918940455,-0.08092758062326022,2,12
2017-12-21,60.04999923706055,60.20000076293945,59.4900016784668,59.75,764600,0.009922639785945764,1.0,0.01481947196034297,-0.09040849646313331,3,12
2017-12-22,60.0,60.119998931884766,59.65999984741211,60.0,1405600,-0.0008326267726193048,-0.0,0.015142342151220133,-0.0765800343797911,4,12
2017-12-26,60.060001373291016,60.22999954223633,59.63999938964844,59.77999877929688,336500,0.0010000228881836826,0.0,0.015118098240304002,-0.07834099222211921,1,12
2017-12-27,60.34000015258789,60.66999816894531,59.400001525878906,59.88999938964844,1446700,0.00466198423067965,0.0,0.01481909266201185,-0.08681763054913194,2,12
2017-12-28,61.2400016784668,61.29999923706055,60.52000045776367,60.52000045776367,795400,0.014915504202899887,1.0,0.014943833900368776,-0.07821568902373,3,12
2017-12-29,60.77000045776367,61.56999969482422,60.720001220703125,61.33000183105469,607000,-0.007674742126409617,-1.0,0.015420924510313705,-0.0677424356454962,4,12
2018-01-02,61.15999984741211,61.5,60.45000076293945,60.90999984741211,1174200,0.0064176301910594535,1.0,0.010679240432706398,-0.023931864823937832,1,1
2018-01-03,61.93999862670898,62.18000030517578,61.16999816894531,61.29999923706055,832600,0.012753413689386539,1.0,0.00936247489230081,-0.0395728713204615,2,1
2018-01-04,63.0,63.72999954223633,62.36000061035156,62.36000061035156,844600,0.017113358036691118,2.0,0.00926840608565285,-0.011174980360155296,3,1
2018-01-05,63.650001525878906,63.72999954223633,63.040000915527344,63.31999969482422,657300,0.01031748453776049,1.0,0.009273870814047673,0.02256126239049072,4,1
2018-01-08,64.4000015258789,64.69999694824219,63.20000076293945,63.68999862670898,759700,0.011783189034097141,1.0,0.009467807104809373,0.03445478284805925,0,1
2018-01-09,64.52999877929688,64.69000244140625,63.93999862670898,64.4800033569336,524900,0.00201859084375533,0.0,0.009708812943412581,0.04681406122700671,1,1
2018-01-10,64.56999969482422,64.62000274658203,63.77999877929688,64.33999633789062,426200,0.0006198809280029138,0.0,0.009399460537134462,0.03562826764689264,2,1
2018-01-11,65.79000091552734,65.87999725341797,64.08999633789062,64.54000091552734,868300,0.018894242317937016,2.0,0.009029868791629998,0.04651537919605109,3,1
2018-01-12,65.93000030517578,66.75,65.58000183105469,65.94999694824219,815000,0.0021279736692538798,0.0,0.009598477300695404,0.07080082008542465,4,1
2018-01-16,65.29000091552734,67.01000213623047,65.04000091552734,66.52999877929688,1203800,-0.009707255978856688,-1.0,0.008701428037162147,0.08885220703392394,1,1
2018-01-17,66.69999694824219,66.83999633789062,65.02999877929688,65.5999984741211,1698700,0.021595895434878498,2.0,0.009208031452962031,0.07384871274356741,2,1
2018-01-18,69.94999694824219,74.87999725341797,69.87999725341797,72.54000091552734,3930000,0.048725639410777344,5.0,0.00939608895733784,0.10926319247332894,3,1
2018-01-19,71.45999908447266,71.55000305175781,69.51000213623047,70.16000366210938,2175900,0.0215868792295697,2.0,0.01339607153206256,0.15696324855232668,4,1
2018-01-22,72.8499984741211,73.19000244140625,70.75,71.36000061035156,1626600,0.019451433073842006,2.0,0.013701119464927188,0.1797919670549215,0,1
2018-01-23,74.4800033569336,74.73999786376953,72.83000183105469,72.83000183105469,1777400,0.022374810116043253,2.0,0.013122069227123346,0.21720969643167432,1,1
2018-01-24,73.41999816894531,74.83000183105469,72.95999908447266,74.4800033569336,870000,-0.01423207760757439,-1.0,0.012872763420593306,0.25260687022753836,2,1
2018-01-25,73.18000030517578,74.02999877929688,72.87999725341797,73.94000244140625,983100,-0.0032688350552294576,-0.0,0.013991291586662916,0.22264777854706974,3,1
2018-01-26,73.5,73.98999786376953,73.0,73.61000061035156,834100,0.004372775259493755,0.0,0.01409280959619905,0.21966667175292964,4,1
2018-01-29,72.66999816894531,73.70999908447266,72.5,73.5,514900,-0.011292541919111443,-1.0,0.014008940671947013,0.2237761957941915,0,1
2018-01-30,72.93000030517578,73.48999786376953,71.8499984741211,72.41000366210938,845500,0.003577847017774971,0.0,0.014713830779969454,0.20434202825948455,1,1
2018-01-31,72.68000030517578,73.30000305175781,72.19000244140625,73.29000091552734,759100,-0.003427944590070897,-0.0,0.014693717259919121,0.19088828063862406,2,1
2018-02-01,72.19000244140625,72.81999969482422,71.9000015258789,72.04000091552734,828500,-0.006741852802862991,-1.0,0.014488414798353775,0.1959848569639191,3,2
2018-02-02,70.91999816894531,72.05000305175781,70.62000274658203,71.58999633789062,594100,-0.0175925229188314,-2.0,0.014869690018228252,0.18034667464867327,4,2
2018-02-05,69.0,71.55999755859375,68.98999786376953,69.98999786376953,931900,-0.02707273291761092,-3.0,0.015831207680316334,0.14497900777098338,0,2
2018-02-06,69.66000366210938,69.98999786376953,66.30000305175781,67.79000091552734,927800,0.00956527046535327,1.0,0.017236034670844592,0.09523809523809534,1,2
2018-02-07,69.6500015258789,70.62000274658203,69.12999725341797,69.58000183105469,690100,-0.0001435850661016813,-0.0,0.017224077393853912,0.09442265502204128,2,2
2018-02-08,67.69000244140625,69.6500015258789,67.66999816894531,69.6500015258789,1014500,-0.028140689756401605,-3.0,0.017166573251720326,0.08152173719887723,3,2
2018-02-09,67.4800033569336,69.30999755859375,65.4800033569336,68.41000366210938,1261100,-0.0031023648529845405,-0.0,0.018536764609938333,0.04896952924045617,4,2
2018-02-12,68.44000244140625,68.70999908447266,67.30999755859375,68.16999816894531,797500,0.014226423187840842,1.0,0.018572815633512096,0.04506742567543531,0,2
2018-02-13,69.25,69.31999969482422,67.29000091552734,68.19000244140625,425300,0.01183514800846508,1.0,0.018390880211783228,0.04027970039522333,1,2
2018-02-14,71.44999694824219,71.62000274658203,68.44000244140625,68.58000183105469,825000,0.03176890899988716,3.0,0.01851472420398706,0.05035643378517607,2,2
2018-02-15,73.36000061035156,73.61000061035156,71.3499984741211,72.0,837700,0.02673203280180636,3.0,0.019340734294168948,0.09434823014759464,3,2
2018-02-16,73.27999877929688,73.80000305175781,72.8499984741211,73.30000305175781,615900,-0.0010905374916722055,-0.0,0.019598762547072324,0.09985013443519941,4,2
2018-02-20,73.72000122070312,73.86000061035156,72.75,72.80999755859375,926300,0.006004400228382112,1.0,0.01682514661061192,0.047605460705289815,1,2
2018-02-21,72.80999755859375,74.3499984741211,72.79000091552734,73.9000015258789,508800,-0.012344053812275546,-1.0,0.016268833587531475,0.031626114822068896,2,2
2018-02-22,73.25,73.68000030517578,72.58000183105469,72.87999725341797,568800,0.006043159678067012,1.0,0.016002713983955315,-0.0005490860173669176,3,2
2018-02-23,74.81999969482422,74.83999633789062,73.37999725341797,73.55000305175781,452700,0.021433442932753843,2.0,0.015244747792397017,-0.016514544864330905,4,2
2018-02-26,75.27999877929688,75.75,74.26000213623047,75.0,502400,0.0061480765350026,1.0,0.01564124054292708,0.019068394998558613,0,2
2018-02-27,74.72000122070312,75.55999755859375,74.66000366210938,75.22000122070312,439600,-0.0074388624823910066,-1.0,0.015647233917585514,0.028696344156377007,1,2
2018-02-28,73.76000213623047,75.56999969482422,73.73999786376953,74.94000244140625,658300,-0.012847953276085677,-1.0,0.01574943094402833,0.016598656063988138,2,2
2018-03-01,73.88999938964844,74.76000213623047,72.44999694824219,73.95999908447266,997800,0.001762435597247869,0.0,0.015813177104136,0.014999366929266733,3,3
2018-03-02,75.30000305175781,75.47000122070312,72.91999816894531,73.3499984741211,746300,0.01908246953249959,2.0,0.015802352038468605,0.013163294672364323,4,3
2018-03-05,77.22000122070312,77.48999786376953,74.80000305175781,75.04000091552734,681500,0.02549798261795022,3.0,0.016262155388128894,0.03604846911916493,0,3
2018-03-06,78.06999969482422,78.16000366210938,77.12999725341797,77.36000061035156,1015300,0.01100749107335175,1.0,0.016922484280848457,0.06967722134902998,1,3
2018-03-07,79.62999725341797,79.87000274658203,77.62000274658203,77.80999755859375,1045400,0.019982036181526608,2.0,0.01629197812560681,0.10081784701751118,2,3
2018-03-08,80.30000305175781,80.33999633789062,79.06999969482422,79.75,670600,0.00841398746012234,1.0,0.014876414980502904,0.15405793120895606,3,3
2018-03-09,80.72000122070312,81.72000122070312,80.12999725341797,80.97000122070312,1018800,0.005230363050853226,1.0,0.014868420192972819,0.15274187238430947,4,3
2018-03-12,80.4000015258789,81.48999786376953,80.22000122070312,80.79000091552734,933600,-0.003964317269387618,-0.0,0.014787215128115221,0.1589375370036581,0,3
2018-03-13,79.4800033569336,80.81999969482422,78.58000183105469,80.66000366210938,843100,-0.011442763078172158,-1.0,0.012695220760751493,0.18776774451256184,1,3
2018-03-14,79.69000244140625,80.3499984741211,79.16999816894531,80.16999816894531,600000,0.0026421625012971184,0.0,0.013190691120238239,0.17783045944035214,2,3
2018-03-15,80.16999816894531,80.22000122070312,79.30000305175781,79.80999755859375,529200,0.006023286646176018,1.0,0.013155363812265796,0.16437755112050878,3,3
2018-03-16,80.37999725341797,80.5999984741211,79.5199966430664,80.33999633789062,969400,0.002619422343382416,0.0,0.013117479843729771,0.15768950424469774,4,3
2018-03-19,79.20999908447266,80.27999877929688,78.19999694824219,79.61000061035156,700300,-0.014555837383977477,-1.0,0.011855711458777788,0.12498251485783274,0,3
2018-03-20,79.63999938964844,80.2300033569336,78.31999969482422,79.1500015258789,604600,0.005428611414541429,1.0,0.01161276409629817,0.07974370808955022,1,3
2018-03-21,80.0999984741211,80.63999938964844,79.4000015258789,79.52999877929688,667300,0.005775980512280787,1.0,0.011564658375341853,0.08679040278789407,2,3
2018-03-22,78.91999816894531,80.30000305175781,78.13999938964844,79.0,1020600,-0.01473158960866916,-1.0,0.011562820270843259,0.08654364009459958,3,3
2018-03-23,77.55999755859375,79.63999938964844,77.54000091552734,78.8499984741211,813400,-0.017232648782380733,-2.0,0.011742150995248111,0.0839170555586759,4,3
2018-03-26,79.8499984741211,79.91000366210938,77.95999908447266,78.73999786376953,797100,0.02952554135651342,3.0,0.012598063852788544,0.05883955711390776,0,3
2018-03-27,78.79000091552734,81.31999969482422,78.5199966430664,80.16000366210938,1464800,-0.013274860098304031,-1.0,0.013300619154968815,0.06722799785903821,1,3
2018-03-28,77.04000091552734,78.70999908447266,76.47000122070312,78.62999725341797,1492600,-0.022210940216591868,-2.0,0.013752068703742905,0.04662595899504418,2,3
2018-03-29,78.01000213623047,78.94999694824219,76.4000015258789,77.61000061035156,1131700,0.012590877585356042,1.0,0.014623296663964593,0.03104924594382097,3,3
2018-04-02,76.70999908447266,78.19999694824219,76.0,77.62000274658203,1037700,-0.016664568852178596,-2.0,0.014422485805675981,0.05761930418806793,0,4
2018-04-03,77.55000305175781,78.41000366210938,76.16000366210938,77.1500015258789,1655100,0.010950384269463376,1.0,0.015034426184022641,0.03816483581158736,1,4
2018-04-04,77.94000244140625,78.36000061035156,74.7699966430664,76.27999877929688,1905100,0.0050290054713233445,1.0,0.014669834162593822,0.029880476876653628,2,4
2018-04-05,78.73999786376953,79.86000061035156,77.87999725341797,78.69000244140625,1728500,0.010264246821966694,1.0,0.013639823358094544,0.00932402498473528,3,4
2018-04-06,76.94000244140625,78.37000274658203,75.44999694824219,77.9000015258789,1069400,-0.022859988204184445,-2.0,0.013612214890150444,0.008582018336932729,4,4
2018-04-09,77.91999816894531,78.63999938964844,77.2699966430664,77.44000244140625,641300,0.012737141882538605,1.0,0.013755309360169957,-0.03378117424079474,0,4
2018-04-10,79.91999816894531,80.33999633789062,78.23999786376953,78.9800033569336,684900,0.025667351732524768,3.0,0.01394288046838686,-0.029638913977107273,1,4
2018-04-11,79.63999938964844,80.45999908447266,79.02999877929688,79.22000122070312,725100,-0.0035034883097091463,-0.0,0.015090358918513163,-0.009910840431858525,2,4
2018-04-12,81.41000366210938,81.91999816894531,79.87000274658203,80.0,831900,0.02222506637400845,2.0,0.01508519865512989,-0.009452762709038498,3,4
2018-04-13,80.44999694824219,81.97000122070312,79.44000244140625,81.81999969482422,778000,-0.011792245064275897,-1.0,0.01562604084997261,0.024282841263964405,4,4
2018-04-16,81.43000030517578,81.81999969482422,80.66000366210938,81.2699966430664,740200,0.012181521368659354,1.0,0.01587761293016469,0.009536886479514672,0,4
2018-04-17,83.12000274658203,83.47000122070312,81.69999694824219,81.86000061035156,854000,0.02075405176314149,2.0,0.01603937521047626,0.015716629225501766,1,4
2018-04-18,83.55999755859375,83.80999755859375,81.86000061035156,83.12000274658203,1586000,0.005293488901259913,1.0,0.016616347997460333,0.03408815111706853,2,4
2018-04-19,84.91999816894531,86.48999786376953,81.33000183105469,82.01000213623047,2920000,0.016275737794246625,2.0,0.016203114742368088,0.054917289791684976,3,4
2018-04-20,84.05000305175781,84.91000366210938,83.62000274658203,84.75,1128200,-0.010244879132671136,-1.0,0.016466080536153373,0.06629832772177502,4,4
2018-04-23,84.95999908447266,85.72000122070312,83.69000244140625,84.56999969482422,1160200,0.010826841162093315,1.0,0.016709634830319595,0.049313416390549536,0,4
2018-04-24,83.19999694824219,86.18000030517578,82.48999786376953,85.58000183105469,1143900,-0.020715656252309533,-2.0,0.016323666855551647,0.07653321155174653,1,4
2018-04-25,82.1500015258789,83.19999694824219,80.8499984741211,82.91999816894531,1059600,-0.012620137750924076,-1.0,0.0165623476921788,0.07271789024216546,2,4
2018-04-26,82.7300033569336,83.63999938964844,82.12000274658203,82.66999816894531,908600,0.007060277787967806,1.0,0.01578351335252208,0.028804046283147144,3,4
2018-04-27,83.02999877929688,83.70999908447266,82.29000091552734,83.19999694824219,743400,0.003626198600149566,0.0,0.01545389824599087,0.050006376388171736,4,4
2018-04-30,82.3499984741211,83.86000061035156,82.05000305175781,83.01000213623047,853600,-0.008189814707613041,-1.0,0.014384712558034802,0.07775178858496412,0,4
2018-05-01,82.83000183105469,83.23999786376953,81.6500015258789,82.43000030517578,1079900,0.005828820471495577,1.0,0.014454983227370308,0.0556338446230471,1,5
2018-05-02,83.51000213623047,84.27999877929688,82.63999938964844,82.98999786376953,890600,0.008209589401709128,1.0,0.013766801656713864,0.07978103010850934,2,5
2018-05-03,83.86000061035156,84.54000091552734,82.41000366210938,83.52999877929688,866400,0.004191096457525356,0.0,0.013708013558769843,0.07685362798109607,3,5
2018-05-04,85.08000183105469,85.7699966430664,83.37999725341797,83.48999786376953,676600,0.01454807073483999,1.0,0.013704931193143513,0.07595583761234614,4,5
2018-05-07,86.51000213623047,86.80000305175781,85.31999969482422,85.31999969482422,526900,0.016807713615420106,2.0,0.013840581574609425,0.08051821360541811,0,5
2018-05-08,86.79000091552734,86.91000366210938,86.19999694824219,86.19999694824219,558400,0.0032366058534589737,0.0,0.012680470699285313,0.12438262790688448,1,5
2018-05-09,87.18000030517578,87.6500015258789,86.44000244140625,87.13999938964844,858700,0.004493598174149405,0.0,0.012585017063036481,0.11383474018249062,2,5
2018-05-10,87.62000274658203,88.08999633789062,87.04000091552734,87.56999969482422,1353000,0.00504705712165654,1.0,0.011680819315920762,0.09084086965171512,3,5
2018-05-11,88.05000305175781,88.5199966430664,87.11000061035156,87.41000366210938,638200,0.0049075586817708405,0.0,0.011546611834055311,0.10020094698758664,4,5
2018-05-14,86.3499984741211,88.70999908447266,86.18000030517578,88.11000061035156,687700,-0.019307263131353003,-2.0,0.010822167984101707,0.08156245044782984,0,5
2018-05-15,84.6500015258789,86.33999633789062,84.38999938964844,85.73999786376953,1289500,-0.019687284056544296,-2.0,0.01146837230605525,0.0733374984423516,1,5
2018-05-16,84.4000015258789,84.72000122070312,84.0,84.48999786376953,1093300,-0.0029533372178802697,-0.0,0.01232979286011764,0.039543180752001694,2,5
2018-05-17,84.18000030517578,84.83000183105469,83.37999725341797,84.33000183105469,1073900,-0.0026066494872712953,-0.0,0.011581858349906682,0.015399407326770254,3,5
2018-05-18,84.1500015258789,84.63999938964844,83.91999816894531,84.19000244140625,968200,-0.0003563646850572866,-0.0,0.011556612784932871,0.007419851181150072,4,5
2018-05-21,84.79000091552734,85.18000030517578,84.08000183105469,84.55000305175781,738000,0.0076054590379492915,1.0,0.01097040473150846,-0.009067318177922279,0,5
2018-05-22,84.79000091552734,85.22000122070312,84.44000244140625,84.86000061035156,762700,0.0,0.0,0.010858486927007336,0.00880425742892399,1,5
2018-05-23,85.36000061035156,85.4000015258789,83.22000122070312,83.22000122070312,804600,0.006722487187989179,1.0,0.010596212823591536,-0.0020009200891856205,2,5
2018-05-24,85.83999633789062,86.11000061035156,84.69999694824219,85.33999633789062,759500,0.0056231926441767666,1.0,0.009560551675443408,0.025961583429541246,3,5
2018-05-25,85.66999816894531,86.25,85.26000213623047,85.83999633789062,655700,-0.001980407458035627,-0.0,0.009051059387159208,0.044917769244950057,4,5
2018-05-29,84.97000122070312,85.72000122070312,84.36000061035156,85.12999725341797,775800,-0.00817085284467689,-1.0,0.009019965480426294,0.03553722582757901,1,5
2018-05-30,86.01000213623047,86.25,85.12999725341797,85.55999755859375,1021100,0.01223962458028005,1.0,0.009258418865449659,0.02336507852496772,2,5
2018-05-31,86.23999786376953,86.81999969482422,85.77999877929688,85.95999908447266,712400,0.0026740579214818982,0.0,0.009302126853258819,0.04444448973802406,3,5
2018-06-01,87.05000305175781,87.41999816894531,86.12999725341797,86.52999877929688,827600,0.009392453711186466,1.0,0.009264535985251458,0.04116860989174054,4,6
2018-06-04,88.16000366210938,88.45999908447266,87.08999633789062,87.41999816894531,856700,0.012751298925188781,1.0,0.009307901096127863,0.04239014279693731,0,6
2018-06-05,88.29000091552734,89.06999969482422,87.94999694824219,88.4000015258789,805000,0.0014745604357755404,0.0,0.009590861878660718,0.05127597210185364,1,6
2018-06-06,89.23999786376953,89.29000091552734,87.77999877929688,88.45999908447266,947800,0.010759960792741552,1.0,0.009180319857499843,0.03772918447800255,2,6
2018-06-07,86.45999908447266,89.44999694824219,85.20999908447266,89.44000244140625,1076400,-0.0311519368651344,-3.0,0.008771939865428378,0.031556995262120635,3,6
2018-06-08,86.98999786376953,87.08000183105469,86.0,86.41999816894531,1094600,0.006129988259415242,1.0,0.011284849805906766,-0.0038023024262423544,4,6
2018-06-11,91.8499984741211,95.87999725341795,91.38999938964844,93.12000274658205,2304300,0.05586849901942248,6.0,0.011323883364956468,-0.002179426941284035,0,6
2018-06-12,93.5199966430664,94.36000061035156,91.87999725341795,91.87999725341795,1148900,0.018181798548595918,2.0,0.01664590338190744,0.04827659889230107,1,6
2018-06-13,94.47000122070312,95.0199966430664,93.31999969482422,93.51000213623048,927800,0.01015830423158115,1.0,0.016995141024988766,0.06212371836140895,2,6
2018-06-14,95.33000183105467,95.75,94.93000030517578,95.12000274658205,530600,0.009103425418005351,1.0,0.016260984904266695,0.0940359338745742,3,6
2018-06-15,94.88999938964844,95.75,93.56999969482422,94.62999725341795,1326100,-0.0046155715195098646,-0.0,0.015313543443220046,0.126166569552993,4,6
2018-06-18,97.8000030517578,99.0999984741211,94.0,94.55999755859376,2257200,0.03066712699786156,3.0,0.015365173211946241,0.12428907196824013,0,6
2018-06-19,97.8000030517578,98.19000244140624,96.20999908447266,97.12999725341795,1385800,0.0,0.0,0.016160258924564186,0.16179618314570843,1,6
2018-06-20,99.98999786376952,100.79000091552734,97.98999786376952,98.72000122070312,1191800,0.022392584291155204,2.0,0.01615201375608615,0.16221035387243643,2,6
2018-06-21,99.22000122070312,100.08999633789062,98.5199966430664,99.93000030517578,966000,-0.0077007366688363055,-1.0,0.016484604123186752,0.1792663849996332,3,6
2018-06-22,96.83000183105467,99.7300033569336,96.7300033569336,99.25,1154800,-0.024087879059104034,-2.0,0.016755140263421193,0.1701851651063404,4,6
2018-06-25,92.7300033569336,96.3000030517578,92.08999633789062,96.08000183105467,1211300,-0.04234223274388249,-4.0,0.01813221107102562,0.1343720845675831,0,6
2018-06-26,93.38999938964844,94.08999633789062,92.56999969482422,93.16999816894533,1080500,0.007117394681572575,1.0,0.020999714548301726,0.08026569563122932,1,6
2018-06-27,91.20999908447266,94.3499984741211,91.16000366210938,93.62000274658205,735400,-0.023342973759751584,-2.0,0.02096631386331347,0.09011324134125598,2,6
2018-06-28,93.54000091552734,93.83000183105467,90.8000030517578,90.8000030517578,855600,0.02554546491001264,3.0,0.021668132780986497,0.07343765769240851,3,6
2018-06-29,93.80999755859376,94.55999755859376,93.43000030517578,93.6500015258789,900500,0.0028864297671993278,0.0,0.022123065749985113,0.08754794317258807,4,6
2018-07-02,93.9000015258789,94.06999969482422,92.41000366210938,93.9499969482422,621600,0.0009594283085758715,0.0,0.02212236413275027,0.08777829177109098,0,7
2018-07-03,94.02999877929688,94.91999816894533,93.5199966430664,94.4000015258789,366400,0.0013844222716241639,0.0,0.022100821962575734,0.07869038752414803,1,7
2018-07-05,94.75,94.86000061035156,93.75,94.79000091552734,852200,0.007657143784432829,1.0,0.022010812119927142,0.0665834264218661,3,7
2018-07-06,96.20999908447266,96.54000091552734,94.75,94.9800033569336,420300,0.015408961313695624,2.0,0.022026458430404613,0.07316795806416798,4,7
2018-07-09,97.06999969482422,97.36000061035156,95.63999938964844,96.27999877929688,806400,0.008938786181636793,1.0,0.022125175420094918,0.0781040047910273,0,7
2018-07-10,97.01000213623048,98.73999786376952,96.43000030517578,97.55999755859376,841500,-0.0006180854927615442,-0.0,0.020636252374822136,0.12271571504396439,1,7
2018-07-11,97.0500030517578,97.72000122070312,95.79000091552734,95.98999786376952,737500,0.0004123380542879751,0.0,0.020682184865531895,0.11518570546642337,2,7
2018-07-12,99.61000061035156,99.8000030517578,97.1500015258789,98.18000030517578,954800,0.026378129604266887,3.0,0.017157029165693637,0.056614095416689825,3,7
2018-07-13,98.83999633789062,99.87000274658205,98.1999969482422,99.6999969482422,477500,-0.007730190420066285,-1.0,0.017612416163199914,0.0651198052383235,4,7
2018-07-16,98.1500015258789,99.19000244140624,97.66999816894533,98.7699966430664,600600,-0.00698092713047993,-1.0,0.017689301862898427,0.046258019061291344,0,7
2018-07-17,98.9000015258789,99.4800033569336,97.22000122070312,97.77999877929688,762100,0.007641365138463696,1.0,0.01772841256936593,0.029581450127546205,1,7
2018-07-18,98.51000213623048,99.20999908447266,98.08000183105467,98.87999725341795,1131100,-0.003943370916393518,-0.0,0.017717401102611437,0.04225948110468547,2,7
2018-07-19,97.02999877929688,99.5999984741211,95.0,95.5999984741211,1801700,-0.015023889197432916,-2.0,0.016497165197333373,0.007259704113679266,3,7
2018-07-20,96.54000091552734,98.05999755859376,96.33999633789062,97.29000091552734,1144200,-0.005049962588210222,-1.0,0.01684098007453464,-0.007873254073963776,4,7
2018-07-23,97.13999938964844,97.36000061035156,95.30999755859376,96.02999877929688,1155400,0.006215024533158031,1.0,0.0160427428975319,-0.034503420561550424,0,7
2018-07-24,95.79000091552734,98.30999755859376,95.0,97.7699966430664,1178800,-0.01389745195185732,-1.0,0.0160632432518166,-0.02096353361685588,1,7
2018-07-25,99.2699966430664,99.56999969482422,95.79000091552734,95.98999786376952,1173100,0.03632942576760079,4.0,0.015470214805432994,-0.010740482245801042,2,7
2018-07-26,98.83000183105467,99.86000061035156,97.9499969482422,98.48999786376952,930700,-0.004432304088754724,-0.0,0.014285669579013028,0.07052726247576269,3,7
2018-07-27,95.08999633789062,99.72000122070312,93.9800033569336,99.3000030517578,1063400,-0.0378428151762803,-4.0,0.014355412120426606,0.05825037452574633,4,7
2018-07-30,91.37000274658205,95.33999633789062,90.45999908447266,94.9800033569336,1481100,-0.03912076700571154,-4.0,0.015937130955319383,0.04253916557793813,0,7
2018-07-31,91.91000366210938,93.37999725341795,90.6500015258789,91.56999969482422,1257200,0.005910045959230725,1.0,0.017365230339126445,-0.023198611799298052,1,7
2018-08-01,92.5199966430664,93.91999816894533,92.05999755859376,92.05999755859376,1340700,0.006636850795910698,1.0,0.01741130225159855,-0.020253639760491993,2,8
2018-08-02,93.1999969482422,93.54000091552734,91.5,91.70999908447266,747500,0.00734976577873403,1.0,0.017484381794416665,-0.014696537384316977,3,8
2018-08-03,92.5,93.2699966430664,91.88999938964844,93.25,639800,-0.007510697115483134,-1.0,0.01756579434249551,-0.008826989703603183,4,8
2018-08-06,92.77999877929688,93.36000061035156,92.29000091552734,92.33999633789062,943500,0.0030270138302364025,0.0,0.017535168248559125,-0.0237467018469657,0,8
2018-08-07,93.0199966430664,93.98999786376952,92.6500015258789,93.3000030517578,779500,0.0025867413982234577,0.0,0.017160110078218944,-0.03565118322227845,1,8
2018-08-08,93.43000030517578,93.9800033569336,92.9800033569336,93.33999633789062,668500,0.004407693796019352,0.0,0.017020727644686512,-0.04172249989173282,2,8
2018-08-09,93.6999969482422,94.72000122070312,93.23999786376952,93.26000213623048,809300,0.0028898281299851725,0.0,0.01707473459308107,-0.03690343008164587,3,8
2018-08-10,94.3000030517578,95.06999969482422,93.0999984741211,93.43000030517578,718400,0.006403480502214176,1.0,0.017098235157607392,-0.034518351346460086,4,8
2018-08-13,92.97000122070312,95.4499969482422,92.81999969482422,94.27999877929688,758300,-0.014103942608831965,-1.0,0.015987513813177732,-0.053307875976882024,0,8
2018-08-14,94.45999908447266,94.86000061035156,93.2300033569336,93.37999725341795,681000,0.01602665208352949,2.0,0.016151773152266003,-0.05938886417114542,1,8
2018-08-15,92.0999984741211,94.8000030517578,91.08000183105467,94.05999755859376,825300,-0.024984126966178466,-2.0,0.01662635444150334,-0.03759554135547638,2,8
2018-08-16,91.91000366210938,92.8499984741211,90.91000366210938,92.58000183105467,813200,-0.00206291873137332,-0.0,0.01722430443837075,-0.06875634931085894,3,8
2018-08-17,92.30999755859376,92.63999938964844,91.05999755859376,91.91999816894533,677100,0.00435201697907539,0.0,0.01722537549317904,-0.06699825734440557,4,8
2018-08-20,92.06999969482422,92.36000061035156,91.5,92.27999877929688,666600,-0.0025999119284690897,-0.0,0.0170760982337567,-0.04864476223934788,0,8
2018-08-21,93.98999786376952,94.43000030517578,92.20999908447266,92.20999908447266,701200,0.020853678454538338,2.0,0.017064247502034117,-0.0463020631687624,1,8
2018-08-22,95.16000366210938,95.5,93.6500015258789,93.6500015258789,569300,0.012448194754038466,1.0,0.01770839485334897,-0.032427440247797645,2,8
2018-08-23,95.6500015258789,96.88999938964844,94.9800033569336,94.9800033569336,826500,0.005149199715348773,1.0,0.01771332399426274,-0.006576858204370817,3,8
2018-08-24,97.1999969482422,97.68000030517578,96.30999755859376,96.4800033569336,707200,0.01620486563132917,2.0,0.015693031624110135,-0.03646615532992814,4,8
2018-08-27,97.75,98.7699966430664,97.25,97.80999755859376,868200,0.0056584677883340095,1.0,0.016149509342620893,-0.01649301682295712,0,8
2018-08-28,97.62000274658205,98.5500030517578,97.38999938964844,98.05999755859376,639500,-0.0013298951756312016,-0.0,0.013754772837021789,0.027973538379971963,1,8
2018-08-29,98.62999725341795,98.7300033569336,97.7699966430664,97.9499969482422,682500,0.010346183962500088,1.0,0.010200364150490809,0.06840319374110782,2,8
2018-08-30,98.6999969482422,99.12000274658205,98.08999633789062,98.16000366210938,975400,0.0007097201335652947,0.0,0.010304579853372383,0.07311493116694279,3,8
2018-08-31,99.94000244140624,99.97000122070312,98.30999755859376,98.5,560700,0.012563379245232209,1.0,0.0102931334126115,0.06679637407486805,4,8
2018-09-04,100.77999877929688,101.12000274658205,99.0,99.66999816894533,820300,0.008405006177412577,1.0,0.010461391096835663,0.07231765787403455,1,9
2018-09-05,96.7699966430664,100.62000274658205,96.48999786376952,100.51000213623048,856900,-0.039789662480669175,-4.0,0.010206152068642609,0.0895135003167229,2,9
2018-09-06,98.08999633789062,98.31999969482422,96.20999908447266,96.66999816894533,658200,0.013640588411850452,1.0,0.014008274399190975,0.04300493550620588,3,9
2018-09-07,98.9000015258789,99.62000274658205,96.9499969482422,97.38999938964844,1668500,0.008257775698125691,1.0,0.01423328557286117,0.0545044063404847,4,9
2018-09-10,100.33000183105467,100.44000244140624,98.86000061035156,99.3000030517578,1293300,0.014459052407613804,1.0,0.014282068096837259,0.05854651827931234,0,9
2018-09-11,102.87000274658205,102.91999816894533,99.9499969482422,100.18000030517578,1112100,0.02531646435932955,3.0,0.014506616210431481,0.07075779187564679,1,9
2018-09-12,104.88999938964844,105.25,102.4800033569336,102.5,1820900,0.01963640117753873,2.0,0.015271775184553514,0.09088016349395556,2,9
2018-09-13,105.77999877929688,106.4499969482422,104.70999908447266,105.0999984741211,1039200,0.008485073837613877,1.0,0.015015552435614806,0.1282133807941792,3,9
2018-09-14,105.66999816894533,107.30999755859376,104.88999938964844,106.27999877929688,1125600,-0.001039899901880914,-0.0,0.014849751860633973,0.11983908325788883,4,9
2018-09-17,101.29000091552734,105.5,101.1500015258789,105.5,1184900,-0.041449771262560664,-4.0,0.01322117428875223,0.14733984711885983,0,9
2018-09-18,103.68000030517578,104.31999969482422,101.1999969482422,101.3000030517578,1349800,0.023595610307493464,2.0,0.016822367770277256,0.10205632553233102,1,9
2018-09-19,102.30999755859376,103.88999938964844,101.66000366210938,103.7699966430664,841200,-0.013213761019960413,-1.0,0.017315080107373308,0.12317195371351741,2,9
2018-09-20,103.05999755859376,104.0999984741211,101.88999938964844,102.5,1010500,0.00733066188932785,1.0,0.017719390380808903,0.11121970128935699,3,9
2018-09-21,103.05999755859376,104.91999816894533,103.02999877929688,103.66000366210938,3253900,0.0,0.0,0.017363686262125682,0.0964996265663336,4,9
2018-09-24,103.4499969482422,103.83999633789062,101.61000061035156,102.45999908447266,1000500,0.0037841975440249254,0.0,0.017292623994747423,0.08301800748700461,0,9
2018-09-25,104.97000122070312,105.4499969482422,103.61000061035156,103.97000122070312,1022100,0.014693130181738123,1.0,0.017290453562014172,0.08154725873426094,1,9
2018-09-26,105.16999816894533,105.88999938964844,104.2300033569336,105.4000015258789,665600,0.001905277183161136,0.0,0.01723966553760581,0.07993831807009566,2,9
2018-09-27,106.13999938964844,106.5999984741211,105.2699966430664,105.33999633789062,666500,0.00922317426634267,1.0,0.017239024226951165,0.07590790965672967,3,9
2018-09-28,106.19000244140624,107.38999938964844,105.91999816894533,105.91999816894533,631200,0.00047110469234357133,0.0,0.017240915065881005,0.0872771604522895,4,9
2018-10-01,105.87000274658205,107.44000244140624,105.5,106.9800033569336,961000,-0.003013463484952461,-0.0,0.017197684277909995,0.07665016119349333,0,10
2018-10-02,103.9499969482422,105.98999786376952,103.4800033569336,105.91999816894533,784200,-0.018135503433731937,-2.0,0.017248799311921737,0.07264443789293895,1,10
2018-10-03,104.0,104.69000244140624,103.16999816894533,104.66999816894533,795400,0.0004810298530619761,0.0,0.017735266861805914,0.04012401849986924,2,10
2018-10-04,101.0,104.0500030517578,100.0199966430664,103.38999938964844,1273700,-0.028846153846153855,-3.0,0.01767697756854248,0.03195079638525056,3,10
2018-10-05,100.3499984741211,102.4800033569336,98.66000366210938,101.01000213623048,1051900,-0.006435658672068412,-1.0,0.016517552278365343,0.04371193038825716,4,10
2018-10-08,98.52999877929688,100.66000366210938,97.3000030517578,99.8000030517578,1364500,-0.01813651940705885,-2.0,0.01640106934100469,0.023040087884654836,0,10
2018-10-09,99.25,100.68000030517578,97.77999877929688,98.18000030517578,933500,0.007307431539869347,1.0,0.016839807167278082,-0.003741180393058041,1,10
2018-10-10,91.25,98.83999633789062,91.19000244140624,98.58000183105467,2782000,-0.08060453400503775,-8.0,0.016602522516788076,-0.010764495279022124,2,10
2018-10-11,90.83000183105467,92.88999938964844,90.48999786376952,90.79000091552734,1777000,-0.004602719659674848,-0.0,0.023188008938273295,-0.11295812614302791,3,10
2018-10-12,94.76000213623048,95.01000213623048,92.7300033569336,92.9800033569336,1274800,0.04326764533689742,4.0,0.02247021786483705,-0.1340451677033887,4,10
2018-10-15,94.62999725341795,96.04000091552734,91.48999786376952,94.86000061035156,1412200,-0.0013719383693726606,-0.0,0.024797686210576483,-0.10417845311247265,0,10
2018-10-16,98.97000122070312,99.2699966430664,95.62999725341795,95.79000091552734,1195700,0.04586287745166784,5.0,0.024795191086877343,-0.10447620996336737,1,10
2018-10-17,97.55999755859376,98.88999938964844,96.44000244140624,98.88999938964844,1104600,-0.01424677826329468,-1.0,0.025672032169338506,-0.02290452832317602,2,10
2018-10-18,94.52999877929688,97.62000274658205,93.5199966430664,96.8000030517578,1553100,-0.031057798842984763,-3.0,0.02519905388307272,-0.05902780409498609,3,10
2018-10-19,92.31999969482422,96.08000183105467,91.97000122070312,95.58000183105467,1218900,-0.02337881215499038,-2.0,0.025867374553912345,-0.07604338740054428,4,10
2018-10-22,92.38999938964844,93.72000122070312,91.36000061035156,92.62999725341795,1773000,0.0007582289325780422,0.0,0.026095401808595677,-0.10421112088289564,0,10
2018-10-23,90.76000213623048,92.33999633789062,88.54000091552734,90.86000061035156,1925700,-0.017642572401624923,-2.0,0.026103039405246983,-0.10353190783726729,1,10
2018-10-24,84.5999984741211,91.1999969482422,84.29000091552734,89.91999816894531,3054900,-0.06787134769855163,-7.0,0.026166917003318052,-0.12266790900303981,2,10
2018-10-25,83.05999755859375,84.77999877929688,77.75,78.75,3939100,-0.01820332084282983,-2.0,0.028973292114451137,-0.1940554683214053,3,10
2018-10-26,79.9800033569336,82.05999755859375,79.1500015258789,80.55000305175781,2787400,-0.03708155901988086,-4.0,0.028898848575638816,-0.21023106394690638,4,10
2018-10-29,79.05000305175781,82.97000122070312,77.48999786376953,81.25,1961000,-0.011627910304346845,-1.0,0.02906313294208104,-0.2464668945086329,0,10
2018-10-30,78.94000244140625,80.29000091552734,77.33000183105469,78.80000305175781,1625500,-0.0013915320190378555,-0.0,0.028902728157406396,-0.2555796098095373,1,10
2018-10-31,82.41000366210938,84.04000091552734,79.33000183105469,80.06999969482422,1370600,0.043957450131557385,4.0,0.02893444565654098,-0.25436856150497467,2,10
2018-11-01,86.55000305175781,86.83999633789062,82.33999633789062,82.56999969482422,1986900,0.05023661213052377,5.0,0.03149373607330741,-0.20721494871094437,3,11
2018-11-02,86.55999755859375,88.76000213623047,86.27999877929688,86.54000091552734,1745200,0.00011547667803046835,0.0,0.03412425962310179,-0.16778843219463646,4,11
2018-11-05,84.22000122070312,86.7699966430664,83.47000122070312,86.5999984741211,1269400,-0.027033230174326683,-3.0,0.033829893706834584,-0.14297032120204212,0,11
2018-11-06,84.13999938964844,85.83000183105469,83.25,83.93000030517578,951500,-0.0009499148645822908,-0.0,0.03411712370109982,-0.16073739410746157,1,11
2018-11-07,87.9800033569336,88.30999755859375,85.16000366210938,85.16000366210938,796200,0.04563826949299443,5.0,0.03406159850372239,-0.14604688488712403,2,11
2018-11-08,87.41000366210938,89.25,86.93000030517578,87.94000244140625,775000,-0.006478741453461168,-1.0,0.035843205097476405,-0.11355160345658843,3,11
2018-11-09,85.01000213623047,87.16999816894531,83.9000015258789,86.7699966430664,947700,-0.027456829027902918,-3.0,0.031412516265283394,-0.04208215164811646,4,11
2018-11-12,84.11000061035156,85.06999969482422,81.87999725341797,84.51000213623047,1163200,-0.010587007449272101,-1.0,0.031914491769685555,-0.06407574124736337,0,11
2018-11-13,85.20999908447266,86.44999694824219,83.01000213623047,84.75,951600,0.013078093759824716,1.0,0.030154255847222502,-0.11238920732154567,1,11
2018-11-14,85.16999816894531,88.20999908447266,84.44999694824219,86.70999908447266,1610100,-0.00046943922024555995,-0.0,0.030410454244870284,-0.09954558218699572,2,11
2018-11-15,89.4000015258789,89.66999816894531,84.72000122070312,84.72000122070312,1546500,0.04966541561434412,5.0,0.028168884564051838,-0.13943622190105665,3,11
2018-11-16,87.0999984741211,89.44999694824219,87.01000213623047,88.08000183105469,1397200,-0.025727103048113764,-3.0,0.030660525756870043,-0.08364079783636758,4,11
2018-11-19,82.66000366210938,87.41000366210938,81.91999816894531,86.51000213623047,1698000,-0.05097583111130499,-5.0,0.030444037675482295,-0.07859939068150112,0,11
2018-11-20,81.3499984741211,83.19000244140625,78.4800033569336,79.9000015258789,1868300,-0.01584811432314004,-2.0,0.031907734027320604,-0.10463600589955824,1,11
2018-11-21,84.72000122070312,85.4800033569336,81.5999984741211,83.41999816894531,1417700,0.04142597184748675,4.0,0.03196974823368605,-0.11949346237103975,2,11
2018-11-23,83.91999816894531,85.76000213623047,83.05999755859375,83.41000366210938,381100,-0.009442906518305372,-1.0,0.033418737692301595,-0.06654914911153631,4,11
2018-11-26,84.81999969482422,85.58000183105469,84.16999816894531,85.41999816894531,1328600,0.010724517939896261,1.0,0.029980626551268305,-0.008037828811353842,0,11
2018-11-27,84.9000015258789,85.2300033569336,83.33000183105469,84.13999938964844,994000,0.0009431953706970919,0.0,0.029764274192497782,0.021189527907087724,1,11
2018-11-28,88.91999816894531,88.91999816894531,84.33000183105469,85.4800033569336,1556900,0.04734978293069925,5.0,0.02843186688562893,0.061515353368871706,2,11
2018-11-29,87.52999877929688,89.44999694824219,87.4000015258789,89.08000183105469,1570100,-0.01563202224776794,-2.0,0.02977227799325731,0.12485761842064891,3,11
2018-11-30,86.48999786376953,89.05000305175781,86.48999786376953,87.93000030517578,6955500,-0.011881651205658761,-1.0,0.03011019225361608,0.10881677314700622,4,11
2018-12-03,90.3499984741211,91.27999877929688,86.91000366210938,88.80999755859375,2553700,0.04462944508833777,4.0,0.028975307023679238,0.04950848222733506,0,12
2018-12-04,87.37000274658203,89.9800033569336,85.88999938964844,89.41999816894531,1642900,-0.03298279776277602,-3.0,0.028537884595483988,0.04390520263865083,1,12
2018-12-06,87.5199966430664,87.58000183105469,84.20999908447266,85.0199966430664,1281000,0.001716766530492464,0.0,0.029567668807102685,0.00935773117876959,3,12
2018-12-07,83.77999877929688,87.76000213623047,82.98999786376953,86.98999786376953,830200,-0.04273306681011879,-4.0,0.028869080816684732,0.0391830369809123,4,12
2018-12-10,85.31999969482422,86.1500015258789,83.0199966430664,83.68000030517578,866400,0.01838148648801252,2.0,0.03049306928967697,-0.004278590598561949,0,12
2018-12-11,85.68000030517578,87.6500015258789,84.87999725341797,87.16000366210938,995200,0.004219416451467728,0.0,0.02900780950034433,-0.030234184594398972,1,12
2018-12-12,86.94999694824219,88.55000305175781,86.5999984741211,87.30000305175781,2041000,0.014822556472256387,1.0,0.02900186312704705,-0.019791823412124154,2,12
2018-12-13,86.77999877929688,88.44999694824219,86.26000213623047,88.0999984741211,908800,-0.0019551256459100497,-0.0,0.02850402619844492,0.022820783005073064,3,12
2018-12-14,85.0199966430664,87.0199966430664,84.5,85.19999694824219,918700,-0.020281195678587105,-2.0,0.02838358776054714,0.031744122572467504,4,12
2018-12-17,82.33999633789062,85.13999938964844,81.43000030517578,84.79000091552734,1086000,-0.031521999658821964,-3.0,0.0286572375739431,-0.0022298139120725535,0,12
2018-12-18,83.52999877929688,84.16999816894531,82.83000183105469,83.61000061035156,996400,0.014452301364247688,1.0,0.029487148527897623,-0.03322768453559233,1,12
2018-12-19,83.9000015258789,85.86000061035156,82.37999725341797,83.88999938964844,935900,0.0044295792169188886,0.0,0.027375921129866962,-0.06565998485898039,2,12
2018-12-20,81.55000305175781,84.7300033569336,80.2699966430664,83.25,1188000,-0.02800951646462413,-3.0,0.026903982106243212,-0.03673934562918457,3,12
2018-12-21,78.9800033569336,82.33000183105469,78.54000091552734,82.29000091552734,2178600,-0.0315144034169208,-3.0,0.02520251307383829,-0.013428509087525908,4,12
2018-12-24,76.70999908447266,79.13999938964844,76.66999816894531,77.83000183105469,652600,-0.028741506406401718,-3.0,0.025906474303318234,-0.02913331483271553,0,12
2018-12-26,81.19000244140625,81.36000061035156,77.08999633789062,77.75,932000,0.05840181736933969,6.0,0.024643110277249865,-0.09454676606252288,2,12
2018-12-27,82.8499984741211,83.0199966430664,79.41999816894531,79.70999908447266,956500,0.020445818238678415,2.0,0.028150631648565416,-0.032530931686188924,3,12
2018-12-28,82.33999633789062,84.29000091552734,81.43000030517578,83.7699966430664,934000,-0.00615572897553851,-1.0,0.028435006692463113,-0.02322566880206367,4,12
2018-12-31,82.9000015258789,83.75,82.16000366210938,83.27999877929688,1177100,0.006801132048758429,1.0,0.028456231889311553,-0.03015318188431304,0,12
2019-01-02,81.91999816894531,82.3499984741211,80.8499984741211,80.87999725341797,1134300,-0.011821511928774453,-1.0,0.0263001705015509,-0.06770126818523536,2,1
2019-01-03,78.16000366210938,81.47000122070312,77.93000030517578,80.77999877929688,1451300,-0.04589837147068321,-5.0,0.026221726175877057,-0.06409231907448021,3,1
2019-01-04,81.58999633789062,82.08999633789062,78.73999786376953,79.93000030517578,1348100,0.04388424405159097,4.0,0.027811738502578183,-0.09631164767492228,4,1
2019-01-07,82.51000213623047,83.29000091552734,81.61000061035156,81.98999786376953,951000,0.01127596322629798,1.0,0.02774639285785587,-0.09695630641033814,0,1
2019-01-08,84.0999984741211,84.88999938964844,82.87999725341797,83.91999816894531,1191600,0.019270346584955966,2.0,0.027147491023375707,-0.05562550598113247,1,1
2019-01-09,85.70999908447266,86.37000274658203,84.01000213623047,84.66999816894531,715700,0.019143883942482898,2.0,0.027546967118369587,-0.03907676302700425,2,1
2019-01-10,86.66999816894531,86.80999755859375,84.9000015258789,84.97000122070312,705900,0.011200549465955723,1.0,0.026196180009157577,0.023036528208361773,3,1
2019-01-11,86.41000366210938,86.98999786376953,85.06999969482422,86.26000213623047,449400,-0.0029998213029741594,-0.0,0.026009784746177995,0.015822766982534153,4,1
2019-01-14,85.0,85.81999969482422,84.41000366210938,85.37000274658203,844600,-0.016317597527514716,-2.0,0.02601377129202826,0.008520113846095523,0,1
2019-01-15,86.33999633789062,87.11000061035156,85.0199966430664,85.58000183105469,665600,0.015764662798713136,2.0,0.026057503944316027,-0.022426647690430013,1,1
2019-01-16,87.41999816894531,87.97000122070312,86.62000274658203,86.81999969482422,574700,0.012508708325954965,1.0,0.02630253979433277,-0.005070320898774017,2,1
2019-01-17,87.55000305175781,88.63999938964844,86.68000030517578,86.68000030517578,901000,0.0014871297819207818,0.0,0.026004582106323802,0.028228671143738948,3,1
2019-01-18,87.68000030517578,89.33000183105469,87.6500015258789,88.25,1580100,0.0014848343676370224,0.0,0.024872360847779943,0.06327431315988141,4,1
2019-01-22,85.80999755859375,87.97000122070312,85.7699966430664,87.0,1446900,-0.02132758599536233,-2.0,0.02474015994460726,0.04968276770653435,1,1
2019-01-23,84.63999938964844,87.16000366210938,84.22000122070312,86.2699966430664,2422200,-0.013634753551256096,-1.0,0.025277657087351035,0.022765148962788917,2,1
2019-01-24,79.75,80.44000244140625,77.26000213623047,79.30999755859375,5404600,-0.05777409528486466,-6.0,0.024628429841333666,0.03789081817605178,3,1
2019-01-25,81.44999694824219,83.36000061035156,79.9000015258789,80.43000030517578,2264700,0.021316576153507016,2.0,0.026973345464224998,0.00974926070320059,4,1
2019-01-28,81.43000030517578,81.79000091552734,80.05000305175781,80.44000244140625,1421800,-0.00024550821136448686,-0.0,0.026437840049649015,0.06179113440673967,0,1
2019-01-29,82.22000122070312,82.62999725341797,80.56999969482422,81.33000183105469,1621200,0.009701595389495887,1.0,0.023215543602551462,0.002956002667233948,1,1
2019-01-30,85.2300033569336,85.33999633789062,82.26000213623047,82.58999633789062,1840800,0.036609122981532405,4.0,0.022867472708250743,-0.007604070790837136,2,1
2019-01-31,84.79000091552734,85.56999969482422,84.12000274658203,85.2300033569336,1404200,-0.005162529908201097,-1.0,0.024169386927388545,0.03509845940706047,3,1
2019-02-01,84.80000305175781,85.7699966430664,84.23999786376953,84.66999816894531,1019000,0.0001179636292307773,0.0,0.024189699419878204,0.02279854469071907,4,2
2019-02-04,86.66999816894531,86.9800033569336,84.79000091552734,84.79000091552734,1217900,0.022051828418522046,2.0,0.0240041043137571,0.03515631039044953,0,2
2019-02-05,87.72000122070312,91.47000122070312,86.5,89.47000122070312,1449900,0.012114954124160082,1.0,0.021705084815321036,0.10887914672605681,1,2
2019-02-06,86.88999938964844,87.87999725341797,85.9800033569336,87.58000183105469,875000,-0.009461945046790543,-1.0,0.019903446385456908,0.07513181956065007,2,2
2019-02-07,86.45999908447266,86.75,85.18000030517578,86.04000091552734,779400,-0.004948789368123818,-0.0,0.020020122760877154,0.05308443994688372,3,2
2019-02-08,87.26000213623047,87.30999755859375,85.44000244140625,85.52999877929688,950300,0.00925286907505285,1.0,0.01971057797984154,0.028061838919982485,4,2
2019-02-11,87.80999755859375,88.44999694824219,87.02999877929688,87.83999633789062,1109500,0.006302949907159405,1.0,0.01938349947770428,0.018084273344002533,0,2
2019-02-12,89.0,89.30000305175781,87.51000213623047,88.54000091552734,1088800,0.013552015425261743,1.0,0.01928428531828929,0.013153333491783936,1,2
2019-02-13,90.3499984741211,90.6999969482422,89.25,89.66000366210938,1262400,0.015168522181135957,2.0,0.0194585953214082,0.029973339059425674,2,2
2019-02-14,90.98999786376952,91.2699966430664,89.75,89.9800033569336,1907100,0.007083557282314024,1.0,0.019221364768777807,0.06294115851907178,3,2
2019-02-15,91.93000030517578,92.0,90.75,91.18000030517578,1340100,0.010330832657163391,1.0,0.019027507140796016,0.05385686498851783,4,2
2019-02-19,92.62000274658205,93.3000030517578,90.98999786376952,91.27999877929688,1443300,0.0075057373992788445,1.0,0.01897710370470993,0.051590050682849053,1,2
2019-02-20,91.83000183105467,93.04000091552734,90.91999816894533,92.58000183105467,981900,-0.008529484907152218,-1.0,0.0190053214421173,0.05790976034377682,2,2
2019-02-21,91.6999969482422,92.33000183105467,90.73999786376952,91.8000030517578,825100,-0.0014157125146491145,-0.0,0.019166478234923984,0.047331221617638475,3,2
2019-02-22,92.9800033569336,93.0,92.0,92.23999786376952,679000,0.013958630875569922,1.0,0.01841259393353086,0.06864001348591775,4,2
2019-02-25,93.1999969482422,94.47000122070312,92.9800033569336,93.66999816894533,819700,0.0023660312257043348,0.0,0.018123693533016422,0.09853501922762486,0,2
2019-02-26,93.0999984741211,93.4499969482422,92.31999969482422,93.04000091552734,715400,-0.0010729450364321824,-0.0,0.011194365734225099,0.1686519993509994,1,2
2019-02-27,93.52999877929688,93.79000091552734,92.37999725341795,92.75,666000,0.004618692934729829,0.0,0.010875118245230032,0.14303255939078752,2,2
2019-02-28,92.81999969482422,93.93000030517578,92.7300033569336,93.55999755859376,746900,-0.0075911375359689615,-1.0,0.010776919779889848,0.1485938650223977,3,2
2019-03-01,93.62000274658205,94.0199966430664,92.61000061035156,93.7300033569336,1182300,0.008618865054816904,1.0,0.011186847725474501,0.12892238283562563,4,3
2019-03-04,91.2699966430664,94.08000183105467,90.47000122070312,94.0,1317400,-0.025101538502159793,-3.0,0.00873827772261988,0.09843950556369307,0,3
2019-03-05,90.61000061035156,92.0,90.58999633789062,91.37999725341795,1124800,-0.007231248570063187,-1.0,0.010704649153290943,0.0764240554024147,1,3
2019-03-06,89.95999908447266,91.3000030517578,89.68000030517578,90.5,842600,-0.007173617939526311,-1.0,0.01094060114574018,0.06851411968756183,2,3
2019-03-07,89.63999938964844,90.4499969482422,88.9800033569336,89.83000183105469,885300,-0.003557133148964775,-0.0,0.010262846108606715,0.03796008982386456,3,3
2019-03-08,88.45999908447266,88.7699966430664,87.8499984741211,88.44999694824219,1006100,-0.01316376966990529,-1.0,0.010044754052299784,0.021887803718955823,4,3
2019-03-11,90.41999816894533,90.7300033569336,88.16999816894531,89.0,790300,0.02215689695634082,2.0,0.010268981914486346,0.018068819264041247,0,3
2019-03-12,90.1999969482422,90.7699966430664,89.77999877929688,90.52999877929688,1229200,-0.0024331035739689755,-0.0,0.011161342318806876,0.04580151661352305,1,3
2019-03-13,91.26000213623048,92.29000091552734,90.4499969482422,90.70999908447266,949400,0.011751720885273764,1.0,0.011082861388376927,0.03369235319776642,2,3
2019-03-14,91.66000366210938,91.98999786376952,90.77999877929688,91.0199966430664,1299500,0.0043830979236860745,0.0,0.011259908370655804,0.039289428010000904,3,3
2019-03-15,91.1999969482422,92.0999984741211,90.93000030517578,91.55999755859376,1082700,-0.005018619850408412,-1.0,0.010959135326648635,0.029887681596734605,4,3
2019-03-18,91.83000183105467,92.06999969482422,90.9499969482422,91.47000122070312,996100,0.006907948507608008,1.0,0.010575256306390309,0.00940784159907393,0,3
2019-03-19,92.5999984741211,92.81999969482422,91.3499984741211,92.41000366210938,780800,0.008385022625645,1.0,0.0105698575906034,0.009231827530568948,1,3
2019-03-20,92.9800033569336,93.88999938964844,91.9499969482422,92.44000244140624,761500,0.004103724504042061,0.0,0.010487494036458147,0.0072881340881230106,2,3
2019-03-21,94.95999908447266,94.98999786376952,92.44000244140624,92.56999969482422,735400,0.021294855410342484,2.0,0.010398110429843855,0.0038868559671343395,3,3
2019-03-22,93.12000274658205,94.93000030517578,92.69000244140624,94.26000213623048,1847000,-0.019376541234523592,-2.0,0.011150517916796202,0.034084691179429916,4,3
2019-03-25,92.01000213623048,93.43000030517578,91.8499984741211,92.7300033569336,1130400,-0.011920109295661563,-1.0,0.012050456653203501,0.01548534182767014,0,3
2019-03-26,92.72000122070312,93.72000122070312,92.01000213623048,92.8000030517578,816200,0.0077165424191754095,1.0,0.011960548643945756,-0.010432363795250144,1,3
2019-03-27,90.04000091552734,92.83999633789062,89.27999877929688,92.83999633789062,1411400,-0.028904230693402644,-3.0,0.012079510082868748,-0.005150168919057396,2,3
2019-03-28,90.37999725341795,91.1500015258789,89.45999908447266,90.4000015258789,712400,0.0037760588009054796,0.0,0.013612303745335364,-0.03286785831091432,3,3
2019-03-29,92.18000030517578,92.38999938964844,90.9800033569336,91.2699966430664,867200,0.019915944970774646,2.0,0.01359459110126519,-0.03367905021908524,4,3
2019-04-01,94.95999908447266,94.9800033569336,92.6999969482422,93.1999969482422,930300,0.03015837242453112,3.0,0.014289968749101213,-0.006895059165617834,0,4
2019-04-02,95.01000213623048,95.62999725341795,94.37000274658205,94.97000122070312,978300,0.0005265696318441648,0.0,0.015663975409356944,0.014313141407588104,1,4
2019-04-03,95.20999908447266,96.02999877929688,94.83000183105467,95.33000183105467,951400,0.0021050094068559844,0.0,0.014500737958957283,0.04097738173246879,2,4
2019-04-04,93.69000244140624,95.4800033569336,92.38999938964844,95.4000015258789,837700,-0.01596467448463934,-2.0,0.014345394809696193,0.0507670063252994,3,4
2019-04-05,94.16000366210938,94.4800033569336,93.62999725341795,93.86000061035156,732900,0.005016556819892104,1.0,0.014762736398633408,0.041462910125544816,4,4
2019-04-08,94.2699966430664,94.38999938964844,92.87000274658205,94.29000091552734,1049300,0.0011681497098463556,0.0,0.0147186894740924,0.05042396589956799,0,4
2019-04-09,94.0999984741211,94.8499984741211,93.75,93.75,1119500,-0.0018033114988745824,-0.0,0.01428445530303188,0.06567937620082542,1,4
2019-04-10,95.18000030517578,95.87999725341795,94.22000122070312,94.43000030517578,1040400,0.011477171610706272,1.0,0.013630726540259364,0.04069896460625744,2,4
2019-04-11,97.06999969482422,97.16000366210938,95.44000244140624,95.56999969482422,837200,0.019857106362560772,2.0,0.013742568834489972,0.055210682100035546,3,4
2019-04-12,98.58999633789062,99.61000061035156,97.68000030517578,98.16000366210938,1193300,0.01565876839234659,2.0,0.01411956210963204,0.06366422772947922,4,4
2019-04-15,97.98999786376952,99.26000213623048,97.8499984741211,98.47000122070312,703500,-0.0060857946689112374,-1.0,0.014385155080300149,0.07560541565465795,0,4
2019-04-16,97.33000183105467,98.47000122070312,96.91000366210938,98.47000122070312,845200,-0.0067353408215439226,-1.0,0.01441887771951395,0.07445176691596567,1,4
2019-04-17,96.2300033569336,98.11000061035156,95.86000061035156,98.11000061035156,725500,-0.011301741019490108,-1.0,0.014565424398073889,0.059893279868584726,2,4
2019-04-18,97.5999984741211,97.66000366210938,95.63999938964844,96.5199966430664,1043400,0.014236673276482703,1.0,0.01482428090794663,0.03920091730700159,3,4
2019-04-22,99.4800033569336,99.73999786376952,97.19000244140624,97.19000244140624,1190300,0.019262345411931392,2.0,0.015061338117993105,0.04968805066022819,0,4
2019-04-23,100.81999969482422,101.54000091552734,99.38999938964844,99.91000366210938,1196900,0.013470006962934322,1.0,0.014940021860743766,0.047599034499148596,1,4
2019-04-24,101.88999938964844,102.47000122070312,100.22000122070312,100.55999755859376,1533300,0.01061297062153388,1.0,0.014258494148060442,0.08268896822519478,2,4
2019-04-25,90.83000183105467,93.04000091552734,89.7699966430664,92.0,6236100,-0.1085484112753603,-11.0,0.013851502458572551,0.107379600304645,3,4
2019-04-26,92.18000030517578,92.44000244140624,90.72000122070312,91.0,1569500,0.014862913650845577,1.0,0.0283462395001189,-0.020383944831381617,4,4
2019-04-29,90.98999786376952,93.23999786376952,90.5500030517578,92.18000030517578,1381200,-0.012909551285165799,-1.0,0.027762262309425665,0.023767207550965175,0,4
2019-04-30,90.47000122070312,91.54000091552734,89.86000061035156,90.6999969482422,1081800,-0.005714876967520488,-1.0,0.027932350461101624,0.006749287772616075,1,4
2019-05-01,87.93000030517578,90.73999786376952,87.63999938964844,90.73999786376952,2508400,-0.028075614913842695,-3.0,0.027609438766185768,-0.018550651755385617,2,5
2019-05-02,87.87000274658203,88.37999725341797,86.72000122070312,87.91000366210938,1628800,-0.0006823332012455552,-0.0,0.027298147726720207,-0.07403115887820577,3,5
2019-05-03,88.41999816894531,89.23999786376953,88.05000305175781,88.44999694824219,1014500,0.006259194323112505,1.0,0.027290992204068526,-0.07514997609841889,4,5
2019-05-06,88.29000091552734,88.6500015258789,85.94000244140625,86.19999694824219,750500,-0.0014702245658225754,-0.0,0.02734741444078135,-0.07131604853291817,0,5
2019-05-07,86.37000274658203,87.5999984741211,85.19000244140625,87.08000183105469,1265800,-0.021746496194764986,-2.0,0.027190010002475527,-0.057636902392611766,1,5
2019-05-08,86.4800033569336,87.58000183105469,86.06999969482422,86.06999969482422,892100,0.0012735973932329614,0.0,0.027448535822716297,-0.08273152732110711,2,5
2019-05-09,86.33000183105469,86.9000015258789,84.11000061035156,85.25,1514600,-0.001734522664849969,-0.0,0.027449485188070517,-0.08263491634170717,3,5
2019-05-10,87.55999755859375,87.91000366210938,84.94999694824219,86.12000274658203,1283100,0.014247604557522608,1.0,0.027449729352218535,-0.08257169786462082,4,5
2019-05-13,83.93000030517578,86.12999725341797,83.5999984741211,85.25,806100,-0.041457256220100214,-4.0,0.027532930718772594,-0.08005886448991395,0,5
2019-05-14,85.45999908447266,86.12000274658203,84.3499984741211,84.62000274658203,502600,0.018229462334489188,2.0,0.028166579190477065,-0.135366224693097,1,5
2019-05-15,87.06999969482422,87.52999877929688,84.05000305175781,84.68000030517578,768500,0.018839230372096782,2.0,0.028273099746984564,-0.13317778416806558,2,5
2019-05-16,88.55000305175781,90.23999786376952,87.05999755859375,87.23999786376953,787500,0.01699785646170815,2.0,0.02880431198659297,-0.11143992659461854,3,5
2019-05-17,86.83999633789062,88.69999694824219,86.76000213623047,87.80999755859375,580000,-0.019311198813484864,-2.0,0.02920365331171776,-0.09020855454762211,4,5
2019-05-20,83.8499984741211,86.01000213623047,83.38999938964844,85.63999938964844,836600,-0.034431114576923494,-3.0,0.029354812839139804,-0.0975787871919096,0,5
2019-05-21,85.33000183105469,85.77999877929688,84.5,84.87000274658203,1375300,0.0176506068439628,2.0,0.029724915006723664,-0.14088114974352028,1,5
2019-05-22,86.5199966430664,86.86000061035156,84.81999969482422,84.81999969482422,598900,0.01394579616168068,1.0,0.029656359194658977,-0.14223965669873162,2,5
2019-05-23,84.7699966430664,85.72000122070312,84.44999694824219,84.83000183105469,1145400,-0.02022653800160823,-2.0,0.029672828386934115,-0.1418369678143525,3,5
2019-05-24,85.44000244140625,85.94999694824219,84.55000305175781,84.55000305175781,738100,0.007903808244336563,1.0,0.02952985070849696,-0.16802436793734388,4,5
2019-05-28,86.4000015258789,87.19000244140625,85.41000366210938,85.73999786376953,1397100,0.011235944019676314,1.0,0.01871361417533435,-0.059341619299688175,1,5
2019-05-29,84.62999725341797,86.04000091552734,84.44999694824219,85.97000122070312,630100,-0.020486160199091885,-2.0,0.018559124160754607,-0.06270339292863225,2,5
2019-05-30,85.44000244140625,85.66999816894531,84.79000091552734,84.9800033569336,426800,0.009571135699824929,1.0,0.01883476907950034,-0.06989779931497264,3,5
2019-05-31,84.05999755859375,84.80000305175781,83.43000030517578,84.05000305175781,817000,-0.016151742080752984,-2.0,0.01903008443609193,-0.05559852670971133,4,5
2019-06-03,80.86000061035156,84.62000274658203,80.45999908447266,84.2699966430664,1287300,-0.03806801143447147,-4.0,0.018397646894704196,-0.04401231358069535,0,6
2019-06-04,84.26000213623047,84.33000183105469,81.43000030517578,81.94999694824219,776700,0.04204800272340892,4.0,0.020004627880582354,-0.07977696502920784,1,6
2019-06-05,85.98999786376953,86.06999969482422,83.69000244140625,85.16000366210938,620300,0.020531636407295828,2.0,0.022294162578695407,-0.04704813525065088,2,6
2019-06-06,87.13999938964844,87.37000274658203,85.0,85.69999694824219,1139600,0.013373666175696464,1.0,0.022833446295767803,-0.026050549642177123,3,6
2019-06-07,88.76000213623047,89.43000030517578,87.19999694824219,87.79000091552734,872900,0.01859080511738531,2.0,0.022522476315457344,0.008915093418784048,4,6
2019-06-10,90.7699966430664,91.66999816894533,88.83999633789062,89.58999633789062,1123500,0.02264527330397037,2.0,0.022860331255412786,0.026364462196960314,0,6
2019-06-11,88.31999969482422,91.9499969482422,88.22000122070312,91.76000213623048,1385500,-0.02699126406136465,-3.0,0.023303131201814403,0.051430495978682655,1,6
2019-06-12,87.47000122070312,88.5,86.87000274658203,88.26000213623047,818500,-0.00962407695944445,-1.0,0.024004112833919695,0.008679787087955138,2,6
2019-06-13,86.31999969482422,87.69000244140625,85.88999938964844,87.69000244140625,614200,-0.013147382071908686,-1.0,0.02214253213241795,0.042178016235620674,3,6
2019-06-14,83.9000015258789,85.95999908447266,83.41999816894531,85.95999908447266,1008500,-0.02803519668096588,-3.0,0.022065550410730276,0.010063194705882239,4,6
2019-06-17,84.45999908447266,85.2300033569336,83.91999816894531,83.9800033569336,580800,0.006674583413696533,1.0,0.022506329353371005,-0.036407467325783704,0,6
2019-06-18,86.55000305175781,86.88999938964844,84.5,85.30999755859375,624500,0.024745488869764687,2.0,0.022192121883004054,-0.04618863722561972,1,6
2019-06-19,87.95999908447266,87.98999786376953,86.38999938964844,86.9000015258789,493700,0.01629111476601164,2.0,0.02255469531535941,-0.003339397724113957,2,6
2019-06-20,89.48999786376953,89.94000244140625,88.69000244140625,89.23999786376953,1309200,0.01739425642589576,2.0,0.021357895051644045,0.04901610834996073,3,6
2019-06-21,88.8499984741211,89.66999816894531,88.19000244140625,89.02999877929688,2022800,-0.007151630404804599,-1.0,0.02134887342298108,0.04875185683168315,4,6
2019-06-24,88.69999694824219,89.54000091552734,88.62000274658203,89.33000183105469,762300,-0.0016882558070341336,-0.0,0.021278956782920765,0.026930211759796707,0,6
2019-06-25,86.05999755859375,89.33000183105469,85.86000061035156,89.12999725341797,930500,-0.029763241042600197,-3.0,0.020710265295038985,0.04636074626407605,1,6
2019-06-26,87.25,87.55999755859375,86.11000061035156,86.62999725341797,812600,0.013827590926853484,1.0,0.02180856970335819,0.007256496950742486,2,6
2019-06-27,87.70999908447266,88.73999786376953,87.20999908447266,87.7300033569336,749800,0.005272195810574809,1.0,0.02187915630054562,0.009837945128583048,3,6
2019-06-28,89.76000213623047,89.80000305175781,87.52999877929688,88.33000183105469,1555600,0.023372512520305477,2.0,0.02134793257673893,0.036393736630190965,4,6
2019-07-01,90.66999816894533,91.4000015258789,90.05999755859375,91.4000015258789,642200,0.010138101727467985,1.0,0.021802811455623038,0.050561792736216526,0,7
2019-07-02,90.97000122070312,91.13999938964844,90.0,90.5,544700,0.0033087356106349386,0.0,0.02142506781273071,0.07863431837175705,1,7
2019-07-03,92.97000122070312,93.0500030517578,90.63999938964844,91.37000274658205,436300,0.021985269574172905,2.0,0.019162396994887334,0.12503092423990525,2,7
2019-07-05,92.83000183105467,93.33999633789062,91.04000091552734,91.94000244140624,530000,-0.0015058555212460467,-0.0,0.01770995737421236,0.10337050633336609,4,7
2019-07-08,90.7699966430664,92.5199966430664,90.16000366210938,92.06999969482422,1003500,-0.022191157463697597,-2.0,0.017383899514976202,0.07954418115141126,0,7
2019-07-09,89.56999969482422,90.9000015258789,88.25,90.47000122070312,1495800,-0.013220193815373982,-1.0,0.01812092358911795,0.04165707228417981,1,7
2019-07-10,91.05999755859376,92.20999908447266,90.12999725341795,90.16000366210938,878400,0.016635010258414074,2.0,0.018002883850938706,0.009125704586515848,2,7
2019-07-11,90.18000030517578,91.55999755859376,89.83999633789062,90.91000366210938,887800,-0.009663927926768734,-1.0,0.01767955492217763,0.003194898383303002,3,7
2019-07-12,91.06999969482422,91.19000244140624,89.58999633789062,90.61000061035156,693200,0.009869143786167767,1.0,0.016720435288536534,0.021059789592147826,4,7
2019-07-15,90.41999816894533,91.6500015258789,89.95999908447266,91.44000244140624,691500,-0.007137383639585493,-1.0,0.01663464492212258,0.041156950084379584,0,7
2019-07-16,89.5,90.47000122070312,89.33999633789062,90.4000015258789,540800,-0.010174720057241737,-1.0,0.016410210559173508,0.04749766553077217,1,7
2019-07-17,89.62999725341797,90.31999969482422,88.94000244140625,89.33999633789062,701400,0.0014524832784130748,0.0,0.015173408235565266,0.06674610694010275,2,7
2019-07-18,88.4800033569336,89.55000305175781,88.38999938964844,89.51000213623047,528800,-0.012830457790073413,-1.0,0.01515624978496787,0.0612123872245669,3,7
2019-07-19,87.98999786376953,89.37999725341797,87.9800033569336,88.80000305175781,1475200,-0.005538036557111714,-1.0,0.014663609885979005,0.022299251728756353,4,7
2019-07-22,89.70999908447266,90.01000213623047,87.69000244140625,88.55000305175781,1668700,0.01954769022004199,2.0,0.01430622104517284,0.0003410502456697717,0,7
2019-07-23,90.5999984741211,90.7300033569336,89.0999984741211,90.0,762900,0.009920849389491115,1.0,0.01444333786337133,0.0024583889368063883,1,7
2019-07-24,91.5999984741211,92.47000122070312,90.06999969482422,90.06999969482422,1723500,0.011037527779712342,1.0,0.014488288358561563,0.019696117389464085,2,7
2019-07-25,72.9000015258789,77.75,72.87000274658203,77.26000213623047,10353600,-0.20414844170030555,-20.0,0.01463433724914673,0.032694494088552295,3,7
2019-07-26,73.36000061035156,74.56999969482422,72.55999755859375,73.43000030517578,2001800,0.006310001026671674,1.0,0.047008651187067624,-0.15291652807397416,4,7
2019-07-29,70.47000122070312,73.26000213623047,69.91999816894531,73.05999755859375,2004200,-0.03939475689209082,-4.0,0.04687319226190874,-0.1591977007409563,0,7
2019-07-30,69.05999755859375,70.41000366210938,68.58000183105469,69.9800033569336,1598100,-0.02000856588172073,-2.0,0.0472987024215815,-0.19655681272058678,1,7
2019-07-31,67.77999877929688,69.41999816894531,66.7300033569336,69.13999938964844,3599500,-0.0185345905668598,-2.0,0.04675125873928986,-0.23061501877216894,2,7
2019-08-01,67.80999755859375,68.5199966430664,67.37999725341797,67.58000183105469,2232700,0.00044259043725514147,0.0,0.04651441753450602,-0.2524539522654179,3,8
2019-08-02,67.2699966430664,68.01000213623047,66.55000305175781,67.44999694824219,1602200,-0.007963441011198058,-1.0,0.04646963409637848,-0.25458946192515364,4,8
2019-08-05,64.83000183105469,66.41000366210938,64.26000213623047,66.3499984741211,2009200,-0.036271665434417844,-4.0,0.04580606823951369,-0.2764333036484212,0,8
2019-08-06,65.52999877929688,66.2300033569336,64.80999755859375,65.7699966430664,1879700,0.01079742292876018,1.0,0.04595434373221303,-0.3016266233728875,1,8
2019-08-07,65.08000183105469,65.37000274658203,64.0199966430664,64.05999755859375,1514600,-0.006867037335949955,-1.0,0.04628767861669496,-0.2780654268724987,2,8
2019-08-08,66.95999908447266,67.01000213623047,65.30000305175781,65.76000213623047,1414200,0.028887480032627755,3.0,0.04631537628800978,-0.27341741595634594,3,8
2019-08-09,66.4800033569336,67.30000305175781,65.83999633789062,66.45999908447266,997300,-0.007168395073206768,-1.0,0.04679435774263216,-0.26466065363787916,4,8
2019-08-12,64.6500015258789,65.9800033569336,64.31999969482422,65.9800033569336,967600,-0.027527101965223122,-3.0,0.04680734309845924,-0.26280768316743897,0,8
2019-08-13,65.80000305175781,66.47000122070312,64.43000030517578,64.43000030517578,902200,0.017788112896154784,2.0,0.04659559811968213,-0.2901064923408234,1,8
2019-08-14,63.93000030517578,64.5199966430664,62.04999923706055,64.5199966430664,1312400,-0.028419493310830046,-3.0,0.04712061662623944,-0.2722848442353014,2,8
2019-08-15,63.709999084472656,64.2300033569336,62.41999816894531,64.02999877929688,1339400,-0.003441282960314873,-0.0,0.04721811954772794,-0.28569832061256106,3,8
2019-08-16,65.37999725341797,65.45999908447266,64.2699966430664,64.4800033569336,834000,0.0262124971424198,3.0,0.047146490181392164,-0.2891888760819623,4,8
2019-08-19,66.88999938964844,67.12999725341797,65.80999755859375,66.52999877929688,1708400,0.023095781579457464,2.0,0.047995305852873364,-0.26107600844372514,0,8
2019-08-20,66.61000061035156,66.83999633789062,66.01000213623047,66.63999938964844,1195300,-0.00418595876591088,-0.0,0.048622433138431,-0.23979996575052942,1,8
2019-08-21,67.91999816894531,68.47000122070312,66.56999969482422,67.5199966430664,1551900,0.01966667987674775,2.0,0.048133163576855154,-0.2574963628343112,2,8
2019-08-22,67.37000274658203,69.38999938964844,66.9000015258789,69.38999938964844,1154400,-0.00809769489385459,-1.0,0.04840968225367267,-0.2503311334122602,3,8
2019-08-23,65.12000274658203,67.98999786376953,65.02999877929688,66.98999786376953,1100500,-0.033397653380890735,-3.0,0.048126391877414666,-0.2645196084188205,4,8
2019-08-26,65.26000213623047,66.23999786376953,64.95999908447266,66.18000030517578,1148500,0.002149867686481066,0.0,0.021104180868792462,-0.10672151737246593,0,8
2019-08-27,64.91999816894531,66.08999633789062,64.69999694824219,66.05999755859375,1026100,-0.0052099901341621235,-1.0,0.021010580921319157,-0.11041437304702162,1,8
2019-08-28,64.93000030517578,65.06999969482422,62.75,63.45000076293945,800600,0.00015406864621958505,0.0,0.01951134231767294,-0.07875695977889807,2,8
2019-08-29,65.66999816894531,66.20999908447266,65.41000366210938,65.93000030517578,856200,0.011396856003257128,1.0,0.019162531429567614,-0.05980303213758276,3,8
2019-08-30,65.47000122070312,66.7699966430664,65.0199966430664,66.2300033569336,706600,-0.003045484297527601,-0.0,0.01904306891969595,-0.031130136446624657,4,8
2019-09-03,63.5099983215332,65.41000366210938,62.810001373291016,64.9000015258789,1344700,-0.029937419621585803,-3.0,0.019042034426455554,-0.03450813187050572,1,9
2019-09-04,64.22000122070312,64.6500015258789,63.650001525878906,64.55000305175781,956800,0.01117938778041494,1.0,0.01999501343104086,-0.055894135709322224,2,9
2019-09-05,66.94000244140625,67.18000030517578,65.05000305175781,65.54000091552734,891400,0.04235442492994301,4.0,0.0186273345010862,-0.00940923327352683,3,9
2019-09-06,67.12999725341797,67.69000244140625,66.26000213623047,66.91999816894531,729000,0.00283828510729478,0.0,0.02072122595135516,0.021516918791014028,4,9
2019-09-09,68.1500015258789,68.18000030517578,67.02999877929688,67.69999694824219,1184100,0.015194463193710428,2.0,0.020639945838477374,0.031499621461059446,0,9
2019-09-10,67.01000213623047,67.88999938964844,66.33999633789062,67.88999938964844,1080400,-0.01672779697907334,-2.0,0.01994195255055579,0.01777184076578342,1,9
2019-09-11,66.73999786376953,68.0,66.62999725341797,67.29000091552734,871900,-0.00402931299587217,-0.0,0.020245216982031092,0.007972303738483566,2,9
2019-09-12,66.4000015258789,67.4000015258789,66.12000274658203,67.31999969482422,1323800,-0.005094341455998075,-1.0,0.01923880480164707,0.032327862158735066,3,9
2019-09-13,66.55000305175781,68.1500015258789,66.36000061035156,66.72000122070312,809000,0.0022590590727689097,0.0,0.01892707312543388,0.009118517420875216,4,9
2019-09-16,67.25,67.58000183105469,65.88999938964844,66.22000122070312,479900,0.010518360873669419,1.0,0.01772049993653189,0.040982367184032586,0,9
2019-09-17,67.45999908447266,67.52999877929688,66.2699966430664,67.29000091552734,488400,0.0031226629661360583,0.0,0.01776544898182676,0.05556429079262237,1,9
2019-09-18,67.0,67.44999694824219,65.95999908447266,67.12999725341797,714300,-0.006818842139274972,-1.0,0.016934407919906698,0.03181403974356933,2,9
2019-09-19,67.58000183105469,67.75,66.95999908447266,67.27999877929688,654100,0.008656743747084805,1.0,0.01628404073495631,0.0016445000950109367,3,9
2019-09-20,67.72000122070312,68.33999633789062,67.45999908447266,67.76000213623047,1425200,0.0020716097344659623,0.0,0.016351935463951816,0.014562396214006013,4,9
2019-09-23,67.51000213623047,67.77999877929688,66.29000091552734,67.66000366210938,982500,-0.003100990559469441,-0.0,0.015778459871598285,-0.002944595901559266,0,9
2019-09-24,66.4000015258789,68.04000091552734,66.13999938964844,67.83000183105469,562800,-0.01644201711194826,-2.0,0.015688006089007733,0.0020780671506732684,1,9
2019-09-25,66.9800033569336,67.18000030517578,65.30999755859375,66.1500015258789,660000,0.00873496713443056,1.0,0.014241129988798623,0.01965600008154267,2,9
2019-09-26,67.36000061035156,67.7699966430664,66.3499984741211,67.16000366210938,803500,0.005673294033638365,1.0,0.014339336120456741,0.02635613184799812,3,9
2019-09-27,67.38999938964844,68.37000274658203,66.5999984741211,67.79000091552734,681500,0.00044535004490886543,0.0,0.014287465982805433,0.03758475832141084,4,9
2019-09-30,68.18000030517578,68.5999984741211,66.9000015258789,67.41000366210938,610100,0.011722821229891434,1.0,0.014285873279005868,0.03788694090421196,0,9
2019-10-01,66.04000091552734,69.43000030517578,65.68000030517578,68.69000244140625,689600,-0.031387494574211416,-3.0,0.01429691608695913,0.03822144367619962,1,10
2019-10-02,64.4800033569336,65.2300033569336,63.650001525878906,65.08999633789062,950500,-0.023622009948018663,-2.0,0.01601953197668672,0.008706272860798059,2,10
2019-10-03,65.22000122070312,65.8499984741211,63.52000045776367,64.25,639800,0.01147639307140258,1.0,0.015468682367833922,0.015273265013951542,3,10
2019-10-04,65.6500015258789,66.30000305175781,64.83000183105469,65.7300033569336,565600,0.006593074166323154,1.0,0.01547874508145793,0.015571472765366856,4,10
2019-10-07,64.55000305175781,65.61000061035156,64.5,65.58999633789062,549100,-0.016755498073941055,-2.0,0.012331429237032376,-0.019271001919315744,0,10
2019-10-08,62.709999084472656,64.06999969482422,62.400001525878906,63.75,1105400,-0.02850509496970577,-3.0,0.012771569972106897,-0.03843280660239856,1,10
2019-10-09,63.22999954223633,64.20999908447266,63.18999862670898,63.560001373291016,672600,0.008292145835677944,1.0,0.013410599410660237,-0.07982395186507063,2,10
2019-10-10,62.9900016784668,63.9900016784668,62.18999862670898,62.84999847412109,1512300,-0.0037956328563504282,-0.0,0.013322018931403886,-0.056409528032985934,3,10
2019-10-11,64.45999908447266,65.88999938964844,64.02999877929688,64.37999725341797,1529500,0.02333699582212234,2.0,0.013320929277679572,-0.056188137628611745,4,10
2019-10-14,65.43000030517578,65.8499984741211,64.04000091552734,64.48999786376953,1112000,0.01504811099100345,2.0,0.014457916362499322,-0.02921690356663842,0,10
2019-10-15,65.0,66.04000091552734,64.9800033569336,65.91999816894531,690800,-0.006571913543790164,-1.0,0.01487902069376252,-0.016829492039406424,1,10
2019-10-16,64.7300033569336,64.79000091552734,63.40999984741211,64.0999984741211,804400,-0.004153794508713893,-0.0,0.01470096490499578,-0.03345724907063197,2,10
2019-10-17,64.44999694824219,65.6500015258789,64.30000305175781,64.87999725341797,846600,-0.004325759217829739,-0.0,0.014671902174679022,-0.04046836294973255,3,10
2019-10-18,64.37999725341797,65.19000244140625,63.209999084472656,64.30999755859375,1365400,-0.0010861085824477312,-0.0,0.01463983959595484,-0.03805974704116133,4,10
2019-10-21,66.12000274658203,66.55000305175781,64.19999694824219,64.62999725341797,1597700,0.027027113504135558,3.0,0.014446884551086439,-0.047351353816717956,0,10
2019-10-22,65.94000244140625,67.16000366210938,65.5199966430664,66.2300033569336,848700,-0.002722327551401782,-0.0,0.015781208950281914,-0.023626675210867365,1,10
2019-10-23,66.88999938964844,67.19000244140625,65.45999908447266,66.08999633789062,1016200,0.014406989885788146,1.0,0.0157789271250666,-0.02325580869714783,2,10
2019-10-24,69.94999694824219,77.75,68.75,77.0,4612600,0.045746712311486526,5.0,0.015705324169065303,0.007379485730562241,3,10
2019-10-25,67.75,69.88999938964844,67.58999633789062,69.45999908447266,1467800,-0.03145099419904229,-3.0,0.018506375321297716,0.044341496602823716,4,10
2019-10-28,67.41000366210938,68.73999786376953,67.0199966430664,67.93000030517578,1412100,-0.005018396131226899,-1.0,0.019883020052894232,0.005789777109777905,0,10
2019-10-29,64.20999908447266,67.4000015258789,63.43999862670898,67.4000015258789,3072800,-0.04747076700480013,-5.0,0.019918975289179575,0.00029684333939927754,1,10
2019-10-30,66.81999969482422,66.97000122070312,64.01000213623047,64.87999725341797,1297900,0.0406478842480269,4.0,0.022258143021500906,-0.058228237062676436,2,10
2019-10-31,66.91000366210938,67.25,66.36000061035156,66.62999725341797,851100,0.0013469615039840566,0.0,0.023135880218608792,0.011811004974009442,3,10
2019-11-01,69.5999984741211,69.63999938964844,67.23999786376953,67.3499984741211,956900,0.0402031783706962,4.0,0.022448662583093363,0.037686106989237356,4,11
2019-11-04,70.76000213623047,71.20999908447266,70.13999938964844,70.25,1021100,0.016666719648574357,2.0,0.023884150015509233,0.06715727033791596,0,11
2019-11-05,73.16999816894531,73.19999694824219,71.13999938964844,71.2300033569336,1582900,0.03405873318198904,3.0,0.024052663816154694,0.07783702195859399,1,11
2019-11-06,71.7699966430664,72.91999816894531,71.66000366210938,72.91000366210938,1098500,-0.01913354600127748,-2.0,0.024429037319884585,0.1335398095996334,2,11
2019-11-07,72.80000305175781,73.5199966430664,71.9800033569336,72.22000122070312,927400,0.014351490272654477,1.0,0.02384051008155243,0.14447452863760368,3,11
2019-11-08,73.2300033569336,73.58000183105469,71.88999938964844,72.5199966430664,555300,0.005906597350965326,1.0,0.023897130707212937,0.15135226283101466,4,11
2019-11-11,73.18000030517578,73.69999694824219,72.63999938964844,72.63999938964844,310700,-0.00068282192360547,-0.0,0.023771328588702782,0.1625655088999205,0,11
2019-11-12,73.2699966430664,73.75,72.83000183105469,73.27999877929688,500800,0.001229794172114218,0.0,0.023546364835257544,0.1352777124504121,1,11
2019-11-13,74.19000244140625,74.55999755859375,72.69000244140625,72.73999786376953,808300,0.012556378333434814,1.0,0.023483356894495197,0.1198226547657597,2,11
2019-11-14,73.63999938964844,74.61000061035156,73.0999984741211,74.27999877929688,598700,-0.007413438922477367,-1.0,0.0233555850705355,0.1413846529447116,3,11
2019-11-15,74.08999633789062,74.30999755859375,73.23999786376953,74.04000091552734,1319800,0.006110767951818419,1.0,0.023441138539267267,0.13764862614919737,4,11
2019-11-18,72.80999755859375,73.7699966430664,72.0,73.38999938964844,956400,-0.017276269976575276,-2.0,0.023312177975068547,0.14957331025771858,0,11
2019-11-19,73.5,74.05999755859375,71.41999816894531,73.29000091552734,505800,0.009476754079698724,1.0,0.023851595669341953,0.13094129644014907,1,11
2019-11-20,74.93000030517578,75.06999969482422,73.25,73.25,1185300,0.0194557864649767,2.0,0.023386341460732277,0.11161519883329807,2,11
2019-11-21,75.08000183105469,75.69999694824219,74.27999877929688,75.19999694824219,584000,0.002001888766421711,0.0,0.02350586926289493,0.1363360256432804,3,11
2019-11-22,75.13999938964844,75.47000122070312,74.9800033569336,75.1500015258789,993000,0.0007991150390320723,0.0,0.023449537551145046,0.12243986419700414,4,11
2019-11-25,74.6500015258789,75.87999725341797,74.55000305175781,75.5,875100,-0.006521132123365914,-1.0,0.021596988432989055,0.07419589232071688,0,11
2019-11-26,75.4800033569336,75.56999969482422,74.37999725341797,74.79000091552734,691300,0.011118577549753317,1.0,0.020212681552138182,0.10184504097238234,1,11
2019-11-27,77.08999633789062,77.11000061035156,74.93000030517578,75.19999694824219,819900,0.02133005974236135,2.0,0.020126365239231177,0.11971516475914834,2,11
2019-11-29,76.5999984741211,77.8499984741211,76.58000183105469,77.13999938964844,367400,-0.006356179621825886,-1.0,0.016291146751559137,0.2005917682146896,4,11
2019-12-02,75.91999816894531,77.2699966430664,75.69000244140625,76.51000213623047,594300,-0.008877288756154678,-1.0,0.014873902826432714,0.14636334666212836,0,12
2019-12-03,75.76000213623047,75.93000030517578,74.11000061035156,74.95999908447266,912200,-0.0021074293542369116,-0.0,0.015218815283652523,0.13465840701990928,1,12
2019-12-04,75.0199966430664,76.4000015258789,75.0199966430664,76.06999969482422,685400,-0.009767759666022613,-1.0,0.013143405761053578,0.08850580168331201,2,12
2019-12-05,75.76000213623047,75.7699966430664,74.76000213623047,75.43000030517578,463000,0.009864109921050801,1.0,0.013148376577064122,0.06020342535652268,3,12
2019-12-06,75.70999908447266,76.83000183105469,75.69999694824219,76.83000183105469,363700,-0.0006600191439791736,-0.0,0.01119347697082903,0.03539707574277906,4,12
2019-12-09,76.08999633789062,76.76000213623047,75.52999877929688,75.69000244140625,548600,0.005019115810501962,1.0,0.010150166509793036,0.05489762610692406,0,12
2019-12-10,74.9000015258789,76.20999908447266,74.69000244140625,75.80999755859375,393700,-0.015639306995460234,-2.0,0.009808339999857052,0.045192213574410944,1,12
2019-12-11,73.93000030517578,74.8499984741211,73.80999755859375,74.77999877929688,426800,-0.012950616835007422,-1.0,0.010498638591327571,0.022804835346046604,2,12
2019-12-12,73.44000244140625,74.33999633789062,72.86000061035156,73.7300033569336,601200,-0.006627862325806366,-1.0,0.010936539940811835,0.010248701788362125,3,12
2019-12-13,74.62999725341797,74.94999694824219,73.1500015258789,73.52999877929688,585300,0.01620363252249546,2.0,0.011045723182758045,0.002320264857770038,4,12
2019-12-16,74.37999725341797,75.58999633789062,74.29000091552734,74.98999786376953,1099000,-0.0033498594291928585,-0.0,0.011276510178954155,0.00593064830209733,0,12
2019-12-17,73.7699966430664,74.51000213623047,73.61000061035156,74.43000030517578,524400,-0.008201137844537021,-1.0,0.01117114612824157,0.010048857548925483,1,12
2019-12-18,74.05999755859375,74.58000183105469,73.33000183105469,73.66999816894531,502000,0.0039311499081462475,0.0,0.011250293995273093,-0.004319067494143791,2,12
2019-12-19,74.4800033569336,74.62000274658203,73.5,74.38999938964844,677000,0.005671155984140475,1.0,0.010566792450548835,0.017167972008158117,3,12
2019-12-20,74.13999938964844,74.70999908447266,73.91000366210938,74.66999816894531,1577100,-0.004565036948988022,-0.0,0.010443612288090834,0.013333379005899149,4,12
2019-12-23,74.58000183105469,75.16999816894531,73.6500015258789,74.2699966430664,890000,0.005934751079424538,1.0,0.009562983136602718,-0.010543185804214872,0,12
2019-12-24,74.43000030517578,75.37000274658203,74.37000274658203,74.83999633789062,143000,-0.0020112834834558058,-0.0,0.009651729454631225,-0.006659562970244726,1,12
2019-12-26,75.61000061035156,75.68000030517578,74.43000030517578,74.43000030517578,263200,0.01585382641861588,2.0,0.009655590716065053,-0.009449016372636176,3,12
2019-12-27,75.77999877929688,75.9800033569336,75.05999755859375,75.9800033569336,436300,0.002248355608689634,0.0,0.010168169195313043,0.012860000868718746,4,12
2019-12-30,75.29000091552734,75.9000015258789,74.5999984741211,75.83000183105469,306500,-0.006466057952793203,-1.0,0.009892389939675627,0.003974501974312927,0,12
2019-12-31,74.88999938964844,75.44000244140625,74.7300033569336,74.94999694824219,437800,-0.005312810745316532,-1.0,0.008718710075418813,-0.023349273678439197,1,12
2020-01-02,76.37000274658203,76.9000015258789,74.9800033569336,75.43000030517578,539500,0.019762363052417964,2.0,0.008690115500939252,-0.022323748283759715,3,1
2020-01-03,75.43000030517578,75.7699966430664,74.87999725341797,75.33999633789062,311200,-0.012308529626815057,-1.0,0.009598275872737174,0.00592735232468411,4,1
2020-01-06,76.2699966430664,76.30999755859375,74.61000061035156,74.76000213623047,380400,0.011136104129552571,1.0,0.009978166555031242,-0.004355884658784448,0,1
2020-01-07,75.91999816894531,76.9800033569336,75.62000274658203,76.12999725341797,400200,-0.004588940468413072,-0.0,0.010014450669321804,0.01666222415267904,1,1
2020-01-08,76.9800033569336,77.48999786376953,75.55999755859375,75.98999786376953,743000,0.013962134003605353,1.0,0.009858315027787478,0.002111879992124921,2,1
2020-01-09,77.33000183105469,78.19000244140625,76.87999725341797,77.87000274658203,538600,0.004546615469711801,0.0,0.010304765885818723,0.016774591042379328,3,1
2020-01-10,76.75,77.87000274658203,76.47000122070312,77.52999877929688,397400,-0.007500346790652257,-1.0,0.010295703251390398,0.01629656397481738,4,1
2020-01-13,77.22000122070312,77.27999877929688,76.58000183105469,76.73999786376953,520200,0.006123794406555305,1.0,0.009785674167548124,0.024699578590554383,0,1
2020-01-14,77.97000122070312,78.13999938964844,76.75,77.11000061035156,651500,0.009712509558973181,1.0,0.00927782924424128,0.04450156772550451,1,1
2020-01-15,79.16999816894531,79.56999969482422,78.04000091552734,78.04000091552734,1278900,0.015390495439976393,2.0,0.009192633246605209,0.061682987863611594,2,1
2020-01-16,80.81999969482422,81.12000274658203,79.7300033569336,79.86000061035156,817800,0.020841247493247117,2.0,0.009135303401766099,0.060833459501694165,3,1
2020-01-17,80.13999938964844,81.98999786376953,79.58999633789062,81.06999969482422,708000,-0.008413762778315514,-1.0,0.009813715458342774,0.08658245064818582,4,1
2020-01-21,78.87000274658203,80.33999633789062,78.69000244140625,79.9000015258789,881400,-0.015847225514584284,-2.0,0.009827041920122596,0.08634950571304856,1,1
2020-01-22,79.94999694824219,80.76000213623047,79.08999633789062,79.38999938964844,1099600,0.0136933455566155,1.0,0.010739172246522016,0.06494741218675792,2,1
2020-01-23,85.06999969482422,88.86000061035156,82.87999725341797,85.51000213623047,3297900,0.06404006181384347,6.0,0.010976909893032934,0.07344244555272805,3,1
2020-01-24,86.05000305175781,88.3499984741211,85.25,85.58999633789062,1538200,0.01151996427000368,1.0,0.01702105728500636,0.14742379815425033,4,1
2020-01-27,84.19999694824219,84.73999786376953,83.05000305175781,84.25,1000500,-0.021499198581118817,-2.0,0.017052034197434333,0.1537945955899278,0,1
2020-01-28,84.41000366210938,85.88999938964844,84.12999725341797,84.7300033569336,1121000,0.0024941415852577364,0.0,0.01806544564304428,0.13126422951777172,1,1
2020-01-29,83.43000030517578,85.41999816894531,82.94999694824219,84.62000274658203,553700,-0.011610038080990037,-1.0,0.017937444050748375,0.1163867607554685,2,1
2020-01-30,84.79000091552734,84.87999725341797,83.26000213623047,84.1500015258789,589800,0.016301097990852886,2.0,0.018310486390860307,0.10095014052664375,3,1
2020-01-31,83.12000274658203,85.16000366210938,82.66000366210938,84.70999908447266,926700,-0.019695697026929637,-2.0,0.018287405327032442,0.12617877386744425,4,1
2020-02-03,84.91000366210938,85.23999786376953,82.95999908447266,83.12999725341797,567500,0.021535140235554806,2.0,0.018981767380384762,0.10989455767135681,0,2
2020-02-04,87.11000061035156,87.25,85.43000030517578,85.9000015258789,460000,0.02590974977455951,3.0,0.01905382775491101,0.11182402263183833,1,2
2020-02-05,86.37999725341797,88.04000091552734,85.91999816894531,88.04000091552734,381200,-0.008380247409237707,-1.0,0.019119955976971623,0.1548455555869106,2,2
2020-02-06,85.81999969482422,86.79000091552734,85.66000366210938,86.44000244140625,409300,-0.00648295411437505,-1.0,0.019383904809303874,0.13255540914292996,3,2
2020-02-07,84.02999877929688,85.56999969482422,83.94000244140625,85.54000091552734,529400,-0.02085761969112776,-2.0,0.01944055067815266,0.1304004447398479,4,2
2020-02-10,85.66000366210938,85.70999908447266,83.5,83.66000366210938,537100,0.019397892496626934,2.0,0.020200281436090747,0.09158216569145283,0,2
2020-02-11,86.08000183105469,86.69000244140625,85.12000274658203,86.54000091552734,380500,0.004903083714565604,0.0,0.0204649195519293,0.1077201814795441,1,2
2020-02-12,87.22000122070312,87.2699966430664,85.97000122070312,86.41999816894531,414100,0.013243487051566971,1.0,0.02026167305380705,0.12156354177269946,2,2
2020-02-13,86.94000244140625,87.68000030517578,86.44000244140625,86.44000244140625,468100,-0.003210258832585411,-0.0,0.020329094845705543,0.12950012745297568,3,2
2020-02-14,87.3499984741211,87.73999786376953,86.62000274658203,86.88999938964844,362500,0.0047158502553661386,0.0,0.020406832654569915,0.11504426164253223,4,2
2020-02-18,87.36000061035156,87.61000061035156,86.5199966430664,87.27999877929688,510900,0.00011450642707711012,0.0,0.020277917708775135,0.10332197163526535,1,2
2020-02-19,88.44999694824219,88.55999755859375,87.45999908447266,87.98999786376953,416500,0.012477064220183465,1.0,0.019964472757379483,0.08092057585031354,2,2
2020-02-20,88.37999725341797,89.06999969482422,87.23999786376953,88.30999755859375,420800,-0.0007914041519433423,-0.0,0.019840382517016655,0.103693506636926,3,2
2020-02-21,88.62000274658203,88.72000122070312,87.18000030517578,88.36000061035156,702800,0.0027156087420536767,0.0,0.0193185969614226,0.12057809275590614,4,2
2020-02-24,85.6500015258789,86.0999984741211,83.37999725341797,84.80000305175781,816700,-0.033513892221332275,-3.0,0.019237295186060075,0.1084428533993893,0,2
2020-02-25,81.31999969482422,86.30999755859375,80.0999984741211,86.18000030517578,1128000,-0.05055460308131332,-5.0,0.0157527443912942,0.006817936207069053,1,2
2020-02-26,80.43000030517578,83.29000091552734,79.87000274658203,81.72000122070312,743000,-0.010944409653079301,-1.0,0.01904921054444374,-0.05496807889813282,2,2
2020-02-27,76.02999877929688,79.08999633789062,75.19000244140625,77.93000030517578,1050700,-0.05470597425318868,-5.0,0.01865847236260135,-0.04477430854758613,3,2
2020-02-28,75.55000305175781,76.19000244140625,72.81999969482422,72.87999725341797,1309400,-0.006313241289565341,-1.0,0.021867121054725616,-0.09927739034768202,4,2
2020-03-02,74.68000030517578,76.72000122070312,72.91000366210938,76.33000183105469,1644000,-0.011515588503497654,-1.0,0.021814338932635232,-0.09445040422622553,0,3
2020-03-03,70.05000305175781,76.0199966430664,69.56999969482422,74.93000030517578,1573900,-0.06199782049407787,-6.0,0.02132833386081424,-0.11923576484476894,1,3
2020-03-04,70.81999969482422,72.41999816894531,69.55999755859375,71.41999816894531,1660300,0.010992100064542099,1.0,0.02447164670727044,-0.15724253203735206,2,3
2020-03-05,69.43000030517578,70.18000030517578,67.77999877929688,68.54000091552734,1310100,-0.019627215414264154,-2.0,0.023941670573170783,-0.16594044705680233,3,3
2020-03-06,66.5199966430664,68.18000030517578,65.29000091552734,67.30000305175781,1349700,-0.0419127704064326,-4.0,0.022716914823748418,-0.20296177455283826,4,3
2020-03-09,60.290000915527344,61.93000030517578,58.0,61.29999923706055,2298900,-0.09365598379338513,-9.0,0.02371751862383304,-0.2299143463976635,0,3
2020-03-10,60.900001525878906,63.0,58.0,62.130001068115234,1727000,0.010117774109942967,1.0,0.029589104580529366,-0.2974830910053776,1,3
2020-03-11,59.70000076293945,61.09000015258789,57.83000183105469,59.4900016784668,2194200,-0.019704445531574022,-2.0,0.030114802226059657,-0.27525880744290443,2,3
2020-03-12,54.16999816894531,56.58000183105469,53.34999847412109,55.41999816894531,2104100,-0.09262985801211332,-9.0,0.029088235609298782,-0.3030586246712128,3,3
2020-03-13,56.369998931884766,57.0,52.150001525878906,56.31999969482422,1524300,0.040612900817867725,4.0,0.03300182108860124,-0.3707017075201473,4,3
2020-03-16,52.869998931884766,53.58000183105469,46.93999862670898,50.310001373291016,2097800,-0.06208976523539156,-6.0,0.03491785132496586,-0.35370330035601505,0,3
2020-03-17,52.13999938964844,54.150001525878906,49.15999984741211,53.61000061035156,2016600,-0.013807443862006274,-1.0,0.0358562700056508,-0.3918794864594486,1,3
2020-03-18,49.060001373291016,50.5,45.84000015258789,49.11000061035156,2066900,-0.05907169260475498,-6.0,0.035370811491504846,-0.40309100972570955,2,3
2020-03-19,50.38999938964844,50.720001220703125,43.900001525878906,47.959999084472656,2326400,0.02710962044696341,3.0,0.03573831609392238,-0.4384157391194232,3,3
2020-03-20,48.45000076293945,52.7599983215332,48.27000045776367,50.43000030517578,1458000,-0.03849967553497369,-4.0,0.03666627978436201,-0.4302995915405754,4,3
2020-03-23,48.7400016784668,49.36000061035156,45.36000061035156,47.900001525878906,1408700,0.00598557091766172,1.0,0.036303100096084076,-0.4517990238898121,0,3
2020-03-24,53.790000915527344,54.65999984741211,50.0099983215332,51.13999938964844,1850000,0.10361097790629792,10.0,0.036446233560259174,-0.45001128224015274,1,3
2020-03-25,58.77000045776367,61.0,52.650001525878906,54.7599983215332,1691800,0.09258225427541822,9.0,0.046261175063227154,-0.3719789847373809,2,3
2020-03-26,60.970001220703125,62.720001220703125,58.84999847412109,60.13999938964844,1502600,0.03743407768935669,4.0,0.05187535911584364,-0.2772995489631782,3,3
2020-03-27,59.0099983215332,60.11000061035156,54.650001525878906,58.93999862670898,1002400,-0.03214700442722607,-3.0,0.05308129734311079,-0.24194950902195111,4,3
2020-03-30,59.27000045776367,62.459999084472656,58.18999862670898,59.2400016784668,840400,0.00440606920226938,0.0,0.052392648940336885,-0.22385901264012975,0,3
2020-03-31,61.209999084472656,62.380001068115234,58.560001373291016,59.459999084472656,1779200,0.03273154398052425,3.0,0.052489567989219846,-0.21548645845640846,1,3
2020-04-01,56.29999923706055,60.209999084472656,55.52000045776367,58.619998931884766,1506800,-0.08021564974435114,-8.0,0.05331491368519555,-0.18036959246998785,2,4
2020-04-02,54.880001068115234,56.34000015258789,52.959999084472656,55.560001373291016,1216100,-0.025221992685402594,-3.0,0.054373901648719844,-0.19628841135863773,3,4
2020-04-03,55.0,56.52000045776367,54.5,54.68000030517578,744800,0.0021865694159850513,0.0,0.05428427700545124,-0.22507764325610324,4,4
2020-04-06,59.59000015258789,60.16999816894531,57.68000030517578,58.02000045776367,946800,0.08345454822887066,8.0,0.05431293335362527,-0.20783523320970043,0,4
2020-04-07,59.310001373291016,62.59000015258789,58.880001068115234,62.38999938964844,834700,-0.004698754465177091,-0.0,0.05738963918386323,-0.10417914672581163,1,4
2020-04-08,62.45000076293945,62.91999816894531,59.33000183105469,60.380001068115234,571500,0.05294215675170211,5.0,0.05357050381562091,-0.01625476077881327,2,4
2020-04-09,63.93999862670898,65.27999877929688,62.4900016784668,63.77000045776367,884000,0.023859052771281197,2.0,0.054753819141883445,0.025451546768876288,3,4
2020-04-13,62.34999847412109,63.47999954223633,61.52999877929688,63.47999954223633,375200,-0.02486706579195508,-2.0,0.054691026558981025,0.07102173885400731,0,4
2020-04-14,64.5,65.01000213623047,63.38999938964844,63.38999938964844,588600,0.03448278393737714,3.0,0.05050034424347673,0.15100610267078096,1,4
2020-04-15,64.47000122070312,64.94999694824219,61.86000061035156,62.27999877929688,1382800,-0.0004650973534399139,-0.0,0.05031930435662668,0.14422567362364513,2,4
2020-04-16,65.69999694824219,65.9800033569336,63.63999938964844,64.56999969482422,1205300,0.019078574596708364,2.0,0.047783296887379374,0.2194061381344694,3,4
2020-04-17,66.66000366210938,68.69000244140625,66.25,66.80999755859375,768500,0.014611975014602763,1.0,0.04748266360906633,0.2600690010994873,4,4
2020-04-20,66.98999786376953,67.87999725341797,64.66000366210938,64.88999938964844,532200,0.004950407793747669,0.0,0.044592814228039686,0.35874443123028654,0,4
2020-04-21,62.970001220703125,66.2699966430664,62.720001220703125,65.55999755859375,515100,-0.06000890836332684,-6.0,0.04456991512588522,0.32943041625698477,1,4
2020-04-22,64.7699966430664,65.12999725341797,63.0099983215332,64.5199966430664,482300,0.028584967245823822,3.0,0.04607255845263775,0.2996904072057387,2,4
2020-04-23,64.33000183105469,66.51000213623047,64.16999816894531,64.81999969482422,792700,-0.006793188741948453,-1.0,0.04615074001131463,0.3288878623835094,3,4
2020-04-24,65.0,65.31999969482422,63.84000015258789,64.76000213623047,596500,0.010415018651870778,1.0,0.041568839761602944,0.19594721576747176,4,4
2020-04-27,66.27999877929688,66.69000244140625,65.41999816894531,65.7699966430664,468800,0.019692288912259714,2.0,0.0369564621027273,0.10600645726919211,0,4
2020-04-28,66.37000274658203,68.23999786376953,66.11000061035156,67.48999786376953,1070600,0.0013579355603920984,0.0,0.03638745020688379,0.08709197067869945,1,4
2020-04-29,69.95999908447266,70.55999755859375,67.36000061035156,68.0,1553000,0.054090646215552596,5.0,0.03541640576160534,0.12472470148102177,2,4
2020-04-30,69.25,71.27999877929688,64.5,70.11000061035156,2280200,-0.010148643421441061,-1.0,0.036917367983701085,0.1803610349948752,3,4
2020-05-01,66.37999725341797,69.16000366210938,65.69000244140625,68.22000122070312,1017500,-0.04144408298313407,-4.0,0.036699931041603316,0.13135110334557876,4,5
2020-05-04,67.19000244140625,67.47000122070312,64.36000061035156,64.9800033569336,859100,0.01220254928447706,1.0,0.032895470079012924,0.17904081976829,0,5
2020-05-05,70.31999969482422,70.69999694824219,67.04000091552734,68.54000091552734,961700,0.046584270571317754,5.0,0.031984980603533546,0.22430760083281065,1,5
2020-05-06,70.41000366210938,71.54000091552734,69.7699966430664,71.20999908447266,812300,0.0012799199043764808,0.0,0.03288582051779052,0.278545448996804,2,5
2020-05-07,70.86000061035156,72.3499984741211,70.66000366210938,71.25,873100,0.00639109394741233,1.0,0.028603483007020154,0.18157414804187733,3,5
2020-05-08,71.55000305175781,72.26000213623047,70.5999984741211,71.72000122070312,647100,0.009737544954317334,1.0,0.02845216938684795,0.19473948692676712,4,5
2020-05-11,72.22000122070312,72.81999969482422,70.66000366210938,71.2300033569336,1187700,0.009364055071537258,1.0,0.02661033256235514,0.1457166081288297,0,5
2020-05-12,68.51000213623047,72.66000366210938,68.33999633789062,71.97000122070312,684300,-0.05137079786436116,-5.0,0.026333294017696105,0.1294964462281898,1,5
2020-05-13,63.290000915527344,68.38999938964844,62.459999084472656,68.01000213623047,1013200,-0.07619327190098868,-8.0,0.028444549328497243,0.09879717422392797,2,5
2020-05-14,64.95999908447266,65.20999908447266,60.97999954223633,62.060001373291016,735800,0.026386445643668877,3.0,0.03263150163822577,-0.018759675728258207,3,5
2020-05-15,65.0,65.69000244140625,64.0999984741211,64.6500015258789,373600,0.0006157776491857447,0.0,0.033150160262730245,0.007600401031358839,4,5
2020-05-18,68.97000122070312,69.41999816894531,66.58000183105469,66.58000183105469,820900,0.06107694185697121,6.0,0.03288755074741039,-0.010654444151552034,0,5
2020-05-19,68.91000366210938,70.41999816894531,68.58000183105469,69.0,632200,-0.0008699080401892711,-0.0,0.03538681927138646,0.03465342681801853,1,5
2020-05-20,70.43000030517578,71.51000213623047,69.51000213623047,69.51000213623047,468200,0.022057706607004457,2.0,0.03538721697622253,0.02866108164750747,2,5
2020-05-21,69.88999938964844,71.08000183105469,69.66000366210938,70.38999938964844,453400,-0.007667200244036665,-1.0,0.032626522963981476,0.11846909544000406,3,5
2020-05-22,70.20999908447266,70.5199966430664,69.08999633789062,70.16000366210938,362800,0.004578619224764324,0.0,0.03232153431107002,0.07904898891376,4,5
2020-05-26,73.31999969482422,73.6500015258789,70.61000061035156,71.3499984741211,907600,0.044295693646282386,4.0,0.03222446337370744,0.09140365437669629,1,5
2020-05-27,74.94000244140625,75.04000091552734,72.01000213623047,74.9000015258789,662000,0.02209496390241239,2.0,0.033354634866454125,0.12799999530498796,2,5
2020-05-28,74.9000015258789,76.62000274658203,74.7699966430664,75.62000274658203,684100,-0.0005337725410219374,-0.0,0.03340699818183174,0.13065787298738463,3,5
2020-05-29,76.37999725341797,76.56999969482422,74.12000274658203,74.87999725341797,920600,0.019759622128014298,2.0,0.033423822777084916,0.12852189884437148,4,5
2020-06-01,79.08000183105469,79.44000244140625,76.26000213623047,76.55999755859375,820500,0.035349629153277995,4.0,0.03176859824976508,0.09176669887021482,0,6
2020-06-02,79.5,80.3499984741211,78.12999725341797,79.33999633789062,615000,0.005311054112550284,1.0,0.03225476375787492,0.1419494849249774,1,6
2020-06-03,80.94000244140625,81.02999877929688,79.11000061035156,79.55999755859375,488400,0.01811323825668243,2.0,0.030310093169748073,0.19764994410129288,2,6
2020-06-04,80.26000213623047,80.97000122070312,79.66999816894531,80.0999984741211,576400,-0.008401288419382591,-1.0,0.03036803364774365,0.2046435407111471,3,6
2020-06-05,83.73999786376953,84.48999786376953,81.04000091552734,81.80000305175781,696600,0.04335902859349838,4.0,0.029350601003126326,0.14135384648100136,4,6
2020-06-08,83.41999816894531,84.36000061035156,82.51000213623047,84.13999938964844,1040700,-0.0038213482563589363,-0.0,0.030378147243959156,0.18931960670857895,0,6
2020-06-09,81.54000091552734,82.76000213623047,81.44000244140625,82.76000213623047,859500,-0.022536529545475692,-2.0,0.03049906377978032,0.17725088132103295,1,6
2020-06-10,81.20999908447266,83.05999755859375,80.91000366210938,82.12000274658203,720100,-0.004047115861533501,-0.0,0.03122485576332831,0.13962260569776586,2,6
2020-06-11,72.62000274658203,78.80999755859375,72.2699966430664,78.80999755859375,1009800,-0.1057751069416405,-11.0,0.031304962918270195,0.12448072157041712,3,6
2020-06-12,75.16000366210938,76.66000366210938,73.30000305175781,75.04000091552734,1127800,0.034976601755180914,3.0,0.03786119770331945,0.05999124919276633,4,6
2020-06-15,77.26000213623047,77.45999908447266,73.41000366210938,73.55999755859375,503400,0.02794037216338996,3.0,0.0337078071368382,0.18754941657252977,0,6
2020-06-16,79.56999969482422,80.80000305175781,78.30999755859375,79.4000015258789,692900,0.029899009768606932,3.0,0.03375007527058379,0.1893473402880308,1,6
2020-06-17,79.16999816894531,80.30999755859375,79.06999969482422,80.0,624500,-0.0050270394295970355,-1.0,0.03399683887435728,0.2241538414588342,2,6
2020-06-18,79.06999969482422,79.37999725341797,78.25,78.38999938964844,426600,-0.001263085467145042,-0.0,0.032060148959465316,0.14789034025970693,3,6
2020-06-19,78.70999908447266,80.63999938964844,77.79000091552734,80.11000061035156,880900,-0.004552935522208257,-0.0,0.03206514914208275,0.14743862273659092,4,6
2020-06-22,78.93000030517578,78.95999908447266,77.22000122070312,78.31999969482422,412600,0.0027950860533871857,0.0,0.0319692868503312,0.1175635204233898,0,6
2020-06-23,79.56999969482422,81.70999908447266,79.44999694824219,79.79000091552734,617800,0.008108442761610712,1.0,0.03182994360809377,0.12934612955321145,1,6
2020-06-24,76.91999816894531,79.66999816894531,76.83999633789062,79.16000366210938,566800,-0.03330402835292812,-3.0,0.03182966228462701,0.13331435311785356,2,6
2020-06-25,77.36000061035156,77.37999725341797,75.6500015258789,76.4000015258789,625700,0.0057202606848720805,1.0,0.031724028445807774,0.049099815727020824,3,6
2020-06-26,75.52999877929688,77.44000244140625,75.45999908447266,77.0999984741211,1006700,-0.023655659470222634,-2.0,0.03142545929121352,0.032292475181562086,4,6
2020-06-29,76.44000244140625,77.02999877929688,74.18000030517578,76.08999633789062,683400,0.012048241451300123,1.0,0.03191996152417683,0.008411178111929596,0,6
2020-06-30,77.79000091552734,78.2300033569336,75.73999786376953,76.56999969482422,975000,0.017660889992198836,2.0,0.031736005210422004,0.0007856139060753442,1,6
2020-07-01,78.44000244140625,79.75,77.36000061035156,77.93000030517578,801100,0.008355849315193398,1.0,0.030991790625112182,-0.016312606040188027,2,7
2020-07-02,78.2699966430664,80.2300033569336,78.06999969482422,79.51000213623047,709600,-0.0021673354544683443,-0.0,0.031026491993086082,-0.013333302623820709,3,7
2020-07-06,79.08000183105469,80.31999969482422,78.6500015258789,79.5199966430664,691600,0.01034885936794061,1.0,0.030743540352973386,-0.03298746871514746,0,7
2020-07-07,76.58999633789062,79.0999984741211,76.41999816894531,78.30000305175781,744700,-0.031487170403507014,-3.0,0.030793977622768375,-0.014702221203195198,1,7
2020-07-08,78.5,78.55999755859375,76.76000213623047,77.0999984741211,625200,0.024938030466577388,2.0,0.02981179478759173,-0.0853833497525367,2,7
2020-07-09,85.0,86.02999877929688,81.30000305175781,82.0,1678300,0.08280254777070062,8.0,0.03046416400730991,-0.05897864153606369,3,7
2020-07-10,82.88999938964844,85.23999786376953,82.58999633789062,85.0,782200,-0.024823536592371354,-2.0,0.03527971629630706,0.04243314993406844,4,7
2020-07-13,78.2300033569336,83.47000122070312,78.16999816894531,83.37999725341797,782800,-0.05621903808696127,-6.0,0.03576304945823173,0.020687111490153898,0,7
2020-07-14,78.41000366210938,78.5999984741211,76.1500015258789,77.9800033569336,1226500,0.0023009113824845606,0.0,0.0293912315916595,0.07725145136565836,1,7
2020-07-15,80.27999877929688,80.91999816894531,78.83000183105469,79.77999877929688,568500,0.02384893546550293,2.0,0.028518911029813833,0.04324108357698808,2,7
2020-07-16,80.36000061035156,82.6500015258789,79.30999755859375,82.6500015258789,1066200,0.0009965350307816756,0.0,0.028349181724407525,0.039088746564377885,3,7
2020-07-17,80.75,81.31999969482422,79.98999786376953,81.0199966430664,768300,0.004853153144428912,0.0,0.027629971760095493,0.009928376505683678,4,7
2020-07-20,83.02999877929688,83.23999786376953,81.05999755859375,81.08000183105469,589000,0.028235279000580427,3.0,0.02760936805092684,0.01995707802952107,0,7
2020-07-21,83.1500015258789,85.05999755859375,83.0,84.91000366210938,642700,0.0014452938497688805,0.0,0.028216160381595155,0.05008219425517302,1,7
2020-07-22,83.83000183105469,84.58999633789062,83.51000213623047,84.16000366210938,408000,0.00817799510158923,1.0,0.028169337098979348,0.05640963655254505,2,7
2020-07-23,83.61000061035156,85.43000030517578,82.87000274658203,83.51000213623047,624500,-0.0026243733257516055,-0.0,0.028191951544798435,0.062080343430045426,3,7
2020-07-24,81.45999908447266,83.08999633789062,80.73999786376953,82.5999984741211,702000,-0.025714645499150035,-3.0,0.02819669665042284,0.050772916061606166,4,7
2020-07-27,83.13999938964844,83.55999755859375,81.01000213623047,83.0,623800,0.02062362293220321,2.0,0.02775688201144703,0.05902237420177503,0,7
2020-07-28,82.25,84.0999984741211,82.08999633789062,84.0,610100,-0.010704827955041463,-1.0,0.028016609901857142,0.07471559893606639,1,7
2020-07-29,84.02999877929688,84.7300033569336,83.0,83.0,608500,0.021641322544642794,2.0,0.027520011318317956,0.08897128729393167,2,7
2020-07-30,85.58000183105469,86.79000091552734,82.12000274658203,86.4800033569336,1270100,0.018445829754548226,2.0,0.02773170872276069,0.09929351249967056,3,7
2020-07-31,85.55999755859375,88.80000305175781,83.73999786376953,88.0,994100,-0.00023374938108122745,-0.0,0.027750318918656584,0.10014141694106105,4,7
2020-08-03,86.3499984741211,86.98999786376953,85.7699966430664,85.9800033569336,693300,0.009233297546395125,1.0,0.027760411046146866,0.09076995022413525,0,8
2020-08-04,86.5999984741211,86.95999908447266,85.37000274658203,86.37000274658203,562800,0.0028951940291570555,0.0,0.027734789095318124,0.10323242848599845,1,8
2020-08-05,87.87999725341797,88.8499984741211,87.0,87.0,481800,0.014780586626446324,1.0,0.027711292420938925,0.0950935314737602,2,8
2020-08-06,88.58999633789062,88.7300033569336,87.05000305175781,87.94999694824219,542100,0.008079188742180277,1.0,0.026503574198710262,0.14740829684492307,3,8
2020-08-07,86.94000244140625,88.61000061035156,86.02999877929688,88.0,533700,-0.018625058863205535,-2.0,0.026183269381796145,0.12853498519605888,4,8
2020-08-10,85.9000015258789,86.95999908447266,84.80999755859375,86.56999969482422,417200,-0.011962283026484388,-1.0,0.019935962013906457,0.022823558134191124,0,8
2020-08-11,84.80000305175781,86.68000030517578,84.63999938964844,86.0,577900,-0.012805569901994662,-1.0,0.019281165269290572,0.03631321218958017,1,8
2020-08-12,85.91999816894531,86.83000183105469,85.12999725341797,85.2300033569336,461200,0.013207489114168025,1.0,0.014466709461016612,0.08398311917293189,2,8
2020-08-13,88.05999755859375,89.1500015258789,85.91999816894531,86.0,711300,0.024906883557429094,2.0,0.014599822997072081,0.09577852513817753,3,8
2020-08-14,87.4800033569336,88.01000213623047,86.86000061035156,87.72000122070312,551100,-0.00658635268839558,-1.0,0.014671697481023522,0.09691079842546335,4,8
2020-08-17,88.22000122070312,88.91999816894531,87.8499984741211,88.0,545100,0.00845905161606142,1.0,0.014854835218483789,0.08860132768173301,0,8
2020-08-18,89.8499984741211,90.52999877929688,88.69000244140625,88.81999969482422,839900,0.01847650454390881,2.0,0.014884112845631665,0.09250775505514697,1,8
2020-08-19,88.54000091552734,90.36000061035156,88.45999908447266,89.83999633789062,784300,-0.014579828389992278,-1.0,0.014238698515602898,0.08213898344082304,2,8
2020-08-20,88.02999877929688,88.43000030517578,87.61000061035156,88.4000015258789,440300,-0.005760132493301429,-1.0,0.014793348059902203,0.0648226012115094,3,8
2020-08-21,87.36000061035156,87.91999816894531,86.73999786376953,87.91999816894531,1039700,-0.007611020995525464,-1.0,0.014866598340380479,0.0501013581832741,4,8
2020-08-24,87.0999984741211,88.02999877929688,86.3499984741211,87.83999633789062,516900,-0.0029762149085843514,-0.0,0.014990770863871133,0.04485109403929033,0,8
2020-08-25,88.13999938964844,88.19999694824219,86.68000030517578,86.8499984741211,485800,0.011940309227862267,1.0,0.013633568727052146,0.06923642834564547,1,8
2020-08-26,89.77999877929688,90.5500030517578,87.6500015258789,89.54000091552734,894300,0.018606755173645295,2.0,0.013206273022130047,0.06013952413647172,2,8
2020-08-27,89.41999816894531,89.94000244140625,88.2699966430664,89.75,629300,-0.004009808590402675,-0.0,0.013248976373445203,0.0915501371343086,3,8
2020-08-28,91.1500015258789,91.25,89.73999786376953,89.87000274658203,381100,0.019346940196364404,2.0,0.012739369764656411,0.06414375184992172,4,8
2020-08-31,91.41000366210938,91.94000244140624,90.5,91.1500015258789,763800,0.002852464419944578,0.0,0.012795243953903178,0.06508529534528495,0,8
2020-09-01,95.44000244140624,95.58999633789062,91.37999725341795,91.5,773900,0.04408706506777382,4.0,0.012772925668749296,0.06837314481582801,1,9
2020-09-02,97.5999984741211,97.66999816894533,94.7699966430664,95.31999969482422,748100,0.022631977970044126,2.0,0.015553517976478142,0.10526930084439323,2,9
2020-09-03,92.63999938964844,96.58999633789062,91.81999969482422,96.12000274658205,1035900,-0.05081966354525935,-5.0,0.01601628382373892,0.12702078745748668,3,9
2020-09-04,87.69000244140625,92.05999755859376,86.91999816894531,92.04000091552734,1166100,-0.0534326098969653,-5.0,0.020068327917765354,0.05416479614245029,4,9
2020-09-08,86.70999908447266,88.62000274658203,83.98999786376953,83.98999786376953,1037600,-0.011175770665400764,-1.0,0.023449353252926537,-0.010159091699831535,1,9
2020-09-09,88.5999984741211,89.30999755859375,87.05000305175781,87.73999786376953,500700,0.021796787101879822,2.0,0.023212181168793252,-0.0026455411832845277,2,9
2020-09-10,83.7699966430664,91.27999877929688,83.63999938964844,88.73999786376953,1507300,-0.0545146942916197,-5.0,0.0234998408720756,0.0314318614700928,3,9
2020-09-11,82.30000305175781,84.16999816894531,80.94000244140625,83.7699966430664,1403000,-0.017547972427073844,-2.0,0.026377156329685986,-0.012146301552167893,4,9
2020-09-14,85.4000015258789,85.73999786376953,83.0,83.31999969482422,762800,0.03766705175176632,4.0,0.026446589717798594,-0.042132160083028225,0,9
2020-09-15,88.31999969482422,88.48999786376953,86.12000274658203,86.25,780300,0.03419201541888106,3.0,0.02722386970173322,-0.03020663305089155,1,9
2020-09-16,87.80000305175781,89.5999984741211,87.66000366210938,89.3499984741211,574200,-0.005887643171005097,-1.0,0.02824819844379816,0.009602152556662524,2,9
2020-09-17,86.69999694824219,86.72000122070312,85.05999755859375,85.83999633789062,804900,-0.012528542884755689,-1.0,0.028228185804943958,-0.0047608043882768625,3,9
2020-09-18,86.11000061035156,87.94000244140625,84.58999633789062,86.73999786376953,1475600,-0.006805032971833214,-1.0,0.0280322213157136,-0.035058448295757993,4,9
2020-09-21,85.33000183105469,85.3499984741211,82.87000274658203,84.37000274658203,685700,-0.009058167155594155,-1.0,0.02789936791728101,-0.027445225661270944,0,9
2020-09-22,85.8499984741211,86.58999633789062,84.68000030517578,85.87999725341797,598400,0.0060939485750386435,1.0,0.02793705635841272,-0.030671327793738157,1,9
2020-09-23,81.69999694824219,85.76000213623047,81.44000244140625,85.62000274658203,705600,-0.048340146763425906,-5.0,0.027937598346779113,-0.017284822867223548,2,9
2020-09-24,80.27999877929688,81.76000213623047,79.70999908447266,81.26000213623047,1110100,-0.017380639192005054,-2.0,0.02983193383139114,-0.06199772239356971,3,9
2020-09-25,81.68000030517578,82.31999969482422,79.51000213623047,80.1500015258789,1240700,0.01743898289943613,2.0,0.02980280381200171,-0.08917631795757286,4,9
2020-09-28,82.9000015258789,83.55000305175781,82.2699966430664,83.33999633789062,542900,0.014936351813723325,1.0,0.02975955046008209,-0.09022052332650443,0,9
2020-09-29,82.3499984741211,84.51000213623047,82.30000305175781,83.13999938964844,603800,-0.006634536087265497,-1.0,0.03004714907938314,-0.07291430078926953,1,9
2020-09-30,82.72000122070312,83.41000366210938,81.68000030517578,82.3499984741211,935600,0.004493051043568785,0.0,0.029605550800367475,-0.09654418984578239,2,9
2020-10-01,84.12999725341797,84.5199966430664,83.20999908447266,83.66000366210938,851200,0.017045406333504154,2.0,0.02962780552839634,-0.09506620821861278,3,10
2020-10-02,82.16000366210938,83.33999633789062,81.16999816894531,81.91999816894531,667000,-0.023416066273894476,-2.0,0.027959235278783304,-0.11850382333059817,4,10
2020-10-05,82.72000122070312,83.72000122070312,82.08000183105469,83.0,800700,0.006815938822213097,1.0,0.02743425221682871,-0.15819667062910536,0,10
2020-10-06,81.22000122070312,84.48999786376953,81.02999877929688,82.72000122070312,814600,-0.018133462014802038,-2.0,0.025746787879612033,-0.1070811553789126,1,10
2020-10-07,83.20999908447266,83.36000061035156,81.12000274658203,82.0,1032100,0.024501327676196505,2.0,0.023483561744622898,-0.07378265526935446,2,10
2020-10-08,84.05999755859375,85.20999908447266,83.11000061035156,83.93000030517578,654700,0.010215100149901346,1.0,0.024171688433496086,-0.04036443359421915,3,10
2020-10-09,85.94000244140625,86.55000305175781,84.51000213623047,84.51000213623047,455700,0.022365036133888072,2.0,0.02373749386746211,-0.051241546204466526,4,10
2020-10-12,87.5,87.83000183105469,85.91000366210938,86.86000061035156,463200,0.018152170284814195,2.0,0.021046705929812063,0.02590433192430419,0,10
2020-10-13,87.38999938964844,89.44999694824219,87.16000366210938,87.94000244140625,736600,-0.0012571498325892883,-0.0,0.0208782744264974,0.06318343566733464,1,10
2020-10-14,85.77999877929688,88.5999984741211,85.66999816894531,88.56999969482422,539300,-0.018423167657582895,-2.0,0.01932918343057508,0.023302082297580462,2,10
2020-10-15,87.79000091552734,87.94000244140625,84.01000213623047,84.30999755859375,568800,0.02343206067654524,2.0,0.018227963510882544,-0.028759068436412072,3,10
2020-10-16,87.62000274658203,88.87999725341797,87.5,88.0,776800,-0.0019364183525739653,-0.0,0.01896140506529405,-0.00011391954308448415,4,10
2020-10-19,86.44000244140625,89.26000213623047,85.87999725341797,88.22000122070312,458900,-0.013467247982046127,-1.0,0.01874646254690144,0.010611370596576464,0,10
2020-10-20,87.19000244140625,87.9800033569336,86.5199966430664,86.88999938964844,474900,0.008676538394459143,1.0,0.018934744773102568,0.003832328750616787,1,10
2020-10-21,86.9800033569336,88.37000274658203,86.58999633789062,87.16999816894531,375700,-0.0024085225208450023,-0.0,0.018889382828009785,0.021797733158780197,2,10
2020-10-22,86.79000091552734,87.68000030517578,85.87000274658203,86.86000061035156,494900,-0.0021844381935299806,-0.0,0.018870327682532502,0.013162549829900394,3,10
2020-10-23,89.25,89.37999725341797,86.54000091552734,87.16999816894531,623100,0.02834426844708715,3.0,0.015190530226163903,0.06230115247751766,4,10
2020-10-26,83.66999816894531,88.5999984741211,82.4000015258789,88.08000183105469,1262500,-0.06252102891938027,-6.0,0.015399974431543834,0.11173394814520554,0,10
2020-10-27,84.26000213623047,85.98999786376953,83.72000122070312,84.25,720400,0.007051559462136314,1.0,0.021059631847411612,0.024363343001156057,1,10
2020-10-28,82.47000122070312,87.68000030517578,79.36000061035156,82.26000213623047,1636200,-0.02124377961245827,-2.0,0.020874990250867545,0.016405314660060677,2,10
2020-10-29,85.87000274658203,87.55000305175781,79.5,80.0,2008000,0.0412271307815304,4.0,0.02137900571460433,0.001457228279363454,3,10
2020-10-30,83.87999725341797,85.27999877929688,82.05000305175781,83.25,1061700,-0.023174629434180027,-2.0,0.0231680004046724,0.03808028867739588,4,10
2020-11-02,86.87999725341797,87.18000030517578,84.0199966430664,84.5999984741211,761600,0.03576538028412668,4.0,0.023525189677809418,-0.0029715916814658794,0,11
2020-11-03,92.16000366210938,92.73999786376952,86.48999786376953,87.62999725341797,1104300,0.06077355634911341,6.0,0.02410188580459048,0.057448799670457795,1,11
2020-11-04,92.36000061035156,93.27999877929688,89.68000030517578,92.0,1004500,0.0021701056889651404,0.0,0.0272110132704865,0.11411995046058587,2,11
2020-11-05,93.94000244140624,94.69000244140624,93.22000122070312,93.31999969482422,719900,0.01710699242760283,2.0,0.026684462332585413,0.137158325809146,3,11
2020-11-06,94.83999633789062,95.63999938964844,92.73999786376952,94.0,478100,0.009580518129598259,1.0,0.026482783172195216,0.12895088901564278,4,11
2020-11-09,92.91000366210938,97.27999877929688,92.7300033569336,96.66000366210938,926900,-0.0203499868231245,-2.0,0.026478246665045047,0.12824172129891753,0,11
2020-11-10,94.23999786376952,94.45999908447266,89.98999786376953,92.69000244140624,764400,0.014314865452992542,1.0,0.026804689695100116,0.08110310708281943,1,11
2020-11-11,95.30999755859376,96.66999816894533,94.58999633789062,95.0,680700,0.01135398683233202,1.0,0.02671677311299514,0.07702854701450867,2,11
2020-11-12,94.68000030517578,96.95999908447266,94.13999938964844,95.37999725341795,516900,-0.006609980794833992,-1.0,0.02673725882338043,0.09062819801190503,3,11
2020-11-13,97.20999908447266,97.56999969482422,94.4499969482422,94.91000366210938,453300,0.02672157552959553,3.0,0.026352797533836816,0.10375380802671375,4,11
2020-11-16,98.5199966430664,99.2300033569336,95.5999984741211,96.58999633789062,696800,0.013475954849617944,1.0,0.026477053469651037,0.10730149300270941,0,11
2020-11-17,99.12999725341795,99.87000274658205,97.05999755859376,97.05999755859376,883000,0.006191642622172866,1.0,0.026482968779503176,0.12440074817173619,1,11
2020-11-18,98.33000183105467,99.9499969482422,97.7699966430664,98.9800033569336,681100,-0.008070164879740216,-1.0,0.02610768868695878,0.14680696961587514,2,11
2020-11-19,100.20999908447266,100.33999633789062,97.33999633789062,97.91999816894533,613600,0.019119263891076654,2.0,0.0263047572057535,0.12776693517281146,3,11
2020-11-20,101.13999938964844,102.02999877929688,99.3499984741211,100.0,466600,0.009280514057203426,1.0,0.026377113058422795,0.1521038769479932,4,11
2020-11-23,103.19000244140624,103.6999969482422,101.0,102.08000183105467,475700,0.02026896444659876,2.0,0.0262939145890631,0.16534160989453084,0,11
2020-11-24,103.91000366210938,104.12000274658205,102.20999908447266,104.0,626900,0.0069774319572477594,1.0,0.02603379509064324,0.15619050354516784,1,11
2020-11-25,105.95999908447266,106.3000030517578,103.62000274658205,104.25,645100,0.01972856654908206,2.0,0.020562147603540158,0.24190278398591247,2,11
2020-11-27,108.61000061035156,108.8000030517578,106.04000091552734,106.12000274658205,387100,0.025009452140201338,3.0,0.020639685938999886,0.25753615473635905,4,11
2020-11-30,107.8499984741211,110.62999725341795,107.56999969482422,109.51000213623048,914300,-0.006997533670559886,-1.0,0.019440638745444643,0.31696373229937946,0,11
2020-12-01,108.52999877929688,108.93000030517578,106.9499969482422,108.2699966430664,730100,0.006305056233625761,1.0,0.018824532202249993,0.25596826626879254,1,12
2020-12-02,107.26000213623048,107.73999786376952,106.3499984741211,107.58999633789062,597500,-0.011701802795087257,-1.0,0.017168895537199903,0.29387222619245446,2,12
2020-12-03,107.9800033569336,109.31999969482422,107.01000213623048,107.05999755859376,462600,0.006712672071259584,1.0,0.01707460326699603,0.23457649087357368,3,12
2020-12-04,109.5999984741211,110.08999633789062,108.4499969482422,108.4499969482422,596900,0.015002732606263391,2.0,0.012546831441412299,0.17165797597866694,4,12
2020-12-07,111.1500015258789,111.5,109.0999984741211,110.26000213623048,410000,0.014142363807822411,1.0,0.012579202973780233,0.18666086779818936,0,12
2020-12-08,111.3000030517578,112.04000091552734,111.0,111.63999938964844,321100,0.0013495413748956242,0.0,0.012491257468461109,0.18320202935067154,1,12
2020-12-09,111.56999969482422,114.02999877929688,110.77999877929688,113.23999786376952,723500,0.002425845783138536,0.0,0.012571913180484362,0.17355553932356127,2,12
2020-12-10,112.66000366210938,113.04000091552734,110.0,111.12999725341795,535100,0.009769686925397814,1.0,0.010900078175054981,0.2008394715016546,3,12
2020-12-11,112.9800033569336,113.68000030517578,111.77999877929688,111.9000015258789,706100,0.0028404019565271277,0.0,0.01083019823526133,0.1954584700327271,4,12
2020-12-14,113.83000183105467,116.2300033569336,112.94000244140624,113.1999969482422,746000,0.007523441749560877,1.0,0.01088090983234696,0.18539509234041085,0,12
2020-12-15,114.0500030517578,115.5,113.01000213623048,114.3000030517578,646900,0.0019327173606624726,0.0,0.010343696456256884,0.20226026050014734,1,12
2020-12-16,115.06999969482422,116.79000091552734,114.19000244140624,115.41999816894533,990000,0.008943416183895492,1.0,0.009590537078565893,0.17323324890324976,2,12
2020-12-17,118.47000122070312,118.5199966430664,115.6500015258789,116.0,835800,0.029547245458381832,3.0,0.009504198517042085,0.16798623239622867,3,12
2020-12-18,118.38999938964844,119.97000122070312,117.38999938964844,119.37000274658205,1858600,-0.0006752918901862248,-0.0,0.010645770232844076,0.19509739234476098,4,12
2020-12-21,120.13999938964844,120.37000274658205,115.8499984741211,116.73999786376952,730400,0.014781653932105732,1.0,0.010179701219065376,0.2040068868610394,0,12
2020-12-22,120.0199966430664,121.5500030517578,119.58000183105467,120.48999786376952,439000,-0.0009988575594447324,-0.0,0.010005100425007393,0.19888235193351966,1,12
2020-12-23,119.16999816894533,121.25,118.87000274658205,119.9800033569336,392600,-0.0070821404590514225,-1.0,0.010225451344659731,0.18667191385558102,2,12
2020-12-24,119.8499984741211,120.18000030517578,119.04000091552734,119.81999969482422,189400,0.005706136742670287,1.0,0.010356759629056642,0.15485992198336196,3,12
2020-12-28,118.80999755859376,121.75,118.0,121.36000061035156,392700,-0.008677521308036562,-1.0,0.010360185397297625,0.1534019271507756,0,12
2020-12-29,117.7699966430664,118.94000244140624,116.9800033569336,118.8000030517578,293400,-0.00875347981565655,-1.0,0.010451350928250737,0.1212721648277566,1,12
2020-12-30,119.51000213623048,120.16000366210938,118.3000030517578,118.76000213623048,283300,0.014774607648479599,1.0,0.009884407188861062,0.0843384217036991,2,12
2020-12-31,119.61000061035156,120.2699966430664,118.70999908447266,119.5999984741211,377800,0.0008367372800068829,0.0,0.009824844233054146,0.10811315555935996,3,12
2021-01-04,118.18000030517578,120.63999938964844,116.0199966430664,120.06999969482422,710600,-0.011955524603952106,-1.0,0.00985943108050813,0.10209160559917274,0,1
2021-01-05,118.51000213623048,119.87000274658205,117.37000274658205,118.05999755859376,490300,0.0027923661381159537,0.0,0.009880649466147032,0.10180867006767214,1,1
2021-01-06,119.0,121.12999725341795,117.0199966430664,118.02999877929688,1352000,0.004134654079292366,0.0,0.00987723227684969,0.0975180445632089,2,1
2021-01-07,125.4499969482422,125.52999877929688,119.76000213623048,119.76000213623048,706000,0.0542016550272455,5.0,0.009578915338945365,0.08576643847397913,3,1
2021-01-08,127.94000244140624,129.25999450683594,125.81999969482422,125.81999969482422,1010200,0.019848589507669434,2.0,0.014454210159845993,0.12865492780972976,4,1
2021-01-11,129.16000366210938,129.8699951171875,126.26000213623048,126.2699966430664,945900,0.009535729227939216,1.0,0.014725649055679127,0.14950583048870492,0,1
2021-01-12,128.5,130.9499969482422,128.0,130.11000061035156,519400,-0.0051099693666468715,-1.0,0.014702783718973676,0.15765890486151157,1,1
2021-01-13,124.51000213623048,128.9499969482422,124.4800033569336,128.92999267578125,613300,-0.03105056703322584,-3.0,0.014924385247480623,0.14059999842888393,2,1
2021-01-14,124.5999984741211,124.8499984741211,123.52999877929688,124.16000366210938,475900,0.0007228040827766957,0.0,0.017013386778086798,0.10205344695264862,3,1
2021-01-15,124.12000274658205,125.11000061035156,122.72000122070312,124.7300033569336,416100,-0.003852293205595325,-0.0,0.017023157857872794,0.09461474540825487,4,1
2021-01-19,125.5500030517578,126.63999938964844,124.01000213623048,125.31999969482422,795200,0.011521110808347279,1.0,0.01711250789212477,0.08829460258983346,1,1
2021-01-20,130.38999938964844,130.52999877929688,126.27999877929688,127.0,935100,0.03855034822974357,4.0,0.01715760897208634,0.09107502724191763,2,1
2021-01-21,129.55999755859375,132.3300018310547,128.4600067138672,131.63999938964844,746700,-0.006365532900835191,-1.0,0.017915801617593645,0.10061617326008987,3,1
2021-01-22,130.8800048828125,131.27000427246094,128.00999450683594,129.47999572753906,540900,0.010188386454868414,1.0,0.018044151162015208,0.09434916991748854,4,1
2021-01-25,130.8800048828125,132.8300018310547,127.77999877929688,132.3699951171875,633200,0.0,0.0,0.017940258497385553,0.0893957511880048,0,1
2021-01-26,129.52000427246094,131.9499969482422,128.33999633789062,131.19000244140625,698700,-0.010391202319783521,-1.0,0.017927003210145037,0.09048499036409097,1,1
2021-01-27,120.83000183105467,128.44000244140625,120.83000183105467,127.0,1065000,-0.0670939017506963,-7.0,0.01804605293892618,0.08685077001379637,2,1
2021-01-28,138.3300018310547,141.6699981689453,131.0,133.89999389648438,3847500,0.1448315793660968,14.0,0.023801975772646058,0.008176915889950509,3,1
2021-01-29,132.91000366210938,137.6699981689453,131.97000122070312,137.6699981689453,918000,-0.03918165327262024,-4.0,0.03931083500134871,0.164295974022171,4,1
2021-02-01,137.0,138.88999938964844,132.92999267578125,133.8000030517578,880600,0.03077267493189173,3.0,0.04050082595610975,0.12855572259994896,0,2
2021-02-02,138.00999450683594,140.49000549316406,137.0500030517578,138.0,761000,0.007372222677634488,1.0,0.04081309649894435,0.14634756548520955,1,2
2021-02-03,138.1300048828125,139.92999267578125,137.0,138.0,579300,0.0008695774273841383,0.0,0.040786395406550345,0.15383323971734808,2,2
2021-02-04,139.2899932861328,141.1300048828125,138.17999267578125,139.10000610351562,544100,0.00839780179769356,1.0,0.04057450276920216,0.1688103276875943,3,2
2021-02-05,142.72999572753906,142.9199981689453,140.00999450683594,140.00999450683594,739100,0.02469669471761482,2.0,0.040555550994189594,0.175343775000655,4,2
2021-02-08,142.9199981689453,144.8300018310547,141.88999938964844,144.42999267578125,617900,0.0013312018993467678,0.0,0.04069359213611639,0.1994117288028492,0,2
2021-02-09,144.0500030517578,144.89999389648438,142.9600067138672,143.74000549316406,569600,0.007906555396654413,1.0,0.03940148159712004,0.13925868191061674,1,2
2021-02-10,144.72999572753906,146.6300048828125,143.63999938964844,144.6699981689453,554000,0.004720532185875204,0.0,0.03929178032774274,0.12591840161742707,2,2
2021-02-11,143.64999389648438,145.7899932861328,142.77000427246094,145.27999877929688,672600,-0.007462183810796441,-1.0,0.03928639746514552,0.12054809247421328,3,2
2021-02-12,142.72000122070312,143.92999267578125,142.0800018310547,143.5,566100,-0.006474018206025223,-1.0,0.03932339724783087,0.11789878518664887,4,2
2021-02-16,146.1300048828125,146.42999267578125,143.0,143.35000610351562,701100,0.023892962674769924,2.0,0.03852243020784997,0.1462533031245834,1,2
2021-02-17,144.19000244140625,144.9499969482422,142.25999450683594,144.9499969482422,459100,-0.013275866533789649,-1.0,0.03865940785618028,0.17279299094986023,2,2
2021-02-18,143.2100067138672,144.61000061035156,139.3800048828125,142.3699951171875,503000,-0.006796558089644966,-1.0,0.03886164259516375,0.16169835039241387,3,2
2021-02-19,146.72999572753906,147.6699981689453,143.9600067138672,144.36000061035156,467900,0.024579211288669134,2.0,0.03898046783416563,0.14066111694819372,4,2
2021-02-22,142.9499969482422,145.72999572753906,142.63999938964844,144.44000244140625,473900,-0.025761595374921842,-3.0,0.038531265003928714,0.1253163311172456,0,2
2021-02-23,140.1300048828125,140.67999267578125,134.5399932861328,139.0399932861328,761800,-0.019727122249962092,-2.0,0.03907888611071009,0.1033497965573269,1,2
2021-02-24,142.3300018310547,143.1699981689453,137.27000427246094,139.25999450683594,831300,0.015699685089442417,2.0,0.03943870148329928,0.07067542523613346,2,2
2021-02-25,134.47999572753906,141.60000610351562,133.55999755859375,140.67999267578125,620900,-0.05515355864910032,-6.0,0.0395085780605029,0.08748469224534561,3,2
2021-02-26,136.94000244140625,138.32000732421875,134.1199951171875,135.19000244140625,1151000,0.01829273343264548,2.0,0.041520312413568454,0.03829517674076177,4,2
2021-03-01,142.2100067138672,142.5800018310547,139.0399932861328,139.55999755859375,656100,0.03848403810797252,4.0,0.038421524185015786,0.13332781897062862,0,3
2021-03-02,136.50999450683594,143.49000549316406,136.41000366210938,143.1199951171875,843600,-0.04008165345565262,-4.0,0.023349260284553704,0.028048903574448225,1,3
2021-03-03,132.33999633789062,137.49000549316406,131.63999938964844,135.94000244140625,607900,-0.0305472004742956,-3.0,0.023428510219718444,0.02708592841422708,2,3
2021-03-04,126.43000030517578,133.14999389648438,124.87000274658205,131.4199981689453,827000,-0.0446576711217781,-4.0,0.02342387284280453,-0.0340146252708714,3,3
2021-03-05,125.51000213623048,127.30999755859376,117.9800033569336,127.23999786376952,1154500,-0.007276739434664337,-1.0,0.02514032779511697,-0.0839069245893389,4,3
2021-03-08,118.8499984741211,126.87000274658205,118.8000030517578,124.97000122070312,769300,-0.053063529190928715,-5.0,0.025126541474016394,-0.09136322522603724,0,3
2021-03-09,127.5500030517578,128.83999633789062,122.0,122.33000183105467,706000,0.07320155396999084,7.0,0.02708319846618839,-0.14674417256969352,1,3
2021-03-10,130.99000549316406,132.10000610351562,128.69000244140625,129.3000030517578,782400,0.02696983425402477,3.0,0.031624784342704625,-0.10635460751192582,2,3
2021-03-11,135.83999633789062,137.6699981689453,134.0399932861328,134.3699951171875,1086500,0.03702565570912708,4.0,0.032362255699722065,-0.08347322158288051,3,3
2021-03-12,132.19000244140625,135.35000610351562,131.07000732421875,135.35000610351562,476600,-0.02686980267141148,-3.0,0.033486234845833504,-0.05699414467153674,4,3
2021-03-15,137.08999633789062,137.25,132.5500030517578,132.82000732421875,612600,0.03706781001578641,4.0,0.03386450767063011,-0.0866440520715549,0,3
2021-03-16,135.55999755859375,139.25999450683594,134.39999389648438,139.1199951171875,415200,-0.011160542856284206,-1.0,0.0349964670354804,-0.04566653558872369,1,3
2021-03-17,132.22999572753906,135.97999572753906,129.82000732421875,134.75999450683594,961200,-0.024564782317994305,-2.0,0.03504373482857893,-0.05016818666528111,2,3
2021-03-18,127.02999877929688,131.08999633789062,125.7300033569336,129.00999450683594,1046000,-0.03932539602403695,-4.0,0.03485777412801608,-0.09512084233775542,3,3
2021-03-19,129.66000366210938,130.5,126.51000213623048,128.5399932861328,1183600,0.02070380940002914,2.0,0.03565238126605354,-0.1190096634410045,4,3
2021-03-22,130.13999938964844,132.3800048828125,130.05999755859375,130.14999389648438,472300,0.0037019567637057715,0.0,0.03610123760294334,-0.09461631461850739,0,3
2021-03-23,129.80999755859375,133.41000366210938,129.2899932861328,130.50999450683594,607300,-0.002535744833274789,-0.0,0.03555522149403764,-0.11306479125574542,1,3
2021-03-24,126.83999633789062,130.8699951171875,126.6999969482422,130.8699951171875,549900,-0.022879603085752542,-2.0,0.03524012955007463,-0.0919202495289736,2,3
2021-03-25,128.0,128.4499969482422,122.97000122070312,125.5199966430664,617400,0.009145409142233163,1.0,0.03531714417343407,-0.09484056291895515,3,3
2021-03-26,135.42999267578125,135.60000610351562,128.4199981689453,128.4199981689453,905700,0.058046817779541016,6.0,0.035161654258762366,-0.10068152635917449,4,3
2021-03-29,131.6999969482422,135.91000366210938,131.42999267578125,134.72999572753906,926700,-0.027541873508541426,-3.0,0.0356738178431034,0.007064225003151403,0,3
2021-03-30,132.0,133.77000427246094,130.11000061035156,130.67999267578125,407000,0.002277927552843506,0.0,0.035959846711603585,-0.038264972978996004,1,3
2021-03-31,137.64999389648438,139.83999633789062,133.3300018310547,133.3300018310547,923500,0.04280298406427563,4.0,0.034809308707323725,-0.07179527622419823,2,3
2021-04-01,143.8699951171875,144.8800048828125,139.6999969482422,139.6999969482422,837600,0.04518707952417844,5.0,0.03508879104443452,0.008351032419031679,3,4
2021-04-05,145.97999572753906,146.52999877929688,143.33999633789062,145.0,635700,0.014666022672989554,1.0,0.03557531830109899,0.08712406754083979,0,4
2021-04-06,144.30999755859375,146.91000366210938,144.02000427246094,145.75999450683594,766400,-0.011439911068789499,-1.0,0.03377975332169457,0.1546309845382714,1,4
2021-04-07,143.22000122070312,144.97999572753906,142.58999633789062,144.0,402500,-0.0075531588686227336,-1.0,0.03388230794704527,0.1497888224235504,2,4
2021-04-08,146.6300048828125,149.25999450683594,144.38999938964844,145.5399932861328,839900,0.023809549176406763,2.0,0.031182218891513208,0.20504840605352181,3,4
2021-04-09,146.0399932861328,146.97999572753906,144.4600067138672,146.97999572753906,397900,-0.004023812160077522,-0.0,0.02780756446567142,0.14958840748370927,4,4
2021-04-12,146.64999389648438,147.38999938964844,144.4199981689453,144.8800048828125,322000,0.004176942196624234,0.0,0.027517063983076753,0.11489416872918712,0,4
2021-04-13,147.2100067138672,148.27999877929688,145.07000732421875,146.6999969482422,335300,0.0038187033119012614,0.0,0.026555161248665606,0.07957890054490857,1,4
2021-04-14,146.55999755859375,149.24000549316406,146.14999389648438,146.8300018310547,388400,-0.00441552289673397,-0.0,0.025599486501720725,0.11362435883998567,2,4
2021-04-15,147.5500030517578,149.2100067138672,146.1999969482422,148.25999450683594,497000,0.006754950256929959,1.0,0.024619194700798517,0.06907871816818845,3,4
2021-04-16,146.16000366210938,148.6199951171875,144.4600067138672,148.6199951171875,1584800,-0.009420531080306715,-1.0,0.024396212007656532,0.08844796185527781,4,4
2021-04-19,139.8000030517578,146.8800048828125,137.92999267578125,144.91000366210938,23298600,-0.04351396039271127,-4.0,0.023713835843651068,0.10534680771882643,0,4
2021-04-20,142.19000244140625,142.3699951171875,138.9199981689453,139.99000549316406,1199400,0.017095846476938847,2.0,0.02411983622892498,0.10052746906380494,1,4
2021-04-21,144.0,144.07000732421875,141.05999755859375,141.42999267578125,587900,0.012729429126633773,1.0,0.024013849583956984,0.0966373471031956,2,4
2021-04-22,145.27000427246094,146.85000610351562,142.8300018310547,143.42999267578125,703800,0.008819474114312165,1.0,0.024076293901910954,0.10650069675237761,3,4
2021-04-23,147.33999633789062,148.0800018310547,145.94000244140625,146.1999969482422,501800,0.014249273797413142,1.0,0.02402358604404662,0.1190971959373841,4,4
2021-04-26,148.83999633789062,149.49000549316406,147.27000427246094,147.75999450683594,661300,0.010180535070464458,1.0,0.023170451854218073,0.16162094443293573,0,4
2021-04-27,147.7899932861328,149.5,146.05999755859375,148.41000366210938,634200,-0.00705457590427605,-1.0,0.02317542222110047,0.1628124713897705,1,4
2021-04-28,148.2899932861328,148.42999267578125,146.64999389648438,147.5,631700,0.0033831789885256924,0.0,0.020238727717329794,0.09126486951779844,2,4
2021-04-29,133.4199981689453,144.72999572753906,133.05999755859375,141.5399932861328,1971200,-0.10027645687794395,-10.0,0.018880773434381475,0.125968084451896,3,4
2021-04-30,130.94000244140625,133.97000122070312,130.52000427246094,133.07000732421875,1057200,-0.018587886085852934,-2.0,0.029896310203663023,0.01075756188594923,4,4
2021-05-03,130.25,132.02999877929688,129.08999633789062,132.02999877929688,1266900,-0.005269607671765653,-1.0,0.02857142604005277,-0.0487467617334163,0,5
2021-05-04,129.99000549316406,130.13999938964844,126.98999786376952,129.72999572753906,857800,-0.0019961190544025564,-0.0,0.026450120321280513,-0.09466876749452524,1,5
2021-05-05,130.89999389648438,132.77000427246094,129.02000427246094,130.50999450683594,769900,0.0070004489950434845,1.0,0.026097951092315275,-0.10953548912427113,2,5
2021-05-06,130.10000610351562,130.24000549316406,126.95999908447266,129.6300048828125,702700,-0.006111442553628943,-1.0,0.026186458845865488,-0.09292498017446471,3,5
2021-05-07,131.16000366210938,133.3699951171875,130.5,131.99000549316406,658200,0.00814755963770164,1.0,0.026179365404417586,-0.09160728253988415,4,5
2021-05-10,129.13999938964844,131.60000610351562,129.1199951171875,130.42999267578125,555600,-0.015401069045902216,-2.0,0.025556561193498733,-0.10550365345119395,0,5
2021-05-11,130.16000366210938,130.9499969482422,125.05999755859376,126.41999816894533,502800,0.007898437953242743,1.0,0.025655959901078804,-0.11572168360328938,1,5
2021-05-12,125.3000030517578,128.60000610351562,124.93000030517578,127.63999938964844,905600,-0.03733866374933392,-4.0,0.025738928330592225,-0.11244453406533905,2,5
2021-05-13,125.38999938964844,127.56999969482422,123.05999755859376,126.98999786376952,777700,0.0007182468930464481,0.0,0.02656114357185899,-0.1488350157112347,3,5
2021-05-14,129.00999450683594,129.8800048828125,125.76000213623048,127.2699966430664,741700,0.028869887030929853,3.0,0.02661251516914924,-0.14444595061133025,4,5
2021-05-17,127.66000366210938,128.77000427246094,126.13999938964844,127.54000091552734,558800,-0.01046423457257828,-1.0,0.027605046313708744,-0.12565237656022532,0,5
2021-05-18,127.83999633789062,130.0399932861328,126.88999938964844,127.62000274658205,743400,0.0014099378867140633,0.0,0.027612462088932428,-0.12657361478156526,1,5
2021-05-19,127.12000274658205,127.1999969482422,124.62999725341795,125.88999938964844,558200,-0.005631990080831817,-1.0,0.02627204975223484,-0.0855508329956135,2,5
2021-05-20,130.6999969482422,131.42999267578125,128.0,128.24000549316406,539900,0.02816232004649155,3.0,0.025828062892446952,-0.10598494574915185,3,5
2021-05-21,130.77000427246094,133.07000732421875,130.3300018310547,132.14999389648438,764400,0.00053563370966625,0.0,0.026566368386128917,-0.09236113230387366,4,5
2021-05-24,132.82000732421875,133.58999633789062,131.50999450683594,132.5,512700,0.015676401198906564,2.0,0.026423690395944634,-0.09981413625351421,0,5
2021-05-25,133.02999877929688,135.22000122070312,132.8000030517578,134.41000366210938,483000,0.0015810227638786145,0.0,0.026476500292544464,-0.09854750491763009,1,5
2021-05-26,132.88999938964844,134.1300048828125,132.17999267578125,133.27999877929688,453600,-0.0010523896183800563,-0.0,0.02630274669041743,-0.10622143205850743,2,5
2021-05-27,133.07000732421875,133.52000427246094,130.64999389648438,133.1199951171875,687100,0.0013545634389124928,0.0,0.026311777763801992,-0.1008186925594945,3,5
2021-05-28,134.13999938964844,135.4600067138672,133.6699981689453,134.08999633789062,482800,0.008040820669850124,1.0,0.026284318455275953,-0.1026366353159539,4,5
2021-06-01,131.89999389648438,135.6999969482422,131.8000030517578,135.49000549316406,503000,-0.016699012251053635,-2.0,0.014675643469785357,0.0053965015034058705,1,6
2021-06-02,130.75999450683594,131.8300018310547,129.36000061035156,131.8300018310547,619300,-0.008642907068995842,-1.0,0.014559036883680477,0.007331536865578636,2,6
2021-06-03,129.5800018310547,131.3699951171875,128.25999450683594,130.75999450683594,477700,-0.009024110778159788,-1.0,0.014643650669427478,0.003915504850947604,3,6
2021-06-04,132.5399932861328,134.82000732421875,131.0,131.0,256600,0.02284296506599337,2.0,0.01477816396029192,-0.0031541168150110988,4,6
2021-06-07,132.57000732421875,134.9199981689453,131.9600067138672,134.8800048828125,586200,0.00022645269055621142,0.0,0.015540575997447612,0.012528643744210921,0,6
2021-06-08,134.9499969482422,135.72000122070312,133.30999755859375,133.94000244140625,445600,0.017952700403816246,2.0,0.015462861850075543,0.018985404341471224,1,6
2021-06-09,134.74000549316406,136.5800018310547,134.49000549316406,135.35000610351562,328900,-0.0015560686167237492,-0.0,0.015832773380458038,0.0288959528843602,2,6
2021-06-10,136.3699951171875,136.4499969482422,134.50999450683594,135.0,337100,0.012097295217240678,1.0,0.015376507012518354,0.04336383870205052,3,6
2021-06-11,136.4199981689453,137.14999389648438,135.41000366210938,136.97999572753906,371000,0.0003666719479960001,0.0,0.015482118591496376,0.0477104431496409,4,6
2021-06-14,137.66000366210938,138.05999755859375,136.83999633789062,136.83999633789062,263100,0.009089616697021352,1.0,0.012561865483689285,0.08874696605230059,0,6
2021-06-15,136.4600067138672,138.35000610351562,136.0800018310547,138.0,285800,-0.008717106758093784,-1.0,0.01258094316960342,0.09785472790642569,1,6
2021-06-16,134.67999267578125,136.47000122070312,132.38999938964844,136.47000122070312,558000,-0.013044217723206741,-1.0,0.011578866479546198,0.057747558516766606,2,6
2021-06-17,134.27000427246094,135.5,133.7100067138672,134.30999755859375,478600,-0.0030441671043692775,-0.0,0.011738564305154525,0.054989729063868564,3,6
2021-06-18,131.75,134.66000366210938,130.5,134.13999938964844,1008000,-0.018768184942836053,-2.0,0.011801546204777833,0.050297310065430034,4,6
2021-06-21,134.64999389648438,134.83999633789062,130.22999572753906,131.4600067138672,640500,0.022011338872746755,2.0,0.012571863744934925,0.036422255769204215,0,6
2021-06-22,135.19000244140625,135.44000244140625,133.57000732421875,134.64999389648438,436100,0.004010460968435048,0.0,0.011984391472546726,0.0302218595292425,1,6
2021-06-23,135.7100067138672,136.6300048828125,134.61000061035156,135.58999633789062,408900,0.003846469879947856,0.0,0.01199458306698344,0.03379978607124756,2,6
2021-06-24,137.74000549316406,138.47999572753906,136.25,137.0,527500,0.014958357371368747,1.0,0.011573416959088461,0.021758765474194197,3,6
2021-06-25,138.69000244140625,139.24000549316406,137.1300048828125,138.0,636500,0.006897029986610015,1.0,0.011963425345510115,0.035405598414544937,4,6
2021-06-28,140.10000610351562,141.16000366210938,139.4499969482422,139.99000549316406,562600,0.010166584737822504,1.0,0.011996831107318865,0.04364514318907897,0,6
2021-06-29,141.75999450683594,142.1199951171875,139.33999633789062,140.10000610351562,432300,0.011848596224141472,1.0,0.012122731720212908,0.05282932586130107,1,6
2021-06-30,141.25999450683594,142.39999389648438,140.3800048828125,141.38999938964844,483900,-0.0035270881727911263,-0.0,0.01223730423966808,0.05680628561099832,2,6
2021-07-01,142.97000122070312,143.25999450683594,140.5,140.8800048828125,588200,0.012105385674388014,1.0,0.011508858284273643,0.07096285855553064,3,7
2021-07-02,143.97999572753906,144.1999969482422,142.38999938964844,143.67999267578125,425200,0.007064380626791822,1.0,0.011318378295455617,0.0933772348333104,4,7
2021-07-06,145.5800018310547,145.7100067138672,143.57000732421875,144.36000061035156,606300,0.011112697256522974,1.0,0.010906936553951497,0.11112821186141808,1,7
2021-07-07,144.1199951171875,147.07000732421875,143.4499969482422,146.0,724100,-0.010028896108694396,-1.0,0.010231588875321234,0.09838546254314773,2,7
2021-07-08,142.86000061035156,143.8699951171875,139.3800048828125,142.0399932861328,438600,-0.008742676585656306,-1.0,0.01068201508398686,0.0871236867681664,3,7
2021-07-09,145.13999938964844,145.52999877929688,142.7899932861328,142.86000061035156,465500,0.015959672193447183,2.0,0.010530935012803166,0.05861433005547334,4,7
2021-07-12,142.8800048828125,145.64999389648438,142.5,145.5,504600,-0.01557113487901196,-2.0,0.010859774592815294,0.07718564251514759,0,7
2021-07-13,143.05999755859375,143.8800048828125,141.4199981689453,142.8800048828125,348000,0.0012597471278705807,0.0,0.011440568264894388,0.047737845557820346,1,7
2021-07-14,142.57000732421875,144.1300048828125,141.77000427246094,144.1300048828125,358100,-0.0034250681024533547,-0.0,0.011434737595610788,0.04867321125034274,2,7
2021-07-15,141.27999877929688,142.6300048828125,139.8300018310547,141.9199981689453,386800,-0.009048246325668363,-1.0,0.011390749512456395,0.03566761246179473,3,7
2021-07-16,140.1999969482422,142.74000549316406,139.72999572753906,141.99000549316406,469600,-0.007644407137501696,-1.0,0.011406156565673762,0.03532164611083721,4,7
2021-07-19,136.7100067138672,138.30999755859375,135.35000610351562,138.30999755859375,700800,-0.02489294087262639,-2.0,0.011113888338760348,0.040986074938015316,0,7
2021-07-20,142.9600067138672,143.52000427246094,136.72000122070312,137.30999755859375,810600,0.04571720937064394,5.0,0.012538463977001263,0.018172356920872712,1,7
2021-07-21,146.5,146.66000366210938,142.82000732421875,143.24000549316406,637900,0.024762123110542822,2.0,0.01510585735763978,0.08508543995345108,2,7
2021-07-22,148.27999877929688,148.82000732421875,146.77999877929688,146.77999877929688,479800,0.01215016231601962,1.0,0.015280731883131768,0.0880059906473194,3,7
2021-07-23,152.69000244140625,153.72999572753906,148.2899932861328,148.9499969482422,943800,0.029741055424968854,3.0,0.015380333050501438,0.09682665952731284,4,7
2021-07-26,151.32000732421875,152.0,148.9499969482422,151.99000549316406,592900,-0.008972395672815714,-1.0,0.01633201248902038,0.1251197029511606,0,7
2021-07-27,143.60000610351562,150.4199981689453,142.44000244140625,150.4199981689453,889300,-0.051017716409187175,-5.0,0.01649186724745434,0.09859155865743485,1,7
2021-07-28,145.25,146.42999267578125,142.9199981689453,144.0,667100,0.011490207704413002,1.0,0.020457025556314963,0.035402722443413026,2,7
2021-07-29,133.02999877929688,137.5,130.0500030517578,136.55999755859375,1725900,-0.08413081735423833,-8.0,0.02048592374067608,0.03675941236347424,3,7
2021-07-30,135.4499969482422,135.5,131.19000244140625,133.1199951171875,1028000,0.01819137180449215,2.0,0.02762349321044096,-0.06158292935824061,4,7
2021-08-02,131.07000732421875,135.7899932861328,130.8000030517578,135.67999267578125,676200,-0.032336579717289426,-3.0,0.027993085093848756,-0.04112981583269559,0,8
2021-08-03,132.41000366210938,133.27000427246094,130.6699981689453,131.07000732421875,622500,0.010223516159390877,1.0,0.028577743559077426,-0.08323420154494032,1,8
2021-08-04,135.3000030517578,135.72999572753906,131.89999389648438,132.8699951171875,792600,0.02182614084826473,2.0,0.02864564972012163,-0.08035833038448059,2,8
2021-08-05,135.5500030517578,137.19000244140625,134.3800048828125,135.47999572753906,905900,0.0018477457085079863,0.0,0.029013462023233284,-0.07061408606950559,3,8
2021-08-06,135.3699951171875,136.3300018310547,134.4499969482422,135.8800048828125,502600,-0.0013279817817605233,-0.0,0.028986792617490303,-0.059464282235516475,4,8
2021-08-09,135.17999267578125,136.10000610351562,134.66000366210938,135.5500030517578,283700,-0.001403578697345531,-0.0,0.028952156546105404,-0.05242898964835463,0,8
2021-08-10,135.77999877929688,137.6699981689453,135.1699981689453,136.17999267578125,482800,0.004438571800744917,0.0,0.02865546025741214,-0.06862344464483683,1,8
2021-08-11,134.49000549316406,136.74000549316406,133.60000610351562,136.74000549316406,304100,-0.00950061347569775,-1.0,0.028548297129747713,-0.04969209029170263,2,8
2021-08-12,133.67999267578125,134.35000610351562,133.0500030517578,134.35000610351562,487300,-0.006022847678625376,-1.0,0.028582914019995576,-0.05990488055138987,3,8
2021-08-13,132.00999450683594,134.0800018310547,131.6999969482422,133.86000061035156,807800,-0.012492506436588613,-1.0,0.028592561858314984,-0.06235543376399422,4,8
2021-08-16,130.16000366210938,131.6199951171875,129.32000732421875,131.6199951171875,891900,-0.014014021071948157,-1.0,0.02864086159208016,-0.06561441359397402,0,8
2021-08-17,127.9800033569336,129.3000030517578,125.94000244140624,129.3000030517578,994100,-0.016748618960053085,-2.0,0.02872803230320225,-0.07161193655260412,1,8
2021-08-18,126.56999969482422,128.07000732421875,126.43000030517578,127.22000122070312,469500,-0.011017374786097656,-1.0,0.028473386417300767,-0.06385782260405715,2,8
2021-08-19,126.25,126.47000122070312,124.18000030517578,124.9800033569336,578900,-0.002528242834761607,-0.0,0.02625033127291181,-0.11464749754697046,3,8
2021-08-20,128.2899932861328,128.5,126.02999877929688,126.44000244140624,471900,0.016158362662438197,2.0,0.025339939060398088,-0.1382252559726962,4,8
2021-08-23,129.89999389648438,130.10000610351562,128.8000030517578,128.9499969482422,624100,0.012549697518189795,1.0,0.025503927747218675,-0.13481255501571465,0,8
2021-08-24,131.25999450683594,132.49000549316406,130.58999633789062,130.66000366210938,344700,0.010469597184395107,1.0,0.024538352678135634,-0.1492567174047128,1,8
2021-08-25,131.72000122070312,132.47999572753906,130.5500030517578,131.10000610351562,349100,0.0035045461916671794,0.0,0.024839818599637173,-0.13256682425610888,2,8
2021-08-26,130.17999267578125,131.89999389648438,129.27999877929688,131.27999877929688,591300,-0.01169153151115998,-1.0,0.02270577646858473,-0.08272983550048507,3,8
2021-08-27,131.97999572753906,132.89999389648438,130.49000549316406,130.5,601200,0.013827032977646647,1.0,0.022485197210422192,-0.10375220188790879,4,8
2021-08-30,132.47000122070312,133.0,131.8699951171875,132.47000122070312,346400,0.0037127254813345,0.0,0.013671561044564386,-0.00789297948878298,0,8
2021-08-31,131.66000366210938,133.0,131.10000610351562,133.0,585900,-0.006114573496864728,-1.0,0.013043712580656296,-0.022000707232778804,1,8
2021-09-01,133.11000061035156,134.69000244140625,132.60000610351562,132.60000610351562,685500,0.011013192373618974,1.0,0.010984124916023129,0.004501383267883741,2,9
2021-09-02,131.83999633789062,134.60000610351562,131.44000244140625,133.8699951171875,356100,-0.009541013196886494,-1.0,0.011021188793257296,0.0052865865786733135,3,9
2021-09-03,132.99000549316406,133.4499969482422,131.25,131.57000732421875,354900,0.008722763859353444,1.0,0.010041178623620979,-0.025572850227827404,4,9
2021-09-07,129.77000427246094,133.64999389648438,129.52999877929688,133.0,527600,-0.024212354971807515,-2.0,0.010254800117700693,-0.018886001482539605,1,9
2021-09-08,129.7899932861328,130.85000610351562,127.70999908447266,130.85000610351562,474300,0.00015403416054371455,0.0,0.011453189378570837,-0.04136803609897999,2,9
2021-09-09,127.38999938964844,130.6699981689453,127.33000183105467,130.11000061035156,2543400,-0.01849136312992472,-2.0,0.011461926118947927,-0.03987275988818795,3,9
2021-09-10,125.62000274658205,128.77999877929688,125.4800033569336,127.88999938964844,1051800,-0.013894313930032265,-1.0,0.011913881498305339,-0.06179112877505566,4,9
2021-09-13,122.80999755859376,126.41000366210938,122.0500030517578,125.62000274658205,1728400,-0.02236909032438894,-2.0,0.01207192741647773,-0.06595287667701721,0,9
2021-09-14,122.44000244140624,125.06999969482422,121.87000274658205,123.94000244140624,1020200,-0.0030127442760594647,-0.0,0.01277152305661154,-0.08131355260881012,1,9
2021-09-15,125.1999969482422,125.3499984741211,121.6500015258789,122.8499984741211,1191700,0.022541607740956815,2.0,0.012621229387529277,-0.07249445090261053,2,9
2021-09-16,125.5,125.63999938964844,122.9800033569336,125.0,633900,0.0023961905676548323,0.0,0.013583034277973948,-0.038106995807584365,3,9
2021-09-17,123.13999938964844,125.58000183105467,122.52999877929688,125.16000366210938,773100,-0.018804785739853114,-2.0,0.013162735436646271,-0.01937805353869948,4,9
2021-09-20,120.73999786376952,121.38999938964844,118.61000061035156,120.27999877929688,643600,-0.019490023857192562,-2.0,0.013567024803939107,-0.027099631140443448,0,9
2021-09-21,119.93000030517578,121.47000122070312,119.48999786376952,121.4499969482422,536400,-0.006708610012629346,-1.0,0.014141571954325057,-0.04364358127707313,1,9
2021-09-22,121.08999633789062,122.62999725341795,119.8499984741211,120.29000091552734,769400,0.009672275742208747,1.0,0.01353879664890971,-0.06516480956009751,2,9
2021-09-23,123.83999633789062,125.33999633789062,121.29000091552734,122.33000183105467,524900,0.022710381395391055,2.0,0.01338602091838798,-0.06782138546992023,3,9
2021-09-24,123.5199966430664,124.1500015258789,122.29000091552734,122.44000244140624,347500,-0.002583976940302213,-0.0,0.014251960467075445,-0.056529014775776765,4,9
2021-09-27,124.08000183105467,124.72000122070312,121.83000183105467,123.0500030517578,627600,0.004533720880891101,0.0,0.014181821815929568,-0.062253298676312796,0,9
2021-09-28,121.0,123.33999633789062,118.87000274658205,122.5199966430664,754200,-0.02482270942620035,-2.0,0.014124213130517912,-0.04685812865206451,1,9
2021-09-29,120.0,122.6999969482422,119.5999984741211,121.55999755859376,550600,-0.008264462809917328,-1.0,0.014447519976853085,-0.08319439371862303,2,9
2021-09-30,119.79000091552734,121.76000213623048,119.33000183105467,120.62000274658205,813400,-0.0017499923706054688,-0.0,0.014362822838373944,-0.0941345293711241,3,9
2021-10-01,120.51000213623048,121.3000030517578,119.70999908447266,120.4000015258789,472600,0.006010528551634753,1.0,0.014371361962242759,-0.09015648197189075,4,10
2021-10-04,117.51000213623048,120.1999969482422,114.6500015258789,119.98999786376952,1076100,-0.02489419921019209,-2.0,0.014142907118548192,-0.09465854117907058,0,10
2021-10-05,119.87000274658205,120.01000213623048,116.93000030517578,117.8000030517578,1370600,0.020083401986629168,2.0,0.01479150006769329,-0.10869231340794361,1,10
2021-10-06,119.58999633789062,120.16000366210938,117.1999969482422,118.0199966430664,616700,-0.0023359172626647995,-0.0,0.015522021341794022,-0.09865405071553601,2,10
2021-10-07,120.1999969482422,122.9499969482422,119.69000244140624,120.70999908447266,544000,0.0051007661930859705,1.0,0.0148760406727746,-0.07844654079841662,3,10
2021-10-08,120.04000091552734,121.44000244140624,119.61000061035156,120.48999786376952,544500,-0.0013310818367470167,-0.0,0.014980202961657519,-0.07388856486608075,4,10
2021-10-11,117.94000244140624,121.12000274658205,117.6500015258789,119.83000183105467,467400,-0.017494155765617525,-2.0,0.01458680481367684,-0.05769682478480609,0,10
2021-10-12,117.1500015258789,119.94000244140624,117.01000213623048,118.8000030517578,474900,-0.006698328804256248,-1.0,0.01474492945948482,-0.06113676275480562,1,10
2021-10-13,120.68000030517578,121.26000213623048,118.16000366210938,118.16000366210938,624900,0.03013229819307406,3.0,0.014092226137697767,-0.04608742077382111,2,10
2021-10-14,122.83000183105467,124.4499969482422,122.4800033569336,123.22000122070312,550900,0.01781572357011907,2.0,0.015749413191162333,-0.01437440461562145,3,10
2021-10-15,123.5,123.93000030517578,122.70999908447266,123.73999786376952,563600,0.0054546784902509415,1.0,0.01543323204678338,-0.018929673921376233,4,10
2021-10-18,124.95999908447266,125.20999908447266,122.1500015258789,122.51000213623048,639000,0.011821854935001319,1.0,0.01547922884135162,-0.015936254980079667,0,10
2021-10-19,129.00999450683594,129.25999450683594,125.6999969482422,126.26000213623048,793300,0.032410334923462125,3.0,0.015121933392529539,0.014779922883264351,1,10
2021-10-20,129.47999572753906,129.67999267578125,126.9499969482422,129.2100067138672,650900,0.003643138056859785,0.0,0.015861770209130245,0.06849425864987535,2,10
2021-10-21,127.98999786376952,129.3699951171875,126.0500030517578,128.75,683900,-0.011507552617663896,-1.0,0.01569584188703843,0.0796297456688253,3,10
2021-10-22,128.11000061035156,128.9600067138672,126.7699966430664,128.66000366210938,431100,0.0009375947229077752,0.0,0.01597573773662895,0.056982424102359985,4,10
2021-10-25,129.36000061035156,130.36000061035156,127.52999877929688,128.5,416500,0.009757239825498809,1.0,0.015309094904760113,0.03448000967967135,0,10
2021-10-26,127.5999984741211,129.97999572753906,127.4499969482422,129.97999572753906,402300,-0.013605458626517852,-1.0,0.015372087673361776,0.04727982614961457,1,10
2021-10-27,125.01000213623048,128.5399932861328,124.86000061035156,127.61000061035156,788300,-0.020297777185443233,-2.0,0.015746223109971997,0.028368766853011484,2,10
2021-10-28,126.87000274658205,128.63999938964844,124.5999984741211,125.48999786376952,873700,0.01487881432339,1.0,0.015395779440588007,0.03314051352256597,3,10
2021-10-29,127.3499984741211,128.97999572753906,126.08999633789062,126.11000061035156,965700,0.003783366573246072,0.0,0.015477489719183685,0.057250022888183816,4,10
2021-11-01,126.8000030517578,128.80999755859375,125.41000366210938,127.55999755859376,625900,-0.004318770545372774,-0.0,0.015443789060469467,0.06311042241267573,0,11
2021-11-02,126.41000366210938,127.0999984741211,124.9499969482422,126.68000030517578,768300,-0.003075704891657094,-0.0,0.015508525555267001,0.05219484527447604,1,11
2021-11-03,129.85000610351562,130.57000732421875,125.12000274658205,125.83999633789062,956200,0.027213055468309877,3.0,0.014259256006467418,0.07573824665206819,2,11
2021-11-04,120.93000030517578,136.0,117.3000030517578,136.0,2614400,-0.06869468909557752,-7.0,0.014748361672525969,0.0832568876971862,3,11
2021-11-05,125.94000244140624,127.63999938964844,121.72000122070312,121.91000366210938,1047500,0.04142894338532499,4.0,0.021649622863200352,0.011204983763851706,4,11
2021-11-08,126.43000030517578,126.91000366210938,123.5,125.08999633789062,728300,0.0038907245852843886,0.0,0.023394998836521186,0.047753790673020324,0,11
2021-11-09,122.37000274658205,127.61000061035156,121.75,126.0199966430664,755300,-0.032112612107836336,-3.0,0.023380120266608333,0.05323225042413249,1,11
2021-11-10,120.18000030517578,122.61000061035156,119.62999725341795,121.5500030517578,770200,-0.0178965628197425,-2.0,0.024215302798913752,0.03756147374489571,2,11
2021-11-11,119.79000091552734,121.06999969482422,119.5500030517578,120.97000122070312,844700,-0.0032451272146621912,-0.0,0.024538513081572302,0.025864265811618825,3,11
2021-11-12,121.83000183105467,121.94000244140624,119.83999633789062,120.79000091552734,579100,0.017029809666383455,2.0,0.023656853531043524,-0.00737487062808917,4,11
2021-11-15,120.0500030517578,122.36000061035156,119.30999755859376,122.0,552600,-0.014610512620407357,-1.0,0.02362772812712288,-0.008141333429070863,0,11
2021-11-16,122.79000091552734,123.7300033569336,118.9000015258789,119.5,911700,0.022823805032210043,2.0,0.023796161336774677,-0.027935197961475366,1,11
2021-11-17,119.63999938964844,123.88999938964844,119.62999725341795,122.47000122070312,541400,-0.025653567085205387,-3.0,0.024211774616087492,-0.017365542452336236,2,11
2021-11-18,117.4499969482422,120.4800033569336,116.9000015258789,119.80999755859376,565700,-0.01830493524388732,-2.0,0.023566250377843188,-0.0726299939241607,3,11
2021-11-19,117.33000183105467,118.66000366210938,117.29000091552734,118.20999908447266,516900,-0.001021669819543769,-0.0,0.023728328486238286,-0.09291009558427255,4,11
2021-11-22,115.93000030517578,118.3499984741211,114.52999877929688,117.48999786376952,680000,-0.01193216998236113,-1.0,0.023680701417392026,-0.08328772724929001,0,11
2021-11-23,109.72000122070312,111.5999984741211,107.62999725341795,111.12999725341795,2215700,-0.05356679951803123,-5.0,0.023716794163280507,-0.09507454724179909,1,11
2021-11-24,110.0,110.12999725341795,106.72000122070312,108.1999969482422,1496800,0.002551939265236225,0.0,0.02575489560882024,-0.15182436067549632,2,11
2021-11-26,105.94000244140624,110.16999816894533,105.51000213623048,108.73999786376952,619900,-0.036909068714488735,-4.0,0.02580435994051196,-0.13793102417388037,4,11
2021-11-29,110.31999969482422,111.83999633789062,107.0,107.87000274658205,1143700,0.04134413019143057,4.0,0.026486947159908868,-0.15254779112828576,0,11
2021-11-30,109.58000183105467,110.98999786376952,105.48999786376952,109.68000030517578,1883300,-0.006707739900440379,-1.0,0.02818098774772399,-0.13044851181106876,1,11
2021-12-01,108.83999633789062,112.01000213623048,108.41000366210938,111.44000244140624,1131500,-0.006753107143627868,-1.0,0.028087038813671025,-0.13953668516672557,2,12
2021-12-02,110.91000366210938,111.29000091552734,108.12000274658205,108.56999969482422,680800,0.019018811042518458,2.0,0.0280815222761017,-0.14164042808844557,3,12
2021-12-03,112.88999938964844,113.58000183105467,109.9499969482422,111.19000244140624,1839800,0.01785227357462893,2.0,0.028639031290314816,-0.12261687802360244,4,12
2021-12-06,116.63999938964844,117.0500030517578,111.56999969482422,113.0,1007300,0.03321817716604447,3.0,0.028168247992389265,-0.13061229046340417,0,12
2021-12-07,120.1999969482422,120.8499984741211,117.87999725341795,118.5199966430664,866200,0.03052124123133093,3.0,0.025529332477256052,-0.03547507570248254,1,12
2021-12-08,120.73999786376952,121.58999633789062,117.08000183105467,120.01000213623048,802600,0.0044925202099617145,0.0,0.024712098940336533,-0.04557730174600072,2,12
2021-12-09,119.95999908447266,122.30999755859376,119.87999725341795,120.22000122070312,699600,-0.006460152336402514,-1.0,0.024719530258455035,-0.04500516038655211,3,12
2021-12-10,120.56999969482422,121.86000061035156,119.01000213623048,120.86000061035156,774600,0.005085033469548694,1.0,0.023767273773977513,-0.019694399019507314,4,12
2021-12-13,122.5199966430664,123.45999908447266,119.94000244140624,120.0999984741211,793200,0.01617315213716375,2.0,0.023461868429535834,0.0032451272146623023,0,12
2021-12-14,117.30999755859376,119.8000030517578,115.08999633789062,117.73999786376952,1153300,-0.04252366329759838,-4.0,0.023691818710158,0.022789846453579843,1,12
2021-12-15,118.66999816894533,119.22000122070312,113.69000244140624,117.05999755859376,1287200,0.0115932200038813,1.0,0.025234203029732175,-0.03710091278443006,2,12
2021-12-16,115.5199966430664,119.31999969482422,115.41000366210938,119.11000061035156,1102300,-0.026544211464420875,-3.0,0.025200998342253964,-0.011495250709968818,3,12
2021-12-17,120.75,121.58999633789062,113.93000030517578,115.6999969482422,2048000,0.04527357608131899,5.0,0.025243973650174768,-0.05920681014948681,4,12
2021-12-20,119.91999816894533,121.22000122070312,117.7300033569336,118.9000015258789,891700,-0.006873721168154656,-1.0,0.0267072324623897,0.009277838649400794,0,12
2021-12-21,120.7300033569336,121.3000030517578,119.88999938964844,120.76000213623048,737400,0.006754546367213177,1.0,0.026413656622075714,0.021030236567750604,1,12
2021-12-22,121.08000183105467,122.5199966430664,119.75,120.80999755859376,484800,0.0028990181760064626,0.0,0.02643360902440557,0.028978108521421797,2,12
2021-12-23,120.51000213623048,121.70999908447266,120.08000183105467,121.38999938964844,444200,-0.004707628726497104,-0.0,0.02624878167821983,0.044423371968618675,3,12
2021-12-27,122.5999984741211,122.66999816894533,120.26000213623048,120.55999755859376,403900,0.01734292839467355,2.0,0.023004724690681166,0.09834123947759665,0,12
2021-12-28,122.33999633789062,123.5,121.91999816894533,123.1500015258789,370300,-0.0021207352321896966,-0.0,0.02316065196260154,0.11454544067382821,1,12
2021-12-29,122.12999725341795,122.6500015258789,121.3499984741211,122.33999633789062,259700,-0.0017165202775768496,-0.0,0.0211363506188561,0.1548045452005249,2,12
2021-12-30,122.04000091552734,123.44000244140624,121.88999938964844,122.87999725341795,297600,-0.0007368897069888192,-0.0,0.01968599625500708,0.1070521899135557,3,12
2021-12-31,121.1500015258789,122.13999938964844,120.9499969482422,122.0999984741211,313700,-0.007292685865058823,-1.0,0.019550508218984495,0.11370687056277773,4,12
2022-01-03,122.9800033569336,123.45999908447266,118.7699966430664,121.31999969482422,580100,0.015105256359933206,2.0,0.019567520262722102,0.11310185228022451,0,1
2022-01-04,122.5999984741211,123.0,120.5999984741211,122.77999877929688,449900,-0.0030899729422643185,-0.0,0.019448580485523302,0.10882697048316614,1,1
2022-01-05,118.33000183105467,123.43000030517578,118.13999938964844,122.16999816894533,806300,-0.034828684308407576,-3.0,0.01929894344351225,0.08601292529870475,2,1
2022-01-06,117.13999938964844,119.06999969482422,115.56999969482422,117.56999969482422,463900,-0.01005664178984178,-1.0,0.019872040702659816,0.014489047070041616,3,1
2022-01-07,115.08000183105467,118.83000183105467,115.0500030517578,116.4000015258789,458300,-0.017585774025331014,-2.0,0.01878834726083549,-0.02545755105061598,4,1
2022-01-10,114.54000091552734,114.58999633789062,110.52999877929688,113.48999786376952,823900,-0.004692395784978265,-0.0,0.01907767931858022,-0.04687755617737377,0,1
2022-01-11,119.2699966430664,119.5199966430664,112.06999969482422,114.62999725341795,612000,0.0412955796204979,4.0,0.0190614180888275,-0.04518171232336121,1,1
2022-01-12,120.0500030517578,121.73999786376952,118.27999877929688,120.11000061035156,473700,0.006539837600781251,1.0,0.02124911330869474,-0.01078214360992169,2,1
2022-01-13,115.1999969482422,121.13999938964844,114.62999725341795,120.3499984741211,672800,-0.04039988321720067,-4.0,0.020977924463832804,-0.020159922126870122,3,1
2022-01-14,115.87999725341795,116.63999938964844,112.93000030517578,114.23999786376952,513800,0.005902780583243228,1.0,0.020770615551414184,-0.017986536989719637,4,1
2022-01-18,116.06999969482422,117.37000274658205,113.7699966430664,114.44000244140624,1100700,0.001639648307815822,0.0,0.02063948402003714,-0.023510583623295944,1,1
2022-01-19,117.36000061035156,121.6999969482422,115.98999786376952,116.06999969482422,677500,0.011113990858267142,1.0,0.01978946942490648,0.004761106888335531,2,1
2022-01-20,115.7699966430664,120.26000213623048,115.61000061035156,118.0999984741211,607000,-0.013548090993661055,-1.0,0.017144775942024747,-0.0280745291068194,3,1
2022-01-21,116.05999755859376,118.27999877929688,113.88999938964844,115.08000183105467,1191400,0.002504974725199949,0.0,0.017315937799927225,-0.03460641752205773,4,1
2022-01-24,117.5999984741211,117.62000274658205,111.43000030517578,114.4000015258789,1364600,0.013269006961247332,1.0,0.017238909813319277,-0.03868140204165438,0,1
2022-01-25,114.62999725341795,116.52999877929688,112.55999755859376,113.91000366210938,862400,-0.025255112748634234,-3.0,0.017524443592536857,-0.028741355337847607,1,1
2022-01-26,113.4800033569336,117.98999786376952,112.5,116.0,1209100,-0.010032224758254271,-1.0,0.018284797075375836,-0.04879267096987916,2,1
2022-01-27,109.77999877929688,112.16999816894533,106.0,107.6999969482422,2068500,-0.0326049036674676,-3.0,0.017789520485161893,-0.07438821558478714,3,1
2022-01-28,113.41000366210938,113.5199966430664,106.88999938964844,109.91999816894533,845300,0.03306617711037063,3.0,0.0188797185505912,-0.10266468803795215,4,1
2022-01-31,116.26000213623048,116.52999877929688,112.56999969482422,112.56999969482422,730500,0.025130044811675578,3.0,0.020624932513973623,-0.0713992777156518,0,1
2022-02-01,116.1500015258789,117.12000274658205,114.61000061035156,116.43000030517578,716000,-0.0009461604019470604,-0.0,0.02153896916122971,-0.04736151045506476,1,2
2022-02-02,116.4000015258789,116.98999786376952,114.62000274658205,116.1500015258789,494700,0.002152389123682541,0.0,0.021506770318494368,-0.041271150945317525,2,2
2022-02-03,113.62999725341795,115.41000366210938,113.12000274658205,114.5,656000,-0.023797287252140698,-2.0,0.021181444302870243,-0.05350464832853419,3,2
2022-02-04,115.76000213623048,116.37000274658205,113.01000213623048,113.55999755859376,529000,0.018745093147033876,2.0,0.021690978153216883,-0.07316477432580526,4,2
2022-02-07,115.16999816894533,117.8000030517578,114.88999938964844,116.52999877929688,464900,-0.005096786078068849,-1.0,0.020945854172084943,-0.021718918744660365,0,2
2022-02-08,114.62999725341795,115.69000244140624,113.45999908447266,114.93000030517578,592500,-0.004688729045000395,-0.0,0.02086449155943682,-0.016817493861769672,1,2
2022-02-09,120.11000061035156,120.20999908447266,115.25,116.22000122070312,508400,0.04780601490217884,5.0,0.020526591997557884,-0.003910362969035686,2,2
2022-02-10,118.33000183105467,120.55999755859376,116.95999908447266,117.30999755859376,584800,-0.014819738325298815,-1.0,0.02297551338962713,0.0486292967548696,3,2
2022-02-11,114.1500015258789,119.13999938964844,113.63999938964844,118.83999633789062,495900,-0.03532494076306825,-4.0,0.021452267352862268,-0.007881234497094991,4,2
2022-02-14,111.91000366210938,114.94000244140624,111.2300033569336,113.6500015258789,517800,-0.019623283695372584,-2.0,0.022707250362420668,-0.0491462005489095,0,2
2022-02-15,113.1999969482422,114.45999908447266,111.43000030517578,114.45999908447266,581600,0.011527059636488923,1.0,0.021370724879432475,-0.02855897025423515,1,2
2022-02-16,114.6500015258789,114.77999877929688,111.33000183105467,112.41999816894533,560200,0.012809228062962585,1.0,0.021498552496276087,-0.023127376326346094,2,2
2022-02-17,109.54000091552734,113.86000061035156,109.23999786376952,112.93000030517578,592400,-0.0445704364792191,-4.0,0.021701592992435677,-0.012233980982845116,3,2
2022-02-18,108.86000061035156,110.91000366210938,107.79000091552734,109.83000183105467,974700,-0.006207780714737932,-1.0,0.02355223495145476,-0.0666325805568756,4,2
2022-02-22,107.0500030517578,109.8000030517578,106.56999969482422,108.01000213623048,713400,-0.016626837667146344,-2.0,0.023442296661467233,-0.059687278509813146,1,2
2022-02-23,106.54000091552734,108.56999969482422,106.45999908447266,107.8499984741211,1112300,-0.004764148731353779,-0.0,0.0236025568133417,-0.07763221347895688,2,2
2022-02-24,109.8499984741211,109.91999816894533,103.44000244140624,103.83000183105467,805000,0.031068120237939034,3.0,0.023284970907719176,-0.09404759950764452,3,2
2022-02-25,111.5199966430664,111.52999877929688,107.83000183105467,110.08000183105467,510800,0.01520253247284975,2.0,0.023999647761922212,-0.04169937096595655,4,2
2022-02-28,111.27999877929688,112.5,107.5199966430664,110.47000122070312,884400,-0.002152061253531734,-0.0,0.02419529868103173,-0.01727182460245702,0,2
2022-03-01,110.12999725341795,113.44000244140624,109.3000030517578,111.6999969482422,495900,-0.010334305701779622,-1.0,0.023064236665818045,0.013663691170334502,1,3
2022-03-02,111.76000213623048,113.31999969482422,109.05999755859376,110.62999725341795,526500,0.014800734799454762,1.0,0.021955618806679122,-0.028921667425951036,2,3
2022-03-03,109.0,113.02999877929688,108.3499984741211,112.48999786376952,571400,-0.02469579530668009,-2.0,0.02144683228693216,-0.03870634712983245,3,3
2022-03-04,107.98999786376952,109.1999969482422,106.2300033569336,109.0199966430664,482100,-0.009266074644316391,-1.0,0.022025727628588936,-0.061558342074458317,4,3
2022-03-07,104.86000061035156,109.4499969482422,104.83000183105467,108.16999816894533,779600,-0.028984140340168163,-3.0,0.02203855281932166,-0.0722508896208186,0,3
2022-03-08,104.4499969482422,106.12999725341795,101.6500015258789,104.2300033569336,715100,-0.003910010106073614,-0.0,0.022306793725849237,-0.07718029442091356,1,3
2022-03-09,109.3000030517578,109.62000274658205,106.62000274658205,106.91999816894533,592400,0.04643376012656941,5.0,0.02171299643093322,-0.0977021853772797,2,3
2022-03-10,106.81999969482422,108.16000366210938,105.48999786376952,107.20999908447266,296300,-0.022689874544277955,-2.0,0.02440591734225416,-0.05096809247645129,3,3
2022-03-11,103.94000244140624,107.72000122070312,103.87000274658205,107.72000122070312,357200,-0.026961217577662344,-3.0,0.024810259493850753,-0.06813223192641105,4,3
2022-03-14,101.51000213623048,105.20999908447266,100.5999984741211,104.13999938964844,374000,-0.023378874813338668,-2.0,0.022392250700483174,-0.1346265763614669,0,3
2022-03-15,105.9499969482422,106.13999938964844,101.70999908447266,102.41999816894533,656600,0.04373948102230418,4.0,0.022625579630807427,-0.1421448443720883,1,3
2022-03-16,109.73999786376952,109.95999908447266,105.58000183105467,107.02999877929688,724900,0.0357716000442998,4.0,0.024205099033000416,-0.0718353435657001,2,3
2022-03-17,110.7300033569336,111.9499969482422,109.13999938964844,109.51000213623048,657700,0.009021373359174412,1.0,0.02532585185365258,-0.01939063289544496,3,3
2022-03-18,111.41999816894533,112.01000213623048,109.6999969482422,110.31999969482422,883200,0.00623132656997738,1.0,0.02527156618684683,-0.021819731960222133,4,3
2022-03-21,110.66999816894533,111.13999938964844,109.08999633789062,110.75,550500,-0.006731287132699326,-1.0,0.025135534222973373,-0.02817272842516705,0,3
2022-03-22,111.58999633789062,111.86000061035156,109.83999633789062,110.52999877929688,646900,0.008312986212766216,1.0,0.02313738482452468,0.010315841190191133,1,3
2022-03-23,107.1500015258789,110.87999725341795,107.13999938964844,110.87999725341795,523700,-0.039788466329612304,-4.0,0.02313630557673386,0.025078042552201252,2,3
2022-03-24,108.01000213623048,108.66000366210938,106.27999877929688,107.97000122070312,436100,0.00802613717316536,1.0,0.02454920151309104,0.0009341286433477425,3,3
2022-03-25,107.31999969482422,108.83999633789062,106.6999969482422,108.69000244140624,559200,-0.0063883198570441335,-1.0,0.02457515136884426,0.013797646030326849,4,3
2022-03-28,107.9499969482422,108.4800033569336,106.20999908447266,107.27999877929688,852700,0.0058702688707552575,1.0,0.023619766426000683,-0.023031395670823795,0,3
2022-03-29,111.88999938964844,111.9499969482422,109.4499969482422,109.5,948400,0.03649840252700809,4.0,0.023389416050680175,-0.03201219334905858,1,3
2022-03-30,109.19000244140624,111.79000091552734,108.80999755859376,111.08999633789062,374600,-0.02413081564903463,-2.0,0.024796487962375848,0.005481673409804655,2,3
2022-03-31,107.72000122070312,109.72000122070312,107.5,109.2300033569336,626800,-0.013462782194660572,-1.0,0.025277423991577945,-0.008535320398208257,3,3
2022-04-01,106.7699966430664,109.31999969482422,105.48999786376952,108.5500030517578,554000,-0.008819203182984459,-1.0,0.02519636499061757,-0.03614889798053844,4,4
2022-04-04,108.75,109.47000122070312,106.8499984741211,107.27999877929688,523400,0.0185445670055866,2.0,0.024697287354273182,-0.02045874639388623,0,4
2022-04-05,105.02999877929688,108.76000213623048,104.63999938964844,108.54000091552734,574000,-0.03420690777658042,-3.0,0.024958982358127473,0.007037708595839076,1,4
2022-04-06,100.9800033569336,104.70999908447266,100.7300033569336,103.18000030517578,680000,-0.03856036817513131,-4.0,0.025292605089276478,0.001621191760021068,2,4
2022-04-07,104.0,104.1999969482422,100.63999938964844,100.63999938964844,811600,0.029906878022093464,3.0,0.026678735843132417,-0.03322157676106097,3,4
2022-04-08,103.5,104.41999816894533,101.79000091552734,103.45999908447266,727000,-0.004807692307692291,-0.0,0.025414999669436274,-0.04849041997965953,4,4
2022-04-11,101.36000061035156,104.26000213623048,101.13999938964844,102.7699966430664,720000,-0.020676322605298947,-2.0,0.02498505999505419,-0.031080319268949497,0,4
2022-04-12,100.55999755859376,104.31999969482422,100.33000183105467,102.7699966430664,488400,-0.007892689886942361,-1.0,0.02469710297636249,-0.024822029733057693,1,4
2022-04-13,101.56999969482422,102.55999755859376,99.69000244140624,100.31999969482422,805800,0.010043776459341514,1.0,0.024219108703867166,-0.00935872877198618,2,4
2022-04-14,98.70999908447266,102.33000183105467,98.5999984741211,102.25,544200,-0.028157926739634576,-3.0,0.02219640390957413,-0.041340230104562115,3,4
2022-04-18,99.30999755859376,100.12999725341795,97.0,98.44000244140624,549700,0.006078396106635964,1.0,0.021148910559960543,-0.10051028789876071,0,4
2022-04-19,99.91999816894533,100.77999877929688,98.81999969482422,99.37999725341795,478700,0.006142388735753013,1.0,0.02106219620703337,-0.10313379799626587,1,4
2022-04-20,102.4499969482422,104.95999908447266,100.25,101.2300033569336,1003600,0.02532024445215808,3.0,0.021059842678664276,-0.10321306936805574,2,4
2022-04-21,101.4499969482422,105.66000366210938,100.4800033569336,103.7300033569336,841700,-0.009760859246342402,-1.0,0.022062745895320618,-0.07427488349782685,3,4
2022-04-22,99.12000274658205,102.52999877929688,99.0500030517578,100.83000183105467,978500,-0.022966922343515384,-2.0,0.021933672277716667,-0.09086835489217926,4,4
2022-04-25,99.9000015258789,101.05999755859376,98.9800033569336,99.05999755859376,859400,0.007869236861212325,1.0,0.020853227275970585,-0.07494165809561326,0,4
2022-04-26,97.87999725341795,100.36000061035156,96.93000030517578,99.56999969482422,809600,-0.020220262678751544,-2.0,0.020848920584626014,-0.07508564438432863,1,4
2022-04-27,97.62000274658205,100.0999984741211,96.5500030517578,98.01000213623048,1378000,-0.002656257806819995,-0.0,0.021160800260715113,-0.08796126041977181,2,4
2022-04-28,114.38999938964844,118.48999786376952,109.0,116.19000244140624,2684400,0.17178852869529915,17.0,0.021040151018006138,-0.0956923992004649,3,4
2022-04-29,114.20999908447266,116.80999755859376,112.06999969482422,114.0999984741211,1469000,-0.001573566798987791,-0.0,0.043241864899093346,0.022343373077462703,4,4
2022-05-02,114.87000274658205,115.94000244140624,111.75,113.98999786376952,1128100,0.005778860584888301,1.0,0.04284188241490472,0.04597487435500569,0,5
2022-05-03,114.58999633789062,116.66000366210938,114.04000091552734,114.62000274658205,1164800,-0.0024375938190682733,-0.0,0.042678778575493695,0.06637580249585762,1,5
2022-05-04,118.01000213623048,118.18000030517578,112.4000015258789,114.68000030517578,1107500,0.029845587814274044,3.0,0.04260660265853058,0.07324154669561889,2,5
2022-05-05,112.1500015258789,117.47000122070312,111.0199966430664,116.44000244140624,897800,-0.04965681301816105,-5.0,0.042867816283981126,0.08514944493085497,3,5
2022-05-06,110.41000366210938,112.0,108.5,111.58000183105467,702500,-0.015514916095369147,-2.0,0.04369369106593467,0.06779018213209298,4,5
2022-05-09,106.5500030517578,109.6999969482422,105.6999969482422,108.58000183105467,942500,-0.03496060576326432,-3.0,0.0428533732641644,0.0933848285966441,0,5
2022-05-10,107.51000213623048,109.0999984741211,104.16999816894533,108.51000213623048,886900,0.009009845677867778,1.0,0.0433089651079598,0.02451926011305572,1,5
2022-05-11,102.91000366210938,109.1500015258789,102.47000122070312,107.02999877929688,954400,-0.042786702471573346,-4.0,0.04330564481728331,0.03874398199256501,2,5
2022-05-12,106.31999969482422,106.66000366210938,101.51000213623048,101.70999908447266,785000,0.0331357099540206,3.0,0.04416115523814227,0.015292058429600353,3,5
2022-05-13,109.5500030517578,110.2300033569336,106.41999816894533,107.44000244140624,1355600,0.03038001661215972,3.0,0.044625994896410635,0.057279258910823305,4,5
2022-05-16,108.9800033569336,109.6999969482422,107.31999969482422,109.23999786376952,524300,-0.005203100674994077,-1.0,0.04499334438625059,0.07856653914453271,0,5
2022-05-17,111.94000244140624,112.51000213623048,108.19000244140624,111.3000030517578,649200,0.02716093772522643,3.0,0.04443545726731792,0.10404218790106778,1,5
2022-05-18,107.41999816894533,111.4000015258789,107.06999969482422,110.54000091552734,435300,-0.04037881163015744,-4.0,0.044684255895383426,0.12717757721583522,2,5
2022-05-19,109.51000213623048,110.9800033569336,107.16999816894533,107.33999633789062,743400,0.01945637686567525,2.0,0.04584637991943402,0.07506004941392175,3,5
2022-05-20,113.41999816894533,113.58999633789062,109.66999816894533,111.12000274658205,921200,0.035704464947875714,4.0,0.04573023315778618,0.06891171691840059,4,5
2022-05-23,112.95999908447266,113.4800033569336,110.13999938964844,113.41999816894533,469300,-0.0040557140883346054,-0.0,0.04611532636918777,0.11798917280214405,0,5
2022-05-24,108.66999816894533,112.01000213623048,106.58999633789062,111.6500015258789,844300,-0.03797805373846741,-4.0,0.045698507498292115,0.1396286920337868,1,5
2022-05-25,109.36000061035156,110.75,106.18000030517578,107.58000183105467,1193300,0.006349521054868523,1.0,0.04674683875647599,0.08778775284397344,2,5
2022-05-26,112.16000366210938,113.56999969482422,108.36000061035156,109.66999816894533,439300,0.02560353910141422,3.0,0.04638851771356336,0.11728651082009223,3,5
2022-05-27,118.6500015258789,119.0,113.72000122070312,113.72000122070312,693500,0.057863745112929355,6.0,0.04652669972648126,0.1489448935304032,4,5
2022-05-31,116.52999877929688,118.63999938964844,116.05999755859376,117.66999816894533,977300,-0.017867700963489996,-2.0,0.030204253493339227,0.03724103644514898,1,5
2022-06-01,116.41999816894533,118.63999938964844,114.62999725341795,117.12999725341795,571500,-0.0009439681756101548,-0.0,0.0305131602682275,0.02031345515648142,2,6
2022-06-02,119.6999969482422,119.75,115.76000213623048,116.22000122070312,580200,0.028173843247592423,3.0,0.03050021119584353,0.013493474234372416,3,6
2022-06-03,118.55999755859376,119.06999969482422,116.66000366210938,117.80999755859376,497000,-0.009523804667608826,-1.0,0.03105012496469703,0.0445937758413375,4,6
2022-06-06,118.47000122070312,120.58000183105467,117.73999786376952,120.0,504200,-0.0007590784391351413,-0.0,0.030502727642323785,0.004660583106577354,0,6
2022-06-07,117.83999633789062,118.7300033569336,115.18000030517578,116.8000030517578,605300,-0.005317843135992151,-1.0,0.028252611677792184,0.0563530950408937,1,6
2022-06-08,115.5199966430664,118.69000244140624,115.43000030517578,117.43000030517578,521700,-0.019687710174157935,-2.0,0.0280051467263986,0.06729456054108507,2,6
2022-06-09,113.02999877929688,115.0500030517578,112.97000122070312,114.29000091552734,582100,-0.021554691275339377,-2.0,0.02714198324465535,0.08418576569116887,3,6
2022-06-10,109.08999633789062,110.86000061035156,109.0,110.86000061035156,534300,-0.034858024276365085,-3.0,0.0276855772721575,0.05134402877298583,4,6
2022-06-13,102.44000244140624,106.19000244140624,102.13999938964844,105.1999969482422,501900,-0.06095878742068139,-6.0,0.02708097730544999,0.06005239972658427,0,6
2022-06-14,99.88999938964844,103.36000061035156,99.79000091552734,102.91999816894533,788200,-0.02489264926771506,-2.0,0.029540426897298622,-0.036493578485279676,1,6
2022-06-15,103.41999816894533,105.43000030517578,100.66000366210938,101.23999786376952,837800,0.0353388607554912,4.0,0.029029711792398088,-0.08817894471025634,2,6
2022-06-16,100.27999877929688,101.93000030517578,99.41999816894533,100.6500015258789,1089700,-0.03036162681533794,-3.0,0.030266341850895374,-0.05101858154452443,3,6
2022-06-17,103.91000366210938,104.70999908447266,100.1500015258789,100.16999816894533,1412600,0.03619869292980016,4.0,0.030092623982197447,-0.10416297487765969,4,6
2022-06-21,106.13999938964844,107.08999633789062,104.06999969482422,104.93000030517578,634800,0.02146083773406926,2.0,0.030204312678417968,-0.03267542884627117,1,6
2022-06-22,105.33999633789062,107.04000091552734,104.61000061035156,105.0500030517578,627100,-0.007537243794593751,-1.0,0.030275758306157582,-0.030773469827804045,2,6
2022-06-23,108.51000213623048,108.69000244140624,105.97000122070312,106.22000122070312,500700,0.030093088176799343,3.0,0.029098554691735584,-0.07123965756919781,3,6
2022-06-24,112.44000244140624,112.61000061035156,109.0500030517578,109.0500030517578,883800,0.03621786220446088,4.0,0.029983771369744713,-0.0393944492236975,4,6
2022-06-27,112.19000244140624,112.5999984741211,110.66999816894533,112.1500015258789,379400,-0.002223407991566728,-0.0,0.029839542509425384,0.03469222725668786,0,6
2022-06-28,106.38999938964844,112.9800033569336,106.23999786376952,112.48999786376952,1069500,-0.05169803837723397,-5.0,0.02983641364498308,0.02587785127340969,1,6
2022-06-29,107.0999984741211,107.30999755859376,104.51000213623048,106.62999725341795,775400,0.006673550977966514,1.0,0.03145675895432598,-0.05144440160543784,2,6
2022-06-30,106.33999633789062,107.93000030517578,103.70999908447266,105.94000244140624,584700,-0.007096191849284783,-1.0,0.028419403396193272,-0.0973451572121441,3,6
2022-07-01,107.0,107.22000122070312,104.11000061035156,106.25,539600,0.006206542080481547,1.0,0.028262417785038397,-0.0874453149244917,4,7
2022-07-05,107.0999984741211,107.11000061035156,104.6500015258789,105.6500015258789,602100,0.0009345651787018294,0.0,0.028343586716725096,-0.08091391785864233,1,7
2022-07-06,105.73999786376952,107.8499984741211,105.0500030517578,107.36000061035156,573900,-0.012698418578224291,-1.0,0.027424003010356024,-0.10526314783090007,2,7
2022-07-07,107.38999938964844,107.52999877929688,105.7699966430664,105.9000015258789,531800,0.01560432721026439,2.0,0.02745937007590561,-0.10813090383616486,3,7
2022-07-08,106.9000015258789,107.5,104.5500030517578,106.7300033569336,339100,-0.004562788588829858,-0.0,0.02781771989706528,-0.09352580161127244,4,7
2022-07-11,105.33000183105467,106.62000274658205,104.83000183105467,105.77999877929688,284300,-0.01468661994774767,-1.0,0.027816817195362498,-0.09283770495581767,0,7
2022-07-12,103.1999969482422,106.83000183105467,102.31999969482422,105.58999633789062,644400,-0.020222204934819188,-2.0,0.02769926674370759,-0.08820979144846042,1,7
2022-07-13,100.63999938964844,102.2300033569336,98.93000030517578,100.88999938964844,770100,-0.024806178626901265,-2.0,0.02765858505346895,-0.08696807871553458,2,7
2022-07-14,100.26000213623048,101.01000213623048,97.97000122070312,99.75,646600,-0.003775807389929664,-0.0,0.027179884113035374,-0.0774589534504111,3,7
2022-07-15,102.23999786376952,102.31999969482422,100.9499969482422,101.58999633789062,497900,0.019748610466302052,2.0,0.023785646754849014,-0.021280752179039353,4,7
2022-07-18,102.41000366210938,103.8499984741211,102.06999969482422,103.47000122070312,524100,0.0016628110513694505,0.0,0.02351374102842413,0.023525863334469266,0,7
2022-07-19,107.58999633789062,107.7300033569336,102.36000061035156,103.45999908447266,1022700,0.050580924622091405,5.0,0.022192613792304486,-0.00976594976520928,1,7
2022-07-20,110.88999938964844,111.38999938964844,107.72000122070312,107.72000122070312,626800,0.030672024947319576,3.0,0.023677396248650912,0.07289586804525294,2,7
2022-07-21,112.54000091552734,112.8499984741211,110.38999938964844,111.05999755859376,627500,0.014879624266937563,1.0,0.02332530504327324,0.06717347205795843,3,7
2022-07-22,111.18000030517578,113.19000244140624,110.4499969482422,112.52999877929688,436800,-0.012084597470124248,-1.0,0.02311318742825637,0.06029773471529798,4,7
2022-07-25,111.18000030517578,111.4800033569336,108.37000274658205,111.30999755859376,536600,0.0,0.0,0.02323825978003383,0.05543956873277889,0,7
2022-07-26,111.27999877929688,111.61000061035156,109.83000183105467,110.87000274658205,533500,0.0008994286188757084,0.0,0.02238516715244472,0.02460600973533489,1,7
2022-07-27,117.33999633789062,117.5,111.83999633789062,112.66000366210938,1197400,0.0544572036760409,5.0,0.020916781153017695,-0.01031664565032231,2,7
2022-07-28,125.80999755859376,126.87999725341795,117.81999969482422,118.97000122070312,1651600,0.072183411326459,7.0,0.024073053129686363,0.04590421414041845,3,7
2022-07-29,123.37999725341795,125.58999633789062,122.31999969482422,125.58999633789062,880500,-0.019314842638352925,-2.0,0.025297397506985328,0.1825359364635437,4,7
2022-08-01,122.19000244140624,123.63999938964844,120.72000122070312,122.31999969482422,770100,-0.009644957355344319,-1.0,0.026007314045498314,0.1520074604224262,0,8
2022-08-02,120.58999633789062,122.11000061035156,120.43000030517578,121.25,623200,-0.0130944109300829,-1.0,0.02608259408681289,0.14905027881656974,1,8
2022-08-03,121.72000122070312,122.5999984741211,119.86000061035156,121.08000183105467,766900,0.009370635352258017,1.0,0.02644775346875955,0.12700931156907136,2,8
2022-08-04,120.8499984741211,122.08999633789062,120.01000213623048,121.5999984741211,645700,-0.007147574251207378,-1.0,0.02643047361158215,0.1365079640978213,3,8
2022-08-05,120.3000030517578,121.26000213623048,118.04000091552734,119.11000061035156,576900,-0.004551058579293832,-0.0,0.026256725379747606,0.14289768219797572,4,8
2022-08-08,119.33000183105467,121.04000091552734,118.88999938964844,120.75,567600,-0.008063185337458312,-1.0,0.026283363175786525,0.12021606979684729,0,8
2022-08-09,119.87999725341795,120.05999755859376,117.80999755859376,118.87000274658205,709600,0.004609028860503628,0.0,0.02636295552715423,0.11627689548878672,1,8
2022-08-10,123.0199966430664,123.87999725341795,120.75,121.93000030517578,706700,0.026192855034945506,3.0,0.025954576026888297,0.13813723696407898,2,8
2022-08-11,124.0500030517578,125.6999969482422,122.94000244140624,123.93000030517578,940100,0.008372674661013768,1.0,0.025538762660508016,0.19205426628805533,3,8
2022-08-12,125.02999877929688,125.08000183105467,122.83000183105467,124.4000015258789,659500,0.007900005670537391,1.0,0.02436119523307692,0.23261132555727393,4,8
2022-08-15,125.16000366210938,125.80999755859376,124.26000213623048,124.91000366210938,871700,0.0010397895231686327,0.0,0.0241566582085206,0.2470576113633991,0,8
2022-08-16,123.94000244140624,125.1500015258789,123.0500030517578,124.19000244140624,442900,-0.00974753263827588,-1.0,0.0241566508355394,0.2241784651529415,1,8
2022-08-17,122.47000122070312,123.22000122070312,121.19000244140624,122.58000183105467,915900,-0.011860587314398874,-1.0,0.02447851940815227,0.2102333562093479,2,8
2022-08-18,122.08999633789062,122.88999938964844,121.77999877929688,122.5,406400,-0.0031028405244128976,-0.0,0.022972907093826118,0.13830286633788202,3,8
2022-08-19,119.5,121.08000183105467,118.91999816894533,120.9499969482422,378100,-0.021213829270030238,-2.0,0.0223652514867075,0.10100096500936329,4,8
2022-08-22,116.52999877929688,118.11000061035156,116.37999725341795,118.05999755859376,650400,-0.024853566700444585,-2.0,0.022933457839490457,0.061844668809775794,0,8
2022-08-23,114.66999816894533,117.45999908447266,114.55999755859376,116.19000244140624,492600,-0.01596156036931151,-2.0,0.023518138404843188,0.04812015164090644,1,8
2022-08-24,115.70999908447266,116.27999877929688,114.47000122070312,115.41999816894533,1014400,0.009069511922334517,1.0,0.023858330299283095,0.03139051856619823,2,8
2022-08-25,119.31999969482422,119.33000183105467,116.75,116.75,433800,0.031198691892790675,3.0,0.02391055234836151,0.0398094927549546,3,8
2022-08-26,114.58999633789062,119.4800033569336,114.43000030517578,119.36000061035156,684500,-0.039641328939248766,-4.0,0.021811902434841178,0.016874070382889794,4,8
2022-08-29,114.5199966430664,115.77999877929688,113.22000122070312,113.22000122070312,590800,-0.0006108709055003825,-0.0,0.01659579761481769,-0.08918211142542642,0,8
2022-08-30,114.18000030517578,115.76000213623048,113.02999877929688,115.3000030517578,770100,-0.002968881835984649,-0.0,0.016248341180007116,-0.07181067277991127,1,8
2022-08-31,114.88999938964844,116.12000274658205,114.02999877929688,115.31999969482422,1615800,0.0062182438480906654,1.0,0.01618556773808347,-0.06555366213427727,2,8
2022-09-01,114.93000030517578,115.25,112.18000030517578,113.95999908447266,1260000,0.0003481670792919722,0.0,0.016137791732856375,-0.047267577090482016,3,9
2022-09-02,115.0500030517578,118.0999984741211,114.69000244140624,115.72000122070312,1406900,0.0010441377035010913,0.0,0.015933752005321218,-0.05578377298251658,4,9
2022-09-06,114.70999908447266,116.27999877929688,113.73999786376952,115.0500030517578,1435400,-0.0029552712582908702,-0.0,0.015917331060559106,-0.04799334295072677,1,9
2022-09-07,118.51000213623048,118.91999816894533,114.12999725341795,115.0,1146600,0.03312704282178136,3.0,0.01590944426016999,-0.04646719721927273,2,9
2022-09-08,119.58999633789062,119.87000274658205,116.5199966430664,117.4499969482422,774300,0.009113105916736641,1.0,0.01759300741973124,-0.006871697663971665,3,9
2022-09-09,119.97000122070312,121.11000061035156,119.37999725341795,120.75,1057900,0.0031775641311906355,0.0,0.01768155267913271,-0.002419093444874565,4,9
2022-09-12,120.87999725341795,121.0,119.48999786376952,120.8499984741211,593600,0.007585196494586555,1.0,0.016662990686817584,-0.024792680097469155,0,9
2022-09-13,117.16000366210938,119.56999969482422,115.12000274658205,117.3000030517578,1076800,-0.03077426932356586,-3.0,0.016641568682280054,-0.02555425812458234,1,9
2022-09-14,117.1500015258789,118.19000244140624,116.05999755859376,117.47000122070312,732300,-8.537159369947922e-05,-0.0,0.01770196830870007,-0.06294485478704692,2,9
2022-09-15,114.98999786376952,117.75,114.56999969482422,116.08000183105467,908200,-0.018437931147890163,-2.0,0.017691015257217883,-0.0639980976499076,3,9
2022-09-16,114.9000015258789,115.33999633789062,112.29000091552734,114.01000213623048,1406700,-0.0007826449218412135,-0.0,0.01795651988711915,-0.07221239633158727,4,9
2022-09-19,114.72000122070312,115.22000122070312,113.12000274658205,113.31999969482422,631300,-0.001566582269672434,-0.0,0.01785826433588225,-0.061811052660825316,0,9
2022-09-20,112.33000183105467,114.18000030517578,111.5999984741211,114.0199966430664,384900,-0.0208333277912931,-2.0,0.017860457765750376,-0.06036526610084125,1,9
2022-09-21,111.75,115.54000091552734,111.72000122070312,113.36000061035156,502200,-0.005163374179651514,-1.0,0.017841034327110802,-0.05999998467736678,2,9
2022-09-22,109.33999633789062,111.76000213623048,109.0199966430664,111.4000015258789,1162000,-0.021566028296280737,-2.0,0.017126616513377522,-0.04101946991649763,3,9
2022-09-23,106.04000091552734,109.08000183105467,104.26000213623048,108.77999877929688,842800,-0.030181045663888573,-3.0,0.01739897012255753,-0.046481223651908654,4,9
2022-09-26,105.16999816894533,107.77999877929688,105.04000091552734,106.12999725341795,470100,-0.008204476981050535,-1.0,0.018225527585466757,-0.08357098129337859,0,9
2022-09-27,104.23999786376952,106.8499984741211,103.2300033569336,106.8499984741211,533500,-0.008842828956618032,-1.0,0.01635407177815949,-0.11858868221647068,1,9
2022-09-28,106.19000244140624,106.87000274658205,104.43000030517578,104.88999938964844,663800,0.018706874689168318,2.0,0.014442906082805764,-0.09032200719862271,2,9
2022-09-29,105.66999816894533,106.37000274658205,104.02999877929688,105.18000030517578,644100,-0.004896923067195913,-0.0,0.015286719759698444,-0.07273833780857442,3,9
2022-09-30,104.5999984741211,106.66000366210938,104.5199966430664,105.86000061035156,559700,-0.010125860824881538,-1.0,0.015289297671209474,-0.07453146009358258,4,9
2022-10-03,107.4800033569336,108.04000091552734,105.12999725341795,105.81999969482422,645100,0.027533507885519004,3.0,0.015181735728930232,-0.08956393916087413,0,10
2022-10-04,111.83999633789062,112.0500030517578,109.31999969482422,109.31999969482422,484900,0.04056562006681186,4.0,0.0166866730986701,-0.0648220388798405,1,10
2022-10-05,112.2699966430664,113.0500030517578,110.2300033569336,110.45999908447266,558100,0.0038447811092254813,0.0,0.01920986539747767,-0.02790097026266991,2,10
2022-10-06,112.16999816894533,113.08000183105467,111.38999938964844,112.0500030517578,499100,-0.0008906963312647065,-0.0,0.01923559389130327,-0.021271052749372132,3,10
2022-10-07,110.16999816894533,110.43000030517578,108.83999633789062,110.20999908447266,711400,-0.017830079634910012,-2.0,0.01759368919665931,-0.05349762765169097,4,10
2022-10-10,107.13999938964844,110.76000213623048,106.37000274658205,110.26000213623048,505800,-0.027502939363313716,-3.0,0.017689077932144987,-0.07876911495448125,0,10
2022-10-11,107.16999816894533,108.06999969482422,105.55999755859376,106.77999877929688,757100,0.0002799960749280128,0.0,0.018343125091069973,-0.10694341669174401,1,10
2022-10-12,105.69000244140624,107.51000213623048,105.38999938964844,107.12000274658205,525400,-0.013809795211585207,-1.0,0.0181566238789083,-0.11341826105216068,2,10
2022-10-13,108.16999816894533,108.51000213623048,101.81999969482422,103.05999755859376,760100,0.02346480906662851,2.0,0.01733759610059761,-0.09790031463111537,3,10
2022-10-14,105.56999969482422,110.0999984741211,105.38999938964844,109.69000244140624,821300,-0.024036225553598523,-2.0,0.01838455761095782,-0.07665389022594127,4,10
2022-10-17,108.38999938964844,109.52999877929688,107.7699966430664,108.6999969482422,414200,0.02671213131548833,3.0,0.018648701287276838,-0.08192015256931584,0,10
2022-10-18,111.23999786376952,111.54000091552734,108.93000030517578,111.04000091552734,546600,0.026293924625607756,3.0,0.019807452272385666,-0.05665798128613797,1,10
2022-10-19,108.62000274658205,110.94000244140624,108.22000122070312,110.13999938964844,293400,-0.023552635450389547,-2.0,0.02078803576424286,-0.030334756972662746,2,10
2022-10-20,108.20999908447266,110.70999908447266,107.19000244140624,108.91000366210938,461000,-0.0037746607599150606,-0.0,0.020924073744499862,-0.03302767759278147,3,10
2022-10-21,112.38999938964844,112.58999633789062,106.8000030517578,108.7300033569336,587100,0.03862859569856125,4.0,0.02091374566029784,-0.031677860541631686,4,10
2022-10-24,112.18000030517578,113.19000244140624,109.87999725341795,113.13999938964844,446700,-0.0018684855023853864,-0.0,0.02209261398629892,0.027894669415686302,0,10
2022-10-25,115.36000061035156,115.43000030517578,112.4800033569336,112.4800033569336,627900,0.028347301627071442,3.0,0.020891122474408528,0.05790267197884713,1,10
2022-10-26,114.95999908447266,118.0,114.6500015258789,114.73999786376952,506100,-0.0034674195887878234,-0.0,0.021436102756365944,0.09689077321306971,2,10
2022-10-27,113.5199966430664,117.2699966430664,113.20999908447266,115.66000366210938,708100,-0.012526117370165735,-1.0,0.02129882245119774,0.1028396147389894,3,10
2022-10-28,116.94000244140624,117.30999755859376,113.88999938964844,114.05999755859376,826300,0.030126901862877364,3.0,0.021375870391045673,0.06902715917823565,4,10
2022-10-31,117.83000183105467,118.83000183105467,115.6999969482422,116.06999969482422,776700,0.007610735172460581,1.0,0.0220518361323347,0.10665282925852249,0,10
2022-11-01,118.0199966430664,119.3499984741211,116.27999877929688,119.08000183105467,870900,0.0016124485195556648,0.0,0.02177880532631841,0.12648186950219498,1,11
2022-11-02,115.7300033569336,124.2699966430664,114.08999633789062,118.9800033569336,2525100,-0.019403434598109226,-2.0,0.021219474166601204,0.0980646907046534,2,11
2022-11-03,123.16999816894533,124.87000274658205,114.0999984741211,114.0999984741211,2264300,0.06428751919297326,6.0,0.020156894705955972,0.034781895085998604,3,11
2022-11-04,124.23999786376952,126.33000183105467,121.4800033569336,124.16000366210938,1114200,0.008687177971347548,1.0,0.024341226529337102,0.09708739513489673,4,11
2022-11-07,125.20999908447266,126.94000244140624,122.95999908447266,124.43000030517578,1278400,0.007807479373645565,1.0,0.024320955786104565,0.10760452787602715,0,11
2022-11-08,125.4499969482422,127.37000274658205,123.7300033569336,125.29000091552734,1213500,0.0019167627627536543,0.0,0.023746094292113287,0.13651630358079458,1,11
2022-11-09,125.83000183105467,126.66000366210938,123.2699966430664,124.97000122070312,697400,0.0030291342531418852,0.0,0.022481511584686212,0.1708978687969156,2,11
2022-11-10,129.77000427246094,132.0,128.69000244140625,130.25,1239800,0.03131210668419371,3.0,0.022443639735688446,0.17411592778692841,3,11
2022-11-11,131.9199981689453,133.13999938964844,129.3300018310547,130.0,1191700,0.016567726174766317,2.0,0.022420302374750394,0.22783613657691482,4,11
2022-11-14,130.2899932861328,132.0,129.47000122070312,131.10000610351562,671600,-0.012356010502100001,-1.0,0.022264053330936395,0.2195618045856491,0,11
2022-11-15,132.00999450683594,132.42999267578125,129.9199981689453,131.83999633789062,845200,0.013201330181403792,1.0,0.02151153169259022,0.23415737105965473,1,11
2022-11-16,129.8300018310547,131.55999755859375,129.57000732421875,130.30999755859375,1049100,-0.016513845666953353,-2.0,0.02119538834687162,0.2179167381695113,2,11
2022-11-17,123.87000274658205,128.00999450683594,122.58999633789062,128.00999450683594,1333600,-0.04590617731199198,-5.0,0.02156903180113139,0.16711618414494667,3,11
2022-11-18,123.3000030517578,125.7300033569336,122.31999969482422,125.47000122070312,804400,-0.004601595884278553,-0.0,0.023636039459399183,0.1403977132607821,4,11
2022-11-21,123.20999908447266,124.05999755859376,122.04000091552734,123.02999877929688,654600,-0.0007299591651053206,-0.0,0.023654762678309335,0.13945110521168513,0,11
2022-11-22,124.95999908447266,125.3499984741211,121.43000030517578,123.97000122070312,618500,0.014203392687311078,1.0,0.02251353552638047,0.09627190811979647,1,11
2022-11-23,124.18000030517578,125.4499969482422,123.08999633789062,124.33000183105467,606200,-0.006241987716161801,-1.0,0.02255488030263867,0.11392403944134433,2,11
2022-11-25,124.62999725341795,124.88999938964844,122.70999908447266,124.0,349800,0.003623747359770446,0.0,0.022051980110509514,0.07645630762967226,4,11
2022-11-28,122.58000183105467,124.7699966430664,122.55999755859376,124.08999633789062,516600,-0.016448651749505383,-2.0,0.021990244663265907,0.08411619907755719,0,11
2022-11-29,123.06999969482422,123.66999816894533,122.12999725341795,122.58000183105467,456900,0.003997371972998431,0.0,0.022154409433590323,0.07980977321973559,1,11
2022-11-30,127.20999908447266,127.58000183105467,122.52999877929688,122.81999969482422,1124600,0.033639387339842175,3.0,0.021325709310496346,0.052420019885748514,2,11
2022-12-01,127.48999786376952,128.27999877929688,125.4000015258789,127.43000030517578,974300,0.0022010752402483735,0.0,0.022359758786115402,0.07960618779304673,3,12
2022-12-02,126.47000122070312,127.0,124.01000213623048,125.33000183105467,564000,-0.008000601303298494,-1.0,0.022357130101139766,0.08024064980567402,4,12
2022-12-05,123.33000183105467,125.75,122.01000213623048,125.08000183105467,460800,-0.02482801739021756,-2.0,0.02189612219626235,0.09280219089465769,0,12
2022-12-06,121.26000213623048,124.93000030517578,120.68000030517578,123.0199966430664,456000,-0.01678423468816459,-2.0,0.018012800145638747,0.0012990473693916815,1,12
2022-12-07,121.63999938964844,122.4800033569336,119.4000015258789,121.26000213623048,755300,0.0031337394583832445,0.0,0.018269687260397433,-0.023985799893578852,2,12
2022-12-08,121.76000213623048,124.83999633789062,121.41000366210938,122.36000061035156,739400,0.0009865401774431515,0.0,0.01818535776488148,-0.028512097443717188,3,12
2022-12-09,121.19000244140624,122.04000091552734,119.18000030517578,120.5199966430664,981100,-0.004681337753152381,-0.0,0.018178470985961592,-0.029414068567368168,4,12
2022-12-12,124.08999633789062,124.36000061035156,121.1500015258789,121.26000213623048,835900,0.023929316264239775,2.0,0.0181653147947282,-0.03687514362336508,0,12
2022-12-13,127.05999755859376,129.02000427246094,125.94000244140624,128.24000549316406,825300,0.023934251820074026,2.0,0.01755715921444459,-0.04376980617681692,1,12
2022-12-14,127.3000030517578,128.92999267578125,125.27999877929688,127.4800033569336,492100,0.0018889146684688551,0.0,0.018013943507347842,-0.03684051453766335,2,12
2022-12-15,123.58000183105467,126.75,123.3499984741211,125.8000030517578,567400,-0.029222318393744562,-3.0,0.017857397007536874,-0.022948732738120814,3,12
2022-12-16,123.51000213623048,123.95999908447266,121.55999755859376,123.12000274658205,1424200,-0.0005664322203190464,-0.0,0.018561926061604016,-0.06385874575083583,4,12
2022-12-19,122.5,123.55999755859376,121.31999969482422,123.55999755859376,494900,-0.008177492662630348,-1.0,0.018304658331550778,-0.0486790387867998,0,12
2022-12-20,122.19000244140624,123.4499969482422,120.75,122.3000030517578,527600,-0.00253059231505115,-0.0,0.015427103303402152,-0.011060004167311233,1,12
2022-12-21,123.70999908447266,124.01000213623048,121.3000030517578,122.44000244140624,666600,0.012439615457044528,1.0,0.015405616066080423,-0.009002437817342224,2,12
2022-12-22,122.1500015258789,122.88999938964844,120.08000183105467,122.25,273100,-0.012610116968221341,-1.0,0.015654045921773375,0.00405811219637453,3,12
2022-12-23,121.25,122.86000061035156,120.48999786376952,121.3000030517578,304800,-0.007368002575818489,-1.0,0.01555733458651877,-0.02248717652994059,4,12
2022-12-27,120.62000274658205,121.86000061035156,120.16999816894533,121.33000183105467,234300,-0.005195853636436709,-1.0,0.01557834874107388,-0.023594784167943472,1,12
2022-12-28,118.87000274658205,121.98999786376952,118.76000213623048,120.27999877929688,241500,-0.014508373073715441,-1.0,0.015565744868048627,-0.03217519533986779,2,12
2022-12-29,121.12000274658205,122.41999816894533,119.05999755859376,119.4000015258789,261400,0.01892824049812436,2.0,0.015477719590048703,-0.030265940847234774,3,12
2022-12-30,120.04000091552734,120.36000061035156,118.05999755859376,119.95999908447266,803600,-0.008916791665819046,-1.0,0.016067287894174716,-0.015844616503433495,4,12
2023-01-03,119.6500015258789,123.05999755859376,118.5999984741211,121.25,729300,-0.0032489119183103377,-0.0,0.01408995671026061,-0.05636347944774478,1,1
2023-01-04,121.97000122070312,122.2300033569336,119.69000244140624,120.44000244140624,505700,0.01938988437306821,2.0,0.01404598527696395,-0.06149499152292792,2,1
2023-01-05,120.0500030517578,120.98999786376952,118.20999908447266,120.7699966430664,546800,-0.015741560627445694,-2.0,0.014802350310012214,-0.03558156050103167,3,1
2023-01-06,122.69000244140624,123.19000244140624,119.0199966430664,121.37999725341795,524800,0.021990831508019504,2.0,0.014211009613148338,-0.026595303094132938,4,1
2023-01-09,125.95999908447266,128.36000061035156,123.87000274658205,123.87000274658205,827700,0.026652511027767556,3.0,0.01459688025438602,0.011792844136430114,0,1
2023-01-10,127.4000015258789,128.08999633789062,124.5,125.5999984741211,700200,0.01143222016412171,1.0,0.015659732283421542,0.03551463101365204,1,1
2023-01-11,127.20999908447266,129.60000610351562,126.22000122070312,128.05999755859375,858200,-0.0014913849225319797,-0.0,0.015798563063102206,0.04632062492359479,2,1
2023-01-12,131.08999633789062,131.44000244140625,126.76000213623048,127.25,711600,0.030500725425219866,3.0,0.015743553111591556,0.04967403681650229,3,1
2023-01-13,129.69000244140625,131.5,127.55999755859376,129.8000030517578,796600,-0.01067963945071615,-1.0,0.016249448854219164,0.05641067134001165,4,1
2023-01-17,130.22999572753906,131.74000549316406,129.24000549316406,129.9499969482422,754100,0.004163723309179357,0.0,0.015739851550309065,0.02069892124466355,1,1
2023-01-18,129.3800048828125,132.05999755859375,128.6300048828125,131.24000549316406,751900,-0.006526843834847917,-1.0,0.015753420706206,0.023016438378167026,2,1
2023-01-19,127.56999969482422,130.02999877929688,126.75,128.99000549316406,574000,-0.013989837066614053,-1.0,0.014270558914492481,0.04693318470481156,3,1
2023-01-20,129.9499969482422,130.11000061035156,127.51000213623048,127.5199966430664,405100,0.018656402438750996,2.0,0.01469876417344365,0.032871811904881865,4,1
2023-01-23,134.97999572753906,135.08999633789062,131.5,132.6999969482422,618100,0.03870718659039496,4.0,0.014966253339832723,0.06081630161830365,0,1
2023-01-24,133.6199951171875,135.10000610351562,133.0399932861328,134.49000549316406,604400,-0.010075571591339871,-1.0,0.016807300032156063,0.10467299313023593,1,1
2023-01-25,134.08999633789062,134.61000061035156,130.3300018310547,132.41000366210938,833600,0.0035174467735230586,0.0,0.01701809535017435,0.08010666967953028,2,1
2023-01-26,135.77000427246094,139.91000366210938,134.6199951171875,136.2100067138672,805300,0.012528958016650993,1.0,0.016598645617110847,0.0977486259751057,3,1
2023-01-27,135.08999633789062,135.77999877929688,134.1199951171875,135.42999267578125,527500,-0.005008528490620723,-1.0,0.016449694457492847,0.11975261255637881,4,1
2023-01-30,133.27999877929688,134.52999877929688,132.66000366210938,134.1999969482422,643300,-0.013398457381452067,-1.0,0.01644363795524342,0.11996346594112972,0,1
2023-01-31,134.8800048828125,134.89999389648438,133.22999572753906,134.02999877929688,700400,0.012004847825405118,1.0,0.016377637339275167,0.12122483132633022,1,1
2023-02-01,138.11000061035156,138.97000122070312,134.13999938964844,134.55999755859375,1093700,0.023947179793960993,2.0,0.01616400254554366,0.11360635588012946,2,2
2023-02-02,132.30999755859375,136.5800018310547,127.2300033569336,136.0,2581000,-0.041995532735687346,-4.0,0.016312994450248745,0.15053315192441685,3,2
2023-02-03,130.5500030517578,133.13999938964844,129.3300018310547,129.3300018310547,958100,-0.013302052296210842,-1.0,0.019407174936590953,0.10580857393450716,4,2
2023-02-06,131.35000610351562,131.8300018310547,128.36000061035156,128.9499969482422,853600,0.006127943569948835,1.0,0.019504458704488005,0.07034518115261212,0,2
2023-02-07,135.22999572753906,136.2100067138672,131.0,131.14999389648438,919200,0.02953931818598976,3.0,0.019007524124197678,0.09412746992506116,1,2
2023-02-08,134.5500030517578,136.44000244140625,133.85000610351562,134.66000366210938,681500,-0.005028416011720438,-1.0,0.01942237739898313,0.10220876221859743,2,2
2023-02-09,135.02000427246094,137.5800018310547,134.00999450683594,136.19000244140625,628100,0.0034931342255142273,0.0,0.018864499336430016,0.06819628477072648,3,2
2023-02-10,132.77999877929688,135.67999267578125,131.72999572753906,134.60000610351562,581400,-0.016590174953956316,-2.0,0.018773037705376333,0.059811637796834516,4,2
2023-02-13,133.7899932861328,134.0,132.8300018310547,133.50999450683594,546400,0.007606525953616883,1.0,0.019234607538604377,0.04378586380717997,0,2
2023-02-14,134.36000061035156,135.5500030517578,132.86000061035156,133.64999389648438,422700,0.004260463060190789,0.0,0.01817085173911463,0.020596514026004042,1,2
2023-02-15,133.38999938964844,134.16000366210938,132.27000427246094,134.16000366210938,430700,-0.007219419591371956,-1.0,0.01797685521354162,0.03600892960932134,2,2
2023-02-16,131.4600067138672,133.2899932861328,130.91000366210938,131.08999633789062,547800,-0.014468795896336317,-1.0,0.018074632915975445,0.024264791259922758,3,2
2023-02-17,130.2899932861328,131.22999572753906,129.44000244140625,130.6300048828125,626800,-0.008900147329833907,-1.0,0.01832785397659106,0.016076686911077775,4,2
2023-02-21,129.44000244140625,130.32000732421875,128.63999938964844,129.1999969482422,537400,-0.006523838272520899,-1.0,0.018153658981655746,0.021321577156192095,1,2
2023-02-22,128.4600067138672,132.61000061035156,127.69000244140624,130.0399932861328,735700,-0.007571042251661608,-1.0,0.01776785416024932,-0.003924544200174629,2,2
2023-02-23,130.16000366210938,130.97000122070312,128.99000549316406,129.67999267578125,597400,0.013233666973323288,1.0,0.015439549908588208,-0.04830337249997141,3,2
2023-02-24,126.98999786376952,128.8000030517578,126.62000274658205,127.86000061035156,368700,-0.024354684305088692,-2.0,0.015684061460738394,-0.025894264193346506,4,2
2023-02-27,126.3000030517578,128.47000122070312,125.87999725341795,128.25,609200,-0.005433457938568642,-1.0,0.01643250564178532,-0.05294950158869394,0,2
2023-02-28,125.33000183105467,127.31999969482422,124.94000244140624,126.58000183105467,1167300,-0.007680136162036444,-1.0,0.01607703838442101,-0.06975031982542257,1,2
2023-03-01,123.80999755859376,125.91000366210938,122.93000030517578,125.5199966430664,1207600,-0.012128016039686051,-1.0,0.016101674277485108,-0.07224809217126638,2,3
2023-03-02,124.66999816894533,125.36000061035156,122.9000015258789,123.0,681900,0.006946132196994581,1.0,0.0160647343021395,-0.07105343117825824,3,3
2023-03-03,124.83999633789062,125.51000213623048,124.3000030517578,124.70999908447266,1150300,0.0013635852365612156,0.0,0.01585911308714105,-0.07569696281326432,4,3
2023-03-06,124.69000244140624,125.2699966430664,122.9800033569336,124.36000061035156,947100,-0.0012014891131397754,-0.0,0.014612979764265576,-0.09608286303538205,0,3
2023-03-07,121.95999908447266,124.86000061035156,121.62000274658205,124.04000091552734,645300,-0.021894324352238703,-2.0,0.011858603074895687,-0.05759198290222156,1,3
2023-03-08,122.66000366210938,122.6999969482422,120.22000122070312,121.52999877929688,888400,0.0057396243267588964,1.0,0.012377614683201848,-0.0657985734698111,2,3
2023-03-09,120.55999755859376,123.83000183105467,120.2699966430664,122.79000091552734,571400,-0.017120544927590964,-2.0,0.012363322380017708,-0.06615913237611692,3,3
2023-03-10,118.37999725341795,121.1500015258789,117.68000030517578,120.45999908447266,535700,-0.018082285578317925,-2.0,0.01019069772775838,-0.1084818356313666,4,3
2023-03-13,117.33000183105467,118.58000183105467,115.4499969482422,117.30999755859376,719300,-0.008869703047175603,-1.0,0.010558185291348821,-0.12017841272080598,0,3
2023-03-14,119.95999908447266,120.61000061035156,118.44000244140624,118.66999816894533,647000,0.022415385769830376,2.0,0.010343414913591014,-0.13101764095421797,1,3
2023-03-15,117.5199966430664,120.06999969482422,115.6500015258789,118.22000122070312,931500,-0.020340133878194333,-2.0,0.011854186027326479,-0.09655068393345334,2,3
2023-03-16,119.47000122070312,120.08000183105467,116.4800033569336,117.16999816894533,674400,0.0165929597799368,2.0,0.011965072452930377,-0.12160847193011093,3,3
2023-03-17,118.70999908447266,119.91999816894533,117.81999969482422,119.5199966430664,1566100,-0.006361447463505754,-1.0,0.012773664107478334,-0.11082166807091587,4,3
2023-03-20,119.12000274658205,120.38999938964844,118.5500030517578,118.5500030517578,534900,0.003453825838357849,0.0,0.012769260465873596,-0.11005323016977986,0,3
2023-03-21,120.38999938964844,120.9000015258789,118.88999938964844,119.66999816894533,677600,0.010661489370246358,1.0,0.01273586582428681,-0.09386888283175054,1,3
2023-03-22,118.56999969482422,121.26000213623048,118.5,119.6999969482422,530400,-0.01511753222070955,-2.0,0.013115757327780395,-0.07598429969017473,2,3
2023-03-23,119.9800033569336,121.43000030517578,118.8000030517578,119.0999984741211,405900,0.011891740454907929,1.0,0.013341247243716353,-0.08397715189709276,3,3
2023-03-24,121.6999969482422,121.7300033569336,118.68000030517578,119.61000061035156,413600,0.014335668804673407,1.0,0.013756407358177269,-0.06601278930198107,4,3
2023-03-27,123.16999816894533,123.83999633789062,122.04000091552734,122.16000366210938,825400,0.012078892831265176,1.0,0.013823992393650363,-0.0649969766121784,0,3
2023-03-28,123.23999786376952,123.69000244140624,122.11000061035156,122.83000183105467,403900,0.0005683177386117677,0.0,0.013299947177874716,-0.030081106851597483,1,3
2023-03-29,124.70999908447266,124.83000183105467,123.37999725341795,124.25,378400,0.011927955584096095,1.0,0.013272698327283769,-0.02422806899485419,2,3
2023-03-30,125.68000030517578,126.62999725341795,125.13999938964844,125.75,462100,0.0077780549099844,1.0,0.013473592794225202,-0.004946961920720194,3,3
2023-03-31,128.22999572753906,128.42999267578125,126.26000213623048,126.38999938964844,653100,0.02028958797080982,2.0,0.013287676556064599,0.015103810544031537,4,3
2023-04-03,128.07000732421875,128.32000732421875,126.7300033569336,127.26000213623048,579900,-0.0012476675399744064,-0.0,0.013901224019296329,0.028555367056069425,0,4
2023-04-04,127.5999984741211,128.66000366210938,126.9800033569336,127.87999725341795,376700,-0.003669936934631357,-0.0,0.01391355666748912,0.02587320635276069,1,4
2023-04-05,126.13999938964844,127.4499969482422,125.9800033569336,127.4499969482422,655200,-0.01144199923144018,-1.0,0.01394621900409158,0.023337845663146117,2,4
2023-04-06,125.29000091552734,125.94000244140624,124.33999633789062,125.33000183105467,529000,-0.006738532410289877,-1.0,0.013250244685445575,0.03427353506521924,3,4
2023-04-10,126.33999633789062,126.5500030517578,123.12000274658205,124.22000122070312,462600,0.008380520509942313,1.0,0.013339034230093989,0.02144135965186167,0,4
2023-04-11,126.01000213623048,127.06999969482422,125.23999786376952,126.01000213623048,375000,-0.0026119535477711064,-0.0,0.012745352980382508,0.047942923825025074,1,4
2023-04-12,126.38999938964844,127.77999877929688,125.83999633789062,127.27999877929688,601800,0.0030156118322031134,0.0,0.011928686378247313,0.06445349771785214,2,4
2023-04-13,128.4600067138672,128.61000061035156,126.5500030517578,126.73999786376952,543500,0.016377936025121054,2.0,0.011612817643221737,0.07721808077391312,3,4
2023-04-14,127.7300033569336,130.0800018310547,127.01000213623048,127.7300033569336,440200,-0.005682728621987487,-1.0,0.011191116545689668,0.07085701645770315,4,4
2023-04-17,129.08999633789062,129.2899932861328,127.5500030517578,127.83999633789062,361600,0.010647404252833281,1.0,0.010039158933974,0.08687888874671423,0,4
2023-04-18,128.14999389648438,130.27999877929688,127.33999633789062,129.97000122070312,639300,-0.00728176053972307,-1.0,0.00974650835639797,0.08052226516191285,1,4
2023-04-19,126.16000366210938,127.1999969482422,125.97000122070312,127.1999969482422,546400,-0.015528601866204195,-2.0,0.009796141370881077,0.0795214799495898,2,4
2023-04-20,125.66999816894533,126.26000213623048,124.31999969482422,125.41000366210938,749300,-0.003884000308658986,-0.0,0.010657517752299303,0.05910007348223756,3,4
2023-04-21,126.58999633789062,126.9499969482422,125.56999969482422,125.69000244140624,974600,0.007320746258852484,1.0,0.010592968505208121,0.04385745332723112,4,4
2023-04-24,126.08999633789062,126.2699966430664,124.30999755859376,126.0,768900,-0.0039497591789592335,-0.0,0.009876955946309607,0.06763934101128699,0,4
2023-04-25,124.20999908447266,125.05999755859376,122.11000061035156,124.70999908447266,928500,-0.01490996358172647,-1.0,0.009781844753762514,0.050925094265751536,1,4
2023-04-26,125.1999969482422,126.51000213623048,124.08000183105467,124.0999984741211,1399000,0.007970355616026215,1.0,0.010077017977353482,0.02062450451250153,2,4
2023-04-27,123.33999633789062,127.9000015258789,120.62000274658205,124.77999877929688,1782700,-0.014856235269083085,-1.0,0.009889735682513542,0.016481276361735686,3,4
2023-04-28,125.79000091552734,128.22000122070312,121.56999969482422,122.79000091552734,1048200,0.019863828850172238,2.0,0.010465777697562652,0.0008114124947620205,4,4
2023-05-01,125.62000274658205,126.87000274658205,124.94000244140624,125.66999816894533,667000,-0.0013514442142301686,-0.0,0.011041980918908428,0.008660106158152825,0,5
2023-05-02,125.27999877929688,126.61000061035156,124.47000122070312,125.62000274658205,686200,-0.0027066069085436295,-0.0,0.01091884290699238,-0.00047738350133708085,1,5
2023-05-03,125.01000213623048,126.80999755859376,124.45999908447266,125.5999984741211,547400,-0.0021551456393453794,-0.0,0.009890543140452086,-0.023005513893257,2,5
2023-05-04,125.22000122070312,126.44000244140624,124.41999816894533,125.0999984741211,577700,0.0016798582584118815,0.0,0.009893380715964873,-0.023893222557890836,3,5
2023-05-05,129.05999755859375,129.24000549316406,125.70999908447266,126.20999908447266,814700,0.030665998246738102,3.0,0.00989289344286695,-0.01865201631566371,4,5
2023-05-08,129.58999633789062,130.0,127.88999938964844,129.30999755859375,410500,0.004106607696596765,0.0,0.011734546789922615,0.023148867790346195,0,5
2023-05-09,129.1199951171875,130.25,128.7100067138672,129.13999938964844,713300,-0.0036268325795584255,-0.0,0.011607722031033923,0.034320339938878286,1,5
2023-05-10,130.38999938964844,131.33999633789062,128.97999572753906,130.0500030517578,501200,0.009835845109104069,1.0,0.011556363013378833,0.02200410685355636,2,5
2023-05-11,129.47999572753906,130.1999969482422,128.61000061035156,130.1999969482422,444500,-0.006979090930048892,-1.0,0.011675068568075915,0.03475912371370882,3,5
2023-05-12,130.10000610351562,130.5,129.33999633789062,129.33999633789062,489900,0.004788464600209208,0.0,0.011821255693753795,0.024448107863063173,4,5
2023-05-15,130.77999877929688,131.4499969482422,128.8000030517578,129.92999267578125,514800,0.005226692112836773,1.0,0.011338753146941,0.012766614540986154,0,5
2023-05-16,129.72999572753906,130.33999633789062,129.25999450683594,130.1199951171875,478300,-0.008028773983472681,-1.0,0.011283156511053112,0.02387845723169879,1,5
2023-05-17,131.6199951171875,132.11000061035156,129.5399932861328,130.52000427246094,803000,0.014568715423515899,1.0,0.011235933605230506,0.004957776805363467,2,5
2023-05-18,133.8000030517578,133.92999267578125,131.2100067138672,131.47999572753906,645100,0.016562893294665093,2.0,0.011507626933690587,0.027077654201888457,3,5
2023-05-19,134.2100067138672,134.66000366210938,133.47999572753906,134.08999633789062,710000,0.0030643023375027667,0.0,0.011284786702053158,0.06055801496415958,4,5
2023-05-22,134.74000549316406,135.11000061035156,133.7899932861328,134.5,591600,0.0039490258012342405,0.0,0.011178405650410244,0.06795582612678208,0,5
2023-05-23,130.86000061035156,133.83999633789062,130.82000732421875,133.7100067138672,709500,-0.028796235153852323,-3.0,0.011140329918868491,0.0643811469392861,1,5
2023-05-24,130.35000610351562,131.1699981689453,129.47000122070312,130.38999938964844,802600,-0.0038972528233015558,-0.0,0.013071235027144409,0.037830156324840214,2,5
2023-05-25,130.92999267578125,131.6999969482422,129.91000366210938,130.97999572753906,1147700,0.004449455658675161,0.0,0.01257672386588349,0.04943246972304771,3,5
2023-05-26,131.02999877929688,132.41000366210938,130.8699951171875,131.27999877929688,1023400,0.0007638135577023863,0.0,0.01252175716128544,0.04576674015341897,4,5
2023-05-30,132.69000244140625,133.64999389648438,131.4499969482422,132.08999633789062,688500,0.01266888252746945,1.0,0.011906244299558312,0.06234800283550723,1,5
2023-05-31,134.39999389648438,134.75999450683594,131.80999755859375,132.3800048828125,3423400,0.01288711601187309,1.0,0.011491541257873047,0.054853338704659915,2,5
2023-06-01,135.07000732421875,135.4600067138672,132.91000366210938,133.30999755859375,579100,0.004985219182751077,0.0,0.011664927352008565,0.06989325710822136,3,6
2023-06-02,137.92999267578125,138.80999755859375,135.6699981689453,135.99000549316406,887600,0.021174096368392625,2.0,0.011587824101557877,0.0781450242681494,4,6
2023-06-05,139.27999877929688,139.69000244140625,136.74000549316406,136.9600067138672,513100,0.009787618177352853,1.0,0.01210965772247991,0.10335165441778904,0,6
2023-06-06,141.00999450683594,141.38999938964844,139.10000610351562,139.72999572753906,591200,0.012420991834444228,1.0,0.012135623244519694,0.11228236241439316,1,6
2023-06-07,135.9499969482422,141.6999969482422,135.75999450683594,141.1999969482422,881300,-0.035883963943764585,-4.0,0.01079682394358237,0.09259257069811144,2,6
2023-06-08,137.42999267578125,137.8300018310547,135.42999267578125,135.75999450683594,585600,0.010886324095340072,1.0,0.013907745495821062,0.049077867042828016,3,6
2023-06-09,138.57000732421875,139.3300018310547,136.7899932861328,137.91000366210938,757100,0.008295239097676266,1.0,0.013954989609368869,0.06435871958523309,4,6
2023-06-12,140.6199951171875,140.66000366210938,138.9199981689453,139.11000061035156,378100,0.01479387807328525,1.0,0.013921643005877117,0.06273493345241721,0,6
2023-06-13,140.97000122070312,141.91000366210938,140.39999389648438,141.44000244140625,636300,0.00248902087661107,0.0,0.013952423742068346,0.08603645163141649,1,6
2023-06-14,141.3800048828125,141.99000549316406,139.6999969482422,139.6999969482422,711300,0.0029084461840038767,0.0,0.013955210719557784,0.08355107307634291,2,6
2023-06-15,143.58999633789062,144.10000610351562,140.80999755859375,141.10000610351562,674600,0.015631570085953506,2.0,0.013953545058299944,0.08105219607322445,3,6
2023-06-16,143.14999389648438,144.55999755859375,142.2899932861328,144.55999755859375,1515100,-0.0030642973231286286,-0.0,0.013904812433309781,0.10683728564564632,4,6
2023-06-20,141.74000549316406,142.83999633789062,140.4600067138672,142.07000732421875,544100,-0.009849727303096634,-1.0,0.013826379010839282,0.08760066256674137,1,6
2023-06-21,141.9600067138672,142.19000244140625,139.85000610351562,141.50999450683594,964800,0.0015521462690626375,0.0,0.013837207075687488,0.05934231883638175,2,6
2023-06-22,142.7100067138672,142.92999267578125,140.86000061035156,141.92999267578125,911700,0.0052831781102384845,1.0,0.013839921874844443,0.057745321602753696,3,6
2023-06-23,140.86000061035156,142.0399932861328,140.4600067138672,141.75,1704200,-0.012963394411611762,-1.0,0.013848668383300365,0.05915096404762643,4,6
2023-06-26,138.3000030517578,140.92999267578125,138.24000549316406,140.86000061035156,683600,-0.018174056137307826,-2.0,0.012395370247739191,0.07641754511201615,0,6
2023-06-27,139.77000427246094,140.30999755859375,138.44000244140625,138.49000549316406,703400,0.01062907583706263,1.0,0.013192262495704541,0.060989617000315466,1,6
2023-06-28,140.63999938964844,140.69000244140625,138.66000366210938,139.77999877929688,625200,0.006224476572896043,1.0,0.013296901560361648,0.06751708616199181,2,6
2023-06-29,142.6300048828125,143.75,141.0,141.0,697100,0.014149640939990826,1.0,0.013300250595426218,0.07334198809341652,3,6
2023-06-30,142.3000030517578,143.7100067138672,142.0,143.60000610351562,553500,-0.0023136915077989206,-0.0,0.013355318664020902,0.07491146475632626,4,6
2023-07-03,140.33999633789062,142.24000549316406,137.67999267578125,142.0,676100,-0.0137737643839283,-1.0,0.013234288726286412,0.05877983269372811,0,7
2023-07-05,138.25,140.0,135.75,139.13999938964844,1106800,-0.014892378455380828,-1.0,0.013704696965823998,0.03901672264681166,2,7
2023-07-06,137.52000427246094,138.0,136.19000244140625,137.13999938964844,587000,-0.005280258427045714,-1.0,0.013427518881554386,0.00232007062431272,3,7
2023-07-07,137.25,138.6199951171875,137.13999938964844,137.36000061035156,485600,-0.0019633817922662944,-0.0,0.01329130023707613,-0.012636376523989079,4,7
2023-07-10,139.10000610351562,139.83999633789062,136.08999633789062,136.47000122070312,436100,0.013479097293374265,1.0,0.012957466264314297,-0.026664737630733404,0,7
2023-07-11,140.89999389648438,141.25,139.2100067138672,139.33999633789062,567700,0.012940242372306177,1.0,0.010618211344244288,0.02317035105541554,1,7
2023-07-12,143.1999969482422,143.4600067138672,141.0800018310547,142.5500030517578,688600,0.01632365614896747,2.0,0.010721383507750842,0.025249228011598568,2,7
2023-07-13,145.47000122070312,146.02999877929688,143.67999267578125,144.0,546800,0.015851985480707764,2.0,0.011121118588632663,0.03341263895000335,3,7
2023-07-14,144.6699981689453,145.8300018310547,143.9199981689453,145.8300018310547,527400,-0.005499436619540998,-1.0,0.01118597240783399,0.03449015980603476,4,7
2023-07-17,146.5500030517578,146.83999633789062,145.0,145.00999450683594,534300,0.012995126194838447,1.0,0.011292254490840299,0.026246697284548315,0,7
2023-07-18,146.77999877929688,146.8800048828125,145.13999938964844,145.97000122070312,348200,0.001569401042303964,0.0,0.01157527795080172,0.03656810008763722,1,7
2023-07-19,146.63999938964844,147.8300018310547,145.77999877929688,147.0,411600,-0.0009538042704234639,-0.0,0.01113188437695097,0.022216049326303056,2,7
2023-07-20,143.60000610351562,146.47000122070312,143.35000610351562,145.7100067138672,557800,-0.020730996309233585,-2.0,0.011101839442250272,0.024380060370018386,3,7
2023-07-21,145.52999877929688,145.88999938964844,143.1999969482422,143.92999267578125,558400,0.013440059845053254,1.0,0.011870951347666848,0.013122622677203655,4,7
2023-07-24,143.08999633789062,145.16000366210938,142.4600067138672,144.9499969482422,490200,-0.0167663193971892,-2.0,0.012193282679971553,0.025147871911737285,0,7
2023-07-25,144.24000549316406,144.63999938964844,141.80999755859375,142.3800048828125,795800,0.008036964041552075,1.0,0.012764958427083355,0.002662669792913075,1,7
2023-07-26,144.19000244140625,144.24000549316406,142.80999755859375,144.0,915000,-0.00034666562571772364,-0.0,0.012501685977891357,0.023995491041933992,2,7
2023-07-27,145.2899932861328,152.08999633789062,144.9499969482422,149.97000122070312,1538200,0.0076287594569779404,1.0,0.011699554463433222,0.04258857020736406,3,7
2023-07-28,146.6300048828125,147.1199951171875,141.57000732421875,146.49000549316406,1456300,0.009223013687120751,1.0,0.011607550496413342,0.03949337372066952,4,7
2023-07-31,145.80999755859375,146.58999633789062,144.0800018310547,146.33999633789062,803000,-0.005592356931816922,-1.0,0.011681479764914193,0.04259105175739175,0,7
2023-08-01,146.50999450683594,147.61000061035156,143.47999572753906,144.82000732421875,945400,0.0048007472735942525,0.0,0.011451442670312175,0.022295397650683668,1,8
2023-08-02,143.75,144.39999389648438,141.5500030517578,143.0,3298100,-0.018838267765460603,-2.0,0.011450232038341994,0.029585322310547335,2,8
2023-08-03,143.44000244140625,144.94000244140625,142.9199981689453,142.9600067138672,1431700,-0.0021565047554348293,-0.0,0.01183385996928444,0.02429815983391692,3,8
2023-08-04,141.22000122070312,144.47999572753906,140.72000122070312,143.8000030517578,1527100,-0.015476862680687486,-2.0,0.011280756288951676,0.037540704820298476,4,8
2023-08-07,142.89999389648438,143.39999389648438,141.2899932861328,142.1999969482422,811700,0.011896279997588355,1.0,0.011808617222851953,0.026905154401476006,0,8
2023-08-08,142.83999633789062,142.92999267578125,141.39999389648438,141.89999389648438,753400,-0.0004198569710032185,-0.0,0.012000991809818925,0.04116571144979497,1,8
2023-08-09,142.67999267578125,143.64999389648438,141.3800048828125,143.19000244140625,968300,-0.0011201600826905578,-0.0,0.011715652379343638,0.02688706017447462,2,8
2023-08-10,142.50999450683594,144.83999633789062,141.7100067138672,143.41000366210938,910800,-0.0011914646598812917,-0.0,0.011416906872597086,0.01263306498511696,3,8
2023-08-11,143.25999450683594,144.08999633789062,141.9600067138672,142.10000610351562,591200,0.005262788779098804,1.0,0.010840646765158798,-0.004818452905803072,4,8
2023-08-14,145.7899932861328,146.05999755859375,142.82000732421875,143.25999450683594,732000,0.017660190397230213,2.0,0.010290245389830812,-0.01519218186101634,0,8
2023-08-15,145.00999450683594,146.4499969482422,144.60000610351562,145.0,525400,-0.00535015306411335,-1.0,0.010966512805750003,0.007741723448973614,1,8
2023-08-16,144.32000732421875,146.17999267578125,144.30999755859375,144.72000122070312,508900,-0.004758204322148685,-0.0,0.010640953001572293,-0.010508417010254067,2,8
2023-08-17,141.17999267578125,144.86000061035156,140.92999267578125,144.72000122070312,685000,-0.021757306603951143,-2.0,0.010670493429130675,-0.016759718459849915,3,8
2023-08-18,139.92999267578125,140.6300048828125,139.02999877929688,139.82000732421875,785400,-0.00885394577736387,-1.0,0.011614300619551765,-0.037234088492860584,4,8
2023-08-21,140.97000122070312,141.5,140.1699981689453,140.39999389648438,596900,0.007432349027070906,1.0,0.010911212049475332,-0.025557195485693796,0,8
2023-08-22,141.52000427246094,142.91000366210938,141.25999450683594,141.5800018310547,1066800,0.003901560949103766,0.0,0.010582665816509448,-0.03133372910632126,1,8
2023-08-23,142.86000061035156,143.36000061035156,141.5800018310547,141.5800018310547,588300,0.009468600179737052,1.0,0.01003501699912452,-0.010972060281015938,2,8
2023-08-24,140.24000549316406,144.7100067138672,140.2100067138672,144.07000732421875,489300,-0.018339598949978275,-2.0,0.010100399470505705,-0.009567421174827229,3,8
2023-08-25,144.85000610351562,145.4199981689453,140.5800018310547,140.5800018310547,690500,0.03287222211764873,3.0,0.010831551280250843,-0.02739438852459497,4,8
2023-08-28,145.49000549316406,146.41000366210938,144.60000610351562,144.8300018310547,507100,0.00441835942479063,0.0,0.013042993608645541,-0.0030283378274419404,0,8
2023-08-29,146.58999633789062,146.75,144.41000366210938,145.14999389648438,471600,0.007560593877207866,1.0,0.01291344363793502,-0.007774666519035689,1,8
2023-08-30,146.42999267578125,147.8800048828125,146.11000061035156,146.72000122070312,629300,-0.001091504646337338,-0.0,0.012962414674977652,0.0053494190546394815,2,8
2023-08-31,147.1699981689453,147.67999267578125,146.6300048828125,146.6300048828125,460600,0.005053646999781947,1.0,0.012924607093243544,-0.0005460503314055343,3,8
2023-09-01,146.75,148.14999389648438,145.9199981689453,148.14999389648438,570300,-0.0028538300888144574,-0.0,0.012210323202447228,0.023791291610054444,4,9
2023-09-05,146.11000061035156,147.5,145.80999755859375,146.72000122070312,642800,-0.004361154273583856,-0.0,0.01222082559220705,0.023075833116677824,1,9
2023-09-06,146.0,146.60000610351562,144.07000732421875,145.5,503500,-0.0007528616103761321,-0.0,0.011693662296243166,0.03462681877481488,2,9
2023-09-07,144.88999938964844,145.82000732421875,144.36000061035156,145.1699981689453,559400,-0.007602743906517606,-1.0,0.01146503839007261,0.02169353559077991,3,9
2023-09-08,143.63999938964844,145.5,143.3300018310547,144.88999938964844,387300,-0.00862723449006586,-1.0,0.01161829230020009,0.01435174393948091,4,9
2023-09-11,143.27999877929688,144.33999633789062,142.57000732421875,144.11000061035156,617900,-0.0025062699239853936,-0.0,0.011792660018043495,0.006728390546309138,0,9
2023-09-12,140.1199951171875,142.9499969482422,140.0399932861328,142.08999633789062,653400,-0.022054743781628083,-2.0,0.011804933613000813,0.0054031597932873154,1,9
2023-09-13,138.67999267578125,140.1699981689453,137.60000610351562,139.72000122070312,769300,-0.010276923291368423,-1.0,0.01270420393915884,-0.021918187282204626,2,9
2023-09-14,140.8000030517578,141.0800018310547,138.4199981689453,138.9499969482422,707200,0.015287067262347742,2.0,0.012103402918971001,-0.04876878344041913,3,9
2023-09-15,141.4499969482422,142.0800018310547,140.19000244140625,140.7100067138672,3603400,0.004616433823836141,0.0,0.012668701852737349,-0.029032422691938398,4,9
2023-09-18,143.27000427246094,144.07000732421875,141.10000610351562,141.10000610351562,1083600,0.012866789420184377,1.0,0.012706817146809822,-0.019886434522754737,0,9
2023-09-19,142.6999969482422,143.11000061035156,141.94000244140625,143.11000061035156,552000,-0.003978553131992357,-0.0,0.012093897938770044,0.014803879480850934,1,9
2023-09-20,142.88999938964844,144.99000549316406,142.30999755859375,142.77000427246094,504800,0.0013314817482104058,0.0,0.01194581520070606,0.019795643660748707,2,9
2023-09-21,141.7899932861328,142.75,140.97000122070312,142.5800018310547,886400,-0.007698272154904262,-1.0,0.011855444078376553,0.013619906024824102,3,9
2023-09-22,140.64999389648438,143.1999969482422,140.6199951171875,142.4199981689453,669100,-0.00804005531862828,-1.0,0.01196904382841159,0.00190777985811863,4,9
2023-09-25,140.8699951171875,141.4499969482422,139.91000366210938,139.91000366210938,566000,0.0015641751173132157,0.0,0.011897701027306957,-0.015469737536225714,0,9
2023-09-26,138.1999969482422,140.9499969482422,138.02999877929688,139.82000732421875,645500,-0.018953632863578762,-2.0,0.011192008194675638,0.0044922247529015635,1,9
2023-09-27,138.47000122070312,139.1199951171875,136.0,138.8300018310547,684100,0.001953721262107244,0.0,0.00917671696759676,-0.04590962288618117,2,9
2023-09-28,141.1999969482422,141.41000366210938,137.64999389648438,138.3000030517578,700500,0.01971543080430682,2.0,0.009103372448897777,-0.04825076642663795,3,9
2023-09-29,141.67999267578125,143.25999450683594,141.1199951171875,142.52999877929688,844300,0.0033994032430113563,0.0,0.010094914305169518,-0.036769217029137935,4,9
2023-10-02,140.83999633789062,141.97999572753906,140.10000610351562,141.3800048828125,633300,-0.005928828213683346,-1.0,0.010156580152107483,-0.032438709537582544,0,10
2023-10-03,137.83999633789062,141.42999267578125,137.24000549316406,140.25,604400,-0.021300767381466468,-2.0,0.010083664363643196,-0.04301149629551604,1,10
2023-10-04,139.6300048828125,139.8000030517578,137.75,138.6999969482422,604500,0.012986133143343848,1.0,0.010926138048654353,-0.060715527510115,2,10
2023-10-05,139.82000732421875,140.14999389648438,137.69000244140625,139.36000061035156,452800,0.0013607565334234906,0.0,0.011454810281707802,-0.044350117722742444,3,10
2023-10-06,140.33999633789062,141.75,138.50999450683594,138.66000366210938,638900,0.0037189886027262364,0.0,0.011476460286076826,-0.04232871695740581,4,10
2023-10-09,139.94000244140625,140.35000610351562,139.0500030517578,139.14999389648438,546300,-0.002850177475573923,-0.0,0.011465759412734757,-0.031403154606424066,0,10
2023-10-10,142.33999633789062,142.74000549316406,139.88999938964844,140.22999572753906,684800,0.017150163317234846,2.0,0.011353841951024488,-0.025758820411891703,1,10
2023-10-11,143.52000427246094,143.61000061035156,141.36000061035156,142.6300048828125,375100,0.00829006579267566,1.0,0.01202922751237889,-0.0065605977764851,2,10
2023-10-12,144.13999938964844,145.1199951171875,142.75,143.72999572753906,617200,0.004319921256485504,0.0,0.011061965159294758,0.024264981970844923,3,10
2023-10-13,142.86000061035156,144.1699981689453,142.44000244140625,144.00999450683594,735100,-0.008880246876071474,-1.0,0.010759160948580575,0.03937126479831954,4,10
2023-10-16,144.4199981689453,145.57000732421875,143.35000610351562,143.8000030517578,420700,0.010919764468212634,1.0,0.010545549102312778,0.014630664161537688,0,10
2023-10-17,146.1699981689453,146.75999450683594,143.16000366210938,143.8300018310547,684900,0.012117435411907573,1.0,0.010748998076260907,0.020996827746768254,1,10
2023-10-18,145.13999938964844,146.7899932861328,143.8000030517578,145.11000061035156,943700,-0.007046581324482104,-1.0,0.010708960416743976,0.0202414588539368,2,10
2023-10-19,141.32000732421875,145.52999877929688,141.25,145.19000244140625,526200,-0.026319361178818723,-3.0,0.010800943131053906,0.017098826163894465,3,10
2023-10-20,137.75,141.9199981689453,136.94000244140625,141.9199981689453,636200,-0.02526186767050176,-3.0,0.012319651300909347,-0.010987417398949373,4,10
2023-10-23,136.10000610351562,137.63999938964844,135.5399932861328,137.22000122070312,576900,-0.011978177106964583,-1.0,0.013386107719477267,-0.028492795524576175,0,10
2023-10-24,139.66000366210938,139.69000244140625,136.8000030517578,136.8000030517578,616300,0.026157218214127642,3.0,0.013512391778811654,-0.032349719092895635,1,10
2023-10-25,137.97000122070312,140.1999969482422,137.27999877929688,139.63999938964844,989600,-0.012100833431846425,-1.0,0.014794104745283537,-0.008589419301616052,2,10
2023-10-26,135.85000610351562,139.1300048828125,134.61000061035156,138.24000549316406,715500,-0.015365623674933881,-2.0,0.014433401165584833,-0.0016642238250207386,3,10
2023-10-27,136.05999755859375,137.49000549316406,135.02999877929688,136.1999969482422,533000,0.001545759629323129,0.0,0.01480736183717746,-0.01892103050545635,4,10
2023-10-30,139.39999389648438,140.07000732421875,136.72000122070312,138.8000030517578,950500,0.024547967057343634,2.0,0.014060387620460463,-0.036402262753111425,0,10
2023-10-31,140.4199981689453,140.88999938964844,138.35000610351562,139.33999633789062,654300,0.007317104140035946,1.0,0.015156299737130015,-0.016092595265122522,1,10
2023-11-01,138.88999938964844,141.49000549316406,137.22999572753906,141.25,1058500,-0.010895875226091811,-1.0,0.01520174434446442,-0.0029820944324486787,2,11
2023-11-02,146.32000732421875,147.17999267578125,135.16000366210938,137.22000122070312,1614800,0.053495629398959244,5.0,0.014632786770985878,0.0076175499104331745,3,11
2023-11-03,147.50999450683594,148.5500030517578,144.16000366210938,146.05999755859375,797100,0.008132771480665602,1.0,0.018520015300065158,0.04791235556441453,4,11
2023-11-06,148.66000366210938,148.72999572753906,146.6300048828125,147.60000610351562,573500,0.007796143977350178,1.0,0.018560067404514054,0.054999190243105955,0,11
2023-11-07,149.25,150.52999877929688,147.9499969482422,149.0,871700,0.0039687631061251505,0.0,0.018592392076262978,0.0592846482921876,1,11
2023-11-08,149.6300048828125,151.0399932861328,148.6999969482422,150.05999755859375,834800,0.0025460963672530035,0.0,0.01854626676453038,0.06652849361276747,2,11
2023-11-09,148.75,151.4499969482422,148.69000244140625,150.00999450683594,542400,-0.005881206002109729,-1.0,0.01827010170785614,0.051215461096518755,3,11
2023-11-10,151.61000061035156,151.66000366210938,148.00999450683594,149.3000030517578,503100,0.01922689485950624,2.0,0.018308709541259016,0.03644088330439521,4,11
2023-11-13,152.13999938964844,153.19000244140625,151.5,151.8000030517578,825800,0.0034958035562508982,0.0,0.018693644274915683,0.05182462364599938,0,11
2023-11-14,154.8300018310547,155.6699981689453,152.3699951171875,153.9600067138672,969300,0.017681099330865813,2.0,0.018508670178585037,0.06495869200370463,1,11
2023-11-15,154.67999267578125,155.83999633789062,153.64999389648438,155.24000549316406,502700,-0.00096886361492865,-0.0,0.018708088684818942,0.07208145543618927,2,11
2023-11-16,152.8300018310547,155.0,151.72999572753906,154.25,657800,-0.011960117224754874,-1.0,0.018623919441539606,0.05821984410918568,3,11
2023-11-17,153.94000244140625,154.35000610351562,152.5399932861328,153.47999572753906,529400,0.007262975836240582,1.0,0.01878479271567181,0.05298334348728617,4,11
2023-11-20,155.5399932861328,156.07000732421875,153.1999969482422,154.0500030517578,769000,0.010393600229644973,1.0,0.0175886700437341,0.08930083826159518,0,11
2023-11-21,156.0399932861328,156.89999389648438,154.8300018310547,156.24000549316406,627600,0.0032146073137613307,0.0,0.01627135421210407,0.12914695670513843,1,11
2023-11-22,154.35000610351562,156.00999450683594,152.67999267578125,155.55999755859375,853500,-0.010830474591973616,-1.0,0.015765439670562112,0.1465098184305087,2,11
2023-11-24,154.9199981689453,155.07000732421875,153.11000061035156,154.1999969482422,301900,0.0036928541813430193,0.0,0.015541442775125602,0.10518403305320656,4,11
2023-11-27,154.75,155.77999877929688,154.5399932861328,154.58999633789062,510900,-0.0010973287564844947,-0.0,0.015052736352529128,0.12285277087972335,0,11
2023-11-28,154.4499969482422,155.75999450683594,153.44000244140625,153.80999755859375,597800,-0.0019386303829260765,-0.0,0.014363479826508678,0.13912398268192105,1,11
2023-11-29,155.49000549316406,156.97999572753906,154.39999389648438,155.97000122070312,730600,0.0067336261927566365,1.0,0.014441282213107474,0.13516095634007974,2,11
2023-11-30,157.36000061035156,157.91000366210938,154.72999572753906,156.02000427246094,2157300,0.012026465053213364,1.0,0.013816368269601819,0.1154233307113901,3,11
2023-12-01,159.41000366210938,159.75999450683594,156.11000061035156,157.02999877929688,918100,0.013027472317021394,1.0,0.013888705539212634,0.12063810470233038,4,12
2023-12-04,159.89999389648438,160.27999877929688,157.72000122070312,158.32000732421875,696500,0.0030737734340287037,0.0,0.01344833078849274,0.1477428494681836,0,12
2023-12-05,160.74000549316406,160.82000732421875,158.47999572753906,158.9499969482422,711000,0.005253356027164591,1.0,0.008112125289390863,0.09281018242553007,1,12
2023-12-06,159.85000610351562,161.8300018310547,159.6699981689453,161.30999755859375,652300,-0.0055368878887234185,-1.0,0.008067721193823247,0.08968891247375788,2,12
2023-12-07,163.24000549316406,163.36000061035156,160.1199951171875,160.52000427246094,1061500,0.021207377292517204,2.0,0.008286400814137182,0.07527244830990387,3,12
2023-12-08,166.61000061035156,166.80999755859375,162.7899932861328,162.8800048828125,920400,0.020644419283167847,2.0,0.009145107819891505,0.09373538018870398,4,12
2023-12-11,168.5800018310547,169.60000610351562,166.66000366210938,166.77999877929688,930900,0.011824027450251018,1.0,0.00979941414891867,0.11347988487227201,0,12
2023-12-12,169.3699951171875,170.11000061035156,167.77999877929688,168.5800018310547,776900,0.0046861625195881995,0.0,0.00955912019226293,0.13331093667935923,1,12
2023-12-13,169.82000732421875,170.08999633789062,168.13999938964844,169.9600067138672,1098800,0.002656977150645057,0.0,0.009068717584359043,0.11714263198560615,2,12
2023-12-14,171.24000549316406,171.3800048828125,167.66000366210938,171.1999969482422,1126600,0.008361783698632497,1.0,0.009079032082983772,0.11620880771328079,3,12
2023-12-15,171.07000732421875,171.9199981689453,170.2100067138672,170.39999389648438,1737900,-0.000992747976477415,-0.0,0.008661116180863737,0.10598723417968703,4,12
2023-12-18,171.83999633789062,172.0399932861328,170.57000732421875,171.4199981689453,813500,0.004501017014704178,0.0,0.00866191922602033,0.10596079276259074,0,12
2023-12-19,171.97999572753906,172.86000061035156,171.47999572753906,172.57000732421875,703100,0.0008147078249067796,0.0,0.007763521617537902,0.12438653588351367,1,12
2023-12-20,169.1699981689453,172.4499969482422,169.14999389648438,171.94000244140625,593300,-0.016339095408779536,-2.0,0.007822868746212151,0.11718846953376727,2,12
2023-12-21,171.19000244140625,171.3699951171875,169.77000427246094,170.83999633789062,453700,0.011940676800407779,1.0,0.009036814664924418,0.08763022676578514,3,12
2023-12-22,173.97000122070312,174.05999755859375,171.89999389648438,172.10000610351562,799400,0.016239258949998447,2.0,0.009195854129930622,0.09709055246812692,4,12
2023-12-26,175.30999755859375,175.72999572753906,174.08999633789062,174.6199951171875,416500,0.007702456334357732,1.0,0.008835172507262222,0.12711366596272922,1,12
2023-12-27,175.72000122070312,176.0500030517578,174.86000061035156,174.86000061035156,291700,0.0023387351994705874,0.0,0.008831786226793746,0.13161631571549903,2,12
2023-12-28,175.9199981689453,176.0399932861328,173.25,173.3800048828125,350800,0.0011381569932440438,0.0,0.008726041095069945,0.13550889318709602,3,12
2023-12-29,174.9600067138672,176.25,174.3699951171875,175.9199981689453,398000,-0.005456977404900809,-1.0,0.008609264695150802,0.13900939880172314,4,12
2024-01-02,168.6300048828125,174.13999938964844,166.9499969482422,173.99000549316406,1258900,-0.03617970729394682,-4.0,0.008978283625986416,0.12521705918621961,1,1
2024-01-03,166.4600067138672,168.9199981689453,166.08999633789062,168.75,891200,-0.012868398897653677,-1.0,0.01267421563259284,0.07161924395493147,2,1
2024-01-04,167.72000122070312,170.75,167.58999633789062,169.83999633789062,1174500,0.007569352733487467,1.0,0.012945140632841343,0.044225599961099205,3,1
2024-01-05,165.85000610351562,167.85000610351562,165.74000549316406,166.75999450683594,938800,-0.011149505745154165,-1.0,0.012998360076331797,0.048905613650499946,4,1
2024-01-08,169.64999389648438,169.75,166.17999267578125,167.00999450683594,878800,0.022912195677562863,2.0,0.013304856208765327,0.03179047179122363,0,1
2024-01-09,167.6199951171875,170.10000610351562,167.2899932861328,168.60000610351562,721900,-0.011965805200886304,-1.0,0.013975814590813197,0.06130739705209942,1,1
2024-01-10,169.10000610351562,169.82000732421875,167.72000122070312,167.92999267578125,561800,0.008829561087228432,1.0,0.013678365116344274,0.02683159444151606,2,1
2024-01-11,172.07000732421875,172.13999938964844,169.67999267578125,169.69000244140625,792500,0.017563578435857874,2.0,0.013074797582281002,0.014945114243096302,3,1
2024-01-12,172.1699981689453,173.07000732421875,171.38999938964844,172.83999633789062,672700,0.0005811055992934744,0.0,0.01337358585269773,0.020702369529344455,4,1
2024-01-16,171.58999633789062,172.33999633789062,170.60000610351562,171.55999755859375,974800,-0.0033687741024748252,-0.0,0.013347940616756097,0.016531871833735945,1,1
2024-01-17,171.74000549316406,171.9499969482422,169.88999938964844,170.7899932861328,775500,0.000874230191007408,0.0,0.013372272719982292,0.010422735468928801,2,1
2024-01-18,173.19000244140625,173.3300018310547,171.22000122070312,172.3300018310547,638200,0.008442977185650014,1.0,0.013253694335948071,0.0029198784393869026,3,1
2024-01-19,174.6999969482422,175.4199981689453,173.4199981689453,174.49000549316406,691500,0.008718716355159195,1.0,0.013369849799293773,0.012392558756191496,4,1
2024-01-22,177.0800018310547,178.8000030517578,176.02999877929688,176.99000549316406,712600,0.013623382509374782,1.0,0.01346160417597955,0.01664339310580476,0,1
2024-01-23,178.82000732421875,179.1699981689453,177.3300018310547,177.9199981689453,605700,0.009826098233408187,1.0,0.013745993398172816,0.029654647227665754,1,1
2024-01-24,178.7100067138672,182.6699981689453,178.60000610351562,179.77999877929688,1026100,-0.0006151471079638426,-0.0,0.013225767070460234,0.05704326570741136,2,1
2024-01-25,180.02999877929688,181.1499938964844,178.77000427246094,180.52999877929688,611300,0.007386223579204154,1.0,0.013071423616922078,0.04392782385194982,3,1
2024-01-26,180.6499938964844,181.32000732421875,179.3699951171875,180.02999877929688,774000,0.003443843367169075,0.0,0.012732023200474922,0.03483357772071205,4,1
2024-01-29,184.8500061035156,184.97000122070312,181.7100067138672,182.1000061035156,1094600,0.02324944560716613,2.0,0.012665540466741896,0.030460306954860794,0,1
2024-01-30,184.0500030517578,185.0800018310547,182.9900054931641,184.0500030517578,723800,-0.0043278497448887565,-0.0,0.013526908282603299,0.0519576873400156,1,1
2024-01-31,180.6499938964844,183.8300018310547,180.0399932861328,182.92999267578125,1713000,-0.018473290404223852,-2.0,0.013606828326993423,0.04621421650428181,2,1
2024-02-01,179.39999389648438,182.7899932861328,176.80999755859375,177.74000549316406,2204700,-0.006919457748314706,-1.0,0.014256059817968307,0.03252164474320529,3,2
2024-02-02,178.72999572753906,180.2700042724609,177.4499969482422,179.25,1001700,-0.003734661046487564,-0.0,0.011549662580495852,0.06386757221027395,4,2
2024-02-05,177.2100067138672,178.58999633789062,176.07000732421875,178.07000732421875,869400,-0.008504386784571882,-1.0,0.011084182072351793,0.07371133316582834,0,2
2024-02-06,177.11000061035156,178.8800048828125,176.02000427246094,178.27000427246094,805400,-0.0005643366611746137,-0.0,0.011337640561177276,0.05658243157699561,1,2
2024-02-07,180.2100067138672,181.3699951171875,177.52000427246094,178.27999877929688,1210900,0.017503280971331137,2.0,0.010919394338278958,0.06789263848328098,2,2
2024-02-08,181.5399932861328,181.6000061035156,179.05999755859375,180.72000122070312,584400,0.007380203777348271,1.0,0.010486107337288721,0.06224587796817871,3,2
2024-02-09,183.1000061035156,183.69000244140625,181.6100006103516,182.5500030517578,537800,0.008593218437129568,1.0,0.009947850489000752,0.08304497419423895,4,2
2024-02-12,178.5399932861328,183.30999755859372,177.8699951171875,182.9499969482422,1036500,-0.024904492984040516,-2.0,0.009942070903360911,0.08279124479409994,0,2
2024-02-13,177.80999755859375,177.8800048828125,172.72000122070312,175.0,1114700,-0.004088695838411649,-0.0,0.011245170840465463,0.03760089316276449,1,2
2024-02-14,180.75,180.8500061035156,178.38999938964844,178.5500030517578,868000,0.01653451707875675,2.0,0.011316829149668424,0.03275831706819243,2,2
2024-02-15,181.9900054931641,182.52999877929688,180.3800048828125,181.9600067138672,963000,0.006860334678639557,1.0,0.01170686208992647,0.053383086762655685,3,2
2024-02-16,178.19000244140625,181.8000030517578,177.94000244140625,181.47000122070312,1554100,-0.020880284285175077,-2.0,0.011736987177676756,0.05968324020117732,4,2
2024-02-20,176.88999938964844,178.1999969482422,174.85000610351562,177.52999877929688,1143800,-0.007295600392537627,-1.0,0.012737471887872474,0.028870026730853704,1,2
2024-02-21,176.6199951171875,176.6199951171875,173.33999633789062,174.8800048828125,795800,-0.0015263964802565422,-0.0,0.012758877573756109,0.01253578980917247,2,2
2024-02-22,179.3800048828125,180.8000030517578,178.16000366210938,178.6199951171875,932200,0.015626825059041227,2.0,0.012413533128111578,-0.002597733844085126,3,2
2024-02-23,180.94000244140625,181.7400054931641,178.8699951171875,180.55999755859372,811700,0.008696607849982385,1.0,0.012705399290407893,0.0031316269749301906,4,2
2024-02-26,181.6699981689453,182.57000732421875,180.5,180.72000122070312,598000,0.004034462903113267,0.0,0.012836394553207606,0.012478292450122996,0,2
2024-02-27,182.3600006103516,182.4499969482422,180.67999267578125,181.8000030517578,532800,0.003798108924758292,0.0,0.012769363168200825,0.009109589517128036,1,2
2024-02-28,184.2899932861328,185.47000122070312,181.8000030517578,182.0500030517578,1195400,0.010583421086431288,1.0,0.012773666638680342,0.009465855364750642,2,2
2024-02-29,183.00999450683597,184.6000061035156,181.1999969482422,184.5,1959700,-0.006945568538328062,-1.0,0.011917429306920562,-0.0030295526042297682,3,2
2024-03-01,187.75999450683597,188.75,182.9499969482422,183.00999450683597,1290800,0.025954866633377094,3.0,0.011977657857200742,-0.0056506847469564025,4,3
2024-03-04,187.22000122070312,188.7100067138672,186.1300048828125,187.0,616900,-0.002875976256556556,-0.0,0.012501134132511338,0.03935787905105448,0,3
2024-03-05,179.19000244140625,185.8000030517578,177.47999572753906,185.6699981689453,812200,-0.04289071000395284,-4.0,0.012388905039704667,0.04358978589893914,1,3
2024-03-06,182.8600006103516,183.8500061035156,180.4900054931641,181.0,822200,0.020481043132668075,2.0,0.01579137919072336,0.0025737521673108166,2,3
2024-03-07,186.2899932861328,187.2700042724609,183.2700042724609,184.47999572753903,755700,0.01875747929745475,2.0,0.016248761347438443,0.0318830409256019,3,3
2024-03-08,185.42999267578125,187.3500061035156,184.2100067138672,186.3300018310547,599200,-0.004616461653045634,-0.0,0.016660564426225884,0.05183215314858236,4,3
2024-03-11,186.3500061035156,186.4499969482422,183.94000244140625,185.42999267578125,585500,0.0049615135850378245,0.0,0.01636402066378088,0.028966127115250817,0,3
2024-03-12,187.88999938964844,188.6999969482422,186.4600067138672,186.97999572753903,602800,0.00826398301955189,1.0,0.01632896010205128,0.026495609756917338,1,3
2024-03-13,185.75,188.6999969482422,185.3600006103516,188.1199951171875,428900,-0.011389639664698081,-1.0,0.016321838869777755,0.026160530455825448,2,3
2024-03-14,184.50999450683597,187.32000732421875,183.1999969482422,186.3800048828125,580700,-0.006675668873023066,-1.0,0.015479212598622609,0.04038314654976061,3,3
2024-03-15,181.80999755859372,183.4199981689453,180.1199951171875,182.6000061035156,996600,-0.014633337101650712,-1.0,0.015540282459673408,0.037680653732838465,4,3
2024-03-18,183.66000366210935,184.13999938964844,182.38999938964844,182.5800018310547,480300,0.010175491603091835,1.0,0.015558945172177577,0.005864440158194872,0,3
2024-03-19,186.8600006103516,187.00999450683597,182.7899932861328,183.6199951171875,524000,0.017423482981789862,2.0,0.015644410357038143,0.009176318031420605,1,3
2024-03-20,189.77999877929688,189.8800048828125,185.94000244140625,187.3800048828125,708000,0.015626662524925283,2.0,0.015248517355588657,0.048655918121984776,2,3
2024-03-21,189.69000244140625,194.2400054931641,189.66000366210935,191.0,1050900,-0.0004742140292417485,-0.0,0.015341674148526144,0.07287014208900922,3,3
2024-03-22,190.27999877929688,192.3300018310547,188.5399932861328,190.0,588300,0.0031103185739738137,0.0,0.015326257584471445,0.07400072293936355,4,3
2024-03-25,188.66000366210935,189.58999633789065,187.0800018310547,189.2400054931641,867500,-0.008513743575679467,-1.0,0.015073106951142416,0.06076482104906433,0,3
2024-03-26,189.94000244140625,191.3699951171875,188.66000366210935,189.5,668000,0.006784685436503013,1.0,0.015210691888320471,0.042666083323410264,1,3
2024-03-27,189.7100067138672,191.3300018310547,188.6699981689453,191.25,594600,-0.0012108861987090158,-0.0,0.015239967794100648,0.0455221244884374,2,3
2024-03-28,188.94000244140625,189.9900054931641,188.22000122070312,189.9900054931641,551800,-0.0040588490074869865,-0.0,0.015253449554561685,0.0403049247582552,3,3
2024-04-01,188.1199951171875,190.47999572753903,187.66000366210935,189.08999633789065,501800,-0.0043400408257804335,-0.0,0.01517569713337677,0.025232021947354077,0,4
2024-04-02,186.6100006103516,186.75,183.6999969482422,186.3800048828125,532800,-0.008026762417760347,-1.0,0.01511546286470977,0.027921975650136766,1,4
2024-04-03,185.3500061035156,187.8600006103516,185.0,185.5399932861328,775900,-0.006752020270697656,-1.0,0.014145612917151223,-0.006124807893741702,2,4
2024-04-04,182.9499969482422,188.0399932861328,182.7400054931641,187.7400054931641,744300,-0.012948524824612284,-1.0,0.014207478544574777,-0.009988222972945549,3,4
2024-04-05,185.27999877929688,186.0500030517578,182.50999450683597,183.2700042724609,499500,0.012735730363055753,1.0,0.010828699286154715,0.020983282859574848,4,4
2024-04-08,186.41000366210935,187.97999572753903,183.2899932861328,185.4199981689453,614700,0.006098903768660513,1.0,0.010250051091848476,0.013234158158524467,0,4
2024-04-09,187.13999938964844,187.58999633789065,184.69000244140625,186.32000732421875,481900,0.0039160759251004595,0.0,0.009476582564319611,0.0006442126807755244,1,4
2024-04-10,181.9199981689453,187.5,181.6999969482422,185.33999633789065,627600,-0.02789356224071815,-3.0,0.009448326472001448,0.00922184534007453,2,4
2024-04-11,182.2700042724609,184.42999267578125,181.3999938964844,182.6300048828125,671700,0.0019239561732544708,0.0,0.011222674516332829,-0.02377251295666427,3,4
2024-04-12,180.05999755859375,181.52999877929688,179.19000244140625,180.2100067138672,1139600,-0.012124906249322276,-1.0,0.011042433088327778,-0.029911092317014276,4,4
2024-04-15,177.85000610351562,182.83999633789065,176.67999267578125,182.1999969482422,998200,-0.012273639259374969,-1.0,0.011076847500773639,-0.030632583802994606,0,4
2024-04-16,178.6199951171875,179.25,177.52000427246094,178.32000732421875,701500,0.004329429222643455,0.0,0.01127519035913229,-0.03609554279767535,1,4
2024-04-17,177.47999572753906,180.11000061035156,177.0500030517578,179.27999877929688,764000,-0.006382260781613636,-1.0,0.010941014239929117,-0.01754580322447974,2,4
2024-04-18,175.6999969482422,178.30999755859375,173.82000732421875,178.30999755859375,825600,-0.010029292439410864,-1.0,0.010705713234166936,-0.033649176801390124,3,4
2024-04-19,176.3699951171875,177.47000122070312,175.02000427246094,176.52999877929688,703400,0.003813307800697885,0.0,0.009917043984102075,-0.059723876836438206,4,4
2024-04-22,178.5500030517578,178.83999633789062,175.92999267578125,178.02000427246094,557000,0.012360424079627785,1.0,0.00911753183923687,-0.07066078484753513,0,4
2024-04-23,180.44000244140625,180.5,178.02999877929688,179.38999938964844,647300,0.010585266633126755,1.0,0.009735744252013265,-0.058727393359012114,1,4
2024-04-24,180.5,181.92999267578125,178.83999633789062,181.3800048828125,416100,0.00033250697063835766,0.0,0.010093939727004675,-0.05171324574846092,2,4
2024-04-25,179.8800048828125,181.5500030517578,178.14999389648438,179.0500030517578,953900,-0.003434875995498632,-0.0,0.010013661385737916,-0.04325243031757775,3,4
2024-04-26,180.9900054931641,182.88999938964844,180.3999938964844,180.3999938964844,742700,0.006170783745946151,1.0,0.009808806469896373,-0.05296408039005429,4,4
2024-04-29,180.67999267578125,181.82000732421875,179.5500030517578,180.8500061035156,708000,-0.0017128725784504306,-0.0,0.009989490264611557,-0.04596489859312036,0,4
2024-04-30,177.44000244140625,180.38999938964844,176.4199981689453,179.64999389648438,1185700,-0.017932202599703184,-2.0,0.009980664201289808,-0.04371763342274004,1,4
2024-05-01,174.9600067138672,177.91000366210938,174.14999389648438,177.19000244140625,1980500,-0.013976531184719754,-1.0,0.010558636260809494,-0.05677223555703503,2,5
2024-05-02,170.60000610351562,176.92999267578125,163.3000030517578,166.61000061035156,2101400,-0.024919984242353088,-2.0,0.010785377812889806,-0.06242963323712758,3,5
2024-05-03,175.77000427246094,177.05999755859375,171.7100067138672,172.0399932861328,1491200,0.030304794747828323,3.0,0.011783126688189084,-0.07957917191414754,4,5
2024-05-06,178.22000122070312,178.32000732421875,175.82000732421875,176.3699951171875,728300,0.013938652151617603,1.0,0.013736139340392977,-0.039245656165889486,0,5
2024-05-07,178.3800048828125,178.6300048828125,176.80999755859375,177.67999267578125,636500,0.0008977873471744946,0.0,0.013802200336378915,-0.038104477575064744,1,5
2024-05-08,178.3300018310547,178.8699951171875,176.9600067138672,177.7100067138672,496000,-0.00028031758262736517,-0.0,0.013700464793561731,-0.04307708074429417,2,5
2024-05-09,180.0,180.30999755859372,178.3300018310547,179.3800048828125,537500,0.00936465065775871,1.0,0.013640254187746292,-0.0470770417191797,3,5
2024-05-10,180.0,182.1300048828125,179.41000366210938,180.6199951171875,629900,0.0,0.0,0.012507950540363338,-0.010554079750826784,4,5
2024-05-13,179.1199951171875,181.3800048828125,178.0500030517578,180.82000732421875,653800,-0.004888916015625022,-0.0,0.012496882111065576,-0.012454074829930106,0,5
2024-05-14,180.52999877929688,180.63999938964844,177.5500030517578,178.39999389648438,523700,0.007871838435384637,1.0,0.01225845723681179,-0.005220495691167448,1,5
2024-05-15,183.8500061035156,184.4900054931641,181.66000366210935,182.3300018310547,458500,0.018390335936785407,2.0,0.012051049997977637,0.01506883656906588,2,5
2024-05-16,184.2100067138672,185.13999938964844,181.6000061035156,183.1699981689453,746000,0.0019581212858317265,0.0,0.012634523698180087,0.029280098137371757,3,5
2024-05-17,184.22000122070312,185.0,182.75,185.0,1222400,5.4256047292033927e-05,0.0,0.012506412035518912,0.03791982842201436,4,5
2024-05-20,184.0,185.9900054931641,183.38999938964844,183.9199981689453,667100,-0.0011942309154561181,-0.0,0.012217829624475688,0.04849177245558378,0,5
2024-05-21,182.6699981689453,183.94000244140625,182.16000366210935,183.6000061035156,496200,-0.007228270820949345,-1.0,0.012236252329974263,0.04326135450501556,1,5
2024-05-22,183.75999450683597,184.0,182.50999450683597,182.8699951171875,440000,0.005967024409134547,1.0,0.012160577264706138,0.023074741230854068,2,5
2024-05-23,182.6000061035156,185.0,181.8300018310547,185.0,590000,-0.006312518709164494,-1.0,0.012022526673829746,0.018399423744786425,3,5
2024-05-24,183.0,183.7700042724609,180.5200042724609,181.50999450683597,550400,0.002190547005007426,0.0,0.012126239916574022,0.011634382844961655,4,5
2024-05-28,179.55999755859375,182.97000122070312,178.66000366210938,182.7899932861328,757900,-0.01879782754866799,-2.0,0.012094259334846248,0.017344868982075656,1,5
2024-05-29,177.30999755859375,178.8800048828125,176.58999633789062,178.07000732421875,661000,-0.012530630600313897,-1.0,0.012758123894941815,-0.007901032604943237,2,5
2024-05-30,173.86000061035156,176.72000122070312,173.00999450683594,176.42999267578125,766300,-0.019457430464980385,-2.0,0.013033434352887271,-0.01865173374915252,3,5
2024-05-31,176.24000549316406,176.52000427246094,171.8300018310547,174.74000549316406,1578200,0.013689203235116132,1.0,0.013137423280216578,-0.020175844126449793,4,5
2024-06-03,174.11000061035156,178.77000427246094,172.08999633789062,177.0,733600,-0.012085819430453393,-1.0,0.013146439533506511,0.007315950675460314,0,6
2024-06-04,171.47000122070312,172.07000732421875,168.17999267578125,171.77999877929688,1287600,-0.015162824538474395,-2.0,0.012171223564252678,0.020574410206680493,1,6
2024-06-05,172.17999267578125,172.5,171.25,172.27000427246094,913900,0.004140616142903397,0.0,0.010654770333731614,-0.024463804672225975,2,6
2024-06-06,174.60000610351562,175.16000366210938,172.50999450683594,172.50999450683594,512100,0.01405513724403118,1.0,0.010165461787338808,-0.03389074460527064,3,6
2024-06-07,174.47999572753906,175.9600067138672,173.60000610351562,175.0,408100,-0.0006873446264681338,-0.0,0.010717043601527507,-0.021190709024703547,4,6
2024-06-10,175.5399932861328,176.17999267578125,173.0,173.0,577000,0.006075181021032439,1.0,0.010716112150577082,-0.0215892225872516,0,6
2024-06-11,174.5,176.02000427246094,173.07000732421875,174.66000366210938,619500,-0.0059245375749651386,-1.0,0.01058046162856939,-0.02477781507703991,1,6
2024-06-12,176.9600067138672,179.69000244140625,175.02000427246094,176.0399932861328,613800,0.0140974596783221,1.0,0.01062740909785732,-0.030555555555555558,2,6
2024-06-13,174.27000427246094,177.35000610351562,173.89999389648438,176.1199951171875,499600,-0.015201188626511541,-2.0,0.011114256314352536,-0.012058890476784323,3,6
2024-06-14,173.5,174.8800048828125,171.92999267578125,174.5800018310547,425900,-0.0044184555780297785,-0.0,0.011380596812572703,-0.034675646979253405,4,6
2024-06-17,172.67999267578125,173.69000244140625,171.83999633789062,173.5,747000,-0.00472626699837897,-0.0,0.010423828810411604,-0.05629592472076439,0,6
2024-06-18,173.02999877929688,173.72999572753906,172.16000366210938,172.61000061035156,805500,0.002026905943717461,0.0,0.010376312747213063,-0.06259168133029536,1,6
2024-06-20,176.02999877929688,176.08999633789062,172.24000549316406,172.5,636900,0.017338033989277024,2.0,0.010414411543737838,-0.06074260323123204,3,6
2024-06-21,177.2100067138672,177.6300048828125,175.07000732421875,176.8300018310547,1051500,0.0067034479506518085,1.0,0.011314915383818439,-0.04331522402556043,4,6
2024-06-24,177.60000610351562,179.1300048828125,176.82000732421875,176.9499969482422,680800,0.0022007752094843624,0.0,0.011403910202251842,-0.029889919033274204,0,6
2024-06-25,177.02999877929688,178.6999969482422,175.94000244140625,177.9499969482422,648300,-0.0032095005891301653,-0.0,0.011311799753134079,-0.03352192309241275,1,6
2024-06-26,177.60000610351562,178.24000549316406,174.52999877929688,176.5500030517578,466900,0.003219834650337372,0.0,0.011266810370809826,-0.03050387260699816,2,6
2024-06-27,181.25999450683597,181.2899932861328,175.74000549316406,177.60000610351562,876400,0.020608042103259283,2.0,0.01128549645455524,-0.02950816336876705,3,6
2024-06-28,181.6699981689453,184.47999572753903,181.25999450683597,181.8800048828125,1660100,0.002261964440773978,0.0,0.01151559619672832,0.00946757056892622,4,6
2024-07-01,181.0200042724609,181.80999755859372,178.8699951171875,180.8300018310547,653200,-0.003577882440885638,-0.0,0.011123653076141783,0.024589705433337272,0,7
2024-07-02,182.88999938964844,184.22999572753903,181.0200042724609,181.0200042724609,769200,0.010330323019841048,1.0,0.010144666521397703,0.04118258159998556,1,7
2024-07-03,183.97000122070312,184.50999450683597,182.07000732421875,182.69000244140625,408700,0.005905198942856016,1.0,0.00997577088691836,0.037732601504840035,2,7
2024-07-05,186.4600067138672,186.6199951171875,183.13999938964844,183.42999267578125,456500,0.013534845228254877,1.0,0.009482856686454565,0.056630868851799576,4,7
2024-07-08,187.32000732421875,187.77999877929688,185.38999938964844,186.4600067138672,670300,0.004612252383275228,0.0,0.008829923279118137,0.08742057144952176,0,7
2024-07-09,177.47999572753906,182.66000366210935,174.32000732421875,180.3999938964844,2132000,-0.05253048906648994,-5.0,0.008830802866575392,0.0879313235710637,1,7
2024-07-10,176.69000244140625,177.94000244140625,173.3800048828125,177.6199951171875,1519300,-0.004451168047950538,-0.0,0.014917924491693586,0.01649478535708626,2,7
2024-07-11,179.77000427246094,181.13999938964844,177.1199951171875,178.19000244140625,968300,0.01743167009166835,2.0,0.014960341688614254,0.01266624695084384,3,7
2024-07-12,182.72999572753903,183.9900054931641,178.60000610351562,179.77000427246094,976600,0.01646543574973669,2.0,0.015363857309527771,0.024097135399983483,4,7
2024-07-15,184.52999877929688,184.67999267578125,182.1000061035156,183.2100067138672,969900,0.009850616176020344,1.0,0.015615962549647075,0.04716329929821805,0,7
2024-07-16,184.0800018310547,186.4199981689453,183.1100006103516,184.97000122070312,1364400,-0.002438611343515973,-0.0,0.015482681555970608,0.04277798247188058,1,7
2024-07-17,179.77000427246094,184.0,179.6199951171875,183.00999450683597,1038900,-0.023413719663852417,-2.0,0.015012405794696952,0.05629194536115567,2,7
2024-07-18,176.0800018310547,179.77000427246094,175.4199981689453,179.77000427246094,917200,-0.020526241050835448,-2.0,0.016003607571515314,0.03613835315539449,3,7
2024-07-19,175.9199981689453,176.6999969482422,173.89999389648438,176.67999267578125,624000,-0.0009086986622302007,-0.0,0.016683531689233262,0.019689653112605843,4,7
2024-07-22,178.41000366210938,179.17999267578125,175.1999969482422,176.72000122070312,651500,0.014154192354940642,1.0,0.01668735740139374,0.016702302548904813,0,7
2024-07-23,177.77000427246094,181.19000244140625,177.22000122070312,178.47999572753906,650000,-0.0035872393728578755,-0.0,0.016544626555684887,0.01352045048751327,1,7
2024-07-24,172.32000732421875,177.1199951171875,172.02000427246094,176.7100067138672,636600,-0.030657573365916124,-3.0,0.01651254304948425,0.0031600786489329735,2,7
2024-07-25,173.8699951171875,175.99000549316406,171.08999633789062,173.8699951171875,1037500,0.008994822000282676,1.0,0.017826208507567484,-0.02972972183469058,3,7
2024-07-26,173.8000030517578,176.77999877929688,173.47999572753906,174.9499969482422,765300,-0.0004025540196427313,-0.0,0.017958681582804843,-0.01785010271648335,4,7
2024-07-29,177.22000122070312,177.42999267578125,173.07000732421875,174.27000427246094,1022800,0.019677779682931495,2.0,0.01793652094853749,-0.02139641284439453,0,7
2024-07-30,176.47000122070312,180.30999755859372,175.27000427246094,177.80999755859375,622200,-0.0042320279586612886,-0.0,0.017881880207061725,-0.022288389101658534,1,7
2024-07-31,177.85000610351562,179.86000061035156,177.6199951171875,178.5500030517578,1098500,0.007820053682022543,1.0,0.017880292255157512,-0.02862331150246622,2,7
2024-08-01,175.8699951171875,181.0399932861328,172.2100067138672,173.8300018310547,1211800,-0.011133038618934221,-1.0,0.017978091486794603,-0.017511866612123117,3,8
2024-08-02,172.0500030517578,173.4199981689453,169.3800048828125,173.08999633789062,1302000,-0.021720544558406996,-2.0,0.017930631664946885,-0.038383751412808365,4,8
2024-08-05,168.17999267578125,170.0,164.55999755859375,168.00999450683594,1835000,-0.022493521112070813,-2.0,0.018352708718993794,-0.06479316241698152,0,8
2024-08-06,169.10000610351562,172.55999755859375,168.49000549316406,169.3800048828125,1024000,0.005470409488648187,1.0,0.018411469009198753,-0.0980371842747898,1,8
2024-08-07,167.1699981689453,172.35000610351562,166.66000366210938,171.92999267578125,826400,-0.011413411383254801,-1.0,0.018434197012690938,-0.09726671208787341,2,8
2024-08-08,170.4199981689453,171.49000549316406,167.9199981689453,169.05999755859375,548000,0.019441287525262085,2.0,0.014954813280073842,-0.05809104015542854,3,8
2024-08-09,173.14999389648438,173.5,169.8000030517578,170.4199981689453,737900,0.01601922166923564,2.0,0.015707906166491,-0.035485902913721334,4,8
2024-08-12,170.19000244140625,174.0399932861328,169.77000427246094,173.5,443400,-0.017094955584276317,-2.0,0.015625141622683966,-0.036824888572307146,0,8
2024-08-13,172.08999633789062,172.97999572753906,169.41000366210938,170.77000427246094,417700,0.011163957160988502,1.0,0.015392238325601751,-0.06862580626790271,1,8
2024-08-14,172.4199981689453,172.67999267578125,169.91000366210938,171.99000549316406,642000,0.0019176119360635457,0.0,0.015450755468066988,-0.06741452622174915,2,8
2024-08-15,173.36000061035156,175.19000244140625,172.86000061035156,174.55999755859375,552900,0.005451817952608851,1.0,0.015490734069282665,-0.06334204447048364,3,8
2024-08-16,173.55999755859375,174.80999755859375,172.8000030517578,172.9499969482422,445700,0.0011536510587104587,0.0,0.014856117593424355,-0.0356566919384077,4,8
2024-08-19,176.33999633789062,176.42999267578125,173.52000427246094,173.85000610351562,567500,0.016017508748571885,2.0,0.014216240360059187,-0.014311700626166712,0,8
2024-08-20,176.1699981689453,177.16000366210938,175.69000244140625,176.4600067138672,435000,-0.0009640363642720029,-0.0,0.014669827484068441,0.0023874384567805773,1,8
2024-08-21,177.5500030517578,177.6300048828125,176.05999755859375,176.5399932861328,378000,0.007833370591791011,1.0,0.01431839495299721,-0.012555380568269103,2,8
2024-08-22,174.97000122070312,178.61000061035156,174.72999572753906,177.6999969482422,413200,-0.01453112805806367,-1.0,0.01441198931139083,-0.0012375609800061582,3,8
2024-08-23,177.30999755859375,177.49000549316406,174.77000427246094,176.22999572753906,766500,0.013373700186119386,1.0,0.013060793370397153,0.015378329757719023,4,8
2024-08-26,175.9499969482422,178.2899932861328,175.3699951171875,178.0,373600,-0.007670185714723332,-1.0,0.013231860622259324,0.019784911359131963,0,8
2024-08-27,176.05999755859375,176.35000610351562,173.3000030517578,174.9499969482422,1092300,0.0006251810870103736,0.0,0.013365212920526092,0.012370505516297925,1,8
2024-08-28,173.8800048828125,176.0800018310547,173.4499969482422,175.35000610351562,787600,-0.012382101022441194,-1.0,0.01263730717628452,-0.006545557240261735,2,8
2024-08-29,177.11000061035156,178.74000549316406,175.27999877929688,175.27999877929688,975400,0.018576004352633513,2.0,0.012888793784772404,-0.014676694735505924,3,8
2024-08-30,179.08999633789062,180.0,175.67999267578125,178.74000549316406,1490100,0.011179468808738324,1.0,0.013442954626887537,-0.004160840414778266,4,8
2024-09-03,173.6199951171875,179.14999389648438,172.83999633789062,178.36000061035156,812100,-0.03054330969097141,-3.0,0.013410076084797298,0.018308985671817046,1,9
2024-09-04,170.2100067138672,173.1199951171875,170.05999755859375,173.1199951171875,908600,-0.019640528160473014,-2.0,0.014266698693459175,0.009125208006868668,2,9
2024-09-05,168.5,170.0399932861328,167.55999755859375,169.63999938964844,1096500,-0.010046452302547637,-1.0,0.014048405191319897,0.012070484757360056,3,9
2024-09-06,164.75999450683594,169.7899932861328,164.44000244140625,168.99000549316406,1080000,-0.022195878297709526,-2.0,0.014190417590521611,-0.00354823229957979,4,9
2024-09-09,167.8000030517578,168.72000122070312,166.19000244140625,166.19000244140625,782300,0.018451132837320694,2.0,0.014803106497242332,-0.014416484348308556,0,9
2024-09-10,166.94000244140625,169.47999572753906,165.8300018310547,169.02999877929688,850600,-0.005125152531053834,-1.0,0.014737557142918885,-0.015373753933444978,1,9
2024-09-11,168.69000244140625,168.83999633789062,164.36000061035156,166.55999755859375,847400,0.010482808041255565,1.0,0.014257417266168354,-0.03586480897475919,2,9
2024-09-12,170.94000244140625,171.66000366210938,167.55999755859375,168.77999877929688,1035700,0.013338075567231877,1.0,0.014031031712354015,-0.008813678703109673,3,9
2024-09-13,172.22999572753906,172.83999633789062,170.11000061035156,170.83999633789062,807100,0.007546468162564768,1.0,0.01412774801213031,-0.006682514503785653,4,9
2024-09-16,173.75999450683594,174.02999877929688,171.4199981689453,173.16000366210938,732400,0.008883462911520201,1.0,0.014223479195686133,-0.001101974500777314,0,9
2024-09-17,175.6999969482422,176.49000549316406,173.9499969482422,174.91000366210938,705500,0.01116483944945057,1.0,0.01430817240371453,0.0023073021174211394,1,9
2024-09-18,175.1300048828125,177.3300018310547,174.6999969482422,176.05999755859375,656800,-0.0032441210889582184,-0.0,0.014506665920228494,0.012330026617602297,2,9
2024-09-19,179.1300048828125,180.6100006103516,177.97999572753906,179.72999572753906,690300,0.022840175232545556,2.0,0.014091718440347564,-0.006861696042908094,3,9
2024-09-20,175.89999389648438,178.60000610351562,174.58999633789062,178.60000610351562,1576600,-0.01803165800414741,-2.0,0.014960571883571886,0.01680199094415924,4,9
2024-09-23,177.9600067138672,178.25999450683594,176.24000549316406,176.7100067138672,475800,0.011711272819003637,1.0,0.015418969056681862,-0.00929320826197022,0,9
2024-09-24,177.7899932861328,178.77000427246094,176.42999267578125,177.9600067138672,406500,-0.0009553462650050415,-0.0,0.015273288488646414,0.01708867504317224,1,9
2024-09-25,176.1999969482422,178.38999938964844,175.58999633789062,178.1199951171875,443500,-0.008943114899226723,-1.0,0.015006790651457259,0.002707099058982587,2,9
2024-09-26,181.00999450683597,181.13999938964844,176.52000427246094,177.9499969482422,576600,0.02729851102101155,3.0,0.015042851325853373,0.0014208582229957578,3,9
2024-09-27,182.17999267578125,182.7100067138672,180.1699981689453,181.22000122070312,610800,0.0064637213659552994,1.0,0.016166801054981035,0.02811539825561349,4,9
2024-09-30,180.66000366210935,182.50999450683597,179.67999267578125,181.6100006103516,600000,-0.008343336671315926,-1.0,0.015881373125198998,0.0477339979289888,0,9
2024-10-01,175.97000122070312,180.63999938964844,175.5,180.08999633789062,701600,-0.025960380528819105,-3.0,0.015589354284230434,0.02004405758863914,1,10
2024-10-02,177.91000366210938,178.11000061035156,174.74000549316406,175.7100067138672,383600,0.011024620264524998,1.0,0.016466150478279266,-0.017421381322164864,2,10
2024-10-03,177.07000732421875,177.89999389648438,176.0,176.91000366210938,478900,-0.0047214677117648485,-0.0,0.015145683097119356,0.02470918480343398,3,10
2024-10-04,179.60000610351562,179.74000549316406,178.1300048828125,178.77999877929688,364300,0.014288127151112606,1.0,0.014449590073695298,0.04030315692239883,4,10
2024-10-07,177.2899932861328,179.32000732421875,176.39999389648438,178.77000427246094,705800,-0.012861986296656358,-1.0,0.01441238012013441,0.06587540714252604,0,10
2024-10-08,178.0,178.3800048828125,176.47999572753906,177.8800048828125,553900,0.004004776020952727,0.0,0.013719171048958138,0.07605000726542865,1,10
2024-10-09,181.58999633789065,182.0,178.35000610351562,178.38999938964844,498500,0.02016851875219472,2.0,0.013292063829262077,0.06078663148233687,2,10
2024-10-10,180.38999938964844,181.83999633789065,179.6300048828125,180.2100067138672,549100,-0.006608276735736829,-1.0,0.013669323873665765,0.08775604218423538,3,10
2024-10-11,181.0,181.7100067138672,180.25999450683597,180.97999572753903,555800,0.0033815655658047117,0.0,0.013778812222964128,0.06935797485868278,4,10
2024-10-14,185.5,186.1100006103516,181.9900054931641,181.9900054931641,681100,0.024861878453038777,2.0,0.013585675536438234,0.058851043728293195,0,10
2024-10-15,184.00999450683597,188.0800018310547,183.47999572753903,185.5,795200,-0.008032374626221195,-1.0,0.01438893077783692,0.07704816002813786,1,10
2024-10-16,184.47999572753903,186.0,183.1499938964844,184.00999450683597,609800,0.002554215720524944,0.0,0.014553215579316558,0.05898941254626244,2,10
2024-10-17,185.22000122070312,186.1100006103516,183.97000122070312,185.3999938964844,356200,0.004011304804326876,0.0,0.01442750818540138,0.04997153632212781,3,10
2024-10-18,184.3999938964844,186.9600067138672,184.17999267578125,186.22000122070312,424500,-0.004427207206643025,-0.0,0.014371762353229532,0.057614321113291345,4,10
2024-10-21,184.80999755859372,184.8800048828125,182.7700042724609,183.80999755859372,570800,0.002223447265076839,0.0,0.013682988842714256,0.02941991218679174,0,10
2024-10-22,182.92999267578125,184.5200042724609,181.6999969482422,183.9600067138672,425900,-0.010172636262366752,-1.0,0.012932854055567093,0.050653803134028674,1,10
2024-10-23,183.58999633789065,183.67999267578125,179.77999877929688,182.1199951171875,695000,0.003607957626058367,0.0,0.01302935098336307,0.02792754424821453,2,10
2024-10-24,183.6300048828125,184.8000030517578,182.4900054931641,184.72999572753903,531900,0.00021792333852554968,0.0,0.013026278754227084,0.032622775582332064,3,10
2024-10-25,187.00999450683597,187.5200042724609,184.67999267578125,184.7100067138672,802500,0.01840652145154853,2.0,0.012806727013737805,0.04216803668136748,4,10
2024-10-28,185.25,188.9900054931641,185.08999633789065,188.1300048828125,680300,-0.009411232332674269,-1.0,0.012055016161162302,0.03314734093190319,0,10
2024-10-29,189.3500061035156,190.8699951171875,185.25999450683597,185.9900054931641,652500,0.022132286658653744,2.0,0.012232733204119006,0.016851506464172106,1,10
2024-10-30,186.83999633789065,190.8000030517578,186.52999877929688,189.41000366210935,684900,-0.013255926510257088,-1.0,0.012876210852960363,0.04810141849470595,2,10
2024-10-31,185.3300018310547,187.0800018310547,184.47000122070312,186.5500030517578,683700,-0.008081751961208639,-1.0,0.011728424964321018,0.06177186475980245,3,10
2024-11-01,185.02999877929688,187.4900054931641,182.3600006103516,183.4499969482422,739700,-0.0016187506005168606,-0.0,0.01180936133095666,0.04170646965438518,4,11
2024-11-04,186.22999572753903,187.08999633789065,184.3300018310547,184.58999633789065,861400,0.006485418343830318,1.0,0.011740090916270905,0.044953922888268716,0,11
2024-11-05,189.9900054931641,190.00999450683597,186.6000061035156,186.6000061035156,900700,0.020190140427893688,2.0,0.011457168944486939,0.036915308456070495,1,11
2024-11-06,198.0399932861328,199.47999572753903,194.2899932861328,195.00999450683597,1731100,0.04237058561092755,4.0,0.011612948368370594,0.0716341174796844,2,11
2024-11-07,190.0500030517578,196.9900054931641,189.44000244140625,193.8500061035156,1677100,-0.04034533682714725,-4.0,0.01440181416460014,0.11258423194456646,3,11
2024-11-08,192.8300018310547,193.75,183.72999572753903,189.38999938964844,1598900,0.014627722886906724,1.0,0.017063201432574747,0.046588506440218946,4,11
2024-11-11,194.08999633789065,197.5800018310547,192.22999572753903,192.75999450683597,1132000,0.006534224419807222,1.0,0.017137406161689562,0.06896170787458922,0,11
2024-11-12,192.9199981689453,194.58999633789065,192.19000244140625,193.0500030517578,810600,-0.00602812195899316,-1.0,0.017151772827202337,0.07232042175630204,1,11
2024-11-13,193.4600067138672,195.1000061035156,192.1100006103516,192.44000244140625,852700,0.002799132023881601,0.0,0.016539128003733743,0.03999999012908528,2,11
2024-11-14,191.1100006103516,195.55999755859372,190.6499938964844,193.57000732421875,749700,-0.012147245022023245,-1.0,0.016378752073414934,0.05135597244246504,3,11
2024-11-15,190.00999450683597,191.75999450683597,188.7400054931641,190.58999633789065,687000,-0.005755879336520886,-1.0,0.01668826701621421,0.03593888246075472,4,11
2024-11-18,189.25999450683597,190.50999450683597,187.5,189.7400054931641,737600,-0.003947160789865789,-0.0,0.016759952323482315,0.025861101687528976,0,11
2024-11-19,189.2700042724609,189.83999633789065,186.88999938964844,187.1499938964844,754700,5.2888967111197616e-05,0.0,0.016752004052242288,0.02635575255539213,1,11
2024-11-20,188.5,189.4600067138672,186.9600067138672,189.0,588200,-0.004068284752360762,-0.0,0.016753190041863875,0.024132929888996735,2,11
2024-11-21,192.75,193.83999633789065,189.1000061035156,190.75999450683597,677700,0.022546419098143256,2.0,0.016596960307684268,0.03044884681152782,3,11
2024-11-22,197.63999938964844,197.8300018310547,191.97999572753903,192.6499938964844,932100,0.0253696466389024,3.0,0.017216749060742255,0.049893806007004216,4,11
2024-11-25,200.58999633789065,201.66000366210935,197.80999755859372,197.80999755859372,1471400,0.014926112919208645,1.0,0.017913577732665838,0.0762946911414435,0,11
2024-11-26,199.25999450683597,200.67999267578125,198.4600067138672,200.4900054931641,756000,-0.006630449450800713,-1.0,0.01778596689650663,0.07261644954787849,1,11
2024-11-27,199.00999450683597,199.4199981689453,197.02999877929688,198.38999938964844,551900,-0.0012546422106390898,-0.0,0.017695201839044862,0.07562750071166513,2,11
2024-11-29,200.05999755859372,200.4499969482422,197.52999877929688,199.4499969482422,340000,0.005276132258380972,1.0,0.017201333903338008,0.05101657297037199,4,11
2024-12-02,199.3800048828125,200.33999633789065,196.25,198.6999969482422,720700,-0.0033989437372758946,-0.0,0.016823119479642955,0.07075573474533448,0,12
2024-12-03,200.1999969482422,200.4499969482422,198.05999755859372,198.7100067138672,456100,0.004112709626582944,0.0,0.016693924053355246,0.07581073173767994,1,12
2024-12-04,201.19000244140625,202.77999877929688,199.8500061035156,200.5,542600,0.004945082458817529,0.0,0.016650819584494735,0.0819866955035764,2,12
2024-12-05,200.8600006103516,201.2899932861328,199.50999450683597,200.9600067138672,694700,-0.0016402496498342245,-0.0,0.01664221072203147,0.08033081166878309,3,12
2024-12-06,200.9199981689453,202.8000030517578,200.0,202.19000244140625,721300,0.00029870336757653604,0.0,0.016245474221720468,0.05721351020003307,4,12
2024-12-09,199.58999633789065,201.6000061035156,199.38999938964844,200.67999267578125,455300,-0.0066195592433577755,-1.0,0.013477055263110363,0.01454254181200354,0,12
2024-12-10,198.3500061035156,200.22000122070312,197.5500030517578,198.75999450683597,608200,-0.006212687294586905,-1.0,0.009854599664020159,0.05019728036276194,1,12
2024-12-11,201.88999938964844,202.75,199.5399932861328,199.67999267578125,578000,0.017847205329983185,2.0,0.009605843056290168,0.028626272986799872,2,12
2024-12-12,201.3000030517578,203.08999633789065,200.57000732421875,202.2100067138672,767900,-0.0029223653458532173,-0.0,0.010207255231703335,0.04018755834370147,3,12
2024-12-13,198.67999267578125,202.1199951171875,197.72000122070312,201.0500030517578,593400,-0.013015451248169718,-1.0,0.010108246928272975,0.043437720103407296,4,12
2024-12-16,200.07000732421875,201.7700042724609,196.6300048828125,198.8999938964844,701400,0.0069962487400823115,1.0,0.010627377982907046,0.026982248427369182,0,12
2024-12-17,196.8999938964844,199.88999938964844,196.5500030517578,199.88999938964844,775000,-0.015844520976086462,-2.0,0.010227777649173604,0.0468840284927603,1,12
2024-12-18,188.8300018310547,197.16000366210935,187.8500061035156,196.8999938964844,1093500,-0.040985232684528805,-4.0,0.01084040721660373,0.03626124724402624,2,12
2024-12-19,187.1300048828125,192.0500030517578,186.9600067138672,190.19000244140625,952700,-0.009002790508698788,-1.0,0.014281180090878845,-0.0022719681298825067,3,12
2024-12-20,187.5800018310547,188.8000030517578,185.22999572753903,185.50999450683597,2158700,0.0024047289932151994,0.0,0.014415258781336326,-0.011306595558416177,4,12
2024-12-23,185.25,186.67999267578125,184.1100006103516,186.67999267578125,705300,-0.012421376523672367,-1.0,0.014403036610533269,-0.004880626890956585,0,12
2024-12-24,187.1000061035156,187.25,184.83999633789065,186.1100006103516,312400,0.009986537670799489,1.0,0.013651620919564414,-0.03891050583657585,1,12
2024-12-26,185.91000366210935,186.75999450683597,185.32000732421875,186.6699981689453,302800,-0.006360248009547709,-1.0,0.012483670806868855,-0.05332925176423009,3,12
2024-12-27,184.5,186.19000244140625,182.5399932861328,185.02999877929688,431100,-0.007584334540017612,-1.0,0.011843075486396657,-0.07318407170741004,4,12
2024-12-30,183.66000366210935,184.3500061035156,181.44000244140625,183.1499938964844,495000,-0.004552825679624117,-0.0,0.011857322599153853,-0.07407404854831312,0,12
2024-12-31,183.8699951171875,184.6199951171875,182.7400054931641,184.6199951171875,665800,0.0011433706353642936,0.0,0.011846677875337325,-0.07713175854692744,1,12
